I,Q
4.58397150039673,-24.6033821105957
23.1662063598633,-30.4535465240479
34.3016014099121,-6.24912405014038
22.3747577667236,27.9923515319824
16.2920246124268,52.9393692016602
11.4331016540527,58.6175079345703
5.95642805099487,55.6448249816895
-10.5671224594116,39.3878746032715
-29.3961238861084,19.6290092468262
-43.5829086303711,12.0898933410645
-41.5666007995605,18.9974784851074
-24.7620468139648,32.0809097290039
-0.921094954013824,38.9924621582031
10.0948839187622,33.8245620727539
-0.202089741826057,18.7502956390381
-27.2626991271973,4.81299257278442
-50.9224395751953,5.5643572807312
-55.3963890075684,20.1035442352295
-42.1519927978516,40.7569923400879
-15.3769826889038,55.844409942627
11.2848749160767,55.5861587524414
23.4660015106201,39.2822380065918
13.1947059631348,3.74179172515869
-13.7153797149658,-30.6055297851562
-34.5508728027344,-38.7016448974609
-38.4362983703613,-27.7065448760986
-19.1077098846436,-2.53154969215393
19.2519702911377,21.7947940826416
48.6232490539551,19.8716011047363
58.4394264221191,-2.344074010849
50.1752510070801,-30.086109161377
28.2407875061035,-51.1251564025879
8.83036136627197,-55.4464912414551
1.98582398891449,-43.852222442627
9.46878147125244,-17.4310741424561
25.1010894775391,5.61508846282959
36.3838768005371,9.66481685638428
37.4930763244629,-5.33157825469971
28.0128116607666,-27.4643707275391
16.4252185821533,-42.7234001159668
15.6840839385986,-42.5350875854492
29.8754596710205,-26.1370086669922
46.8877410888672,-1.32924103736877
55.676139831543,14.6719655990601
55.2289543151855,19.9947757720947
43.4597320556641,21.2208843231201
16.8360786437988,14.7631978988647
-13.9356327056885,9.41846752166748
-30.9990634918213,10.8664989471436
-31.462532043457,19.4715976715088
-19.0168952941895,32.1078414916992
0.153446242213249,43.8653717041016
13.5074443817139,49.7762908935547
19.6757736206055,48.8472595214844
19.7553157806396,43.3945960998535
16.4780387878418,28.8574962615967
13.9500379562378,3.78229308128357
10.3264102935791,-22.5858249664307
5.4313702583313,-40.7123146057129
-0.448230028152466,-44.8994140625
-8.61094379425049,-36.8811683654785
-16.0210399627686,-16.06321144104
-18.2122936248779,9.87671852111816
-10.7458295822144,27.3203201293945
4.00442504882812,35.3003578186035
20.1578254699707,33.6404266357422
35.0533828735352,29.1478958129883
42.5833129882812,27.1892108917236
43.9027442932129,28.1011199951172
40.0342292785645,28.6585369110107
34.2433547973633,21.952205657959
30.2938365936279,3.61402416229248
27.9568614959717,-19.4102191925049
25.9332485198975,-36.092643737793
22.1054439544678,-41.5121116638184
14.519980430603,-35.415599822998
0.0883098766207695,-19.6321411132812
-18.5536327362061,-4.71278285980225
-33.5212173461914,-0.160126894712448
-39.5793151855469,-7.30445861816406
-37.8296127319336,-17.6559200286865
-31.4861240386963,-23.7745628356934
-27.5942268371582,-20.3609580993652
-31.6932239532471,-7.08253526687622
-42.4872779846191,3.52300024032593
-53.3992919921875,4.96518611907959
-57.9909858703613,-3.6923131942749
-53.1629638671875,-19.8123092651367
-31.4460391998291,-33.6834335327148
8.312819480896,-33.2500267028809
44.0793609619141,-15.4989051818848
58.9459037780762,4.94577074050903
57.7982902526855,21.440092086792
41.1440505981445,35.012882232666
6.03388166427612,39.3277473449707
-31.8999061584473,29.726188659668
-53.0264282226562,19.0448703765869
-58.8446502685547,12.1602487564087
-57.5579948425293,4.82155227661133
-49.3516502380371,-7.03660583496094
-32.7648429870605,-22.7123394012451
-15.20934009552,-35.9569435119629
-5.59275007247925,-41.4010467529297
-4.78188562393188,-34.7588081359863
-13.0930347442627,-17.4991340637207
-28.6491432189941,3.75765824317932
-41.8570022583008,17.5091552734375
-46.8935890197754,18.5546779632568
-41.3544921875,10.8602361679077
-20.1496829986572,-1.15011608600616
10.0383062362671,-6.36499166488647
30.8199367523193,-1.5206835269928
31.0754718780518,7.66249942779541
9.50823879241943,17.4030990600586
-24.9351177215576,18.7252426147461
-49.6815071105957,13.2790498733521
-55.5016098022461,9.53934574127197
-47.4933853149414,11.0687971115112
-19.4269199371338,22.6315460205078
16.2001647949219,36.6431694030762
37.1187477111816,38.394962310791
41.3820495605469,29.1915283203125
31.7815341949463,2.76641654968262
16.1089324951172,-33.0122337341309
4.02321434020996,-53.1015853881836
3.70129036903381,-55.442943572998
13.395751953125,-41.506893157959
18.5463256835938,-8.96773242950439
14.7575616836548,22.1499118804932
4.00442504882812,34.0905342102051
-4.31319618225098,24.4643402099609
-4.84159421920776,-2.57747912406921
2.64136290550232,-31.2337207794189
12.217869758606,-46.2894058227539
16.4828395843506,-46.926155090332
12.4663066864014,-37.9726219177246
-4.67854452133179,-21.9194297790527
-25.9407653808594,-7.78859710693359
-39.9849586486816,-2.97163772583008
-40.8538589477539,-9.79404544830322
-30.902193069458,-24.1714363098145
-16.1258430480957,-41.326099395752
-3.34909462928772,-54.3978385925293
3.53072476387024,-59.0223121643066
10.6721334457397,-57.3076820373535
22.0568008422852,-43.7386512756348
34.3053588867188,-12.5001268386841
39.1198120117188,25.6232242584229
32.7349891662598,49.3606262207031
20.1887226104736,58.1632232666016
-0.501257717609406,55.0552558898926
-25.1557884216309,30.5270328521729
-36.9736518859863,-11.6241264343262
-31.9788227081299,-43.1789360046387
-18.4509181976318,-55.7606925964355
-3.75577926635742,-57.2183265686035
4.27478265762329,-49.5984153747559
1.47913825511932,-37.3546600341797
-11.9339418411255,-28.4075965881348
-22.6586856842041,-28.2564468383789
-23.1008605957031,-33.4329071044922
-15.4250001907349,-39.0022773742676
-4.06872606277466,-37.5047645568848
-1.26932394504547,-27.530969619751
-10.0023984909058,-10.4752635955811
-26.3006858825684,7.72137308120728
-39.5068740844727,20.5018787384033
-40.7784957885742,25.5349159240723
-30.9790210723877,28.0869235992432
-10.0834007263184,30.0341262817383
13.2193412780762,32.0090942382812
28.0242938995361,36.5239639282227
32.1059646606445,40.3298454284668
29.9044799804688,42.3006401062012
28.0641689300537,39.2183532714844
29.5028057098389,28.9245109558105
32.2742309570312,12.4268484115601
31.1892528533936,-4.46455478668213
19.3609485626221,-15.1928472518921
-2.82361960411072,-18.4093723297119
-27.708423614502,-13.9418954849243
-42.776008605957,-4.50797891616821
-44.5156936645508,3.76538276672363
-34.0253982543945,8.76877403259277
-10.89990234375,13.5239372253418
17.3582134246826,16.3314819335938
38.1580085754395,17.9388046264648
48.650806427002,17.6993446350098
50.9844436645508,14.4627771377563
47.3539276123047,6.65288591384888
37.9596748352051,-8.45227813720703
25.4029731750488,-24.453275680542
14.5016088485718,-30.9497928619385
8.7362060546875,-24.2148609161377
11.0270433425903,-0.430693328380585
17.5047702789307,30.5142974853516
22.3820648193359,49.6061401367188
22.3507499694824,55.002857208252
11.2917642593384,53.5562858581543
-12.7168312072754,40.5350685119629
-34.8938827514648,21.6893653869629
-44.5008697509766,14.221230506897
-40.0425796508789,18.9903812408447
-21.2058525085449,30.83225440979
0.903975784778595,38.0722045898438
9.94749164581299,33.881763458252
-2.55764603614807,20.37619972229
-29.5322418212891,6.36499166488647
-51.2401885986328,6.20173311233521
-55.0855293273926,20.716495513916
-41.5448913574219,41.6707801818848
-13.1721591949463,56.6057968139648
14.500147819519,55.907039642334
24.8334465026855,39.3056182861328
10.9817399978638,2.26035690307617
-18.5674114227295,-31.8130588531494
-36.9446334838867,-38.5876579284668
-35.2007751464844,-26.0990123748779
-10.3882055282593,1.47913825511932
22.3248615264893,22.1549224853516
38.3492431640625,19.0692958831787
35.5460815429688,-3.099196434021
18.8127174377441,-26.8447399139404
3.87122941017151,-31.2197322845459
3.5697648525238,-9.95855617523193
14.6427373886108,26.9800243377686
24.9879360198975,50.8458213806152
26.6280364990234,56.3281288146973
13.0721578598022,54.5243530273438
-14.2185163497925,39.1035308837891
-37.9216804504395,20.188304901123
-45.818000793457,13.6103677749634
-38.4250259399414,20.4091854095459
-18.5751361846924,33.5066032409668
1.99939405918121,38.7037353515625
9.33662986755371,33.0427169799805
-3.7463846206665,19.0490455627441
-30.5996856689453,6.38315486907959
-49.9909057617188,7.40237188339233
-53.1809158325195,21.9684906005859
-40.5889320373535,42.0131607055664
-13.6690320968628,56.3627853393555
12.1475143432617,55.4441947937012
24.3781185150146,38.3657341003418
14.6586046218872,3.82467365264893
-14.1333379745483,-29.8708667755127
-35.7903442382812,-37.626895904541
-38.9396438598633,-27.233470916748
-18.8974781036377,-2.66391015052795
19.4450836181641,20.3334007263184
49.7643890380859,17.5099906921387
58.3373374938965,-4.31069087982178
48.6689720153809,-32.094482421875
26.515926361084,-51.772762298584
6.78712558746338,-55.6907539367676
0.319418698549271,-43.7526359558105
8.92994499206543,-17.4880695343018
25.7098655700684,4.43490934371948
36.6089324951172,7.86333656311035
36.7504768371582,-6.94641733169556
26.1196804046631,-29.6017627716064
14.6811513900757,-44.2217445373535
13.8514976501465,-43.3029441833496
28.3512287139893,-27.4829521179199
47.2756385803223,-3.99941444396973
56.4120559692383,12.3088932037354
56.2404479980469,17.9160480499268
43.988338470459,19.8277587890625
16.7563285827637,14.623948097229
-14.1640272140503,9.37191200256348
-30.9003143310547,11.6953172683716
-31.3854961395264,19.9402866363525
-17.1863956451416,33.6320762634277
1.43112099170685,44.2829132080078
15.1521377563477,48.9272193908691
22.1254863739014,48.4892196655273
21.3837242126465,42.8060722351074
17.5813903808594,27.6618671417236
14.0316667556763,3.14408206939697
9.40928173065186,-23.4705944061279
3.83678221702576,-40.9311065673828
-2.95410108566284,-45.3714408874512
-10.0771379470825,-37.0511093139648
-16.6776218414307,-15.5494270324707
-17.6124973297119,9.5777587890625
-9.64393901824951,28.4700183868408
4.60443115234375,35.2629890441895
21.3377952575684,33.4414672851562
35.8993225097656,28.1631259918213
43.9081726074219,25.5027637481689
44.7340660095215,26.8706283569336
41.2296485900879,27.0073719024658
35.7224922180176,20.9697322845459
30.2157554626465,2.28937602043152
26.6317939758301,-21.1071033477783
23.837194442749,-37.7296104431152
19.706880569458,-42.9206886291504
13.0982542037964,-35.3705062866211
-1.02318370342255,-19.1935138702393
-19.2400703430176,-4.15620088577271
-33.4761238098145,0.706896543502808
-40.1582374572754,-5.47980499267578
-38.6235656738281,-16.4402503967285
-32.6583709716797,-23.0344715118408
-29.4547882080078,-18.9488353729248
-31.9364414215088,-7.2714729309082
-42.1323699951172,4.1674747467041
-53.2416687011719,6.54975366592407
-58.0417175292969,-2.21401000022888
-53.7537841796875,-18.2394332885742
-32.3268432617188,-32.6905212402344
7.11677408218384,-33.2723617553711
44.0196533203125,-17.3676090240479
59.4544677734375,2.18645238876343
58.4521598815918,18.7843246459961
42.536548614502,34.0389671325684
7.97753429412842,38.7095794677734
-30.3447761535645,30.6566791534424
-51.9247436523438,20.4643001556396
-58.5728302001953,14.4560966491699
-58.1262702941895,6.6620717048645
-50.088191986084,-5.63137245178223
-35.0965995788574,-20.8855991363525
-17.9294090270996,-35.1076622009277
-7.61302089691162,-40.8398742675781
-5.89108276367188,-34.9544258117676
-14.5013999938965,-15.932520866394
-29.1399631500244,4.83136415481567
-41.4413414001465,18.1538372039795
-46.1608047485352,19.9523944854736
-40.9828796386719,11.3055429458618
-19.9444618225098,0.0379962101578712
9.17190933227539,-6.36394786834717
30.0919551849365,-2.45367836952209
31.2328853607178,7.22950983047485
9.23474979400635,16.3786640167236
-24.5006675720215,19.090799331665
-48.8286819458008,14.7506723403931
-55.9567260742188,11.1435375213623
-47.378978729248,12.5316514968872
-19.053430557251,23.7547302246094
17.689115524292,35.4842872619629
39.225658416748,36.321662902832
41.9570045471191,27.103199005127
31.6460418701172,2.04281830787659
14.4997301101685,-33.7208023071289
2.15785074234009,-53.298454284668
2.3434476852417,-55.4840698242188
12.0358219146729,-41.1968688964844
18.3834857940674,-9.36460494995117
15.3809499740601,21.6079444885254
6.18127393722534,34.2370910644531
-3.7501425743103,24.6814613342285
-5.38773727416992,-2.33593201637268
1.73780477046967,-32.3940658569336
9.70970249176025,-46.5340843200684
14.3928394317627,-47.1401443481445
10.9084615707397,-37.4957885742188
-5.38669347763062,-20.4603328704834
-26.4134216308594,-7.0794038772583
-39.4636573791504,-1.75826418399811
-40.8966598510742,-8.19987487792969
-32.3107681274414,-23.3277950286865
-17.497673034668,-40.2764015197754
-4.70338821411133,-54.0479393005371
1.23237156867981,-59.1997680664062
7.84058094024658,-57.6826324462891
20.0999965667725,-45.0474319458008
33.5356216430664,-13.6132907867432
38.6801414489746,24.4351119995117
34.2345848083496,47.6274147033691
22.4931297302246,57.389518737793
0.971199870109558,55.2145500183105
-24.7678928375244,30.0067768096924
-37.2891044616699,-11.0452060699463
-32.6379089355469,-42.1780891418457
-20.6346569061279,-55.4742584228516
-6.90236663818359,-57.8822174072266
2.59459853172302,-50.1952896118164
-0.665351212024689,-37.0845108032227
-13.2066059112549,-28.2806625366211
-24.3184108734131,-27.4109268188477
-24.8741569519043,-33.0757026672363
-16.6327362060547,-38.3229370117188
-6.64077758789062,-37.4494400024414
-2.53593397140503,-27.5349349975586
-11.1234951019287,-9.18005180358887
-27.135139465332,8.79152965545654
-38.0381736755371,20.5891437530518
-39.6617813110352,27.0048675537109
-30.640811920166,28.9848461151123
-9.07524871826172,29.7685699462891
14.1402273178101,32.0936470031738
29.0846385955811,35.6652908325195
33.2514877319336,39.4087524414062
31.5579414367676,40.9979133605957
29.5299453735352,38.1855659484863
30.7890396118164,27.6568584442139
33.7477340698242,10.9072093963623
31.0481243133545,-4.37415742874146
18.9897556304932,-15.5788640975952
-3.72843050956726,-18.9413204193115
-27.6407814025879,-13.2080678939819
-42.6526260375977,-3.41026425361633
-45.4190406799316,5.18585634231567
-33.2930335998535,10.6610689163208
-10.829963684082,14.4548444747925
16.5834674835205,15.5698871612549
38.9763870239258,16.7707347869873
48.7349433898926,15.8020401000977
51.4297523498535,11.6873836517334
48.197566986084,4.51152801513672
38.3241882324219,-9.62640285491943
24.8346996307373,-25.3443069458008
13.1602592468262,-31.9293441772461
7.97043609619141,-25.1509857177734
9.5510368347168,-1.37203896045685
18.682861328125,30.1117877960205
25.3497352600098,48.6551933288574
24.0365695953369,54.2654800415039
13.0262289047241,53.2986640930176
-10.9257898330688,41.2354927062988
-34.2771759033203,23.8868808746338
-44.0344772338867,15.6859636306763
-39.0221099853516,20.0676364898682
-20.2947788238525,31.5865421295166
2.10941600799561,38.2763824462891
11.2683820724487,33.6729927062988
-1.23988735675812,20.9572067260742
-29.0301494598389,7.01844310760498
-50.8641929626465,6.91635417938232
-54.2729949951172,22.0175514221191
-39.9594879150391,42.6148376464844
-10.9433259963989,57.6838836669922
14.9650793075562,56.0922203063965
26.2894115447998,38.4379692077637
12.2949056625366,1.2885308265686
-18.0609359741211,-32.8387489318848
-37.1930732727051,-37.0536117553711
-38.0586318969727,-23.4474201202393
-13.4594268798828,3.91486239433289
21.7774658203125,21.9638977050781
42.0116996765137,11.5546064376831
40.196231842041,-18.1968441009521
16.3820037841797,-46.5570487976074
-13.7299938201904,-51.235595703125
-36.248176574707,-35.4362678527832
-43.3620262145996,-5.82845163345337
-33.5293579101562,21.5319519042969
-13.698260307312,28.5176181793213
6.88984060287476,15.805588722229
16.1694755554199,-5.4361720085144
10.2009391784668,-17.8632297515869
-7.99507093429565,-11.8631687164307
-29.1380825042725,7.97106218338013
-38.0001792907715,28.8944492340088
-31.7823696136475,42.4881134033203
-14.0679931640625,44.1766510009766
13.1185054779053,34.7943000793457
33.6890678405762,19.9369468688965
37.308521270752,8.36417675018311
22.3822727203369,5.319260597229
-3.34533667564392,7.90258550643921
-24.6958675384521,13.9245672225952
-32.8189125061035,17.6671943664551
-27.6301345825195,18.1582221984863
-14.7943048477173,14.9323024749756
-1.92548930644989,9.04706478118896
5.36665153503418,2.53113222122192
8.43474102020264,-3.11506295204163
11.2053327560425,-4.92259693145752
18.5818176269531,-0.517541825771332
31.4944744110107,11.5147304534912
40.5883026123047,26.0739612579346
41.4484367370605,39.9534339904785
34.4913749694824,49.3706474304199
20.0799541473389,52.0953102111816
2.9250819683075,41.8323669433594
-4.28668260574341,12.9709043502808
4.53658056259155,-17.103723526001
23.9793663024902,-31.0143032073975
43.4350967407227,-25.3948307037354
54.4137077331543,-3.61423301696777
52.2136840820312,20.7423820495605
36.7245903015137,38.0001792907715
11.5001173019409,38.656135559082
-14.5673713684082,16.9469356536865
-27.871265411377,-15.7673835754395
-23.9831256866455,-42.7194328308105
-9.1790075302124,-54.5283203125
11.3984460830688,-54.601806640625
31.3289203643799,-45.248477935791
46.3775062561035,-30.8756790161133
52.8788261413574,-18.7862033843994
51.5362243652344,-13.6915798187256
44.6992034912109,-19.1365203857422
30.5752582550049,-28.9192924499512
10.9946842193604,-36.7450485229492
-6.67000532150269,-34.7949256896973
-19.0095882415771,-17.8951721191406
-23.3655815124512,12.987606048584
-15.5968179702759,45.9180030822754
-2.16139984130859,61.7415466308594
5.65078830718994,63.2720413208008
3.12946820259094,51.7545967102051
-8.61992073059082,9.44456386566162
-23.5927238464355,-37.6753311157227
-35.6780242919922,-51.976936340332
-41.6603393554688,-46.979808807373
-41.4133644104004,-22.5359287261963
-28.2240867614746,21.7841472625732
-4.91111469268799,49.3994598388672
13.3195505142212,47.8249130249023
25.5668563842773,21.0018844604492
29.0483112335205,-21.1058521270752
21.862434387207,-46.5470275878906
18.8859958648682,-46.5476531982422
22.7457427978516,-22.2916679382324
25.0747852325439,13.34543800354
26.4391002655029,31.0474967956543
24.1977405548096,21.4795513153076
13.8157978057861,-13.9231061935425
-3.24596214294434,-45.8165397644043
-19.0413208007812,-52.3015747070312
-26.2363834381104,-41.9856033325195
-22.4966793060303,-12.4786233901978
-4.22718286514282,19.2578163146973
20.568058013916,29.3215923309326
41.2768287658691,16.5275173187256
49.9869384765625,-6.44975233078003
46.5338745117188,-20.8054313659668
34.0013885498047,-16.8222999572754
7.62742614746094,4.14221334457397
-22.8302955627441,28.2840042114258
-43.2536773681641,34.53125
-56.508716583252,21.5490703582764
-63.5929222106934,-2.83322286605835
-61.8753700256348,-26.6036109924316
-55.6917991638184,-38.3187599182129
-46.8787651062012,-39.8626174926758
-34.2049407958984,-30.6036510467529
-20.5423793792725,-13.6395959854126
-9.83245944976807,-4.30380153656006
-7.41427183151245,-4.95182466506958
-12.310980796814,-7.66563129425049
-18.6049900054932,-7.29360246658325
-23.2991924285889,-1.70648920536041
-21.29123878479,2.44866800308228
-13.7846918106079,-1.50878357887268
-1.41817724704742,-13.4606800079346
13.7185115814209,-28.4439220428467
27.0121746063232,-34.0379257202148
39.6313018798828,-25.8251056671143
48.0860824584961,-3.1580696105957
49.3291015625,21.7584667205811
45.9681091308594,34.2746696472168
38.7565536499023,34.8404388427734
26.5553855895996,22.2150478363037
9.53767490386963,4.79712581634521
-5.44180917739868,-1.94052076339722
-15.307671546936,5.28147315979004
-22.9413604736328,14.7855367660522
-28.474193572998,12.6356191635132
-35.4707145690918,-7.69548559188843
-42.3595123291016,-32.3875961303711
-48.2806587219238,-43.9655838012695
-51.6439476013184,-43.025074005127
-51.8195266723633,-29.7286949157715
-44.9960746765137,3.58688402175903
-27.1714668273926,37.9360847473145
-14.7922172546387,49.2040481567383
-15.5477571487427,37.48388671875
-26.7163467407227,9.52034759521484
-40.3895530700684,-9.56565093994141
-46.8203086853027,-5.32823801040649
-43.1973075866699,19.7338123321533
-26.3023548126221,46.1217651367188
-5.28564882278442,54.8028526306152
9.33245372772217,41.9668159484863
13.8483667373657,1.6927102804184
1.27809238433838,-41.0246353149414
-19.1123027801514,-55.4410667419434
-33.498462677002,-48.464168548584
-40.6640892028809,-27.1683349609375
-33.9988861083984,4.95203351974487
-14.7036981582642,26.1213512420654
7.73118495941162,23.0198574066162
27.0960998535156,4.15286064147949
37.578670501709,-12.6713190078735
41.5699424743652,-12.7629690170288
41.3202514648438,4.67123746871948
35.3790664672852,29.2769165039062
25.5545387268066,44.2568168640137
12.1974096298218,46.5672798156738
-4.24889516830444,35.6005706787109
-16.7744922637939,17.8131256103516
-20.6851787567139,8.54622459411621
-13.0542039871216,15.7333545684814
3.00984263420105,35.6394004821777
19.4653339385986,50.752498626709
28.5249252319336,55.7771835327148
25.3597564697266,54.8220596313477
13.0959577560425,45.0647583007812
-5.10798501968384,21.39186668396
-18.938606262207,-3.87686610221863
-24.2708110809326,-15.7857551574707
-23.6330165863037,-15.1999454498291
-19.4542694091797,-2.3987717628479
-20.362003326416,16.5584144592285
-23.1549320220947,32.9898986816406
-25.4409694671631,42.5144195556641
-22.967456817627,44.962043762207
-15.7085103988647,42.5344619750977
-2.82842135429382,33.2395858764648
12.562967300415,19.0701313018799
20.2139835357666,3.32884383201599
20.2031288146973,-12.226637840271
13.8170509338379,-28.0948581695557
7.99152183532715,-43.4983558654785
8.35102462768555,-53.1642150878906
15.3118467330933,-56.0821990966797
26.3775119781494,-50.3015556335449
35.5519256591797,-32.1577377319336
32.2784080505371,1.15909326076508
14.6527585983276,34.2986793518066
-5.70819997787476,49.6541595458984
-20.9275608062744,47.2338829040527
-28.5232543945312,26.2643585205078
-21.1467704772949,-7.87732458114624
-0.422760039567947,-38.3114547729492
18.6578102111816,-50.6673202514648
33.8640174865723,-49.2435073852539
44.3419952392578,-43.7215309143066
47.5439071655273,-39.9749374389648
43.2054481506348,-42.297924041748
30.7282867431641,-48.2092590332031
11.1287145614624,-52.0404052734375
-13.5899085998535,-45.7530746459961
-33.3754959106445,-26.7359714508057
-41.2075157165527,-0.723389387130737
-34.3692436218262,18.5983104705811
-15.146918296814,23.511302947998
5.54076623916626,13.4084873199463
17.4289875030518,-3.6307258605957
12.6967887878418,-14.9145565032959
-7.35226678848267,-10.5696277618408
-29.4201316833496,7.76584100723267
-38.5816040039062,28.1401615142822
-31.2554321289062,42.2613906860352
-11.4280910491943,45.9749984741211
15.9212474822998,35.7437858581543
35.490966796875,19.0786914825439
36.2972373962402,6.34348821640015
20.2728576660156,2.15137887001038
-3.88104152679443,7.53890752792358
-23.0601501464844,15.7834587097168
-29.6829738616943,20.3651332855225
-25.7441024780273,18.8870391845703
-16.2611255645752,14.3690395355225
-5.60360622406006,8.67315673828125
4.18689012527466,1.29542028903961
12.6437616348267,-2.50023412704468
18.8306713104248,-2.60837721824646
20.0657577514648,-1.56494283676147
13.3523283004761,2.93197131156921
-2.80211615562439,10.6687936782837
-24.0580730438232,18.2498722076416
-39.0185585021973,25.8240623474121
-41.6265182495117,31.9379024505615
-31.4698390960693,35.6224899291992
-7.32846689224243,35.757984161377
19.1889209747314,31.8773593902588
32.0665054321289,27.8167762756348
25.8507843017578,27.5921382904053
5.4426441192627,36.6032943725586
-12.108473777771,49.0518569946289
-13.598051071167,57.5308570861816
-0.253238469362259,60.3137664794922
22.4284114837646,50.7312049865723
43.0764312744141,24.5795822143555
45.8758316040039,-10.8685865402222
26.718017578125,-38.5335845947266
-7.93452739715576,-44.553897857666
-40.1941452026367,-29.292573928833
-51.8433265686035,-5.93074941635132
-44.7553596496582,10.4614839553833
-18.0609359741211,14.2429428100586
18.4083290100098,4.58668565750122
40.9655532836914,-12.9218435287476
44.4616203308105,-24.5384540557861
38.0878601074219,-27.8595733642578
28.296947479248,-26.4046535491943
25.9455661773682,-22.695011138916
35.6164360046387,-23.3749771118164
46.8631057739258,-29.273157119751
52.8406219482422,-34.8183097839355
52.3775672912598,-37.8467330932617
46.7355499267578,-35.333137512207
27.5067520141602,-27.2940139770508
-2.18227696418762,-17.4496555328369
-23.744291305542,-10.8510494232178
-29.6925773620605,-10.2224426269531
-22.7580604553223,-7.31740236282349
-9.36543941497803,1.29458522796631
3.8603732585907,14.3041124343872
11.3969841003418,28.7737789154053
15.995361328125,32.5756950378418
20.4559497833252,25.4010925292969
26.5733394622803,7.91448545455933
32.8694381713867,-11.368800163269
34.911003112793,-19.4409084320068
30.5282859802246,-12.4898977279663
17.9281578063965,11.0416574478149
-2.27225685119629,36.2371101379395
-19.1872520446777,46.4747924804688
-29.9896583557129,40.0736846923828
-36.2809524536133,13.5020160675049
-29.1318206787109,-25.1977519989014
-15.1943092346191,-52.4531440734863
-5.17312145233154,-62.3883171081543
1.7551326751709,-63.8591041564941
5.13679552078247,-60.4189872741699
0.74865061044693,-54.2995071411133
-9.66982650756836,-49.9084396362305
-19.5056266784668,-48.3445434570312
-23.3718452453613,-49.1639671325684
-17.5807628631592,-52.1827850341797
0.847398996353149,-52.2888412475586
25.1856422424316,-43.9626617431641
43.2753868103027,-30.6174297332764
47.9032020568848,-14.1231079101562
32.9191246032715,3.97832846641541
-7.26625347137451,14.3208141326904
-47.6520500183105,15.2694664001465
-64.9726867675781,11.3541860580444
-68.5052871704102,2.53697776794434
-61.0816230773926,-13.2949161529541
-31.7424945831299,-28.6566581726074
11.794900894165,-24.6695613861084
37.6483993530273,-5.25558567047119
38.3799324035645,19.4388198852539
21.51003074646,41.4265174865723
1.66744911670685,50.9372596740723
-5.52677869796753,48.9798316955566
8.06271266937256,38.1701164245605
39.4686698913574,18.4064502716064
62.2670211791992,-2.6960608959198
68.6483001708984,-13.8917903900146
67.8695831298828,-18.593090057373
59.9576034545898,-19.7008266448975
45.4125709533691,-21.2947883605957
29.50927734375,-23.2799854278564
27.3553924560547,-20.786642074585
37.929615020752,-7.63452434539795
46.3146667480469,12.3972034454346
44.2849998474121,32.8170356750488
30.012622833252,49.4067649841309
3.89273262023926,55.7970199584961
-23.0534706115723,49.7067680358887
-39.2235717773438,32.6788291931152
-38.9225234985352,11.0034523010254
-21.3315315246582,-7.22616958618164
0.756583869457245,-16.3101863861084
14.996395111084,-18.4406890869141
16.4536113739014,-18.9690856933594
7.67126798629761,-19.3097991943359
-1.86724233627319,-20.2448825836182
-8.05561447143555,-18.1964263916016
-7.00612545013428,-10.9907169342041
-4.75954723358154,0.926105439662933
-5.83763742446899,13.870078086853
-12.0544023513794,22.0183868408203
-23.4029521942139,20.8991680145264
-32.6754875183105,13.8189296722412
-36.4997444152832,5.98461198806763
-34.3203926086426,2.36703872680664
-30.232458114624,4.9081916809082
-28.9641780853271,9.60218524932861
-35.2915916442871,12.2258024215698
-45.3031730651855,6.53388690948486
-51.9546012878418,-3.42446064949036
-50.3952941894531,-13.9546308517456
-41.2770385742188,-21.2701530456543
-23.7664203643799,-15.8233337402344
-4.75057029724121,2.89689803123474
2.00962376594543,26.9117565155029
-5.5017261505127,44.303581237793
-19.5137691497803,47.9426574707031
-35.0623626708984,40.142162322998
-43.8902168273926,24.6411685943604
-39.571174621582,6.11008310317993
-24.7893962860107,-8.1529016494751
-8.71052742004395,-13.2865648269653
-0.838421881198883,-11.0819501876831
-5.93993520736694,-4.68418121337891
-17.905818939209,1.16076338291168
-30.046443939209,5.39379167556763
-33.2892723083496,10.2174320220947
-25.5775051116943,17.4053955078125
-8.22096061706543,28.1522693634033
13.119966506958,37.3005867004395
30.7775573730469,40.3455047607422
41.2394599914551,36.5949440002441
44.8516044616699,26.4470329284668
43.0609817504883,10.6783971786499
33.4218444824219,-8.98109340667725
16.4968280792236,-25.0808391571045
-5.37124443054199,-33.7684020996094
-26.7900428771973,-34.762149810791
-41.5056419372559,-30.8337173461914
-45.9511985778809,-28.8190822601318
-41.0077247619629,-28.7487258911133
-24.9764537811279,-24.6616287231445
-1.00126278400421,-10.9798612594604
19.1542663574219,13.0153722763062
25.559549331665,36.9822120666504
20.131519317627,51.7650375366211
5.66310548782349,56.7417030334473
-15.0548505783081,48.2810745239258
-33.4510726928711,24.419246673584
-41.1611709594727,-5.48794746398926
-35.5602798461914,-25.8823089599609
-24.369140625,-26.8741779327393
-9.76669597625732,-9.61032772064209
5.39796733856201,18.8749313354492
13.3855218887329,39.7824516296387
14.9270830154419,43.8344764709473
10.2886228561401,33.5884399414062
-0.400004059076309,9.77421188354492
-12.5761194229126,-13.4554605484009
-24.6549472808838,-24.9438858032227
-33.4650573730469,-22.6221504211426
-36.780330657959,-9.93580055236816
-31.4333057403564,2.31693387031555
-18.0761756896973,9.05938243865967
1.83968472480774,6.7311749458313
20.6394577026367,-3.21214127540588
30.4220218658447,-12.444803237915
28.09130859375,-17.7659435272217
9.99592590332031,-16.8634281158447
-18.5170993804932,-8.91366100311279
-45.2532768249512,1.35972154140472
-57.5738639831543,12.6890640258789
-57.2694778442383,21.9632720947266
-48.3981971740723,28.9806709289551
-26.1773014068604,33.5379180908203
5.53993129730225,27.033052444458
32.5665092468262,4.41173601150513
41.0559501647949,-27.3800277709961
30.1969661712646,-52.9550285339355
17.2588386535645,-64.2883377075195
11.2587785720825,-64.5651626586914
17.8398475646973,-53.461296081543
34.0324974060059,-22.883321762085
45.1891860961914,12.2585802078247
48.0349349975586,30.1936264038086
38.6678237915039,36.6124801635742
14.7110052108765,34.0475273132324
-18.8296279907227,24.4572429656982
-42.1029319763184,20.2129402160645
-44.2866706848145,25.5808448791504
-31.9274654388428,34.171329498291
-5.63533926010132,38.5500793457031
22.4353008270264,34.8713340759277
33.4452247619629,27.9067554473877
26.6831531524658,26.4727115631104
5.93158435821533,34.7515029907227
-11.775276184082,48.6645851135254
-11.6063814163208,58.8425598144531
2.10231781005859,60.9108505249023
23.7292594909668,51.0516662597656
44.050968170166,22.7150535583496
46.4209327697754,-13.8631887435913
26.1564254760742,-38.5461120605469
-11.4266300201416,-43.2330093383789
-42.8259048461914,-26.1008911132812
-52.5212020874023,-3.23406219482422
-42.3914527893066,10.5310049057007
-11.9529399871826,13.1439752578735
19.5321407318115,3.11026120185852
35.8047485351562,-11.268590927124
37.2884788513184,-22.2315406799316
34.9283294677734,-28.3171977996826
35.7527656555176,-30.8892498016357
38.8208541870117,-29.4090671539307
37.1051788330078,-24.9532814025879
17.2200088500977,-16.2396221160889
-20.2741107940674,-0.00334032624959946
-48.8869285583496,16.9104022979736
-55.8101692199707,29.7673168182373
-52.213264465332,35.7091331481934
-44.3434562683105,35.0849075317383
-32.2318534851074,28.5524826049805
-20.7945747375488,15.9675941467285
-15.1120538711548,2.76161479949951
-8.63015079498291,-8.49048328399658
-0.029019083827734,-15.2567310333252
7.38128614425659,-22.0851936340332
9.13620948791504,-26.9050750732422
2.61484909057617,-30.9902935028076
-6.97898530960083,-34.5053596496582
-10.2370557785034,-33.9636039733887
-0.595204412937164,-32.4209976196289
23.0543060302734,-26.3864898681641
47.7226142883301,-18.2456970214844
60.8277587890625,-10.9452056884766
62.9561729431152,-2.26307106018066
53.3410453796387,10.3220252990723
23.2793598175049,20.8154525756836
-12.8928241729736,23.0029487609863
-29.8105335235596,18.034839630127
-19.008752822876,8.03181457519531
15.3160219192505,-1.92194020748138
47.7990264892578,-7.96104145050049
58.8711624145508,-7.3773193359375
54.8506622314453,3.06349682807922
25.123010635376,18.8085422515869
-21.5743312835693,25.196081161499
-45.2511901855469,20.0018730163574
-42.2378005981445,3.7453408241272
-9.77588272094727,-20.6223392486572
31.548755645752,-36.8337783813477
48.0760612487793,-39.9402809143066
48.6380729675293,-34.9329223632812
27.4340991973877,-20.292064666748
-15.7861728668213,-1.73154163360596
-43.0664100646973,9.57629776000977
-44.7555694580078,7.74809551239014
-24.2017078399658,-3.87728381156921
9.21930027008057,-19.5949802398682
27.2236595153809,-30.9042816162109
22.3056545257568,-34.9744682312012
-2.86913156509399,-33.4934501647949
-30.2076148986816,-25.4516162872314
-41.8689002990723,-16.2450504302979
-31.6358127593994,-9.24330902099609
3.50734257698059,-5.28543996810913
41.7889442443848,-5.23157739639282
59.9244079589844,-9.82995414733887
63.5108757019043,-14.5542192459106
58.8513298034668,-17.7980937957764
44.7670516967773,-18.7139682769775
21.2941627502441,-15.6934785842896
-2.35492992401123,-7.99486207962036
-17.5694904327393,-0.158247962594032
-22.9181880950928,1.96745216846466
-21.4488620758057,-6.31467819213867
-16.8934917449951,-22.5987682342529
-10.5971851348877,-39.2162666320801
-6.76228189468384,-47.79443359375
-7.28170251846313,-46.1916999816895
-12.2049255371094,-31.4347667694092
-21.5603446960449,-8.70280265808105
-30.975471496582,10.4155550003052
-37.6365013122559,17.3450622558594
-40.3480110168457,10.8646202087402
-39.7248306274414,-1.6975120306015
-37.1598777770996,-11.7301816940308
-31.4662914276123,-10.8178548812866
-20.2283897399902,3.07790184020996
1.03946781158447,21.8014736175537
30.665657043457,31.4026165008545
53.7304000854492,26.3326263427734
63.5609817504883,17.1957912445068
62.8626441955566,12.5422983169556
47.5301284790039,16.9467277526855
6.05872535705566,24.8403358459473
-34.5452346801758,27.7572765350342
-48.5961112976074,26.0969257354736
-45.4822998046875,14.2884540557861
-17.8479900360107,-7.43681907653809
19.6989479064941,-28.0382804870605
38.7989349365234,-34.7515029907227
40.9271392822266,-27.9695949554443
29.2117786407471,-9.03036308288574
12.4821729660034,13.2276916503906
7.4829568862915,25.7019309997559
17.1433887481689,24.0860481262207
31.272970199585,11.1890487670898
35.1863708496094,-0.211484402418137
22.6943855285645,-2.30002331733704
-6.10235834121704,7.87022638320923
-35.4450378417969,23.2524280548096
-46.5182189941406,34.1053581237793
-46.3658142089844,35.9700927734375
-40.5937309265137,26.6457824707031
-29.3414249420166,6.72658205032349
-21.062427520752,-15.1872110366821
-22.2478256225586,-28.6445503234863
-29.1790027618408,-32.0228729248047
-31.611177444458,-29.9376735687256
-26.0192623138428,-25.2764568328857
-18.974723815918,-18.6016502380371
-20.5956172943115,-10.0856971740723
-38.5346298217773,0.930280864238739
-57.8379592895508,16.3559074401855
-65.4209136962891,29.6140804290771
-65.6403350830078,36.4719772338867
-60.864501953125,38.8504981994629
-49.3393325805664,38.0951690673828
-26.8654098510742,32.630184173584
-0.990197956562042,24.5324001312256
12.5658893585205,16.9116535186768
16.8542423248291,11.1443719863892
22.967248916626,4.28981399536133
36.6634216308594,-6.21780872344971
48.3702201843262,-19.3104267120361
47.130542755127,-32.4518966674805
29.0844287872314,-41.1638832092285
-18.1436080932617,-38.9010238647461
-61.7528190612793,-17.4824333190918
-73.5892639160156,6.55622529983521
-70.2545776367188,19.7191982269287
-49.6980018615723,32.980712890625
10.0270328521729,41.9595069885254
59.2811889648438,30.3579292297363
68.9714736938477,17.0671882629395
65.5864715576172,13.3339557647705
44.5465927124023,8.19799613952637
10.7836170196533,-5.11779737472534
-4.75286674499512,-15.4667539596558
9.87275218963623,-15.8723955154419
35.8776092529297,-7.69799041748047
51.5101280212402,4.81842041015625
51.2978096008301,18.3958034515381
37.4089393615723,30.8378925323486
17.6258583068848,33.1043014526367
8.94831657409668,25.6420135498047
19.1154346466064,12.2681837081909
37.2360763549805,1.49604856967926
48.8568649291992,-0.447603702545166
50.004264831543,9.06126117706299
39.9467544555664,26.6729221343994
26.2628974914551,42.2336235046387
17.9283657073975,50.186939239502
18.5026931762695,49.5698165893555
23.6747703552246,41.700008392334
24.9167461395264,25.2839736938477
13.7813510894775,2.17998051643372
-9.86210441589355,-22.6035709381104
-33.0051383972168,-37.5162467956543
-44.4860458374023,-40.1985282897949
-42.879768371582,-40.8217086791992
-30.2783870697021,-36.8078918457031
-11.7510585784912,-22.1904144287109
2.25492906570435,-2.31442856788635
5.75454711914062,11.9195365905762
6.30403089523315,15.3751039505005
11.6669244766235,7.80571603775024
25.1706104278564,-4.29482460021973
42.0373802185059,-11.1076288223267
52.4614944458008,-8.21031284332275
53.9554557800293,7.19172239303589
45.1288528442383,29.7278594970703
28.6902713775635,48.4977798461914
14.0064058303833,55.6285400390625
6.78629016876221,52.4368591308594
8.82555961608887,36.819164276123
16.9254322052002,10.8504238128662
18.9649105072021,-12.0811252593994
13.1498203277588,-22.6954288482666
2.37392807006836,-19.8789081573486
-7.1865029335022,-11.0230770111084
-5.85830593109131,-2.73551845550537
5.07583427429199,-2.36933517456055
17.0703201293945,-12.403883934021
21.1595058441162,-28.9307746887207
10.4631547927856,-44.6384506225586
-10.3140926361084,-51.4295425415039
-31.6493816375732,-47.9530982971191
-45.4802131652832,-35.4924278259277
-49.3773307800293,-18.9081249237061
-42.5094108581543,0.359920144081116
-27.0121746063232,15.7571544647217
-14.7905473709106,21.9680728912354
-12.5410461425781,18.7452850341797
-22.9167251586914,9.1224308013916
-38.2753372192383,1.56431651115417
-49.4625091552734,1.08184814453125
-54.8767585754395,9.43433380126953
-54.3218460083008,20.7135715484619
-49.9662704467773,31.3328857421875
-44.1701774597168,37.1147842407227
-39.7809906005859,36.8847160339355
-35.4333457946777,28.6313972473145
-28.4470539093018,15.9133138656616
-17.9555053710938,4.10400819778442
-6.31488656997681,-7.8977837562561
3.0394880771637,-15.3767747879028
8.49403190612793,-21.3701553344727
6.34828996658325,-27.3837852478027
-0.897712707519531,-31.3710918426514
-9.78757381439209,-33.170482635498
-12.4074335098267,-33.1546173095703
-2.13091945648193,-31.2963523864746
22.0150470733643,-26.9576854705811
47.8295059204102,-21.4488620758057
60.6839141845703,-15.1396112442017
62.926944732666,-5.18543910980225
51.8122177124023,10.5381031036377
19.6638736724854,23.5856266021729
-13.2214288711548,24.1864681243896
-24.9413814544678,14.3807306289673
-12.2679748535156,1.85471618175507
16.6947422027588,-5.26915597915649
41.5876884460449,-2.27601480484009
52.7303886413574,3.8000385761261
52.6765289306641,3.69857621192932
43.1831130981445,-7.7760705947876
25.7818908691406,-29.3608417510986
2.96871495246887,-46.7029800415039
-18.3047790527344,-48.5625
-33.3176651000977,-38.3830642700195
-39.187873840332,-23.8668403625488
-31.4921779632568,-15.7321014404297
-12.3308143615723,-24.5313568115234
8.62200832366943,-43.9161033630371
15.3354377746582,-58.0293998718262
10.1416482925415,-62.9718322753906
-1.04802739620209,-59.5536346435547
-20.7626323699951,-43.8135986328125
-40.7194137573242,-15.6442089080811
-48.8959045410156,13.6153783798218
-43.669548034668,33.3782081604004
-32.714111328125,44.6998291015625
-16.5262641906738,51.174633026123
1.88143873214722,54.5155868530273
18.0544624328613,53.7410469055176
32.1141052246094,49.3685607910156
39.0087471008301,43.5319671630859
39.8156433105469,35.8521385192871
31.6639957427979,27.6011161804199
11.0579414367676,19.302074432373
-8.86313819885254,14.6757230758667
-18.3646965026855,15.7456712722778
-11.8456315994263,17.2807598114014
10.6525087356567,15.3371076583862
34.3070297241211,10.2410230636597
44.5159034729004,0.983308553695679
36.3920211791992,-11.8427095413208
9.22222328186035,-26.7946357727051
-24.4075546264648,-38.0532035827637
-43.7511749267578,-41.0350723266602
-43.8102569580078,-44.4954414367676
-24.2405395507812,-50.7518730163574
13.8498277664185,-47.4912986755371
46.2102813720703,-31.1397743225098
58.3780479431152,-14.6084995269775
56.7277183532715,0.489149034023285
41.6031379699707,11.8773651123047
15.0788593292236,12.4734048843384
-4.68752145767212,8.9353723526001
-10.0287036895752,7.28086757659912
-3.27665138244629,11.9416666030884
7.86855602264404,20.6649284362793
13.197211265564,26.2278232574463
10.3086643218994,20.4219188690186
-1.59834611415863,-0.612114787101746
-15.6062126159668,-31.6479206085205
-24.4553642272949,-53.5834274291992
-26.8159294128418,-62.226936340332
-24.802131652832,-65.447639465332
-18.8972702026367,-62.8651504516602
-9.8291187286377,-54.1873970031738
-5.25871753692627,-36.2918090820312
-8.78213500976562,-12.3527355194092
-17.5966300964355,7.3255443572998
-28.356237411499,23.8921012878418
-35.9801139831543,36.847972869873
-36.6976585388184,44.5330200195312
-31.6040802001953,48.0629119873047
-22.5716285705566,42.6275749206543
-6.99067640304565,25.3622627258301
6.99485206604004,-3.58563137054443
9.76314735412598,-31.4571056365967
-0.234031602740288,-46.4601783752441
-17.4383811950684,-49.2731513977051
-30.0777587890625,-43.1457405090332
-33.5621376037598,-31.9061698913574
-24.0236263275146,-16.1888904571533
-0.509608507156372,-1.99605369567871
23.3002376556396,4.81549787521362
37.7233467102051,5.64974451065063
37.3118629455566,3.47644448280334
23.2962703704834,0.285389125347137
2.35785269737244,-1.95116806030273
-16.6784572601318,-1.33341646194458
-24.9768714904785,-1.287069439888
-22.0137939453125,-2.89731550216675
-15.261116027832,-6.81155157089233
-10.1399774551392,-14.5485820770264
-10.8247451782227,-22.2891616821289
-17.8114547729492,-26.4201011657715
-24.616325378418,-24.3791618347168
-22.9269561767578,-17.5060234069824
-8.62973308563232,-5.33387470245361
16.3991222381592,7.93536233901978
41.5223426818848,13.8669471740723
53.08154296875,12.8402137756348
53.7168312072754,7.86438083648682
43.2998123168945,2.50253057479858
20.7409210205078,-4.82489252090454
-1.86661601066589,-10.301983833313
-13.4076519012451,-16.5427570343018
-9.07441425323486,-24.4432544708252
4.21236038208008,-31.2806930541992
13.632080078125,-32.9679756164551
12.8477296829224,-21.7094058990479
-1.85012316703796,5.98649072647095
-20.0279693603516,40.1488418579102
-25.0914878845215,60.2419471740723
-21.9918727874756,65.2278060913086
-16.8183345794678,60.2757682800293
-4.05661725997925,31.8443737030029
13.7665281295776,-17.793083190918
16.5279350280762,-48.6988258361816
7.19193124771118,-53.9153709411621
-5.25433301925659,-37.809986114502
-13.6711206436157,-2.83155274391174
-6.43785238265991,25.2315711975098
14.280312538147,31.9619121551514
36.9519424438477,17.1615524291992
45.9086074829102,-8.25519847869873
38.5442352294922,-27.6551876068115
16.3884754180908,-32.5199546813965
-14.2226915359497,-21.9924983978271
-36.7638397216797,-4.77896308898926
-44.2152709960938,4.25286149978638
-37.6740798950195,-4.87207460403442
-21.8325805664062,-25.8752117156982
-7.01447629928589,-43.5605697631836
0.569943189620972,-50.3362121582031
5.30965757369995,-44.1298866271973
10.2280788421631,-26.9286670684814
19.579740524292,-4.85892200469971
31.0896682739258,10.7186889648438
38.8776397705078,13.8830223083496
36.8053855895996,10.6285009384155
25.7720775604248,4.62676954269409
11.6675510406494,-2.46453452110291
-0.468272000551224,-9.52055644989014
-4.65641498565674,-16.8106098175049
0.047390878200531,-23.8094272613525
4.88439226150513,-25.9349193572998
3.85536289215088,-17.954044342041
-2.02590775489807,0.711071968078613
-9.20259857177734,27.0996494293213
-7.64955568313599,47.0205192565918
4.60693597793579,53.7345771789551
20.3494758605957,48.791934967041
30.6247367858887,35.8884658813477
23.3428268432617,22.8705883026123
-7.34370708465576,19.6538524627686
-41.048641204834,28.2618732452393
-51.0264053344727,40.1515579223633
-44.6315612792969,48.8835868835449
-21.8739185333252,52.0399856567383
22.582067489624,42.3131637573242
53.0216255187988,20.987060546875
55.4540100097656,8.64998340606689
27.8403663635254,9.76586151123047
-26.3178043365479,16.2183284759521
-56.7078819274902,25.8240623474121
-58.062385559082,32.014102935791
-43.5234069824219,36.4072608947754
1.3494918346405,39.0158462524414
42.3762130737305,35.6757278442383
51.4195213317871,34.9905433654785
35.6412811279297,42.9267425537109
-4.59503650665283,43.2213172912598
-38.2657318115234,23.5520133972168
-46.5996398925781,-3.6300995349884
-28.6756572723389,-29.0184574127197
4.73762655258179,-39.1267013549805
29.5998840332031,-29.1562461853027
32.4356117248535,-7.88901567459106
9.87087249755859,10.9539737701416
-21.6718273162842,13.2174625396729
-41.7728691101074,-1.79020607471466
-37.8246002197266,-23.2046203613281
-13.6671533584595,-37.958423614502
20.7125282287598,-33.0162010192871
44.9522323608398,-5.12176418304443
46.2948341369629,28.2994518280029
33.1773719787598,49.5355758666992
13.4625587463379,56.1279182434082
-2.62549638748169,47.2553863525391
-4.0860538482666,24.6687259674072
12.8207988739014,6.64787578582764
37.6863975524902,6.84725141525269
54.0794639587402,17.9684505462646
57.9498596191406,29.3597984313965
53.1103515625,37.5891075134277
39.3839073181152,42.2325782775879
11.768177986145,34.8120460510254
-18.0807685852051,16.6717777252197
-37.0225067138672,3.41151690483093
-41.5039710998535,-2.56244778633118
-33.684684753418,-5.3722882270813
-17.3431835174561,-12.2280988693237
-0.561383605003357,-25.2129917144775
4.97374582290649,-40.9014587402344
-1.47892940044403,-48.9869270324707
-16.8229274749756,-46.6714553833008
-32.5660934448242,-34.6613121032715
-39.2603149414062,-21.0020923614502
-33.1763305664062,-16.536075592041
-14.0627737045288,-26.4618549346924
7.4313907623291,-44.6814575195312
14.3293733596802,-58.1559143066406
8.92931842803955,-63.0728759765625
-2.64574718475342,-59.415843963623
-22.6307106018066,-43.7806129455566
-42.348445892334,-14.6997318267822
-48.5499725341797,14.9575634002686
-42.545108795166,34.8533821105957
-30.3182621002197,45.6670608520508
-14.2222738265991,52.0884208679199
3.59878396987915,54.6940841674805
19.2730560302734,53.2633819580078
32.7412528991699,49.1368255615234
41.5657653808594,41.1501045227051
41.9985466003418,33.5602569580078
31.9527263641357,25.8455657958984
9.75771903991699,19.3415336608887
-12.3838424682617,17.6402626037598
-19.259485244751,15.9369049072266
-8.68171691894531,14.7385635375977
15.5642499923706,10.9366455078125
35.5966033935547,8.56793689727783
41.6212997436523,11.6905155181885
34.7913780212402,18.5569744110107
18.8697109222412,26.5119609832764
4.84242916107178,28.5668869018555
-5.73513126373291,19.9436264038086
-16.2880573272705,0.624223470687866
-28.622838973999,-22.7048244476318
-39.2411079406738,-37.7356643676758
-43.2668266296387,-41.9897804260254
-39.0498733520508,-40.3311004638672
-24.6507720947266,-21.2139949798584
-5.66352319717407,21.5734977722168
6.59735298156738,56.9310607910156
6.35371828079224,69.7842178344727
-5.34097290039062,72.1024017333984
-26.0123729705811,63.0605583190918
-48.824089050293,33.2372894287109
-58.3114471435547,-5.3933744430542
-56.5304298400879,-23.2543067932129
-53.2414588928223,-20.8119029998779
-44.7962799072266,0.505850672721863
-25.7562122344971,31.3800678253174
-0.0997922495007515,45.1242599487305
23.5394878387451,34.785530090332
40.0024948120117,4.25494909286499
38.9935073852539,-28.7917327880859
23.4229946136475,-45.3559951782227
1.66891050338745,-43.0401039123535
-22.6407318115234,-24.5154895782471
-34.9713363647461,-5.15871620178223
-29.4597988128662,-2.2252836227417
-6.08315181732178,-19.4642906188965
20.7926959991455,-42.8248596191406
33.4867706298828,-53.6479377746582
39.8672103881836,-52.8460502624512
45.0079727172852,-42.1375885009766
44.3110961914062,-21.6263160705566
33.2871856689453,-2.685622215271
17.7294082641602,4.45202875137329
6.87501764297485,-0.0532364509999752
2.99752521514893,-8.5881872177124
9.87442207336426,-11.4320573806763
26.8777256011963,-9.16063594818115
45.3514022827148,-3.81235599517822
57.3642578125,-4.6117377281189
59.2546730041504,-12.7579584121704
51.6850776672363,-23.9708080291748
27.1482925415039,-36.1953582763672
-12.7283134460449,-38.1922454833984
-44.4799919128418,-25.1482715606689
-56.6684265136719,-7.00466394424438
-53.2992897033691,7.06771278381348
-39.6181488037109,16.0853404998779
-25.0820922851562,17.2298202514648
-25.4823055267334,13.1880254745483
-42.6031455993652,7.4904727935791
-59.2628173828125,3.13614869117737
-66.3309478759766,-0.393323421478271
-64.4511795043945,-9.56523323059082
-44.9424209594727,-28.5610427856445
-0.311694204807281,-41.1298561096191
38.3542518615723,-36.9561157226562
53.5022125244141,-23.679780960083
52.4197387695312,0.528397858142853
28.3990364074707,28.7393321990967
-1.86431956291199,44.5432510375977
-19.5444583892822,43.2373924255371
-20.2204570770264,31.3318424224854
-6.00715923309326,11.2554378509521
9.3046875,-7.19923830032349
14.9715509414673,-16.5878505706787
9.9372615814209,-21.755126953125
-0.559504628181458,-27.5278377532959
-8.66188335418701,-37.060920715332
-9.38548183441162,-46.8812713623047
-2.41589093208313,-52.1337242126465
7.08399677276611,-50.0777549743652
13.1777954101562,-37.5475616455078
10.138934135437,-13.4070253372192
-1.3467777967453,10.7913417816162
-12.0034627914429,23.3793601989746
-16.4511070251465,21.2893600463867
-15.0533885955811,7.44913625717163
-12.5314426422119,-10.2330894470215
-14.9235334396362,-21.2361240386963
-26.7050724029541,-19.1866245269775
-42.7284088134766,-7.05456018447876
-53.805347442627,9.19299507141113
-57.3719825744629,22.3133792877197
-54.5696563720703,29.7612628936768
-47.0472412109375,32.8642158508301
-33.906608581543,33.079460144043
-18.2567615509033,30.4823551177979
-8.35540866851807,27.6842060089111
-6.25246429443359,27.1597747802734
-12.0358219146729,25.9048557281494
-19.0429916381836,24.6941967010498
-23.4900093078613,19.7164840698242
-25.8092403411865,7.07188844680786
-24.3716468811035,-12.9606742858887
-21.0697345733643,-33.9842720031738
-17.3657302856445,-45.8739547729492
-12.5235090255737,-46.3388862609863
-5.59922170639038,-31.3278751373291
7.28420782089233,-1.91839110851288
23.3751850128174,27.4739742279053
37.3999633789062,38.3233528137207
49.0274314880371,29.7961273193359
54.0888595581055,9.75333499908447
49.6875610351562,-13.2437677383423
36.0216598510742,-26.746410369873
12.6623420715332,-22.1511650085449
-16.2187461853027,-1.26765382289886
-39.3584365844727,18.3761787414551
-50.6629371643066,22.2031478881836
-56.1256217956543,9.39091014862061
-56.0030746459961,-13.0464792251587
-48.521369934082,-30.367115020752
-35.605583190918,-32.4715194702148
-12.6974153518677,-9.09174156188965
16.2521476745605,30.0535411834717
38.4724159240723,49.5418395996094
51.9220314025879,47.0921287536621
59.5918388366699,35.9590301513672
60.751350402832,13.6562976837158
51.880069732666,-18.2041511535645
33.4834289550781,-43.6883354187012
14.8880424499512,-53.8111953735352
6.03722238540649,-53.7074356079102
5.23283004760742,-49.640796661377
7.28420782089233,-44.1273803710938
5.46602630615234,-35.8922233581543
-5.67542314529419,-22.5509605407715
-23.3451232910156,-2.9908447265625
-39.9753532409668,15.0918025970459
-46.2188415527344,24.3948192596436
-43.697940826416,24.5384540557861
-29.1474781036377,15.9070510864258
-1.47412776947021,8.68944072723389
23.1703815460205,12.9095258712769
33.1734046936035,28.8977890014648
28.4034194946289,47.1827354431152
14.5890836715698,57.4982872009277
-2.48666405677795,57.3490180969238
-15.3811588287354,38.5548820495605
-14.2437772750854,2.47372031211853
1.96745216846466,-27.4274196624756
21.6064834594727,-35.356517791748
37.7354583740234,-20.6175365447998
41.4793357849121,4.34367656707764
30.1193046569824,22.2183895111084
12.385721206665,24.0323944091797
-5.14660787582397,10.5861206054688
-10.8953094482422,-4.64743757247925
2.1108775138855,-9.19362163543701
26.8472461700439,1.109823346138
49.1255531311035,16.3018360137939
58.2605094909668,22.68603515625
57.8438034057617,20.99582862854
45.8582954406738,6.88211584091187
19.3461265563965,-21.2131595611572
-4.84576940536499,-39.9262924194336
-13.2074413299561,-40.0759811401367
-0.692491412162781,-26.1317901611328
25.5689449310303,-4.68104982376099
47.3706283569336,6.22532415390015
55.6631965637207,2.67079949378967
53.5416717529297,-5.11633586883545
41.7146186828613,-10.7984399795532
23.6461696624756,-6.2672872543335
9.70761394500732,9.42577457427979
5.26581573486328,23.4987773895264
5.4954628944397,26.8036136627197
3.27853012084961,14.8166437149048
-7.56020212173462,-10.9811134338379
-24.3526477813721,-33.7389640808105
-36.5830459594727,-38.9642791748047
-39.4427795410156,-31.532262802124
-26.1902446746826,-12.8393793106079
-0.1020887196064,9.99175071716309
26.6885795593262,18.9880847930908
41.47265625,12.0038795471191
40.5597038269043,-3.87248206138611
27.5349349975586,-19.4590702056885
11.2750625610352,-23.2421989440918
1.48435747623444,-11.628719329834
3.21944808959961,10.6944723129272
12.6379156112671,33.8999290466309
20.5795421600342,47.590461730957
22.4624404907227,52.7209968566895
14.7892942428589,53.6155776977539
4.96476888656616,50.9251518249512
0.25490865111351,44.086669921875
3.2795741558075,37.2394180297852
10.6857032775879,30.9589786529541
14.0254039764404,23.5973167419434
8.17816257476807,13.9423131942749
-11.5412445068359,-0.645726799964905
-33.5157890319824,-19.3171062469482
-44.8941917419434,-32.9832153320312
-46.566234588623,-39.2250328063965
-39.1026954650879,-39.9885063171387
-21.833833694458,-22.184986114502
-2.72153091430664,21.5578384399414
6.6856632232666,57.4241752624512
6.12281799316406,70.3395462036133
-3.95118832588196,72.7754821777344
-23.6856269836426,63.7371826171875
-47.0992279052734,34.6763458251953
-57.9223022460938,-3.73135328292847
-57.8392105102539,-21.4659805297852
-54.5256080627441,-19.0413208007812
-44.8238372802734,2.94303607940674
-24.2885551452637,33.2809219360352
2.12570023536682,45.8173751831055
25.2873134613037,34.241268157959
40.673900604248,2.13321590423584
37.6609268188477,-30.2241077423096
22.1398906707764,-46.2230186462402
0.650111019611359,-42.4165077209473
-23.108585357666,-22.6144256591797
-34.0268592834473,-2.9273784160614
-27.4259567260742,0.945521116256714
-3.35180854797363,-9.74999523162842
28.195068359375,-22.4991855621338
46.5758399963379,-23.2845783233643
51.3393516540527,-8.59925270080566
38.9836959838867,14.579062461853
6.88712644577026,30.6760940551758
-25.5514087677002,25.457462310791
-41.4194183349609,3.23406219482422
-35.2886695861816,-23.9530620574951
-6.12803745269775,-44.4198684692383
29.6391315460205,-47.172924041748
54.0120315551758,-34.9842796325684
64.8023300170898,-19.5137691497803
64.8829116821289,-3.20733952522278
54.3636016845703,10.6347637176514
32.9671401977539,12.9197559356689
14.890965461731,3.53970193862915
12.4224643707275,-9.11846446990967
23.5280055999756,-16.650691986084
35.1178932189941,-14.2061986923218
37.5701103210449,-5.1422233581543
28.6812934875488,9.40844631195068
8.59465980529785,26.0466117858887
-13.1711149215698,37.8953742980957
-24.5411682128906,41.6043891906738
-26.3597679138184,36.4371147155762
-20.0375728607178,22.6845722198486
-7.37878084182739,0.810864210128784
4.68146705627441,-23.6822872161865
10.5520906448364,-41.5037612915039
11.1464595794678,-47.7689628601074
8.53745651245117,-47.066032409668
2.32945990562439,-40.1745223999023
-5.83012199401855,-27.2902565002441
-15.2822017669678,-15.9364881515503
-24.7305221557617,-7.59047365188599
-31.8042907714844,-0.0979133099317551
-34.5805206298828,7.71343946456909
-32.835823059082,17.6751270294189
-25.3906555175781,27.634937286377
-13.6650657653809,30.7067832946777
0.136327058076859,24.5760326385498
12.3917751312256,11.6191158294678
18.0081157684326,-1.40105807781219
15.9951524734497,-4.43115139007568
6.79798126220703,6.08774471282959
-5.64201974868774,21.4083595275879
-14.1059894561768,31.3502140045166
-15.3563146591187,28.3161544799805
-5.99567699432373,7.51844787597656
12.8377084732056,-21.9350872039795
28.2278442382812,-41.397289276123
34.3550453186035,-43.9912605285645
34.5224800109863,-27.6094665527344
18.5152187347412,6.71301174163818
-5.71425437927246,39.5448684692383
-19.4018669128418,52.6402015686035
-26.0303268432617,51.0982246398926
-25.9595546722412,38.956974029541
-15.7285528182983,18.741735458374
-4.41716384887695,1.55721831321716
-1.13445830345154,-9.99822235107422
-6.88796138763428,-18.1993503570557
-15.9803295135498,-25.0597534179688
-21.9407234191895,-32.4477195739746
-23.2288379669189,-33.7917823791504
-20.0966548919678,-23.1518020629883
-16.4097709655762,0.724642038345337
-17.9425621032715,28.4520645141602
-20.6599178314209,44.6777000427246
-24.4799976348877,44.6054649353027
-26.6292896270752,26.6349258422852
-16.9062271118164,-3.55953526496887
-0.933621168136597,-23.7480487823486
12.6320695877075,-19.8469657897949
15.9241704940796,8.90802383422852
5.00568771362305,44.0209083557129
-8.06375598907471,60.7361068725586
-18.4494571685791,62.2081489562988
-26.2612266540527,53.120792388916
-19.5450839996338,33.1473083496094
9.75145626068115,11.5884265899658
41.7146186828613,3.82258582115173
58.2235565185547,5.93429851531982
62.7177581787109,7.90571737289429
59.108325958252,6.22636795043945
45.567268371582,-8.43390655517578
19.988094329834,-34.2924156188965
-5.76477670669556,-50.1794242858887
-22.8503360748291,-49.9368324279785
-30.0504093170166,-39.0233612060547
-25.0848064422607,-20.7327785491943
-12.6368713378906,-4.83073806762695
4.59044313430786,-2.09668111801147
18.0601005554199,-7.91365051269531
20.70041847229,-11.7351922988892
18.170747756958,-4.34075403213501
11.9268436431885,13.8527507781982
5.75162410736084,33.7228889465332
5.6221866607666,43.1977272033691
11.6888456344604,36.5542335510254
18.2778472900391,16.9260597229004
17.3523693084717,-7.74496412277222
3.40963792800903,-21.1659774780273
-20.2782859802246,-14.428539276123
-40.4634590148926,5.48711204528809
-44.8006629943848,26.8720893859863
-34.9863700866699,36.4805374145508
-11.208046913147,31.2913417816162
19.777027130127,15.2519292831421
36.840877532959,-2.8645384311676
29.9126224517822,-7.63911724090576
-2.27852010726929,0.505850672721863
-40.7761993408203,17.3866062164307
-56.7807426452637,31.9276733398438
-57.1133155822754,38.103099822998
-50.0744132995605,38.7106246948242
-25.5633087158203,34.6391830444336
13.594292640686,27.2775211334229
39.4722175598145,20.3204574584961
44.7424163818359,19.140905380249
34.9709205627441,22.0079479217529
17.9926681518555,25.5027637481689
6.07438325881958,26.9332599639893
7.32533550262451,26.4501647949219
19.6077156066895,25.5040168762207
34.5400161743164,19.3052062988281
43.811092376709,8.68129920959473
39.7505073547363,-6.34557580947876
19.7841262817383,-25.7545413970947
-11.6067981719971,-36.8022537231445
-38.9657402038574,-34.072998046875
-52.4239158630371,-21.887279510498
-52.798656463623,-8.19381999969482
-35.8625793457031,2.21797657012939
-1.97893452644348,6.87063360214233
32.3498077392578,-0.346350073814392
47.9833679199219,-16.3197898864746
46.9301223754883,-29.878173828125
37.7156219482422,-35.831470489502
21.3805923461914,-30.9990634918213
4.2793755531311,-12.9792547225952
-1.35324966907501,11.4011602401733
3.48917961120605,33.7193412780762
9.0165843963623,46.6965065002441
6.27355003356934,51.8500061035156
-10.5351800918579,51.4230690002441
-34.9500427246094,42.7077407836914
-54.3825988769531,26.2025623321533
-63.1718330383301,4.52760362625122
-60.0285873413086,-20.7430076599121
-45.9248924255371,-43.053882598877
-30.8207721710205,-54.8477401733398
-23.0578536987305,-56.2237434387207
-30.2168006896973,-46.0380477905273
-48.4351463317871,-25.5887775421143
-61.6926956176758,-3.72425508499146
-66.6349182128906,10.0583486557007
-65.6271820068359,15.0264577865601
-62.0989608764648,13.1066055297852
-56.3266677856445,8.21281814575195
-49.1257591247559,2.72821140289307
-42.3016815185547,-4.28292465209961
-31.8368587493896,-13.8183031082153
-12.4888534545898,-25.4906558990479
14.000768661499,-35.8686332702637
36.6168632507324,-37.3801307678223
49.0184516906738,-29.1025924682617
52.9930229187012,-12.1456346511841
44.5098457336426,12.5049285888672
25.8000545501709,32.9331130981445
11.6683855056763,41.0062637329102
7.76688480377197,37.7985038757324
16.3143615722656,21.7133731842041
31.6942672729492,-1.3471953868866
40.6970748901367,-21.2703628540039
39.7569808959961,-32.7239227294922
32.2128524780273,-35.6030769348145
20.0231685638428,-31.2882099151611
7.10382986068726,-20.4713973999023
-0.967233240604401,-6.86938095092773
-4.05515623092651,6.05058336257935
-4.70714616775513,13.0170421600342
-3.75849342346191,13.229362487793
-1.65471410751343,6.91384887695312
3.01088666915894,-2.63718748092651
10.8911333084106,-13.1448097229004
18.462610244751,-20.6371612548828
22.7785205841064,-24.7518177032471
23.0486679077148,-26.8986034393311
19.391845703125,-28.8906898498535
16.7425498962402,-32.3921890258789
21.3782958984375,-33.9613075256348
32.3356094360352,-29.9595947265625
42.962230682373,-18.8160572052002
47.0662422180176,-1.99793267250061
37.283260345459,16.572193145752
11.7443780899048,27.5844135284424
-20.9321537017822,22.6332149505615
-40.0035400390625,2.64198923110962
-37.1567459106445,-21.8887405395508
-10.7370615005493,-41.9774627685547
27.432430267334,-47.2349281311035
52.7429161071777,-37.7914085388184
64.6296768188477,-22.1336288452148
65.3152770996094,-5.28815412521362
54.1696548461914,8.7827615737915
31.8218269348145,11.8036689758301
14.5285406112671,1.9881204366684
14.0120420455933,-9.03432941436768
24.2488899230957,-16.0659255981445
34.7400207519531,-16.4308567047119
35.7934761047363,-8.29799652099609
25.9378414154053,6.38983535766602
8.27878952026367,25.3852272033691
-8.95103073120117,40.7116889953613
-18.5135498046875,45.1551551818848
-24.3845901489258,39.1642799377441
-25.2914886474609,19.7336044311523
-17.2715740203857,-7.42846822738647
0.983934879302979,-25.1724891662598
26.718225479126,-25.3800067901611
47.4370155334473,-12.7391691207886
54.9061965942383,1.98185729980469
50.2393417358398,10.416389465332
34.9740524291992,9.20823574066162
16.7995452880859,0.298541665077209
11.174017906189,-2.53405499458313
17.5091552734375,14.1984739303589
24.6777038574219,42.6457366943359
26.6236534118652,61.3703536987305
24.0975303649902,70.2222137451172
18.1200180053711,71.9013595581055
13.2408447265625,66.2338714599609
14.2066164016724,46.0777130126953
19.7655448913574,8.44977283477783
15.551097869873,-18.5083293914795
-3.23781991004944,-24.5889759063721
-29.7702407836914,-16.6715679168701
-49.4673080444336,-7.95060300827026
-55.7867889404297,-7.41802930831909
-50.3360023498535,-18.4646968841553
-32.7333183288574,-33.8544158935547
-10.9214057922363,-39.458854675293
3.47665333747864,-31.0107536315918
8.0837984085083,-6.49296808242798
3.39606785774231,23.6893844604492
-2.34490895271301,43.6499214172363
-0.989989221096039,48.7374458312988
5.52281188964844,45.5616340637207
14.7984800338745,38.4102020263672
21.7135810852051,34.9034881591797
22.6563892364502,39.1108360290527
17.64089012146,45.3497314453125
11.9577417373657,47.7608184814453
7.07627248764038,41.2267227172852
6.64745807647705,22.182689666748
9.37733936309814,-5.89734601974487
13.1281080245972,-28.5311870574951
15.9030847549438,-36.8256340026855
15.9755277633667,-30.2848587036133
13.7909545898438,-12.2861375808716
5.10735893249512,9.06668949127197
-8.50843715667725,23.0829067230225
-24.1476364135742,28.9401683807373
-36.726261138916,27.3597774505615
-41.0377883911133,23.4083805084229
-37.2293968200684,21.5734977722168
-21.1551208496094,19.3644981384277
-0.957838535308838,17.6233520507812
10.874849319458,13.0619277954102
6.86061239242554,5.48064041137695
-14.9469165802002,-1.91296303272247
-42.3388442993164,-5.89818096160889
-58.8703269958496,-4.17833042144775
-62.3536605834961,0.206265151500702
-57.6352424621582,3.5685122013092
-41.3799629211426,5.52448225021362
-14.9901313781738,9.37316417694092
7.71469211578369,12.5460567474365
20.2624187469482,14.2145500183105
23.7083835601807,17.005392074585
19.37744140625,18.7173099517822
11.8940668106079,17.4433917999268
1.78999733924866,11.7614974975586
-13.277587890625,1.17767381668091
-27.3244953155518,-9.46377086639404
-37.1692733764648,-16.2596645355225
-40.0908050537109,-18.1043586730957
-32.9721527099609,-16.1836719512939
-18.5765972137451,-11.5082588195801
-4.33344697952271,-4.66894102096558
-0.192068755626678,4.23866510391235
-8.21887302398682,13.6746692657471
-20.6202507019043,24.9040107727051
-27.528881072998,34.0686149597168
-22.8964748382568,39.6064567565918
-8.87232398986816,36.8377456665039
6.72178030014038,20.486011505127
10.0074090957642,-7.98525857925415
-4.07185792922974,-36.1870079040527
-26.3353404998779,-47.6689605712891
-40.8158645629883,-44.9463844299316
-40.2298469543457,-35.9544372558594
-16.5417137145996,-15.4442071914673
25.8791770935059,12.1347789764404
52.302619934082,24.9979572296143
56.5037078857422,27.0881671905518
41.0043830871582,33.6024284362793
-3.00608491897583,34.0901184082031
-43.2309188842773,28.6464290618896
-56.0794830322266,25.2958736419678
-55.3118362426758,17.5001773834229
-38.2778434753418,-0.156369015574455
-13.0468969345093,-25.4990062713623
-2.40586996078491,-47.2816925048828
-10.2159700393677,-55.3986854553223
-25.1271858215332,-51.7188987731934
-36.1352310180664,-36.5982856750488
-34.2191352844238,-8.80823135375977
-13.6738338470459,21.7415580749512
12.8811330795288,39.2728424072266
31.1619033813477,40.1924743652344
34.2550468444824,33.5592155456543
25.806526184082,22.7749710083008
12.2301874160767,11.9201631546021
4.64702033996582,3.89711689949036
9.93287754058838,-1.60168647766113
22.0338363647461,-8.3226318359375
35.116641998291,-18.0062370300293
38.9031105041504,-28.0426654815674
34.4464874267578,-34.91455078125
25.1693592071533,-35.356517791748
10.5368499755859,-23.8054618835449
-3.11151385307312,-1.29583775997162
-11.4541873931885,22.0653610229492
-12.9594221115112,39.1546783447266
-9.99300384521484,45.8873138427734
-4.2632999420166,41.1263046264648
5.47521209716797,25.452241897583
15.4020357131958,0.77119779586792
19.0507164001465,-23.5492992401123
14.5776014328003,-38.813549041748
3.8603732585907,-40.5047950744629
-10.704701423645,-26.4017295837402
-21.814001083374,-0.0461382567882538
-21.0079383850098,29.5497779846191
-7.79653024673462,47.3850326538086
11.166919708252,46.6487007141113
29.8514518737793,28.0487194061279
38.6081161499023,-5.76895236968994
31.3527202606201,-34.4995155334473
14.5181016921997,-43.1173477172852
-6.10507249832153,-27.6589450836182
-24.9916954040527,12.3552408218384
-29.7197170257568,48.0309677124023
-23.8887615203857,61.5430068969727
-20.6292285919189,60.6703453063965
-17.0838890075684,41.970573425293
-3.4467990398407,3.78124928474426
11.75940990448,-26.363525390625
20.8716106414795,-28.8472671508789
23.4259166717529,-7.88818025588989
15.3285484313965,24.4046325683594
3.47853231430054,44.9505615234375
-3.099196434021,43.9428253173828
1.27997124195099,20.804178237915
22.936559677124,-18.3763866424561
43.1682891845703,-43.5037841796875
52.385082244873,-49.157283782959
59.4145927429199,-45.1764526367188
62.1014671325684,-34.7049446105957
56.4064178466797,-23.9461727142334
36.976993560791,-20.2359046936035
14.0016040802002,-25.6576728820801
3.16391515731812,-32.626220703125
4.19774627685547,-33.7848930358887
8.37691211700439,-27.4568557739258
7.73974466323853,-17.5072765350342
-2.21150469779968,-14.1153841018677
-17.9438152313232,-24.207971572876
-28.8554077148438,-42.0329971313477
-30.3971767425537,-55.4763488769531
-26.5806465148926,-62.4979209899902
-19.9755687713623,-63.3000183105469
-13.8711223602295,-56.3427429199219
-17.2400493621826,-35.7922210693359
-24.8163280487061,-7.15957164764404
-27.6123886108398,12.808690071106
-20.1306858062744,18.9018630981445
-1.15241253376007,15.3335590362549
19.3795299530029,7.48984670639038
31.1372680664062,1.61170744895935
29.1662673950195,0.030898017808795
13.9974279403687,-0.733827948570251
-5.37395858764648,-3.31715273857117
-22.0943794250488,-7.68567323684692
-33.2166213989258,-14.1700811386108
-38.5561332702637,-20.87766456604
-42.9998092651367,-25.994836807251
-46.7570533752441,-30.3618946075439
-47.4441146850586,-35.1147613525391
-41.5231781005859,-40.4590759277344
-24.2085971832275,-43.934268951416
6.68879461288452,-35.5617408752441
36.4893074035645,-13.1114072799683
48.335563659668,9.73934745788574
43.3004417419434,25.6263561248779
23.6495094299316,30.5850715637207
0.529024183750153,15.3356466293335
-8.84956836700439,-11.9713115692139
3.158695936203,-36.7264709472656
27.4883804321289,-45.1612091064453
48.1378593444824,-36.254020690918
58.2557067871094,-20.6605434417725
58.4911994934082,-1.41274929046631
46.6800155639648,11.1389446258545
27.3004856109619,9.58986759185791
13.9834403991699,0.325681805610657
13.6383428573608,-2.5778968334198
22.7678718566895,13.1963768005371
27.824291229248,41.5954132080078
26.8340930938721,60.8265075683594
24.2969074249268,69.6645889282227
19.8087615966797,71.3825607299805
16.158618927002,65.5461807250977
17.0450592041016,45.1230049133301
20.3546962738037,8.31240177154541
14.9744739532471,-18.5667858123779
-4.49440908432007,-24.3188285827637
-30.9257850646973,-15.9245882034302
-49.8865203857422,-5.84452724456787
-55.588249206543,-5.80235528945923
-50.442268371582,-17.0851421356201
-33.3118209838867,-31.8383197784424
-11.2437467575073,-38.8315010070801
3.30984568595886,-30.3621044158936
6.84495496749878,-5.71884727478027
1.2296576499939,24.1409549713135
-1.87100028991699,43.3931350708008
2.57079863548279,48.7038345336914
10.1186828613281,45.4712333679199
17.6861915588379,38.10498046875
16.4655113220215,31.9869632720947
6.62741613388062,30.5276584625244
-5.28752756118774,30.7335071563721
-11.4274644851685,27.5363960266113
-6.98044681549072,20.4526081085205
4.6856427192688,12.6898994445801
17.7782592773438,5.74682235717773
27.0368099212646,2.29271650314331
29.691951751709,2.43468022346497
27.0487098693848,3.11088752746582
20.6108570098877,5.06810998916626
9.71847057342529,8.64706039428711
-3.98834943771362,14.7922172546387
-16.7600860595703,24.0779075622559
-24.1582832336426,32.0633735656738
-25.3415946960449,34.7508735656738
-24.6403331756592,30.3940467834473
-25.6660232543945,17.9603080749512
-31.6278781890869,1.38602662086487
-42.4902038574219,-15.0976486206055
-50.5286979675293,-27.5128059387207
-49.4155349731445,-37.4392127990723
-38.0425567626953,-47.9541397094727
-12.9412593841553,-55.8713417053223
19.5258769989014,-52.6548156738281
43.2269515991211,-34.9521293640137
50.3998870849609,-4.54096460342407
36.011848449707,31.5404033660889
12.2435483932495,54.995548248291
-1.03884148597717,59.2079086303711
-2.77247071266174,49.5856819152832
12.4099378585815,17.062385559082
27.2737636566162,-26.172290802002
20.9653491973877,-50.0821380615234
0.0139876157045364,-53.6429252624512
-32.5339431762695,-37.5344123840332
-54.0489845275879,-5.78147840499878
-50.5867347717285,22.4808139801025
-25.0326137542725,39.3200225830078
20.7688961029053,40.3571968078613
52.8389511108398,26.1937942504883
59.4016494750977,15.937949180603
46.4428520202637,19.9081363677979
8.86397361755371,30.913257598877
-23.9171543121338,37.8227233886719
-29.5224304199219,39.8976936340332
-12.8679809570312,33.1782073974609
17.078670501709,14.2932558059692
35.8842887878418,-5.00986289978027
29.7577133178711,-14.5736351013184
2.81860899925232,-8.25728607177734
-27.6393203735352,12.8122386932373
-38.3761749267578,36.0567359924316
-29.6568775177002,52.4090919494629
-13.0633897781372,58.3982963562012
1.91839110851288,55.2648620605469
4.89754438400269,42.3620185852051
-6.35810232162476,19.2014484405518
-22.2405185699463,-6.35622310638428
-26.6892070770264,-26.2750053405762
-12.1005401611328,-39.3953895568848
15.6064214706421,-44.9655914306641
39.3555145263672,-40.600830078125
49.7616767883301,-32.5397872924805
48.1100921630859,-20.1768226623535
30.2514553070068,-6.69025611877441
4.80401563644409,0.0649275928735733
-9.98110389709473,-3.91862034797668
-10.0483274459839,-19.8352756500244
-0.177454829216003,-38.5421447753906
7.80968284606934,-48.5792007446289
9.10238933563232,-47.3915061950684
5.59149742126465,-30.5973892211914
-1.02965557575226,0.815457165241241
-2.18457341194153,31.3364353179932
4.07415437698364,46.4405555725098
12.6091051101685,44.3632888793945
17.9317054748535,27.4428672790527
13.7245655059814,-0.909612596035004
-0.0997922495007515,-23.7576522827148
-14.9429492950439,-31.0798568725586
-24.4685153961182,-25.044095993042
-26.2340869903564,-10.6005249023438
-21.4837265014648,0.454284369945526
-13.5638122558594,2.0540919303894
-5.38815498352051,-6.87794065475464
2.35722637176514,-21.4098205566406
11.6921854019165,-30.8502101898193
20.007511138916,-30.1170082092285
24.2530651092529,-18.1803512573242
21.1565818786621,1.27537834644318
8.02283763885498,19.2329730987549
-10.7182722091675,27.303617477417
-26.3399333953857,21.6517868041992
-32.0343551635742,5.38982534408569
-23.226541519165,-17.2966270446777
-3.11798572540283,-38.9590606689453
13.8354225158691,-51.2957191467285
19.8396587371826,-55.9107971191406
12.9381275177002,-56.3341865539551
-5.53032779693604,-50.9765090942383
-29.1126136779785,-39.7895469665527
-46.106315612793,-25.0148677825928
-50.5907020568848,-14.575722694397
-45.6996307373047,-14.1489953994751
-33.5965843200684,-20.6833000183105
-16.7820072174072,-32.2481346130371
-2.88833832740784,-43.1309204101562
3.40817666053772,-48.3232460021973
6.2733416557312,-47.4773101806641
3.63782405853271,-42.3810157775879
-5.81425523757935,-36.572395324707
-17.6381759643555,-32.6552391052246
-27.7146873474121,-32.2247543334961
-32.0289268493652,-34.7496223449707
-27.4282531738281,-34.7807312011719
-14.6667461395264,-24.6319828033447
2.72048687934875,-1.67120695114136
17.1619701385498,27.6631202697754
21.6576309204102,47.3958892822266
20.8787097930908,55.031665802002
21.2567920684814,54.0734100341797
27.162281036377,46.4543342590332
40.2538528442383,33.4819679260254
53.1911468505859,19.7452945709229
58.8826446533203,12.4314413070679
57.3918151855469,10.1740074157715
47.4111289978027,9.17295360565186
32.5468864440918,2.30816555023193
28.066255569458,-9.33328914642334
35.9398231506348,-17.0529918670654
48.7407875061035,-16.8813819885254
55.5385589599609,-7.78776168823242
50.1439323425293,8.1428804397583
18.8160572052002,22.8035717010498
-31.4819488525391,23.7426223754883
-60.7830810546875,13.7569246292114
-68.6286697387695,1.9887467622757
-64.9148559570312,-14.0262384414673
-45.9545402526855,-30.2193050384521
-16.1072616577148,-34.7642364501953
1.09938490390778,-24.8635101318359
-7.21677494049072,-13.0928258895874
-30.4907073974609,-3.18416595458984
-47.5660362243652,2.08853888511658
-48.7773246765137,0.543220579624176
-32.7504386901855,-0.715873658657074
2.85911059379578,1.00731718540192
36.431266784668,4.47019147872925
53.2566986083984,6.7324275970459
54.7379264831543,8.79633140563965
45.3317756652832,10.5894603729248
25.5973377227783,10.3224430084229
-0.0271401517093182,7.5533127784729
-20.170768737793,1.03654503822327
-34.8176803588867,-6.92595767974854
-42.8835258483887,-17.4774227142334
-44.2148551940918,-27.806755065918
-39.0905838012695,-34.9769744873047
-25.1992130279541,-33.949405670166
-9.1988410949707,-15.2108020782471
4.35035753250122,18.324821472168
9.98193836212158,47.9789848327637
7.81552839279175,60.5594902038574
2.89815044403076,61.9678535461426
-2.65493297576904,51.3520889282227
-2.67226099967957,20.7373714447021
2.85326504707336,-14.5477466583252
6.59296894073486,-34.835636138916
2.51213407516479,-36.554443359375
-6.01112604141235,-23.5056667327881
-11.4239158630371,-4.09795379638672
-9.75792789459229,11.9107685089111
2.45159077644348,18.3164710998535
21.7860260009766,17.9709548950195
35.4341812133789,15.3655004501343
39.2590637207031,14.52707862854
31.272970199585,16.8529891967773
14.4162216186523,21.051362991333
3.41694498062134,20.3555297851562
4.86727285385132,13.6477375030518
18.4978923797607,5.01529121398926
34.2836456298828,-2.65180158615112
39.7054138183594,-5.51842784881592
30.6631507873535,-1.32694458961487
7.30508470535278,8.24037647247314
-19.8830833435059,17.5688629150391
-35.4026565551758,23.7338523864746
-36.5661354064941,26.822193145752
-25.7858581542969,28.7512321472168
-7.7871356010437,31.4798603057861
5.32155704498291,34.250244140625
7.78149890899658,36.6655082702637
1.76223087310791,36.653190612793
-5.70089292526245,32.626636505127
-8.490065574646,26.2599754333496
-4.77979803085327,18.3020648956299
5.59984827041626,11.2065858840942
17.3665657043457,5.99734687805176
25.7468166351318,4.05348587036133
29.4266033172607,2.55597591400146
27.8357734680176,1.11859178543091
21.0102348327637,2.25868678092957
9.60155868530273,6.81426572799683
-4.67917060852051,15.3368988037109
-17.2548732757568,25.5641422271729
-23.2444953918457,33.8072319030762
-23.6774845123291,34.6709175109863
-22.1125431060791,30.5804786682129
-23.8386554718018,19.0885028839111
-33.6577529907227,3.17602396011353
-44.9319801330566,-12.2047166824341
-50.8182640075684,-25.6802196502686
-48.9190788269043,-37.4592552185059
-36.9398345947266,-48.9660530090332
-12.7926139831543,-56.565502166748
15.1759376525879,-52.2030372619629
38.0916175842285,-33.7696533203125
49.0975761413574,-5.07291173934937
43.230712890625,25.6833515167236
25.1916961669922,48.5270080566406
2.49605870246887,59.4590606689453
-19.0104236602783,57.7229270935059
-35.5275001525879,45.7685241699219
-44.2056694030762,23.2758102416992
-35.3201904296875,-4.15599203109741
-13.8439817428589,-21.6739158630371
8.61866760253906,-23.6240406036377
23.5336418151855,-9.44727802276611
25.3282318115234,11.3581533432007
18.718770980835,26.7877464294434
8.73724937438965,30.0681552886963
4.69629001617432,24.1263408660889
8.23578357696533,13.3755016326904
16.5642604827881,7.11740016937256
22.0382194519043,9.75563144683838
18.2235679626465,13.7972173690796
7.2025785446167,14.9337635040283
-7.02324485778809,6.69505786895752
-14.5423192977905,-8.71010971069336
-10.2094984054565,-23.8549404144287
1.41379308700562,-30.6917533874512
12.183422088623,-27.6155204772949
11.8320617675781,-16.5676002502441
-2.06724429130554,-1.73467314243317
-21.2434310913086,7.84955787658691
-34.1959648132324,7.35727739334106
-34.1024360656738,0.170565411448479
-22.9209003448486,-9.08735752105713
-7.51322889328003,-16.7843036651611
-0.903558254241943,-16.9878559112549
-11.5379047393799,-12.1873893737793
-33.761302947998,-5.70026683807373
-50.0604248046875,3.85640668869019
-51.9579391479492,12.0782022476196
-37.399543762207,16.8293991088867
-1.13800740242004,19.4292163848877
36.4379501342773,12.9274797439575
51.7178535461426,-0.588106215000153
45.110897064209,-11.2500104904175
17.7527904510498,-16.5500640869141
-19.3816165924072,-11.0600290298462
-40.6329803466797,2.89293122291565
-38.783275604248,15.024995803833
-18.9434070587158,16.6433849334717
9.9422721862793,2.01630449295044
27.9518508911133,-21.4931201934814
25.0050563812256,-43.5576438903809
9.87233448028564,-54.3769607543945
-5.46748781204224,-53.9590034484863
-6.49943971633911,-46.2113265991211
10.1272430419922,-36.7872200012207
34.5817718505859,-32.5700607299805
50.1088600158691,-37.5139503479004
51.9399871826172,-47.2294998168945
47.9958953857422,-54.8212242126465
42.8812294006348,-54.2965850830078
40.6068840026855,-43.5601501464844
35.8032875061035,-16.8646812438965
29.9215984344482,14.2725877761841
31.8088836669922,28.2698078155518
37.6841011047363,21.9620189666748
43.8179817199707,3.17957305908203
42.4256935119629,-16.0369071960449
34.2162132263184,-24.709436416626
17.7162551879883,-15.9456739425659
-6.52657985687256,4.03720188140869
-25.8727054595947,20.5016708374023
-36.6500587463379,24.2252979278564
-37.1152000427246,14.2467002868652
-25.5388813018799,-0.378500729799271
-6.18085622787476,-9.45625495910645
13.0585880279541,-8.50029563903809
22.0146293640137,1.1112847328186
17.9964256286621,8.49048328399658
2.515056848526,6.84391117095947
-17.1711559295654,-4.94848442077637
-30.0115795135498,-20.5816287994385
-33.7913665771484,-29.844144821167
-30.1994724273682,-28.692985534668
-23.6783199310303,-17.6233520507812
-20.5012531280518,-1.08268320560455
-24.3505611419678,12.9475221633911
-33.2193374633789,17.9519577026367
-39.2427787780762,15.0550594329834
-36.6072616577148,6.23054361343384
-20.1083469390869,-2.82800364494324
4.98898601531982,-10.7374782562256
27.1167678833008,-14.8748903274536
36.3936882019043,-15.3767747879028
32.4143180847168,-16.2723999023438
20.9283962249756,-15.3870038986206
10.9654560089111,-13.3750839233398
12.6859331130981,-11.8592023849487
26.0301189422607,-12.006175994873
41.5016746520996,-15.3556880950928
47.1188507080078,-20.0425834655762
42.1417655944824,-22.6449069976807
23.4267520904541,-21.2904052734375
-4.72092485427856,-15.576358795166
-24.6635074615479,-8.97420406341553
-26.6864929199219,-4.71173906326294
-10.4742193222046,-2.07016730308533
10.6627388000488,-1.09395682811737
23.4902172088623,4.23615980148315
20.8014640808105,17.9813938140869
5.51926279067993,36.6099739074707
-8.22764110565186,50.8028144836426
-11.9176578521729,56.6037063598633
-4.50484752655029,55.4354286193848
11.66796875,45.3242607116699
26.7503757476807,28.6771183013916
28.5288906097412,15.4859609603882
12.2934446334839,13.4613056182861
-19.166166305542,18.8233642578125
-44.7484703063965,23.3538913726807
-54.9980545043945,21.7094058990479
-57.0247955322266,10.9669170379639
-51.0007286071777,-3.54575634002686
-39.2346382141113,-13.5888643264771
-30.5527114868164,-10.3865356445312
-29.1103172302246,2.92904853820801
-30.6608543395996,17.8076972961426
-33.4093170166016,27.3629093170166
-34.2433547973633,25.9461936950684
-31.341028213501,19.1534309387207
-26.4781398773193,13.5183000564575
-20.8555355072021,15.5899286270142
-14.6872053146362,25.6278171539307
-5.47187185287476,37.2926559448242
9.28631591796875,40.9189949035645
27.9789905548096,32.4836273193359
44.6438789367676,15.5222873687744
51.5786056518555,3.69753241539001
46.9272003173828,7.53786373138428
26.6812725067139,27.1090431213379
-2.79627060890198,48.9257583618164
-22.3870754241943,57.5803337097168
-33.6285247802734,54.2746658325195
-44.7100563049316,36.3101806640625
-46.6654014587402,2.08916521072388
-40.6039619445801,-28.1627082824707
-35.5320930480957,-40.2022895812988
-31.029125213623,-38.5861968994141
-22.6165142059326,-26.2862796783447
-4.44868803024292,-13.4055643081665
19.6626224517822,-10.8224487304688
37.0210456848145,-20.3467617034912
38.3945465087891,-33.2293548583984
25.5714492797852,-41.2962455749512
-1.60732328891754,-39.1479988098145
-31.1305885314941,-23.325080871582
-47.1006889343262,-2.82591605186462
-46.4848136901855,17.1175022125244
-33.037914276123,32.1711006164551
-17.6279449462891,39.695182800293
-12.1859273910522,41.3171234130859
-22.7411499023438,34.205150604248
-42.049072265625,17.4807624816895
-53.7942848205566,-4.72196865081787
-50.7449836730957,-27.4226169586182
-29.0710678100586,-46.288990020752
9.91596698760986,-51.2078285217285
43.8783149719238,-34.914134979248
59.1398506164551,-7.48170471191406
52.8285140991211,23.1006526947021
23.6115131378174,47.4038238525391
-14.8237419128418,51.5744285583496
-41.2478103637695,42.7430229187012
-48.8443374633789,33.5798835754395
-40.4331893920898,30.9253673553467
-13.272159576416,37.3615493774414
20.589771270752,43.3845748901367
43.048454284668,38.3231468200684
51.8752670288086,24.4175758361816
53.4736137390137,-0.351778119802475
42.9125442504883,-32.902214050293
24.1756114959717,-55.4158020019531
8.97670936584473,-63.6943855285645
-3.2234148979187,-62.7396774291992
-13.3155841827393,-55.2636108398438
-21.1455173492432,-40.7918548583984
-24.630521774292,-19.8672161102295
-22.6774749755859,3.32132816314697
-17.7703266143799,27.0295028686523
-9.61617279052734,44.5624580383301
-0.630695343017578,52.6640014648438
8.83161354064941,50.3946685791016
22.8056602478027,37.3738670349121
39.3185615539551,15.3767747879028
50.4575080871582,-4.09878921508789
54.5141258239746,-8.24058532714844
51.5898780822754,3.76350378990173
32.6159896850586,25.0202960968018
1.49312579631805,39.548210144043
-26.6334648132324,38.6605186462402
-41.3632583618164,23.1897983551025
-38.2889060974121,0.181212693452835
-19.0156421661377,-18.7521743774414
7.30988645553589,-23.029670715332
24.9873104095459,-10.3575162887573
28.0942306518555,9.62264442443848
19.2968559265137,26.1892013549805
8.42033576965332,30.758768081665
3.97958111763,23.9156913757324
7.94079065322876,13.6585941314697
17.5056056976318,5.66519355773926
23.4641208648682,7.52554607391357
19.6014518737793,13.4571304321289
6.19901943206787,15.0181064605713
-8.81804370880127,7.52596378326416
-14.9840774536133,-8.07920551300049
-9.3785924911499,-24.0918941497803
3.23072171211243,-31.9928092956543
12.3788318634033,-27.8217868804932
9.4696159362793,-14.7903385162354
-4.91633415222168,0.906689822673798
-21.5538730621338,9.40176582336426
-31.3276672363281,6.40027379989624
-30.3362159729004,-2.03217101097107
-21.6267337799072,-9.52535820007324
-12.7197532653809,-12.2285165786743
-10.4585618972778,-10.301983833313
-15.121865272522,-10.8598184585571
-22.247407913208,-16.3943214416504
-27.1050777435303,-20.8572063446045
-27.6128063201904,-17.4229335784912
-20.9288139343262,-2.07872676849365
-3.94513416290283,21.0983352661133
18.5308780670166,38.2181358337402
39.9837036132812,38.0444374084473
51.6456184387207,25.1353282928467
52.4502220153809,6.87000703811646
35.1801071166992,-11.1205720901489
4.42822885513306,-22.4259071350098
-17.9406833648682,-23.1087951660156
-22.1916656494141,-18.2720012664795
-7.00362014770508,-15.0471258163452
14.7266635894775,-13.1406345367432
24.6440925598145,-7.67231178283691
16.9124889373779,3.94116735458374
-5.68544387817383,22.9123420715332
-23.6158981323242,43.3211097717285
-21.4757919311523,56.7809524536133
-4.78063297271729,63.5446968078613
21.1592960357666,59.8177261352539
43.2766418457031,46.3023490905762
50.1349563598633,30.9913387298584
33.9579658508301,15.0389842987061
-8.30008411407471,3.22487616539001
-46.0177955627441,7.55393886566162
-55.8220710754395,25.2073535919189
-46.3067321777344,45.0954475402832
-26.3906650543213,60.4511375427246
-5.49066114425659,66.5044326782227
5.22573184967041,65.9822998046875
3.36141204833984,63.4100379943848
-5.76373291015625,60.2926788330078
-11.7462568283081,57.8713607788086
-7.13201427459717,57.0285568237305
6.1994366645813,53.7278938293457
24.2605800628662,44.1783180236816
37.0141563415527,25.1653919219971
38.2788848876953,0.673910796642303
28.9990425109863,-22.3808116912842
17.6402626037598,-39.1707534790039
11.8631687164307,-43.436767578125
12.8888578414917,-40.5279693603516
15.1452484130859,-30.6644039154053
10.4619016647339,-15.9511013031006
-1.8175550699234,1.33759188652039
-18.0135440826416,17.7421436309814
-28.8036327362061,26.8737602233887
-31.9575271606445,27.9004917144775
-28.6038398742676,15.655065536499
-23.2630767822266,-9.78444194793701
-22.7695426940918,-35.1778106689453
-26.5952606201172,-46.886905670166
-32.0704727172852,-43.8743515014648
-30.4015617370605,-28.2353610992432
-10.8368530273438,4.73073720932007
23.330717086792,33.729362487793
51.6698379516602,36.006420135498
64.2344741821289,27.0443248748779
65.7378311157227,15.3279218673706
56.8298072814941,3.34805083274841
37.1415061950684,-8.42304992675781
17.6523723602295,-15.005163192749
15.2982769012451,-15.228964805603
29.5577125549316,-14.1339645385742
44.2382354736328,-13.7821865081787
48.8850479125977,-14.0039005279541
40.1603240966797,-6.49171543121338
10.3717126846313,10.8829917907715
-26.1173839569092,31.0051174163818
-42.8626480102539,41.7221374511719
-45.0703964233398,41.8661880493164
-42.3745422363281,29.0879783630371
-27.0514240264893,0.854705989360809
-8.41156768798828,-24.8873100280762
-2.20649433135986,-36.6930656433105
-8.19924831390381,-35.156307220459
-18.8331775665283,-26.0866947174072
-26.1910800933838,-21.2054347991943
-26.5522537231445,-27.4493389129639
-19.8277587890625,-43.2641143798828
-13.1456451416016,-55.9876251220703
-11.3274641036987,-60.6039581298828
-13.3481521606445,-57.9245986938477
-20.1306858062744,-47.4282493591309
-27.7794055938721,-34.3469047546387
-29.8065662384033,-29.2153282165527
-21.4244346618652,-35.018310546875
-5.90110397338867,-39.435474395752
11.7312259674072,-32.6740264892578
23.7309303283691,-10.6587724685669
21.3112812042236,22.2066974639893
8.9944543838501,46.1595497131348
-6.47605752944946,53.1205825805664
-19.1826591491699,45.0731086730957
-20.2845478057861,21.3515739440918
-2.53697776794434,-3.6271767616272
25.5944156646729,-13.7109956741333
46.5357551574707,-6.63367938995361
52.2980270385742,8.01385974884033
44.2033729553223,20.1799545288086
18.2684535980225,19.8442516326904
-15.863000869751,2.25534653663635
-35.5124702453613,-15.3208236694336
-35.4940986633301,-22.4353008270264
-20.007511138916,-15.2222843170166
2.38666319847107,5.69692659378052
14.7707138061523,23.9921016693115
8.60697650909424,29.0812969207764
-13.1329097747803,19.5563583374023
-37.2728233337402,-2.36265444755554
-46.8370094299316,-21.4924945831299
-41.9342460632324,-33.0249710083008
-25.5534954071045,-38.7500801086426
-2.23426079750061,-32.5953216552734
11.5067977905273,-20.637788772583
7.00111484527588,-8.77503681182861
-12.6091051101685,1.77663600444794
-35.2458686828613,8.02784824371338
-46.922607421875,9.31554317474365
-46.8493270874023,4.18062686920166
-38.0340003967285,-9.98110389709473
-25.088773727417,-29.4460201263428
-16.3868045806885,-44.0478401184082
-16.0026683807373,-47.6806526184082
-20.188304901123,-37.0222969055176
-24.0996189117432,-12.844181060791
-18.8452854156494,13.4383411407471
-3.6885552406311,25.2868957519531
16.5239677429199,15.6596584320068
35.7550621032715,-9.68318843841553
41.3611717224121,-32.2948989868164
35.4310493469238,-42.0346641540527
23.1206951141357,-36.658618927002
-1.82945489883423,-16.1260509490967
-29.9051055908203,6.91029977798462
-45.6075630187988,17.1648921966553
-50.8694114685059,10.5032386779785
-44.5634994506836,-2.71359753608704
-23.4783172607422,-10.5433225631714
4.64200973510742,-3.22508502006531
26.0503692626953,17.3586311340332
29.8157520294189,32.8717346191406
16.2483901977539,35.6070442199707
-11.8017902374268,18.1373443603516
-39.1778526306152,-12.8596296310425
-49.0090560913086,-30.6168041229248
-44.8699760437012,-35.9811592102051
-23.7954406738281,-28.9311923980713
12.8972082138062,0.960135042667389
42.4960479736328,25.9656085968018
53.6709022521973,29.2842235565186
53.5416717529297,25.2144527435303
42.8578453063965,14.518310546875
21.5463562011719,2.03864288330078
-0.969738483428955,-0.912326633930206
-17.9068622589111,5.76582050323486
-25.3522415161133,10.6285009384155
-24.7545318603516,5.46707010269165
-16.9081058502197,-10.9994859695435
-0.858881413936615,-29.7752513885498
17.8788871765137,-37.7717819213867
32.153980255127,-32.1577377319336
38.1786766052246,-15.5485925674438
30.9934253692627,4.85599946975708
8.72347068786621,15.6383638381958
-19.337984085083,15.0291719436646
-41.1505241394043,4.98627185821533
-47.9894218444824,-2.28227782249451
-42.8041915893555,0.173905730247498
-28.8526935577393,11.96337890625
-16.41770362854,26.1994304656982
-14.695556640625,30.5827751159668
-25.1958713531494,19.2801551818848
-41.0398750305176,-4.2597508430481
-46.9092445373535,-25.0021324157715
-39.4793167114258,-36.2285537719727
-13.5362548828125,-38.1611404418945
28.1616649627686,-25.5635166168213
58.4634323120117,-11.6036672592163
68.760612487793,-8.61678886413574
69.8608322143555,-9.79028701782227
65.1716461181641,-9.64206027984619
51.7811126708984,-4.66267776489258
27.6925563812256,5.21946859359741
7.61218595504761,17.1795063018799
2.2818603515625,23.2566032409668
10.0330877304077,15.4310550689697
22.4659900665283,-8.28463554382324
28.6247177124023,-36.8644676208496
21.4265232086182,-54.6293640136719
8.89278316497803,-59.2715835571289
-6.90821218490601,-51.4721298217773
-22.3801860809326,-26.900691986084
-25.6919097900391,7.35727739334106
-10.3767232894897,33.3134918212891
17.9719982147217,41.7421798706055
43.5163078308105,32.7011680603027
55.2039031982422,16.6369132995605
53.1222534179688,2.39960694313049
34.5525436401367,-9.52723693847656
4.19962501525879,-18.4440288543701
-19.5158557891846,-20.9183750152588
-21.6519947052002,-20.2818355560303
-6.22135782241821,-18.7003993988037
13.8418941497803,-14.8561010360718
23.8893871307373,-7.27439546585083
16.3650932312012,5.25245428085327
-5.60256242752075,22.9140110015869
-22.9538860321045,41.7676467895508
-21.178503036499,54.9231071472168
-3.89962220191956,62.4663963317871
23.521951675415,59.9168930053711
44.6783256530762,46.3509941101074
50.7040634155273,29.6184635162354
33.9773826599121,11.4379034042358
-9.85458850860596,-3.08124208450317
-46.4670715332031,5.7871150970459
-52.8571128845215,31.2625312805176
-40.753231048584,53.0055503845215
-23.6518058776855,61.8528213500977
-11.7172384262085,56.8435859680176
-8.2735710144043,33.066722869873
-14.6391887664795,0.410025060176849
-26.6180152893066,-11.9270524978638
-36.1421203613281,-0.145512968301773
-40.6565704345703,17.1277313232422
-40.7415428161621,23.2060813903809
-44.4630813598633,5.72009992599487
-48.0814895629883,-26.290454864502
-48.9334831237793,-45.617374420166
-51.7130508422852,-49.8015518188477
-50.4977989196777,-46.9422302246094
-44.4513931274414,-32.6001243591309
-27.3812808990479,-0.86076033115387
-3.37435579299927,26.8862857818604
14.5312538146973,30.3376789093018
22.6027355194092,13.6228942871094
19.8989505767822,-11.1026182174683
10.4869546890259,-30.2627296447754
1.78498685359955,-35.9813690185547
-2.03363227844238,-27.3892135620117
-1.81818127632141,-12.3318586349487
0.946982502937317,-1.5213098526001
-0.762429475784302,1.82214796543121
-9.43913555145264,-0.659088134765625
-21.0607566833496,-1.8117094039917
-30.1147117614746,2.77936029434204
-31.0925922393799,11.2784032821655
-23.2526378631592,18.0937118530273
-11.5928106307983,11.8433351516724
-0.200002029538155,-8.13599109649658
4.66059017181396,-35.4863739013672
-0.556999385356903,-51.9587745666504
-10.477560043335,-52.3070030212402
-21.5311164855957,-38.2774238586426
-30.834342956543,-7.82993364334106
-32.8391647338867,23.6075477600098
-25.5008850097656,43.184154510498
-12.4888534545898,49.3458061218262
3.40253973007202,46.5006828308105
22.4482440948486,38.8216896057129
35.0700836181641,27.8063373565674
38.1770057678223,14.4289569854736
32.8351974487305,-4.36893796920776
19.4104270935059,-27.0877494812012
5.06852769851685,-44.7079696655273
-3.65035033226013,-49.5376663208008
-5.12197256088257,-40.4425811767578
-2.39188241958618,-13.1562929153442
-2.76119709014893,21.7112846374512
-10.5360155105591,41.1640930175781
-24.1244621276855,41.9530372619629
-38.3983039855957,28.4351539611816
-42.5795555114746,12.1554470062256
-32.0990753173828,9.67943000793457
-5.98857879638672,26.3144645690918
22.9202747344971,45.7797966003418
36.8229217529297,51.3619003295898
37.2233428955078,50.313663482666
22.739896774292,34.2711219787598
-4.86080121994019,-4.77061223983765
-25.738676071167,-35.7199859619141
-30.9520893096924,-43.076847076416
-23.0146389007568,-34.4928359985352
-4.68981790542603,-10.715558052063
15.3911790847778,9.82264709472656
27.7994480133057,11.3857107162476
33.9838523864746,-0.993955850601196
37.7989234924316,-12.1095180511475
43.5010681152344,-8.77587223052979
48.6654205322266,8.61992073059082
48.4589462280273,27.2201099395752
41.9010543823242,36.641918182373
26.8061180114746,27.7432880401611
6.50758171081543,-8.72848129272461
-4.63804292678833,-45.3941993713379
-2.28290414810181,-58.4454803466797
13.1608858108521,-53.8792533874512
35.3863716125488,-24.1739406585693
44.6952362060547,19.1415309906006
37.623348236084,43.8854141235352
20.9949951171875,50.7714958190918
-2.73510098457336,38.386402130127
-18.0640659332275,8.15457153320312
-13.7638139724731,-15.1734323501587
4.97917366027832,-21.8712043762207
27.2155170440674,-15.5020370483398
39.7987327575684,-6.09442520141602
40.7409172058105,-2.95869398117065
32.1807022094727,-4.62969207763672
19.4486312866211,-7.65164375305176
10.2836122512817,-5.89546728134155
6.98295211791992,3.61652946472168
5.95830678939819,14.3982677459717
2.40524363517761,19.2154350280762
-5.4992208480835,15.3072538375854
-16.4788722991943,1.09103405475616
-24.6992073059082,-16.2517318725586
-27.0823211669922,-28.690896987915
-21.6559619903564,-32.7126502990723
-11.0631608963013,-28.9433002471924
1.02297496795654,-19.0868320465088
14.9924278259277,-6.25183820724487
29.2034282684326,6.64557886123657
42.8889541625977,21.0204639434814
54.739387512207,30.2671146392822
61.8037605285645,33.8527450561523
63.6931304931641,34.393253326416
58.2978782653809,32.7794570922852
40.1438331604004,21.6250629425049
4.69482851028442,-6.51614141464233
-27.4919281005859,-28.1940231323242
-38.6676177978516,-30.4343395233154
-31.2581462860107,-21.0797557830811
-6.86207389831543,-3.42529582977295
18.3584327697754,10.2099161148071
31.8971920013428,10.1583499908447
27.697566986084,0.325473040342331
9.70030784606934,-10.0953006744385
-9.81972408294678,-8.50948143005371
-20.4697284698486,8.20885181427002
-15.6832494735718,29.3378772735596
-1.00940489768982,41.0457191467285
14.1792669296265,36.9160346984863
21.3941631317139,17.6657333374023
16.7250137329102,-5.88127088546753
1.25596261024475,-17.7181339263916
-18.2958011627197,-6.30820608139038
-33.3986701965332,18.9091701507568
-38.2191772460938,38.4676132202148
-38.9283714294434,43.4384384155273
-41.7242240905762,33.3266448974609
-42.6778869628906,9.81346130371094
-38.2404708862305,-8.99278450012207
-32.1729774475098,-6.54662179946899
-24.8562030792236,20.2434215545654
-13.5757122039795,51.5821533203125
-2.11797571182251,64.9438781738281
2.9248731136322,64.051383972168
2.84554052352905,46.3029747009277
6.71468210220337,-0.423177570104599
8.55791568756104,-44.2935600280762
9.65688323974609,-57.049430847168
18.8344287872314,-51.2456169128418
32.8477249145508,-25.6875267028809
44.8092231750488,6.63660192489624
52.4447937011719,22.8929252624512
56.1773986816406,21.9760055541992
56.9272994995117,8.1155309677124
52.8032493591309,-13.2205934524536
41.7899856567383,-33.9884452819824
29.2351608276367,-47.3756370544434
20.0254650115967,-51.779857635498
15.8245868682861,-50.9900817871094
13.2189235687256,-46.8720855712891
7.13911247253418,-39.6667900085449
-3.92342185974121,-29.5533275604248
-13.5594282150269,-18.0799331665039
-16.2488079071045,-6.94432973861694
-3.99962306022644,-1.30147457122803
26.2988052368164,0.855749845504761
54.143138885498,-1.69083142280579
66.5127868652344,-7.05977964401245
68.3428649902344,-7.80049705505371
61.8014640808105,-0.725268363952637
32.7688102722168,11.9594116210938
-16.0189514160156,21.6517868041992
-43.5474166870117,28.2259654998779
-46.4463996887207,31.8644161224365
-37.0314826965332,32.6807098388672
-18.9137630462646,29.2660598754883
-9.48589992523193,18.5955963134766
-21.9653587341309,3.0480477809906
-46.514461517334,-10.2606468200684
-62.5901985168457,-13.4796781539917
-67.8374328613281,-11.7928133010864
-64.9163208007812,-10.3069944381714
-53.7832183837891,-4.62885713577271
-34.4258193969727,6.93284702301025
-21.8171329498291,17.9154224395752
-29.4881916046143,18.6816101074219
-46.3578834533691,9.33370685577393
-56.9774055480957,-4.07624197006226
-56.5360641479492,-18.2367191314697
-42.5144195556641,-32.2852973937988
-12.3318586349487,-39.1872444152832
19.6239986419678,-29.9011383056641
36.6058006286621,-11.1696338653564
37.6381683349609,8.74017238616943
26.5161361694336,23.2142238616943
11.0702590942383,27.8144798278809
-1.20585775375366,21.7236022949219
-8.92931842803955,6.65580892562866
-12.4408359527588,-5.24452114105225
-16.7989177703857,-9.2898645401001
-24.3253002166748,-2.30774784088135
-31.9391555786133,12.1938610076904
-38.0701141357422,22.2764263153076
-41.5354957580566,20.410228729248
-45.6086044311523,0.051148746162653
-48.7019577026367,-26.7896251678467
-50.025562286377,-43.5749740600586
-52.594482421875,-48.1585273742676
-51.855224609375,-44.7576560974121
-45.8797988891602,-32.5139007568359
-28.2155265808105,-2.13634729385376
-1.78561317920685,26.4336719512939
16.147346496582,30.3633575439453
23.4866695404053,14.2153844833374
20.0139827728271,-11.8116025924683
9.88131141662598,-31.391134262085
0.937587797641754,-35.7492141723633
-2.88437175750732,-27.2215709686279
-1.96035397052765,-12.6422996520996
-0.288938224315643,-2.20628547668457
0.0851783156394958,0.857211232185364
-6.33806037902832,0.619212985038757
-18.8747215270996,0.209396705031395
-29.6144981384277,3.8635048866272
-33.7899055480957,11.2752714157104
-29.0439281463623,15.7139387130737
-11.8733987808228,12.6706924438477
13.501181602478,-0.92527037858963
36.8870124816895,-17.8657341003418
48.1121788024902,-26.664571762085
50.6729583740234,-27.4954776763916
48.1712608337402,-20.1642971038818
38.7878684997559,-11.1312198638916
26.7307529449463,-9.05186653137207
19.0745162963867,-14.5961818695068
17.0680236816406,-22.2267398834229
18.1131286621094,-22.9889602661133
16.4458866119385,-10.9136810302734
7.51552534103394,11.3176517486572
-5.35266399383545,33.383430480957
-12.9901113510132,44.4267578125
-9.3861083984375,44.356819152832
10.1128377914429,32.2264251708984
40.7419586181641,12.5796689987183
61.3478050231934,-1.20585775375366
68.4589462280273,-2.65368032455444
67.8524627685547,8.21135711669922
55.1391830444336,28.0029983520508
29.7861061096191,46.9326286315918
4.83533096313477,52.5571098327637
-5.02802610397339,45.8223876953125
6.74975538253784,30.5518760681152
31.0324668884277,12.2404165267944
48.4153137207031,-0.77119779586792
50.122428894043,-5.02301549911499
33.3287315368652,-0.722971856594086
-5.41821813583374,5.75016307830811
-45.1184120178223,8.90259552001953
-62.3705711364746,9.62911701202393
-65.7146530151367,5.93680381774902
-61.8183746337891,-2.83802461624146
-47.0445289611816,-11.6328945159912
-23.9261302947998,-11.1264181137085
-7.03347444534302,1.56807434558868
-6.76917123794556,22.3835258483887
-16.9523639678955,41.9599266052246
-26.5403537750244,52.6115989685059
-32.01953125,55.1859474182129
-34.9126739501953,49.9587554931641
-31.5021991729736,38.3498687744141
-16.4162425994873,21.3927021026611
2.63050699234009,9.38088893890381
13.791163444519,10.7028226852417
15.3368988037109,21.789155960083
8.08734703063965,32.6894760131836
-2.53447246551514,33.6170425415039
-9.87504863739014,18.0415191650391
-8.44851970672607,-14.584490776062
-2.9250819683075,-45.9219703674316
-0.00313155585899949,-61.3607482910156
1.25095212459564,-64.5102615356445
2.46954488754272,-59.0225219726562
2.20148372650146,-40.2534370422363
3.23155689239502,-10.0955095291138
11.2086734771729,14.7139282226562
24.2119369506836,24.0447120666504
34.9535903930664,19.889347076416
35.1030693054199,8.42889595031738
18.3525867462158,-4.25348806381226
-15.3909711837769,-15.5757322311401
-46.3226013183594,-17.7314949035645
-60.9693031311035,-11.3951053619385
-62.3183784484863,-5.48398065567017
-50.9337120056152,2.52257251739502
-18.3120861053467,17.3554992675781
21.3119087219238,31.4518852233887
44.0927238464355,34.5817718505859
50.6902847290039,31.9424953460693
48.4549827575684,27.5163555145264
39.7665824890137,18.9657459259033
25.659969329834,7.56938791275024
12.6765384674072,1.46849095821381
1.85241973400116,5.05454015731812
-6.73075723648071,15.6540212631226
-10.5197315216064,26.6357612609863
-8.14935207366943,33.0796699523926
1.2910361289978,29.0977916717529
12.8669366836548,13.1460628509521
17.9250259399414,-10.6092939376831
12.3454284667969,-35.9692611694336
-2.24115014076233,-50.8560485839844
-17.0513210296631,-54.4658966064453
-22.8202743530273,-51.98779296875
-12.1001234054565,-40.6983261108398
16.3490180969238,-15.6444177627563
45.248477935791,10.9817399978638
56.5427474975586,22.3146324157715
53.1452178955078,24.2764472961426
30.6278686523438,13.612455368042
-7.80300235748291,-16.5529861450195
-30.0621013641357,-41.6818428039551
-26.3271980285645,-53.7345771789551
-3.13239097595215,-58.4218902587891
29.7723274230957,-48.4355659484863
52.3003234863281,-28.268762588501
58.126895904541,-8.44204807281494
46.1468162536621,8.57023334503174
18.7463283538818,17.0385875701904
-3.56057906150818,19.5824546813965
-7.67836618423462,23.4618244171143
0.813995778560638,30.8779754638672
9.98757553100586,39.9482154846191
6.70820999145508,44.7025413513184
-10.7209854125977,43.979362487793
-31.0307960510254,34.0575485229492
-41.830696105957,19.1145992279053
-36.0492172241211,5.14431142807007
-15.4014091491699,-5.59254121780396
7.57815647125244,-10.2266178131104
14.6260356903076,-8.84664535522461
1.30439734458923,-5.82177114486694
-26.2779293060303,-4.84785747528076
-47.6735534667969,-4.41444969177246
-53.0017929077148,-5.28481388092041
-43.4641151428223,-10.7836170196533
-17.7580089569092,-18.1173038482666
5.72009992599487,-26.3357582092285
11.2654590606689,-33.9713249206543
0.794788897037506,-36.8663444519043
-15.2844982147217,-28.2483043670654
-20.5565757751465,-1.9874941110611
-7.19046974182129,32.7527351379395
17.6436023712158,54.5558776855469
36.1233329772949,56.3323059082031
40.9749488830566,50.77734375
31.5696315765381,31.3633670806885
2.35305118560791,-13.6984691619873
-26.157886505127,-47.2570571899414
-37.5784606933594,-51.9554328918457
-33.5838470458984,-49.9094848632812
-11.3744373321533,-35.0671615600586
20.0250473022461,-7.38984537124634
43.6956443786621,7.28065872192383
53.0878067016602,1.78018510341644
53.6646385192871,-11.6548156738281
48.56103515625,-23.5818691253662
39.814811706543,-28.4942359924316
24.5033798217773,-23.4108848571777
0.0475996509194374,-15.0521364212036
-24.1879291534424,-10.3199377059937
-37.6112403869629,-15.5867977142334
-36.6179084777832,-27.8737697601318
-23.1058712005615,-37.6337852478027
-3.60358572006226,-38.3966331481934
9.3788013458252,-25.4658126831055
6.42678785324097,-3.59272956848145
-13.5654821395874,11.9930238723755
-37.5995483398438,10.5543870925903
-48.2771072387695,-7.81740713119507
-40.8895606994629,-34.875301361084
-15.5467138290405,-56.1304244995117
13.3061895370483,-60.7970695495605
32.6974105834961,-50.5771331787109
36.8653030395508,-23.853687286377
10.7003173828125,18.2893295288086
-23.1382312774658,47.0710411071777
-36.1131019592285,54.5308265686035
-36.6995391845703,54.4483604431152
-28.6188716888428,47.9138488769531
-8.51824951171875,36.7149887084961
9.28777694702148,25.3280239105225
8.72931671142578,20.1045894622803
-8.61637115478516,17.7926654815674
-28.3965301513672,13.2322845458984
-37.1135292053223,2.27831125259399
-32.8184967041016,-15.6604928970337
-16.9479808807373,-34.7890815734863
-3.23176574707031,-47.9338912963867
-2.42090153694153,-49.4533195495605
-15.0993185043335,-39.0350532531738
-32.0830001831055,-15.5957746505737
-37.877628326416,10.4170160293579
-26.6768894195557,27.9042510986328
0.34593254327774,28.4802474975586
32.5493927001953,9.79049587249756
47.5672912597656,-18.7924671173096
40.5262985229492,-43.1190185546875
21.8269443511963,-54.6372985839844
-6.71990156173706,-53.0207901000977
-33.6656875610352,-34.6147575378418
-47.26123046875,-3.2806179523468
-44.5382385253906,27.6862945556641
-32.2761116027832,48.4455871582031
-23.8925189971924,56.8214530944824
-22.5517959594727,57.8076858520508
-29.1357860565186,51.7218208312988
-38.0962104797363,38.6058197021484
-39.0807723999023,20.6250534057617
-25.4706134796143,-1.83509171009064
2.37622451782227,-20.4684753417969
30.1727485656738,-30.2218112945557
45.8209266662598,-31.267749786377
51.0015640258789,-26.2297039031982
48.9802474975586,-16.9540348052979
38.6980972290039,-10.6925926208496
26.0647735595703,-11.1270446777344
18.3619823455811,-17.101634979248
16.6655139923096,-23.848258972168
17.4575881958008,-21.6271514892578
15.4515142440796,-9.1915340423584
8.14705562591553,12.224967956543
-2.98666930198669,33.0619239807129
-9.87254333496094,43.7004432678223
-7.60320901870728,43.8733062744141
9.52034759521484,31.2241172790527
39.4715919494629,12.4621305465698
60.8603248596191,-2.27789378166199
68.7416152954102,-5.06623125076294
68.9614562988281,5.43533706665039
56.8264656066895,26.0962982177734
27.840784072876,46.9359664916992
0.175158351659775,52.7026252746582
-5.80089426040649,46.3393020629883
14.1828165054321,29.9180488586426
40.6542739868164,9.51992988586426
51.2485389709473,-3.01694083213806
41.4342422485352,-5.16477060317993
12.9078559875488,-0.32714319229126
-10.1781826019287,6.73284530639648
-9.03286838531494,9.42243385314941
16.6231327056885,8.52764415740967
42.5411415100098,7.24078369140625
49.393611907959,9.00969505310059
37.235034942627,19.7227478027344
11.1333074569702,33.6009674072266
-6.2683310508728,42.4133758544922
-4.19774627685547,40.1189880371094
10.3543853759766,23.2682952880859
20.1663837432861,-7.59548425674438
9.53224754333496,-39.4761848449707
-20.1200370788574,-52.4072151184082
-48.3572769165039,-43.175594329834
-62.9496994018555,-24.2442970275879
-63.3624382019043,-3.73281455039978
-47.0608139038086,13.8544206619263
-9.85521507263184,22.8192291259766
26.2925434112549,14.1880359649658
40.0918464660645,-3.83406829833984
33.4349937438965,-18.2753429412842
16.6174964904785,-22.1933364868164
-1.67663502693176,-12.8139085769653
-12.9815521240234,0.50251030921936
-17.1350383758545,7.83327388763428
-19.4150199890137,1.59751105308533
-24.0202865600586,-17.2552909851074
-29.7328701019287,-33.1498146057129
-32.3195343017578,-37.483470916748
-28.8098964691162,-30.8328819274902
-14.0684099197388,-10.9650382995605
8.00133419036865,13.6851081848145
27.6963157653809,27.4802379608154
37.7314910888672,27.8055019378662
35.8661270141602,17.84130859375
25.2522392272949,1.48122596740723
11.2980270385742,-15.2640380859375
2.99731659889221,-25.0622596740723
2.44261360168457,-28.1743984222412
7.69903469085693,-27.8781547546387
14.4419002532959,-27.1848278045654
17.2394237518311,-26.0597648620605
15.6149816513062,-27.7163562774658
8.68088150024414,-32.2928123474121
-1.9317524433136,-37.8208427429199
-14.7905473709106,-46.528450012207
-26.1167583465576,-52.0191078186035
-34.6251945495605,-52.9034614562988
-38.1955871582031,-49.8835983276367
-36.6206245422363,-41.3064727783203
-31.6552276611328,-18.2218971252441
-25.4902381896973,12.2713146209717
-22.9774780273438,31.7825775146484
-24.9209213256836,35.8926391601562
-30.2088661193848,24.9159107208252
-29.6700305938721,8.21323585510254
-16.0483894348145,-2.44115209579468
10.0172204971313,1.92381918430328
38.1987190246582,20.4941539764404
52.623291015625,35.4648704528809
53.2341537475586,44.9417915344238
44.554313659668,51.8773536682129
26.5530891418457,53.6143226623535
5.84056043624878,39.3722152709961
1.82277429103851,9.12222194671631
15.6936874389648,-17.5920372009277
35.5398178100586,-31.0420684814453
49.1474723815918,-32.4437522888184
53.9844741821289,-26.6808567047119
51.5896682739258,-15.2358541488647
38.6035232543945,0.650319755077362
20.2058429718018,14.1590166091919
7.56291627883911,20.7636775970459
4.89629173278809,18.9849529266357
9.37754821777344,9.04998779296875
14.6105871200562,-3.83072781562805
16.9920310974121,-11.6562776565552
18.1822299957275,-10.9118022918701
18.3369293212891,-3.67018342018127
19.7897624969482,5.65934753417969
21.5469837188721,9.53412628173828
20.4839248657227,4.18334102630615
14.5755138397217,-8.12075042724609
3.08019828796387,-20.5469722747803
-8.7679386138916,-25.7311592102051
-16.7007961273193,-17.6546688079834
-19.8379878997803,0.537583768367767
-20.3561573028564,20.9321537017822
-20.5219211578369,34.072582244873
-20.8855991363525,38.4191780090332
-19.4217014312744,39.0246124267578
-13.0402164459229,39.4855804443359
-4.99149131774902,43.3618202209473
0.431110858917236,47.3278312683105
-4.43657970428467,47.2578926086426
-26.6551780700684,37.7448501586914
-53.6988754272461,15.0007791519165
-69.2566528320312,-4.3236346244812
-73.6454238891602,-14.2170543670654
-69.6750335693359,-20.4114818572998
-54.015998840332,-19.2889232635498
-11.6101388931274,7.81406688690186
29.5785884857178,37.5312805175781
39.9935188293457,45.7522392272949
26.9376430511475,49.9028053283691
-8.11365222930908,41.0561599731445
-41.4954109191895,21.1776676177979
-54.2548332214355,9.38923931121826
-48.852897644043,8.42117118835449
-25.7512016296387,17.8536262512207
3.48604798316956,27.8422451019287
19.0062484741211,29.7157516479492
13.1742467880249,21.9929161071777
-11.8475112915039,6.48461723327637
-38.2246055603027,-5.47145462036133
-50.4865264892578,-5.23429107666016
-48.2234535217285,6.54870939254761
-31.1408176422119,29.6428909301758
-3.97561454772949,51.2804794311523
20.6098136901855,58.2049751281738
34.4483680725098,55.8235321044922
40.4265060424805,47.5835723876953
39.4571876525879,31.7468776702881
28.4165725708008,5.44431447982788
9.33746433258057,-19.7083415985107
-8.53557777404785,-28.2027912139893
-17.1774196624756,-17.7331657409668
-13.8057775497437,7.02554130554199
1.57204103469849,34.4692459106445
20.3400821685791,47.8896293640137
34.1308288574219,46.0073585510254
39.1406898498535,35.7842903137207
30.7825679779053,16.7218818664551
9.72995281219482,-4.27290344238281
-15.9665508270264,-16.8492317199707
-33.4193382263184,-18.8018608093262
-38.5525856018066,-15.2849149703979
-32.826847076416,-16.0715618133545
-18.2421474456787,-26.5917110443115
-1.20397889614105,-41.6979179382324
11.9038791656494,-51.9811134338379
23.9392833709717,-52.3230781555176
37.0367012023926,-41.377872467041
46.7971343994141,-20.8954105377197
48.2883834838867,-1.20878052711487
43.9488830566406,7.08650207519531
32.2911415100098,1.83008122444153
17.9072799682617,-10.0589752197266
9.21909141540527,-13.3335390090942
9.10322380065918,2.01359033584595
15.306209564209,30.7191009521484
22.1977214813232,51.8197326660156
27.2910919189453,57.5133209228516
29.0810890197754,52.3773612976074
30.8673286437988,28.485258102417
31.4074172973633,-14.1166362762451
30.094877243042,-42.7219390869141
29.7491550445557,-47.3391036987305
30.4282836914062,-34.4425201416016
23.4248733520508,-11.2297592163086
7.37168264389038,1.8129620552063
-7.6764874458313,-6.36812305450439
-9.04790019989014,-33.980094909668
2.17977166175842,-56.6485939025879
16.6183319091797,-62.7236022949219
32.8078498840332,-54.3567123413086
43.6808204650879,-20.2300586700439
27.6988201141357,33.958381652832
2.1046142578125,65.7445068359375
-12.2020034790039,72.5067901611328
-21.8254833221436,69.9800415039062
-29.1184597015381,58.0348281860352
-29.529109954834,33.3683967590332
-22.7724647521973,4.5021333694458
-25.8695735931396,-9.89091491699219
-39.3507118225098,-11.0184841156006
-50.1374626159668,-5.13470792770386
-52.2174415588379,-2.56140398979187
-41.3444709777832,-8.53516006469727
-16.3486003875732,-17.7348365783691
5.74870157241821,-26.836181640625
11.9598293304443,-29.5032234191895
-0.328187048435211,-22.9246597290039
-21.9033546447754,-9.40447998046875
-32.6615028381348,2.03885173797607
-25.4474411010742,4.54138231277466
-3.01944613456726,-6.49442911148071
21.4711990356445,-29.2501926422119
27.7758560180664,-49.8362045288086
17.9669895172119,-61.4225463867188
2.61923336982727,-64.8065032958984
-9.51721572875977,-60.1091690063477
-9.14643955230713,-49.6925735473633
7.14454030990601,-32.0120162963867
30.9474964141846,-12.2377023696899
46.3363800048828,0.626519918441772
46.2497406005859,10.3998966217041
30.2992649078369,22.8213176727295
8.32158756256104,34.244815826416
-2.77163577079773,41.0290184020996
0.57871150970459,39.0404815673828
12.7531566619873,21.8739185333252
18.7663707733154,-8.72576713562012
5.61133050918579,-38.6193923950195
-21.9252758026123,-51.352294921875
-49.005298614502,-42.7409362792969
-63.3378067016602,-23.0104637145996
-63.4027328491211,-2.73176050186157
-46.8647766113281,15.2341842651367
-9.91680240631104,23.1198596954346
25.8534984588623,13.6540012359619
39.1686668395996,-4.51967000961304
32.5861358642578,-19.7928943634033
15.6241674423218,-23.1841602325439
-1.26702749729156,-12.6913604736328
-11.0439538955688,1.47538030147552
-16.4218788146973,8.17920589447021
-21.8417663574219,-0.444054633378983
-27.7910976409912,-17.7529983520508
-32.2878036499023,-32.3769454956055
-30.547700881958,-36.5730247497559
-22.9298782348633,-29.0756607055664
-13.442307472229,-9.76565265655518
-5.4954628944397,10.4403982162476
-4.09294366836548,21.3613872528076
-6.57898139953613,20.5457210540771
-8.37503337860107,12.1761150360107
-8.9577112197876,3.88500809669495
-9.76210308074951,-2.64866995811462
-14.8001508712769,-9.04810905456543
-23.4277954101562,-17.5930805206299
-30.0383014678955,-25.8981761932373
-30.8923816680908,-31.58278465271
-24.9691467285156,-28.0132293701172
-11.9364471435547,-10.4727582931519
0.777460932731628,16.6419219970703
5.09900808334351,40.1605339050293
1.29625535011292,44.5486793518066
-8.92743968963623,34.1890754699707
-22.3497047424316,4.0432562828064
-26.8391036987305,-17.9941291809082
-25.0357456207275,-22.306489944458
-22.2893714904785,-27.2359771728516
-13.4826002120972,-1.78790962696075
-7.39736127853394,27.7073802947998
-5.67918109893799,44.1035804748535
-10.5134677886963,42.3770484924316
-21.9785118103027,22.8125495910645
-35.462574005127,-8.3326530456543
-46.7917060852051,-29.2487316131592
-53.8859329223633,-34.4360504150391
-56.8231239318848,-33.9790496826172
-53.2395820617676,-32.7274742126465
-40.0367317199707,-36.4041290283203
-14.493049621582,-39.9630355834961
10.0729627609253,-40.6488494873047
21.805233001709,-35.1247825622559
19.9795360565186,-22.1044006347656
6.17062664031982,-0.605434119701385
-3.98438286781311,23.4307193756104
2.52967071533203,36.1803245544434
27.6305522918701,37.0851364135742
54.5556678771973,22.1121253967285
67.9606094360352,3.49231100082397
68.1702117919922,-6.80194807052612
57.0667610168457,-7.84914016723633
19.8924770355225,-2.49647641181946
-26.1520404815674,7.44892740249634
-43.4156799316406,18.4191856384277
-34.6291618347168,25.9929580688477
-5.0992169380188,28.1904754638672
28.6700210571289,24.2353191375732
44.0801963806152,19.0400676727295
39.1492500305176,20.3628368377686
16.4884757995605,28.2879695892334
-7.16228580474854,34.9350090026855
-17.5811805725098,36.006420135498
-14.6448249816895,28.164379119873
-2.12382125854492,4.74368095397949
6.24954175949097,-27.2664566040039
-2.01734828948975,-50.9543800354004
-18.7001895904541,-58.6252326965332
-31.6635780334473,-54.1953315734863
-37.631908416748,-44.7079696655273
-29.7247276306152,-31.1074142456055
-12.0306024551392,-17.9889087677002
2.44282245635986,-17.5360870361328
5.57897138595581,-28.8771209716797
-3.34512805938721,-38.9058227539062
-16.3287677764893,-37.2312774658203
-23.5110950469971,-18.8367252349854
-19.1423664093018,13.8752975463867
-5.56832408905029,41.9820556640625
6.99798345565796,50.6472778320312
12.0468864440918,39.9665870666504
10.5861206054688,6.79610252380371
1.46932601928711,-33.8143310546875
-5.28752756118774,-54.5491981506348
-5.79546594619751,-57.8122787475586
-0.855541050434113,-49.551025390625
2.47685194015503,-29.0595855712891
-2.66850304603577,-8.84560108184814
-10.9953098297119,1.88958084583282
-12.2452182769775,4.81341028213501
-0.524013698101044,6.76082038879395
21.2561664581299,15.5473394393921
39.0327568054199,29.3961238861084
42.0177536010742,40.690185546875
27.3760604858398,50.5846481323242
-6.35559701919556,50.0977973937988
-41.2620048522949,29.3437213897705
-57.4346122741699,-0.315660834312439
-53.0105590820312,-28.8865146636963
-30.8470783233643,-50.1537475585938
-1.89125096797943,-57.4740715026855
18.7496681213379,-51.3076210021973
20.7686862945557,-33.2195434570312
3.20024132728577,-6.03137636184692
-13.7379264831543,20.8551177978516
-13.2894878387451,38.557804107666
4.26684904098511,42.9743423461914
25.547233581543,33.4834289550781
34.9705009460449,13.7729997634888
18.6438217163086,-14.8471240997314
-22.3879108428955,-37.4972496032715
-55.489917755127,-36.3746910095215
-67.4322128295898,-27.5685482025146
-65.9394989013672,-23.5075454711914
-44.2447090148926,-21.6672344207764
6.52532720565796,-8.04162693023682
45.015697479248,5.92406845092773
52.947509765625,11.4564838409424
40.7106437683105,17.1974601745605
13.0997152328491,17.4740810394287
-8.50927257537842,11.3491764068604
-9.12827682495117,-2.22632741928101
9.87191677093506,-21.5267333984375
27.0620708465576,-37.1264724731445
32.3368644714355,-42.8839416503906
24.5217533111572,-38.5630226135254
0.138414770364761,-18.5847396850586
-27.5662517547607,11.2088823318481
-36.4500579833984,33.0558700561523
-27.6136417388916,42.0841445922852
-6.27229738235474,37.5845146179199
21.4912414550781,23.001277923584
34.1492004394531,8.69612216949463
26.5844039916992,1.73279428482056
2.27852010726929,1.82047784328461
-27.6259593963623,-1.49980652332306
-45.2850112915039,-8.86439037322998
-45.4188346862793,-23.0112991333008
-29.1936168670654,-39.6651229858398
-0.0208770390599966,-46.4543342590332
30.049991607666,-36.7552795410156
48.2077980041504,-10.7295455932617
49.6186676025391,18.1436080932617
38.3125,37.6886940002441
18.4624004364014,43.2457427978516
-2.44282245635986,31.129753112793
-15.094934463501,8.64601707458496
-15.7176961898804,-9.12639808654785
-6.6215705871582,-17.7091579437256
3.88417315483093,-20.9031352996826
11.4416608810425,-27.545166015625
10.4122142791748,-41.7298622131348
0.944477260112762,-55.3224830627441
-9.61366748809814,-61.6728591918945
-16.9097747802734,-59.2849464416504
-18.2960109710693,-46.9269905090332
-14.6302118301392,-14.215802192688
-2.91652226448059,22.8411502838135
14.6441993713379,38.341724395752
30.8383102416992,31.5556449890137
43.4783134460449,8.80530834197998
45.0242576599121,-14.4832372665405
37.0041351318359,-24.4397048950195
16.9026775360107,-17.8511219024658
-14.2575559616089,3.89315032958984
-37.4909858703613,26.2879505157471
-43.2041969299316,39.5145988464355
-37.1638450622559,46.8299140930176
-17.5805549621582,51.9130554199219
13.754002571106,53.5189170837402
40.3682594299316,48.0075874328613
52.8207893371582,40.7995796203613
54.5627670288086,35.0717544555664
49.8746185302734,26.5163440704346
42.2413482666016,13.2368774414062
38.2175064086914,4.22968816757202
43.0027351379395,8.93474674224854
49.7957038879395,22.2173442840576
53.0813331604004,32.5452156066895
53.5197525024414,35.3934707641602
50.299674987793,28.7877674102783
43.0421905517578,7.60195636749268
35.324577331543,-18.5193958282471
30.7882041931152,-30.0080299377441
28.7744045257568,-22.0870723724365
20.9841384887695,-1.90920519828796
1.62298107147217,14.5809412002563
-24.1724796295166,16.1627941131592
-45.0822944641113,2.85702276229858
-50.7470703125,-11.5944814682007
-41.2747421264648,-20.34592628479
-15.0327205657959,-9.97421455383301
18.2402687072754,21.198127746582
37.0091438293457,44.6624603271484
38.8887062072754,53.124340057373
27.4495487213135,56.0335540771484
3.2799916267395,47.1793937683105
-22.6722564697266,21.6248550415039
-37.0868072509766,0.14342525601387
-37.9170875549316,-3.41089057922363
-31.5938491821289,5.48815584182739
-21.7741260528564,17.3310737609863
-13.8220615386963,24.2683048248291
-9.39299774169922,22.0881156921387
-6.13430023193359,14.4128818511963
-5.3242712020874,5.87083196640015
-8.35791397094727,-1.42193508148193
-14.735013961792,-5.74306488037109
-23.7578620910645,-13.2410535812378
-30.0829772949219,-22.7672462463379
-31.0765171051025,-29.1625099182129
-26.1370086669922,-29.7372550964355
-15.3385696411133,-16.6515254974365
-3.17518877983093,10.0554256439209
4.71633195877075,34.4464874267578
3.58396124839783,44.6822929382324
-4.73992300033569,37.5502777099609
-17.4824333190918,12.7172479629517
-27.7349376678467,-15.6381549835205
-29.7155418395996,-28.7583293914795
-24.8449287414551,-23.3651638031006
-14.7105884552002,-1.06577289104462
-5.36623430252075,26.6689567565918
-3.08165979385376,41.7691078186035
-9.29007339477539,41.5663948059082
-23.7653770446777,25.1547451019287
-40.3173217773438,-2.69814848899841
-49.294864654541,-25.8894081115723
-51.4226531982422,-37.5327415466309
-52.3867530822754,-39.6793174743652
-52.7153587341309,-33.4051399230957
-53.4663047790527,-20.5519828796387
-52.5093040466309,-8.44413566589355
-47.6203155517578,-7.12387180328369
-35.3821983337402,-18.0250263214111
-13.2834339141846,-33.9387588500977
10.7366437911987,-40.5191993713379
28.8282680511475,-31.0865383148193
41.1229667663574,-13.2274827957153
45.7497329711914,3.15472936630249
44.5353164672852,6.46019077301025
37.7385902404785,-5.11069917678833
26.9376430511475,-20.1897678375244
12.9199647903442,-27.2449531555176
0.250106930732727,-16.1177005767822
-2.55868983268738,9.01157379150391
5.25412464141846,32.3322715759277
23.2054557800293,41.3471832275391
42.0484428405762,31.4971885681152
54.4082794189453,10.112211227417
56.2462921142578,-15.1193609237671
47.5269966125488,-37.2557029724121
34.1792602539062,-50.2420539855957
17.8442306518555,-56.517692565918
2.03718137741089,-58.255916595459
-8.90551853179932,-56.3646659851074
-15.7057962417603,-51.989673614502
-14.2293720245361,-45.133861541748
-5.16999006271362,-31.419527053833
7.06061458587646,-11.4821624755859
20.1189937591553,4.6720724105835
26.6887893676758,13.8669471740723
26.2635231018066,13.220175743103
22.197093963623,8.42952251434326
18.8486251831055,5.58857440948486
20.3991641998291,8.26751613616943
28.9472675323486,17.6018486022949
39.5603179931641,28.7670993804932
43.3021087646484,36.8005828857422
36.7625885009766,43.701488494873
15.7617473602295,50.3516616821289
-18.1383895874023,48.0067520141602
-45.6549530029297,37.663013458252
-58.8243980407715,25.1543273925781
-61.9340324401855,8.79800224304199
-53.8299827575684,-11.6698474884033
-33.0635948181152,-31.1886253356934
-11.0084629058838,-39.0490417480469
1.56723928451538,-31.926212310791
6.17542839050293,-13.4425163269043
6.737229347229,7.76751136779785
12.2182874679565,18.303108215332
25.5839767456055,13.3331212997437
39.7210731506348,-3.02717065811157
44.8841743469238,-19.1123027801514
40.4327697753906,-24.4630889892578
26.4052791595459,-17.0699024200439
2.43718552589417,-1.50711345672607
-16.4778289794922,9.07691860198975
-22.4626502990723,5.71446323394775
-16.7371215820312,-14.6974353790283
-3.02048993110657,-38.0218887329102
5.41863536834717,-49.8124046325684
5.79901504516602,-47.035758972168
-1.97663807868958,-26.2167587280273
-15.2126808166504,3.00357961654663
-24.6324005126953,20.3446750640869
-25.4436817169189,14.919358253479
-18.1074905395508,-8.8172082901001
-6.75413990020752,-32.5042953491211
-1.93822431564331,-40.5674285888672
-6.13450908660889,-29.1034278869629
-17.3732452392578,-1.19646310806274
-31.172342300415,26.1921253204346
-36.4853401184082,38.0446472167969
-37.9064407348633,34.5727958679199
-32.9322776794434,22.163064956665
-21.5774631500244,11.7992849349976
-10.6898794174194,11.0621166229248
-7.22679567337036,21.0835132598877
-15.4304285049438,30.2602233886719
-29.6341209411621,27.8443336486816
-43.6664161682129,12.287389755249
-50.7973861694336,-5.96122980117798
-50.4468612670898,-12.8485651016235
-41.9359169006348,-2.0517954826355
-25.1695671081543,29.1080207824707
-5.85308647155762,53.1120223999023
5.63304281234741,57.0024604797363
6.72198915481567,42.7680740356445
3.6885552406311,-0.911491513252258
-1.64573693275452,-44.5946083068848
-5.86999702453613,-58.3143730163574
-0.970573544502258,-52.2028274536133
10.7616958618164,-19.1145992279053
21.4488620758057,28.2052974700928
26.7031936645508,50.3566703796387
26.2223968505859,51.354175567627
20.1077194213867,39.0868263244629
10.4790210723877,16.788688659668
1.5851936340332,5.15558481216431
-3.71131134033203,14.5475387573242
-4.17373752593994,36.7139434814453
-0.308980166912079,52.8481369018555
2.33029508590698,56.8723945617676
3.09815263748169,53.8306083679199
4.73762655258179,44.8852157592773
9.98527908325195,35.1519241333008
17.5287799835205,32.1001167297363
24.521125793457,32.6065940856934
29.7833919525146,28.6439247131348
25.9436874389648,15.0197772979736
9.65291690826416,-9.57462787628174
-14.8650779724121,-33.6293601989746
-38.9703330993652,-39.9396553039551
-54.1679840087891,-29.312406539917
-59.074089050293,-13.1494026184082
-53.9489822387695,1.69312787055969
-37.1206283569336,7.39798736572266
-9.42055511474609,-6.07918500900269
13.2809286117554,-30.9650325775146
20.6054286956787,-47.5589370727539
20.011058807373,-48.4499702453613
17.3636417388916,-30.4038581848145
13.913293838501,10.7299633026123
17.418758392334,48.0762710571289
27.7389049530029,59.1582221984863
37.5688591003418,56.0168533325195
43.2419853210449,45.4100646972656
37.2951583862305,28.0817050933838
13.9047346115112,4.72760534286499
-20.2319393157959,-10.6769351959229
-44.6213302612305,-11.5299711227417
-49.9879837036133,-7.30759000778198
-38.1841049194336,-6.91885948181152
-10.4057426452637,-8.46376037597656
20.2235870361328,-10.7608613967896
35.791805267334,-8.97524833679199
29.5800495147705,0.689151048660278
4.7889838218689,14.7076654434204
-23.9620399475098,27.0591487884521
-39.7440376281738,30.3086585998535
-40.6716041564941,22.528829574585
-24.1620407104492,4.88063430786133
3.02195143699646,-17.0058097839355
22.3676605224609,-28.9176216125488
25.8359622955322,-26.1311626434326
15.0156011581421,-11.5871744155884
-6.09025001525879,9.14268207550049
-24.4159049987793,23.3211135864258
-32.2435417175293,24.6382465362549
-31.6802806854248,11.805965423584
-24.6023387908936,-8.15895557403564
-16.8650989532471,-22.2094116210938
-13.9279079437256,-22.2945899963379
-16.4721927642822,-6.205491065979
-20.4233818054199,15.4306373596191
-21.1538677215576,31.183198928833
-17.092658996582,31.6053314208984
-8.57044219970703,16.3147792816162
2.53489017486572,-10.7028226852417
13.4101572036743,-35.1966018676758
21.8584690093994,-43.9428253173828
29.2902774810791,-39.8956031799316
34.2527503967285,-25.3559989929199
31.6080455780029,-6.53618335723877
21.8409328460693,3.65160298347473
8.31365489959717,0.455954521894455
-3.07811069488525,-12.6193351745605
-2.59960889816284,-29.2693996429443
11.163161277771,-40.3830833435059
31.5809059143066,-42.6340446472168
47.0608139038086,-40.4054222106934
54.4473190307617,-36.5135231018066
53.7619247436523,-31.9324760437012
40.8682670593262,-28.9161605834961
9.55729961395264,-26.2109146118164
-24.2436695098877,-21.5465660095215
-42.604190826416,-15.8577814102173
-47.5871238708496,-11.406587600708
-45.4668502807617,-5.95392274856567
-43.9154777526855,2.23613953590393
-44.9376182556152,14.0496206283569
-44.629264831543,29.0149097442627
-39.6707572937012,40.9511489868164
-26.7670783996582,48.168758392334
-2.50566220283508,46.5752143859863
31.5886306762695,31.1514644622803
54.3078575134277,8.30885314941406
58.0763740539551,-6.28628540039062
48.326171875,-7.61949300765991
16.6644706726074,2.99961304664612
-23.8359413146973,18.2145900726318
-46.6190528869629,25.1363735198975
-53.1195373535156,20.7100219726562
-49.9174194335938,1.5766339302063
-32.6443824768066,-24.3442974090576
-9.50573348999023,-41.0442581176758
10.3481216430664,-43.1480369567871
27.8301372528076,-29.5668983459473
39.4951820373535,-9.14873600006104
44.9906463623047,4.40380239486694
45.6478538513184,3.93866229057312
39.7350578308105,-7.98024797439575
27.0071640014648,-22.616304397583
11.2337255477905,-26.8693752288818
-0.867023408412933,-15.028754234314
-2.99564623832703,9.46815490722656
7.46667289733887,32.5402069091797
25.7595520019531,39.6469573974609
43.2075386047363,30.5568866729736
54.7849006652832,8.5858907699585
55.4128799438477,-16.8682308197021
46.5676956176758,-38.2043533325195
32.9055557250977,-50.9846534729004
17.2456874847412,-56.3682136535645
0.815665900707245,-58.0041389465332
-12.3324842453003,-56.2796974182129
-18.7759742736816,-52.3961486816406
-16.8323211669922,-45.1539039611816
-5.53053665161133,-30.3203506469727
10.5748462677002,-10.2543840408325
21.0595035552979,4.71048641204834
20.8736991882324,6.66916990280151
12.2734022140503,-0.683723032474518
0.772867977619171,-9.60907459259033
-5.88461112976074,-9.07608413696289
-3.58876299858093,6.26645183563232
4.06684732437134,26.0367984771729
13.6704940795898,39.7837028503418
19.3114700317383,38.2500762939453
17.9634399414062,16.9623851776123
11.2882146835327,-20.2029190063477
-0.743222594261169,-49.3080177307129
-11.9516868591309,-57.3110198974609
-19.4139766693115,-52.7944831848145
-23.7171516418457,-35.3984794616699
-21.6294479370117,-9.86001682281494
-15.4502611160278,9.04330730438232
-10.6113815307617,13.8126668930054
-8.69194602966309,9.41345691680908
-9.75688457489014,6.1441125869751
-8.40634822845459,5.89421463012695
-0.16993910074234,8.01636505126953
15.2531824111938,3.24116039276123
34.0318717956543,-11.9617080688477
40.5584487915039,-30.1499938964844
32.902214050293,-43.5718421936035
16.7630100250244,-42.0413475036621
-13.4598445892334,-15.5542287826538
-34.044189453125,28.3819179534912
-28.7401676177979,58.0857696533203
-13.6579675674438,66.4983825683594
3.97206544876099,59.4160537719727
27.5449562072754,24.000036239624
37.7323265075684,-24.630521774292
24.4261360168457,-50.5076103210449
8.81783485412598,-50.8301620483398
-6.04703426361084,-30.4821472167969
-8.35812282562256,1.59250056743622
7.07982158660889,22.7463684082031
27.1086273193359,19.7818298339844
37.5669784545898,-0.991033017635345
28.4501857757568,-25.4092350006104
0.0945729836821556,-40.541748046875
-32.6329002380371,-37.3909873962402
-52.5326843261719,-19.7778625488281
-56.7782402038574,-2.06828832626343
-46.3401374816895,7.53723764419556
-20.5425891876221,10.5531349182129
6.05893421173096,5.08522939682007
17.0020523071289,-9.91680240631104
10.8287115097046,-27.6568584442139
-7.02762889862061,-45.577709197998
-24.1605796813965,-55.7084999084473
-32.3644218444824,-59.4513359069824
-33.7262306213379,-60.9171104431152
-30.0197200775146,-59.6707534790039
-20.2052154541016,-55.1721687316895
-2.67246985435486,-43.4816513061523
19.0409030914307,-27.0789813995361
39.6525955200195,-14.9487953186035
52.2625350952148,-8.26000022888184
56.3179016113281,-0.236328080296516
52.2558555603027,15.1350183486938
35.6404457092285,35.7872123718262
13.1147470474243,50.6614761352539
-5.04723310470581,53.4729881286621
-13.5671529769897,42.9436531066895
-8.47231960296631,15.3602819442749
5.12489557266235,-21.0400886535645
13.0485668182373,-44.6582832336426
11.2554378509521,-52.1226577758789
4.03803682327271,-51.629753112793
-1.79083240032196,-46.6388893127441
0.304387241601944,-43.777271270752
12.6640119552612,-44.2795753479004
28.7167854309082,-41.6509437561035
40.0440406799316,-31.8516807556152
40.8634643554688,-10.3875799179077
22.2745475769043,18.3298320770264
-8.02889156341553,37.1177062988281
-31.2474994659424,38.864070892334
-42.9866600036621,25.5672740936279
-39.3338012695312,1.06994819641113
-18.5125064849854,-22.562650680542
4.24805974960327,-33.0022163391113
18.1588478088379,-27.5393199920654
18.4210643768311,-13.4391765594482
8.65165328979492,0.200628340244293
-4.46288442611694,6.48065042495728
-15.1473360061646,4.89817094802856
-22.7050323486328,1.98227488994598
-29.484224319458,3.69627976417542
-35.3454551696777,10.0468664169312
-37.8843116760254,14.643572807312
-34.6544227600098,14.1506662368774
-22.3192253112793,6.2633204460144
-0.048225961625576,-4.54346990585327
22.444486618042,-9.41324806213379
33.1521110534668,-5.94619846343994
24.8852214813232,5.24639987945557
-1.60920214653015,15.4941034317017
-35.3690452575684,15.8458814620972
-56.4285507202148,7.62283325195312
-61.199161529541,-0.0300629362463951
-56.2014083862305,-3.97227430343628
-38.2158393859863,1.43174731731415
-12.2445917129517,23.0877094268799
2.96704483032227,44.2455444335938
5.52260303497314,51.3902931213379
-1.85575997829437,43.8962707519531
-9.49738216400146,20.9904022216797
-7.81615447998047,-4.94869327545166
4.10734844207764,-17.5592594146729
24.0726871490479,-11.9306011199951
40.0912208557129,4.23073196411133
46.3647727966309,16.136697769165
45.4248886108398,17.3863983154297
38.396842956543,8.8270206451416
26.79150390625,-7.96897459030151
14.582820892334,-23.6843738555908
4.37436580657959,-30.7082462310791
-6.25643110275269,-31.1009426116943
-16.3855533599854,-30.4128360748291
-22.8616104125977,-35.0308380126953
-26.2349224090576,-40.6534423828125
-25.8382587432861,-42.4526252746582
-22.9309215545654,-33.8773803710938
-19.0252456665039,-6.99714851379395
-14.2924213409424,27.0810680389404
-10.3980178833008,48.3478813171387
-5.1470251083374,50.5224342346191
4.14555358886719,33.0172462463379
22.4887466430664,0.644891738891602
39.7601127624512,-25.9432697296143
48.3284683227539,-34.2347946166992
52.0435371398926,-28.2065505981445
47.2660331726074,-14.17258644104
27.6238708496094,-0.0993747040629387
1.700643658638,4.64451503753662
-11.3251676559448,4.14785003662109
-6.45309257507324,6.82908821105957
13.079047203064,21.2210922241211
31.980073928833,41.0582466125488
38.5768013000488,52.8251724243164
32.506591796875,60.8429985046387
13.2406358718872,64.1246643066406
-16.0145683288574,52.8984489440918
-37.9592590332031,27.002779006958
-40.060115814209,5.45663166046143
-24.5146541595459,-0.675580978393555
-0.0331944935023785,7.97461128234863
14.5448246002197,21.3400917053223
11.7928133010864,27.9414119720459
-7.78546524047852,22.7565994262695
-32.7228813171387,5.25245428085327
-46.3891983032227,-12.7800884246826
-46.655590057373,-24.6662216186523
-34.6769714355469,-31.3358097076416
-18.1158428192139,-28.1977825164795
-9.6516637802124,-17.8235626220703
-17.5550842285156,-7.01280641555786
-36.9222946166992,0.00709819328039885
-52.5345649719238,2.5760178565979
-55.9561004638672,0.794162571430206
-45.3518180847168,-4.76810693740845
-14.2116270065308,-6.65706157684326
23.9035835266113,2.94575023651123
46.3478622436523,19.7146053314209
47.3919219970703,37.9707412719727
34.6640281677246,56.2648735046387
18.9406929016113,66.4040145874023
6.47313451766968,66.7823104858398
-0.277247071266174,55.8844947814941
6.97773265838623,24.9361610412598
21.1668128967285,-8.6645975112915
28.6792068481445,-20.80104637146
24.5152797698975,-8.07586479187012
8.55520153045654,20.8728637695312
-7.52053594589233,44.6578636169434
-15.9932737350464,50.2278594970703
-16.7014217376709,40.2601165771484
-4.01653337478638,14.7022371292114
15.2460842132568,-9.71721744537354
31.0105457305908,-14.5400228500366
38.7024803161621,3.06182646751404
36.6757392883301,30.6804790496826
28.943717956543,48.8543586730957
19.4175243377686,52.9671363830566
9.85250091552734,41.5678558349609
2.44699764251709,11.3909301757812
-3.76976704597473,-19.7438335418701
-6.58127784729004,-35.422908782959
-7.656653881073,-37.9947509765625
-7.88149976730347,-32.4341506958008
-6.31321668624878,-24.2979507446289
-4.58104848861694,-15.3680057525635
-1.26848888397217,-3.48187255859375
2.89167857170105,12.6575403213501
7.57669496536255,28.5042572021484
12.964015007019,37.9682350158691
17.6899509429932,34.9162216186523
18.1337966918945,15.2938928604126
11.9665098190308,-18.6532173156738
-0.160126894712448,-47.4098777770996
-12.9717397689819,-56.8396186828613
-21.6254806518555,-52.7844619750977
-24.8290634155273,-35.7765655517578
-21.971622467041,-9.11804676055908
-15.1723880767822,10.4840316772461
-8.54601573944092,15.7784481048584
-8.14830875396729,11.2765235900879
-10.3781852722168,5.70966148376465
-9.34205722808838,5.29692220687866
-0.96117889881134,7.34579515457153
16.4584140777588,4.11883115768433
34.4878234863281,-9.31909275054932
40.0603256225586,-30.9067859649658
30.2203483581543,-45.9666481018066
12.1026287078857,-45.2973289489746
-15.3375253677368,-16.338996887207
-31.7080478668213,32.946891784668
-22.8376026153564,62.3561668395996
-10.3295412063599,68.0198974609375
-0.184761792421341,54.0001335144043
16.4930686950684,0.642804026603699
22.3238182067871,-50.9343376159668
14.1149663925171,-63.8814430236816
9.83245944976807,-59.0935020446777
3.47727966308594,-34.4373016357422
-4.3298978805542,-3.12967681884766
-6.01196098327637,7.33034610748291
1.12172329425812,-4.51716470718384
13.3581733703613,-23.2242450714111
20.8774566650391,-33.1715278625488
25.4808444976807,-30.9641971588135
27.7969417572021,-20.0688896179199
30.6201438903809,-4.95871448516846
40.3855895996094,4.6731162071228
51.7502136230469,7.51928329467773
59.5488319396973,7.1963152885437
60.515438079834,6.90320158004761
50.5531234741211,11.9395790100098
22.7659931182861,13.4068164825439
-11.5748567581177,6.69234371185303
-29.2721138000488,-6.30131673812866
-24.1309337615967,-22.4327964782715
-3.54680013656616,-35.9538116455078
17.1294021606445,-37.2174987792969
26.456636428833,-25.1503601074219
18.3553009033203,-1.46744704246521
-5.41007566452026,26.8921318054199
-24.8747825622559,44.4071311950684
-30.5829830169678,46.639720916748
-25.3797988891602,34.382396697998
-2.68520474433899,3.49084973335266
21.2958316802979,-35.4416961669922
25.8232269287109,-57.6191673278809
20.8649311065674,-65.9035949707031
16.2385787963867,-66.2885665893555
17.2139530181885,-59.310417175293
28.7758674621582,-41.4881057739258
45.001293182373,-17.7605152130127
57.7740745544434,-4.55557870864868
62.7972984313965,-3.42780113220215
59.8012351989746,-8.83224010467529
47.5303382873535,-16.2784538269043
20.4632568359375,-23.4858341217041
-9.75876331329346,-20.5705642700195
-26.535551071167,-5.1052713394165
-28.5082225799561,16.6584148406982
-20.1592864990234,37.5525741577148
-12.8736171722412,48.7641716003418
-14.4076623916626,49.837459564209
-24.9802131652832,43.259521484375
-38.1087379455566,29.4879817962646
-44.7186164855957,14.137095451355
-41.0563659667969,3.66037130355835
-23.2536811828613,0.121504366397858
1.46744704246521,4.41361474990845
20.3352794647217,10.538311958313
25.1248893737793,16.4465141296387
14.9675846099854,19.2281703948975
0.30668368935585,15.7918100357056
-8.28380012512207,7.68817853927612
-2.639484167099,-0.884560167789459
18.2820224761963,-5.4461932182312
42.1927032470703,-3.76475644111633
54.9990997314453,3.1017017364502
53.3500213623047,13.62331199646
35.3776054382324,28.119909286499
2.59710359573364,34.9550514221191
-25.5935802459717,29.362720489502
-36.4941062927246,14.0803098678589
-28.7957000732422,-10.4529247283936
-6.75748014450073,-36.0256271362305
11.6688032150269,-52.8495979309082
16.2897281646729,-58.8590545654297
10.8466653823853,-59.9701309204102
0.215659812092781,-54.6091156005859
-9.20552158355713,-38.6106224060059
-8.67253112792969,-12.1571178436279
4.83783626556396,16.946310043335
24.8781242370605,36.2586135864258
37.8072738647461,39.2125091552734
38.0147933959961,33.1838455200195
24.8127784729004,18.0726261138916
-0.969529688358307,-4.86351490020752
-24.0883445739746,-18.2707500457764
-36.8513145446777,-17.0663528442383
-40.1333923339844,-0.243843823671341
-35.6650810241699,24.2954444885254
-29.2806739807129,42.0369606018066
-27.0748062133789,47.1944274902344
-29.2017593383789,38.2669868469238
-28.0510158538818,18.5177249908447
-17.8185520172119,-2.08102321624756
0.915040612220764,-13.1418876647949
20.4430046081543,-10.7234907150269
33.4107780456543,-1.98436260223389
33.9084854125977,1.55700957775116
20.6661815643311,-5.30819606781006
-2.82278442382812,-22.3355083465576
-26.3061122894287,-38.7018547058105
-41.1805839538574,-42.83154296875
-48.9048805236816,-38.2619743347168
-49.3151168823242,-29.0668926239014
-42.3835220336914,-14.0099544525146
-27.4846210479736,5.1507830619812
-5.73993301391602,18.4717960357666
15.4277143478394,25.1263523101807
31.3520927429199,31.1558494567871
40.3260879516602,37.4164543151855
43.2325897216797,43.9242477416992
42.659725189209,47.9716796875
39.798526763916,47.5960998535156
34.1919975280762,39.6534309387207
24.5944042205811,21.6584663391113
12.6986675262451,1.19855082035065
0.179960072040558,-7.54517078399658
-7.30383205413818,-2.01505184173584
-7.00132369995117,11.5579462051392
2.92341184616089,24.0660076141357
21.2317390441895,27.8384876251221
39.1617774963379,20.7672252655029
49.8023872375488,8.46229934692383
51.3854904174805,-0.730278849601746
39.9482154846191,-3.28959512710571
16.8642635345459,-2.25012731552124
-11.7376976013184,0.177246063947678
-35.8371086120605,-0.348646551370621
-47.4950561523438,-1.92632436752319
-53.9721565246582,0.87349534034729
-57.4801254272461,8.32555484771729
-58.0974578857422,20.750524520874
-57.7874336242676,30.8621101379395
-56.335018157959,33.2331161499023
-53.7414665222168,25.8493232727051
-42.7966766357422,8.54100513458252
-19.8686771392822,-9.85813808441162
0.560757279396057,-16.985559463501
6.14223384857178,-10.7349739074707
-5.26498031616211,4.51737356185913
-25.5194664001465,16.0980758666992
-41.6916542053223,10.5489587783813
-46.9574699401855,-9.33141040802002
-38.9884948730469,-33.5673561096191
-22.7680816650391,-49.5677261352539
-6.9009051322937,-51.6583557128906
0.95449823141098,-39.0960121154785
-3.79085278511047,-16.3231296539307
-19.1210708618164,0.534660995006561
-35.2191467285156,0.864726960659027
-43.2200622558594,-9.88089370727539
-41.5181694030762,-19.1997776031494
-29.4151210784912,-16.9081058502197
-7.14558410644531,4.42885494232178
16.4339866638184,33.6786308288574
33.8026390075684,45.1211280822754
42.4444808959961,39.8770217895508
43.2770576477051,14.090539932251
29.3595886230469,-33.3193359375
2.41944003105164,-63.4643211364746
-18.0369262695312,-66.8981781005859
-30.4842357635498,-58.2179183959961
-38.9655303955078,-30.6650295257568
-36.1320991516113,18.4820251464844
-23.6749801635742,52.5424957275391
-18.1784725189209,60.7605361938477
-29.0948677062988,53.6541976928711
-48.0032005310059,30.263355255127
-59.1972618103027,2.44031715393066
-59.0352554321289,-16.7565383911133
-44.6818733215332,-26.8727149963379
-10.9637861251831,-20.4812107086182
27.6913051605225,4.75036144256592
45.4000434875488,28.9433002471924
41.2438430786133,45.284595489502
22.4732971191406,57.1058006286621
-3.58187365531921,58.8200149536133
-21.9079475402832,49.2526931762695
-22.8467884063721,31.256477355957
-2.40983653068542,12.0458431243896
23.5344772338867,2.03133583068848
34.9310455322266,4.97144937515259
30.350622177124,14.0466985702515
12.9375009536743,18.7158489227295
-6.23096084594727,13.7364654541016
-11.528510093689,-1.42965960502625
-1.21441733837128,-16.5661392211914
16.1966152191162,-21.6613903045654
28.9641780853271,-11.2063770294189
28.4412078857422,11.4510555267334
14.5268697738647,32.7349891662598
-4.09565734863281,39.7749366760254
-15.6066303253174,26.6303329467773
-12.0076379776001,-6.02657508850098
3.13364362716675,-41.8720321655273
14.9450368881226,-58.343391418457
17.7342090606689,-59.8066635131836
16.5371208190918,-50.364185333252
6.47772789001465,-28.8407936096191
-7.2468376159668,-7.62283325195312
-9.37045001983643,-0.676833629608154
-0.617125272750854,-7.94120788574219
13.5297822952271,-20.6665992736816
22.9864559173584,-29.2343273162842
25.4424304962158,-29.3472709655762
25.4637241363525,-21.8112869262695
28.3453826904297,-9.17754650115967
39.1726341247559,1.88060367107391
51.9902992248535,7.05226373672485
60.189754486084,6.18524026870728
60.6728515625,6.10841274261475
50.7180519104004,9.20030212402344
22.4373893737793,10.871509552002
-10.5717153549194,6.78462028503418
-28.4380760192871,-3.6850061416626
-24.1179904937744,-19.1187744140625
-4.56225919723511,-34.142936706543
14.5022354125977,-39.4150161743164
24.6862640380859,-29.0994606018066
17.6577987670898,-3.12445759773254
-3.1021192073822,30.5151329040527
-21.1129493713379,49.0121879577637
-28.1512260437012,48.8773231506348
-25.8071517944336,29.1589603424072
-4.24785137176514,-10.3324642181396
20.5133609771729,-41.3770370483398
30.8460330963135,-48.4069633483887
33.5686073303223,-39.4780616760254
16.7970390319824,-17.3012199401855
-14.667163848877,1.92528057098389
-38.2707443237305,3.71047616004944
-43.4117164611816,-10.3324642181396
-25.6610126495361,-31.5742244720459
11.1345596313477,-44.1077537536621
42.6749649047852,-40.7315216064453
57.8262672424316,-29.6094875335693
60.7137680053711,-17.771369934082
49.8702354431152,-10.5268297195435
22.6177673339844,-16.8886890411377
-5.15871620178223,-33.5026359558105
-15.603081703186,-47.3489151000977
-9.91471481323242,-53.431022644043
7.73473405838013,-52.0408210754395
24.855993270874,-41.8010520935059
34.1997222900391,-25.4710311889648
32.8974113464355,-9.99216842651367
27.6082134246826,2.12862300872803
27.4080028533936,10.2197284698486
32.4617080688477,11.8994951248169
40.5288047790527,8.24434280395508
42.8799781799316,-0.920677423477173
35.0003547668457,-13.0130758285522
17.4039344787598,-22.8745536804199
-4.81278371810913,-25.0269775390625
-21.3605518341064,-14.1061973571777
-25.9374237060547,7.12470722198486
-17.5193843841553,30.4527111053467
-1.20230865478516,45.8900299072266
15.5703048706055,48.6904754638672
25.4015102386475,42.1958351135254
27.5103015899658,33.1853065490723
23.0432415008545,29.4136600494385
13.2742481231689,35.4533882141113
3.85473656654358,47.1781425476074
-0.916293263435364,55.3736305236816
-4.70965147018433,55.020393371582
-7.68400287628174,43.4733009338379
-4.52280187606812,16.3277225494385
2.09542846679688,-14.9498386383057
7.46625566482544,-31.8834133148193
8.01657390594482,-29.7339134216309
1.47851192951202,-9.92202186584473
-9.96314907073975,15.5857534408569
-19.9642944335938,31.4506320953369
-23.265998840332,32.728099822998
-16.9815921783447,19.7999935150146
0.606269240379333,-3.31569123268127
20.64133644104,-22.7781028747559
31.6259994506836,-30.4629402160645
32.9103546142578,-27.9572772979736
23.5094242095947,-17.1515312194824
6.33910417556763,-3.22320604324341
-6.40883350372314,7.6627082824707
-9.62473297119141,11.400951385498
-2.44616270065308,7.33243370056152
5.71404552459717,-0.768275022506714
5.30986595153809,-10.1243200302124
-5.7466139793396,-16.1945285797119
-26.4464073181152,-16.3855533599854
-44.8808326721191,-10.1719198226929
-52.2011566162109,2.01421666145325
-45.9305305480957,15.3976516723633
-24.6743640899658,28.9032173156738
6.00987339019775,38.9131317138672
29.7894477844238,41.344051361084
38.5855712890625,40.4885101318359
32.8554496765137,43.7129707336426
15.5291767120361,49.0656356811523
-3.78458952903748,53.1809158325195
-17.9269046783447,52.7376976013184
-26.2309551239014,45.8188362121582
-32.10888671875,28.9376640319824
-35.6446228027344,-0.314616978168488
-37.1826324462891,-29.1982097625732
-38.4529991149902,-44.2735176086426
-36.749641418457,-48.8055076599121
-28.0643768310547,-46.9716682434082
-6.97146987915039,-30.5132541656494
19.9029159545898,1.8701651096344
33.8208045959473,30.8151359558105
29.6606349945068,48.5307655334473
11.9533576965332,59.755931854248
-11.7880115509033,62.4319496154785
-28.6268043518066,57.1360702514648
-33.8550415039062,47.8910942077637
-17.2893199920654,32.1696395874023
26.585865020752,6.98942375183105
56.4354400634766,-16.9193782806396
59.6976852416992,-31.4343490600586
53.633113861084,-39.2148056030273
37.0346145629883,-42.081428527832
11.2531414031982,-40.8004150390625
-4.26267385482788,-35.5621566772461
7.50633955001831,-29.1205463409424
33.9398040771484,-24.0635013580322
51.4775581359863,-20.0402870178223
54.8446083068848,-14.3865766525269
37.4565391540527,-2.37100529670715
-9.38840484619141,14.6853265762329
-46.1633071899414,31.11012840271
-53.2387466430664,42.0033493041992
-47.4716720581055,49.0787887573242
-31.5679626464844,52.4903030395508
-7.09401798248291,47.7474594116211
13.1068134307861,33.4464797973633
15.6909742355347,16.1847152709961
4.72259521484375,2.62361741065979
-9.07483100891113,-5.11508321762085
-12.140832901001,-8.45624446868896
-6.88670873641968,-9.61283302307129
-1.39208102226257,-14.8709239959717
-2.35952305793762,-23.6582775115967
-12.996374130249,-31.3627414703369
-20.9465599060059,-34.7945098876953
-17.2995491027832,-33.9709091186523
6.78128004074097,-26.4963035583496
43.5781059265137,-14.4377250671387
64.6451263427734,-11.5560674667358
68.8647918701172,-14.3510856628418
62.5757942199707,-17.7575912475586
33.3671455383301,-23.1977310180664
-17.9880752563477,-21.6403026580811
-49.8257675170898,-4.34847831726074
-50.4349594116211,18.1235656738281
-31.1984386444092,36.5337753295898
0.00229647429659963,43.3952217102051
22.9925098419189,30.1086578369141
24.3587036132812,0.869528651237488
4.48000383377075,-31.8900947570801
-19.9043769836426,-46.8271980285645
-33.3754959106445,-44.272891998291
-32.7708969116211,-33.609317779541
-16.3682250976562,-13.1519079208374
3.86079072952271,4.90088510513306
13.9387636184692,8.21302700042725
11.9715204238892,-0.991033017635345
1.29750800132751,-12.7086887359619
-9.26376819610596,-18.1947574615479
-14.5590209960938,-11.1940593719482
-16.0460929870605,3.66475534439087
-18.6417350769043,14.9669580459595
-25.6902408599854,17.2087345123291
-33.9172554016113,8.84580993652344
-38.3678207397461,-5.2689471244812
-33.1218414306641,-17.8354625701904
-17.6035194396973,-22.76828956604
-1.3471953868866,-19.2870445251465
7.19777679443359,-13.8819780349731
-0.156786561012268,-11.9157791137695
-21.6192169189453,-15.3847074508667
-41.1630477905273,-21.5284023284912
-49.0480995178223,-24.4599571228027
-42.6367607116699,-23.8559837341309
-20.1853828430176,-15.3725986480713
8.41783046722412,1.02026093006134
24.3428363800049,15.8786582946777
22.0634803771973,24.965181350708
5.86707448959351,27.3109245300293
-12.6590013504028,26.746618270874
-18.8200244903564,24.1328125
-9.37232875823975,20.0288047790527
11.8527297973633,12.4349908828735
32.5452156066895,4.0430474281311
39.9976921081543,-3.59439992904663
32.4994964599609,-5.58085012435913
11.3397817611694,2.15075254440308
-13.0256023406982,17.3208446502686
-27.5478801727295,32.2030410766602
-29.2101097106934,39.6937217712402
-21.9864444732666,35.5870018005371
-7.26500082015991,16.4980792999268
8.47315502166748,-10.8719272613525
19.1210708618164,-31.723705291748
23.6158981323242,-37.488899230957
22.7449073791504,-29.4067707061768
15.1978578567505,-15.5851268768311
1.40752995014191,-6.46895933151245
-15.417275428772,-7.45811367034912
-31.5996952056885,-13.1174612045288
-42.2866516113281,-14.6124658584595
-47.9689636230469,-5.45266485214233
-48.3042488098145,16.0519371032715
-42.1772575378418,38.3058166503906
-34.3153800964355,49.7610473632812
-28.9330711364746,46.1507835388184
-18.1179294586182,23.3908424377441
2.9883394241333,-14.9419059753418
20.7421741485596,-43.4284172058105
28.5393295288086,-48.9299354553223
30.3322505950928,-38.5857772827148
14.9496297836304,-17.2118663787842
-13.6700763702393,1.85450732707977
-36.8966178894043,3.64032936096191
-43.7578544616699,-10.3063678741455
-27.00465965271,-30.8245315551758
8.70217609405518,-44.7177810668945
40.7457160949707,-41.728401184082
57.1204147338867,-31.0765171051025
60.7751502990723,-19.8741054534912
50.167106628418,-12.0224609375
20.9125308990479,-18.3717937469482
-7.42095232009888,-34.7064056396484
-17.7711620330811,-47.0505828857422
-9.94018459320068,-53.0306015014648
8.2069730758667,-51.6948890686035
23.8985729217529,-42.3968811035156
31.6328887939453,-29.0430927276611
30.0844402313232,-14.0051527023315
26.8487071990967,0.532155752182007
29.228271484375,10.7454118728638
36.0642509460449,14.0558843612671
41.6603393554688,7.81865978240967
39.8325538635254,-6.23304891586304
28.7140712738037,-20.553653717041
14.6640319824219,-25.6315765380859
4.4493145942688,-14.898063659668
1.42736315727234,7.17731714248657
3.16871690750122,24.6964931488037
4.41674661636353,26.1779289245605
6.06290102005005,6.94182443618774
12.3861389160156,-24.9570388793945
20.6816291809082,-45.7818870544434
31.1320495605469,-48.5121841430664
43.8211135864258,-32.6621284484863
46.1975479125977,2.27434468269348
26.9121742248535,38.8759689331055
-1.27454328536987,57.3020439147949
-24.2050476074219,59.0778465270996
-39.4206504821777,52.5855026245117
-44.9409599304199,45.7580871582031
-39.6427841186523,45.6931571960449
-25.9424343109131,50.3969650268555
-11.4111804962158,55.7043228149414
-4.75829458236694,56.3124732971191
-8.70718669891357,49.3952827453613
-20.5492687225342,33.8736228942871
-33.215160369873,17.1870231628418
-41.4323616027832,6.19484376907349
-45.0052604675293,-0.072652094066143
-43.7906341552734,-5.24055433273315
-37.0594596862793,-16.7905673980713
-26.7691650390625,-34.7162208557129
-15.6684265136719,-50.6399726867676
-5.72302293777466,-57.4646759033203
1.61525654792786,-55.6247825622559
8.08964347839355,-39.9542694091797
10.2664928436279,-8.98192882537842
11.4214105606079,18.9166851043701
14.4828195571899,31.2236995697021
20.9705677032471,27.0695858001709
28.100076675415,13.0938701629639
30.7456150054932,-1.96098029613495
27.9278411865234,-11.4234981536865
17.4661483764648,-13.6491994857788
0.679965138435364,-11.5535621643066
-19.1383991241455,-9.7524995803833
-34.6901245117188,-11.9736080169678
-42.5716247558594,-14.3128805160522
-45.0309371948242,-14.1563024520874
-42.0883178710938,-8.59111022949219
-32.3892631530762,2.46244668960571
-18.7298355102539,16.8177070617676
-3.74325299263,27.1328430175781
7.15393495559692,30.2353801727295
8.97462177276611,25.6537055969238
1.03049063682556,13.6168403625488
-17.1872310638428,-1.2290313243866
-37.8106155395508,-14.6876230239868
-48.8589515686035,-22.6889572143555
-48.9291000366211,-25.5603847503662
-37.2692718505859,-23.9229984283447
-10.4585618972778,-11.4115982055664
20.5121078491211,10.8239097595215
37.7742881774902,26.0837726593018
39.2486228942871,30.5687866210938
25.2182102203369,27.7299270629883
-2.70858693122864,13.9352149963379
-29.3249320983887,1.50690472126007
-42.8843612670898,2.69752216339111
-42.6505393981934,17.399341583252
-30.7136726379395,36.8193740844727
-12.8930330276489,47.8263740539551
5.05454015731812,41.9991760253906
21.02610206604,11.7065906524658
30.5679512023926,-29.4671058654785
29.5704460144043,-53.982177734375
31.1174354553223,-56.9552764892578
42.7586822509766,-37.4747009277344
51.4575157165527,4.399001121521
51.2180557250977,35.7210311889648
50.648323059082,42.1473999023438
52.3748550415039,30.907621383667
51.0197257995605,-1.65053868293762
39.0486221313477,-38.360725402832
24.6935710906982,-53.5909423828125
17.0358734130859,-50.0405921936035
12.6195440292358,-26.7844066619873
12.0884323120117,2.30002331733704
18.958438873291,15.6966104507446
30.981107711792,10.632884979248
41.6559562683105,-8.2562427520752
44.328426361084,-24.1311435699463
41.8941612243652,-27.1848278045654
36.8283500671387,-17.6500759124756
27.8505954742432,-2.2843656539917
19.7106380462646,7.74057960510254
16.0788688659668,5.04243135452271
13.6132907867432,-7.0844144821167
6.29129552841187,-21.3580455780029
-4.13574123382568,-29.0178318023682
-17.1156234741211,-29.8113670349121
-23.8248767852783,-27.9681339263916
-18.8930931091309,-24.4378261566162
-3.79294037818909,-21.6004276275635
19.0262889862061,-15.3592376708984
35.1404418945312,-3.3975293636322
36.2661323547363,15.7231245040894
21.2580451965332,36.101619720459
-2.84032106399536,47.6130104064941
-19.4467525482178,45.0326080322266
-21.5593013763428,28.0215797424316
0.0407102257013321,-0.012526223435998
34.2030601501465,-25.0463924407959
54.6047325134277,-30.5898723602295
61.6357002258301,-24.1175727844238
60.3880882263184,-10.9942665100098
43.6668319702148,1.72569608688354
11.6690120697021,1.14406168460846
-11.7961530685425,-12.0846738815308
-14.2189340591431,-26.1829376220703
1.53383600711823,-29.9652309417725
22.9198570251465,-17.2588386535645
33.6667289733887,8.9994649887085
27.8455867767334,33.462345123291
6.76269912719727,43.7173538208008
-20.6250534057617,32.2809143066406
-41.5265197753906,1.85388112068176
-44.8860511779785,-29.1913204193115
-35.8884658813477,-46.1161270141602
-20.5453033447266,-49.9825553894043
-4.03636693954468,-37.0435905456543
4.20400953292847,-6.06415367126465
1.27558708190918,21.9795551300049
-7.88964176177979,35.752555847168
-14.7966012954712,35.1011924743652
-13.0043077468872,24.0751934051514
-0.556373119354248,12.3708982467651
18.3431930541992,7.89026832580566
34.4949226379395,12.9007577896118
41.0736961364746,22.2709999084473
36.9515228271484,30.8270359039307
21.9507446289062,33.8585891723633
2.29689192771912,27.2735557556152
-14.3333396911621,11.295521736145
-21.1843490600586,-5.10547971725464
-16.7154102325439,-15.4396142959595
-5.81884813308716,-18.0010185241699
5.84640598297119,-12.8767490386963
12.7838459014893,-4.49545288085938
13.6623516082764,3.54700899124146
6.76416063308716,9.09278583526611
-5.42072296142578,14.9371042251587
-16.1667613983154,22.3647365570068
-22.5651569366455,31.5226593017578
-22.5488719940186,42.0503234863281
-16.802885055542,47.9510078430176
-8.18922710418701,45.6486892700195
2.69021534919739,31.8232879638672
12.3182878494263,6.6856632232666
14.0335454940796,-17.875337600708
3.83615589141846,-30.384651184082
-15.6298036575317,-25.8351268768311
-37.1122779846191,-4.65161323547363
-48.2867126464844,20.1759872436523
-47.0320014953613,33.6840591430664
-41.0617942810059,31.3994846343994
-24.3918972015381,11.0353937149048
-1.33466911315918,-19.4784870147705
9.7255687713623,-40.600414276123
8.38484477996826,-41.4202537536621
-3.18667125701904,-18.0037326812744
-18.2640686035156,23.3929309844971
-17.4076919555664,56.5922241210938
-5.89985132217407,69.4015426635742
4.04784917831421,69.5802459716797
9.139967918396,60.135684967041
4.86330604553223,30.2700366973877
-9.82035064697266,-18.9713821411133
-31.262321472168,-48.1011161804199
-44.6662178039551,-52.4197387695312
-48.2558135986328,-50.3376731872559
-45.7263526916504,-43.8486709594727
-33.999927520752,-29.1792106628418
-19.583080291748,-2.20169258117676
-12.8047227859497,18.9198169708252
-16.3494358062744,25.6706161499023
-23.9261302947998,21.4459381103516
-23.4140167236328,12.7322797775269
-8.74706172943115,3.91256594657898
16.4018363952637,-2.04198312759399
40.1317253112793,-6.99088525772095
49.0186614990234,-15.7997426986694
41.2787094116211,-30.9335079193115
20.1154441833496,-51.3337173461914
-4.56163311004639,-63.1929168701172
-19.5553131103516,-64.0929260253906
-22.7129650115967,-60.5434150695801
-16.8273105621338,-44.0756034851074
-5.47145462036133,-7.77794981002808
3.09355974197388,22.8574352264404
6.20486497879028,28.7057189941406
7.00111484527588,9.65604782104492
10.7963523864746,-23.916109085083
19.1632423400879,-47.5048675537109
29.9218082427979,-49.5664749145508
42.6912498474121,-33.811408996582
45.4211311340332,0.685184419155121
27.2464141845703,37.7149963378906
0.635914623737335,57.2018356323242
-23.0774784088135,58.970329284668
-38.0745010375977,53.5387496948242
-43.5810279846191,47.6879577636719
-38.8672027587891,46.1960868835449
-24.2570323944092,51.602611541748
-10.6568937301636,56.0538063049316
-3.78291940689087,55.8692512512207
-7.38003349304199,48.9230461120605
-19.7438335418701,34.3066101074219
-32.454402923584,19.1644954681396
-41.8365440368652,8.82910823822021
-45.6148681640625,2.22799754142761
-43.9138069152832,-5.21508455276489
-38.6329612731934,-17.7759628295898
-28.1570720672607,-34.8095397949219
-15.7920188903809,-49.3468475341797
-6.81551837921143,-55.6393966674805
0.38622522354126,-54.9053611755371
5.91843175888062,-44.8217506408691
7.22825717926025,-24.1929397583008
6.7384819984436,-0.989362895488739
4.24158811569214,16.4657211303711
0.233196526765823,23.3776912689209
-5.30986595153809,22.6186008453369
-15.5034980773926,19.5252513885498
-27.8773193359375,16.769063949585
-37.2680206298828,18.5912113189697
-39.4285850524902,25.8282375335693
-32.004711151123,34.1832275390625
-15.0715522766113,40.2112655639648
8.38087844848633,36.6350288391113
30.9725494384766,20.6686859130859
43.585620880127,-5.3896164894104
41.4129486083984,-32.0811195373535
28.7449684143066,-50.5111618041992
15.2473363876343,-56.6291770935059
4.74430704116821,-50.9892463684082
-4.48960733413696,-33.0168266296387
-9.35980319976807,-7.68963956832886
-9.20573043823242,9.07691860198975
-4.74639463424683,9.24080371856689
2.50086045265198,-2.58228087425232
10.0424823760986,-18.381814956665
14.092209815979,-29.3357887268066
11.8600368499756,-31.9704704284668
4.02217054367065,-27.5090484619141
-5.58753061294556,-19.6830806732178
-10.1541738510132,-15.055685043335
-6.57063055038452,-16.6521530151367
5.99588584899902,-19.6960258483887
17.3701133728027,-18.980152130127
19.9609546661377,-14.6279153823853
10.357307434082,-7.49652719497681
-9.73830318450928,-3.01464438438416
-28.3587436676025,-8.21135711669922
-33.2293548583984,-19.7849617004395
-18.1513328552246,-32.0391578674316
14.5920066833496,-34.8352203369141
47.3215675354004,-21.6467761993408
63.5348854064941,-1.46201908588409
63.7543029785156,17.098295211792
49.9879837036133,32.6976203918457
19.6012439727783,32.6523170471191
-17.5214729309082,2.85305619239807
-33.634578704834,-31.6784019470215
-27.0150966644287,-49.4167861938477
-2.90712761878967,-51.3499984741211
31.6282958984375,-27.058521270752
52.7341499328613,9.50761222839355
55.7099609375,31.7802810668945
47.9424514770508,40.8968658447266
28.0923519134521,36.8379516601562
-1.17746496200562,6.92574882507324
-22.3695392608643,-27.869176864624
-26.4061145782471,-43.7557678222656
-17.9701194763184,-44.9271774291992
0.551571369171143,-31.084867477417
16.1880569458008,-8.16772365570068
23.2543067932129,8.68192577362061
18.550085067749,14.0761346817017
6.3201060295105,6.77418184280396
-3.05535459518433,-6.68900346755981
-7.23827838897705,-21.4805946350098
-4.94326543807983,-35.0189361572266
-3.1570258140564,-43.191463470459
-7.98045682907104,-48.1000709533691
-19.7478008270264,-48.2042465209961
-34.348991394043,-43.5480422973633
-41.7866477966309,-37.1208381652832
-33.9671516418457,-33.1734046936035
-7.01113605499268,-29.4944553375244
27.6641635894775,-23.9952335357666
48.7501831054688,-22.0327911376953
50.0215950012207,-22.0678653717041
30.89133644104,-19.6803665161133
-6.46937704086304,-10.3063678741455
-37.9582138061523,6.76061153411865
-45.2958679199219,23.8689270019531
-33.5736198425293,35.6778144836426
-10.9408206939697,38.1459007263184
7.43222570419312,31.1009426116943
4.74660348892212,21.1952056884766
-20.5256786346436,15.666130065918
-46.7798080444336,19.9812049865723
-54.0512809753418,31.5783996582031
-45.6086044311523,43.9219512939453
-22.2044010162354,52.5648345947266
13.9141292572021,47.9318008422852
42.997932434082,25.6816806793213
50.9854888916016,-3.66851329803467
43.1601448059082,-28.873363494873
32.9061813354492,-40.5006217956543
33.1009635925293,-36.9302291870117
44.0622444152832,-19.4640808105469
54.6485710144043,0.758462846279144
55.1356353759766,12.5439691543579
41.4910278320312,14.878231048584
0.423803895711899,-1.72298204898834
-45.2140312194824,-23.4273777008057
-63.5749664306641,-29.0612564086914
-66.1839752197266,-29.9470691680908
-59.8290023803711,-30.5863227844238
-42.0841445922852,-23.1515922546387
-18.8868312835693,0.11419740319252
-6.75539207458496,19.4375667572021
-8.21469688415527,21.5522022247314
-13.0024290084839,5.02865219116211
-10.3884143829346,-24.4184112548828
-1.35304093360901,-47.8860816955566
9.32285022735596,-58.1907806396484
17.2431812286377,-58.4266891479492
21.7843551635742,-50.782772064209
19.1895484924316,-33.8884429931641
6.27146244049072,-11.1573162078857
-4.80610322952271,8.07043743133545
-7.24349737167358,21.5117015838623
-3.85118746757507,30.1892414093018
4.60923290252686,32.9116096496582
15.5281324386597,31.6061668395996
25.6835594177246,25.3781280517578
36.1955680847168,14.3335485458374
45.6856422424316,1.78644824028015
50.1449775695801,-7.27815341949463
48.2272109985352,-8.68296909332275
36.48095703125,-1.16305983066559
12.4496049880981,11.8489723205566
-11.4525175094604,19.4072952270508
-22.7290420532227,19.0782737731934
-19.7857971191406,6.22845602035522
-5.78648900985718,-13.3519105911255
7.1409912109375,-24.2432537078857
11.728720664978,-22.0799732208252
2.54950404167175,1.41045272350311
-16.0080966949463,34.0629768371582
-25.382303237915,56.2538070678711
-25.590030670166,63.7651596069336
-23.797945022583,61.8050117492676
-22.3359260559082,48.7923545837402
-16.6431751251221,21.6018905639648
-11.0024080276489,-2.803786277771
-10.2984342575073,-10.9852895736694
-7.22763109207153,-3.8651750087738
1.79438149929047,11.2861270904541
17.1354560852051,25.0716533660889
31.231424331665,29.6178379058838
37.4884796142578,28.257698059082
33.6967926025391,28.7002925872803
23.7749805450439,33.6024284362793
15.6615371704102,44.233642578125
16.4513149261475,53.2754898071289
23.4129734039307,56.0773963928223
30.1261940002441,51.1861152648926
31.0468711853027,37.3329467773438
18.9285850524902,11.4591979980469
-6.05162715911865,-17.5352516174316
-25.9919128417969,-31.0621109008789
-31.6752700805664,-26.6570568084717
-18.949462890625,-8.24037647247314
9.56001377105713,19.2847480773926
32.2487640380859,39.1941337585449
38.8841133117676,46.1363792419434
31.2330951690674,50.7011413574219
13.3055629730225,52.1723480224609
-7.7391185760498,47.9451637268066
-21.0943698883057,39.7294235229492
-24.9038028717041,28.612190246582
-22.1954231262207,13.2283182144165
-21.7670269012451,-9.92995452880859
-24.2785358428955,-36.4788665771484
-25.6522445678711,-53.5335311889648
-24.8616313934326,-60.980785369873
-17.9154224395752,-63.1534614562988
-4.40651655197144,-56.2934761047363
6.04181528091431,-28.9472675323486
-1.64636325836182,15.216438293457
-20.08642578125,46.9439010620117
-35.4471244812012,56.4767761230469
-46.1676940917969,53.4759101867676
-53.6101493835449,41.2643013000488
-52.1948928833008,18.5327568054199
-34.4254035949707,-10.3082466125488
-14.9379386901855,-28.1491374969482
-10.314510345459,-30.7147178649902
-22.6816501617432,-20.5033397674561
-38.3329582214355,-3.47414803504944
-42.6716232299805,11.2842483520508
-34.4178848266602,19.0546817779541
-11.8458404541016,19.1544742584229
15.7546491622925,12.094277381897
33.043342590332,3.05368447303772
35.8389854431152,-1.35533738136292
25.5413875579834,-1.9298734664917
11.6771545410156,4.03511428833008
-0.192486301064491,12.6272678375244
-4.9687352180481,18.5363063812256
-6.47731018066406,22.3895797729492
-13.3103647232056,21.5459384918213
-24.3923149108887,19.9104328155518
-35.2867889404297,21.1757888793945
-39.0667839050293,25.6257305145264
-32.4890556335449,33.802848815918
-15.3402395248413,39.849048614502
9.26439476013184,36.7339859008789
32.1318511962891,20.6252613067627
43.3029441833496,-5.31466770172119
40.581413269043,-33.0830078125
27.2652034759521,-51.5032386779785
13.6859426498413,-56.9440040588379
3.82488226890564,-50.9773445129395
-4.79670858383179,-31.8305950164795
-9.51596355438232,-6.97272205352783
-9.3539571762085,9.06147003173828
-4.47165298461914,9.2015552520752
3.18312215805054,-2.44010829925537
9.84268856048584,-18.3104152679443
13.2377128601074,-28.5873470306396
10.5088748931885,-32.1529350280762
3.52717566490173,-29.8178405761719
-4.93533182144165,-22.5223579406738
-11.095311164856,-16.4039249420166
-11.6049194335938,-9.01199150085449
-10.3422765731812,1.03591871261597
-11.6765279769897,15.213098526001
-18.8615703582764,31.1044921875
-26.6783504486084,40.0123062133789
-29.4858951568604,39.1786880493164
-21.2611770629883,24.2159042358398
4.92238807678223,-7.68316793441772
32.2493896484375,-37.0590400695801
42.6816444396973,-49.6040534973145
45.1263465881348,-50.949161529541
43.4856185913086,-43.9136009216309
33.2671432495117,-31.7280883789062
17.7402648925781,-22.5866603851318
10.2059497833252,-25.7150840759277
15.5195732116699,-41.4083557128906
21.6630592346191,-56.0905494689941
21.9935436248779,-62.9265289306641
18.5705432891846,-62.7210960388184
10.9207792282104,-53.9364585876465
-3.67227125167847,-34.5314559936523
-11.55544090271,-11.9884309768677
-2.89982080459595,-0.171818032860756
15.0515098571777,-5.10443592071533
33.1070175170898,-16.4467220306396
37.908317565918,-24.0088043212891
30.1560478210449,-21.1342449188232
8.88839912414551,-0.76201194524765
-16.6348247528076,29.5804672241211
-25.9798049926758,52.3013687133789
-22.5653648376465,62.0970840454102
-16.7784595489502,62.4972953796387
-13.1471061706543,54.0496101379395
-10.0556344985962,31.0564746856689
-6.77125883102417,0.738420844078064
-5.86164617538452,-20.8423824310303
-0.245305210351944,-27.9174022674561
14.0807275772095,-21.0380001068115
32.6610832214355,-4.66998481750488
45.4908599853516,12.0610828399658
47.3539276123047,24.8827171325684
38.8321266174316,36.0012016296387
17.9089508056641,42.0229759216309
-9.67504596710205,40.4972801208496
-30.4182643890381,32.3727722167969
-40.1306800842285,22.0693264007568
-36.7394142150879,15.4734354019165
-23.8666305541992,13.0368757247925
-6.15559482574463,14.5548448562622
10.1291217803955,19.9279689788818
19.9874687194824,21.5860233306885
22.2173442840576,15.425835609436
13.2615127563477,-0.473282486200333
-5.41738271713257,-21.2000064849854
-29.4372520446777,-34.0546264648438
-48.562915802002,-31.7702598571777
-58.4625968933105,-17.4897403717041
-57.7640533447266,3.74554967880249
-39.2997741699219,30.322229385376
-2.53781294822693,48.664379119873
35.6811561584473,44.1378173828125
58.0016326904297,25.294828414917
63.0922927856445,9.21491622924805
53.7516937255859,2.58311605453491
24.3196620941162,5.58377265930176
-14.2166376113892,17.3713665008545
-36.020824432373,27.9167766571045
-39.6642875671387,30.817850112915
-31.8113880157471,21.40940284729
-18.1553001403809,2.71088361740112
-11.9521045684814,-11.1510524749756
-16.4838829040527,-9.43955326080322
-31.5339317321777,12.0930252075195
-38.8024826049805,39.202278137207
-33.8022232055664,55.8170585632324
-27.2760601043701,59.4972648620605
-16.2989139556885,52.8959465026855
1.71692764759064,32.2529373168945
15.2158126831055,9.07420539855957
14.1149663925171,3.45389723777771
-2.40837526321411,15.5632066726685
-23.5238304138184,36.3492202758789
-34.1260261535645,48.1069602966309
-40.7359046936035,46.0518264770508
-45.7230110168457,30.9046993255615
-43.0916709899902,-0.371193766593933
-32.4358215332031,-32.1779899597168
-24.3198719024658,-48.296314239502
-22.6854076385498,-51.4082489013672
-24.6271820068359,-47.6462059020996
-27.84934425354,-41.8196334838867
-25.7647705078125,-38.3935012817383
-16.6878528594971,-36.9794998168945
-0.889153122901917,-34.6427307128906
17.0465202331543,-28.7336959838867
29.2430953979492,-20.1872615814209
30.7934246063232,-11.2946872711182
18.2365112304688,-5.7340874671936
-4.6806321144104,-3.23113942146301
-29.1347427368164,-1.87872469425201
-43.0670356750488,2.70837831497192
-43.8269577026367,12.0934419631958
-31.1145133972168,25.8449401855469
-9.51554584503174,39.2114639282227
8.87148857116699,43.6653709411621
13.4930391311646,38.4333763122559
1.85074949264526,22.5421924591064
-20.6739063262939,1.18017899990082
-41.6350784301758,-13.3385486602783
-50.288402557373,-14.2721700668335
-47.567081451416,-6.86457920074463
-33.2777900695801,12.0433378219604
-14.6164321899414,36.4469261169434
-3.49189352989197,52.899284362793
-3.2136025428772,60.6937294006348
-12.5978317260742,61.340705871582
-23.2488803863525,54.6450233459473
-28.7228393554688,38.0473594665527
-18.8302536010742,7.54892873764038
5.85872364044189,-23.0421962738037
24.3129825592041,-37.7546653747559
30.3675327301025,-36.9828414916992
22.7482471466064,-18.7862033843994
1.2313277721405,10.3566818237305
-17.0776271820068,33.8514938354492
-19.4553127288818,39.8897590637207
-1.35659003257751,23.8213272094727
35.8381500244141,-10.232045173645
55.5627784729004,-38.0588417053223
58.4853553771973,-48.4652099609375
61.3135681152344,-45.3367881774902
62.887279510498,-30.6232757568359
50.6270294189453,3.60922241210938
14.281982421875,40.4678421020508
-10.7395668029785,54.7826042175293
-20.4192047119141,53.8377075195312
-20.4123153686523,40.5690956115723
-9.08485221862793,14.7034902572632
4.87771129608154,-15.3830375671387
13.3431415557861,-36.4108085632324
12.7629690170288,-44.790641784668
9.30406093597412,-47.1094551086426
8.253737449646,-44.7179908752441
11.6337299346924,-40.0976943969727
17.8173007965088,-36.5627937316895
26.3762607574463,-34.3736267089844
31.9191131591797,-33.7871894836426
32.0577354431152,-34.5679931640625
27.7798233032227,-35.192008972168
19.0889205932617,-33.7531623840332
10.3262014389038,-30.3543796539307
6.04661703109741,-26.8343029022217
7.50926208496094,-26.7816925048828
12.9903202056885,-29.5794239044189
17.2554988861084,-33.1324882507324
17.43337059021,-33.968822479248
10.3103342056274,-27.4545593261719
-4.58355379104614,-14.1523361206055
-19.3951873779297,2.12444758415222
-28.8691864013672,16.5515251159668
-31.2466640472412,23.5108871459961
-25.9203052520752,25.1526565551758
-14.8757257461548,23.7394905090332
-2.60002636909485,24.9010887145996
8.05937194824219,33.2763290405273
17.236083984375,43.082691192627
25.5048522949219,46.9100799560547
34.2059860229492,42.6273651123047
43.4726753234863,25.2238464355469
47.7668724060059,-3.45264482498169
40.1642913818359,-31.1140956878662
23.7171516418457,-47.0322113037109
5.8487024307251,-46.7754249572754
-9.59738349914551,-32.5101432800293
-11.2855014801025,-13.5740423202515
3.67999577522278,2.1131739616394
26.7539253234863,7.0942268371582
44.3300971984863,5.94724225997925
46.5731239318848,8.0272216796875
29.7840194702148,19.4275455474854
-4.99587535858154,37.9264831542969
-33.6066055297852,48.700496673584
-43.4417762756348,49.1579093933105
-47.8856658935547,37.1671829223633
-33.4886512756348,4.38939762115479
0.66639506816864,-37.8181304931641
16.6744918823242,-58.7584266662598
15.7093458175659,-62.5334129333496
6.59944105148315,-58.8807640075684
-13.7308282852173,-44.2378196716309
-33.8441848754883,-24.2048397064209
-40.5469665527344,-8.95228290557861
-33.7556686401367,-0.829235970973969
-22.2987651824951,6.75706243515015
-14.8001508712769,17.5784664154053
-17.5930805206299,30.8295402526855
-23.7280082702637,40.7104339599609
-27.2512168884277,39.5678329467773
-22.3177642822266,24.7472248077393
2.7440779209137,-7.28107595443726
30.2825622558594,-38.0475692749023
41.132152557373,-50.4965476989746
43.6380233764648,-52.3821601867676
41.6960411071777,-45.4850120544434
31.571928024292,-33.4389610290527
15.798490524292,-23.1540985107422
8.68526554107666,-26.9981861114502
15.1763544082642,-42.1106567382812
21.2219276428223,-55.1732139587402
19.5179443359375,-63.8958473205566
15.5289678573608,-64.0348892211914
7.77377414703369,-55.819149017334
-4.56977510452271,-35.1279144287109
-10.8955183029175,-8.5268087387085
-1.78665697574615,2.60253167152405
16.0932750701904,-4.35954332351685
30.5372619628906,-20.7974967956543
33.265682220459,-31.4266242980957
28.1069660186768,-24.6223793029785
13.1218452453613,6.20089817047119
-8.42075347900391,41.3108596801758
-22.0643157958984,54.9101600646973
-36.835865020752,48.5681343078613
-52.3253746032715,19.7434158325195
-54.4815559387207,-17.683479309082
-42.9386405944824,-41.2215042114258
-20.1699333190918,-48.7466354370117
10.7074155807495,-33.3955383300781
32.612232208252,-6.00256633758545
32.8994979858398,13.1093187332153
7.60341739654541,19.7774448394775
-32.9147415161133,13.0882329940796
-58.9467391967773,5.0917010307312
-64.3599472045898,1.78582191467285
-57.1817932128906,-3.36078572273254
-29.2353706359863,-5.84306573867798
4.68104982376099,-4.92343235015869
15.4523496627808,-6.59463930130005
1.16055464744568,-8.82347202301025
-22.2954254150391,-7.49068164825439
-31.8151454925537,1.86181437969208
-18.5578079223633,23.1486701965332
10.5884170532227,46.867073059082
35.5304222106934,55.7842826843262
42.7208938598633,56.3124732971191
34.1291580200195,57.1070518493652
7.70968198776245,44.0680885314941
-21.0782928466797,5.8461971282959
-27.8009090423584,-23.9545230865479
-11.309718132019,-28.8938217163086
21.5741233825684,-12.0809164047241
46.0370025634766,16.1195793151855
49.8704452514648,32.8005409240723
42.077465057373,38.684944152832
21.8799724578857,32.4258003234863
1.37412667274475,9.75145626068115
-7.76813745498657,-11.2581520080566
-6.25580453872681,-18.72190284729
-3.12654542922974,-13.2656879425049
-8.49674606323242,-4.3386664390564
-22.6177673339844,-3.96329712867737
-38.3544616699219,-16.7964134216309
-45.5029678344727,-35.569465637207
-41.9185905456543,-50.0311965942383
-31.5687961578369,-58.6381759643555
-18.8411102294922,-59.1072807312012
-9.70865821838379,-48.2023696899414
-11.828929901123,-22.6799793243408
-23.355978012085,2.66787672042847
-31.5086708068848,14.7093353271484
-30.2097015380859,14.3621501922607
-19.372013092041,5.31111860275269
-5.71508932113647,-4.24722480773926
2.06265139579773,-9.91492366790771
-0.10375888645649,-9.99717903137207
-7.63014030456543,-5.54368877410889
-12.6965799331665,-1.4073212146759
-7.5583233833313,0.375160396099091
6.14974927902222,2.12966680526733
19.0077095031738,4.61883592605591
20.2283897399902,10.1689968109131
5.12071990966797,20.539665222168
-17.49245262146,29.7468585968018
-33.9337463378906,34.0907440185547
-34.7673683166504,32.3905181884766
-14.7692527770996,23.6265449523926
22.2137966156006,7.01969575881958
48.7731475830078,-10.672342300415
53.4500198364258,-19.0014457702637
42.3881149291992,-17.2715740203857
11.8120203018188,-5.70506858825684
-21.1478137969971,10.9195261001587
-32.3892631530762,21.5714092254639
-21.6634769439697,22.7261180877686
4.43783235549927,13.3375053405762
30.463565826416,1.51358532905579
39.1626129150391,-1.98519766330719
29.0199184417725,6.77940082550049
4.37248706817627,26.0441055297852
-20.3910217285156,38.281810760498
-31.7999057769775,34.5788497924805
-29.819091796875,7.69423294067383
-11.6111831665039,-38.0521621704102
2.27580595016479,-66.0127792358398
7.12241077423096,-72.7748565673828
14.919358253479,-70.0399627685547
29.8019733428955,-44.1916809082031
38.2755470275879,10.4823608398438
37.7605094909668,45.862678527832
39.5736808776855,49.6733665466309
41.9949989318848,34.559642791748
38.0920372009277,-7.95185518264771
20.7398777008057,-48.408634185791
1.49625742435455,-60.859073638916
-11.8124370574951,-55.6684150695801
-22.0179691314697,-29.5587558746338
-26.5793933868408,11.84521484375
-22.011079788208,40.6745262145996
-12.495325088501,51.4577255249023
-3.37832236289978,49.7470626831055
8.63662242889404,41.9789237976074
23.3273773193359,32.336238861084
32.422248840332,25.7434768676758
35.4490051269531,23.3720531463623
33.4103622436523,18.4774322509766
25.0891895294189,11.5097208023071
14.6028623580933,4.40463781356812
8.44100475311279,2.37225794792175
7.02679395675659,6.59088134765625
9.03286838531494,13.769868850708
8.52221584320068,19.1075019836426
-1.02735912799835,19.5450839996338
-20.2810001373291,14.3780164718628
-42.9922943115234,8.79612255096436
-56.3874206542969,9.61283302307129
-57.3723983764648,17.8225193023682
-46.7614364624023,31.2047023773193
-19.7795333862305,44.377067565918
12.3884353637695,49.1990394592285
32.9550323486328,42.3943786621094
34.7811470031738,30.0683650970459
12.0057592391968,14.9118423461914
-27.2418212890625,2.84950709342957
-55.2160110473633,3.18583607673645
-62.4031410217285,14.7341794967651
-57.6550750732422,27.9913082122803
-40.9901885986328,42.0415534973145
-15.345458984375,51.4533424377441
6.18210887908936,49.2829666137695
15.9310598373413,34.6007690429688
11.5333118438721,4.49440908432007
0.343844830989838,-33.2212142944336
-8.52200698852539,-57.3579940795898
-10.228705406189,-65.1445007324219
-2.31964778900146,-65.0528564453125
12.6270599365234,-53.5579566955566
26.2998504638672,-22.657642364502
27.4791946411133,13.4723711013794
19.8584480285645,32.6633796691895
12.1773681640625,30.7980175018311
8.55311393737793,9.40176582336426
10.4186859130859,-18.5294151306152
16.06321144104,-34.7274932861328
20.1895580291748,-29.9057312011719
18.9500885009766,-4.66601800918579
10.3781852722168,29.0119857788086
0.48330345749855,52.4128494262695
-5.93158435821533,58.7782592773438
-11.7500152587891,54.6826019287109
-12.4122352600098,38.6521682739258
-6.20987510681152,13.1366682052612
0.235284224152565,-10.0794343948364
2.53656029701233,-25.1106929779053
-0.280169874429703,-30.5879936218262
-6.26561689376831,-32.5907287597656
-12.4032573699951,-33.1264343261719
-14.6458692550659,-32.1339378356934
-15.5650854110718,-29.759801864624
-12.9389629364014,-24.0522270202637
-7.15602254867554,-16.2162399291992
-1.79855692386627,-8.37002277374268
4.04283857345581,-1.78770089149475
6.84996509552002,0.947400033473969
7.89360857009888,1.05825710296631
4.86581134796143,-1.54385709762573
1.24489784240723,-2.30461645126343
-0.317957311868668,0.0803766027092934
2.95493602752686,2.10377931594849
11.0454149246216,7.67586088180542
20.0214977264404,13.47278881073
26.9244918823242,17.3918266296387
25.1795883178711,16.5513172149658
13.5420999526978,6.74954652786255
-5.31132745742798,-11.0312185287476
-22.5829010009766,-33.127685546875
-31.7617015838623,-47.3196868896484
-34.0013885498047,-52.9610824584961
-30.6725463867188,-53.1844673156738
-28.1871337890625,-45.3541145324707
-27.1827392578125,-27.7572765350342
-26.3491191864014,-5.90507030487061
-18.7695026397705,8.44476222991943
1.53258347511292,12.9116134643555
30.8355960845947,11.2120141983032
55.3135070800781,7.51385498046875
66.0599594116211,6.06436252593994
67.5411911010742,11.5731868743896
60.8532295227051,20.7839279174805
47.3399391174316,28.2554016113281
32.2145233154297,22.5240287780762
24.9760360717773,4.37415742874146
28.3898506164551,-14.9999437332153
32.2462577819824,-29.1138668060303
25.7612228393555,-35.1030693054199
4.46184062957764,-36.653190612793
-27.5510101318359,-34.0496139526367
-48.8336906433105,-28.9428825378418
-49.7161636352539,-29.1591701507568
-30.8084545135498,-33.5471038818359
6.7990255355835,-27.868968963623
35.4249954223633,-12.6076440811157
37.8373374938965,3.62989068031311
9.79362773895264,14.6613178253174
-33.6926193237305,16.502046585083
-59.2985153198242,11.6621227264404
-64.4812393188477,5.70277214050293
-57.181583404541,-3.30775809288025
-28.8975791931152,-8.9059362411499
4.58480644226074,-6.94975757598877
14.197639465332,-5.26498031616211
0.322341471910477,-5.46247720718384
-21.8659839630127,-5.21174383163452
-32.448974609375,2.37538957595825
-19.180570602417,21.1114883422852
11.9842557907104,44.967472076416
37.5699005126953,55.3558883666992
45.1384544372559,55.6464958190918
36.3928527832031,56.8494300842285
8.8984203338623,42.4605560302734
-22.6254901885986,3.78354573249817
-30.0589694976807,-24.4645500183105
-9.11220169067383,-26.0480728149414
25.4359588623047,-5.27625417709351
46.6424369812012,16.124382019043
45.7491073608398,25.1077709197998
20.4703540802002,19.3008232116699
-19.0734710693359,-5.60799026489258
-38.8703308105469,-27.1829490661621
-31.9216194152832,-39.9304695129395
0.957003474235535,-46.8881607055664
37.7373352050781,-43.5075416564941
55.3544235229492,-39.5321350097656
59.3227310180664,-36.5709342956543
55.5997314453125,-29.6758766174316
38.0701141357422,-17.8344192504883
7.18378925323486,-2.68457841873169
-15.9792852401733,7.1913046836853
-28.9316101074219,7.87127017974854
-36.3582000732422,2.24177646636963
-41.9753761291504,-4.76455783843994
-49.4332809448242,-8.11824512481689
-53.3744468688965,-7.75352334976196
-52.7201614379883,-7.1963152885437
-43.9555625915527,-7.23410272598267
-26.6388931274414,-5.70047569274902
-8.2485179901123,1.21420860290527
4.07373666763306,12.6782083511353
6.914475440979,28.6554069519043
8.53077602386475,44.7668418884277
15.3391952514648,53.2475128173828
31.6170234680176,52.9101409912109
51.4717140197754,42.7981376647949
64.5802001953125,27.1338882446289
68.1674957275391,13.4617233276367
61.0070915222168,5.33721494674683
33.8738327026367,-0.399168998003006
-9.42848873138428,-0.941554486751556
-38.5099945068359,10.2938413619995
-40.1599082946777,28.9566612243652
-25.5601768493652,46.2219734191895
-5.42322826385498,55.3406448364258
9.50343704223633,56.1110076904297
12.3074321746826,49.8209648132324
5.30485582351685,32.8640098571777
-6.99568700790405,7.45686101913452
-16.1260509490967,-15.8364868164062
-17.5344161987305,-28.7447605133057
-14.0715417861938,-28.4420433044434
-8.74163341522217,-16.5362854003906
-5.55412769317627,3.28354072570801
-7.30905151367188,23.81422996521
-12.3633823394775,37.7369194030762
-17.9719982147217,43.8941841125488
-23.1689205169678,43.5666236877441
-27.7182369232178,39.258228302002
-29.593620300293,31.6103420257568
-27.4071674346924,22.9664134979248
-17.0901527404785,14.7039070129395
-1.43675780296326,5.91989326477051
14.708083152771,1.02234864234924
21.6966724395752,1.42277026176453
12.5241355895996,8.02429866790771
-12.5773725509644,20.7054290771484
-37.8285675048828,33.2235107421875
-48.3420372009277,41.4342422485352
-49.4773292541504,45.1092262268066
-43.309627532959,44.2384452819824
-24.0184078216553,34.3560905456543
10.0783910751343,15.5389890670776
35.9502601623535,-3.78688621520996
44.2793655395508,-14.4807319641113
41.4446792602539,-15.6003675460815
32.0466728210449,-11.0099239349365
21.937593460083,-2.40983653068542
16.5792922973633,0.977254211902618
14.6396064758301,-4.50484752655029
11.8592023849487,-16.8306522369385
5.77855587005615,-32.5637969970703
-2.17309093475342,-42.9108734130859
-7.01280641555786,-45.4816741943359
-3.99816179275513,-39.7500915527344
7.80947399139404,-25.0891895294189
23.6971092224121,-4.17039728164673
33.6362495422363,13.9341707229614
32.1844596862793,26.1472396850586
18.0223121643066,32.2408294677734
-6.89422464370728,30.246862411499
-30.1105365753174,23.8505554199219
-41.7292327880859,17.8154220581055
-37.924186706543,15.7682189941406
-14.7268724441528,19.2106342315674
20.5839252471924,26.8687496185303
46.8674926757812,31.4512596130371
57.5711479187012,31.9877986907959
56.4938926696777,34.1919975280762
46.4146690368652,37.0924453735352
28.6524829864502,33.2723617553711
9.22598075866699,20.0095977783203
3.38458561897278,7.7982006072998
11.0946846008301,3.38291549682617
22.7601470947266,8.70050621032715
26.2395153045654,17.8070697784424
14.8968114852905,23.1284198760986
-13.6078624725342,15.0439939498901
-45.0833396911621,-8.6821346282959
-57.3907699584961,-31.0619029998779
-56.6893043518066,-46.4100761413574
-45.395450592041,-59.4596862792969
-28.8282680511475,-65.9568328857422
-12.6028423309326,-62.4004249572754
-2.30044102668762,-42.7469902038574
-8.92389011383057,-12.287389755249
-20.3004150390625,6.42532634735107
-22.5363464355469,6.96416282653809
-8.81616497039795,-5.13512516021729
19.0828666687012,-17.6321201324463
39.9974822998047,-20.2964477539062
46.7347145080566,-11.6383228302002
34.7573471069336,7.75644636154175
2.03697276115417,26.0994300842285
-29.0274353027344,30.142894744873
-42.8545074462891,21.5415554046631
-34.9439888000488,4.13323640823364
-7.73222875595093,-15.0540151596069
23.0160999298096,-22.3344650268555
43.1785202026367,-15.94504737854
47.266242980957,-4.00004053115845
42.0112838745117,9.47379112243652
31.6176490783691,15.6258373260498
20.2903938293457,11.8548173904419
11.390721321106,3.47832345962524
-0.0187893360853195,-0.488522708415985
-15.3149785995483,7.26687955856323
-31.788631439209,24.773946762085
-39.8594856262207,41.2446784973145
-38.280345916748,49.818042755127
-34.6667404174805,49.7742004394531
-27.5501766204834,40.513355255127
-17.9129161834717,23.2196521759033
-14.5251998901367,10.1468677520752
-18.8039493560791,10.5616941452026
-21.0190029144287,19.4972763061523
-13.1462717056274,30.5654468536377
5.00339126586914,30.7583503723145
27.1921348571777,14.8512992858887
39.2536354064941,-11.5637922286987
32.2953186035156,-36.0590324401855
13.8696613311768,-46.7937965393066
-5.5605993270874,-39.6690864562988
-14.0126686096191,-17.0081062316895
2.10544943809509,11.0896739959717
34.0844802856445,25.1411743164062
58.2895278930664,14.6141357421875
64.9630813598633,-3.3361508846283
57.3425445556641,-20.8991680145264
32.2767372131348,-33.2514877319336
-6.33304977416992,-30.2746295928955
-33.362133026123,-11.8199529647827
-35.3882522583008,5.89671945571899
-20.1484298706055,10.6040744781494
-3.68083071708679,-6.09171104431152
1.21859276294708,-38.0751266479492
-8.81428623199463,-58.5185508728027
-23.5645408630371,-60.6381950378418
-33.732494354248,-50.4934158325195
-36.0571517944336,-19.6283836364746
-24.3589115142822,29.0785846710205
-6.46373987197876,58.0423431396484
0.741134881973267,61.061580657959
-5.9027738571167,46.4885711669922
-15.3705110549927,1.27203798294067
-16.1598720550537,-44.1845817565918
-9.17587661743164,-62.2505302429199
2.59772992134094,-65.2789535522461
14.7755155563354,-57.3283500671387
14.7638244628906,-37.9458961486816
-9.17545890808105,-13.9341707229614
-39.1709632873535,0.402926862239838
-53.4047203063965,3.75953722000122
-53.6898994445801,2.2837393283844
-37.8621788024902,2.25722551345825
-6.51488876342773,12.2792482376099
19.6275482177734,27.9618701934814
26.377721786499,38.6193923950195
16.4607105255127,41.5645141601562
-2.39313507080078,31.7109699249268
-18.7530097961426,7.95102024078369
-20.6058464050293,-20.6624221801758
-10.2136735916138,-43.0584754943848
1.80607259273529,-53.4765357971191
10.480899810791,-56.3870048522949
15.4327249526978,-54.2034759521484
19.5590724945068,-49.5190849304199
24.7858467102051,-43.830509185791
29.0852642059326,-37.7534103393555
29.0253467559814,-31.9832057952881
19.1473770141602,-24.4365749359131
-2.36891770362854,-17.6210556030273
-25.1670627593994,-15.8817901611328
-35.2168502807617,-19.2442455291748
-26.4276180267334,-30.8456172943115
2.66954708099365,-43.8833274841309
33.8111991882324,-48.1848335266113
49.8069801330566,-46.7263641357422
56.553394317627,-41.0530281066895
55.5523376464844,-30.9873714447021
40.1200332641602,-15.878867149353
8.58609962463379,-1.89187729358673
-18.6665782928467,5.70882654190063
-31.7053337097168,6.28544998168945
-37.0571632385254,1.12255835533142
-41.4400863647461,-2.90107345581055
-48.616153717041,-5.26999092102051
-53.5615043640137,-5.76310682296753
-53.9153709411621,-6.05434131622314
-46.2898254394531,-7.3219952583313
-28.5380764007568,-5.52364683151245
-7.40362453460693,0.800216913223267
6.07897615432739,13.0370845794678
8.08943462371826,29.1372489929199
7.13618946075439,44.2319755554199
13.8993062973022,53.2120246887207
32.6287231445312,52.0679626464844
54.2873992919922,39.6628265380859
67.8134231567383,22.8430290222168
69.0301361083984,10.8253707885742
58.4049797058105,5.96227359771729
25.9862766265869,3.8578679561615
-9.62598514556885,6.60340738296509
-16.0567398071289,15.1082954406738
4.85078001022339,21.3158740997314
30.7076187133789,19.0273342132568
39.7776489257812,6.41488790512085
25.5280265808105,-7.88651037216187
-7.17230653762817,-16.0135231018066
-35.5414886474609,-12.0049238204956
-45.0040054321289,2.47309398651123
-38.0590515136719,16.1296005249023
-21.1630554199219,19.8845443725586
-3.26621270179749,8.88213634490967
5.63867950439453,-12.0683898925781
8.53766536712646,-28.3606224060059
14.6423196792603,-30.1268196105957
29.2433032989502,-12.2886428833008
45.454532623291,15.2744770050049
54.1642265319824,32.0823707580566
56.6172790527344,35.117057800293
52.8940658569336,30.3069896697998
38.8014373779297,8.88171863555908
12.901801109314,-26.6213569641113
-8.63683128356934,-46.8015213012695
-18.2939224243164,-49.4501914978027
-19.4461269378662,-42.4563827514648
-16.7179145812988,-28.7516498565674
-15.3617429733276,-13.9458618164062
-14.5429458618164,-2.81798267364502
-16.1124820709229,6.19547033309937
-14.7636156082153,15.7425403594971
-9.89070606231689,25.9672794342041
-4.07436275482178,34.613712310791
-1.44698762893677,35.9506797790527
-6.3804407119751,30.2879905700684
-16.4711494445801,17.141092300415
-26.4157180786133,1.62799155712128
-27.8821201324463,-9.29090881347656
-18.4515438079834,-15.5930604934692
1.32214283943176,-18.8001918792725
22.6570148468018,-25.6731204986572
33.037914276123,-36.9467239379883
32.0928115844727,-47.5881652832031
23.8958587646484,-54.3429336547852
13.1243505477905,-52.5900955200195
-1.17245447635651,-37.0258445739746
-19.0281677246094,-7.55059862136841
-32.9059715270996,18.9287929534912
-37.0333633422852,28.6458034515381
-33.9139137268066,20.2843399047852
-17.7390117645264,-5.13867425918579
10.1410217285156,-34.7671585083008
29.6468563079834,-49.5176239013672
37.2030906677246,-49.8295249938965
34.9738426208496,-45.6125717163086
12.0999145507812,-35.4794845581055
-27.3754348754883,-25.2676887512207
-52.6669235229492,-20.4196224212646
-56.594310760498,-21.9503269195557
-43.2931327819824,-30.8385181427002
-9.99592590332031,-28.8163681030273
22.5586853027344,-8.76501655578613
30.6397686004639,17.2648944854736
12.5782070159912,40.3584480285645
-16.5206279754639,48.3727264404297
-36.7788696289062,40.316276550293
-42.8899993896484,21.9430198669434
-27.5029945373535,-7.0743932723999
2.35033702850342,-28.9842205047607
21.2643089294434,-33.4143257141113
17.6235618591309,-23.4872951507568
-10.1186828613281,-0.446142315864563
-40.1523933410645,23.1440773010254
-50.0587539672852,36.3678016662598
-47.6760597229004,39.2999839782715
-34.4381370544434,32.4464683532715
-9.44435501098633,15.6433744430542
6.6695876121521,-4.44263410568237
1.91150164604187,-18.235050201416
-14.9147653579712,-21.1505279541016
-28.9888134002686,-16.7592525482178
-24.8626747131348,-11.4414520263672
-0.719840288162231,-8.50801944732666
30.9769325256348,-8.14851665496826
51.733512878418,-10.0138807296753
54.7226867675781,-8.77169704437256
43.9027442932129,0.440923064947128
17.6114521026611,14.4988946914673
-7.67377328872681,26.0226020812988
-16.9607162475586,28.7368259429932
-10.2251558303833,18.73317527771
4.43470048904419,-5.85413074493408
11.5045013427734,-33.3178749084473
5.61508846282959,-50.0207595825195
-7.96542549133301,-53.6907348632812
-21.9398899078369,-46.5745849609375
-29.3942451477051,-32.658576965332
-24.8413791656494,-19.2377738952637
-8.72075653076172,-15.1189432144165
12.8153705596924,-23.2733058929443
28.1729373931885,-35.2650756835938
33.3629684448242,-40.8233795166016
34.5880355834961,-34.621021270752
30.5627326965332,-10.4220266342163
20.2607498168945,25.3309459686279
9.53057670593262,51.2689971923828
2.32758116722107,58.8882827758789
-3.73156189918518,54.8510780334473
-8.45394802093506,34.3667373657227
-5.38794612884521,2.93489408493042
2.94742035865784,-20.8169136047363
11.4159822463989,-27.0549716949463
17.7185516357422,-15.4346036911011
18.2379722595215,6.61593389511108
10.7466650009155,26.841609954834
-0.288103133440018,37.0488128662109
-11.4637908935547,35.0627784729004
-22.3396835327148,23.3146419525146
-30.6040687561035,10.7191066741943
-34.3443984985352,-1.2862343788147
-34.7057800292969,-8.4111499786377
-27.8399486541748,-13.086145401001
-12.8320722579956,-21.7718296051025
9.43433380126953,-32.3665084838867
29.6798419952393,-42.3791351318359
38.1300315856934,-48.2366065979004
38.2822265625,-49.935791015625
31.2606525421143,-47.719066619873
11.5600337982178,-36.1433753967285
-16.9431781768799,-16.4552822113037
-35.5592346191406,2.78917241096497
-39.7870445251465,14.9882526397705
-31.4815311431885,15.614146232605
-16.7344074249268,6.99547815322876
-6.68169641494751,-8.54977416992188
-4.46497249603271,-26.4497470855713
-9.96815967559814,-38.4411010742188
-16.6185398101807,-40.5705604553223
-18.1926689147949,-34.8780174255371
-13.7821865081787,-18.5538425445557
-2.59981775283813,2.83238792419434
8.82848262786865,18.9619884490967
11.9235029220581,22.6196460723877
6.48044157028198,12.0178670883179
-6.31780958175659,-4.439293384552
-20.8283958435059,-14.3558874130249
-28.7098960876465,-8.98109340667725
-26.9785633087158,17.9768009185791
-12.7587938308716,51.4817352294922
6.72052764892578,68.4952697753906
20.8801708221436,70.1506118774414
28.2823333740234,63.3016891479492
31.118688583374,38.7734642028809
23.8839588165283,-15.968638420105
2.15910339355469,-56.0654983520508
-19.4993629455566,-60.6302604675293
-35.7638282775879,-47.8382720947266
-46.3486976623535,-13.8648595809937
-40.9935264587402,27.4290885925293
-20.868896484375,51.4366416931152
1.95033299922943,55.2700805664062
22.6256999969482,46.3117446899414
35.8876304626465,33.9517021179199
38.5596809387207,29.3385028839111
31.9857120513916,35.7191505432129
20.542797088623,46.7764663696289
11.0865430831909,50.9902877807617
5.7921257019043,45.4384574890137
6.9046630859375,28.5654258728027
14.0656967163086,6.66061067581177
24.0046291351318,-1.84824430942535
33.836254119873,4.99650192260742
40.0333938598633,18.7127170562744
44.6200790405273,27.2472496032715
48.931812286377,24.0497226715088
52.0535583496094,9.22765159606934
52.8792419433594,-11.1942682266235
49.9925765991211,-24.42258644104
48.163330078125,-24.7374114990234
44.070384979248,-11.4754819869995
29.4410095214844,6.79986047744751
2.97560429573059,16.0755290985107
-29.2372493743896,8.52388668060303
-51.3798561096191,-7.28942680358887
-60.0778541564941,-14.9314670562744
-59.9049949645996,-13.7395973205566
-49.0629196166992,2.25722551345825
-25.2173748016357,33.1878128051758
-1.32569193840027,54.8723754882812
8.33995914459229,59.5024833679199
2.1138002872467,55.9101715087891
-14.0924186706543,41.2181663513184
-25.2503604888916,21.8968830108643
-21.9557552337646,11.6289281845093
-4.52488946914673,11.8754863739014
19.9772396087646,17.6056079864502
36.0304298400879,16.2049655914307
35.106201171875,7.63786458969116
17.7519550323486,-5.89212656021118
-10.7168102264404,-14.8617382049561
-33.6913642883301,-10.4702529907227
-41.7839317321777,2.30524253845215
-36.1803245544434,17.0089416503906
-22.1962585449219,21.3549137115479
-6.81134271621704,9.99258613586426
3.99022841453552,-11.0694236755371
8.4159517288208,-27.677734375
15.4966087341309,-29.7025985717773
30.2347545623779,-12.8577508926392
45.3941993713379,13.4961709976196
54.4938735961914,30.2957153320312
57.3481826782227,33.8905334472656
53.5865592956543,29.3040561676025
38.799560546875,9.2038516998291
11.6673421859741,-25.4484844207764
-11.2744359970093,-47.3624877929688
-20.786642074585,-49.7898597717285
-21.8906192779541,-42.1064834594727
-17.8083229064941,-24.7726936340332
-14.1713342666626,-7.18692064285278
-15.6746892929077,-1.07934296131134
-19.5599060058594,-7.83223009109497
-22.6158885955811,-19.8857975006104
-19.6993656158447,-28.1944408416748
-9.42473030090332,-26.5217723846436
9.60218524932861,-13.3124523162842
34.4984703063965,4.53282260894775
50.7410163879395,16.4168682098389
55.1089096069336,21.1029281616211
48.1896324157715,27.6038303375244
25.5770874023438,35.6492156982422
-2.47643446922302,41.2181663513184
-17.1569595336914,43.2958488464355
-12.6746587753296,42.5300788879395
8.05123043060303,35.8857498168945
29.2704429626465,24.0969047546387
32.0095100402832,15.1124706268311
15.0471258163452,15.5584049224854
-12.2278909683228,26.5873260498047
-27.2816963195801,42.1240196228027
-19.298734664917,54.7189292907715
3.30984568595886,58.5083198547363
32.0412445068359,48.2117652893066
50.020133972168,27.953311920166
45.9294853210449,8.07920551300049
13.2861480712891,-7.95978879928589
-30.6163864135742,-9.13934135437012
-52.0898818969727,1.84302496910095
-47.2117538452148,11.9696416854858
-16.7686462402344,13.010570526123
25.6486949920654,-0.906272292137146
45.5215492248535,-24.0271759033203
35.5210304260254,-45.5601692199707
8.68714427947998,-57.4058036804199
-21.5647277832031,-54.1414680480957
-38.6191825866699,-42.167652130127
-34.8116264343262,-29.7389240264893
-10.2963466644287,-17.7546691894531
18.4187679290771,-15.9995365142822
30.2117900848389,-22.421314239502
18.9669990539551,-31.5305919647217
-5.47730016708374,-38.8889122009277
-23.4031600952148,-40.1085510253906
-24.6455535888672,-38.7922515869141
-4.86476755142212,-39.1899604797363
25.6825160980225,-38.2692832946777
45.0526504516602,-34.5295791625977
49.6076011657715,-30.3190975189209
43.2121315002441,-20.548225402832
22.8914642333984,-3.23489713668823
-0.544473171234131,16.3611259460449
-10.8324689865112,31.1205673217773
-5.37813425064087,37.0584144592285
12.4385395050049,35.6895065307617
32.5447998046875,28.4802474975586
46.7906646728516,20.7379970550537
51.5199394226074,15.3621606826782
46.9574699401855,12.9086904525757
33.8769607543945,5.59880447387695
12.2650518417358,-7.43911552429199
-11.064621925354,-20.958459854126
-28.4817085266113,-29.3654346466064
-36.7264709472656,-27.3432846069336
-35.2026557922363,-16.1523571014404
-24.1085968017578,2.12945795059204
-5.30381155014038,19.048210144043
13.7064027786255,26.4651966094971
28.7339038848877,20.2594966888428
38.7022743225098,6.21759986877441
44.5964851379395,-7.62617349624634
47.5771026611328,-16.2129001617432
49.1313972473145,-16.0859680175781
47.946834564209,-12.8230953216553
39.4206504821777,-12.8063936233521
22.2689113616943,-20.0503082275391
3.00587606430054,-33.2258071899414
-11.9587850570679,-42.3375930786133
-19.6974868774414,-42.7831077575684
-19.6001987457275,-33.9421005249023
-15.950475692749,-13.75901222229
-15.0552682876587,11.5076322555542
-20.7331962585449,25.8418083190918
-30.1255664825439,27.0424461364746
-37.3156204223633,19.6135597229004
-38.8214797973633,10.6069974899292
-33.9901161193848,9.77713489532471
-26.2635231018066,19.2970638275146
-23.7622451782227,34.9178924560547
-29.1249313354492,44.9165306091309
-38.898307800293,42.8591003417969
-48.0157279968262,29.672534942627
-46.6906623840332,4.52217531204224
-23.350341796875,-26.2578868865967
12.2410430908203,-44.4881362915039
38.5976791381836,-44.0242462158203
51.9184837341309,-32.2182807922363
53.6059722900391,-10.8222398757935
36.028133392334,18.4667854309082
5.03825569152832,42.4876976013184
-16.6124858856201,52.6974029541016
-26.4353427886963,54.0291519165039
-32.4399948120117,48.3844184875488
-36.0943145751953,34.6997261047363
-38.6289939880371,12.5093126296997
-38.4168815612793,-9.30051231384277
-36.5533981323242,-19.8288021087646
-30.9717140197754,-17.6807651519775
-22.3390579223633,-0.421089887619019
-14.7103796005249,24.6236324310303
-12.726016998291,42.8112907409668
-14.5738430023193,48.59130859375
-17.2903633117676,39.157600402832
-13.1944971084595,16.1730251312256
0.445933550596237,-10.6474990844727
16.6598777770996,-24.6148643493652
25.5211372375488,-18.4724216461182
19.6100120544434,2.96662735939026
0.664516150951385,30.6771392822266
-19.6056270599365,47.0576820373535
-27.5084209442139,49.3614616394043
-22.5071182250977,43.6647453308105
2.81652140617371,30.114501953125
36.9360733032227,11.1660842895508
52.8913536071777,-4.24785137176514
49.0846328735352,-13.6869869232178
23.6918907165527,-22.0818538665771
-15.1744756698608,-32.7675552368164
-38.5461120605469,-36.7548637390137
-41.2427978515625,-37.426685333252
-25.6125774383545,-36.9982872009277
2.68019437789917,-21.2851848602295
24.8716526031494,1.9344664812088
29.8879871368408,17.0471458435059
17.4131202697754,18.8976879119873
-4.46935653686523,4.01862144470215
-22.739688873291,-20.5334033966064
-29.478588104248,-37.7045593261719
-27.8650016784668,-41.7528266906738
-23.0177707672119,-33.1191253662109
-20.4260959625244,-10.665244102478
-22.3183898925781,13.8851099014282
-27.1645774841309,28.2455902099609
-32.8247604370117,26.0497436523438
-37.8899459838867,10.8082523345947
-41.830696105957,-11.7209959030151
-44.1996154785156,-30.0180511474609
-44.4768600463867,-38.8369293212891
-39.6016540527344,-43.5361404418945
-22.7981433868408,-44.8127746582031
8.20801639556885,-34.9160118103027
41.0390396118164,-14.6139268875122
57.9968338012695,4.59378385543823
57.6669731140137,20.6438426971436
44.013599395752,34.9794807434082
9.87087249755859,39.2196044921875
-30.6788082122803,22.5551357269287
-52.6393661499023,-1.15533530712128
-56.1615333557129,-19.4937267303467
-48.8495559692383,-31.7738094329834
-37.4721984863281,-34.6174697875977
-29.2347450256348,-24.3795795440674
-29.1723213195801,-7.48734140396118
-36.3738555908203,0.867023408412933
-41.1192054748535,-1.90565609931946
-40.2131423950195,-11.5642099380493
-33.2393760681152,-19.5768165588379
-23.7161083221436,-15.5811605453491
-14.9721775054932,1.11650407314301
-10.5571012496948,24.9021320343018
-8.22784996032715,42.7549247741699
-5.56101703643799,47.9249114990234
1.71108210086823,42.2647323608398
16.237325668335,27.49485206604
32.8752822875977,11.8750686645508
45.2000427246094,1.28331160545349
50.9681587219238,0.373281449079514
52.0063743591309,3.08270359039307
48.1929740905762,3.21172380447388
41.0901870727539,-4.82823276519775
30.7656574249268,-17.4830589294434
16.4306468963623,-26.1188468933105
-0.289773315191269,-25.1468105316162
-15.995361328125,-10.5769338607788
-27.550802230835,11.9892663955688
-31.040189743042,29.7247276306152
-25.4879417419434,37.2479782104492
-15.0356435775757,33.3627624511719
2.35785269737244,18.2275333404541
21.2972946166992,-1.9346752166748
36.2239608764648,-17.1481914520264
43.3591041564941,-25.5762519836426
42.5455284118652,-30.5796432495117
34.8208122253418,-32.3314361572266
18.1734619140625,-34.4786376953125
-2.02277636528015,-34.8669509887695
-15.8926458358765,-31.5677528381348
-14.4997301101685,-22.5829010009766
3.95557260513306,-9.46857261657715
32.7633819580078,5.0313663482666
52.1280860900879,13.6993045806885
56.6172790527344,17.9763832092285
49.6433029174805,25.4658126831055
25.4495277404785,34.6540069580078
-3.32821750640869,41.5762062072754
-16.2730255126953,43.9338493347168
-11.4151477813721,43.605037689209
9.47045135498047,36.2170715332031
29.9474868774414,23.8808269500732
32.8483505249023,14.9577722549438
16.3573684692383,14.1475343704224
-11.7454223632812,27.3852462768555
-27.0439071655273,43.8108825683594
-18.8682498931885,55.3091201782227
5.00088596343994,58.7116622924805
35.0515060424805,46.366024017334
52.2318458557129,24.6002502441406
47.2230262756348,6.68712425231934
11.0967721939087,-6.22261047363281
-34.7782249450684,-5.16351795196533
-52.8130645751953,5.13053226470947
-44.5330200195312,11.4652519226074
-7.94371318817139,9.54498195648193
29.4913234710693,-2.3447003364563
38.2914123535156,-16.8849315643311
20.9273529052734,-28.5059261322021
-7.41051387786865,-30.9086647033691
-21.805233001709,-22.8935527801514
-8.17983245849609,-9.13453960418701
28.1432933807373,5.81321144104004
54.8051490783691,12.2020034790039
60.6365242004395,14.708083152771
51.8710899353027,23.7547302246094
24.1037940979004,35.3494186401367
-6.39547204971313,40.9887275695801
-17.8081150054932,43.7586898803711
-9.2431001663208,43.490421295166
11.7435436248779,35.4147644042969
31.276517868042,23.3144340515137
31.566499710083,14.1844863891602
13.2750825881958,15.0043277740479
-13.2742481231689,27.0871238708496
-25.4691524505615,42.8780975341797
-16.9037208557129,55.1938819885254
5.98649072647095,58.3273162841797
34.0197601318359,46.9837760925293
50.0069808959961,26.4612293243408
45.6557884216309,6.9194860458374
13.4865674972534,-7.89089441299438
-31.0518817901611,-7.64057874679565
-51.8892555236816,4.01778602600098
-46.4641456604004,13.1644344329834
-16.8847236633301,13.3103647232056
26.4558010101318,-1.39959669113159
44.7290573120117,-25.5516166687012
33.4552459716797,-47.2927551269531
5.88273191452026,-57.6133193969727
-24.0812473297119,-53.448558807373
-39.4914245605469,-40.8855934143066
-35.6195678710938,-28.7278499603271
-10.466703414917,-18.4444465637207
18.1465320587158,-16.3210430145264
28.9512348175049,-23.4664173126221
18.8283748626709,-31.7675457000732
-5.51717519760132,-38.0655212402344
-24.6572437286377,-38.5158424377441
-26.329704284668,-37.8339958190918
-6.34202671051025,-39.5206527709961
24.0424156188965,-39.1277465820312
43.597728729248,-36.5567398071289
48.8804550170898,-32.2633743286133
43.4956398010254,-22.0250682830811
22.8985633850098,-4.1624641418457
-0.917754650115967,16.2243824005127
-9.72285461425781,31.6021995544434
-3.62863826751709,36.9007911682129
13.4446039199829,34.9218597412109
34.4245681762695,27.4013233184814
47.3324241638184,18.7960166931152
51.2188911437988,14.2143411636353
47.0470352172852,11.1877965927124
33.3450164794922,4.5033860206604
12.0101432800293,-8.4159517288208
-10.8717184066772,-21.0388355255127
-29.1284809112549,-27.9382801055908
-37.3966217041016,-26.403190612793
-35.755687713623,-15.3546447753906
-24.354736328125,2.803786277771
-4.53678941726685,19.9110584259033
14.9485864639282,26.0570507049561
29.3259773254395,19.8498878479004
38.5337944030762,4.93387079238892
43.3826942443848,-9.98214721679688
46.5117454528809,-17.4607200622559
48.2042465209961,-17.9534187316895
46.6507873535156,-14.4172658920288
38.463020324707,-14.1750917434692
21.8870697021484,-21.2574195861816
1.80732524394989,-33.0706901550293
-13.8228960037231,-41.7519912719727
-21.1164989471436,-42.6110801696777
-20.7050113677979,-33.5587959289551
-16.7615489959717,-12.4871835708618
-15.311637878418,11.5184888839722
-20.0586585998535,26.7242794036865
-28.7748222351074,28.2128124237061
-36.9966201782227,20.4906044006348
-38.8246116638184,11.6280927658081
-33.5468978881836,10.3723392486572
-26.0727081298828,20.9288139343262
-22.6238212585449,36.3974456787109
-27.1950569152832,45.9175872802734
-36.8083076477051,44.8123550415039
-46.5276145935059,32.0045013427734
-46.9983901977539,6.56561994552612
-24.3004550933838,-24.7593326568604
11.2491750717163,-44.2359390258789
37.3053894042969,-45.7514038085938
50.3934135437012,-34.393669128418
52.875904083252,-12.8164138793945
37.2110252380371,17.1872310638428
7.13159656524658,42.7484512329102
-15.0932645797729,53.4303970336914
-24.8766613006592,54.9061965942383
-29.4629306793213,49.8339080810547
-34.8218574523926,36.3396186828613
-38.3229370117188,14.5062017440796
-38.5141716003418,-7.12595987319946
-36.712272644043,-19.4429950714111
-31.3510494232178,-17.4701156616211
-22.6179752349854,-0.103132575750351
-13.9805183410645,25.8088226318359
-11.5351905822754,43.8979415893555
-12.2224626541138,48.940788269043
-15.8893060684204,40.6569900512695
-13.0938701629639,17.030445098877
0.270775198936462,-9.97546672821045
15.7736473083496,-23.8864650726318
25.0422172546387,-19.4866275787354
20.1642971038818,1.43508768081665
0.975792825222015,30.1101188659668
-18.4102077484131,47.9875450134277
-25.310905456543,50.7431030273438
-20.7826747894287,45.2635078430176
3.96225333213806,29.9691982269287
36.9504814147949,9.69237422943115
52.1765213012695,-5.83053970336914
48.6946487426758,-14.7926349639893
22.7338428497314,-23.2568130493164
-15.340030670166,-31.8606586456299
-39.6143913269043,-34.9089126586914
-42.7236061096191,-36.1749000549316
-26.5086212158203,-35.5995254516602
1.4638979434967,-21.1916561126709
24.7438850402832,1.27809238433838
29.8355846405029,17.1974601745605
18.0020618438721,18.8592739105225
-3.06934237480164,3.61506819725037
-22.5219402313232,-19.1093807220459
-30.5399761199951,-36.6642570495605
-28.5420436859131,-41.576831817627
-23.6528511047363,-32.5366554260254
-20.4824638366699,-9.41763210296631
-21.5035591125488,15.9840869903564
-25.9958801269531,29.4324493408203
-31.3775634765625,28.2689723968506
-37.4003791809082,12.7625513076782
-42.5006408691406,-11.0848722457886
-45.4601707458496,-28.8420467376709
-45.445972442627,-37.8118667602539
-41.0296440124512,-42.230281829834
-24.3545265197754,-44.2288436889648
7.58107900619507,-36.0498428344727
40.9031295776367,-15.9876365661621
58.270320892334,2.82487225532532
59.4081192016602,18.0928764343262
45.3372039794922,33.5573348999023
11.2520980834961,38.7722091674805
-29.4420528411865,24.0384483337402
-52.6203689575195,1.1110759973526
-56.6957740783691,-17.4001770019531
-49.8566665649414,-29.9781761169434
-38.5991401672363,-32.7366600036621
-31.0372676849365,-23.1355171203613
-30.0117874145508,-7.53243589401245
-36.6479721069336,1.8705826997757
-41.033821105957,-0.678921282291412
-40.4156494140625,-10.2865343093872
-34.5552558898926,-18.3694972991943
-24.1885547637939,-15.6930618286133
-14.9475421905518,1.3476128578186
-10.1236934661865,24.911527633667
-8.14100170135498,43.5476226806641
-4.37269592285156,48.5685539245605
3.72362875938416,41.5089797973633
16.9767913818359,26.9057006835938
32.2794532775879,9.97358798980713
45.1042175292969,0.0634661987423897
50.988410949707,-1.04239058494568
51.8026161193848,1.3440637588501
48.2405738830566,1.60961973667145
41.0613784790039,-5.40276908874512
29.8453979492188,-17.6651058197021
15.4901371002197,-26.5086212158203
-0.706270217895508,-24.6029644012451
-16.5078926086426,-9.70490074157715
-26.9981861114502,13.8886594772339
-29.7272338867188,31.0266208648682
-25.1075630187988,37.6544532775879
-13.8466958999634,33.6437644958496
2.58269858360291,17.855504989624
21.6605548858643,-2.61902451515198
35.3963928222656,-19.1736812591553
41.9240188598633,-27.7284660339355
42.0843544006348,-31.3243274688721
34.1262359619141,-32.8564910888672
16.8836784362793,-34.8467025756836
-3.51548457145691,-34.2915802001953
-16.9193782806396,-30.109073638916
-15.8160276412964,-21.8845653533936
3.45201849937439,-9.3612642288208
32.7878074645996,3.64680123329163
52.3005332946777,11.4176530838013
57.0728149414062,16.1602897644043
50.0372505187988,23.4518051147461
27.3758525848389,33.3201713562012
-0.670779287815094,41.3711929321289
-14.6924247741699,44.9896011352539
-9.80260467529297,43.5217361450195
9.75980663299561,35.5627822875977
30.035795211792,22.8465785980225
33.7020111083984,12.6913604736328
18.2452793121338,12.9130744934082
-10.5069961547852,26.9549713134766
-25.8560047149658,44.7200775146484
-17.9939193725586,56.7757339477539
6.37772655487061,58.4811782836914
38.2778434753418,44.1609916687012
54.6066093444824,20.8814239501953
48.2773170471191,3.96350598335266
8.63495254516602,-4.56476449966431
-38.9797286987305,-0.796250283718109
-53.9725723266602,7.52471113204956
-41.014404296875,9.53892803192139
-1.77621853351593,5.33032560348511
31.315767288208,-4.46371984481812
28.6101036071777,-9.97776317596436
-4.14785003662109,-9.9570951461792
-37.2264747619629,-7.83849287033081
-43.9031600952148,-8.32346630096436
-22.3476181030273,-17.22731590271
11.8715190887451,-25.2388782501221
28.727014541626,-23.4891738891602
20.9146175384521,-10.5744295120239
-3.49231100082397,12.9178762435913
-20.8173313140869,33.3700675964355
-19.135684967041,40.4891395568848
-8.79883670806885,33.2333221435547
-2.18582606315613,11.0802793502808
-9.26502132415771,-12.7057657241821
-26.1900367736816,-21.8344593048096
-38.7089538574219,-11.2203645706177
-33.1099395751953,16.5851383209229
-7.81803369522095,45.3852233886719
20.2526073455811,56.014347076416
37.7774200439453,49.1748199462891
42.2210960388184,31.4335136413574
30.6936321258545,-3.9804162979126
9.6714973449707,-39.3321342468262
-0.641133844852448,-51.9408187866211
7.14996814727783,-47.1361770629883
24.1179904937744,-27.1583137512207
37.4076881408691,-5.32030487060547
34.8920059204102,1.35408473014832
17.6410980224609,-11.3472967147827
-3.50546360015869,-34.1859436035156
-15.1224918365479,-47.5871238708496
-6.6192741394043,-47.4165573120117
18.7590637207031,-26.9931755065918
41.2198333740234,10.3533411026001
43.869758605957,34.9611053466797
27.9380702972412,44.9950294494629
-9.30322647094727,26.8015251159668
-46.4860687255859,-17.3081092834473
-56.9838790893555,-42.786449432373
-50.8385124206543,-55.4888725280762
-34.667366027832,-63.9265365600586
-5.52677869796753,-59.2640686035156
24.2242546081543,-25.8063163757324
30.3132514953613,15.5458784103394
15.0592346191406,37.9962120056152
-9.65813541412354,40.9465560913086
-32.0623321533203,28.4215831756592
-43.766414642334,15.0185241699219
-44.7697677612305,6.58712339401245
-33.3744506835938,4.02029132843018
-16.5680179595947,3.01255679130554
-1.83488297462463,-2.43321895599365
4.72614431381226,-17.0559139251709
-1.9891642332077,-34.2310371398926
-16.7174968719482,-42.1394691467285
-32.2510604858398,-37.2636375427246
-42.224437713623,-20.6791248321533
-39.2118797302246,3.89544677734375
-20.3507289886475,28.237865447998
5.76248025894165,40.212516784668
26.7555961608887,36.9686431884766
31.3992748260498,25.5779228210449
13.1249771118164,12.2343626022339
-25.6894054412842,5.60966062545776
-56.2859573364258,10.7351818084717
-65.8658065795898,20.6524028778076
-64.1914672851562,26.0478649139404
-54.6153793334961,23.6380271911621
-24.8877277374268,12.1600399017334
17.8442306518555,-8.72681140899658
39.4425735473633,-27.0741786956787
38.912712097168,-36.4686393737793
29.5869388580322,-37.2431755065918
15.8738565444946,-27.5391101837158
5.92866134643555,-10.4449911117554
7.36792469024658,6.31050252914429
17.0972518920898,17.5417232513428
27.2919273376465,23.4058742523193
32.1637916564941,24.453067779541
31.51806640625,25.8731231689453
24.5551567077637,26.9411926269531
19.110631942749,24.2409572601318
17.2402591705322,18.5749282836914
16.5053863525391,6.67731237411499
15.9185333251953,-9.59654808044434
11.2650413513184,-24.99587059021
2.91568732261658,-37.0327339172363
-7.2075891494751,-41.6753730773926
-16.5972461700439,-41.3835105895996
-25.0557880401611,-37.4920310974121
-33.1763305664062,-32.4473037719727
-38.9780578613281,-28.6027965545654
-42.905445098877,-25.0562038421631
-43.5060806274414,-20.7131538391113
-40.7601203918457,-15.2364807128906
-34.2905349731445,-5.12030267715454
-24.8146572113037,7.43723630905151
-15.9030847549438,15.7700977325439
-7.47439765930176,17.0293998718262
-3.44157981872559,8.71616363525391
-3.01673221588135,-6.5626974105835
-2.20753812789917,-20.4137783050537
0.543220579624176,-25.9810581207275
4.40484666824341,-22.9495029449463
11.0013647079468,-11.7155675888062
18.9935131072998,-0.557416915893555
25.1083965301514,3.95661640167236
31.0318393707275,-3.09815263748169
32.4485549926758,-19.5920581817627
28.0284690856934,-37.2882690429688
17.8406829833984,-48.2144775390625
6.45998239517212,-49.8671035766602
-3.81089472770691,-42.3046073913574
-9.34518909454346,-26.1372184753418
-5.7378454208374,-9.56711196899414
6.12093925476074,-1.48957669734955
18.0135440826416,-1.87768089771271
20.2118968963623,-8.71303272247314
7.24454116821289,-15.2736415863037
-19.0661640167236,-17.8262767791748
-45.6898193359375,-13.1220541000366
-60.2801551818848,-4.51883506774902
-61.6480178833008,0.236536845564842
-52.7078437805176,1.35700750350952
-24.1722717285156,3.81381750106812
16.2005825042725,9.80552768707275
44.1165237426758,14.4727983474731
54.3124504089355,19.2331809997559
52.3468780517578,24.8994178771973
40.7344436645508,31.4911346435547
19.5663776397705,33.4278984069824
-4.98627185821533,27.3031997680664
-25.4196739196777,21.4415550231934
-37.3901519775391,18.2003936767578
-39.698314666748,17.9360904693604
-35.319149017334,21.1858100891113
-26.7950534820557,24.290018081665
-20.2039642333984,23.513391494751
-20.9668102264404,18.9427814483643
-29.1418418884277,14.0105810165405
-40.1503028869629,11.531849861145
-44.6785354614258,13.2099466323853
-41.0563659667969,17.418758392334
-27.1288776397705,23.6628704071045
-5.44431447982788,27.9842090606689
13.9798917770386,29.883394241333
22.6605644226074,28.352689743042
20.2221260070801,24.6134033203125
12.2846765518188,17.8314971923828
6.82867050170898,6.88608264923096
9.09821319580078,-6.9134316444397
17.6966304779053,-22.1943798065186
24.4415855407715,-32.3756942749023
25.6875267028809,-33.8084869384766
25.0482711791992,-25.3578777313232
27.9817047119141,-6.70111179351807
41.191650390625,15.2500505447388
57.8398361206055,24.1791610717773
69.4863052368164,19.2895488739014
72.917236328125,12.2527341842651
68.0935974121094,8.76835632324219
42.0993843078613,5.80152034759521
-14.8398170471191,0.43528625369072
-52.856071472168,8.28609657287598
-56.0974388122559,23.2148494720459
-34.9072456359863,41.4459342956543
8.68672752380371,55.3168449401855
41.1281852722168,52.4151458740234
48.5587387084961,49.0480995178223
35.3744735717773,52.4980278015137
4.84472560882568,49.8541603088379
-18.6786861419678,34.7986831665039
-16.0961971282959,16.906852722168
14.6174764633179,1.47997331619263
48.0418243408203,-7.02220106124878
58.1546630859375,-9.07002925872803
53.484260559082,-0.387269079685211
23.2363529205322,16.3252182006836
-17.4156265258789,29.1036357879639
-35.5686302185059,34.4368858337402
-31.0919647216797,32.5235023498535
-3.69252181053162,24.2954444885254
27.0128002166748,11.1696338653564
39.469295501709,-1.59646713733673
33.811824798584,-8.39069080352783
17.2500705718994,-12.6556606292725
8.86689567565918,-17.4454803466797
14.4176836013794,-23.7501373291016
27.5869197845459,-31.5289211273193
35.0560989379883,-37.0296058654785
28.8744068145752,-39.6505088806152
6.74411869049072,-36.6642570495605
-26.1779289245605,-24.5651760101318
-47.2986030578613,-10.3180589675903
-49.7437210083008,-4.58480644226074
-33.3844718933105,-9.02472686767578
-3.61652946472168,-18.4914207458496
18.1133365631104,-25.9393043518066
21.9536685943604,-23.8422050476074
9.34414482116699,-9.6790132522583
-7.87419271469116,13.2312412261963
-15.6373195648193,32.9969940185547
-11.7276763916016,40.7070960998535
-4.57457685470581,33.0080604553223
-3.44659042358398,11.838116645813
-13.4767551422119,-10.9291296005249
-28.6967430114746,-20.7887287139893
-37.4596710205078,-11.3790302276611
-30.1952972412109,15.6295957565308
-5.93763875961304,44.5419998168945
21.3730773925781,55.5824012756348
37.1074752807617,49.5877685546875
42.4434394836426,30.4527111053467
31.6241207122803,-7.32637929916382
10.5896692276001,-42.5977210998535
-1.37287414073944,-52.6512680053711
3.63761520385742,-44.9724807739258
20.2603321075439,-23.1707992553711
35.6356430053711,-3.9188289642334
38.1016387939453,-4.53094387054443
23.2691307067871,-20.6231746673584
-3.07560539245605,-37.0536117553711
-28.3387012481689,-36.5321044921875
-42.0365447998047,-21.4499053955078
-41.2839279174805,0.402091771364212
-29.3552055358887,15.9057989120483
-13.1613025665283,13.4310340881348
-1.48790657520294,-7.42241382598877
1.72047674655914,-35.4266662597656
-2.71693778038025,-53.1166152954102
-6.51948165893555,-57.794116973877
-1.54490089416504,-53.7487716674805
13.2811374664307,-33.8377151489258
32.7564926147461,4.18939542770386
43.787712097168,35.4375228881836
45.5253067016602,49.1652183532715
42.1576309204102,52.9965705871582
34.9709205627441,48.0637474060059
29.9729557037354,25.2363739013672
32.7734031677246,-7.51176738739014
40.1795310974121,-24.9353275299072
47.8443298339844,-22.6973075866699
48.6595764160156,-6.13951969146729
31.6472949981689,13.0494022369385
0.557208180427551,21.2315311431885
-25.9405555725098,15.5913906097412
-33.8803024291992,0.628607630729675
-18.0605182647705,-13.3552503585815
14.1821899414062,-17.7949619293213
41.1367454528809,-12.2598323822021
50.175666809082,-4.04242086410522
42.7396812438965,-0.0791239812970161
18.7035312652588,-7.05643939971924
-12.1374931335449,-22.480396270752
-30.6274509429932,-35.2665367126465
-33.6652679443359,-39.8413238525391
-26.4931716918945,-39.7617835998535
-12.9191293716431,-34.4398078918457
2.16599273681641,-31.2535533905029
14.3224840164185,-36.4984931945801
23.0751819610596,-45.3242607116699
28.5489330291748,-50.9677429199219
34.5727958679199,-48.4324340820312
40.9396629333496,-33.5433464050293
36.6156120300293,-2.41672611236572
17.6751270294189,29.5071887969971
-1.70252251625061,46.3697814941406
-16.0170726776123,44.6921043395996
-22.576639175415,28.4679298400879
-19.6484260559082,6.70340824127197
-11.924129486084,-7.4351487159729
-5.63011980056763,-3.14074182510376
-2.91380834579468,14.3730058670044
-1.31671488285065,33.0842628479004
0.299167960882187,43.1369743347168
5.29963636398315,40.5697250366211
12.5368709564209,25.4409694671631
16.786600112915,5.15245342254639
11.7840442657471,-9.52076530456543
-3.02111625671387,-12.2164077758789
-22.7006492614746,0.00104385195299983
-38.4045677185059,18.8855781555176
-41.9317436218262,34.3450241088867
-36.2009963989258,45.0085983276367
-27.7439155578613,49.1764907836914
-18.9031143188477,48.1403656005859
-9.73016166687012,43.0766372680664
-4.23365497589111,33.1099395751953
-1.01044869422913,20.9133644104004
-1.78206408023834,9.45124435424805
-6.5011100769043,1.3428111076355
-16.7095642089844,-1.18644213676453
-32.0646286010742,1.20189118385315
-45.338249206543,5.93304586410522
-53.394905090332,8.7829704284668
-54.9489936828613,6.47062969207764
-51.0884094238281,-0.849277973175049
-41.7705726623535,-10.2147178649902
-31.0825710296631,-13.1191310882568
-24.841588973999,-6.21133661270142
-23.705041885376,10.3731746673584
-20.9912357330322,31.5894660949707
-8.93412017822266,47.4992294311523
11.2733926773071,52.8882217407227
35.6761474609375,46.0962944030762
52.5909309387207,32.7182884216309
55.5135078430176,22.6071186065674
41.9496955871582,19.3820343017578
5.55370998382568,17.8229370117188
-32.8391647338867,14.7220706939697
-49.9593811035156,12.8018007278442
-49.4303550720215,5.06080293655396
-29.6906986236572,-12.3564929962158
1.61045479774475,-30.2873649597168
19.3248310089111,-42.753044128418
18.4699172973633,-48.3130187988281
2.45033812522888,-47.8883781433105
-21.5674419403076,-40.2467575073242
-39.7016563415527,-30.3963432312012
-44.2161064147949,-23.8728942871094
-35.1976432800293,-21.2970848083496
-16.1538181304932,-17.5901584625244
0.45073527097702,-7.89444351196289
7.06353759765625,2.49146580696106
1.871417760849,14.4778089523315
-11.7994937896729,22.5382251739502
-26.4752178192139,22.1252765655518
-37.6281471252441,15.9329385757446
-41.503345489502,6.29233980178833
-39.9772338867188,1.27997124195099
-35.5105895996094,4.75892114639282
-28.7622966766357,17.3694877624512
-22.5198535919189,32.9168281555176
-16.867603302002,42.5593070983887
-9.68548488616943,42.8831100463867
-0.502719104290009,34.2387619018555
12.1708965301514,19.3125133514404
26.6443214416504,5.01904916763306
36.6890983581543,0.833828926086426
39.6928863525391,7.92492389678955
35.6907615661621,24.242000579834
25.4219703674316,39.5062484741211
15.3844985961914,48.1359786987305
11.0291309356689,50.9944648742676
13.2631826400757,49.165843963623
22.2142143249512,45.3758277893066
30.8418579101562,40.5144004821777
32.4727745056152,36.9423370361328
21.0889415740967,31.5738067626953
-2.77622866630554,19.5889263153076
-29.0917358398438,1.32861471176147
-45.6267700195312,-15.3686323165894
-47.3309631347656,-24.9328212738037
-36.683464050293,-30.2823543548584
-15.5208263397217,-26.5487041473389
6.14807939529419,-14.0339632034302
19.1619911193848,-3.12863302230835
19.5150203704834,-0.59082019329071
9.71283340454102,-6.95727348327637
-2.58457732200623,-17.6985092163086
-12.5884370803833,-26.3731288909912
-20.6215038299561,-30.6193084716797
-28.0602016448975,-30.7451972961426
-35.6840782165527,-28.0762767791748
-42.5144195556641,-26.0464019775391
-42.6066970825195,-28.7349472045898
-31.020357131958,-36.706844329834
-5.24410343170166,-45.8902359008789
27.0798168182373,-48.6501808166504
47.4297103881836,-45.286262512207
56.916862487793,-40.839038848877
58.5333709716797,-35.1961822509766
51.7813186645508,-27.6345195770264
28.8627147674561,-20.0795364379883
-2.43447160720825,-15.0093383789062
-21.1169166564941,-15.5794906616211
-21.6632690429688,-21.5607624053955
-9.24831962585449,-31.4738063812256
8.73056888580322,-38.955509185791
25.8541259765625,-34.4277000427246
37.4170837402344,-15.4569425582886
39.4820289611816,18.2922534942627
34.0078620910645,47.8758506774902
28.3591613769531,61.9799613952637
25.3399238586426,64.2881240844727
23.9739398956299,56.0792770385742
26.4272003173828,23.6735191345215
29.2627201080322,-25.8835620880127
23.5196552276611,-54.2752914428711
16.2030868530273,-60.0565605163574
12.0301847457886,-53.933952331543
6.30757999420166,-34.5276985168457
-0.210440546274185,-13.5151691436768
0.53173816204071,-8.74580955505371
8.43140125274658,-17.5934982299805
10.2195196151733,-31.237060546875
3.6319785118103,-35.3915901184082
-16.7713603973389,-23.8244590759277
-43.5950164794922,-0.351360559463501
-56.4331436157227,21.2661876678467
-56.4439964294434,29.1067676544189
-50.7871551513672,22.109411239624
-22.8355140686035,-1.54991137981415
16.6001682281494,-27.7130165100098
32.4280967712402,-38.2323303222656
25.4004669189453,-32.9869728088379
-5.66185283660889,-9.17337131500244
-39.196849822998,21.4695301055908
-45.9088172912598,38.5692863464355
-36.8197898864746,44.5472183227539
-9.93120765686035,39.2271194458008
30.7915439605713,21.611701965332
52.1264190673828,2.73656225204468
50.24560546875,-5.72260522842407
28.1132297515869,-5.45579671859741
-9.22806835174561,1.55429553985596
-33.7930374145508,8.86773109436035
-37.302677154541,11.4028301239014
-24.3770751953125,5.75037145614624
-6.06477975845337,-11.2581520080566
3.88646960258484,-32.9318580627441
0.641551434993744,-49.9226379394531
-6.42094230651855,-56.7880516052246
-5.81843090057373,-54.6074447631836
8.10697174072266,-37.4342002868652
31.3577308654785,1.17621243000031
45.3117332458496,35.4091300964355
47.2309608459473,48.954776763916
43.7678756713867,52.7080535888672
36.4433784484863,45.9647674560547
30.3466548919678,21.4720344543457
32.069637298584,-9.50656890869141
39.5281677246094,-24.6816711425781
47.4251174926758,-21.2064781188965
48.2140617370605,-7.17919635772705
32.6759071350098,9.36376953125
1.38686168193817,17.6509094238281
-25.5733299255371,14.4677877426147
-34.2479476928711,5.51863670349121
-20.6507320404053,-5.47061920166016
12.7114028930664,-15.6911821365356
41.6987533569336,-19.2853736877441
50.9236907958984,-16.6993350982666
43.8582763671875,-4.77896308898926
12.2717323303223,17.5751266479492
-25.4017200469971,37.8110313415527
-41.5929069519043,46.5560073852539
-45.4131965637207,44.5632934570312
-43.4340553283691,31.5566883087158
-29.717212677002,6.09045839309692
-13.2999267578125,-18.6329669952393
-1.79229378700256,-30.6808967590332
10.9214057922363,-29.1322383880615
28.2572803497314,-17.7369232177734
47.2898330688477,-6.01196098327637
56.8521423339844,-0.47724911570549
56.8909759521484,0.275576919317245
42.3831024169922,-1.29500269889832
8.83390998840332,-6.79317951202393
-23.5622444152832,-11.623083114624
-36.4187431335449,-15.7629995346069
-24.7848033905029,-25.1376247406006
5.33324861526489,-38.3289909362793
30.9376850128174,-46.8418121337891
38.7287864685059,-49.9635543823242
35.5110092163086,-47.3994369506836
17.058837890625,-33.6533699035645
-13.7723741531372,-5.29232931137085
-30.1706619262695,22.7382278442383
-26.471040725708,37.2609214782715
-11.7143154144287,37.0755348205566
3.21944808959961,24.1601619720459
7.27084636688232,6.52490997314453
-4.19106578826904,-2.09751605987549
-26.2885761260986,2.27497100830078
-42.205020904541,14.1788501739502
-45.6804237365723,23.3459568023682
-38.366569519043,21.051362991333
-16.9245986938477,3.34972095489502
10.8128452301025,-23.5643310546875
27.3153095245361,-40.5010375976562
31.6612815856934,-40.2423706054688
28.6098937988281,-21.8417663574219
12.4445943832397,16.9024677276611
-6.64432668685913,50.8829803466797
-15.5454607009888,63.8639068603516
-21.4693202972412,65.4037933349609
-27.6553955078125,58.3001747131348
-30.6765117645264,40.0644989013672
-21.119213104248,12.5963706970215
-4.51507711410522,-12.0683898925781
6.89234590530396,-29.1737823486328
10.2228593826294,-37.0195846557617
6.76896238327026,-40.9659690856934
1.70314884185791,-40.6263008117676
0.960761308670044,-35.3005676269531
4.36914682388306,-26.8610248565674
11.3483409881592,-14.2922124862671
17.6751270294189,-2.23676586151123
17.9431896209717,5.55141353607178
13.8492012023926,7.49715328216553
5.79797124862671,1.33696556091309
-4.36204862594604,-11.295521736145
-14.3128805160522,-26.3082008361816
-24.9944095611572,-36.5030860900879
-38.6231498718262,-37.6838912963867
-52.6011619567871,-29.8669013977051
-63.0839385986328,-15.1911773681641
-66.7883605957031,2.85869288444519
-61.6638832092285,19.2588596343994
-45.3921127319336,32.5456352233887
-14.7982711791992,40.0870475769043
18.1122932434082,34.5322914123535
36.8122749328613,21.3714065551758
40.3139801025391,14.3360538482666
33.6097373962402,20.4181613922119
27.6958980560303,36.9588317871094
27.9704303741455,51.1477012634277
32.7441749572754,57.0820007324219
35.9310531616211,54.9218521118164
29.0520706176758,47.7307586669922
4.39127635955811,25.6756267547607
-32.6788291931152,-0.427144229412079
-57.1811676025391,-4.18897771835327
-64.2762298583984,8.38233947753906
-61.0509338378906,24.4104785919189
-51.0178451538086,35.3579788208008
-42.6906204223633,33.8086929321289
-39.444034576416,11.4669227600098
-40.2782783508301,-19.8676338195801
-43.2666206359863,-36.5310592651367
-43.3340530395508,-37.7836837768555
-38.6525840759277,-25.5430564880371
-24.2941932678223,-0.126932397484779
-8.23077297210693,17.9513301849365
2.35075449943542,15.4295930862427
6.28816413879395,-8.71344947814941
4.98731565475464,-38.54736328125
3.3334367275238,-53.0316467285156
4.02133512496948,-52.1953125
2.87789988517761,-32.6191215515137
-7.48212194442749,2.79376530647278
-23.3373985290527,31.0518817901611
-37.086181640625,39.5791091918945
-45.066219329834,31.5395698547363
-41.6277732849121,12.7930316925049
-17.5830593109131,-9.72974395751953
14.3502502441406,-26.5741748809814
31.4556427001953,-32.356071472168
25.0140323638916,-34.9865760803223
-1.97434163093567,-37.7525749206543
-34.0623512268066,-33.1665153503418
-49.8048896789551,-24.1290550231934
-46.4674873352051,-15.943377494812
-21.5699481964111,-0.525892615318298
13.929160118103,20.1382007598877
33.2197532653809,33.5506553649902
31.6209888458252,38.546947479248
14.5277051925659,37.8567543029785
-5.22552299499512,27.894437789917
-11.1495914459229,16.493278503418
5.58314657211304,8.38066959381104
34.5504570007324,3.98480033874512
53.0151519775391,0.656582891941071
55.3502502441406,-2.60232281684875
45.2793731689453,-5.94828605651855
21.8966732025146,-9.39738178253174
1.29709041118622,-9.10092735290527
0.765769779682159,-6.60278129577637
15.3625783920288,-1.91463327407837
34.7692489624023,2.20753812789917
45.7630958557129,2.91380834579468
45.0142364501953,3.00023937225342
36.0993232727051,4.17728662490845
25.5833492279053,7.43932390213013
23.4839553833008,11.7928133010864
32.615779876709,14.0377206802368
46.0614280700684,8.83683300018311
55.2965965270996,-2.65869092941284
57.6947402954102,-16.6592502593994
54.983024597168,-27.7954807281494
51.4794387817383,-30.0009307861328
50.2890281677246,-20.4169082641602
47.0090370178223,0.723806917667389
37.7185478210449,24.0211219787598
21.8647308349609,37.9621810913086
4.56685209274292,38.3081130981445
-5.46289491653442,25.102970123291
-2.15680694580078,3.11485433578491
16.8339920043945,-16.2168655395508
38.2014312744141,-26.4359683990479
49.821174621582,-28.7297286987305
50.5879898071289,-28.3048801422119
39.1770172119141,-29.0633430480957
13.3120355606079,-32.4053382873535
-14.4945106506348,-34.3492012023926
-26.9082069396973,-32.0769424438477
-20.8697319030762,-25.6393013000488
-2.5181884765625,-12.5527372360229
17.9630222320557,-0.781845092773438
29.5495700836182,2.92090654373169
27.539945602417,-3.93072891235352
19.4254589080811,-20.1743183135986
9.89989185333252,-35.5836601257324
4.03177356719971,-42.4499092102051
4.22968816757202,-37.4039306640625
3.6319785118103,-19.0500888824463
0.74865061044693,9.12848567962646
-3.05827736854553,32.4612922668457
-6.2105016708374,41.6294403076172
-5.28836297988892,37.1450538635254
-0.130481496453285,19.6014518737793
7.23243284225464,-5.51571369171143
14.1563024520874,-25.9743766784668
18.4538402557373,-35.8819923400879
21.3705730438232,-35.1197738647461
26.2457790374756,-26.5309581756592
32.103874206543,-14.3460750579834
35.795352935791,-5.62051630020142
32.7800827026367,-2.99919533729553
20.8766212463379,-5.68899297714233
0.867858529090881,-10.2401876449585
-18.8853702545166,-10.6819458007812
-30.0731658935547,-7.1322226524353
-28.6092681884766,4.63846063613892
-14.958815574646,22.0622291564941
-0.842388510704041,38.8889122009277
4.76434898376465,49.8403816223145
-1.03487479686737,54.4063987731934
-14.2959699630737,51.8965606689453
-29.4370422363281,39.4718017578125
-36.5419158935547,20.5799579620361
-32.7978286743164,1.02464509010315
-25.0351181030273,-11.5890531539917
-21.0480213165283,-11.7337312698364
-26.0722904205322,3.12341380119324
-36.0711402893066,25.3718662261963
-42.1778831481934,41.5354957580566
-43.0799789428711,48.0562286376953
-41.6484413146973,45.9764595031738
-39.4958076477051,31.2195243835449
-28.9533214569092,6.27020978927612
-15.5824127197266,-17.1068553924561
-5.68648767471313,-29.5769195556641
8.31720352172852,-29.2324485778809
27.8553981781006,-19.4778594970703
47.5499610900879,-7.83682298660278
56.5989036560059,-2.14323687553406
56.0623664855957,-0.396246194839478
41.5622177124023,-1.45700860023499
7.82220888137817,-6.51885557174683
-25.2390880584717,-10.7587728500366
-37.0062217712402,-15.7834587097168
-25.4566268920898,-24.8737392425537
4.58021354675293,-37.6916160583496
31.3424892425537,-47.0639457702637
37.7680244445801,-50.5069847106934
33.3736152648926,-49.0760726928711
13.7978439331055,-35.598690032959
-14.33229637146,-5.51258230209351
-27.0652027130127,24.9616317749023
-22.3603534698486,40.0563583374023
-9.61199760437012,38.6141700744629
0.94176322221756,21.3597164154053
1.44970154762268,1.62339854240417
-6.95602083206177,-2.79564428329468
-16.1281394958496,12.4076414108276
-20.1732749938965,37.1868095397949
-18.0285758972168,53.2967834472656
-17.4429740905762,54.0675659179688
-16.6870174407959,40.183708190918
-9.79989051818848,12.8550367355347
-1.38769674301147,-13.046688079834
1.96494686603546,-24.1898078918457
-8.24037647247314,-23.2937660217285
-33.7310333251953,-17.7793045043945
-56.823543548584,-12.5270586013794
-67.4484939575195,-9.55041027069092
-68.190673828125,-10.0072002410889
-59.8072891235352,-11.8928136825562
-39.0066604614258,-4.16538667678833
-12.0283060073853,15.2774000167847
0.783724069595337,32.8583717346191
-1.15491783618927,42.0371704101562
-10.4111709594727,42.1824760437012
-19.2795276641846,35.9204063415527
-20.4087677001953,27.4123878479004
-14.9183149337769,21.6304912567139
-2.6885449886322,18.6051998138428
11.8301830291748,17.1776275634766
23.901912689209,15.7039175033569
33.7930374145508,9.86064338684082
35.3993148803711,-1.29917812347412
28.8815040588379,-16.9500675201416
14.2262411117554,-33.1151580810547
-3.64868021011353,-43.8586921691895
-14.3089141845703,-47.1977653503418
-12.4485607147217,-45.7816772460938
4.11110639572144,-37.2874374389648
30.2850685119629,-22.4413547515869
50.530158996582,-10.7988576889038
55.9659118652344,-6.31238174438477
49.5719032287598,-6.89130163192749
26.875638961792,-12.3475160598755
-5.87667751312256,-15.1638288497925
-28.8693962097168,-7.41886472702026
-34.9414825439453,10.4040727615356
-24.6282253265381,33.602222442627
-5.09253597259521,51.688835144043
11.3466711044312,58.8711624145508
19.3513450622559,59.0074882507324
18.5139675140381,55.6915893554688
11.96337890625,48.9633369445801
2.86913156509399,38.1538314819336
-8.22409152984619,28.1084270477295
-19.8578224182129,20.4004154205322
-30.3259868621826,14.5652837753296
-37.8001747131348,10.1577234268188
-40.1931037902832,4.95683526992798
-33.7544136047363,0.305639863014221
-15.195143699646,-1.30961668491364
11.2675466537476,-0.299167960882187
36.2199935913086,2.58812642097473
51.8074150085449,4.01361083984375
57.9584197998047,5.17562675476074
59.1043586730957,10.5253677368164
57.2540283203125,19.5953979492188
51.6957244873047,32.1911430358887
42.9668235778809,43.9966888427734
32.1771545410156,51.0854873657227
16.4924430847168,53.2387466430664
-3.84617686271667,47.9689636230469
-20.2931079864502,37.6206321716309
-28.7274322509766,31.9059619903564
-27.4491310119629,35.2070388793945
-16.5406684875488,44.8184089660645
-4.54200839996338,52.1696319580078
3.67352390289307,53.0341529846191
5.16852855682373,45.9526596069336
2.48332381248474,30.6470756530762
-3.43406414985657,16.7845134735107
-9.02117729187012,13.3734140396118
-11.3957319259644,23.1288356781006
-15.8987007141113,35.2949295043945
-22.1509552001953,38.2529983520508
-31.976734161377,25.1127815246582
-41.866813659668,-5.70235443115234
-42.5755882263184,-35.6830368041992
-37.5220947265625,-50.7247314453125
-26.6756362915039,-55.1479530334473
-5.81258535385132,-44.6159019470215
21.1684818267822,-11.1303844451904
43.1816482543945,18.4156360626221
54.6385498046875,24.2010803222656
59.1534194946289,14.4419002532959
57.6387901306152,-3.36767506599426
47.2583084106445,-21.2684841156006
29.0942420959473,-30.5882034301758
8.12701416015625,-24.1171550750732
-10.5247421264648,-6.38858270645142
-17.5252304077148,8.78171730041504
-13.506817817688,14.5709209442139
-1.71588385105133,8.1205415725708
10.2332983016968,-6.40027379989624
17.3413028717041,-18.7100028991699
18.8087501525879,-20.5469722747803
19.0022811889648,-9.10906982421875
25.6758346557617,12.1197471618652
35.935230255127,32.930606842041
46.478343963623,40.5703506469727
51.953971862793,40.4730644226074
49.9172096252441,38.3367156982422
34.6671600341797,31.1621131896973
2.04073047637939,11.7387418746948
-27.9474658966064,-11.0854988098145
-39.1210670471191,-22.6407318115234
-31.5475025177002,-23.9762363433838
-7.47794675827026,-13.2771701812744
19.3358955383301,2.93134498596191
31.1900882720947,12.0696430206299
22.322774887085,10.9961452484131
-4.26016855239868,-5.68523550033569
-32.8113975524902,-28.0817050933838
-46.6405563354492,-40.1106376647949
-49.0380783081055,-44.2353134155273
-45.0491027832031,-43.9762306213379
-38.5719985961914,-37.6398391723633
-33.8533706665039,-24.7662220001221
-32.5316467285156,-14.9805278778076
-35.3911743164062,-17.0473556518555
-37.3592529296875,-30.1948795318604
-39.5417366027832,-41.7956237792969
-41.8215103149414,-46.306941986084
-44.3259201049805,-44.5589065551758
-48.8627090454102,-36.2515182495117
-49.9080238342285,-22.7198543548584
-42.7196426391602,-9.19925880432129
-22.0776767730713,-2.25889563560486
7.79235506057739,-4.44973230361938
30.7013568878174,-14.8331365585327
34.6045265197754,-26.5027751922607
21.2563743591309,-34.8373069763184
-4.87875509262085,-36.3550682067871
-31.2875843048096,-28.7506046295166
-42.0856056213379,-17.4667739868164
-36.9765777587891,-8.55812454223633
-22.6267433166504,-2.66558027267456
-11.2178592681885,-0.316495925188065
-12.5967874526978,0.300211817026138
-26.9111289978027,2.45639252662659
-41.8507385253906,8.40718364715576
-44.4910583496094,17.4014301300049
-30.6343402862549,24.917163848877
6.13972854614258,26.2441082000732
45.2960777282715,12.8784189224243
61.2014579772949,-8.4702320098877
59.3045692443848,-27.0378532409668
44.7096405029297,-41.0839233398438
20.1219158172607,-46.7027702331543
-6.79046583175659,-40.0956077575684
-20.8970813751221,-24.7994174957275
-17.4095706939697,-10.8201513290405
-0.808776497840881,-4.67395162582397
17.1897373199463,-5.91676187515259
28.0925617218018,-8.08191967010498
29.971076965332,-2.14782977104187
22.6603565216064,13.308277130127
8.06208610534668,31.892391204834
-8.08567714691162,40.9108543395996
-22.1732940673828,33.4953308105469
-34.9093322753906,9.04685592651367
-37.7646865844727,-23.4246635437012
-31.3971881866455,-42.5179672241211
-16.3870143890381,-45.6015090942383
8.4800443649292,-28.8149070739746
33.8736228942871,1.56577789783478
49.4357833862305,17.6200122833252
54.9571342468262,11.2299680709839
52.4042892456055,-13.8976364135742
38.5603103637695,-41.526725769043
22.1820621490479,-54.5667343139648
9.83371162414551,-49.0389137268066
-7.32115983963013,-14.1009788513184
-22.1037731170654,31.7019920349121
-20.8521957397461,54.9849014282227
-14.641902923584,57.5746994018555
-0.0434242412447929,42.029655456543
31.546667098999,9.26147174835205
52.6161918640137,-14.6201906204224
57.8266830444336,-16.8220920562744
52.4512634277344,-1.47913825511932
23.9399089813232,18.2452793121338
-17.2836837768555,17.8713722229004
-43.121940612793,-5.77959966659546
-42.7732963562012,-36.631477355957
-23.6751880645752,-57.7085189819336
2.284991979599,-63.2035636901855
27.8217868804932,-49.826602935791
38.1239776611328,-10.7932205200195
18.9490451812744,34.1525382995605
-6.58524465560913,54.7855262756348
-22.0791397094727,54.0504455566406
-28.2061328887939,38.768871307373
-16.3715648651123,11.6681776046753
3.11840343475342,-11.9725646972656
9.04957008361816,-22.1893692016602
-5.17520904541016,-22.0129585266113
-35.6469192504883,-18.2212715148926
-59.6763916015625,-11.8456315994263
-68.2299194335938,-7.56291627883911
-67.6478729248047,-8.18359088897705
-58.0838890075684,-10.0911254882812
-37.7149963378906,-3.20504307746887
-12.2372856140137,14.5608997344971
-0.438417822122574,31.211799621582
-1.49500477313995,41.1985397338867
-8.4234676361084,43.8486709594727
-16.8197956085205,38.1367149353027
-19.0519676208496,28.8925685882568
-15.1972322463989,19.7400760650635
-4.18584632873535,14.7732191085815
10.5153474807739,15.9145669937134
25.8332481384277,17.6653156280518
36.1652946472168,14.4473285675049
36.6502685546875,-0.068685457110405
27.0029888153076,-22.8570175170898
9.44372844696045,-42.0808029174805
-6.30862379074097,-46.7998504638672
-16.5676002502441,-33.0448036193848
-20.1035442352295,-4.73762655258179
-15.7467155456543,23.6595306396484
-8.38526248931885,35.373218536377
-0.7315314412117,30.8844470977783
7.94726228713989,17.7492408752441
11.6683855056763,6.99401664733887
10.4287071228027,7.44287300109863
1.71818029880524,15.7924365997314
-12.810359954834,23.7714309692383
-21.4580478668213,25.7856483459473
-18.2356758117676,24.6365756988525
1.91024911403656,21.2521991729736
32.5237121582031,14.7189388275146
51.8136787414551,7.56646537780762
53.712028503418,0.648232042789459
41.2498970031738,-0.365348190069199
13.506817817688,5.52260303497314
-12.2481412887573,19.8745231628418
-19.8319339752197,38.1820182800293
-14.6675815582275,47.2779350280762
-8.14016628265381,45.4378318786621
-6.87480878829956,29.1977920532227
-13.0281076431274,3.57957720756531
-22.6388530731201,-14.4588108062744
-25.9169654846191,-15.4774017333984
-16.0550689697266,0.994373381137848
4.02843332290649,23.8578624725342
18.9734706878662,37.3208389282227
19.1031169891357,37.3934898376465
0.405432105064392,20.0553188323975
-31.7523059844971,-9.92243957519531
-50.3572959899902,-30.2681579589844
-49.5034255981445,-39.4123001098633
-30.4685764312744,-48.4217872619629
10.9047040939331,-46.2365875244141
45.3399200439453,-34.5782203674316
56.7045440673828,-29.8501987457275
54.5218505859375,-29.214075088501
38.7304573059082,-31.9652519226074
15.1544342041016,-33.1631774902344
2.14302802085876,-28.3234615325928
10.1044864654541,-19.6738948822021
31.5652484893799,-10.04039478302
49.3992500305176,-3.98814082145691
52.2070045471191,-3.26349878311157
42.1597175598145,-6.34244441986084
15.941915512085,-14.631046295166
-13.0621366500854,-25.1701927185059
-26.5948429107666,-31.3654556274414
-23.0699634552002,-32.0318489074707
-3.31422996520996,-26.4937973022461
24.6159076690674,-9.7698278427124
44.0912628173828,12.2055521011353
48.4531021118164,31.4397773742676
42.7033576965332,46.2438926696777
27.4424495697021,55.8730125427246
7.85289812088013,57.894115447998
-12.786768913269,49.7389183044434
-28.366886138916,32.7383270263672
-31.8237056732178,16.6375389099121
-26.2445259094238,7.28963565826416
-17.4342060089111,4.24346685409546
-9.33495903015137,6.79067468643188
-5.94473695755005,7.7391185760498
-9.7550048828125,4.62697839736938
-19.1674175262451,0.208144083619118
-28.2564468383789,-4.83386945724487
-32.6715240478516,-6.94245052337646
-32.2830009460449,-6.41300868988037
-22.0371761322021,-5.56623601913452
-2.58353352546692,-10.3560552597046
22.5691223144531,-22.0989723205566
40.5893478393555,-36.0696792602539
46.3159217834473,-46.0720748901367
47.6869163513184,-49.1274299621582
45.9357490539551,-44.4614143371582
38.9095802307129,-26.9230289459229
18.285364151001,7.01489400863647
-3.13573122024536,39.188289642334
-7.44537830352783,54.8471145629883
-2.30879163742065,58.0953712463379
4.99858951568604,50.0420532226562
12.9788379669189,28.712818145752
10.7907152175903,-0.429023146629333
-1.72319078445435,-24.5808353424072
-13.4828090667725,-34.7256126403809
-15.6515159606934,-32.5105590820312
-4.6843900680542,-21.9198474884033
17.4108238220215,-9.79154014587402
35.859447479248,-2.8067090511322
39.711051940918,-5.1472339630127
27.0545539855957,-11.7700567245483
-2.71046590805054,-14.951509475708
-32.3364448547363,-10.5520906448364
-46.4374237060547,2.28019022941589
-46.0096549987793,17.717716217041
-37.5494422912598,27.9564437866211
-30.6687870025635,26.7470359802246
-34.1408500671387,9.87191677093506
-44.5616226196289,-12.1097269058228
-51.1222305297852,-23.7996158599854
-49.0856781005859,-24.9758281707764
-32.1781959533691,-11.5809106826782
0.663263559341431,18.7870388031006
27.0173931121826,39.6062469482422
33.9103660583496,42.725902557373
23.5447063446045,34.91455078125
0.198331877589226,6.64140367507935
-15.4333515167236,-27.5979843139648
-10.4282894134521,-45.9601745605469
13.0126581192017,-47.8771057128906
38.4006004333496,-36.9744873046875
49.2336959838867,-23.2081699371338
37.4248046875,-15.0880451202393
-5.21278810501099,-17.2291946411133
-48.4850425720215,-18.7450752258301
-64.1269607543945,-12.2429218292236
-63.9952239990234,-5.57500457763672
-47.1572647094727,8.07335948944092
-12.7233028411865,29.3403816223145
13.494291305542,40.035270690918
17.3851451873779,36.8828392028809
1.57057964801788,20.0730648040771
-23.5716381072998,-3.65076780319214
-43.0330047607422,-15.105372428894
-53.1953201293945,-9.02723121643066
-56.9035034179688,9.68903350830078
-55.6389808654785,32.2383232116699
-53.479248046875,45.1806259155273
-52.5600318908691,48.8503913879395
-50.9921684265137,45.6205062866211
-41.2599182128906,36.7657165527344
-8.6107349395752,28.2370300292969
30.9353885650635,24.5386638641357
50.1852722167969,25.3098602294922
51.4502105712891,30.2261943817139
42.5816421508789,36.4581985473633
27.4620742797852,36.0594482421875
11.7295560836792,23.3171482086182
-2.17183828353882,6.08920621871948
-15.2412824630737,-8.60447120666504
-27.5161457061768,-15.2047472000122
-35.1629867553711,-13.9070310592651
-32.1871757507324,-12.8715295791626
-9.10552024841309,-12.8448066711426
29.9537487030029,-16.138786315918
57.9185447692871,-21.3689022064209
63.8025283813477,-26.4994335174561
60.2127227783203,-28.046215057373
27.770845413208,-26.9524669647217
-37.0888938903809,-20.612943649292
-70.0846405029297,-5.13032341003418
-73.8990783691406,2.19292426109314
-69.2249221801758,-3.49586009979248
-43.263069152832,-12.2706880569458
-0.912117838859558,-12.8562898635864
18.4373474121094,-8.16751480102539
2.12528252601624,-3.6351101398468
-31.7608661651611,-3.18729758262634
-51.9859161376953,-5.98920488357544
-49.776496887207,-14.3074522018433
-17.8408908843994,-28.0622901916504
33.5141181945801,-32.3604545593262
59.6573905944824,-28.1704330444336
64.678108215332,-22.6699600219727
59.3653221130371,-12.686767578125
31.4606533050537,-5.37792539596558
-6.92094707489014,-8.68380451202393
-30.1727485656738,-17.4352512359619
-38.0976753234863,-22.2841510772705
-40.9248428344727,-15.8189496994019
-43.6353073120117,2.12152481079102
-44.8816680908203,25.6390914916992
-41.2158699035645,40.0964393615723
-32.5544013977051,41.3651390075684
-9.66084957122803,21.5273590087891
25.0125713348389,-18.5001888275146
39.7413215637207,-48.0581092834473
38.957389831543,-57.665096282959
39.2976875305176,-54.7201805114746
37.9425582885742,-34.393253326416
27.9879665374756,-0.657000422477722
22.1513729095459,21.2488594055176
27.6180267333984,20.021915435791
37.2329483032227,-2.4547221660614
40.2400741577148,-28.805721282959
36.135440826416,-41.2974967956543
33.3203811645508,-35.8080902099609
29.7326622009277,-7.93473625183105
23.4300918579102,29.5408020019531
17.4552917480469,52.0230751037598
12.4560766220093,58.0847244262695
2.37538957595825,54.4015960693359
-8.67294788360596,40.0469627380371
-12.9909467697144,22.3461570739746
-7.77106046676636,10.7788152694702
4.27227735519409,9.19216060638428
13.9174690246582,13.7748794555664
15.9185333251953,17.5978832244873
4.61758327484131,21.1496925354004
-13.2604684829712,20.4549045562744
-23.8025379180908,20.3851757049561
-17.9465293884277,22.601900100708
4.49023342132568,22.3724613189697
34.270076751709,17.8191795349121
51.7938461303711,7.17961359024048
53.4907302856445,-2.13530349731445
39.8081283569336,-4.58501529693604
13.3529539108276,3.84909963607788
-9.26773548126221,22.6714210510254
-17.2909908294678,40.3697204589844
-12.9412593841553,48.1520538330078
-8.46104621887207,44.6359443664551
-7.34078454971313,26.4357585906982
-13.7312459945679,3.41193437576294
-22.143440246582,-10.1456146240234
-23.212345123291,-10.3257837295532
-15.7834587097168,3.10796475410461
1.15345644950867,19.5517654418945
15.877197265625,31.6044960021973
19.08203125,34.5880355834961
6.66979646682739,30.3238983154297
-17.9423542022705,18.2715854644775
-42.8515853881836,0.581425547599792
-56.1494216918945,-10.4310035705566
-57.2231292724609,-15.3026609420776
-50.9499969482422,-14.7437829971313
-37.8469390869141,-2.59835624694824
-22.1899967193604,17.1615524291992
-12.489688873291,28.7489356994629
-9.40093040466309,23.6724739074707
-7.70529747009277,5.76039266586304
-2.07705664634705,-17.1644744873047
7.30132675170898,-32.793025970459
14.0690364837646,-33.9412651062012
12.8984613418579,-26.929084777832
1.25930297374725,-20.2659683227539
-12.3919839859009,-20.9365386962891
-14.3671607971191,-34.2093238830566
-2.76892161369324,-50.9687843322754
13.0581703186035,-60.7127265930176
25.772705078125,-62.3789215087891
30.5053215026855,-57.3166580200195
20.7810039520264,-44.7989959716797
-13.703688621521,-20.7369537353516
-46.290657043457,2.63614368438721
-55.7571449279785,11.4483423233032
-50.9662818908691,4.43344783782959
-24.5599575042725,-14.8765602111816
14.6596479415894,-33.5907402038574
38.0680274963379,-40.1653366088867
44.9432563781738,-35.0352210998535
44.8234214782715,-16.5266819000244
32.0406188964844,17.5210552215576
15.6427478790283,48.0643730163574
6.23534536361694,61.568058013916
-1.47955572605133,65.3889770507812
-14.709753036499,60.8559417724609
-32.9182891845703,45.8418006896973
-47.226993560791,22.9977283477783
-49.9167900085449,2.26912546157837
-40.1248321533203,-12.7615079879761
-20.899377822876,-20.7321529388428
-0.364095568656921,-20.4949893951416
13.3005523681641,-17.1711559295654
17.0091495513916,-7.70467138290405
11.794900894165,8.39904117584229
6.31551313400269,27.6232452392578
3.66371154785156,45.4497299194336
4.02738952636719,52.6527290344238
3.51172685623169,51.6558494567871
-3.01965498924255,39.4882926940918
-13.8028545379639,12.9423027038574
-20.6567859649658,-12.4807119369507
-17.6018486022949,-25.3731174468994
-2.29856204986572,-21.6749591827393
22.4889545440674,-5.8461971282959
44.9522323608398,6.54996204376221
55.20849609375,6.8370213508606
55.1748809814453,-3.13113832473755
47.4725074768066,-17.526273727417
34.7339668273926,-28.7547817230225
24.1167373657227,-26.7635288238525
18.7862033843994,-9.39445877075195
16.9254322052002,16.0168647766113
15.7579889297485,33.7679824829102
15.6930618286133,37.1719856262207
19.0532207489014,25.3106956481934
25.5376300811768,2.40044188499451
33.3548278808594,-17.6813907623291
39.4223213195801,-26.4915008544922
39.5540542602539,-21.6628513336182
26.8432788848877,-7.88087368011475
1.35095322132111,12.4481430053711
-22.8173503875732,30.6097049713135
-30.9938430786133,41.9235992431641
-22.0854015350342,51.1591835021973
-1.46932601928711,55.981990814209
21.6386337280273,54.1437644958496
34.5842781066895,46.809871673584
32.2827911376953,37.0648880004883
17.073034286499,19.1763954162598
-0.613993704319,-4.89817094802856
-5.75037145614624,-25.4052696228027
7.65978574752808,-39.9204483032227
28.0061302185059,-46.430534362793
41.8173370361328,-47.7265815734863
45.4879379272461,-46.5958824157715
39.5718002319336,-41.7286071777344
17.2442245483398,-29.0831775665283
-14.0130863189697,-4.24910354614258
-28.9263896942139,20.4709815979004
-20.0279693603516,35.071964263916
5.97814035415649,31.4335136413574
38.9914207458496,6.73785543441772
54.0777931213379,-23.3104667663574
52.0435371398926,-42.8490791320801
46.2739562988281,-48.4328498840332
37.1197929382324,-42.7234001159668
15.3166484832764,-22.6563892364502
-14.6320905685425,-0.547813534736633
-34.2464866638184,7.85331583023071
-40.6993713378906,0.549901187419891
-34.7648620605469,-14.3669519424438
-21.7039794921875,-20.9588775634766
-7.31677579879761,-11.2053327560425
0.844893753528595,17.3523693084717
0.170774176716805,45.2584991455078
-6.36081647872925,55.1834411621094
-16.8966236114502,48.8898506164551
-24.118616104126,20.5100212097168
-18.679313659668,-20.3116893768311
-7.14036512374878,-46.3470268249512
-0.193947687745094,-51.0472831726074
-2.4073314666748,-38.6930885314941
-16.3421287536621,-13.7327079772949
-31.7333087921143,5.09650278091431
-35.2713394165039,6.6733455657959
-15.6458797454834,-12.043755531311
23.5336418151855,-35.2924270629883
50.0909042358398,-44.2920989990234
61.2858009338379,-40.4584503173828
67.8284530639648,-23.7165260314941
56.8686370849609,14.1007699966431
16.6795024871826,52.6779899597168
-18.1191825866699,64.3336410522461
-31.8679656982422,60.8490524291992
-37.4239730834961,47.0380554199219
-20.3987464904785,13.8915815353394
7.50508689880371,-25.5526599884033
16.7671852111816,-44.6399116516113
8.23933219909668,-46.9278259277344
-13.0164165496826,-34.8327140808105
-33.5727844238281,-12.7412567138672
-40.52734375,1.00335049629211
-36.6268844604492,1.4064861536026
-26.2221870422363,-14.715181350708
-17.5337905883789,-37.8193817138672
-16.0475540161133,-50.5677375793457
-19.1480026245117,-51.785285949707
-20.8323631286621,-41.909610748291
-16.7872276306152,-18.9955997467041
-5.22928094863892,9.43997097015381
6.24954175949097,29.2560386657715
8.28881072998047,39.0344276428223
-2.66370129585266,42.9582672119141
-22.2889537811279,45.7647666931152
-36.6882629394531,49.4767036437988
-40.720874786377,53.4938621520996
-38.6504974365234,55.2997283935547
-33.5936622619629,51.8404006958008
-22.9054527282715,36.9293937683105
-4.74013185501099,8.87524700164795
10.9986505508423,-17.0922412872314
18.0887012481689,-26.7192687988281
18.9895458221436,-21.9102439880371
17.013952255249,-11.2299680709839
11.3832054138184,-2.63050699234009
5.17186880111694,-2.84533166885376
-2.29021120071411,-8.65332412719727
-11.1990699768066,-10.7508401870728
-19.4417419433594,-5.03929948806763
-23.9586982727051,11.4587802886963
-23.5254993438721,29.4443492889404
-20.1104335784912,37.5346183776855
-14.0606861114502,33.968822479248
-7.30988645553589,16.4296035766602
-3.20337295532227,-7.63410663604736
-1.47350144386292,-23.9472160339355
-2.14949989318848,-26.00026512146
-3.98981094360352,-14.7099618911743
-3.62300133705139,-2.94637656211853
-0.545099496841431,-0.138832315802574
7.88797187805176,-8.34893703460693
18.8649101257324,-19.9018726348877
26.0614337921143,-25.4248924255371
24.0620403289795,-16.7419242858887
12.7130727767944,5.59817790985107
-5.35015869140625,28.6952819824219
-19.9569873809814,42.0062713623047
-22.2933368682861,41.4534492492676
-11.8013725280762,29.5061454772949
13.5857334136963,13.8210172653198
35.3602752685547,2.93218016624451
41.2058486938477,4.90568685531616
26.0971336364746,16.4596672058105
-8.34288215637207,25.3664379119873
-40.1968612670898,22.7411499023438
-54.5867767333984,10.9527206420898
-51.3729667663574,-3.48375153541565
-28.0192832946777,-13.7565069198608
9.1324520111084,-10.5552225112915
30.085901260376,1.23383295536041
24.3954467773438,11.4126424789429
-4.33762264251709,12.9364576339722
-39.778694152832,2.97330784797668
-57.7291870117188,-7.05372524261475
-59.6801490783691,-13.2443933486938
-52.3579444885254,-13.8327083587646
-36.6993293762207,-0.772867977619171
-18.994348526001,18.8801498413086
-10.6604423522949,29.559591293335
-9.62180995941162,24.9344921112061
-9.68047428131104,6.15538597106934
-3.58062100410461,-17.9976787567139
6.5501708984375,-33.0805053710938
14.221230506897,-34.5116233825684
13.2118253707886,-28.1065483093262
0.363260477781296,-20.37619972229
-13.1406345367432,-20.1774501800537
-16.2126903533936,-33.7091102600098
-4.96059322357178,-50.4447708129883
12.1756982803345,-60.5573997497559
24.5426292419434,-62.8858184814453
28.5004978179932,-58.4711570739746
19.0020713806152,-45.4480628967285
-13.8166332244873,-19.4480056762695
-45.6104850769043,3.58437871932983
-54.834171295166,12.9842653274536
-50.3073997497559,6.38962650299072
-25.2236385345459,-13.125394821167
12.1982450485229,-32.5287246704102
35.6400299072266,-41.1607513427734
44.1386528015137,-40.3862152099609
45.0758247375488,-33.9821815490723
38.9208564758301,-23.0062885284424
27.3301315307617,-11.6940650939941
19.0411128997803,-6.14265108108521
17.0012168884277,-6.500901222229
20.5242176055908,-5.27813291549683
30.9072036743164,-1.41066157817841
42.6937522888184,6.30549192428589
51.4859085083008,14.8085012435913
54.3070259094238,21.3190059661865
49.9489440917969,25.2578773498535
30.5907077789307,23.8797836303711
-9.60448169708252,12.6502332687378
-47.5614433288574,3.3384473323822
-63.3636932373047,5.80381679534912
-63.9451179504395,13.257963180542
-51.1259880065918,25.5894050598145
-18.8133430480957,39.0674133300781
17.6732482910156,40.8979110717773
35.4162254333496,31.1790218353271
30.5823574066162,16.035026550293
6.58774948120117,-0.59207284450531
-17.5920372009277,-6.32449007034302
-24.0589084625244,0.912117838859558
-9.93287754058838,15.9193687438965
14.6798992156982,27.3150997161865
32.3913536071777,26.3530864715576
34.5494117736816,18.2813968658447
18.7333850860596,5.53116273880005
-6.84265851974487,-0.678503751754761
-25.8253154754639,5.50109958648682
-29.1318206787109,19.2853736877441
-17.6745014190674,31.1460361480713
-3.27122330665588,30.5314178466797
2.58019328117371,17.2352485656738
-5.76373291015625,-7.37314367294312
-23.0035743713379,-28.6489353179932
-34.3652763366699,-34.9222755432129
-33.5583801269531,-29.3760814666748
-16.3790817260742,-12.391357421875
15.0337648391724,6.64537048339844
38.6074905395508,14.7619457244873
45.2342796325684,10.8625326156616
37.975959777832,1.90544736385345
17.2638492584229,-5.87333726882935
-5.50965929031372,-5.25266313552856
-21.4064807891846,4.8480658531189
-28.5512294769287,19.3797378540039
-28.6971607208252,31.3253707885742
-30.553337097168,35.2934684753418
-36.282413482666,33.4780006408691
-45.4157028198242,26.9487075805664
-52.5483436584473,18.9715919494629
-53.6203765869141,13.7187194824219
-49.0286827087402,10.6312141418457
-34.6738395690918,10.0598096847534
-13.9874076843262,13.2587985992432
8.7606315612793,19.0655384063721
27.545373916626,27.2720928192139
38.3993453979492,33.4460601806641
43.0064926147461,34.7308349609375
39.7916374206543,29.6911163330078
25.5081920623779,10.9013633728027
1.69375419616699,-22.2931289672852
-21.5409297943115,-47.9952697753906
-35.0145530700684,-54.9427299499512
-35.9536018371582,-54.5894889831543
-27.1785640716553,-45.9743728637695
-7.45414686203003,-15.7475509643555
10.7040758132935,23.8520164489746
14.5241556167603,48.2931861877441
7.26750612258911,55.7842826843262
-8.54831218719482,54.4865684509277
-22.6829032897949,45.2720680236816
-25.5050601959229,35.3903388977051
-11.3696355819702,27.5136413574219
15.1302165985107,19.8880939483643
36.6371154785156,11.6293458938599
45.4159126281738,-2.54282331466675
41.0382041931152,-17.832332611084
25.0075607299805,-32.1424980163574
4.89295148849487,-40.2622032165527
-8.23515701293945,-37.0068473815918
-11.3821620941162,-22.2056541442871
-7.41719436645508,-0.224219396710396
-2.02674293518066,17.6671943664551
-2.43301010131836,26.9716739654541
-9.63329219818115,24.8367862701416
-20.4697284698486,14.1659059524536
-29.5750389099121,3.71548652648926
-30.1560478210449,-3.8069281578064
-21.9004306793213,-6.91259622573853
-10.6330938339233,-6.28315353393555
-2.31860399246216,-7.92993450164795
-1.10606551170349,-12.2454271316528
-8.06313037872314,-19.8768196105957
-14.8247852325439,-24.9184169769287
-16.5291862487793,-24.2595367431641
-7.06019687652588,-17.619176864624
12.9702777862549,-9.08861064910889
32.8738212585449,-6.21008396148682
44.0156860351562,-14.2634019851685
41.3657646179199,-31.729549407959
27.6320133209229,-48.8286819458008
12.7168312072754,-58.2016372680664
4.35578536987305,-59.0051918029785
8.64017105102539,-50.7439384460449
21.7751693725586,-34.8732147216797
34.255672454834,-22.8862457275391
39.6859970092773,-22.7749710083008
32.2086791992188,-34.8366813659668
17.812915802002,-47.234302520752
9.06982040405273,-50.1215934753418
14.4185180664062,-37.6763763427734
34.0210151672363,-5.87897396087646
52.3696365356445,20.6315250396729
59.8338012695312,26.7714614868164
58.8296165466309,23.0497131347656
40.5342330932617,5.48690319061279
-1.22151553630829,-26.7547607421875
-35.6527633666992,-41.1845512390137
-47.5681228637695,-36.2462959289551
-39.438606262207,-23.7626628875732
-4.75516319274902,3.23698496818542
34.1007652282715,20.6196250915527
53.3349876403809,16.3916072845459
56.4730186462402,1.35450232028961
48.8710594177246,-15.5619535446167
35.6728057861328,-24.5787467956543
27.73681640625,-18.8486251831055
28.5848426818848,1.35304093360901
31.7059593200684,23.7749805450439
30.4631500244141,39.0156364440918
19.3947696685791,45.7228050231934
0.151984840631485,47.6547660827637
-17.073034286499,46.616340637207
-22.7954292297363,45.4666404724121
-13.7070283889771,46.4004707336426
9.01867198944092,43.7507591247559
34.3239402770996,31.113260269165
47.4303359985352,10.3389358520508
45.1883506774902,-10.3831949234009
28.4240894317627,-25.3038063049316
3.07623171806335,-30.0447731018066
-17.6832695007324,-24.5056762695312
-26.369161605835,-16.7719860076904
-25.2025527954102,-16.0895156860352
-15.9410810470581,-27.106538772583
-4.9305305480957,-41.4810066223145
-0.710028111934662,-51.2447814941406
-3.15305924415588,-55.0091171264648
-8.91741847991943,-52.8260078430176
-16.7665596008301,-46.8215599060059
-22.956392288208,-41.0073051452637
-25.0363712310791,-40.9883079528809
-21.2448921203613,-45.2937812805176
-12.529146194458,-48.1503868103027
-2.72215723991394,-44.5685119628906
2.48562026023865,-30.3541717529297
-3.00044798851013,-7.58817720413208
-23.4956455230713,13.6936674118042
-45.8766670227051,23.941370010376
-58.8586349487305,24.6257209777832
-64.0037841796875,21.1373748779297
-61.3171157836914,15.4350214004517
-47.0812721252441,13.4452304840088
-16.3210430145264,18.442985534668
11.1652488708496,25.576042175293
22.1726684570312,27.9203262329102
19.7738971710205,26.8249073028564
8.17043781280518,24.1939830780029
0.819423794746399,21.8912448883057
-0.745519042015076,22.9787311553955
0.357623666524887,26.614049911499
-3.50859522819519,29.5892353057861
-20.8100242614746,27.8902626037598
-43.9906349182129,21.2181701660156
-59.4636535644531,12.8030529022217
-62.7676544189453,5.34598350524902
-54.8418922424316,-1.700643658638
-21.5190086364746,-4.76664543151855
24.252857208252,-2.26682901382446
47.1522560119629,-1.16786158084869
43.1123390197754,0.0555329248309135
13.6241464614868,2.66745924949646
-28.4658432006836,5.31383275985718
-52.2867546081543,11.873607635498
-54.365062713623,18.1031074523926
-40.4764022827148,20.0473861694336
-6.16206693649292,16.4640502929688
28.8764934539795,6.79088306427002
46.2639350891113,-5.32886409759521
47.1641540527344,-14.1796846389771
38.684944152832,-17.8935012817383
26.1190547943115,-16.3767852783203
17.8728332519531,-12.2957410812378
16.3857612609863,-7.34161949157715
21.4323692321777,-3.69022536277771
32.0911407470703,0.195200309157372
42.9879112243652,6.75372219085693
51.9234924316406,13.0187129974365
54.7132911682129,19.0177307128906
50.0815124511719,23.9424152374268
31.2120094299316,23.552848815918
-8.05686664581299,14.5218591690063
-46.6345024108887,5.31529426574707
-63.6052398681641,7.16374731063843
-63.9194374084473,15.3049573898315
-50.8579292297363,26.7150936126709
-17.2805519104004,39.655101776123
21.0008392333984,40.9469718933105
37.2738647460938,30.4199333190918
28.8499794006348,14.8425312042236
3.18040823936462,-1.67475605010986
-19.2158527374268,-6.91656303405762
-21.1787128448486,1.95722246170044
-3.41819763183594,17.0815925598145
17.2740802764893,26.332836151123
28.8773288726807,25.4593410491943
26.5683288574219,16.8767890930176
15.5005750656128,3.71799182891846
6.20507335662842,-4.74681234359741
0.786229312419891,-8.31177520751953
-0.65115487575531,-11.1120128631592
-3.39043116569519,-14.6968088150024
-4.80652093887329,-20.6762027740479
2.3987717628479,-22.6434459686279
20.6254711151123,-13.6343765258789
39.9807815551758,4.15912389755249
46.8269882202148,19.3672122955322
36.1684265136719,31.7278804779053
8.73954582214355,38.0863990783691
-17.0694847106934,35.4742660522461
-25.8693656921387,32.1435432434082
-16.9901523590088,33.2310256958008
-1.92632436752319,35.5684204101562
0.797294139862061,34.0579681396484
-16.6857643127441,27.0100860595703
-43.1294555664062,17.5310764312744
-57.718334197998,12.0090990066528
-59.0083236694336,11.5347728729248
-47.4029884338379,12.8381261825562
-20.7171211242676,14.2901248931885
4.61278200149536,8.26730728149414
11.1243305206299,-9.08380889892578
-1.31274819374084,-30.2729587554932
-17.5218906402588,-43.9008636474609
-23.4323883056641,-43.5682945251465
-13.1629734039307,-31.0445747375488
10.0652379989624,-4.06956100463867
26.5823154449463,22.2745475769043
24.8766613006592,32.3224563598633
4.64451503753662,25.0221748352051
-24.0962791442871,0.777669727802277
-37.2007942199707,-24.7806282043457
-28.6015434265137,-39.8400726318359
2.81004953384399,-42.978515625
40.649055480957,-28.5737762451172
61.500415802002,-8.1428804397583
66.0044326782227,10.731424331665
58.7116622924805,29.326602935791
44.5843772888184,44.0875053405762
28.9334888458252,51.8024063110352
20.02170753479,50.5155448913574
19.1400699615479,41.3375816345215
19.2563552856445,23.488130569458
12.8832206726074,2.09271430969238
1.98352742195129,-13.41370677948
-4.10567855834961,-20.3880996704102
0.410860121250153,-19.8551082611084
16.9010066986084,-11.7237100601196
35.6838684082031,-3.9785373210907
44.0060844421387,-0.634661972522736
41.0617942810059,-0.234240382909775
27.3904666900635,-1.10752689838409
12.2088928222656,1.74156260490417
8.42179775238037,9.11220169067383
17.7511196136475,16.8613414764404
32.1602439880371,19.5388202667236
39.0511283874512,18.0413112640381
29.6942481994629,13.6759223937988
0.160961970686913,9.87880611419678
-35.3345985412598,8.20822525024414
-51.8126373291016,9.4303674697876
-49.4397506713867,9.32222461700439
-28.4213752746582,1.38665294647217
2.97122025489807,-15.0736398696899
20.2108535766602,-34.3654861450195
10.6907138824463,-48.2798233032227
-16.330020904541,-50.8470726013184
-41.9413452148438,-38.1536254882812
-54.9968032836914,-18.949462890625
-50.3128280639648,-2.43113112449646
-24.4217510223389,11.1424932479858
10.7796506881714,16.2870140075684
32.3314361572266,16.5406684875488
33.6045188903809,18.5181427001953
19.2893409729004,22.4225654602051
2.69501686096191,26.6130046844482
-0.00167016312479973,24.5269718170166
17.3473587036133,11.5136871337891
43.7687110900879,-6.80591487884521
58.0415077209473,-20.508768081665
60.5423698425293,-21.8904113769531
56.2734336853027,-3.23197436332703
29.0418395996094,31.4763126373291
-6.22428035736084,56.4717636108398
-25.663516998291,62.5263137817383
-36.3671760559082,57.2565307617188
-41.2004203796387,42.1866493225098
-31.2445774078369,18.1732540130615
-5.38815498352051,2.06536555290222
19.0772304534912,5.01800489425659
32.9404182434082,17.4586334228516
35.1684150695801,26.394214630127
29.3739948272705,21.8428115844727
14.8600673675537,-1.82757604122162
-4.2720685005188,-34.4341697692871
-19.068042755127,-53.5648460388184
-25.7418060302734,-56.5719757080078
-24.8136138916016,-51.9976043701172
-15.2085056304932,-36.149845123291
-2.5090024471283,-11.662540435791
4.10192060470581,1.74678182601929
1.07287108898163,-2.30044102668762
-13.8698692321777,-17.5926628112793
-33.5258102416992,-32.5742340087891
-48.1219940185547,-35.7485885620117
-54.8571357727051,-31.3861236572266
-52.1992797851562,-27.1595668792725
-35.3986892700195,-19.4432048797607
-4.22906160354614,-7.39527368545532
25.0031776428223,-0.96431040763855
36.7283477783203,-2.42298913002014
29.3848495483398,-10.2257823944092
3.85745048522949,-19.1333885192871
-28.563756942749,-22.3651542663574
-49.1543617248535,-13.6709117889404
-52.9907264709473,0.897295117378235
-40.0966491699219,18.8949737548828
-11.5431232452393,36.5540237426758
19.9569873809814,38.3742942810059
41.2521934509277,22.9645347595215
47.3729248046875,-5.71216678619385
37.5344123840332,-37.2383728027344
21.5874843597412,-55.3260307312012
12.0377006530762,-59.3519592285156
14.0634002685547,-52.2437477111816
23.2384414672852,-35.2053680419922
31.6372737884521,-19.816068649292
32.8696441650391,-18.1118755340576
25.5399265289307,-28.8996677398682
11.1456251144409,-43.141357421875
-4.13532400131226,-47.588794708252
-16.2108116149902,-34.7834434509277
-25.6303234100342,-6.47438716888428
-28.8654289245605,26.8735504150391
-28.5746116638184,46.0812606811523
-28.0414123535156,48.9723129272461
-30.56711769104,38.5676155090332
-30.0648155212402,15.286376953125
-24.7298965454102,-7.79068470001221
-20.2411251068115,-19.5233726501465
-21.1734924316406,-16.3333606719971
-29.2627201080322,-1.33195507526398
-38.9227333068848,17.12668800354
-43.4106712341309,32.148551940918
-39.2062454223633,42.0937461853027
-27.0614452362061,49.7236785888672
-5.56268692016602,52.5001182556152
20.1693077087402,50.0121994018555
37.4598808288574,42.4419784545898
42.531120300293,34.8535919189453
34.1523323059082,30.6986427307129
12.4990835189819,22.2858219146729
-16.5525684356689,8.19152355194092
-40.6336059570312,-10.8305902481079
-51.2771377563477,-29.0376644134521
-52.3180694580078,-41.9008445739746
-49.0564498901367,-50.2247276306152
-42.4417686462402,-52.0047035217285
-29.2151203155518,-43.6046180725098
-10.690505027771,-7.60216522216797
8.10843276977539,35.4813613891602
19.8148155212402,51.8961448669434
22.8852005004883,50.3144989013672
20.4327754974365,31.7606563568115
15.4953556060791,-1.54218685626984
10.9784002304077,-23.7745628356934
10.8483362197876,-22.2947978973389
14.5268697738647,-1.12965655326843
18.1922512054443,23.0469989776611
19.8659648895264,31.9813270568848
20.3803749084473,19.0148067474365
21.9490756988525,-9.83955764770508
23.602954864502,-34.0606803894043
27.4812812805176,-39.9212837219238
32.4913520812988,-23.9693470001221
27.9858798980713,7.55143356323242
12.3385391235352,33.6790466308594
-7.7921462059021,38.040470123291
-27.1633243560791,18.4918365478516
-36.1861724853516,-14.2262411117554
-33.0116081237793,-38.1815986633301
-23.468505859375,-42.3808059692383
-14.3473272323608,-26.4192657470703
-12.6706924438477,5.67813730239868
-18.2999782562256,31.0980205535889
-23.6250839233398,37.173656463623
-19.2747268676758,27.1399421691895
0.376830548048019,6.19025087356567
30.3264045715332,-9.40886402130127
49.9683570861816,-15.5128927230835
53.1617088317871,-13.9283256530762
41.9171295166016,-8.97232532501221
12.8625526428223,-9.86795043945312
-14.0963859558105,-15.7116422653198
-20.8663921356201,-22.1202659606934
-5.52489948272705,-23.7294692993164
24.4969081878662,-13.0391721725464
46.9178047180176,3.64847135543823
49.6401710510254,17.9513301849365
34.962776184082,30.8752613067627
5.48752975463867,36.5496406555176
-17.8310794830322,35.8659172058105
-22.7985610961914,33.9738311767578
-12.5744495391846,34.7270736694336
0.327560752630234,35.7229118347168
0.518585622310638,33.3412590026855
-17.2696952819824,26.7453651428223
-42.9044036865234,18.4615650177002
-57.3085174560547,14.7569351196289
-58.0801315307617,14.0901222229004
-46.2493209838867,15.0235347747803
-19.4233703613281,13.7026443481445
4.9785475730896,5.97459125518799
10.3408145904541,-9.49153709411621
-1.91776478290558,-28.8675174713135
-19.1064567565918,-40.1747283935547
-25.0117359161377,-42.3499069213867
-14.1147575378418,-33.6980476379395
9.53955459594727,-9.21783924102783
28.0441265106201,20.1549015045166
28.7706470489502,39.2492523193359
15.9784507751465,46.3393020629883
-0.341965913772583,39.6611557006836
-11.3769426345825,18.0644836425781
-9.88486003875732,-7.71886777877808
-1.62381613254547,-24.0956516265869
2.15805959701538,-22.8576431274414
0.317539751529694,-6.86395311355591
-0.729652523994446,16.9673957824707
4.76414012908936,35.3239517211914
17.4172954559326,38.3396377563477
30.848539352417,25.8560047149658
34.4740447998047,2.3459529876709
22.0444831848145,-24.4946117401123
-2.70107126235962,-42.3092002868652
-25.5735378265381,-45.3628845214844
-38.2588424682617,-38.5826454162598
-38.2252311706543,-29.9704513549805
-25.4741630554199,-21.124641418457
-5.45433521270752,-12.344801902771
12.4312324523926,-5.88732481002808
20.3507289886475,0.52631014585495
17.9569683074951,10.7852869033813
6.61697769165039,24.2461757659912
-9.26877880096436,36.455696105957
-22.1037731170654,42.3897857666016
-28.352897644043,42.2002220153809
-29.5896530151367,37.7880668640137
-24.4480571746826,33.4905281066895
-16.7774143218994,36.6001625061035
-10.7330942153931,46.7413940429688
-8.54476356506348,56.5870056152344
-13.093243598938,60.9795341491699
-21.5519943237305,58.0254325866699
-32.280704498291,43.7597351074219
-36.5243797302246,18.1404762268066
-26.6883716583252,-7.61656999588013
-11.6026229858398,-20.485803604126
2.9244556427002,-19.2565631866455
9.8389310836792,-8.77461910247803
8.00843238830566,-0.678712546825409
1.20335257053375,-1.78519558906555
-6.16394567489624,-11.7301816940308
-7.41635942459106,-25.7582988739014
-5.01382970809937,-33.3498153686523
-0.222549229860306,-31.4890460968018
1.48686277866364,-22.494800567627
-2.90420484542847,-14.7970190048218
-11.1053323745728,-16.6513175964355
-19.6196155548096,-29.1781673431396
-19.5647087097168,-44.0555610656738
-12.067554473877,-52.8731880187988
1.19875955581665,-53.8360366821289
16.5083103179932,-45.7063102722168
24.9027576446533,-29.3303604125977
22.1352977752686,-11.8527297973633
12.3130693435669,-0.0269313808530569
5.97271203994751,5.58732175827026
9.83287620544434,7.45832204818726
25.6854381561279,9.94644737243652
45.1129837036133,12.7220497131348
56.1467094421387,15.0995273590088
56.1602783203125,19.9333972930908
44.972900390625,26.155590057373
17.6016407012939,28.8508148193359
-15.3467111587524,26.6960964202881
-33.7949142456055,23.409215927124
-32.4009552001953,19.1939315795898
-14.8884601593018,11.957950592041
11.5003261566162,0.265973478555679
29.7286949157715,-11.2589874267578
30.2424793243408,-15.9584083557129
15.1137237548828,-10.4477052688599
-9.5312032699585,6.79192733764648
-28.4969501495361,24.6868896484375
-32.6974105834961,31.2097110748291
-23.6515979766846,25.8858585357666
-4.53845930099487,6.85706329345703
12.4807119369507,-15.6128940582275
17.4989261627197,-21.3127422332764
11.5800762176514,-4.43177795410156
-2.25346755981445,32.0915565490723
-8.00425720214844,60.5563583374023
-2.29814434051514,69.7543640136719
6.71990156173706,68.4389038085938
24.3019180297852,52.327465057373
47.5113372802734,14.1652793884277
55.6287498474121,-23.5190277099609
51.0358009338379,-40.0285911560059
44.8129806518555,-44.4480514526367
34.5026473999023,-42.9369697570801
16.6874351501465,-43.2119216918945
-3.28771615028381,-48.3771095275879
-18.2310829162598,-54.4448127746582
-27.2589416503906,-57.394947052002
-31.4902992248535,-55.5667457580566
-31.1410274505615,-50.2729530334473
-24.7113151550293,-42.1808052062988
-13.8368835449219,-36.6899337768555
-2.19501185417175,-42.7891616821289
4.83762741088867,-53.8153686523438
5.32364511489868,-61.1701431274414
5.29901027679443,-61.3434219360352
8.57983684539795,-50.4397621154785
14.6425285339355,-18.4383926391602
22.3680763244629,22.3071155548096
29.9113693237305,42.5916633605957
33.634578704834,44.4006614685059
27.3639526367188,35.2485847473145
9.08255577087402,12.0518970489502
-17.2348308563232,-9.68339729309082
-39.9344367980957,-12.8105688095093
-49.0230445861816,1.54197812080383
-44.5280113220215,25.348274230957
-29.1554107666016,48.7712669372559
-15.2101755142212,58.3959999084473
-12.3339462280273,55.0974273681641
-20.311897277832,34.0707015991211
-28.5159473419189,-8.9009256362915
-26.96311378479,-46.0825157165527
-16.8609237670898,-61.1505165100098
3.11443662643433,-62.6668167114258
33.2577476501465,-42.1052284240723
50.408863067627,5.1027660369873
43.8724708557129,45.8739547729492
28.3520622253418,64.7950210571289
7.45665216445923,70.917839050293
-16.4408779144287,63.7639045715332
-33.8773803710938,41.7325744628906
-29.3547878265381,13.9677829742432
-4.68292856216431,-1.14677572250366
21.1686916351318,1.86765992641449
36.2412872314453,13.7059850692749
36.2245864868164,22.4624404907227
24.2712287902832,21.3265209197998
5.35579538345337,9.74080848693848
-12.4043016433716,-4.27227735519409
-24.2992038726807,-8.59278011322021
-27.3645782470703,-0.891867101192474
-20.9557456970215,11.7026243209839
-8.30885314941406,20.5484352111816
9.41930294036865,15.6097621917725
27.1491279602051,-3.32299828529358
35.8126831054688,-25.1207141876221
33.7197570800781,-38.0381736755371
24.5756149291992,-38.138801574707
9.14560413360596,-26.6524639129639
-4.88042545318604,-7.80571603775024
-8.85102939605713,6.09567785263062
-0.396454960107803,8.61762428283691
16.1110191345215,3.73866009712219
29.6197166442871,-0.341548353433609
30.5938396453857,4.49315643310547
15.4064197540283,18.5978927612305
-10.8627405166626,32.3262176513672
-30.7518787384033,35.7531814575195
-36.9817962646484,25.1040134429932
-26.0044403076172,2.02402901649475
1.48164343833923,-25.6820983886719
25.4044342041016,-39.0914192199707
34.6723785400391,-35.1821937561035
28.2942333221436,-18.2081184387207
3.79147911071777,9.92431831359863
-21.552619934082,31.8802833557129
-31.4506320953369,40.0688819885254
-29.3900699615479,38.6081161499023
-12.9732007980347,28.9994602203369
7.91970491409302,13.8765506744385
16.7122783660889,-3.53114247322083
10.5353889465332,-20.4630470275879
-8.0988302230835,-36.4794960021973
-27.3745994567871,-46.3599700927734
-36.1529769897461,-50.741641998291
-34.8771820068359,-53.7928237915039
-23.3933486938477,-55.5231132507324
-3.81423497200012,-52.9792442321777
16.6546573638916,-41.4077262878418
29.1660594940186,-25.9242725372314
32.0556488037109,-11.1005306243896
25.6046447753906,6.39943885803223
12.5819654464722,25.6038093566895
-1.43905425071716,42.3803901672363
-11.2353963851929,50.7458190917969
-16.1241722106934,50.4850654602051
-17.01979637146,39.2586441040039
-9.85813808441162,12.2924003601074
3.01714968681335,-21.5645198822021
11.2287158966064,-42.7056541442871
12.6947011947632,-47.3873291015625
7.49715328216553,-35.0149688720703
-7.14871549606323,-3.41423106193542
-19.1388168334961,30.3541717529297
-21.6576309204102,48.551643371582
-18.3707504272461,51.9303817749023
-10.729754447937,41.7062683105469
-1.23675584793091,17.19140625
4.54827165603638,-9.98423480987549
2.89376640319824,-24.5271797180176
-2.85013341903687,-22.5100402832031
-7.85540342330933,-5.23115968704224
-3.87060308456421,17.6684474945068
8.49110889434814,34.1366729736328
23.2025318145752,36.5202026367188
34.2316627502441,25.3626804351807
32.5226707458496,1.47245752811432
18.5784778594971,-25.0092315673828
-4.4543251991272,-41.8327827453613
-26.3000583648682,-44.1981544494629
-38.0458984375,-36.6776161193848
-38.7686614990234,-28.446008682251
-26.8520469665527,-20.4563674926758
-8.02116680145264,-14.0535879135132
11.0556449890137,-7.47335386276245
22.33717918396,1.18205797672272
20.7663898468018,12.0113954544067
7.8572826385498,24.9779167175293
-10.8082523345947,35.4924278259277
-24.6150722503662,40.4212875366211
-29.5261878967285,41.7561645507812
-25.1298999786377,41.7402992248535
-17.46364402771,41.0916481018066
-13.6228942871094,39.3419456481934
-18.7035312652588,38.6774291992188
-30.204273223877,39.6043701171875
-37.5488166809082,43.4380187988281
-36.4093475341797,47.2956809997559
-24.6146545410156,47.6652030944824
0.989571630954742,36.4991188049316
31.2333030700684,8.90969371795654
46.5100746154785,-18.0072803497314
45.1992073059082,-27.9743976593018
31.271089553833,-17.3759593963623
5.26915597915649,10.9698400497437
-18.1049861907959,36.7235450744629
-28.6587467193604,43.0482444763184
-30.8744258880615,29.6815128326416
-25.3726997375488,0.0954080671072006
-16.5895214080811,-27.787130355835
-10.7863311767578,-38.2383842468262
-6.19630527496338,-28.5934009552002
3.53573536872864,-4.01903867721558
22.1052360534668,21.1263103485107
44.5415802001953,29.3418426513672
60.1467514038086,19.3500919342041
66.2376251220703,4.25494909286499
61.9018821716309,-10.5535516738892
42.6920852661133,-22.7023181915283
2.76411986351013,-29.1777496337891
-38.1527900695801,-21.3672313690186
-54.4905319213867,-5.9115424156189
-54.3995094299316,6.1994366645813
-42.4718322753906,15.7080926895142
-17.5886974334717,20.311897277832
6.70090341567993,19.8935222625732
23.6547298431396,18.7089576721191
29.8854808807373,21.2499027252197
28.0290946960449,28.5938186645508
19.6899700164795,37.628776550293
4.35202741622925,41.53173828125
-13.1475238800049,35.8070449829102
-28.0157337188721,17.5571727752686
-35.4673767089844,-6.90758609771729
-31.9761085510254,-26.3311653137207
-20.4670143127441,-32.4028358459473
-4.82176113128662,-19.4429950714111
9.26606464385986,6.80048656463623
13.2913665771484,29.7946662902832
9.81972408294678,35.6963958740234
2.48854303359985,19.3194026947021
-5.26247501373291,-14.7826137542725
-11.3631639480591,-43.2071189880371
-19.155101776123,-51.5783958435059
-32.305965423584,-41.2315254211426
-49.0142784118652,-11.9376993179321
-58.9836883544922,17.1260623931885
-60.3546867370605,26.5132141113281
-59.8235740661621,11.5771532058716
-39.3041572570801,-28.0460052490234
-4.40442895889282,-59.5676193237305
15.4442071914673,-66.5142440795898
27.9510154724121,-59.7058258056641
29.5178375244141,-32.2283020019531
3.83051919937134,13.5865678787231
-24.5983715057373,41.728816986084
-37.286808013916,42.3139991760254
-39.7586517333984,25.3031806945801
-25.0246810913086,-6.38712120056152
-2.17935419082642,-29.2639713287354
15.8283443450928,-31.9646263122559
24.183126449585,-18.7855777740479
24.3313541412354,2.685622215271
19.0377712249756,18.938606262207
15.549635887146,23.7474231719971
14.9208202362061,18.2450714111328
14.4193534851074,11.3602409362793
16.6339893341064,6.034508228302
20.7048034667969,-1.0526202917099
29.2623023986816,-12.5241355895996
35.2895011901855,-28.3934001922607
33.5537872314453,-44.7831268310547
24.9658069610596,-55.2341728210449
12.1798734664917,-56.9982833862305
-2.71652030944824,-45.5720710754395
-18.9421558380127,-16.4834671020508
-22.5357189178467,16.8152027130127
-11.8823757171631,36.3043365478516
4.4960789680481,36.3932723999023
15.5304288864136,20.6561603546143
10.405951499939,0.493324428796768
-12.2170343399048,-12.0496006011963
-39.5189819335938,-8.64935684204102
-52.4147300720215,6.2130069732666
-48.7034187316895,18.7204418182373
-29.2276458740234,25.128231048584
-0.308980166912079,21.1789207458496
19.1928882598877,7.94079065322876
19.8713912963867,-7.62241554260254
4.81487131118774,-21.6943759918213
-11.1278791427612,-31.9412441253662
-14.9408617019653,-40.9075126647949
-0.590402662754059,-50.0735778808594
20.2260932922363,-55.9185218811035
33.2878112792969,-57.0857582092285
36.6573677062988,-54.3832244873047
31.3942642211914,-45.5693588256836
10.5656604766846,-30.6218147277832
-13.8869886398315,-16.5356578826904
-19.1429920196533,-15.922082901001
-3.81256484985352,-30.9520893096924
16.9838886260986,-45.5261421203613
28.0933971405029,-48.2894248962402
32.3564872741699,-38.1722030639648
22.2676582336426,-3.03740048408508
2.61944198608398,41.4837188720703
-4.75370168685913,63.8127593994141
-4.64660263061523,68.2130126953125
-7.45331192016602,62.4388389587402
-13.1456451416016,39.9924736022949
-18.5327568054199,2.8689227104187
-28.0349407196045,-22.4524211883545
-39.5968551635742,-25.1708202362061
-46.7773017883301,-14.9705076217651
-46.740348815918,-3.92342185974121
-40.8885154724121,-0.736124396324158
-32.8842582702637,-7.2664623260498
-29.1660594940186,-19.7137699127197
-31.7575263977051,-26.7278289794922
-35.4371032714844,-22.6474113464355
-40.2887191772461,-8.61678886413574
-39.4262886047363,8.88004875183105
-33.2953300476074,19.481201171875
-24.8083934783936,19.7302627563477
-12.9324903488159,7.35017919540405
0.544473171234131,-6.57125663757324
13.1798839569092,-10.0702486038208
22.7632789611816,0.146974354982376
25.9384689331055,23.5541019439697
20.2874717712402,45.268726348877
10.7466650009155,56.592643737793
2.53280234336853,59.5158462524414
-2.08895659446716,52.4932289123535
4.93637609481812,39.7958106994629
24.9138240814209,23.2102565765381
44.9754066467285,11.4166088104248
52.4226608276367,9.35959434509277
49.4673080444336,13.4694480895996
29.5188808441162,20.2444648742676
-6.77814817428589,21.9398899078369
-35.7999458312988,19.8417472839355
-47.5117568969727,16.4836750030518
-45.7021331787109,10.4172248840332
-32.6383285522461,-0.570569455623627
-11.6880102157593,-18.6621932983398
7.8389105796814,-40.2058372497559
18.111665725708,-54.8364677429199
23.9108905792236,-60.6745223999023
30.3848609924316,-59.7045745849609
35.8665428161621,-50.5927886962891
32.8162002563477,-31.7694263458252
6.55622529983521,-6.01947689056396
-31.7080478668213,9.92682361602783
-56.2095489501953,8.02012348175049
-63.0411415100098,-2.67413997650146
-57.6068496704102,-18.5546779632568
-34.8558883666992,-33.4003410339355
-1.45471203327179,-30.7355937957764
19.4772338867188,-13.1748733520508
17.6845226287842,5.43450212478638
-1.02109599113464,17.3932876586914
-16.3901462554932,16.9296092987061
-10.6750564575195,9.36209964752197
20.7398777008057,2.38165259361267
55.2596435546875,-0.365556955337524
70.0577087402344,2.24783086776733
72.1372680664062,11.6184902191162
63.1634826660156,28.1380729675293
37.1108169555664,45.0484733581543
1.73822224140167,49.1288909912109
-19.526086807251,42.7094116210938
-18.3459072113037,36.8934860229492
-0.395411133766174,32.9049263000488
17.0517387390137,29.3443489074707
22.9438667297363,24.4969081878662
15.9279279708862,16.2341938018799
6.60862684249878,7.10654401779175
7.44892740249634,3.73281455039978
22.2599334716797,11.7873849868774
41.9697380065918,24.4294757843018
52.0274620056152,32.0748558044434
52.6529350280762,34.9792709350586
43.071418762207,30.4627323150635
17.6909942626953,7.38045072555542
-14.4281215667725,-24.7468070983887
-36.9772033691406,-36.8239669799805
-48.3524742126465,-26.2591400146484
-51.7236976623535,0.605225384235382
-43.234676361084,34.6007690429688
-27.4837875366211,54.3498229980469
-13.3139142990112,56.4592399597168
5.49692440032959,40.2392387390137
29.208438873291,4.33407354354858
41.4156608581543,-25.1432628631592
41.6524085998535,-31.2188987731934
32.187801361084,-15.5861711502075
7.58713340759277,15.6905565261841
-16.0857582092285,38.6841087341309
-28.4794120788574,42.3131637573242
-32.4049224853516,27.0514240264893
-26.7405643463135,-1.68707346916199
-16.454029083252,-27.4984016418457
-8.99027919769287,-35.836483001709
-6.05538511276245,-26.7735500335693
1.64490187168121,-5.46581745147705
21.2726593017578,18.6995639801025
44.1286315917969,27.2336807250977
61.5999984741211,17.9198055267334
67.8892059326172,3.96454977989197
62.4908218383789,-10.7124261856079
39.3264961242676,-26.2896194458008
-4.95662641525269,-33.2001304626465
-40.0137672424316,-21.907320022583
-50.949161529541,-1.13153553009033
-46.4294891357422,15.8909759521484
-37.8051872253418,19.1617813110352
-34.6003532409668,2.98625159263611
-32.0817451477051,-25.7075691223145
-22.8966846466064,-47.6109237670898
-1.17892634868622,-55.6844902038574
28.710729598999,-49.9723243713379
48.6315994262695,-33.9189262390137
50.9877853393555,-18.8891277313232
26.9503784179688,-9.57838535308838
-15.9287633895874,-6.70361709594727
-42.1835174560547,-4.46747779846191
-42.4595146179199,2.5680844783783
-22.0248584747314,16.2047576904297
5.97584342956543,31.0802745819092
21.7302837371826,39.8304672241211
19.248420715332,44.2307205200195
4.87750244140625,42.9741325378418
-9.57003498077393,36.7548637390137
-13.1926183700562,27.3944339752197
-5.5668625831604,17.4254379272461
5.63095474243164,8.12409114837646
8.01949691772461,0.293322384357452
-2.9188187122345,-4.82614517211914
-20.8169136047363,-8.34998035430908
-34.7022323608398,-8.82576847076416
-33.8934555053711,-6.76186418533325
-18.6578102111816,-3.56412816047668
5.19191074371338,-0.195409089326859
25.07248878479,1.38289511203766
27.31760597229,-2.88374543190002
14.017261505127,-10.1740074157715
-9.99112415313721,-18.5801467895508
-34.9947204589844,-23.5712203979492
-49.4399604797363,-19.349048614502
-54.1815528869629,-9.25479125976562
-51.8005256652832,7.4251275062561
-42.2025184631348,29.3169994354248
-27.2414035797119,47.6434898376465
-8.86125946044922,58.2321166992188
9.23370552062988,60.4333915710449
26.890043258667,54.5681953430176
40.9348640441895,43.0173492431641
46.4378433227539,29.2305679321289
41.9284019470215,16.2337760925293
23.2421989440918,4.53616285324097
-1.51170635223389,-2.19188022613525
-21.8023090362549,-1.13153553009033
-32.4109764099121,3.35431385040283
-33.6471061706543,10.6003170013428
-28.8481006622314,16.3392066955566
-22.8238220214844,20.145715713501
-17.8671970367432,22.0551300048828
-14.8199834823608,20.9022998809814
-12.8652667999268,17.4665660858154
-7.53222703933716,12.1049251556396
-0.219208911061287,8.4407958984375
7.60801076889038,6.16478109359741
13.0182952880859,8.13619995117188
13.4579658508301,14.8978548049927
7.73097610473633,22.1123332977295
-4.01715993881226,24.2259254455566
-15.7139387130737,18.6555137634277
-25.0401287078857,5.25955247879028
-27.4890060424805,-12.1176595687866
-20.2555294036865,-23.9050445556641
-8.30488586425781,-23.6628704071045
6.83388996124268,-8.12784862518311
17.2141628265381,17.0778350830078
18.362190246582,35.3110046386719
14.3208141326904,35.5659141540527
7.05769205093384,13.0610933303833
0.663681089878082,-29.4470634460449
-2.99230599403381,-60.4561462402344
-4.25891590118408,-69.1906814575195
-2.81025815010071,-67.8643646240234
-2.18603467941284,-53.3663063049316
-14.1195592880249,-14.9621562957764
-31.3600273132324,22.4687042236328
-37.4989204406738,34.4289512634277
-35.7554779052734,23.971643447876
-17.4755439758301,-5.57959747314453
9.58464908599854,-31.8806991577148
25.7539157867432,-40.3974876403809
26.9192714691162,-32.7967834472656
11.1118040084839,-14.9663314819336
-12.8911542892456,1.78102016448975
-28.1288871765137,7.20821523666382
-25.097749710083,-0.120878055691719
-7.34224605560303,-10.1454057693481
13.1600503921509,-10.887375831604
19.3457088470459,0.487896412611008
2.15304899215698,19.6242084503174
-28.5635471343994,33.2281036376953
-49.4103164672852,33.9126625061035
-56.5932693481445,24.4906463623047
-49.6618843078613,6.81948471069336
-20.3250503540039,-8.85958862304688
14.5604820251465,-7.55999326705933
28.0380725860596,10.0654468536377
17.3367099761963,32.216609954834
-6.19275617599487,44.8728981018066
-26.7165565490723,41.4922790527344
-32.9427146911621,24.8637180328369
-17.8960075378418,3.08980178833008
10.0272417068481,-12.8185024261475
32.1257972717285,-13.6134996414185
36.1740646362305,-1.55241668224335
19.5542697906494,12.693865776062
-7.74120616912842,19.1277523040771
-32.894905090332,11.3523073196411
-46.4647750854492,-4.08960294723511
-49.5355758666992,-16.9901523590088
-49.7305679321289,-19.9363193511963
-49.0764923095703,-13.4443960189819
-45.5407562255859,-2.6313419342041
-35.5473327636719,2.25847816467285
-16.383674621582,-6.33304977416992
6.55539035797119,-24.1390762329102
21.0574169158936,-38.7928771972656
26.1988048553467,-42.0104484558105
24.8893966674805,-26.5624828338623
16.8471450805664,7.50362539291382
14.6899194717407,40.2922668457031
25.3242664337158,51.8416557312012
41.585391998291,44.5587005615234
53.8773765563965,25.0307350158691
51.8366432189941,2.67330479621887
26.1662368774414,-10.6397743225098
-22.3298721313477,-1.78978860378265
-51.540397644043,26.4365940093994
-48.1541442871094,49.753116607666
-32.3744430541992,61.9661827087402
-7.06562519073486,63.2753829956055
22.1163005828857,46.3871116638184
41.5150375366211,9.68089199066162
38.0095710754395,-22.6380176544189
21.9190120697021,-33.1713180541992
6.97982025146484,-20.6327781677246
3.83072781562805,11.1001129150391
13.0247669219971,38.8465347290039
20.8895645141602,49.0704345703125
17.7214736938477,46.1338729858398
-1.02318370342255,28.2393264770508
-23.5854167938232,-1.77559220790863
-31.2335109710693,-25.8015155792236
-16.0759468078613,-38.6780548095703
20.2720222473145,-42.4236030578613
48.4384880065918,-39.9348526000977
56.3224945068359,-41.6400909423828
52.5220375061035,-46.8127937316895
38.6459045410156,-53.7600440979004
22.1943798065186,-56.9080963134766
15.5379447937012,-52.6347732543945
25.4255199432373,-38.0577964782715
42.5499114990234,-15.5356483459473
49.1645927429199,0.612532317638397
36.8855514526367,8.64100646972656
2.27016925811768,4.15682744979858
-36.7688484191895,-8.25833034515381
-51.0063629150391,-16.7298145294189
-40.3693046569824,-22.9444923400879
1.72527849674225,-20.2388286590576
49.1952819824219,-10.6099195480347
66.4885711669922,-6.63263511657715
66.5211334228516,-5.41320753097534
52.4978218078613,-4.87645864486694
9.55562973022461,-11.5688028335571
-37.9402618408203,-18.0212688446045
-58.4448547363281,-14.1755094528198
-62.6933288574219,-8.58964920043945
-57.5392074584961,-6.6808614730835
-43.7837448120117,-7.62659120559692
-20.7714004516602,-9.77066326141357
4.00525999069214,-16.1684322357178
23.1651630401611,-22.4386425018311
32.7863464355469,-22.7647399902344
34.6041107177734,-14.8396081924438
30.1917476654053,2.65889978408813
20.6367435455322,25.6929550170898
15.1156024932861,44.9478492736816
18.9630317687988,52.6057548522949
28.2111434936523,51.04248046875
37.6166648864746,41.3428001403809
40.429012298584,25.4601745605469
29.5099029541016,3.53030729293823
6.3188533782959,-17.6740837097168
-13.6498260498047,-28.0338973999023
-17.3638515472412,-29.7376728057861
-4.96121978759766,-25.3161239624023
15.1565217971802,-18.5791034698486
27.2771034240723,-15.0648717880249
22.2626476287842,-17.6536235809326
-1.582479596138,-28.0616626739502
-27.2399425506592,-38.4373435974121
-37.5557060241699,-43.6503410339355
-28.5589542388916,-50.3850631713867
0.734036684036255,-52.741455078125
34.2418937683105,-43.8724708557129
49.9652252197266,-32.7813339233398
48.675651550293,-23.3384418487549
22.7238216400146,-14.4243640899658
-18.7709636688232,-8.23766231536865
-42.2200546264648,-1.44824016094208
-41.6104431152344,6.46457529067993
-20.7018814086914,17.1131172180176
6.80967283248901,30.2389297485352
22.6630706787109,38.2949600219727
20.5851783752441,42.9434432983398
5.99484157562256,43.2054481506348
-8.82931709289551,37.2335739135742
-12.9869794845581,28.3347358703613
-4.29649448394775,17.8509120941162
7.86145782470703,8.29695320129395
9.34957313537598,0.647814512252808
-5.1618480682373,-4.44075489044189
-25.3919067382812,-7.96542549133301
-36.1281318664551,-7.97106218338013
-29.6069812774658,-5.55517148971558
-9.40635871887207,-2.70649933815002
9.33558559417725,0.787899434566498
13.7103691101074,-0.277038305997849
8.56104755401611,-4.504638671875
8.1132345199585,-10.9992771148682
26.3449440002441,-16.7588348388672
51.622444152832,-18.6705455780029
65.6367874145508,-17.8379688262939
67.4150924682617,-14.6022357940674
55.9872093200684,-4.08647155761719
6.85706329345703,5.26852941513062
-48.3174018859863,6.43597364425659
-63.950756072998,7.77648830413818
-62.2223434448242,3.25389528274536
-40.2154388427734,-7.10007238388062
1.62068450450897,-9.14810943603516
29.9648132324219,-6.97710657119751
31.4138889312744,-4.71862840652466
13.5692405700684,-7.12074041366577
-8.8420524597168,-18.3285789489746
-17.0646820068359,-33.0608787536621
-8.72994232177734,-47.4601898193359
7.27314281463623,-55.1963844299316
18.6905860900879,-55.0784301757812
23.232177734375,-48.3881759643555
17.3776302337646,-37.9801368713379
3.8031702041626,-27.3923454284668
-1.1668176651001,-24.1870937347412
3.93949723243713,-30.9562644958496
14.1116256713867,-40.3592834472656
19.1331806182861,-48.2432899475098
15.7488031387329,-51.207202911377
3.31151604652405,-48.5712661743164
-15.1606969833374,-38.003101348877
-27.7558155059814,-19.7960262298584
-25.7478618621826,1.0534553527832
-12.7301921844482,17.1757488250732
2.12382125854492,23.4660015106201
7.36312294006348,18.3246116638184
-2.96558332443237,2.68311715126038
-21.2972946166992,-18.8185634613037
-36.1189460754395,-32.3587837219238
-41.9058532714844,-35.2281227111816
-38.993091583252,-29.9186763763428
-29.613245010376,-11.114935874939
-19.7874660491943,10.9433259963989
-19.4707622528076,22.2716255187988
-25.9672794342041,18.2281608581543
-32.1468811035156,0.938631653785706
-28.9858894348145,-17.9026870727539
-10.5735940933228,-26.9353466033936
19.4690914154053,-18.0870323181152
46.761646270752,4.38751840591431
56.9162368774414,23.0561847686768
54.4393844604492,34.1521224975586
41.605224609375,37.8012199401855
13.1051435470581,20.9695243835449
-19.1705493927002,-13.9347972869873
-36.2746887207031,-38.3646926879883
-39.6150169372559,-45.0647583007812
-33.8410530090332,-45.5211296081543
-22.2121257781982,-41.9192161560059
-12.1974096298218,-37.6861877441406
-10.5358066558838,-40.4624176025391
-15.0074596405029,-46.8695793151855
-19.0254535675049,-50.0197143554688
-17.3909912109375,-45.6397132873535
-6.99506092071533,-27.7389049530029
11.1996965408325,4.46413707733154
26.4626903533936,32.1926040649414
29.9266090393066,41.9778785705566
20.7421741485596,40.248218536377
1.6956330537796,24.2983684539795
-17.2855625152588,2.55138301849365
-25.1169567108154,-6.93911027908325
-15.9097652435303,-1.74218893051147
4.39357280731201,15.5135192871094
20.9707775115967,34.2375106811523
25.4384632110596,45.1877250671387
14.8295869827271,49.3739891052246
-3.71882700920105,46.1770858764648
-19.4784870147705,35.3485832214355
-18.2857818603516,23.3877124786377
4.46017074584961,13.3243522644043
34.948371887207,5.91112470626831
53.6506500244141,2.09041786193848
56.3561058044434,3.47644448280334
45.6775016784668,12.5005445480347
23.4058742523193,24.7025470733643
5.63596534729004,36.3571548461914
4.63303232192993,44.5739402770996
15.410177230835,45.6265602111816
24.4411678314209,39.9930992126465
18.6459102630615,29.2679386138916
-10.0078258514404,13.906195640564
-45.3620491027832,1.34009718894958
-62.8995971679688,-2.39480519294739
-64.636360168457,-4.67979717254639
-49.9813003540039,-14.2782249450684
-3.1612012386322,-22.3334217071533
43.9394874572754,-22.9231967926025
59.1684532165527,-20.7949924468994
59.566577911377,-14.4222764968872
46.6756324768066,2.38854193687439
21.4089851379395,22.3687038421631
3.90546774864197,34.6817741394043
3.49920058250427,37.5868110656738
13.9460706710815,31.6408233642578
22.4920864105225,22.4461574554443
21.7766304016113,18.9874591827393
10.0462398529053,27.140567779541
-5.10380983352661,45.5106925964355
-11.886342048645,58.5041427612305
-11.3241233825684,63.8611907958984
-10.8245363235474,62.355541229248
-16.5043430328369,49.2815017700195
-26.4889965057373,20.533821105957
-39.123363494873,-7.31802845001221
-49.7998809814453,-13.8020191192627
-54.4740409851074,0.918798506259918
-50.9781799316406,27.165620803833
-38.8434028625488,49.7685661315918
-28.6245079040527,59.657600402832
-26.3036079406738,57.4122734069824
-27.6303443908691,43.5762252807617
-19.6665878295898,17.2711563110352
-0.251777082681656,-7.8572826385498
23.3929309844971,-18.4859924316406
42.2031440734863,-15.6993246078491
50.4936256408691,-10.1205625534058
50.0347480773926,-9.90010070800781
42.7392654418945,-19.776819229126
30.0174236297607,-37.5427627563477
17.5780487060547,-51.7621116638184
11.9627523422241,-56.0742645263672
11.0122203826904,-51.1706657409668
6.29797649383545,-36.0012016296387
-8.78923320770264,-15.2763557434082
-27.8320159912109,-1.85262846946716
-40.1260871887207,-0.303343385457993
-40.2588653564453,-9.96544551849365
-30.110954284668,-22.039680480957
-13.8270721435547,-27.3199024200439
0.0536539889872074,-22.4288291931152
1.30940794944763,-9.20760917663574
-8.53745651245117,3.6265504360199
-20.4665966033936,8.79674911499023
-28.6224212646484,4.72468280792236
-26.0635223388672,-2.77977776527405
-15.3051662445068,-5.22468757629395
0.852618277072906,2.03843402862549
12.1126489639282,19.2388172149658
16.3928604125977,35.721866607666
18.3755531311035,43.2922973632812
19.2052059173584,35.4698791503906
20.6254711151123,8.06250381469727
16.5296039581299,-29.8771305084229
3.17101335525513,-55.6049499511719
-16.1341934204102,-61.3937339782715
-33.8423080444336,-54.057544708252
-46.3384666442871,-34.1972160339355
-46.6357574462891,-4.89357805252075
-27.5526809692383,25.9787616729736
1.74385905265808,44.4284286499023
23.2002353668213,44.9397048950195
26.88649559021,38.3235626220703
9.89968299865723,25.6706161499023
-19.6561489105225,10.7698383331299
-41.6361236572266,1.01023995876312
-47.4190635681152,-4.14304828643799
-34.1492004394531,-10.2917537689209
-4.89545679092407,-19.0935134887695
21.7457332611084,-29.0042610168457
32.187801361084,-38.5296211242676
29.9510345458984,-43.7129707336426
22.4311256408691,-39.6039505004883
12.9535760879517,-22.8699607849121
8.02262878417969,9.70803165435791
10.140604019165,43.375804901123
15.1803216934204,59.9250335693359
17.891622543335,64.6664199829102
14.4427356719971,62.8083648681641
5.02719116210938,50.645191192627
-4.22112846374512,20.0655479431152
-10.6247425079346,-14.1938810348511
-13.2199678421021,-33.1510696411133
-10.9827842712402,-36.3492202758789
-2.72862911224365,-25.1864776611328
12.4143228530884,-6.11530208587646
31.8212013244629,11.7247543334961
45.8219680786133,21.0246391296387
50.4810981750488,23.3925132751465
46.1217651367188,24.8459720611572
27.0986061096191,27.5885887145996
-2.53238487243652,24.9605884552002
-23.2419891357422,17.7137508392334
-20.9304847717285,9.47754955291748
9.75103855133057,-2.50232195854187
48.5908889770508,-12.6884384155273
65.4557800292969,-18.5511283874512
66.8914947509766,-17.0133247375488
55.1471176147461,-6.91614532470703
6.29359197616577,4.1083927154541
-47.3545532226562,9.82494354248047
-63.1766357421875,10.0289115905762
-61.7530288696289,5.04806804656982
-41.1496887207031,-4.87437105178833
0.398751437664032,-9.26585578918457
29.3433055877686,-6.99359941482544
31.8896770477295,-5.331787109375
14.0934629440308,-7.89319086074829
-9.17232704162598,-16.9216747283936
-18.904577255249,-31.7758979797363
-11.4218282699585,-46.8163414001465
5.22009468078613,-55.3316688537598
18.0056114196777,-55.416431427002
22.4056549072266,-49.6222152709961
15.7728118896484,-38.1630172729492
2.48979568481445,-25.6505737304688
-3.95974802970886,-21.9121227264404
1.72882759571075,-29.4963340759277
14.1368865966797,-42.5641059875488
19.8004093170166,-51.7819480895996
15.1740579605103,-52.6696395874023
-0.477457880973816,-45.4392929077148
-21.4392585754395,-29.3535346984863
-29.1147003173828,-15.6114320755005
-17.222095489502,-14.6371011734009
11.7228746414185,-24.5184116363525
36.3124771118164,-33.9149589538574
43.4996070861816,-34.1894912719727
39.4784812927246,-21.7338333129883
22.7296676635742,5.63533926010132
3.18625378608704,33.9222640991211
-6.00903797149658,47.7900466918945
-11.0848722457886,45.850154876709
-21.493537902832,28.3326473236084
-35.7680053710938,3.24116039276123
-46.2998428344727,-12.9395885467529
-47.2236518859863,-14.169246673584
-35.2003593444824,0.511069893836975
-6.97961187362671,25.2079811096191
20.9995880126953,39.8127212524414
33.591365814209,37.8020553588867
27.8414096832275,21.2759990692139
3.70233416557312,-10.8608617782593
-22.4275760650635,-37.0953674316406
-32.3443794250488,-43.8914680480957
-22.5966815948486,-36.3362770080566
3.26287245750427,-10.6998996734619
30.1621017456055,16.4202079772949
40.1603240966797,25.102970123291
32.6539840698242,18.9375629425049
10.466703414917,0.567646682262421
-13.3134965896606,-21.5730800628662
-22.0018939971924,-33.066722869873
-15.202241897583,-36.3947334289551
-0.250524461269379,-36.5592460632324
13.1022205352783,-37.0074729919434
16.9527816772461,-39.6285858154297
11.6817474365234,-41.6755790710449
3.70525693893433,-39.7329711914062
3.50462865829468,-32.4055480957031
12.7130727767944,-23.6192378997803
24.1958618164062,-17.9960079193115
28.3501834869385,-21.839469909668
19.155517578125,-32.9767456054688
1.95826625823975,-41.8100280761719
-12.7168312072754,-39.7465438842773
-13.2439756393433,-23.4478378295898
5.87458992004395,2.87664723396301
33.8185081481934,21.7112846374512
50.830997467041,21.1511554718018
54.3579635620117,5.84306573867798
44.1956481933594,-16.7283535003662
22.3221473693848,-34.275089263916
1.65304398536682,-34.4410591125488
-8.64037990570068,-17.022928237915
-5.06351709365845,7.15539646148682
3.8025438785553,21.9876976013184
6.58649682998657,16.1404571533203
0.648858368396759,-5.49838590621948
-5.92281579971313,-26.664571762085
-4.84055042266846,-31.5733909606934
12.4153661727905,-11.720160484314
37.4813842773438,22.748664855957
49.5823402404785,41.813159942627
47.944953918457,46.9885787963867
25.8747940063477,44.8292655944824
-24.83616065979,11.578197479248
-60.6580276489258,-18.8179359436035
-68.4660415649414,-25.5236415863037
-64.5461654663086,-31.113260269165
-42.0367546081543,-35.1807327270508
6.11070919036865,-24.9518203735352
44.480827331543,-12.332275390625
51.1520843505859,-14.017261505127
40.665340423584,-18.43212890625
15.4717645645142,-23.3739337921143
-3.83949613571167,-20.4415435791016
-3.3323929309845,-9.46585845947266
17.2344131469727,-0.963475346565247
43.6647453308105,1.29145359992981
56.6874237060547,-6.25956249237061
56.8473434448242,-13.821852684021
44.6781158447266,-16.6590423583984
10.3525056838989,-12.8667278289795
-32.649600982666,0.542385458946228
-55.3483695983887,15.1423254013062
-58.2346229553223,26.2077827453613
-51.1902923583984,33.2136993408203
-29.9117870330811,39.6987342834473
5.48732089996338,45.4553680419922
35.560905456543,42.9277839660645
49.1560325622559,37.5083160400391
51.3867454528809,33.6494026184082
46.0906562805176,29.1827602386475
37.1010055541992,23.3144340515137
28.6334857940674,17.5419311523438
22.7655754089355,20.3302688598633
16.1433792114258,31.0631561279297
2.03446745872498,41.6808013916016
-21.873083114624,43.5735130310059
-46.675422668457,33.4145355224609
-62.8279876708984,16.2732353210449
-67.0679092407227,-1.76076948642731
-57.6834678649902,-18.6446571350098
-26.073751449585,-27.4123878479004
20.6031322479248,-15.1803216934204
46.794002532959,3.046795129776
45.449104309082,15.0951433181763
20.0375728607178,18.1644859313965
-21.7236022949219,6.19484376907349
-50.6884078979492,-10.3794374465942
-57.5598754882812,-22.0196399688721
-50.5180511474609,-32.089469909668
-32.6825866699219,-37.8045616149902
-13.483226776123,-33.584056854248
-5.98962259292603,-21.4814300537109
-12.5961618423462,-8.32618045806885
-23.3183994293213,0.839465737342834
-25.8620586395264,4.08166980743408
-16.004337310791,3.31422996520996
3.81632280349731,-0.2196264564991
21.6970882415771,-3.60337686538696
25.9975509643555,-1.27913618087769
12.4091033935547,9.15687847137451
-13.9214363098145,26.6505832672119
-34.8863677978516,41.9187965393066
-42.3519973754883,48.0681304931641
-42.1626434326172,47.6146812438965
-36.9385795593262,37.4454765319824
-20.3352794647217,13.4924125671387
-1.27621340751648,-16.0538158416748
4.7520318031311,-37.7373352050781
-1.48393988609314,-44.7006645202637
-16.2955722808838,-39.6141815185547
-32.1512680053711,-24.9703998565674
-40.0450820922852,-5.28564882278442
-37.0066375732422,14.8609027862549
-23.6697597503662,33.6523246765137
-5.8522515296936,46.849536895752
8.14434146881104,53.5951156616211
14.1475343704224,55.8884582519531
9.15353775024414,55.4533805847168
-2.19146275520325,50.2940406799316
-12.0792455673218,41.8227653503418
-13.027063369751,33.9821815490723
0.454284369945526,35.5266647338867
21.7797622680664,40.7237968444824
39.0425682067871,41.4549102783203
47.175220489502,39.399356842041
47.2088317871094,34.0740432739258
40.4315185546875,24.4651756286621
27.4205303192139,7.86250162124634
15.9387845993042,-7.00111484527588
8.155198097229,-13.2527446746826
1.98645031452179,-15.1646633148193
-6.11112689971924,-16.2091426849365
-19.3707599639893,-24.0829162597656
-30.5201435089111,-36.4961967468262
-34.1899108886719,-45.848274230957
-25.8476524353027,-53.9162063598633
-3.83051919937134,-54.9636077880859
24.1430435180664,-44.8048400878906
41.3202514648438,-28.5769081115723
40.5288047790527,-16.8496494293213
17.6801376342773,-15.6185302734375
-17.8008079528809,-21.9751720428467
-40.5194091796875,-27.4422416687012
-43.4052429199219,-30.438304901123
-29.5159568786621,-28.3906860351562
0.0490610413253307,-13.8646507263184
25.251823425293,6.08210802078247
30.4587650299072,24.1566123962402
17.3559169769287,37.8325347900391
-4.63846063613892,44.6921043395996
-20.603967666626,46.4952545166016
-22.8810253143311,45.1106872558594
-10.10511302948,37.8912010192871
13.5567140579224,23.3115100860596
33.6241416931152,1.46014010906219
38.3473625183105,-20.8058490753174
29.8547916412354,-34.5322914123535
15.7559013366699,-37.9333724975586
0.353865802288055,-26.973970413208
-7.91552925109863,-5.2628927230835
-4.64159202575684,16.1577835083008
4.85954856872559,31.355224609375
16.240665435791,34.9533843994141
23.5845813751221,30.3606433868408
23.4614086151123,21.4985485076904
13.8254013061523,11.9220418930054
-3.08834028244019,4.15306949615479
-21.203763961792,-1.57037091255188
-36.9870147705078,-5.40423011779785
-41.1167030334473,-10.6259956359863
-33.6028480529785,-18.1381797790527
-15.8918113708496,-27.4144744873047
11.3318481445312,-35.3080825805664
30.7293319702148,-38.9805641174316
39.1755561828613,-38.6567611694336
40.0807838439941,-32.4412498474121
32.2257957458496,-16.6358680725098
18.91042137146,8.45415687561035
6.87856674194336,33.2226753234863
0.133404284715652,45.9672737121582
-7.99235677719116,44.8200798034668
-21.7236022949219,30.0925807952881
-37.696834564209,5.86456918716431
-48.025333404541,-10.9205703735352
-47.6349296569824,-11.9894742965698
-33.7690277099609,1.32777965068817
-5.17771434783936,24.8651790618896
22.3728790283203,39.0068702697754
34.4863624572754,36.9202079772949
27.9038333892822,20.2697257995605
2.59856510162354,-10.5038642883301
-23.1958522796631,-35.2214431762695
-33.265266418457,-42.2261085510254
-24.1146507263184,-36.8118553161621
3.66767811775208,-14.7093353271484
30.6641941070557,14.0506649017334
39.9452896118164,27.9142723083496
31.2095031738281,25.274787902832
9.21637725830078,3.05013537406921
-11.8301830291748,-27.9184474945068
-20.3361148834229,-43.1691246032715
-16.0028762817383,-39.4939308166504
-4.23615980148315,-11.723292350769
5.23909282684326,28.5750293731689
8.67086029052734,49.9405899047852
5.64723920822144,48.8096809387207
-1.7002260684967,22.9014854431152
-5.12092876434326,-20.8407135009766
-4.18062686920166,-48.4693870544434
-1.13007414340973,-51.5030288696289
6.10277605056763,-36.5408744812012
14.4320878982544,-2.37246680259705
22.4624404907227,29.6771278381348
32.7516899108887,42.2046051025391
43.9359359741211,39.1150131225586
53.8389625549316,26.3451538085938
58.048397064209,11.6356086730957
54.027271270752,0.98435240983963
40.8091850280762,-4.63971328735352
18.8396492004395,-3.63406610488892
-2.14094042778015,2.62445259094238
-13.5412654876709,8.66626739501953
-13.0792560577393,13.4429340362549
-5.28168201446533,13.8327083587646
3.91590619087219,7.32178640365601
8.93182373046875,-3.74367070198059
5.16143035888672,-14.0537967681885
-8.39298725128174,-19.6809940338135
-26.127197265625,-14.5679979324341
-41.6206741333008,1.91296303272247
-48.6961097717285,19.4315128326416
-45.8701934814453,30.1635627746582
-39.3569755554199,28.1608295440674
-26.4773044586182,10.8092956542969
-11.2161893844604,-17.329195022583
-2.25472021102905,-37.5333671569824
-1.86077046394348,-39.4626159667969
-6.30236053466797,-20.5847606658936
-5.71028757095337,19.140905380249
5.66498470306396,51.4562644958496
23.1701736450195,60.1194000244141
39.4202346801758,54.3262329101562
51.3740081787109,38.1281547546387
55.1103744506836,17.7703266143799
46.1449356079102,1.27099418640137
23.9085941314697,-4.28375959396362
-1.66703152656555,2.29960584640503
-18.5365142822266,12.4043016433716
-24.3069286346436,16.3362827301025
-24.1672611236572,12.2924003601074
-23.3031597137451,5.2812647819519
-24.2271766662598,6.69213485717773
-24.6566181182861,22.8620281219482
-18.2686614990234,45.1616287231445
-5.12030267715454,58.7444381713867
8.39778900146484,58.8774261474609
19.7619972229004,42.2891578674316
26.7000637054443,-2.6916766166687
19.3887157440186,-46.9505805969238
1.11337244510651,-63.2624397277832
-11.6919765472412,-61.8438453674316
-21.8862342834473,-41.9674415588379
-30.0504093170166,-0.0455119460821152
-30.0681552886963,36.1494293212891
-28.3199119567871,46.923023223877
-31.3629493713379,38.3590545654297
-31.0502109527588,15.9026670455933
-19.5442485809326,-4.12425899505615
2.98813056945801,-9.1570873260498
29.0886039733887,5.45600557327271
45.3714408874512,24.9384574890137
45.8741607666016,36.465087890625
33.6853103637695,42.4728736877441
7.74767780303955,35.6295890808105
-21.1175422668457,14.1675758361816
-35.2673721313477,-6.70779275894165
-34.461727142334,-19.3283805847168
-22.9250774383545,-24.7908573150635
-8.59048366546631,-26.2050685882568
0.0413365364074707,-29.1009216308594
2.79647946357727,-37.3843040466309
4.68209362030029,-46.2042274475098
13.3218469619751,-49.0061340332031
29.8274440765381,-43.5672492980957
46.2917022705078,-25.1430530548096
52.7491798400879,-0.0762011930346489
40.8058433532715,22.6340503692627
11.7800779342651,34.6441955566406
-18.4505004882812,27.47731590271
-32.604923248291,4.11194181442261
-20.2263011932373,-24.3108940124512
8.9675235748291,-43.8682975769043
32.9437599182129,-48.1566467285156
42.7954254150391,-43.8490905761719
39.8722229003906,-35.7431602478027
18.6118812561035,-26.0914974212646
-12.0708951950073,-21.1004238128662
-28.6979961395264,-21.040714263916
-27.9213695526123,-23.8697624206543
-17.1010093688965,-24.9344921112061
-7.3710560798645,-18.0377616882324
-9.8190975189209,-2.25973081588745
-20.9759960174561,17.4851474761963
-28.2186584472656,31.8049163818359
-22.0010585784912,34.4318733215332
-0.291652232408524,26.0522480010986
26.6240711212158,7.86354541778564
38.9154281616211,-12.0022096633911
29.6587562561035,-24.6259288787842
-0.453240513801575,-27.5631198883057
-36.2241668701172,-18.7880821228027
-52.8855056762695,-4.04513502120972
-50.1048927307129,4.86748170852661
-28.9153251647949,7.892982006073
6.16812133789062,6.38816499710083
26.8353462219238,1.75951683521271
23.2810306549072,0.337999254465103
-1.25053465366364,3.9242570400238
-30.4001007080078,11.3554391860962
-44.3467979431152,16.847770690918
-43.7142219543457,17.1974601745605
-30.83225440979,11.0735988616943
-13.4757108688354,1.00397682189941
-1.76160454750061,-9.81826305389404
3.20566940307617,-16.2786617279053
5.38168334960938,-13.6302013397217
9.7971773147583,-6.60090208053589
16.828145980835,2.02945685386658
23.5449161529541,8.57879257202148
21.307523727417,10.6658706665039
9.7823543548584,10.7433242797852
-5.07228517532349,12.3111896514893
-13.2531623840332,16.8005886077881
-6.62073516845703,25.274995803833
14.6736354827881,34.2727928161621
37.7296104431152,35.487419128418
47.2610244750977,31.1990642547607
