I,Q
-0.00658930880326332,-0.168957278124212
0.159030207786731,-0.195277562076817
0.203246306714886,-0.0661517384201848
0.152280777136042,0.166296922341342
0.0845525348345315,0.375036364090961
0.0515567227521361,0.461362498690787
0.0155064306036566,0.403154872984529
-0.0645875437524577,0.256083957007118
-0.184192737316892,0.117265073040824
-0.289868024404413,0.0618163375624766
-0.291481476171951,0.10537967700393
-0.17632252037539,0.198319719432357
-0.0171075697833602,0.250578499261841
0.0668414592900443,0.218592629811621
0.00959452670818188,0.114025833298259
-0.163488761516675,0.0202482683324128
-0.356118290521165,0.00666320794992486
-0.437443915072147,0.104566789764889
-0.355810371223975,0.27351175192703
-0.156973354390751,0.406098502643503
0.0546358414908343,0.419819037765211
0.157084204797861,0.277428376331966
0.0978296818247434,0.0264927175443055
-0.0739603755513321,-0.205216941627897
-0.226893925671021,-0.298575767257569
-0.263042738767595,-0.216486512567357
-0.135382588830595,-0.0275026669249529
0.10663595912294,0.137464074150717
0.330894147438287,0.162306375170091
0.443860767507615,0.0227361955849368
0.402452815907182,-0.194735632751808
0.248804919741964,-0.376341923555199
0.0874961712419775,-0.415471320945432
0.0119346548238237,-0.308613661008272
0.0456448213873385,-0.12083683701083
0.144829316401895,0.0370232936429142
0.23116773322143,0.0753398172910511
0.242905324216529,-0.0232534862373314
0.187161012396952,-0.173551314185409
0.11710495878543,-0.290163607494114
0.103963287377998,-0.293821603444034
0.1824561124317,-0.177529538646117
0.30443838115443,-0.00997633671644239
0.397304541307377,0.131687651742935
0.401393602678251,0.180214526353129
0.293452111084962,0.154583963270384
0.106278782725939,0.0891958414924844
-0.0881119963394116,0.0469503673546321
-0.206608706078159,0.0544387759749914
-0.21547656318671,0.112178364754429
-0.134988464547382,0.198504479108838
-0.0172800016879431,0.285409443680578
0.0765591515238484,0.345550749665162
0.122068487205699,0.351745928280299
0.123004540813921,0.295348836728603
0.101918749944089,0.187665987087276
0.0865108537854719,0.0251625396528701
0.067346433980368,-0.141540826307992
0.0427504522024122,-0.271775127041838
0.0038920030252823,-0.311212443729261
-0.0546604734149761,-0.255147889901951
-0.104973236758645,-0.119974692671978
-0.121304870563414,0.0520863327408378
-0.0781849192534576,0.171445196941146
0.0126982756839038,0.227682174237447
0.122006900646872,0.219479419571559
0.226007135911082,0.19811034132868
0.283906855817095,0.192728056701056
0.296962288496142,0.201608223023206
0.26521045606763,0.200684492125527
0.220846538600735,0.147206398308663
0.18691467965859,0.0276135156449452
0.178231568729575,-0.122117751053982
0.176088510347571,-0.242154030284787
0.156000346147844,-0.285557262219319
0.0961792754225201,-0.240515933096162
0.00163808991292802,-0.135370266120052
-0.117523714992785,-0.0351758250990842
-0.216757477229862,-0.0027096223727212
-0.259495606721731,-0.0459896818222682
-0.247031340222087,-0.11668618908113
-0.20431784265436,-0.160803773809663
-0.171863953148501,-0.13694677674985
-0.19692796847904,-0.0589342877138574
-0.27595040689568,0.0137698082491418
-0.377487355267099,0.0201620532236804
-0.429019446095093,-0.0502019129365589
-0.381071441947649,-0.161998469369846
-0.209983414655031,-0.232350119568014
0.0470858463116481,-0.216190915980711
0.293255028697938,-0.105576739145536
0.441397494111768,0.055436409393568
0.437406960437462,0.194858805869462
0.28958472353442,0.257919109588877
0.0424918068762149,0.252992508809404
-0.209700140778928,0.190350974794289
-0.392328676679621,0.111402432150074
-0.459416455211083,0.052825320833217
-0.430177187020591,0.00509901665643398
-0.33848110400063,-0.0591190338933932
-0.208419226735776,-0.147748314136727
-0.0937036658191851,-0.235022784564484
-0.0254704505144691,-0.277600813297903
-0.0180313057423933,-0.23329849588678
-0.0758447919813748,-0.120923055493799
-0.17712309165236,0.0116390599242956
-0.281000153798917,0.106968503595798
-0.330290645051396,0.118496709738747
-0.278327488802448,0.0691692706000562
-0.130123450326736,-0.00351019259524227
0.0610896688064044,-0.0399176628278404
0.195154388959163,-0.0139791880399375
0.204822817344684,0.0448073022241559
0.0709797912576735,0.103113445504272
-0.15145557393493,0.110995985156317
-0.346215852107825,0.0743298679104036
-0.415631448697771,0.0403856896319515
-0.338678159393765,0.0588973398276447
-0.135850608886234,0.134791395657303
0.0953663949319517,0.2395429383502
0.251329793193583,0.286456347695911
0.285335561405098,0.217102337664791
0.211153478291072,0.0268498939413061
0.113693295573873,-0.209207475302203
0.0486130897189263,-0.380800477285144
0.0476647201486333,-0.411308350305189
0.0915113368404254,-0.284695104383522
0.112338479009823,-0.070290070387814
0.0873730048727962,0.133091725406796
0.0231426392044572,0.221326881366917
-0.0318626963325667,0.164486401683724
-0.0310621250555968,-0.0069341700817521
0.0180436217044642,-0.194784896600092
0.0937036658191851,-0.313207724063358
0.12815282891067,-0.328307700924786
0.0905506513080615,-0.25576372849633
-0.0242264877317661,-0.147945383026806
-0.160963888065057,-0.0573454611219886
-0.259150759783746,-0.0237584609276551
-0.270826750723073,-0.0624075307357689
-0.201275671801874,-0.152009812473538
-0.0996894730791166,-0.266897817104538
-0.00230317896409058,-0.385887178823066
0.0624567945840525,-0.444562824584963
0.111020617080459,-0.427910969017879
0.154928823705314,-0.303280640228932
0.211978681492184,-0.0913019587367478
0.251218956283417,0.168304498392093
0.216745154519318,0.382401619839084
0.119826887630183,0.468555290479083
-0.0251009564682795,0.403955430764554
-0.163464129592534,0.204650393875691
-0.23695646484281,-0.0702161678669163
-0.210820940566686,-0.31235787544116
-0.113102102400581,-0.43277596974158
-0.00242634364615379,-0.432529623506273
0.0449427811811719,-0.347225801488472
0.0161222540139726,-0.243287152783088
-0.070561028301846,-0.180152939794302
-0.142489189129812,-0.179044462717088
-0.147908428392121,-0.216400294084389
-0.100761002270118,-0.254926189087731
-0.0228963098403308,-0.245023750674391
-0.00352250918998245,-0.180990465705957
-0.0607571243335456,-0.0741820696170806
-0.165496351064372,0.0410015147293856
-0.264865582135756,0.12544319578257
-0.288944266512844,0.165545614912655
-0.214072489522849,0.179623333179837
-0.0743668157966163,0.188515822212529
0.0769532758070617,0.202211725410096
0.180842660664162,0.24358273587279
0.210845572490828,0.284424139721017
0.197445252382962,0.299598025851815
0.179709551662806,0.270851396144159
0.188121697929316,0.193836533778271
0.201805291913285,0.0838874458888138
0.199834657000273,-0.0296826799416417
0.129569211788129,-0.101179765225946
-0.0117499078007289,-0.125283081527177
-0.170890958402538,-0.101610837395372
-0.287355460166393,-0.0435879713655948
-0.307431301655577,0.0116390599242956
-0.228187148927771,0.0520740167787669
-0.0785544183610015,0.080611265008509
0.100145177172684,0.100810266118402
0.243619690507475,0.121218652080445
0.331743996060485,0.133695227793687
0.354825040270525,0.116390592494484
0.321127191356199,0.0549560700016222
0.251563803221402,-0.0526159393553033
0.167553190963407,-0.159116412772754
0.0941593766612252,-0.207963515893736
0.0507931027356151,-0.166469345810334
0.058355410502636,-0.0173908487208174
0.100120545248543,0.187345758576488
0.139336167870216,0.355785725802889
0.138954366297546,0.428181906686494
0.065930037605964,0.387845504522479
-0.0820030294587712,0.264693145169818
-0.230502657772657,0.133682918580089
-0.304573863485682,0.0756969936880517
-0.279115737368875,0.105416624890142
-0.149903695229274,0.187678296300875
-0.00114543129012008,0.243262507362002
0.0661394224581139,0.218949799460149
-0.00416296515710954,0.125393931934287
-0.176999918534707,0.0328480137890723
-0.357349940716033,0.0169474572150843
-0.434857441564757,0.109788973634063
-0.348420497048655,0.279916322142789
-0.141208275086661,0.415249620131212
0.0771010741003848,0.429820003875118
0.168871059641244,0.27678791931039
0.0861290454643295,0.0157158103944523
-0.102670057372775,-0.214639037275055
-0.248952711286815,-0.298575767257569
-0.242141721071189,-0.198713857212515
-0.080759063301832,-0.00183515342531812
0.130320519216815,0.143708516614137
0.252327433360631,0.135050037609264
0.238964054390506,-0.00926198223532304
0.129643121057499,-0.171014118023247
0.0248053615687514,-0.213493605563155
0.0127721748305653,-0.0826804343665597
0.0779509092256382,0.156702389728246
0.154854914435944,0.375184182629701
0.171703838893107,0.459749019929359
0.0793549896379713,0.40131972040277
-0.0888756129816964,0.25325116425831
-0.248583218927743,0.120331862320507
-0.315929652908111,0.0679868910019439
-0.269213298955535,0.114198270264197
-0.134003147090876,0.203566535225674
0.00702038519048454,0.24937146749417
0.0618040216004057,0.211584557208971
-0.0143486829296861,0.114924932271796
-0.183453752598749,0.0306803167344544
-0.344700928036854,0.0223420679274873
-0.415385102462464,0.121735949481312
-0.340119201189255,0.28204705781425
-0.14593779347911,0.412934138280215
0.0594146304800394,0.419683555433959
0.161862987038594,0.269028552775999
0.105502843373111,0.0257290958406664
-0.073344550453898,-0.200549009794275
-0.237683140347354,-0.289978861314578
-0.268683705838014,-0.212717679707272
-0.13610926433514,-0.0303354529252885
0.107067031292366,0.129618475636412
0.340303947368791,0.149164710511131
0.443084855148677,0.00763620860080056
0.393240098363701,-0.212077222685696
0.235466186192925,-0.38273415756347
0.0749087451216251,-0.420767414083977
0.00205684981085394,-0.307074118510104
0.042307057322443,-0.116181214390806
0.147711372998987,0.0303724041857374
0.230687403952193,0.0616808619796968
0.241156390117738,-0.0332544574085927
0.176334829588989,-0.184894780897295
0.107325679992799,-0.298551121836483
0.0934080759810113,-0.29956107121713
0.17255367401836,-0.18831875332245
0.30573163140507,-0.0266405141505105
0.40452197851676,0.116242800949633
0.41031073713203,0.166838838169406
0.297036197765512,0.143388288103349
0.106389626384577,0.0883706382913727
-0.0903782210905967,0.050485190186898
-0.205894353284158,0.0627277592465569
-0.215230230448347,0.119001684429071
-0.128867181704671,0.206842716105978
-0.00431076302865309,0.288082135670937
0.0867818184479762,0.342570165371504
0.134926877988555,0.349405801008216
0.135505748451304,0.295053253638902
0.111045249004601,0.180547064077516
0.0871020402102918,0.0210734715335245
0.0629248213881635,-0.148376461944704
0.0344614689308468,-0.275137512908167
-0.0116513758863665,-0.31197607386849
-0.0616685392691535,-0.256404185517906
-0.107559690020618,-0.114370693733189
-0.117523714992785,0.0496107231375028
-0.0721129070075022,0.175201720587633
0.017452431905408,0.22705402642947
0.126440835949619,0.218506411328652
0.230625803896421,0.190806685636329
0.295028608217815,0.180091353235476
0.301470133068259,0.193343868301546
0.274016726617354,0.189045428826995
0.230638140103909,0.142957209185451
0.190511089049683,0.0204822817344684
0.172110285886863,-0.132094085239747
0.164437124338496,-0.252573752602049
0.141971891728945,-0.294523633527492
0.0886169710297353,-0.239444410653633
-0.00474183899409478,-0.130456001548067
-0.122019223357415,-0.0341781916805077
-0.214959265785843,0.00057887388970769
-0.264015760507447,-0.0365675861751102
-0.252967890382207,-0.111254633856751
-0.206744188409411,-0.158623760792974
-0.183773981109537,-0.132697601123583
-0.198861648757366,-0.0549191187411734
-0.272945177180935,0.016996722750486
-0.373176593082005,0.0306926326965253
-0.428452871348998,-0.0394003721754458
-0.387746976825912,-0.151443264721332
-0.217853645093478,-0.225723862034979
0.0396590175016431,-0.215328758144914
0.297257898579733,-0.116070363983696
0.447124652671266,0.0366414853217718
0.445843738628114,0.175879132243893
0.297245589366134,0.253916239707083
0.055584207686891,0.248891138224933
-0.196644681105992,0.194932701641887
-0.382438574473769,0.125935861259296
-0.45997069374969,0.0738248932200799
-0.435153051648348,0.0190905206584423
-0.341129150569903,-0.0516306218987976
-0.221955029174894,-0.136872880977425
-0.105539791259324,-0.230539612407342
-0.0387599151538699,-0.271294770778712
-0.02548276647654,-0.234776465323066
-0.0836780677851363,-0.117055681440202
-0.179487850848585,0.0191274702317731
-0.277058883972895,0.110257000438174
-0.325031533541426,0.128916445552954
-0.274373909762827,0.0733199185297562
-0.128904122842411,0.000775937296652912
0.0565572091813258,-0.040299474523219
0.195462308256352,-0.0199403574708139
0.208628604839454,0.0417897666700484
0.0709674752956026,0.0983346565150671
-0.14859814926198,0.114814095361631
-0.337705164647802,0.0868803461445434
-0.415840813304504,0.0528622687194297
-0.336830697598407,0.0672971701320844
-0.133670595869545,0.144139595532036
0.104603737651101,0.232054536478313
0.266996344801106,0.271873654738405
0.288611728788458,0.203874454522863
0.211917108430302,0.0213937000443125
0.104480578030393,-0.212643770437902
0.0339934455009719,-0.382106009755493
0.0369493978704888,-0.41167786965815
0.0807836952259738,-0.283882210396009
0.110466378541852,-0.0715217138342098
0.0923858038898206,0.130763907348312
0.0361611425555899,0.224787808426757
-0.027798261824481,0.16250344406017
-0.0340673446476335,-0.00321459748482444
0.0117129582273981,-0.197790112817892
0.0776060487907085,-0.316705592260939
0.116526074825736,-0.327482497723674
0.0808822296710133,-0.252352051787829
-0.0293255035446411,-0.137537969923142
-0.162257111321807,-0.0509409010289381
-0.260382382984724,-0.0150014542262148
-0.268400404968022,-0.0527883695727681
-0.208690191398281,-0.147563567957191
-0.107941505090233,-0.261232231606922
-0.0113804137545393,-0.381650325907342
0.0457556684202127,-0.447949855872378
0.0923242240794661,-0.430448151683096
0.143967158566098,-0.313564880214942
0.210648503600749,-0.0986425690637841
0.248706392045397,0.159880042911984
0.230761286227673,0.369136795559415
0.138326218489569,0.463739580597555
-0.0109986037462788,0.403795330006105
-0.158537542310005,0.201903819609852
-0.236168216276383,-0.064242683317528
-0.216880636850571,-0.303760996492059
-0.126958119853542,-0.433133125893164
-0.0199526734328848,-0.436704903360115
0.0337594320989164,-0.351450345190598
0.00458172516048033,-0.24365664514216
-0.0774582504973854,-0.180694869119311
-0.151172300058827,-0.173686796516661
-0.15850058767532,-0.215784468986954
-0.105453579524827,-0.251416011676551
-0.0378854481044747,-0.24365664514216
-0.00979158969334758,-0.180682546408768
-0.0605723781540098,-0.0686396639855907
-0.168587772268196,0.0473198597137036
-0.255628246165078,0.129483006802105
-0.278721599588717,0.173711428440803
-0.210747044794261,0.185756925236147
-0.0673956978286516,0.188047788659946
0.0842815701720271,0.203295584060114
0.186360441119982,0.237264384139999
0.217656576203399,0.279497538941545
0.20686734803012,0.293636857264498
0.189242484220129,0.263104338823367
0.197937917859687,0.186409704968266
0.214885370013417,0.0732829706435436
0.198997131088618,-0.0296949992779488
0.125529414265539,-0.101401459291694
-0.0142870997450955,-0.129138146367175
-0.171063381871531,-0.0947875177207302
-0.284350230451647,-0.0377499657732225
-0.310645895977055,0.0211350547181152
-0.224861704199183,0.0610527209201918
-0.0750072728181922,0.0868557142204016
0.0975587239107114,0.0989627975745721
0.249950351453864,0.112412381530721
0.334478261112726,0.120196379989254
0.358643163972783,0.100687106497693
0.32972409729919,0.0416542843387962
0.252906290326436,-0.0570991351320983
0.1617028727832,-0.159880042911984
0.0863753714542197,-0.210993364035679
0.0475169218553102,-0.169191288152032
0.0519262184854438,-0.02208342260129
0.103741586563777,0.182505389776929
0.159522859766511,0.351955319880921
0.151073758865315,0.423452388294045
0.075660045801839,0.385764005705413
-0.0693909646658046,0.268252613423171
-0.226031767835224,0.146467400093575
-0.305472975956164,0.0872867931382999
-0.270962233054325,0.114801772651088
-0.142772463005915,0.190979109105321
0.00364567366115589,0.244235502107964
0.0742067015412224,0.218309355935518
0.00348555961665168,0.128522321269741
-0.174881492076845,0.0345107361533665
-0.351930674459835,0.0200512061908062
-0.425669369442363,0.120405771589877
-0.336264149846201,0.287958962553283
-0.1262068259218,0.423624825259982
0.0832100409810252,0.433724319066456
0.177899031005188,0.272169264821996
0.0943564388028319,0.0106167928944592
-0.0972754432861361,-0.221437731774027
-0.250135097633399,-0.288759520333309
-0.260049845260338,-0.180460845594547
-0.102645425448633,0.0127968075982661
0.126576318280872,0.142563084902238
0.280950889950634,0.091437441068
0.283401881126772,-0.102830171628169
0.136922144825708,-0.317678587006902
-0.0722483893387544,-0.384655528628198
-0.244124665197798,-0.274189163583291
-0.29704850697911,-0.0608556587785851
-0.230588876255625,0.136306319728274
-0.0993938764924704,0.18862667261964
0.0411246777243307,0.110072254258638
0.104800806541181,-0.028882112038908
0.0723099691491088,-0.11714189992317
-0.0411739449468504,-0.0888017172092711
-0.186902356948046,0.0338825950938615
-0.272033782490744,0.179771124724688
-0.249297585218689,0.287971271766882
-0.112966620069328,0.297134725462079
0.0760295381609105,0.229985346874845
0.217558048506831,0.132438959171622
0.245910553931274,0.0500294827190941
0.148708999669091,0.0233150694219221
-0.0149152391174824,0.0355699527565337
-0.159177999331581,0.0752782374806966
-0.21718855614776,0.104960920796574
-0.183552280295316,0.110010667699812
-0.0985933052155006,0.0908708798188495
-0.0159251901852479,0.0509039531427255
0.0354344704252815,0.0134249469706531
0.0503004440073622,-0.0255936151965323
0.0684672337681258,-0.0386860193814446
0.110934405345963,-0.011269565878106
0.193171444832553,0.065462010801853
0.264976446039811,0.177492584011432
0.282527387083487,0.301507060709055
0.23420991757086,0.389803803228002
0.12334940124885,0.381847381300477
0.0100625518251748,0.276504645434287
-0.0336362657297351,0.0866340201546532
0.0191890534163638,-0.106906917036972
0.149829799456849,-0.207150635403168
0.295964675322982,-0.17865032493693
0.383103649922542,-0.0248176775308223
0.364678214835581,0.160249535271056
0.246834284828953,0.271245506930428
0.0697481410628052,0.257438753325751
-0.0906122378668884,0.112055205133721
-0.177024563955793,-0.0967581526337415
-0.157502961005216,-0.29408023189905
-0.0519631663716565,-0.401504466582306
0.0964256081608827,-0.395013677883578
0.234702556053696,-0.319402902678495
0.338604277118284,-0.207101371554884
0.385813269553696,-0.116378283280886
0.368902758537707,-0.0785544183610015
0.308010158621381,-0.115971836287129
0.204995254310621,-0.185621456401839
0.0757708962089494,-0.240947025511005
-0.0424794875399078,-0.234801083750263
-0.125196876541153,-0.130209668809705
-0.158377428054611,0.0655974931331051
-0.131490582852856,0.300989776805133
-0.0656467637298611,0.478876512093667
-0.0100625518251748,0.521491441473993
0.00904028563889746,0.375356592601749
-0.0427997160506958,0.0706102988986019
-0.140629404623912,-0.25325116425831
-0.239235019053011,-0.450092900757437
-0.294905435100162,-0.420853632566945
-0.285360179832295,-0.184032623061498
-0.198689225288374,0.122745898861959
-0.0558059051268757,0.340870495120997
0.0752782374806966,0.346425216714558
0.16494209902882,0.150420992630141
0.194957333566029,-0.126465467873761
0.174253357765812,-0.327334706178824
0.140173693781871,-0.332138133840643
0.140949633134699,-0.161345703134672
0.14901691896628,0.0744284023554432
0.16467114786326,0.208406917522178
0.15465785904281,0.150765853065071
0.0950707983453055,-0.0717926784967142
-0.0068725877407205,-0.308268814070287
-0.115294438127813,-0.400346698662918
-0.172849270605006,-0.312542621620696
-0.152650269495113,-0.0934819717534366
-0.0402009434524157,0.11710495878543
0.118730719766567,0.199945493910439
0.271134670020262,0.127179820667762
0.353778163249082,-0.0245097666692233
0.333997904849599,-0.136047677776313
0.227682174237447,-0.120627458907153
0.0490564812246593,0.00795643626802946
-0.148770586227918,0.17331730415759
-0.323799883346558,0.235527759254807
-0.444846098461066,0.142119696770741
-0.497720676394094,-0.0569267049146335
-0.488138493485431,-0.279263528913725
-0.427947896658674,-0.386502990423556
-0.335906966700728,-0.349134836345712
-0.22183185605724,-0.220723378980026
-0.127118234108936,-0.0889125608679091
-0.0598826572841504,-0.0240786894384431
-0.0425533866865694,-0.0280076416152766
-0.0725070312907155,-0.0491673282575335
-0.111734976622933,-0.0516183059367267
-0.143917894717815,-0.0165779631688947
-0.138289277351829,0.0118730724827921
-0.0888509810575547,-0.00566557410956882
-0.0107399575765224,-0.078763796464679
0.0890973137959172,-0.180152939794302
0.185781570657233,-0.225391310813648
0.26590017693749,-0.173144867191653
0.322518969303406,-0.0259877411668637
0.337692855434204,0.15857449694469
0.318787064084116,0.271787436255437
0.259557179783613,0.256933778635427
0.170940222250822,0.147267971370545
0.0614714771275469,0.0259631092427219
-0.0341166084959171,-0.0229948409111341
-0.0994185084166122,0.0197186617179473
-0.148327198096421,0.0853777380356431
-0.183121201377418,0.0792441392308609
-0.221388467925744,-0.0440683141317767
-0.279842412873419,-0.240281923068343
-0.350846842803707,-0.40322875526001
-0.389434310868931,-0.425139749330953
-0.375935476561443,-0.271799745469035
-0.3079362763459,0.000123164655701984
-0.195573158663463,0.247216086401623
-0.114678613030379,0.343690978656206
-0.0972631273240652,0.256749032455891
-0.156000346147844,0.0654127469535694
-0.256182484703685,-0.0751797030356571
-0.31814660706254,-0.0627031273224151
-0.306076478343055,0.108335629373446
-0.21143676566412,0.311705109205986
-0.0644766933453473,0.400063424786815
0.0588480692308888,0.291727795413369
0.0952432285627704,0.0230933719819374
0.0303231369632176,-0.268646751203329
-0.103655374829281,-0.437530106561226
-0.221930383753808,-0.403943121550956
-0.274115254313921,-0.215919951318207
-0.226610651794918,0.0207778766339964
-0.101943381868231,0.165865843423443
0.0431568958219326,0.154879546360086
0.172282722852801,0.0363089408489129
0.247166822553339,-0.0806482128947216
0.275839569985514,-0.0929893130251838
0.265826267668119,0.0175386470141404
0.225292783117081,0.187629032452591
0.163033050674635,0.308404296401539
0.0724947153286446,0.31647158223312
-0.0300644916370203,0.23055192162094
-0.10642657427079,0.110170781955206
-0.135025405685122,0.0438835645780048
-0.0908585638567786,0.0850328776007134
0.00364567366115589,0.215809100911096
0.115380643113837,0.363951539331037
0.182813295577173,0.455278129991926
0.160828405733805,0.432849852017061
0.0808206431121865,0.310633586763456
-0.0264680839330456,0.132549796081787
-0.11664924794339,-0.0292885556584284
-0.156098887341355,-0.114358384519591
-0.151270827755394,-0.10988750133063
-0.126022079742264,-0.0296211001312872
-0.12864548089045,0.0897624027416349
-0.159214953966266,0.201866864975167
-0.188220225625883,0.277650077146187
-0.178280832577858,0.302098253882347
-0.118878524808362,0.278450661920102
-0.0258399445606587,0.212927057810949
0.0747116762315461,0.121760581405454
0.12830062045552,0.0207901942831854
0.132426636461079,-0.0774213026111727
0.0932972255739009,-0.180522432153374
0.0621735207079496,-0.29080406451569
0.0768424253999513,-0.37603400425801
0.13649106590781,-0.414054924571028
0.214072489522849,-0.366685804383277
0.245651898482368,-0.226733824912572
0.204071509915997,-0.00447087686226755
0.0893682717099493,0.213000953583375
-0.0518400033767113,0.335660620465421
-0.162318697880634,0.323836837981243
-0.191668829975181,0.176876758913998
-0.136688134797889,-0.0410384626155983
-0.00416296515710954,-0.24494986839891
0.145198808760967,-0.355970471982424
0.278906345768252,-0.361217301272685
0.371218267382592,-0.316841074592191
0.400703881808391,-0.279399011244977
0.361623748266442,-0.296001602963778
0.254864616025849,-0.338382576304063
0.103335146318493,-0.368299256150816
-0.0793673056000422,-0.326546457612397
-0.220218404289702,-0.189747472407398
-0.278253579533078,-0.0183884821393939
-0.237757049616725,0.119666773374789
-0.105256510634748,0.157995612984997
0.0303108210011467,0.0915113368404254
0.114493866850843,-0.0176494957341328
0.0903535891664549,-0.0987534194708945
-0.0374051053382928,-0.0796505794761451
-0.185990948760911,0.0303970361098791
-0.275617869171294,0.173341936081732
-0.24487595912954,0.284153175058513
-0.0995170428616517,0.312567267041783
0.0936790338950433,0.240774588545068
0.229098570611851,0.128214401972552
0.24159979174618,0.0366168500233938
0.136010723141628,0.00434771218020434
-0.0219109923838251,0.0368385474633784
-0.149731271760282,0.0846264306069568
-0.20118946681585,0.121120124383878
-0.173070971419227,0.116636925232847
-0.107017767444082,0.0858457648397542
-0.0382303085394044,0.0483174931322801
0.0270839073433616,0.00468025665306318
0.0775814168665667,-0.0167627093484305
0.116476810977453,-0.0217631940905021
0.127524681102692,-0.0147058593266868
0.0865601176337554,0.00995170394874156
-0.0129076554746994,0.0536628399963995
-0.153081348413012,0.10273163718313
-0.2690162435624,0.158475955751179
-0.308946225726548,0.2047735534964
-0.228704432831693,0.229985346874845
-0.0571114510941692,0.228137885079488
0.117363600737391,0.206251522932686
0.211621511843656,0.182283688962708
0.169339079696882,0.169868686311348
0.0326263163490877,0.219343937240307
-0.100182131807369,0.318195870910824
-0.143856321655933,0.415569848641999
-0.0516306218987976,0.461140770882676
0.132611382640614,0.385222076380404
0.289831069769728,0.188922269206286
0.322198740792618,-0.0619887677799415
0.199132613419871,-0.261219922393324
-0.0324785180557646,-0.318306734814879
-0.267932384912383,-0.23215306417488
-0.371797151342286,-0.0701422720944909
-0.31570795209389,0.0598087547632527
-0.125825010852185,0.0947628857965884
0.107030083406153,0.0348555965882963
0.274817284397379,-0.0736894108888278
0.319255111133644,-0.163033050674635
0.264742436011991,-0.187616723238992
0.185609133691296,-0.173600578033693
0.16086536036849,-0.149608098642628
0.224098087556898,-0.148080865358058
0.341067550514131,-0.191053004877747
0.441668458774273,-0.239050272873475
0.458837598245279,-0.2644468259284
0.367609535280956,-0.247487051064127
0.182480757852787,-0.183342902191639
-0.0140900367599298,-0.116144273253066
-0.153364622289115,-0.0731721202364331
-0.195018906627911,-0.0671493718387613
-0.151886652852829,-0.0503373952678111
-0.0661763703443266,0.00201990023752317
0.0163562657289101,0.0838997618508847
0.0657206595022864,0.178293155288402
0.0950461664211637,0.212459024258366
0.125738792369217,0.166752619686437
0.165225386401867,0.0545249910837239
0.210315965876362,-0.0706841946710273
0.231475652518619,-0.132648337275299
0.19392275226124,-0.0916468191716776
0.108163199155982,0.0526159393553033
-0.0203468010903343,0.221240662883948
-0.147095547901553,0.31075673288722
-0.224467579915969,0.273807335016732
-0.236242125545753,0.0980267507148224
-0.186409704968266,-0.155680117637056
-0.0888386650954838,-0.377204081390996
0.00541924474544241,-0.496107251620445
0.0672971701320844,-0.514742051314139
0.0798722802903659,-0.463973563631484
0.0298920614195554,-0.38890471775141
-0.0496476710237155,-0.344429963374349
-0.120750632024806,-0.340932068182879
-0.15050721111311,-0.357645523805734
-0.107916873166091,-0.379470299393709
0.0171198874325492,-0.364973824919172
0.180633282560484,-0.298317111808663
0.311187825302064,-0.202026979230561
0.336953870716061,-0.0885184365846958
0.216621994898609,0.023622980283521
-0.0330943431531987,0.0875700670144029
-0.327482497723674,0.0912650108505351
-0.544190711105252,0.0412724760176538
-0.598912777827528,-0.0503004440073622
-0.47444254979703,-0.138769620118011
-0.212101854609838,-0.191323969540251
0.0699821578390969,-0.158303532282186
0.24320093430012,-0.0426396017953018
0.255849946979299,0.120134806927372
0.142932577261309,0.270703604599309
-0.00567789049341923,0.353593417069546
-0.0578258038881705,0.334330442573986
0.0327617986803399,0.253522128920815
0.245504106937517,0.13279612882015
0.48434498821037,0.0198664583241523
0.630701537896835,-0.0445609728600295
0.63408856918425,-0.0859319765742504
0.498336514988473,-0.116944844530036
0.316422318384836,-0.142612348750521
0.183971049999616,-0.154633227118668
0.162023101293988,-0.137020672522275
0.230810550075957,-0.0573577770840595
0.302085944668749,0.080180192839083
0.303551604891436,0.244087710563113
0.195376089773384,0.374519080187039
0.00697111923330335,0.405248654021304
-0.185621456401839,0.347188846853787
-0.286973631599833,0.218728112142873
-0.263584668092604,0.0681839531435505
-0.141848732108236,-0.0474553420449558
0.000825203201111658,-0.104887018275677
0.0961792754225201,-0.122844426558527
0.108581962111809,-0.124125340601678
0.0499678995345034,-0.126834960232833
-0.00963147628151265,-0.131773856728959
-0.0505467733714887,-0.120960010128484
-0.0485022393118159,-0.0759679583505561
-0.0340057614630428,-0.00348555961665168
-0.0393387889908552,0.0797614298832555
-0.0772488723937079,0.13081318469354
-0.151591056266182,0.132537486868189
-0.208948833350242,0.085710282508502
-0.237720094982039,0.032281455914158
-0.223038874327967,0.00684795497301967
-0.193048285211844,0.0219725738812977
-0.183281315632812,0.0519878016700344
-0.223925664087905,0.0716941440516747
-0.297627390938804,0.0343259899738308
-0.3589017924278,-0.0377253338490807
-0.349208745615082,-0.113779514056842
-0.273376269595778,-0.154916500994771
-0.151283150465938,-0.111968986650752
-0.0294240346154444,0.00791948753825773
0.0124642631254073,0.159892352125583
-0.0386983353435155,0.286579520813565
-0.143807044310704,0.327039096095233
-0.255320326867889,0.271048451537294
-0.302997366352829,0.161530449314207
-0.259187687424541,0.0345476840395792
-0.15591414116182,-0.0553994615073553
-0.05326871233895,-0.089873246400273
0.00315301514379283,-0.0763744053443126
-0.0312222393109908,-0.0369493978704888
-0.108951454470881,-0.000197063446487052
-0.187074793913984,0.0240417398651123
-0.218297033224974,0.0552147153278195
-0.170484511408782,0.0990982799058243
-0.0640702531000631,0.170016491353143
0.0743175519483328,0.238200451245166
0.192912802880592,0.286579520813565
0.282084012448935,0.277650077146187
0.308490514884508,0.201571268388521
0.288414673395324,0.0787022166543245
0.218863594474125,-0.0591806137037477
0.113015883917612,-0.163833621951605
-0.0244358675225618,-0.221548582181138
-0.172368927838825,-0.240491314668965
-0.279977895204671,-0.231512607153304
-0.320548334390395,-0.223285207066329
-0.277785559477439,-0.211116537153332
-0.164634193228575,-0.164498710897323
-0.0125504782341397,-0.0758078440951621
0.114690922243977,0.0740589032478993
0.163574979999644,0.240072531467721
0.127339934923156,0.373324384626856
0.0204207002369958,0.417207945830624
-0.112215319389115,0.330697092045152
-0.216929900698854,0.160742187250836
-0.267501319491429,-0.0389446647076419
-0.234505500660561,-0.181766391561841
-0.160126362153402,-0.18866361375738
-0.0631957860506679,-0.0772858202799206
0.0272932871341573,0.10329819843228
0.0803526230565478,0.256712077821206
0.0925459181452146,0.299610335065414
0.0648954563011748,0.22206586608506
0.00229086258024017,0.0648831403391039
-0.0738372091821508,-0.0873606889107253
-0.152219190577215,-0.170780107995428
-0.218198505528407,-0.163821312738007
-0.240072531467721,-0.0805373692360836
-0.204736598861715,0.00894175372453509
-0.120011633809719,0.0555718917248201
0.0052960800633792,0.0436741864743272
0.126563995570328,-0.0167257597750997
0.19845520176361,-0.0791332888237505
0.185880098353801,-0.114469234926701
0.0736155151164024,-0.112868085624289
-0.109604227454527,-0.0669769416212965
-0.301310005315921,-0.00921271585636233
-0.437456224285746,0.0580967685506749
-0.464478565315698,0.129002664035923
-0.374174206255164,0.188429603729561
-0.18737039050063,0.221080548628554
0.0280322752265365,0.178564119950906
0.207507805051696,0.0395112225825562
0.295164090549068,-0.171999435479753
0.275470077626443,-0.386835555141832
0.207199899251451,-0.526220986860332
0.147699050288443,-0.534509946512244
0.143412920027491,-0.396996622010188
0.209687818068385,-0.162331020591177
0.293994040409971,0.0810916077746909
0.334010214063198,0.240959334724604
0.263338348851186,0.272994468023108
0.0950584823832346,0.218050700486612
-0.117117267999029,0.148832172786745
-0.29004043437646,0.118644514780543
-0.328073690896967,0.154374571669762
-0.233741870521332,0.21711464687839
-0.0494998761046286,0.24815215350679
0.137501015288457,0.231377124822052
0.220501678165805,0.181914196603636
0.175398789477712,0.159806133642614
0.0388091823763897,0.206904302664805
-0.100416141835189,0.314500947320109
-0.133214885027505,0.431618201822193
-0.0384520059793891,0.475489480806252
0.141245229721346,0.390136367946278
0.298735868016019,0.176310197664847
0.32774115317258,-0.0820522933070547
0.198898603392051,-0.266614516234546
-0.0572223015012796,-0.30946350963047
-0.290841019150375,-0.21216342767172
-0.381071441947649,-0.0544387759749914
-0.298846704926184,0.0616808619796968
-0.0870404603999374,0.0864000033783615
0.122253233385234,0.0252980202970042
0.235577023103091,-0.0682085850676923
0.255418854564456,-0.142292120239733
0.23695646484281,-0.187050161989842
0.242449613374489,-0.205487906290401
0.270568122268057,-0.198011813632113
0.253842357431603,-0.168205970695526
0.118472077814606,-0.112584811748186
-0.118977052504929,-0.0146565937912851
-0.348851562469609,0.0954033428181643
-0.473247854236847,0.191422510733763
-0.452556201147173,0.245491797723919
-0.345439912754997,0.238422125065497
-0.218260078590289,0.187345758576488
-0.131108767783242,0.0976203037210658
-0.0926690845143959,0.013745175481441
-0.0514828269797107,-0.0564586781105225
-0.000480342133512639,-0.0967335207095997
0.0514705076434036,-0.138067576537608
0.0644643773832764,-0.1730093848604
0.0238200441122458,-0.200216458572943
-0.0388830815230512,-0.226191882090618
-0.0670138895075091,-0.223937973301504
-0.0116513758863665,-0.207815724348886
0.140493922292659,-0.167836478336454
0.332384453082061,-0.113619399801448
0.479874098272937,-0.0513719765726003
0.499777556783963,0.0193614836338286
0.379063852399952,0.0837642795196325
0.149989913712243,0.124827370685136
-0.0839613416612392,0.137217741412354
-0.199305036888863,0.111279265780892
-0.135062360319807,0.0496476710237155
0.0787884283888208,-0.00991475437541078
0.31898414647114,-0.0460019977843391
0.451262977890423,-0.0332914052948054
0.396553247375636,0.0286850465230652
0.167196021314879,0.104911650199819
-0.134175570559869,0.149189342435273
-0.321989349191996,0.127684795358086
-0.292035714710558,0.0243003868784277
-0.0768916959967072,-0.122450302275313
0.21791521815536,-0.242154030284787
0.40909139615076,-0.287355460166393
0.393597281509174,-0.24846004581009
0.190338652083745,-0.139545559470839
-0.0966226703024893,-0.0200265725795463
-0.291580003868518,0.055300930436552
-0.313281606338839,0.0493643937733764
-0.164929789815221,-0.019312218098427
0.0536382080722577,-0.114715554168119
0.18565839753958,-0.199625265399651
0.158968621227904,-0.233532505914599
-0.00495121920666995,-0.225231196558254
-0.193811901854129,-0.174696745897309
-0.284399494299931,-0.117806988868888
-0.213826156784486,-0.0622104685941623
0.00439697813738553,-0.0314193048268336
0.269939974460079,-0.0263079696776516
0.461276280207818,-0.0407059181427394
0.53407890808518,-0.0682209010297632
0.469725367612069,-0.101820222247522
0.31388510872573,-0.124347041415899
0.132734542261323,-0.105416624890142
-0.0171075697833602,-0.0562369806705378
-0.115035782678907,-0.00658930880326332
-0.150839748837496,0.0135604284583462
-0.137956726130498,-0.0350033948816194
-0.104529841878676,-0.13645412477007
-0.0633682162681328,-0.254704515267399
-0.0348186487020836,-0.332864782351298
-0.0364197878817872,-0.321225746046656
-0.0751304391873735,-0.216683581457436
-0.136564961680235,-0.0653142192570022
-0.199206509192296,0.0631095675676993
-0.249334512859485,0.109554956857771
-0.265789313033434,0.0685780774267638
-0.25370687510035,-0.0130554529244634
-0.236143597849186,-0.0840845080304205
-0.202470380859002,-0.0800570264699017
-0.131798502150046,0.00736524646897332
-0.00718049944587851,0.127167511454164
0.18622495878873,0.213912375267455
0.383842634640685,0.228310322045425
0.509458267389193,0.196620049181851
0.497363493248621,0.145297336457534
0.329305341091835,0.117683829248179
0.0421099951808363,0.139410077139587
-0.232670348078802,0.168587772268196
-0.368841185475824,0.164535665532008
-0.322518969303406,0.0911911083296374
-0.121933004874446,-0.043858932653863
0.122832103847983,-0.177172355500644
0.282638250987542,-0.239136491356443
0.291703176986172,-0.196509212271685
0.188688245681522,-0.0694279125520173
0.0741943855791515,0.0732952866056144
0.0329219129357339,0.161739827417885
0.0960191611671261,0.15884544811025
0.196459934926457,0.077704583235748
0.228778342101063,-0.00152724172016011
0.148031601509775,-0.0249901077482872
-0.0345600033758863,0.0299782765282879
-0.235379967709957,0.135333324982312
-0.364715169470266,0.224787808426757
-0.375258064905182,0.245676543903455
-0.286801221627785,0.175854486822807
-0.184931722035035,0.044782666925778
-0.127795645765197,-0.096536458567993
-0.134027779015018,-0.193405454860373
-0.184106518833924,-0.223802490970252
-0.203591167149815,-0.211830889947333
-0.169314447772741,-0.170927913037224
-0.118693778628827,-0.124186927160505
-0.122708944227274,-0.0724331355182901
-0.241168699331337,-0.00922503266199227
-0.436384674849327,0.0819660748240861
-0.627979636045971,0.175829854898665
-0.70141041173131,0.240158749950689
-0.622424887458521,0.274755711335497
-0.419363326923171,0.265407511460764
-0.181187521099092,0.207914252045453
-0.00243866024089396,0.148992287042139
0.0823848377799136,0.102165082682452
0.105983186139293,0.0654373788777112
0.141232907010802,0.0264680839330456
0.232682657292401,-0.0357670148981404
0.341991308405699,-0.12114475630802
0.374038750917802,-0.2225215769271
0.23071202237939,-0.286025282274957
-0.0951200621935891,-0.281492819275642
-0.476240774737994,-0.203923718371147
-0.726511327708756,-0.0731598042743623
-0.712409018008266,0.081818276530763
-0.422467084334484,0.217631944279257
0.0454477558714956,0.291543049233833
0.455610694710202,0.299339370402909
0.62258501521086,0.257401798691066
0.543599490938071,0.167146757466595
0.310929169853158,0.0590451381209678
0.0673218020562262,-0.0382918917239951
-0.038772234490177,-0.101758635688695
0.0436126032897366,-0.10468995613407
0.220477046241663,-0.0552270312898904
0.350489659658234,0.0370602449033631
0.36170996674941,0.140456967657974
0.249568549881194,0.209552335737133
0.109320946829952,0.213505928273699
0.0473691269362233,0.161222530017018
0.10779370679691,0.0772858202799206
0.230379484655003,0.00741451200437498
0.328726457132141,-0.00290668577966643
0.343715597083403,0.0603260454156473
0.263707841210257,0.173834588061512
0.165065272146473,0.285273961349326
0.100945748449654,0.358655473186382
0.10019444776944,0.359000347118256
0.144287387076886,0.29118586608836
0.156283633520891,0.16456029745615
0.0883706382913727,0.00961915947588271
-0.0552147153278195,-0.146492045514662
-0.215045484268811,-0.274410837403622
-0.316459273019521,-0.338961433269868
-0.305472975956164,-0.337791383130771
-0.202063933865246,-0.266146496178907
-0.076916327920849,-0.143905585504216
0.0100871854364347,-0.0181914199977872
0.0351635091370133,0.074760946828302
0.0353482553165491,0.099332296682116
0.0690953680791584,0.0530593342352725
0.153192198820122,-0.0241525885851046
0.274361573555339,-0.0717680465725724
0.369013622441762,-0.0535396736272182
0.382721848349872,0.0543156129800463
0.309069371850312,0.212803884693296
0.185178054773398,0.35531770574725
0.0714724499859263,0.417170991195939
0.0229702072998742,0.374494434765952
0.0474430260828849,0.243237861940915
0.103125761466343,0.0691323227138435
0.123903639787458,-0.0782711377364262
0.0860920908296444,-0.152847338385192
0.0170952538212893,-0.136367906287101
-0.0487362527138714,-0.0774582504973854
-0.0447580350016362,-0.0204699657723975
0.0254088673298784,-0.0108877550262865
0.105281149307362,-0.072605565735755
0.146861537873733,-0.17917994504834
0.0882351559601205,-0.297947619449592
-0.0457926196806616,-0.372807100722933
-0.206005203691268,-0.376859207459122
-0.322703715482942,-0.298033837932561
-0.347570648426457,-0.156948722466609
-0.287059850082802,-0.00716818264024857
-0.176581162327351,0.101734003764553
-0.0946397194274071,0.141774836335811
-0.0724947153286446,0.120171748065113
-0.135567335010131,0.0553255623606937
-0.239629156833169,0.00188441917160955
-0.335771484369476,-0.0105798441646875
-0.401455202734022,0.0367277004305042
-0.417651347459066,0.119518981829938
-0.394705758586389,0.204330165364903
-0.347373593033323,0.251785504035623
-0.296654396192842,0.247610224181781
-0.24023265922006,0.187850733266812
-0.179709551662806,0.0983962430738939
-0.110404798731497,0.02130748493558
-0.0376391187403483,-0.0503989750781656
0.0233273853839929,-0.0998619032965815
0.0595131581766065,-0.135037728395666
0.0479356848111377,-0.17404396616519
0.00347324323280126,-0.203332525197854
-0.0568651183558067,-0.217434875389178
-0.0771749698728101,-0.217644253492855
-0.0177357108428652,-0.198738489136657
0.134200202484011,-0.171900907783186
0.334465924905238,-0.136996040598134
0.486032376241168,-0.0827420141769142
0.503521717229072,-0.00386737025758146
0.367535653005476,0.0814611001337624
0.124999807651074,0.142452234495127
-0.0875823829764737,0.150125396043495
-0.16840302608866,0.0926444525902541
-0.090021044693596,0.0123903639787458
0.0917946174650006,-0.0316286829305112
0.267304237104405,-0.0142255182476229
0.367227733708286,0.0388461302626024
0.372597709122311,0.0438466166917921
0.292516043979795,-0.0383411555722787
0.17377301499963,-0.183687762626568
0.0327987465665526,-0.316102089874048
-0.112683339444753,-0.354591030242705
-0.221708696436532,-0.286604139240762
-0.26468083595622,-0.172812329467266
-0.209355280343998,-0.0978789524214993
-0.0803772549806896,-0.141269861645487
0.0662995299650355,-0.278204315684794
0.157022618239034,-0.426088125649718
0.143782412386563,-0.50140329077121
0.0363705206592674,-0.464872676101966
-0.12669947790158,-0.319402902678495
-0.270420303729316,-0.118521341662889
-0.348087932330379,0.0750195887802631
-0.337557373102952,0.222743277741321
-0.259741925963148,0.308207241008405
-0.1428094176406,0.357817960771671
-0.011121768428342,0.388251951516236
0.1065374246779,0.403746039163932
0.212348173851256,0.387328193624667
0.26939804513507,0.343777170145285
0.272723503360604,0.266269669296561
0.207310749658562,0.177911340218787
0.0719404767900373,0.109912140003244
-0.0567789066213104,0.080451150753115
-0.123842053228631,0.0866709680408658
-0.0868187663341889,0.0999357990690068
0.0538845374363842,0.0979282162697829
0.215772159773356,0.071189169361351
0.29910536037509,0.011269565878106
0.246218473228463,-0.0744407183175141
0.0736770949267569,-0.173034016784542
-0.150297833009432,-0.267107181711271
-0.310522722859401,-0.340648794306776
-0.321238055260254,-0.384901847869616
-0.168329130316235,-0.377167126756311
0.0936913498571142,-0.323959984105007
0.339774327257381,-0.212298910002972
0.455672294765974,-0.084133771878704
0.419745128495841,0.0222928023920856
0.275802615350829,0.081978390786157
0.0936174540846888,0.0765591515238484
-0.0323307231366777,0.0520001176321053
-0.0698343595457738,0.0406320189960779
-0.0310128612073133,0.0692801210071666
0.0422208422137105,0.125393931934287
0.0792810871170736,0.164708089001
0.0648585084149621,0.13115804512847
-0.00518523176516641,0.00220464726061797
-0.0914743889542127,-0.199600633475509
-0.152243822501357,-0.406381776519606
-0.164375551276614,-0.557714163839937
-0.141269861645487,-0.605797677312524
-0.0999727469552195,-0.541493427681586
-0.0487362527138714,-0.402071014334512
-0.031333086343865,-0.243090070396065
-0.0514581916813328,-0.0826188478077329
-0.108347945335517,0.0431815277460744
-0.187764514783843,0.14452141060165
-0.261823424780215,0.239887785288185
-0.302135208517032,0.309094017271399
-0.263695531996659,0.341461688294289
-0.170558407181207,0.29073015524632
-0.0465808716213243,0.167319180935587
0.0478987335506888,-0.0151738861307978
0.0769532758070617,-0.19925577304058
0.017772660416196,-0.317419958551885
-0.0983716111497521,-0.363298773095862
-0.194883437793603,-0.326842040702098
-0.223716272487283,-0.227090981064155
-0.158993253152046,-0.109604227454527
-0.0134126310085822,-0.0136589603727086
0.142181283329568,0.0343752538221144
0.243545781238105,0.0385382210881215
0.246366264773314,0.0260862739247851
0.152871970309334,-0.00102226660805688
0.018536280432717,-0.017920457022401
-0.103064181655989,-0.0171814689300217
-0.159522859766511,-0.0145580627204818
-0.143856321655933,-0.0212705353622492
-0.0969059509270646,-0.0451521626590857
-0.0604615277468994,-0.0913881704712441
-0.0625183811428793,-0.143585356993428
-0.10779370679691,-0.172529042094219
-0.157170409783885,-0.167947328743565
-0.14859814926198,-0.118114908166077
-0.0630110398711321,-0.03846432194146
0.0919300997962528,0.0504112944144727
0.26719340019424,0.101524625660876
0.373201211509202,0.110269316400245
0.383448523854416,0.0761157566438792
0.292442161704315,0.0198171927887507
0.134224834408153,-0.0323060878382998
-0.0111464011960428,-0.0690707361550166
-0.0853038422632178,-0.105724537438859
-0.0625306971049502,-0.157970981060855
0.02470682881083,-0.199181877268154
0.0900703085418796,-0.217040751105964
0.085082141448997,-0.147871487254381
-0.00831361435214818,0.0177233931936762
-0.147686741074845,0.251145047014047
-0.253201900410027,0.45669455336022
-0.271171624654947,0.543624163353047
-0.177394056314865,0.465328386944006
-0.0286357826747816,0.218321665149116
0.0916221872475358,-0.102128128047767
0.13534563419591,-0.338210139338126
0.0786159981713559,-0.397501596700512
-0.0298304782349648,-0.268301877271454
-0.0904767555356362,-0.035040342767832
-0.0551777640673707,0.15316756689598
0.0767192657792424,0.213641410604951
0.23306448585896,0.128904122842411
0.317555440883137,-0.0392895251425716
0.274521701307678,-0.182468435142243
0.118582928221716,-0.220735688193624
-0.0860305110192899,-0.152022135184081
-0.243028497334182,-0.0418267179304972
-0.301716452309677,0.021467599190974
-0.250085833785116,-0.0262094386068483
-0.140654036548053,-0.158636070006573
-0.0400654611211635,-0.287441678649361
0.0222189032454241,-0.350563541933714
0.0415311213438511,-0.30398267031239
0.0639963573276378,-0.177899031005188
0.114013524084661,-0.03506497806621
0.188343385246592,0.0694525512246314
0.250443016930589,0.10053930820437
0.237609258071874,0.075389087887807
0.163735094255038,0.029017590995924
0.0735292966334338,-0.0169351395658953
-0.0046186747338111,-0.0620503543387683
-0.0309020108002029,-0.109776657671992
-0.00248792598718539,-0.150864380761638
0.0329834927460883,-0.165176122553584
0.0247930456066805,-0.122487243413054
-0.0175632789382822,-0.00880627308040099
-0.0648215605287494,0.156800917424813
-0.0714970819100681,0.31190216459912
0.00183515342531812,0.384495427869749
0.122142382978124,0.355871944285857
0.199415887295974,0.249728650639643
0.155236729505559,0.143449874662176
-0.0340550253113264,0.106623643160869
-0.286370129212942,0.164929789815221
-0.451201404828541,0.274410837403622
-0.428711526797904,0.3585939001245
-0.200241090497085,0.372351389880893
0.132931611151402,0.296691323833637
0.384483091662261,0.179019830792946
0.411727133506434,0.0776799445631338
0.192223082010733,0.0448688820345104
-0.158611438082431,0.0805743171222963
-0.456879299539755,0.15236699561901
-0.533401469435029,0.205192309703755
-0.34952897412587,0.241402709359156
-0.00960684267025277,0.25142832089015
0.288759520333309,0.265875531516403
0.387907077584361,0.300053736693855
0.252857026478152,0.30999312974188
-0.0259015260581312,0.27343784265766
-0.256638195545726,0.14776063684727
-0.319279729560841,-0.0319858593275118
-0.194501622723989,-0.194834160448375
0.0269114771258968,-0.260628729220032
0.194587841206957,-0.197790112817892
0.213604455970266,-0.0652403167361045
0.070561028301846,0.0571483989803819
-0.133461217765868,0.0825449520353076
-0.274324645914543,-0.0154694810303259
-0.253719184313949,-0.15606193270667
-0.0918438813132842,-0.254150276728792
0.131207308976754,-0.222841805437888
0.295804547570643,-0.0435017562568623
0.321201100625569,0.200056344317549
0.223925664087905,0.384359945538497
0.0700314216873805,0.420508758635071
-0.0292392884359086,0.323134780903895
-0.0339441782784522,0.155002719477739
0.0698589914699156,0.0365429542509684
0.23420991757086,0.0350896099903518
0.378620450771511,0.137944416916899
0.44458744301216,0.274250736645173
0.401307384195282,0.344836410368106
0.274780329762694,0.326484857556626
0.0770148556174162,0.222669381968895
-0.111882774916256,0.0949476319761242
-0.241612100959778,0.0123780480166749
-0.278142742622912,-0.0300029084524297
-0.220969711718388,-0.0411123617622598
-0.114949577692883,-0.076448301116738
-0.00197063449123174,-0.157576856777642
0.043858932653863,-0.265259719915914
0.0088678554214326,-0.340501002761925
-0.0981129624493186,-0.336030112824492
-0.211880153795617,-0.252425961057199
-0.262069744021633,-0.148881436635028
-0.217200865361358,-0.105453579524827
-0.0911541604434248,-0.156850181273097
0.0558305370510174,-0.285828199887934
0.147452717550081,-0.426519191070672
0.130997930873076,-0.503632608127017
0.0253965513678075,-0.461510263241748
-0.137956726130498,-0.320449806693828
-0.281049417647201,-0.116045732059554
-0.3480017408413,0.0843308407687831
-0.325585772080033,0.232830448837252
-0.241513573263211,0.316816429171105
-0.126490099797903,0.36369291087602
0.001293228845329,0.392291749038825
0.112584811748186,0.401184238071518
0.215328758144914,0.388017914494527
0.289646323590192,0.330906483645775
0.28951084125894,0.249962660667462
0.21101799595982,0.165939739195869
0.0645752277903868,0.114075097146543
-0.0782465058122844,0.0980021120422082
-0.129076559808348,0.0906368697910302
-0.0674819163116202,0.0874345846831507
0.0883952702155145,0.0665951265516817
0.227349636513061,0.0548082717082991
0.274176827375803,0.0734677168230793
0.227140244912439,0.11413668370537
0.116981785667776,0.162688190239705
0.0242880692292387,0.175534258312019
-0.0407921332514719,0.124457878326065
-0.0998495873345106,0.00631834667143608
-0.177086137017675,-0.147896119178522
-0.26133075930349,-0.285914418370902
-0.304770945872706,-0.357152858329009
-0.272477157125296,-0.322888461662477
-0.164572606669748,-0.154263734759596
-0.0431445798598617,0.116636925232847
0.0220341570658883,0.410951194153605
-0.0189427240522374,0.616168135781502
-0.142033478287772,0.658204208196024
-0.276837183158674,0.518264537938917
-0.375418192657521,0.232116109540195
-0.421075306387277,-0.0689352538237645
-0.419301753861289,-0.230083901565302
-0.38045560335327,-0.19971148388262
-0.30291114786986,-0.0219725738812977
-0.179426264289758,0.194994274703769
-0.014976822302073,0.304672418176139
0.149608098642628,0.242289512616039
0.265173501432945,0.0424918068762149
0.284658149748837,-0.186816151962023
0.189242484220129,-0.320930135963065
0.0234382341039853,-0.302467746241419
-0.142181283329568,-0.174980019773412
-0.231229333277201,-0.0422577934741594
-0.193972016109523,-0.00855994371627459
-0.0475046058932393,-0.108852920025841
0.147255662156947,-0.27716974787695
0.308749143339524,-0.405076244049257
0.386195098120256,-0.411160558760338
0.379371771697142,-0.308355032553256
0.307148000785584,-0.149201665145816
0.209466130751109,-0.0173908487208174
0.105108719089898,0.0270715913812907
0.0371464600120955,0.00358409132012429
0.0141516191009614,-0.0520740167787669
0.0539830685071875,-0.0739973234375448
0.160680614188954,-0.0576410577086347
0.295989293750179,-0.0194723323538209
0.424967312365016,-0.0088678554214326
0.47009485997114,-0.0586017432409986
0.396060581898911,-0.153635586951619
0.198208882522192,-0.243471898962624
-0.0718542583070687,-0.261614033179593
-0.305165056658975,-0.19971148388262
-0.422565612031051,-0.0856856505843602
-0.392993779122283,0.0278352113978117
-0.270235557549781,0.100810266118402
-0.160779141885521,0.109665807264882
-0.152847338385192,0.080919177557226
-0.270949923840727,0.0420360960341748
-0.442185742678195,-0.010493628212396
-0.554524241933435,-0.0669030391003987
-0.519717888948006,-0.130591483879319
-0.316594755350774,-0.214158694508873
-0.00481573814075633,-0.264151242838699
0.282022412393163,-0.252635325663931
0.419141626108951,-0.159054839710872
0.37435897942859,0.005172915381316
0.186286545347557,0.178428637619654
-0.0184623812860554,0.29125977535773
-0.146430458955835,0.292442161704315
-0.145272704533392,0.205377055883291
-0.0476277722624206,0.0749087451216251
0.0556334749094108,-0.0426026539090891
0.0994924041890376,-0.110109202144851
0.0706718787089564,-0.139545559470839
0.00174893810569593,-0.174807596304419
-0.0518892672249949,-0.239604511412082
-0.0539953844692584,-0.318688536387549
-0.0013055453346243,-0.369222987048494
0.0620996181870519,-0.352078492998575
0.0882967425189474,-0.251329793193583
0.0634913758888417,-0.0945288690202967
-0.00907723521222823,0.0612744149859402
-0.0787884283888208,0.145679151527149
-0.107030083406153,0.137094581791646
-0.0956373528459837,0.0475292411916173
-0.0768301094378804,-0.0630972516056284
-0.0857225984705729,-0.138634137786758
-0.161431908120695,-0.137217741412354
-0.274521701307678,-0.0644397454591347
-0.389101773144544,0.0356807997894079
-0.460167803130604,0.132648337275299
-0.450831912469469,0.197334415472797
-0.367313952191255,0.220390827758695
-0.239727684529736,0.21711464687839
-0.118792306325394,0.194747955462351
-0.0497708373928968,0.170817062630113
-0.0359640804139832,0.164190805097078
-0.0734184529747957,0.159239585890408
-0.12118169744576,0.150593416099134
-0.15099986309289,0.12034418503105
-0.163772035392778,0.044487073713368
-0.150248555664204,-0.0832100409810252
-0.126958119853542,-0.223001919693282
-0.106709854895365,-0.323036253207328
-0.0736031991543315,-0.328086000110565
-0.0336362657297351,-0.214503554943803
0.035200457023226,-0.0234505500660561
0.137981358054639,0.173514359550724
0.247191467974426,0.285200079073846
0.347287374550354,0.249913396819179
0.38959443862127,0.100613203976795
0.356635574425087,-0.0780987075189613
0.250196670695282,-0.181359958065029
0.0860058790951481,-0.154239102835455
-0.101647792030057,-0.0230687400577956
-0.267550583339713,0.108631225960093
-0.371809460555885,0.14524807260925
-0.417232591251711,0.0518276874146405
-0.403339619164065,-0.114419957581473
-0.341708007535707,-0.247253041036308
-0.236254434759352,-0.240195704585374
-0.0892943759375239,-0.0737140428129695
0.0886785508400898,0.180115985159617
0.260604083798945,0.408746549212775
0.397550860548795,0.489185370506874
0.47855625658899,0.394213120103553
0.46865381817565,0.160187948712229
0.387968650646243,-0.111821188357429
0.260086799895023,-0.307418965448089
0.131675329032392,-0.396701038920487
0.0580475047023913,-0.390210250221759
0.0406936021806685,-0.34359242396575
0.0528130048711461,-0.297319471641615
0.0375529036316159,-0.235182912316822
-0.0321706088812838,-0.15096292195515
-0.145543669195896,-0.0296087841692163
-0.268893070444747,0.0897747187037058
-0.337360290715928,0.156505320838167
-0.315301505100134,0.161986146659303
-0.197063450810292,0.102830171628169
-0.0163070001935084,0.0524188772136966
0.141466917038622,0.0733076025676853
0.216166284056569,0.181323003430344
0.186619083071944,0.334786153416026
0.0789362266821439,0.439069676053284
-0.0457803003443545,0.422984368238406
-0.110749659166427,0.260111445316109
-0.0932233298014755,0.0185978619301895
0.00668784071762569,-0.175854486822807
0.141159011238377,-0.238803953632057
0.247240731822709,-0.147120179825694
0.269853755977111,0.0197925591774908
0.196176661050354,0.140456967657974
0.0760541768335247,0.152416259467294
-0.0334761514743412,0.0666320811863667
-0.0739603755513321,-0.0334145716639867
0.00152724172016011,-0.065301896546459
0.154781018663519,-0.00187210278775913
0.329613260389024,0.12034418503105
0.437406960437462,0.216671258746893
0.434648076958024,0.200807651746236
0.314328510354171,0.0609295545510105
0.128953386690695,-0.131798502150046
-0.0290545422563729,-0.269755228280543
-0.0925951887419705,-0.277908732595093
-0.0206177623786025,-0.176815172355171
0.144102640897351,-0.0327617986803399
0.309635946596407,0.0549683859636931
0.400876318774328,0.0447457190395653
0.384027380820221,-0.0168735580684228
0.281529773910327,-0.072445451480361
0.146344240472866,-0.0493767097354473
0.051433559757191,0.0464946565125919
0.0209749404627212,0.14106048354181
0.0267267292592429,0.171112659216759
0.016984405101297,0.0980021120422082
-0.0422085262516396,-0.0631095675676993
-0.149731271760282,-0.228778342101063
-0.24693281252552,-0.298661958746648
-0.268043248816438,-0.243484208176223
-0.178958244234119,-0.0940485330025872
-0.0136959099460393,0.0555965236489619
0.161124002320451,0.130308210003217
0.271122360806664,0.0915482847266381
0.269915329038993,-0.0183884821393939
0.186212636078187,-0.128436102786772
0.0751427551494444,-0.157539915639901
0.00171198874325492,-0.0859812471710064
0.00716818264024857,0.0491673282575335
0.0668784071762569,0.209515394599392
0.12289369040681,0.332175061481438
0.137673452254395,0.392833651369945
0.0829513922805917,0.387131138231533
0.0193614836338286,0.347188846853787
-0.0108631222585856,0.289880333618011
0.0121563514202493,0.235872633186682
0.0629125054260926,0.192136863527764
0.0862275731608966,0.145617564968322
0.0502388608227716,0.0860920908296444
-0.0630479877573448,-0.00647846092683006
-0.212471346968909,-0.132094085239747
-0.308059422469665,-0.258707358155304
-0.334638361871175,-0.338776687090332
-0.268277258844257,-0.316126708301246
-0.143536093145145,-0.158709979275943
-0.0241772221963645,0.112375433644509
0.0208025102452563,0.415101828586361
-0.0277736299003392,0.623668873860877
-0.136675812087346,0.668697866776546
-0.25774667262294,0.522735427876349
-0.357251386025576,0.242080121015417
-0.416653707292017,-0.0535150417030765
-0.432652796623926,-0.219072972577803
-0.394213120103553,-0.189993791648816
-0.30611343297774,-0.00785790519722613
-0.173120235267511,0.204675025799833
-0.000418759818842257,0.309709828871888
0.16040964952645,0.240663724641013
0.271812081676523,0.0260246907401944
0.275408477570671,-0.199341991523548
0.180079044021877,-0.328295391711188
0.0175386470141404,-0.302085944668749
-0.146134862369189,-0.164067631979424
-0.227793038141503,-0.0307172646206671
-0.184722343931358,0.00740219604230409
-0.0282047054440013,-0.0538845374363842
0.179635642393436,-0.14140534397674
0.332643108530967,-0.158673024641258
0.365638900367945,-0.0578134879260996
0.258670403520619,0.0856117480634625
0.0461621120397331,0.189895263952248
-0.16456029745615,0.164030690841684
-0.27884477270637,0.022403651112078
-0.236931846415613,-0.15686250398364
-0.0461990633001819,-0.299056096526807
0.222558531561785,-0.335315773527436
0.453319831286403,-0.250159716060596
0.565350411244454,-0.113533181318479
0.528893651856801,0.0203591170524052
0.385505377250396,0.0933957600189404
0.206645660712844,0.0821015571553383
0.0838258660784593,0.0218863587725653
0.0673094860941553,-0.0572099787907364
0.138363173124254,-0.106475844867546
0.223568480942432,-0.0992460781991474
0.243496517389821,-0.0414818541213313
0.178638015723331,0.0495368239908412
0.0485884544205483,0.152132985591191
-0.0960314838776693,0.236759409449676
-0.181877241968951,0.275593223750207
-0.18862667261964,0.241353445510873
-0.1345081217812,0.146319608548725
-0.0501280137898974,0.00761157583309972
0.0331436070014823,-0.14650435472826
0.0771133900624557,-0.274213782010488
0.0910186781121726,-0.334465924905238
0.0701053242082782,-0.329280695670748
0.0215414983376355,-0.271183933868546
-0.032724847419891,-0.1794508962139
-0.0929400491769003,-0.107707488313941
-0.154707122891093,-0.0560891823772147
-0.205598756697512,-0.010801539917554
-0.223469953245865,0.0392156259959101
-0.217964482003643,0.101857170133735
-0.172036390114438,0.17091559032668
-0.0964502400850244,0.195105125110879
-0.00403980047504633,0.156628493955821
0.0737386814855837,0.0736524630026151
0.113471594759652,-0.0144964795358911
0.102177398644522,-0.0365552702130393
0.0426519211316089,0.0220341570658883
-0.038304207686066,0.121317179777012
-0.099012068171328,0.192333918920898
-0.108409525145872,0.181458485761596
-0.0429598303060898,0.0589712356000701
0.081707432872125,-0.130603793092918
0.202864505142216,-0.280667616074531
0.269373426707873,-0.318208207118312
0.236081997793415,-0.200413527463022
0.117117267999029,0.0221450040987626
-0.0436002873276657,0.244851340702343
-0.167861110260596,0.37237600830809
-0.219614888405867,0.365811337333882
-0.186175694940447,0.261010530792702
-0.103729270601706,0.118582928221716
-0.0283401860881354,0.00725439774898101
-0.00115774777941538,-0.0669769416212965
-0.037355838115773,-0.1216374082878
-0.0966842501128438,-0.166555564293303
-0.138708033559184,-0.217163924223618
-0.149423352463092,-0.22865516898341
-0.127746381916913,-0.161505817390066
-0.10722714554776,-0.0113927305601692
-0.117806988868888,0.167664041370517
-0.153487795406768,0.297775182483655
-0.180842660664162,0.30496800126584
-0.171519092713571,0.176999918534707
-0.108409525145872,-0.0198418264000106
-0.00411369962170787,-0.157108836722003
0.0809807573675805,-0.140925001210558
0.0981252784113895,0.0295472009846257
0.0263818688243132,0.278241270319479
-0.096068431763882,0.451373814800589
-0.199194199978697,0.491032832302232
-0.227694483451046,0.388190351460464
-0.138510964669105,0.216856004926429
0.0501156978278265,0.0693047529313083
0.264520735197771,0.0200635221528771
0.425472287055339,0.059451578366252
0.491266869323941,0.099332296682116
0.447506454243936,0.0770394942900303
0.314156073388234,-0.0485268746101938
0.140407703809691,-0.220649483207601
-0.0241525885851046,-0.355908898920542
-0.145272704533392,-0.379482608607307
-0.200216458572943,-0.287170713986857
-0.167700996005202,-0.14071562310688
-0.0829513922805917,-0.032724847419891
0.0238077281501749,-0.00843677903421138
0.113434640124967,-0.0456694533114803
0.13599841392803,-0.0779878571118509
0.114456912216158,-0.0372819423433477
0.0686150320614489,0.0736524630026151
0.0271824384141649,0.210020369289716
0.0222804864300148,0.285163124439161
0.0672602154973994,0.246920503311921
0.112757241965651,0.114099729070685
0.113914982891149,-0.0467163539525765
0.0302615571528631,-0.144619938298218
-0.119469717981655,-0.111500959846641
-0.267304237104405,0.0163562657289101
-0.334983235803049,0.166087530740719
-0.267341191739091,0.242067811801819
-0.0856487026981475,0.207199899251451
0.120023956520262,0.10434509569914
0.244999132247194,-0.0175263310520696
0.200844606380921,-0.0569267049146335
-0.000640456178016852,-0.0139299225045358
-0.273327005747494,0.0887154987263025
-0.484455825120536,0.202556585845026
-0.543402435544936,0.263572358879005
-0.432369522747824,0.269693655218661
-0.188084743294631,0.229172479881221
0.0797737458453264,0.172036390114438
0.26224218098757,0.13519784265106
0.305608458287416,0.131256572825037
0.229480372184521,0.137328591819465
0.113323803214801,0.152859647598791
0.032884961675285,0.160237212560512
0.0347693814795638,0.16352571615136
0.112769557927722,0.159325790876432
0.219898175778914,0.129187410215459
0.289042821203301,0.0659423535680349
0.264853272922157,-0.0374420532245055
0.137180786777669,-0.164757352849284
-0.061188203251444,-0.249309894432288
-0.258017637285444,-0.259076850514375
-0.378558877709629,-0.196410671078173
-0.378953015489787,-0.0830129788394186
-0.245073041516564,0.0113927305601692
-0.0217262445171713,0.0483051771702092
0.203788236039894,0.00779632285619453
0.339663490347215,-0.0964132921988118
0.360786208857842,-0.197359047396938
0.278696981161519,-0.245775071600022
0.144841639112438,-0.209195166088604
0.022243536856684,-0.0955265024388733
-0.0187826097968434,0.0591682977416768
0.00901565287119663,0.210623871676607
0.0459773658601973,0.312567267041783
0.0300398597128785,0.363212554612894
-0.0820522933070547,0.355182223415998
-0.258005328071846,0.289523150472538
-0.423070586721374,0.172455146321793
-0.501378672344013,-0.00512364942413481
-0.459785947570155,-0.202199416196498
-0.328480137890723,-0.36955555176677
-0.195474617469951,-0.45783995807823
-0.131798502150046,-0.451275287104022
-0.185732293312005,-0.356697147486969
-0.33010589887186,-0.215119380041237
-0.477841890298044,-0.0775567849424249
-0.575536123533897,0.0131909344121566
-0.574821757242951,0.0594638943283229
-0.507068876268826,0.0574070476808154
-0.414843200131344,0.0307418965448089
-0.332322880020179,0.00666320794992486
-0.270297157605552,-0.032281455914158
-0.199206509192296,-0.0902673774319586
-0.0792934030791445,-0.158389750765155
0.0909201504156054,-0.228901515218717
0.266688425503916,-0.252758498781585
0.376428142038168,-0.198849339543768
0.384322990903812,-0.0810546598884782
0.297664345573489,0.0782095579260717
0.164203114310677,0.211375179105293
0.0631711541265261,0.270260202970867
0.0368508634254493,0.249839487549809
0.094073164926729,0.142107374060198
0.194908069717745,-0.00263572364783919
0.277773250263841,-0.13603535506577
0.292011069289472,-0.222964978555542
0.231180042435028,-0.242498877222772
0.130726966210572,-0.210882527125513
0.0432923747789486,-0.137488706074859
-0.00928661500302387,-0.0495245080287703
-0.0328110625286235,0.0314562527130463
-0.0358901812673217,0.0777168991978189
-0.0274287677782914,0.0831115065359857
-0.0146565937912851,0.0445363375616515
0.017760342767007,-0.0153339986990737
0.0674572843874784,-0.0808822296710133
0.117166531847312,-0.129803235312893
0.148832172786745,-0.159325790876432
0.15019929181592,-0.170472202195183
0.12738919877144,-0.185855466429659
0.109370210678236,-0.207594023534665
0.139151421690681,-0.216129329421884
0.214836106165134,-0.19601654679496
0.289363049714089,-0.125356990796547
0.314291555719486,-0.0144595299625603
0.241082480848368,0.104591421689031
0.0744776662037267,0.170509143332924
-0.132414313750535,0.142673935309348
-0.266343551572042,0.0199773070441446
-0.251108092379362,-0.143191232710215
-0.0772242404695661,-0.277810204898526
0.20279060936979,-0.330401508955451
0.448319348231449,-0.270346421453836
0.569710410283942,-0.132648337275299
0.536616063756507,0.00240171066756319
0.382906594529408,0.0789978064924983
0.195770214056597,0.0776060487907085
0.0817936446066213,0.0160729867914529
0.0762758708992731,-0.0549560700016222
0.145691474237692,-0.104295831850857
0.222607795410069,-0.108779024253416
0.22880298752215,-0.0602644656052928
0.159892352125583,0.0317518492996925
0.0482928612081383,0.148191715765169
-0.0666074425137526,0.257869845740594
-0.142366029509103,0.301913507702812
-0.17552194909842,0.257857509533106
-0.165976693830554,0.130209668809705
-0.112461645379005,-0.0439944149851152
0.00179820385198735,-0.16250344406017
0.166333863479082,-0.170447570271042
0.320474425121025,-0.0860058790951481
0.388596798454221,0.0258029949873279
0.347829303875363,0.0819168109758025
0.228938469853402,0.0614098973171924
0.101943381868231,-0.00139176054880161
0.0590574540830387,-0.0225268157941412
0.0946766673136198,0.0715340297962807
0.148438035006587,0.27922657427904
0.161185588879278,0.519323778161737
0.114518498774985,0.695646298537127
0.0553748295832135,0.718222368056844
0.0448319341482977,0.580684398133701
0.0826681184044888,0.324501913430016
0.124827370685136,0.0501280137898974
0.102793216993484,-0.127167511454164
-0.0128953395126285,-0.174992342483955
-0.186200326864588,-0.12380511209089
-0.341030622873335,-0.0741943855791515
-0.407785863680411,-0.0760418541229814
-0.353815090889877,-0.143302069620381
-0.21802606856247,-0.232251591871447
-0.0689845244205204,-0.263030429553997
0.027490350962882,-0.20808668901139
0.049561455914983,-0.0524558250999093
0.0177110772316053,0.137673452254395
-0.0270592737321017,0.282625941773943
-0.0239924743297106,0.335069454286018
0.0243496524138293,0.3082441686492
0.0887154987263025,0.250159716060596
0.13854791930379,0.224972554606293
0.142600039536923,0.251526848586717
0.108779024253416,0.303280640228932
0.0686519799476616,0.326103055983955
0.0379347119527583,0.272588021029351
0.0376391187403483,0.140506231506258
0.0586263751651404,-0.0363335727730547
0.0854023699597849,-0.186582128437258
0.107941505090233,-0.245270096909698
0.106094029797931,-0.205845089435874
0.0857225984705729,-0.0904644395735653
0.0298181622728939,0.045410807985283
-0.055276295138174,0.139176053614822
-0.16040964952645,0.180189894428988
-0.250960300834511,0.173107926053912
-0.284830586714774,0.146886169797875
-0.250886391565141,0.132192626433259
-0.143400610813893,0.116784730274642
-0.0108508062965148,0.107313364030728
0.0692431663724815,0.0819291269378734
0.0506329884802211,0.0283155541639937
-0.0791825594205064,-0.0215168647263757
-0.270765177661191,-0.0545373104200309
-0.435411680103364,-0.0658315099093968
-0.493434532636197,-0.0476893554470113
-0.431507364912027,-0.00406443366452669
-0.281086372281886,0.0281677558706706
-0.0965610904921348,0.0572223015012796
0.0471474294962387,0.0736894108888278
0.128202092758953,0.082766646101056
0.152046767108223,0.105010184644858
0.123176964282913,0.11368097286333
0.072556295138999,0.104714588058212
0.012205616955651,0.0693909646658046
-0.0779509092256382,0.00613359964834128
-0.169031173896638,-0.0667059769587921
-0.23999864919224,-0.116058054770098
-0.263929542024478,-0.131626065184109
-0.214405027247236,-0.113286848580116
-0.118792306325394,-0.0770394942900303
-0.0276997307536776,-0.0345107361533665
0.00263572364783919,0.0183515342531812
-0.048009580583563,0.0747363149041602
-0.133855342049081,0.145839265782543
-0.189242484220129,0.21673284530572
-0.167762569067084,0.261158322337552
-0.0666443971484376,0.241969284105251
0.0439451477625954,0.136626548239062
0.071029055105957,-0.0436618705122563
-0.0101241341662064,-0.23368029745945
-0.160963888065057,-0.358421463158562
-0.28159134697221,-0.379544208663079
-0.279694621328568,-0.279719239755765
-0.117930161986542,-0.105958554215151
0.151221563907111,0.0758571079434457
0.372560754487626,0.20614068602252
0.434266248391465,0.253374337375964
0.291198202295848,0.243668954355758
-0.0103581475682619,0.206387005263938
-0.306384397640244,0.180460845594547
-0.454342089880649,0.157084204797861
-0.421937464223073,0.102682373334846
-0.255221799171322,0.00195831789649156
-0.0776060487907085,-0.154054343158974
0.00453245920329915,-0.314451683471825
-0.0366291693597009,-0.415114137799959
-0.15065500265796,-0.407391725900253
-0.23817580582408,-0.280162641384207
-0.230354839233917,-0.0703639661602393
-0.0989258496883594,0.13142899629403
0.0728272598015034,0.260764211551284
0.201300317222961,0.292516043979795
0.230379484655003,0.234357709115711
0.167922683322478,0.14764978644016
0.0745392460140812,0.0695141310349859
0.0262710201043209,0.0213444345089108
0.0562616125946796,-0.0105182618236559
0.131933970984353,-0.0489948980400687
0.229739027633427,-0.108877551949983
0.27145489853105,-0.180990465705957
0.248854183590248,-0.233865043638986
0.176901390838139,-0.236660881753109
0.0679376204051879,-0.160766819174978
-0.0215168647263757,-0.0225637653674719
-0.0790101224545692,0.128596217042166
-0.099911167144865,0.251920986366875
-0.0816458463132982,0.308256504856688
-0.0364690551043069,0.275642487598491
0.0300891235611621,0.169868686311348
0.096536458567993,0.0124273135520765
0.128633158179907,-0.149879063305132
0.106722170857436,-0.257734363409342
0.0363705206592674,-0.275543959901924
-0.0648461924528912,-0.185830834505517
-0.140998896982983,-0.017760342767007
-0.150753530354527,0.17917994504834
-0.0744284023554432,0.317099730041097
0.0594638943283229,0.327113005364603
0.193109858273726,0.198984808378075
0.259865099080802,-0.0249408422128855
0.228556641286843,-0.228778342101063
0.11413668370537,-0.301383914585291
-0.0347816974416347,-0.198824707619626
-0.163242428778313,0.0511995463551355
-0.244604994467036,0.325622699720829
-0.258941368183123,0.490269229156892
-0.211683084905538,0.473666637438091
-0.126798005598148,0.288858075023765
-0.0183515342531812,0.0301876580062016
0.0791086568996087,-0.170090387125569
0.14064171383751,-0.200302677055912
0.146060966596763,-0.070290070387814
0.0946643513515489,0.136971408673992
0.0161715195493743,0.295706019874076
-0.0314069854905266,0.295816856784242
0.002857420033375,0.142415293357387
0.138609505862617,-0.102472995231169
0.347077982949732,-0.306938636178852
0.538500507180439,-0.383793370792401
0.636182377214915,-0.348358896992884
0.605612931132988,-0.244321720590933
0.452987266568127,-0.155778658830568
0.247080604070371,-0.130714643500028
0.0857472303947147,-0.158549865020549
0.0141885686742922,-0.206042144829009
0.0181298368131966,-0.217274761133784
0.0502511801590787,-0.176199360754681
0.049881684425771,-0.11194435472661
-0.00997633671644239,-0.0852915263011469
-0.108409525145872,-0.145395877651046
-0.185917039491541,-0.28965863280379
-0.199428210006517,-0.45356617752171
-0.161653608934916,-0.557393962323039
-0.103864752932958,-0.548476854863149
-0.0728888396118579,-0.434007619936448
-0.107140933813263,-0.243496517389821
-0.15442384901499,-0.0527637376486263
-0.181113625326666,0.0797860618073973
-0.132081776026149,0.124667256429742
-0.0154078978457352,0.100600888014724
0.118706087842425,0.0507068876268826
0.195597790587605,0.0112079835370744
0.185880098353801,0
0.0920409434548909,-0.00575178921830125
-0.0302369218544852,-0.0241649045471755
-0.136725075935629,-0.0531085980835561
-0.212668402362044,-0.0952924924110539
-0.248324563478837,-0.145112590277998
-0.285729672191366,-0.191890530789401
-0.324144730284543,-0.242646695761512
-0.335032499651333,-0.288402364181725
-0.290865637577572,-0.322679070061855
-0.157946349136713,-0.309857647410628
0.03691244661004,-0.231931363360659
0.232510247320353,-0.0897008161828081
0.325795136686766,0.0720266885245335
0.293230410270741,0.183071937529134
0.153339990364973,0.202987664762925
0.00370725600218749,0.100958064411725
-0.0563231957792703,-0.0709674752956026
0.0157650759298539,-0.235847987765595
0.197482207017647,-0.313995972629785
0.379026897765267,-0.25927390590751
0.465636279247306,-0.132956243075544
0.437025131870903,0.00940977968508708
0.312986023249138,0.0836411198989236
0.168095120288416,0.0640948850242049
0.0826188478077329,0.00174893810569593
0.0721498548937148,-0.0213813840822416
0.129125823656632,0.0693540167795919
0.172701479060156,0.27420147279689
0.163180855716431,0.518030554904987
0.119371176788143,0.688515052816824
0.070290070387814,0.719022952830758
0.0693170688933792,0.578060969991626
0.102423724634413,0.322100213096051
0.127647840723401,0.0523080301808224
0.0986918396605401,-0.126982751777683
-0.0203344851282634,-0.17126045076161
-0.194686368903524,-0.123053804662204
-0.345205902727177,-0.0604245798606868
-0.405975329525849,-0.0627277592465569
-0.356192172796645,-0.132968565786087
-0.221881119905524,-0.218900535611865
-0.0701053242082782,-0.260604083798945
0.0264311343597148,-0.20694125729949
0.04261496987116,-0.0513719765726003
0.0064538277373497,0.139730305650375
-0.0229086258024017,0.279854722087018
-0.000344861041237799,0.337249453805762
0.0537613710672029,0.308749143339524
0.106796073378334,0.251071137744677
0.104997868682787,0.199994771255667
0.0397575519466826,0.183244374495072
-0.0384150547189402,0.184710034717759
-0.0812147741438722,0.170583052602294
-0.0519262184854438,0.128485366635056
0.0246452473133574,0.0756723617639099
0.105995502101364,0.0332298221102147
0.169474562028134,0.0112203003427044
0.185325859815193,0.0107892239554832
0.169178965441488,0.0153586323103335
0.12864548089045,0.0250640068949487
0.0589589196379992,0.0452876416161017
-0.0291161254409635,0.081239406068014
-0.112609443672328,0.14029685340258
-0.167799523701769,0.199083349571587
-0.179845033994058,0.220649483207601
-0.165126845208355,0.193627155674593
-0.163981426993401,0.112215319389115
-0.196989541540922,0.00348555961665168
-0.276036625378649,-0.109838237482347
-0.353864354738161,-0.22674613412617
-0.360071869560786,-0.323122471690297
-0.265272029129512,-0.391047789630359
-0.0756354138776972,-0.419129316895352
0.158426691902895,-0.377745983722115
0.323578182532337,-0.247684106457261
0.348051004689584,-0.0305202024790604
0.238816262845656,0.204120787261226
0.0647353420457808,0.394976723248893
-0.0513842925346712,0.451841861850117
-0.0418882977408517,0.34922105482868
0.0737263587750404,0.121871431812564
0.182825618287716,-0.159584446325338
0.179352368517333,-0.356955802935875
0.0326140003870168,-0.401566039644188
-0.21018048354511,-0.287133759352172
-0.391885302045069,-0.080020078583689
-0.391183244967721,0.135148578802776
-0.196312143381606,0.263658577361974
0.11863219207,0.281098681495484
0.383485478489101,0.229073952184654
0.463000541891633,0.157786234881319
0.325708918203797,0.137882830358072
0.0578011719640287,0.177566479783857
-0.168994219261953,0.238656162087206
-0.225908608214515,0.262808728739776
-0.0993446126441869,0.214010902964022
0.100416141835189,0.0968813190029228
0.233778825156017,-0.0298304782349648
0.199268095751123,-0.1008841686393
0.024559032204625,-0.0708443089264213
-0.176605794251493,0.0598949732462213
-0.290397617521933,0.228014711961834
-0.27054347684697,0.377807583777887
-0.144201182090863,0.44138515790428
-0.0103827803359628,0.40079010029136
0.0304709352565407,0.283808301126639
-0.0297935303487521,0.118151849303818
-0.134458857932917,-0.0477386192952948
-0.170484511408782,-0.176544221189611
-0.0794412013724676,-0.263523095030722
0.105786123997686,-0.303551604891436
0.301383914585291,-0.285544926011831
0.393314007633071,-0.226881616457422
0.349097908704916,-0.135357956906454
0.195733272918857,-0.0479110495127597
0.0277736299003392,-0.00337471152932865
-0.0679868910019439,-0.0241402726230337
-0.0671616878008322,-0.119038639063756
0.000431076281776333,-0.246156873172692
0.0640333052138504,-0.332606153896282
0.0760418541229814,-0.327519452358359
0.0363089408489129,-0.210377538938244
-0.00981622330460746,-0.00873237393373945
-0.0242141717696952,0.193306927163805
0.0114543129012008,0.314611784230274
0.0714355020997136,0.310411885949235
0.113052838552297,0.182505389776929
0.0891588936062717,-0.00209379917329495
0.0103581475682619,-0.154276043973195
-0.0881735761497661,-0.212865471252123
-0.155335257202126,-0.175891441457492
-0.169782481325324,-0.0805743171222963
-0.139163744401224,0.000775937296652912
-0.089282059975453,0.0140900367599298
-0.0323553550608195,-0.0391663587733903
0.0169720891392261,-0.133030138847969
0.0767069498171715,-0.198332042142901
0.133621332021262,-0.198492156398295
0.154078988580061,-0.121920695660848
0.132759174185465,0.000197063446487052
0.0511010152843321,0.114814095361631
-0.0713615995788159,0.170373661001672
-0.173760692289087,0.140050534161162
-0.20694125729949,0.0368631793875202
-0.146590573211229,-0.105244194672677
-0.0179327729844718,-0.248706392045397
0.114309120671307,-0.35668483827337
0.184229691951577,-0.411764061147229
0.133916928607908,-0.414633808530722
-0.0141023527220007,-0.365010779553857
-0.185498283284186,-0.285372516039783
-0.317259830799547,-0.195523894815179
-0.354640294090989,-0.120171748065113
-0.310079321230959,-0.100465405683472
-0.216104697497742,-0.130197359596106
-0.102867119514382,-0.200980088712173
-0.00979158969334758,-0.281037108433602
0.037220359158757,-0.325930619018018
0.055300930436552,-0.323159426324982
0.0299536446041461,-0.280470560681396
-0.0304216680340209,-0.239358192170664
-0.108865235987912,-0.213481296349557
-0.175928396092177,-0.21433113147481
-0.210155851620968,-0.242424994947292
-0.180288422125555,-0.234948902289003
-0.0953294402972666,-0.161382644272412
0.00939746287945714,-0.0203960666257359
0.10078563419426,0.166986643211201
0.133793768987199,0.329514705698568
0.125677219307335,0.419991474731149
0.126798005598148,0.414695381592604
0.168612417689283,0.342397728405566
0.263855632755108,0.247610224181781
0.375171846422213,0.164708089001
0.441754677257241,0.121304870563414
0.418094722093618,0.0962162300572051
0.319907877368819,0.0645136479800324
0.202950723625184,0.00870774116603862
0.169376034331567,-0.0597225430287564
0.224455270702371,-0.113262216655975
0.333985595636001,-0.111291581742963
0.405150126324737,-0.0469011001321123
0.343617069386836,0.0555595757627493
0.125923538548752,0.134446535222373
-0.203665076419185,0.14566684231355
-0.480391409170749,0.0695264469970568
-0.602755519956983,-0.0566187923659164
-0.532256064717019,-0.173625209957835
-0.324969933485654,-0.233741870521332
-0.100256027579795,-0.227842301989786
0.0140777199542998,-0.164203114310677
-0.0330943431531987,-0.0880011459323012
-0.184882458186752,-0.0297812143866812
-0.322075567674964,0.000985317245615871
-0.340340902003476,-0.00778400605056459
-0.220366195834553,-0.00939746287945714
0.00791948753825773,0.00742682881000492
0.231192378642516,0.0268006284059044
0.375935476561443,0.0614468452034051
0.398006571390835,0.0813995203234079
0.306766199212914,0.0740342713237575
0.165213063691324,0.0613236788342238
0.000738987934211903,0.0414449062351186
-0.126293030907824,0.0014902923577191
-0.223186665872818,-0.0490072173763757
-0.285384825253381,-0.124457878326065
-0.30009069132854,-0.209884886958464
-0.264151242838699,-0.259902053715487
-0.168304498392093,-0.235564713889492
-0.0635899103338812,-0.108446479780557
0.02053154726987,0.098383927111823
0.0537121072189193,0.320400542845544
0.0222804864300148,0.467656178008601
-0.0201990027970112,0.487941384104518
-0.0368262315013075,0.364715169470266
-0.0172676840387542,0.136540329756094
0.0191644198051039,-0.0883090584810183
0.0469134160941832,-0.232497911112865
0.0238077281501749,-0.24937146749417
-0.0334268876260576,-0.164030690841684
-0.0728272598015034,-0.038144093430672
-0.0706718787089564,0.0679622590778021
0.00299290109928862,0.115282115417269
0.130037245340712,0.116242800949633
0.225317415041223,0.101734003764553
0.258522611975768,0.0938637800745791
0.203911395660603,0.1035322084601
0.0874592233557648,0.126354617466651
0.0129076554746994,0.123004540813921
0.0190782046963715,0.0842569382478853
0.106118668470545,0.0314562527130463
0.216905268774712,-0.0190905206584423
0.261897307055695,-0.0396343855775014
0.197691585121325,-0.0140038208076383
0.0483790763168707,0.0404103215560933
-0.127524681102692,0.099603254596148
-0.240712988489297,0.14486627103658
-0.259298551328596,0.168205970695526
-0.177911340218787,0.179241518110222
-0.0598457026494653,0.193479350632798
0.0263326032889115,0.216030801725317
0.048034215881941,0.23169735333284
0.0109493373673181,0.230748977014075
-0.0386737000451375,0.20313546980472
-0.0629125054260926,0.159621387463078
-0.0358532300068728,0.108446479780557
0.0283648213865134,0.0651048344048523
0.101524625660876,0.0338949144301686
0.159522859766511,0.0222558528187549
0.185375123663477,0.0135604284583462
0.176507266554926,0.00421223111429072
0.133005506923828,0.00689722050842133
0.0601166673119697,0.0333037212568763
-0.032281455914158,0.0844786390621061
-0.118164172014361,0.152059076321821
-0.164116895827708,0.210894836339111
-0.16722065323902,0.222004293023178
-0.146060966596763,0.193885797626555
-0.154263734759596,0.117659197324037
-0.209281384571573,0.0168735580684228
-0.293452111084962,-0.0914251251059291
-0.35897570169717,-0.210192792758709
-0.354923594960981,-0.318959501050053
-0.256502713214473,-0.398166699143174
-0.0711275895509965,-0.426888683429743
0.122154705688667,-0.37321354771669
0.268338831906139,-0.233335450521465
0.333037219317235,-0.0367277004305042
0.289018175782214,0.173551314185409
0.164498710897323,0.347065673736133
-0.0123657312110449,0.442875463548054
-0.179697228952262,0.429388938454165
-0.286259292302777,0.321743029950578
-0.313700362546194,0.153155244185437
-0.230576540048137,-0.0284756684193876
-0.0896761842586663,-0.143770103172964
0.0523696099911768,-0.161394966982955
0.147267971370545,-0.0700314216873805
0.158168049950934,0.0633189456713768
0.114912623058198,0.166112162664861
0.0519385344475147,0.193774947219444
0.0239924743297106,0.150211614526463
0.044622552670384,0.083234672905167
0.0996894730791166,0.0399422981262184
0.135222474575201,0.0544387759749914
0.11595952707353,0.0827543301389851
0.0461374801155913,0.0893682717099493
-0.0431322605235546,0.0407182341048103
-0.0920778980895759,-0.0575794778982803
-0.0633312683819201,-0.152182249439475
0.00855994371627459,-0.200561319007873
0.0803526230565478,-0.181975769665518
0.0767931615516677,-0.110059931548095
-0.0114789456689017,-0.020075838114948
-0.131601433259967,0.0421223111429072
-0.224110410267441,0.044006730947186
-0.222189039202713,-0.00209379917329495
-0.149583466718486,-0.0578873904469973
-0.0465316077730408,-0.106032449987576
-0.00044339277107163,-0.110035299623953
-0.0668045114038316,-0.0853531061115014
-0.206276168353773,-0.0493767097354473
-0.345600013513446,0.00657699241941291
-0.378891415434015,0.0638362430722438
-0.260222282226275,0.106130984432616
-0.0215168647263757,0.125467827706712
0.229394180695442,0.0894052195961619
0.365515754244181,0.0137944410168427
0.316582419143286,-0.0720882750833604
0.124925911878648,-0.113927305601692
-0.115454552383207,-0.0850575095248552
-0.271368680048082,0.00178588746813694
-0.269656700583976,0.0887894012472002
-0.133498172400553,0.105749169363001
0.0554610446919459,0.026098589886856
0.18367545341297,-0.128054287717158
0.194723323538209,-0.293415156450277
0.10008359736233,-0.392304058252424
-0.0156665431719325,-0.395333906394366
-0.044326959457974,-0.318799400291604
0.0564463621484516,-0.236784054870762
0.232226946450361,-0.204502588833896
0.410581701794534,-0.251218956283417
0.520912584508189,-0.349824557215571
0.523930123436532,-0.435965918641972
0.443244955907126,-0.433490309038637
0.323590491745935,-0.315375414369504
0.22423356988815,-0.119284971802119
0.17537415755357,0.0840352441821369
0.192604883583403,0.190387915932029
0.239271973687696,0.159793824429015
0.286394774634029,0.0337717480609873
0.287823480222031,-0.103458312687674
0.22911087982545,-0.167159066680194
0.11148864388457,-0.113274525869573
-0.0431199445614837,0.0115897935453349
-0.171408242306461,0.122647357668448
-0.250947991620913,0.157527592929358
-0.251834767883906,0.094184008585367
-0.168169016060841,-0.00209379917329495
-0.0433416420014684,-0.063454428002629
0.0782095579260717,-0.0564956259967351
0.137427119516032,0.0029805847154382
0.112929672183116,0.0507561548494024
0.0206054464165316,0.0426396017953018
-0.101105862705048,-0.03196122740337
-0.192925112094191,-0.13576440390021
-0.220637160497057,-0.20428090151662
-0.196287511457464,-0.200438159387164
-0.151443264721332,-0.125012130361617
-0.126576318280872,-0.0168489244571629
-0.153500104620367,0.0752043349597989
-0.216437248719074,0.112868085624289
-0.261367713938175,0.0939746304816895
-0.240577506158045,0.0361734585176607
-0.133350367358757,-0.0188072434081033
0.0235737147481194,-0.0674819163116202
0.172676847136014,-0.0930632155460815
0.242757532671678,-0.099443140340754
0.214023225674565,-0.104985552720716
0.134914568774957,-0.103224295911383
0.0639717186550236,-0.0858827127259669
0.0697974116595612,-0.0761773364542336
0.15664080316942,-0.0747116762315461
0.273585634202511,-0.0948244656069429
0.332790900075817,-0.128288297744977
0.295866120632526,-0.147957692240405
0.156271310810348,-0.14144228511448
-0.0273918198920787,-0.107436530399909
-0.156542275472852,-0.0643289018004966
-0.178133041033008,-0.0348432806262254
-0.0747239989420893,-0.0158389750765155
0.0588111213446761,-0.0100256030954031
0.146110230445047,0.0238693096476474
0.131416687080431,0.105071764455213
0.0306433654740056,0.223075815465707
-0.0742436561759074,0.342003617619298
-0.122154705688667,0.409337715392178
-0.0672109516491158,0.40055609026354
0.060399947936545,0.312752013221318
0.169536148586961,0.188134007142915
0.185830834505517,0.0923119081173952
0.0833578392743483,0.0701176401703491
-0.116058054770098,0.102904067400595
-0.310399549741747,0.139644087167406
-0.42332924217028,0.131786179439503
-0.429512111571819,0.056532577257184
-0.352029202156402,-0.0382426245014753
-0.254359641335525,-0.0931863751667905
-0.188688245681522,-0.0781602873293158
-0.178859716537552,0.00332544557214746
-0.197088082734434,0.102977969921492
-0.22206586608506,0.172886225239692
-0.226093354394051,0.166826528955807
-0.201090925622339,0.119752991857757
-0.168181338771384,0.0794781492586803
-0.132820760744292,0.0851560439698947
-0.0959329494326298,0.150864380761638
-0.0459280986376776,0.231734307967525
0.0492042795179824,0.267710684098162
0.1741548165723,0.219664165751095
0.297454953972867,0.114383016443732
0.359628467932344,0.0311237082401875
0.31723521237235,0.0424548556157661
0.171186554989185,0.152305409060184
-0.0313084544197232,0.318380644084249
-0.211991004202727,0.423698734529352
-0.314574829595589,0.409781117020619
-0.343518541690269,0.252512179540167
-0.312912113979767,0.0106660592734199
-0.265567639213103,-0.202741332024562
-0.236020424731533,-0.305768559045865
-0.200758387897952,-0.285052287528995
-0.14673836475608,-0.177689652901511
-0.0322321886916382,-0.0852668876285327
0.119592877602364,-0.0605846941160807
0.246834284828953,-0.120171748065113
0.282872261015361,-0.220341563910411
0.194895747007202,-0.282244113207384
0.00318996450623384,-0.266454415476097
-0.199120290709327,-0.169831745173607
-0.322839197814194,-0.0368631793875202
-0.329908843478726,0.0975340919865696
-0.236279080180438,0.205475597076803
-0.12358341127667,0.261527814696624
-0.0798353256556809,0.268375786540825
-0.145506728058156,0.222657059258352
-0.272698857939517,0.110848186862994
-0.378189385350557,-0.0481204309906734
-0.360860118127212,-0.224738544578474
-0.198578374881263,-0.343420013993702
0.0756230979156263,-0.354591030242705
0.327383970027107,-0.245898244717675
0.449834272302421,-0.0364690551043069
0.384741747111167,0.180670237195169
0.159042517000329,0.326103055983955
-0.116550706749878,0.355834989651172
-0.331941051453619,0.299080741947893
-0.394373220862002,0.2217949149195
-0.301691806888591,0.191003741029463
-0.101807906285451,0.234246845211656
0.122203969536951,0.295040917431414
0.296001602963778,0.304216707334099
0.376046313471609,0.212040268051011
0.384359945538497,0.0222928023920856
0.324378740312362,-0.216806741078145
0.227805347355101,-0.416087159539811
0.130234300733846,-0.51984103507177
0.0225144981449522,-0.511933876992528
-0.0717064600137456,-0.424511601522976
-0.134988464547382,-0.286961322386235
-0.161826032403909,-0.132968565786087
-0.147169443673978,0.0130308201567626
-0.122462611488912,0.162232479397665
-0.0790840249754669,0.289991170528177
-0.0281431239465288,0.371218267382592
0.0416789196371742,0.3563030367007
0.139483972912012,0.255948474675866
0.251773194822024,0.10744884636198
0.350735978899652,-0.0209872564247921
0.396737993555172,-0.0522218116978538
0.35874169166935,0.0228963098403308
0.212434392334224,0.149066182814564
0.00689722050842133,0.248041289602734
-0.187641355163134,0.252930935747522
-0.289633987382704,0.1534015769238
-0.254199540577076,-0.00071435500834375
-0.123817421304489,-0.123546470138929
0.0419129330392297,-0.152096030956506
0.158993253152046,-0.0804880986393277
0.178711911495757,0.0500787499416138
0.120073220368545,0.160668291478411
0.0492165954800533,0.196570785333567
0.0159498221093897,0.150839748837496
0.0421962102895688,0.0808083271501156
0.104049499112494,0.0342151395667204
0.144435192118682,0.0405704358114872
0.124310086781214,0.0761773364542336
0.0364690551043069,0.0894668061549888
-0.055904436197679,0.0441545292405091
-0.0963763443125991,-0.0508793178443475
-0.0627893390569113,-0.155335257202126
0.0210734715335245,-0.210192792758709
0.0807097994535485,-0.18706247120344
0.0632450498989515,-0.103273559759666
-0.0302122899303434,-0.00305448344032022
-0.137045304446417,0.0543402449041881
-0.201263362588276,0.035200457023226
-0.196595417257709,-0.015297050812861
-0.137106891005244,-0.0650678865186397
-0.0791086568996087,-0.0815226866925892
-0.0620626703008392,-0.0717557306105015
-0.089750086779564,-0.0703393342360975
-0.135382588830595,-0.106697538933294
-0.170213546746278,-0.14106048354181
-0.176642748886178,-0.127179820667762
-0.137587233771426,-0.0279953256532057
-0.0389446647076419,0.122290188019919
0.107288732106586,0.253189591196428
0.263720150423856,0.293452111084962
0.368816567048627,0.213370445942446
0.372240525976838,0.0673710659045098
0.237818622678607,-0.072556295138999
0.035520685534014,-0.153044393778327
-0.114604717257953,-0.154276043973195
-0.149583466718486,-0.125036762285759
-0.0547220565995667,-0.0975464079486405
0.0866217041925823,-0.0809314935192969
0.156148151189639,-0.0552393472519613
0.109123884688345,0.0126490101485021
-0.0369493978704888,0.124962853016389
-0.175854486822807,0.27473106591441
-0.212409760410082,0.411936498113166
-0.100847220753087,0.499839102851956
0.108926822546739,0.495368212914523
0.305115792810691,0.404115558516893
0.362830753040223,0.255098626053668
0.230083901565302,0.0931617432426487
-0.041223208795134,0.00240171066756319
-0.314328510354171,0.0212828530114382
-0.456632953304448,0.139471650201469
-0.431618201822193,0.310953815274244
-0.287047540869203,0.46925734755643
-0.11908790291204,0.54664170228139
-0.0195215978892226,0.548600000986914
-0.0212089538647767,0.499863775266932
-0.0833085686775924,0.446102367083131
-0.124063754042852,0.416444315691395
-0.0928415147318607,0.405174771745824
0.0153709482724044,0.378903751641503
0.148930700483312,0.306445970702126
0.243866009748893,0.172356618625226
0.253645302038468,0.00288205280107583
0.195166711669706,-0.147095547901553
0.124482510250207,-0.266996344801106
0.0854885884427535,-0.298945259616641
0.0854270018839267,-0.27458327436956
0.0967581526337415,-0.20774182857646
0.0672848474215411,-0.109333262792023
-0.0109370214052472,-0.00367030685063624
-0.114924932271796,0.100391509911047
-0.195868755250109,0.166050589602979
-0.218949799460149,0.175768281836783
-0.188146329853458,0.100797950156331
-0.143683884689996,-0.0575548459741385
-0.136257055879991,-0.235687887007146
-0.1669989524248,-0.350723669686053
-0.213000953583375,-0.340969022817564
-0.202100875002986,-0.206177627160261
-0.084651069279571,0.0155433801769874
0.133067093482654,0.219984394261883
0.373619967716557,0.324932978850969
0.52981738275448,0.313725007967281
0.5448927681826,0.196496889561142
0.422467084334484,0.0494752408062506
0.242190984919472,-0.0578258038881705
0.107806022758981,-0.103593788270454
0.085242255704391,-0.100958064411725
0.176962977396966,-0.0916468191716776
0.297368735489898,-0.0837765954817034
0.345230521154374,-0.0900087287315251
0.266996344801106,-0.0505221414473469
0.0691200067517726,0.0546974213011887
-0.176753599293289,0.187789146707985
-0.353285497772357,0.290668582184438
-0.387894768370763,0.299191578858059
-0.310596632128771,0.199181877268154
-0.173243408385165,0.0120701363115169
-0.0484406595014614,-0.158636070006573
-0.00640456220194804,-0.243287152783088
-0.0419745128495841,-0.237055019533267
-0.115626975852199,-0.175989969154059
-0.166099853451263,-0.139668719091548
-0.168883368854842,-0.174351885462379
-0.124285454857072,-0.290200562128799
-0.068405647209299,-0.417109418134057
-0.0432307949685941,-0.482300471021878
-0.0639594026929527,-0.452469982664205
-0.122228601461092,-0.345612322727044
-0.180226835566728,-0.234998166137287
-0.194711000827666,-0.19106532758829
-0.139028262069972,-0.223999559860331
-0.0380086110994198,-0.256650504759324
0.0737756293717964,-0.216400294084389
0.148117806495799,-0.0774828824215272
0.134089365573845,0.128497689345599
0.0518892672249949,0.307221910054954
-0.0643658496867093,0.376846898245523
-0.14444750133228,0.308946225726548
-0.135567335010131,0.142119696770741
-0.0212828530114382,-0.0224775485716214
0.155138201808992,-0.0912280562158501
0.307899321711215,-0.0470488984254354
0.367794281460492,0.0634913758888417
0.297873710180222,0.141750204411669
0.120122484216829,0.126465467873761
-0.0928907853286167,0.0166149110551074
-0.231056896311264,-0.106709854895365
-0.23657466327014,-0.15720736441857
-0.134631281401909,-0.108015400862659
0.00644151135349929,0.0252857026478152
0.0886908668021607,0.146726055542481
0.0564340428121445,0.18831875332245
-0.0767685296275259,0.124125340601678
-0.233187631982725,-0.0133140990942198
-0.318232825545509,-0.161739827417885
-0.288340764125953,-0.250184361481683
-0.167787214488171,-0.266023323061254
-0.0142132005984339,-0.216511144491499
0.0750072728181922,-0.134027779015018
0.0510148001755997,-0.0614345292413342
-0.0714108634270994,0.00433539579635393
-0.223999559860331,0.0428489832732155
-0.320375897424457,0.0514951429417816
-0.319476784953976,0.022243536856684
-0.247597914968182,-0.0615207477243028
-0.154830282511802,-0.187259540093519
-0.0932479617256173,-0.301445487647173
-0.0922010577102848,-0.339441789532994
-0.123879007863316,-0.261811115566616
-0.151751170521576,-0.0940485330025872
-0.128312943166064,0.0771503379486684
-0.0361118753330701,0.162429548287744
0.100071281400259,0.111500959846641
0.230453393924373,-0.0489702661159269
0.303662441801602,-0.213111803990485
0.278980255037622,-0.295976984536581
0.163427174957849,-0.255480454620227
-0.00835056392547895,-0.118139540090219
-0.188257180260568,0.0315547837838496
-0.317715541641587,0.106167932318829
-0.361352783603937,0.0640086732897087
-0.300373965204643,-0.0213321185468399
-0.156948722466609,-0.072285337224967
0.0200019406554045,-0.0294363539517515
0.160889992292631,0.102546891003594
0.194649414268839,0.218260078590289
0.108606594035951,0.234086744453206
-0.0647722899319935,0.117770047731148
-0.248213726568672,-0.0860674589055026
-0.346166588259541,-0.255862256192897
-0.319760085823968,-0.295632110604706
-0.159338113586975,-0.199723806593163
0.0666936609967212,-0.00514828261361517
0.279103428155276,0.184266633089318
0.396171418809076,0.257980682650759
0.389187991627513,0.219085281791401
0.292823963276985,0.104111078922849
0.137661129543851,0.00780863881826542
-0.00586263751651404,-0.0164671144489024
-0.115232851568986,0.0230317904844649
-0.167466985977383,0.0584785768718173
-0.160594395705985,0.0340550253113264
-0.106414258308719,-0.065191052887821
-0.00479110495127597,-0.188836050723317
0.118373550118039,-0.252019514063442
0.217397934251437,-0.221425409063484
0.251218956283417,-0.107522742134406
0.200019403179809,0.0221203721746208
0.0583677264647069,0.0917699855408589
-0.118681455918283,0.0916345032096067
-0.268966979714117,0.0257290958406664
-0.328517092525408,-0.027638147569087
-0.290299089825366,-0.0141762510251032
-0.191853576154716,0.0644151135349929
-0.108963770432951,0.15891935737962
-0.0949106840899115,0.19395969339898
-0.152354672908467,0.124063754042852
-0.260197636805189,-0.0271454905279523
-0.31936594804381,-0.187567445893764
-0.274977412149718,-0.274570965155961
-0.0950338437106204,-0.259200023632029
0.172578319439447,-0.168809473082417
0.435879700159003,-0.063183470088597
0.602583082991046,-0.00355945855242345
0.632585981320767,-0.00284510343863482
0.544547894250725,-0.0268006284059044
0.365195525733393,-0.0276750971424178
0.169708572055954,0.0235737147481194
0.0377499657732225,0.10008359736233
-0.000566557400412393,0.143277437696239
0.0489825820779978,0.100625519938866
0.137069949867504,-0.0390308798163743
0.200216458572943,-0.235552404675894
0.193146812908411,-0.400346698662918
0.107547374058548,-0.457679830325891
-0.0292269724738378,-0.376600552010216
-0.149263238207698,-0.190141596690611
-0.17461052741434,0.0330327599686081
-0.0864862218613301,0.211867844582018
0.0975710398727822,0.287897389491401
0.294449751252011,0.258313220375146
0.402575989024835,0.153906551614123
0.378534259282432,0.0335254186968609
0.229541972240293,-0.0639594026929527
0.0296334160933581,-0.12323855084174
-0.124704211064427,-0.140506231506258
-0.144977107946746,-0.135444175389422
-0.048489923349745,-0.120393448879333
0.0820892411932674,-0.096659618188702
0.153561691179194,-0.0525789914690906
0.104295831850857,0.0242018541205063
-0.0328233818649305,0.129852499161176
-0.169474562028134,0.266688425503916
-0.201595900312662,0.394755022434672
-0.0875208031661193,0.487399508767288
0.128620848966308,0.507438368627898
0.321779984585263,0.416850762685151
0.37115669432071,0.24944537676354
0.232805830410055,0.0662625820788228
-0.0464207573659304,-0.0383288396102078
-0.317050439198924,0.00564094134186798
-0.444156377591206,0.190634248670391
-0.410594011008132,0.398770201530065
-0.266959390166421,0.49896466279645
-0.115590021217514,0.425632414807678
-0.0449920484036917,0.214466613806062
-0.0770394942900303,-0.00232781194268118
-0.160754509961379,-0.0964871879712371
-0.231685044119242,-0.025014741359547
-0.270802132295876,0.0961546434983783
-0.278647717313236,0.146836905949591
-0.28912901269238,0.0444131745667064
-0.319858613520535,-0.196349098016291
-0.359961005656731,-0.430017086262142
-0.393794336902308,-0.538894617966708
-0.381810426665792,-0.482411307932044
-0.307985540194184,-0.270666649964624
-0.17792366292933,-0.0125012126987381
-0.0255443496611306,0.167873419474195
0.0947259379103758,0.205056827372503
0.14821634768931,0.0984085590359648
0.134976141836839,-0.0658068779852551
0.0752659215186257,-0.195708640994715
0.0177849763782669,-0.239604511412082
-0.0113557809868385,-0.182382216659275
-0.00973000735231598,-0.0828159166978119
0.009114184785559,-0.012045503543816
-0.00214306491958637,0.0124026807843757
-0.0521848638116411,-0.00548082708647401
-0.128399148152087,-0.0191397878809621
-0.19243246011441,0.01065374246779
-0.204810508131085,0.0637500245892752
-0.158032567619682,0.112473961341076
-0.0744284023554432,0.080180192839083
0.00245097662474438,-0.0412847919797247
0.0418759817787808,-0.221031284780271
0.0198048768266798,-0.365885246603252
-0.0501649650503462,-0.387315884411069
-0.132402004536937,-0.277908732595093
-0.19822119173579,-0.0686027093509056
-0.222558531561785,0.143917894717815
-0.191915162713543,0.291013456116312
-0.107892234493477,0.342015926832896
0.00939746287945714,0.318245161752997
0.13785819843393,0.262389972532421
0.2300962107789,0.188762154950892
0.251514539373118,0.0976203037210658
0.21711464687839,-0.0268991611638259
0.131897029846613,-0.171285082685752
0.044930465219101,-0.300349319783557
-0.012045503543816,-0.348679125503672
-0.0315301518597079,-0.279633021272797
-0.0176371780849438,-0.098223812856429
-0.0225883972916137,0.124765797623254
-0.0719404767900373,0.265740049185151
-0.167614777522234,0.281135636130169
-0.260160709164393,0.185436696725359
-0.288833429602679,0.0712753878443196
-0.213900052556912,0.0473814428982942
-0.0552023993657486,0.14845035771713
0.135678185417242,0.315387723583102
0.2538669758588,0.431162490980152
0.258448702706398,0.417675965886263
0.153487795406768,0.240257277647257
-0.0217385621663603,-0.0250640068949487
-0.162220170184067,-0.24396453744546
-0.207828033562484,-0.325401025900497
-0.156542275472852,-0.245873599296589
-0.0393880562133749,-0.0768301094378804
0.0876316535732297,0.0595870606975042
0.173157189902196,0.0765098809270925
0.216720522595177,-0.00013548111863606
0.246119918538007,-0.0793057190412154
0.284387185086332,-0.0666197584758235
0.321866203068231,0.0553378783227646
0.333616103276929,0.20755706889998
0.282256449414872,0.277785559477439
0.174007025027449,0.189944527800532
0.0438466166917921,-0.0460512650068589
-0.0243250188025695,-0.301938153123898
0.00268498939413061,-0.445831402420626
0.106094029797931,-0.396528601954549
0.222607795410069,-0.175115502104664
0.291075029178194,0.121378766335839
0.254261113638958,0.336461205239335
0.130640747727603,0.372770146088248
-0.0235244492127177,0.252499870326569
-0.118484400525149,0.0549314347032442
-0.0910925806330703,-0.0994185084166122
0.0221942713212823,-0.145038694505573
0.166457036596735,-0.106118668470545
0.257241697932616,-0.0431445798598617
0.267082563284074,-0.0147058593266868
0.206990521147774,-0.0302615571528631
0.120750632024806,-0.0490564812246593
0.0606339579643643,-0.0417528187838357
0.0355699527565337,0.0121440346146193
0.0296949992779488,0.0831854090568834
0.00998865352207232,0.117868575427715
-0.0355945846806755,0.0939869464437603
-0.101524625660876,0.00624444794655406
-0.153537059255052,-0.105761485325072
-0.169610044359387,-0.193467041419199
-0.14315427807553,-0.222681691182494
-0.0721129070075022,-0.192235391224331
0.00392895259861307,-0.12483969339568
0.0859566152468646,-0.0457926196806616
0.175571212946704,0.0369740297946306
0.275519341474727,0.140543186140943
0.395986672629541,0.263744795844942
0.494789355948719,0.362559788377719
0.529176925732904,0.394890504765924
0.454920946846453,0.32675582221913
0.270912969206042,0.15354936846865
0.03536057127862,-0.0446841358549746
-0.174401149310663,-0.193467041419199
-0.264508398990283,-0.228556641286843
-0.21261913851376,-0.153438531558485
-0.0566926881383418,-0.0285372516039783
0.105404308928071,0.0613483175068379
0.200684492125527,0.0693293848554501
0.1817294504241,0.00496353559052036
0.0640209892517796,-0.0689106218996227
-0.0611635645788298,-0.0637869724754879
-0.135481116527163,0.0365675861751102
-0.116070363983696,0.177381733604321
-0.0220957385633609,0.267242664042523
0.0825572679973784,0.247634842608978
0.134926877988555,0.11703104951606
0.109924455965315,-0.037220359158757
0.0131909344121566,-0.119001684429071
-0.115109691948277,-0.058392365137321
-0.223716272487283,0.101216713112159
-0.290754800667406,0.25150223015952
-0.316348409115466,0.304807873513502
-0.306359752219158,0.226943189519304
-0.281332691523304,0.0633189456713768
-0.245319360757982,-0.0699575259149551
-0.20763097816935,-0.0627400752086278
-0.163328647261281,0.102128128047767
-0.120368816955192,0.346166588259541
-0.0770271715794871,0.523609867931855
-0.0283401860881354,0.522747737089948
0.00848604456961305,0.325327116631127
0.0453861760611412,0.00586263751651404
0.0665212307792563,-0.294769979762799
0.100317607390149,-0.429315029184795
0.147538936033049,-0.375541338781285
0.206953566513089,-0.182493067066385
0.28623464688169,0.0414818541213313
0.364653596408384,0.189501139669035
0.408586421460436,0.206731865698868
0.416838453471553,0.0948614134931556
0.383005122225975,-0.0723592329973924
0.309882265837825,-0.227386591147746
0.231130778586745,-0.337003134564344
0.167627100232777,-0.37153849589338
0.128288297744977,-0.359382148690926
0.0921271619378595,-0.319328993409125
0.0494629248441797,-0.262759464891492
-0.0245713481666959,-0.192752688625198
-0.086609381482039,-0.117720770385919
-0.109271682981669,-0.0463838094797177
-0.0357054317135497,-0.00567789049341923
0.149460307097777,0.00943441245278791
0.379051543186354,0.00885553861580266
0.558539367041049,0.00088678554214326
0.603605341585292,0.0027958376923434
0.484074023547866,0.02470682881083
0.212853148541579,0.0687505076442287
-0.100563940128512,0.124630315292002
-0.317949551669406,0.178921289599434
-0.365121616464023,0.210586930538867
-0.271122360806664,0.215525827034993
-0.128251356607237,0.187899997115095
-0.0562246647084669,0.117979425834825
-0.127537003813235,0.018991989587639
-0.304573863485682,-0.0838874458888138
-0.484529734389906,-0.160742187250836
-0.576225817409867,-0.182431480507558
-0.534214363422542,-0.150137718754038
-0.38775928603951,-0.0591682977416768
-0.22122835367035,0.0427627681644831
-0.136232423955849,0.110798923014711
-0.177849767156905,0.119531291043537
-0.303342213290814,0.0577395921536742
-0.412392208955207,-0.0502511801590787
-0.419794419338014,-0.167491617901525
-0.291900232379306,-0.244555730618752
-0.0799215441386495,-0.259926699136574
0.127955760020591,-0.199132613419871
0.242671314188709,-0.0772611883557788
0.248189081147585,0.0537983223276517
0.171987126266155,0.146208758141614
0.0703516501981684,0.177529538646117
-0.0100502358631039,0.137907462282214
-0.0569143889525626,0.0436249192518074
-0.0756723617639099,-0.0374420532245055
-0.104357411661211,-0.0679006725189753
-0.152169926728931,-0.0286604145989234
-0.204441015772014,0.0666567131105085
-0.255911520041181,0.141700940563386
-0.279140382789961,0.133855342049081
-0.298957568830239,0.00396590175016431
-0.331300594432043,-0.202063933865246
-0.367474052949704,-0.404177131578775
-0.402452815907182,-0.508965628906357
-0.393892891592765,-0.45425587139768
-0.321065618294317,-0.269570482101008
-0.184315910434546,-0.0212459034381075
-0.0203344851282634,0.165890475347585
0.104529841878676,0.206103731387835
0.153130612261295,0.101992652464987
0.13405241093916,-0.0669523029486823
0.0740958578825843,-0.203283261349571
0.00985317203437918,-0.238040323492827
-0.0154202154949242,-0.181015097630099
-0.0119962371648553,-0.0859442925363213
-0.00436002856405476,-0.0150507214487346
0.0012316465042974,0.00688490412457092
-0.0371218280879537,-0.00190905215020014
-0.114604717257953,-0.00657699241941291
-0.18855276335027,0.0159990893319094
-0.222398417306391,0.0636884447789207
-0.194156762289059,0.0985317254051461
-0.0829390763185208,0.0819414428999443
0.0788130603129626,0.000751304370784759
0.244161619832484,-0.10723946150983
0.356672529059772,-0.177086137017675
0.387365148259352,-0.185880098353801
0.344097398656073,-0.135899872734518
0.254667560632714,-0.0750934913011608
0.165040640222332,-0.0565818411054676
0.116735452929414,-0.0887894012472002
0.108988402357093,-0.138929734373405
0.112202996678571,-0.149792858319108
0.102165082682452,-0.0777907949702443
0.0427874000886249,0.0576533736707056
-0.0387352832297282,0.205327792035007
-0.100748686308048,0.294289623499672
-0.0838504980026011,0.295976984536581
0.0509162691047964,0.212532933527736
0.257992991864358,0.0916345032096067
0.466929502504057,0.0193614836338286
0.585438561947237,0.0331682422998603
0.565116374222745,0.118422813966322
0.41084033024955,0.237178165657031
0.192420137403867,0.333505239372874
0.00971769139024509,0.362338087563498
-0.0546112061924563,0.305633076714613
0.0258645781719186,0.195499249394093
0.1888976237852,0.0778277428564569
0.325967573652703,-0.00530839644722962
0.351536563673566,-0.0337348001747746
0.220206081579159,-0.0161715195493743
-0.0246452473133574,0.0249901077482872
-0.303120539470483,0.0465685556592535
-0.500935270715572,0.0355083695719431
-0.553834494069686,-0.00785790519722613
-0.483113365009391,-0.0619518198937288
-0.323011634780131,-0.0894914380791305
-0.148782895441516,-0.0766330472962738
-0.0415557532679929,-0.00358409132012429
-0.0369001306479691,0.12533234537546
-0.113865719042865,0.266786953200483
-0.226844661822737,0.377622837598351
-0.299400970458681,0.415064873951676
-0.305374448259597,0.363594383179453
-0.229492708392009,0.257019997118396
-0.107264100182445,0.13188470713607
0.0131663016444558,0.0518892672249949
0.0865724335958263,0.0569513368387753
0.0963270737158431,0.126293030907824
0.0496599869857864,0.202839873218074
-0.0198171927887507,0.214060166812306
-0.0617178098659095,0.118435136676865
-0.0522464469962317,-0.0806235809705799
-0.0105921601267584,-0.306125742191338
0.0372573070449697,-0.47999729838448
0.0688367261271973,-0.532527029379524
0.0514212437951201,-0.454169652914712
0.0188688249055758,-0.27922657427904
0.0126120605751713,-0.0698713074319865
0.0579489702573518,0.0923981266003639
0.146676791694198,0.158475955751179
0.225366678889506,0.137956726130498
0.229431108336238,0.060670905850577
0.125960493183437,-0.0303108210011467
-0.0836287971883803,-0.103926332743313
-0.310017748169077,-0.140235280340698
-0.469897804578006,-0.1352347837888
-0.497191056282684,-0.0896269204103827
-0.365712809637315,0.000234012848469891
-0.129224351353199,0.106697538933294
0.12727834836433,0.205968249056583
0.305891732163519,0.268622105782242
0.373349003054053,0.275285331446907
0.342668693068071,0.21973806152352
0.262008170959751,0.129372156394994
0.163267060702455,0.0457064045719291
0.0748225266386565,0.00133017831321489
0.00835056392547895,0.019312218098427
-0.0482189620614768,0.0848973952694612
-0.0780001730739218,0.163340969971825
-0.0604615277468994,0.206657969926443
-0.00118238065256109,0.188589717984955
0.0772242404695661,0.0893436397858075
0.114210579477795,-0.0602890975294346
0.0905137034218488,-0.231463343305021
0.00572715645060042,-0.356475446672748
-0.0964748720091662,-0.418895306867533
-0.144496778677509,-0.399730887062429
-0.0867571797753621,-0.281111017702972
0.0887278146883733,-0.105404308928071
0.292220460890094,0.0790101224545692
0.420644240966323,0.203677385632784
0.388609107667819,0.210820940566686
0.205327792035007,0.0953910268560934
-0.0397082847241629,-0.095600404959771
-0.199785379655045,-0.294166450382019
-0.181901873893093,-0.4215802810776
-0.00650309369453089,-0.440005716164561
0.230182429261869,-0.346696181377062
0.405692055649746,-0.189710517772713
0.439057366839685,-0.0371710919362373
0.314550211168392,0.0640456211759213
0.119112534836182,0.105564423183465
-0.0298797454574845,0.11943276334697
-0.0589712356000701,0.143819367021248
-0.00640456220194804,0.191767371168693
0.0543402449041881,0.257623499505286
0.0392033100338392,0.294769979762799
-0.0753767651772637,0.287663379463582
-0.213087172066343,0.223408366687038
-0.289018175782214,0.120541240424184
-0.241612100959778,0.0284756684193876
-0.103039549731847,-0.038144093430672
0.0482682292839965,-0.0659916241647908
0.0992460781991474,-0.0613359947962947
0.0168735580684228,-0.0437973494692723
-0.154497744787416,-0.04106309453974
-0.322038613040279,-0.0439328318005245
-0.376354232768798,-0.0589096557897156
-0.291961805441188,-0.0787022166543245
-0.117018740302461,-0.112769557927722
0.0403117904852899,-0.160766819174978
0.086018195057219,-0.218321665149116
0.0178958234111411,-0.244223192894366
-0.091560600688709,-0.193146812908411
-0.137119213715787,-0.0311852914247781
-0.0652526326981754,0.197445252382962
0.0934696557913657,0.406036902587731
0.242572786492142,0.509963269073406
0.295274954453123,0.452777901961394
0.213752261012061,0.227140244912439
0.0302861890770049,-0.079859964328295
-0.165422441795002,-0.345218211940776
-0.265062664522779,-0.464146000597422
-0.23162344406347,-0.40756416286619
-0.0851560439698947,-0.239604511412082
0.113175998173006,-0.0508546859202057
0.281147945343768,0.0572223015012796
0.372511490639343,0.0368878146858982
0.392033093589919,-0.0587372255722508
0.358852528579516,-0.153992770097092
0.278746245009803,-0.191668829975181
0.159202631255723,-0.158205004585619
0.00469257345869312,-0.1035322084601
-0.152859647598791,-0.0686642959097325
-0.246119918538007,-0.103901700819171
-0.245836644661904,-0.186360441119982
-0.152995129930043,-0.251218956283417
-0.0246698809246173,-0.254741442908195
0.0609541864751523,-0.170385983712215
0.0434648049964135,-0.0307788478052577
-0.0816581622753691,0.0711768533992801
-0.243779791265924,0.0692308504104106
-0.327581025420242,-0.0550669170344964
-0.281566728545012,-0.250837127716857
-0.0951570100798017,-0.416900026533435
0.13725469604704,-0.468235088962184
0.279522184362631,-0.378398776951179
0.253793093583319,-0.16962236706993
0.0726671455461094,0.0963640283505282
-0.172602951363589,0.316188308357017
-0.346659226742377,0.419215535378321
-0.359566894870462,0.420804368718662
-0.234911947654318,0.337816001557968
-0.06287555753988,0.237141238016235
0.0603383613777181,0.155593912651032
0.0616685392691535,0.115565389293372
-0.0459404145997485,0.103261243797595
-0.177652698266826,0.0770641262141721
-0.243705908990443,0.012045503543816
-0.214010902964022,-0.100071281400259
-0.107165565737405,-0.2255267931449
-0.0102842484216004,-0.328566356373692
0.00157650757189642,-0.347730776178796
-0.087865663601049,-0.275322259087703
-0.203098515170035,-0.116673879867532
-0.25621943933837,0.0551038649207091
-0.184783930490184,0.176827495065714
-0.00984085607230829,0.190979109105321
0.203492639453248,0.0779262773014964
0.343346104724332,-0.107719804276012
0.341671079894911,-0.30534980283851
0.2077787697142,-0.408906649971224
-0.0205192313077991,-0.393548017660891
-0.222743277741321,-0.26056712916426
-0.32888658488448,-0.0450536315882823
-0.332630772323479,0.172344295914683
-0.273597970409999,0.344639327981082
-0.228815296735748,0.43018949623419
-0.213739938301518,0.437234523471525
-0.247979716540852,0.374112633193282
-0.284042338148347,0.259200023632029
-0.262057434808034,0.129384465608593
-0.161370335058813,-0.0113680977924684
0.00917576712659061,-0.129889440298917
0.201940760747592,-0.20016719472466
0.341978972198211,-0.215304126220773
0.390456596457066,-0.1775788024944
0.349615192608838,-0.112412381530721
0.252228905664064,-0.0693663327416628
0.164301642007244,-0.069341700817521
0.113927305601692,-0.107177881699476
0.105502843373111,-0.151086081575859
0.108828288101699,-0.143622298131169
0.0945042370961549,-0.0672232676111867
0.0484652914256032,0.0647846058940644
-0.0275149828870238,0.201866864975167
-0.0815596345788019,0.287404724014676
-0.0661394224581139,0.294523633527492
0.0474430260828849,0.207704873941775
0.249814869122611,0.0901195791386356
0.461596481724717,0.0110109197083497
0.597718082267344,0.0166025950930365
0.591695313624256,0.104135717595463
0.4284405621354,0.224898658833868
0.182603917473496,0.332840163924101
-0.0218494091992345,0.365404890340126
-0.0613975813551215,0.312049956143971
0.071349283616745,0.195154388959163
0.259704998322353,0.0687751395683705
0.358495345434043,-0.0141023527220007
0.281505128489241,-0.0395481704687689
0.0840106122579951,-0.0143363652804971
-0.072445451480361,0.0306679973981473
-0.0711275895509965,0.0561261336376636
0.0864369512645741,0.0570498645353424
0.272637284877635,0.0494875567683215
0.337865292400141,0.0676050759323291
0.244826695281256,0.121354134411697
0.067814460784479,0.205056827372503
-0.0559537034201987,0.273647234258282
-0.046802569061309,0.265038019101693
0.0560891823772147,0.156382161217458
0.127549313026834,-0.0399176628278404
0.0782588217743553,-0.256059311586032
-0.109715071113165,-0.401947841216858
-0.351610445949047,-0.406591168120228
-0.513584283394751,-0.284473403569301
-0.514877506651501,-0.0915113368404254
-0.339564962650648,0.081818276530763
-0.076288186861344,0.150765853065071
0.164289332793645,0.0995047268995808
0.269127080472566,-0.0153463163482627
0.229295626004986,-0.122573461896022
0.112375433644509,-0.15096292195515
-0.0126366933428722,-0.0908955117429913
-0.0839613416612392,-0.00567789049341923
-0.110207729841418,0.0441175779800603
-0.122832103847983,0.0116144271565948
-0.145888529630826,-0.10664827508501
-0.187850733266812,-0.22503414116512
-0.21223733694109,-0.273117614146872
-0.190363284007887,-0.21642492600853
-0.0946766673136198,-0.0785051477642455
0.0403980055940224,0.0808822296710133
0.170583052602294,0.182751709018346
0.246661847863016,0.196176661050354
0.23459171914353,0.123644997835496
0.161370335058813,0.0100995013985056
0.0742313402138365,-0.0947875177207302
0.0178835074490702,-0.160126362153402
0.0146565937912851,-0.178810439192324
0.046642454805915,-0.17910603577897
0.0912034242917083,-0.172270400142257
0.111131467487569,-0.167577822887549
0.103101129542201,-0.17335424529533
0.0613236788342238,-0.203689708343327
-0.00585032113266362,-0.242351085677921
-0.0846017986828151,-0.318282089393792
-0.166235335782515,-0.39804352602552
-0.23322458661741,-0.443097164362275
-0.264483780563086,-0.425583150959395
-0.248767965107279,-0.318331353242076
-0.206460914533308,-0.129827867237035
-0.165779624940475,0.0712507491717055
-0.153980447386549,0.206436282609167
-0.167528559039265,0.235847987765595
-0.198516788322436,0.161333380424128
-0.188060111370489,0.0509778489151508
-0.104283515888786,-0.0199896230062155
0.0523819259532477,0.00357177493627387
0.241649055594464,0.12853463048334
0.387500630590605,0.303108203262995
0.413402158335854,0.440227416978782
0.325708918203797,0.484246460513803
0.174105552724017,0.417860712065799
0.0326509482732295,0.257598881078089
0.00445856047841713,0.0612128351755857
0.0875700670144029,-0.111845820281571
0.239432074446145,-0.209306016495715
0.382549411383935,-0.230157783840782
0.427997160506958,-0.185190377483941
0.36933385095255,-0.103162716101028
0.251760858614536,-0.00125627948288799
0.121723626770769,0.081547318616731
0.0379223959906874,0.126834960232833
0.0227731451582676,0.119568245678222
0.0474799739690975,0.0577272761916034
0.0869788805895829,-0.0230810560198665
0.106808389340404,-0.0759433264264143
0.109665807264882,-0.0743298679104036
0.110392482769426,-0.0288451607784592
0.116846303336524,0.0306064175877929
0.12955690257453,0.0612497830617984
0.125726483155618,0.0317025820771727
0.0942455951441938,-0.0457064045719291
0.0244112339113019,-0.129261305987884
-0.0520986487029087,-0.172208813583431
-0.105638325704363,-0.122573461896022
-0.131724592880676,-0.00949599479381951
-0.136096941624597,0.12114475630802
-0.142132005984339,0.214552832289031
-0.145223440685108,0.248965020500413
-0.138597183152073,0.251317483979984
-0.0974848213898136,0.253386646589562
-0.0440190469092569,0.278721599588717
-0.0107153248088216,0.31152036302645
-0.0375898515178285,0.314156073388234
-0.172763065618983,0.248398472748207
-0.38182273587939,0.0882351559601205
-0.586522420597254,-0.113693295573873
-0.687357284897436,-0.264508398990283
-0.624777350938092,-0.297073152400197
-0.401270429560597,-0.183983359213215
-0.0820030294587712,0.0367277004305042
0.189070060751137,0.251699285552654
0.289227567382837,0.377979993749935
0.189156279234105,0.373078065385438
-0.0442900081975251,0.265777003819836
-0.275580914536609,0.129359833684451
-0.395592561843272,0.0371341440500246
-0.345784759692982,0.0349541276590996
-0.171888585072643,0.102941015286807
0.015136936557467,0.169671630918214
0.123620365911355,0.18946418503435
0.0916960830199611,0.139705673726233
-0.0624075307357689,0.0356438519031953
-0.238582252817836,-0.0491796475938406
-0.351684355218417,-0.0607694402956165
-0.34175727138399,0.0157034927452633
-0.224110410267441,0.176285565740705
-0.0534780938168638,0.350021639602595
0.117228118406139,0.4647618391918
0.233951262121954,0.488692732024039
0.283155534891464,0.406837487361646
0.267907766485186,0.23619286169747
0.184660770869476,0.0322198727295673
0.0659669854921767,-0.130665379651745
-0.0504236103765435,-0.192260023148473
-0.113865719042865,-0.129359833684451
-0.0968197324440959,0.0243742843379711
-0.00835056392547895,0.213850788708628
0.117794679655289,0.340057601133484
0.227324991091974,0.361180346638
0.263190557306335,0.271257843137916
0.202051611154702,0.11158717832961
0.0651664209636792,-0.0341535597563659
-0.093592822160547,-0.118040998896707
-0.21638798487079,-0.136084632410998
-0.258978322817808,-0.109468745123275
-0.215685941290387,-0.107990768938517
-0.119802255706041,-0.168316821102636
-0.00369493961833707,-0.268129440305517
0.101709371840411,-0.363631337814138
0.200955443291086,-0.380825122706231
0.279251219700127,-0.291998760075873
0.32309782626921,-0.142255179101993
0.325314807417529,-0.00103458309735218
0.288340764125953,0.0558551689751592
0.205303160110866,0.0154817969923968
0.110293948324387,-0.0655728612089634
0.0525543595449488,-0.0927799349215063
0.0448935173328884,-0.00427381345532232
0.082766646101056,0.184599184310649
0.131034872010816,0.378940679282299
0.167011275135343,0.482706891021745
0.185547547132469,0.422651830514019
0.196570785333567,0.202581217769168
0.202618172403853,-0.082175459676236
0.221585523318878,-0.294289623499672
0.231364815608454,-0.343912652476537
0.207298426948019,-0.242289512616039
0.14399179049024,-0.0797244819970428
0.0432800588168777,0.0123287816377142
-0.0485515065343356,-0.0317764812238343
-0.0575671619362094,-0.208837982943131
0.0326140003870168,-0.406098502643503
0.181741759637699,-0.504568648238294
0.29484386203828,-0.422393175065114
0.300718812142628,-0.15351242733091
0.17712309165236,0.209687818068385
-0.0355453208323919,0.526245605287529
-0.230133165413585,0.670767002392235
-0.316003562177481,0.636342504967254
-0.290028125162862,0.458147904369309
-0.201386522208985,0.222361462671706
-0.13785819843393,0.0234259164547963
-0.155199774870874,-0.0770518102521012
-0.24662489322833,-0.0870650923240791
-0.344602373346397,-0.0581583483610293
-0.366094611209985,-0.0377869170336714
-0.27907878273419,-0.0567296427730268
-0.102830171628169,-0.10813856723184
0.041383323050528,-0.168698622675306
0.0852545716664619,-0.192604883583403
0.00514828261361517,-0.155027351401881
-0.132759174185465,-0.0715709776824934
-0.211954049568042,0.00557935900083638
-0.170484511408782,0.0299536446041461
-0.0252733866857443,-0.0297935303487521
0.140789518879305,-0.175694372567413
0.233039840437874,-0.349923111906028
0.200253413207628,-0.48023128141841
0.0829021284323082,-0.530593349101197
-0.0348679125503672,-0.479282932093534
-0.0620010837420124,-0.352004583729205
0.0335377346589318,-0.206547119519332
0.188047788659946,-0.0748841064490109
0.307283483116837,0.0122548833346117
0.311963764654892,0.076288186861344
0.194390772316878,0.142292120239733
0.0487855199363911,0.215562781669678
-0.030433987370328,0.265395202247166
-0.00883090584810183,0.254174895155989
0.0733076025676853,0.149066182814564
0.125221508465294,-0.0437973494692723
0.0573824090082013,-0.249999615302147
-0.126083652804146,-0.392476495218361
-0.357485396053396,-0.402822308266253
-0.517636390130939,-0.272255456311075
-0.517069842378733,-0.0782834536984971
-0.340599530458492,0.0911418444813539
-0.0721744868178566,0.155273684140244
0.162675881026107,0.0962162300572051
0.262192917139286,-0.0223051183541565
0.223285207066329,-0.13001261341657
0.107165565737405,-0.155643176499315
-0.0064538277373497,-0.0921764257861431
-0.07197742467625,0.000825203201111658
-0.104714588058212,0.0526036233932324
-0.134421903298232,0.000307911626074349
-0.176310197664847,-0.110367844096812
-0.206239213719088,-0.221486995622311
-0.199982448545124,-0.262094389442719
-0.145851588493086,-0.199452841930659
-0.0852792035906036,-0.0716695121275329
-0.0363705206592674,0.0606832218126479
-0.0304586192944698,0.132525164157646
-0.0441052620179894,0.133387321993442
-0.0558305370510174,0.0891342616821299
-0.0549930178878349,0.0334761514743412
-0.0541185474642035,-0.0117252750330281
-0.0780617596327486,-0.0466917220284348
-0.128239033896693,-0.100120545248543
-0.182222102403881,-0.159448963994086
-0.200573641718416,-0.21212648653398
-0.176113142271713,-0.207815724348886
-0.0995663067099353,-0.111131467487569
-0.0170090387125569,0.0493643937733764
0.0250763228570196,0.221868810691925
0.0129076554746994,0.303391504132987
-0.040151676229896,0.252758498781585
-0.116008790921814,0.0872005746553313
-0.167873419474195,-0.102349828861987
-0.16825523454381,-0.211769303388507
-0.140555508851486,-0.185744616022548
-0.0896392363724536,-0.031197607386849
-0.0524558250999093,0.163993736206999
-0.0464207573659304,0.290631627549753
-0.0714108634270994,0.284473403569301
-0.135862931596777,0.149460307097777
-0.218136918969581,-0.0530839661594143
-0.317592368523933,-0.23002230150953
-0.398905683861317,-0.322124831523248
-0.433551909094408,-0.335340391954633
-0.394828931704042,-0.300189219025108
-0.273290051112809,-0.270112411426016
-0.091708398982032,-0.259470988294533
0.0714847659479972,-0.263239821154619
0.150113086829896,-0.231352479400966
0.131921661770755,-0.147908428392121
0.039671333463714,-0.0141762510251032
-0.0327002154957493,0.140013579526477
0.00118238065256109,0.231549561787989
0.163279383412998,0.257414134898554
0.393215479936504,0.203233997501287
0.574292137131541,0.100366877986905
0.604171889337498,0.0146196442179543
0.437099041140273,-0.0396343855775014
0.13245126838522,-0.0322075567674964
-0.164855894042796,0.032909596973663
-0.309057062636714,0.10758432194476
-0.250898727772629,0.16330401533714
-0.049561455914983,0.179857343207656
0.177332469756038,0.159572123614795
0.296235612991597,0.133005506923828
0.261306140876293,0.131810811363644
0.107350311916941,0.16874788652359
-0.0508177346597569,0.216264811753136
-0.127795645765197,0.230280956958436
-0.10308881358013,0.180731810257052
-0.0170213546746278,0.0380455623598687
0.0441545292405091,-0.165841211499301
0.0119100220561229,-0.355120650354116
-0.0990367000954698,-0.473740546707462
-0.207901929334909,-0.461325517062212
-0.258448702706398,-0.361734585176607
-0.200462791311306,-0.215919951318207
-0.0788746468717894,-0.107658224465658
0.0208764093919178,-0.102029600351199
0.0475785050399009,-0.176359461513131
-0.0089294377624642,-0.254051722038335
-0.0962654939054887,-0.256293321613851
-0.152884279522933,-0.13683592634274
-0.132352740688653,0.0703762821223102
-0.0545619423441727,0.272181574035595
0.0294733018379642,0.359456030966407
0.0755984659914846,0.274940457515033
0.0698220435837029,0.0571607149424528
0.0175140134028806,-0.210710090159576
-0.015444847419066,-0.395567916422185
-0.0162700506201776,-0.443712975962764
0.00284510343863482,-0.352213948335938
0.0136712763347795,-0.193282295239664
-0.0173538991474866,-0.0601536151981824
-0.0691569546379853,0.0139422384666067
-0.0796382635140742,0.0285003003435294
-0.0125258454664389,0.0427504522024122
0.12209311912984,0.0935066036775784
0.25477839754288,0.200869238305063
0.293328937967309,0.318762445656919
0.184907090110893,0.379556517876677
-0.0472582765291129,0.345452221968595
-0.284818250507286,0.195166711669706
-0.421814318099309,-0.0231303215552682
-0.389520529351899,-0.248878829011334
-0.210759354007859,-0.390185631794562
0.0118484397150913,-0.426827110367861
0.156456056989884,-0.368705703144572
0.145629887678865,-0.226462860250067
0.0254335009411383,-0.0500664306053067
-0.0910063621501017,0.123287814690023
-0.104357411661211,0.249026620556185
0.0110232365139796,0.289412313562373
0.160988519989199,0.23306448585896
0.230441057716885,0.0968690030408519
0.133399631207041,-0.0897377640690208
-0.126613259418612,-0.259902053715487
-0.415594494063086,-0.355145268781313
-0.589638487222165,-0.363200245399295
-0.557898910019473,-0.287158377779369
-0.316804119957506,-0.162971464115808
0.0304586192944698,-0.0449181492570301
0.300644929867148,0.0446595039308328
0.377745983722115,0.0990736479816825
0.275642487598491,0.112732610041509
0.0867818184479762,0.106869969150759
-0.0567050041004127,0.071817310420856
-0.0650186226703561,-0.010801539917554
0.0550299657740476,-0.126440835949619
0.18942724389661,-0.24312702503075
0.248940402073216,-0.297664345573489
0.17861338379919,-0.264890227556842
0.00272193875657162,-0.131293527459722
-0.178921289599434,0.0561507655618054
-0.267131827132358,0.212680725072587
-0.215279494296631,0.290323735246453
-0.0556334749094108,0.252228905664064
0.128719376662875,0.153253785378949
0.22263242733421,0.0566434242900582
0.177307837831896,0.00518523176516641
0.0229702072998742,0.00325154684726544
-0.169068115034378,-0.0151738861307978
-0.302861884021577,-0.0650678865186397
-0.314685693499644,-0.165619510685081
-0.196349098016291,-0.276652436979138
0.00179820385198735,-0.31692729307516
0.202285621182522,-0.253115681927058
0.331411458336098,-0.0783696721814657
0.345563058878761,0.132968565786087
0.261601723965994,0.273622588837196
0.119100225622583,0.294067922685452
-0.0187456602235126,0.202310266603608
-0.09638866027467,0.0557320059802141
-0.102066548237412,-0.0628016550189822
-0.045854199491016,-0.114383016443732
0.0235121332506468,-0.131810811363644
0.0756354138776972,-0.170213546746278
0.0798353256556809,-0.269237944376621
0.0345476840395792,-0.397920352907867
-0.029805846310823,-0.495060320611223
-0.0925582408557578,-0.483421257312691
-0.120085543079089,-0.343062830848229
-0.102559206965665,-0.102362144824058
-0.029337819506712,0.140136739147186
0.0838012274058452,0.258313220375146
0.195388412483927,0.222903391996715
0.287281550897023,0.0766946271066282
0.312247038530995,-0.0883706382913727
0.254298068273643,-0.167035907059485
0.111636442177893,-0.127746381916913
-0.0855009044048244,0.00477878856742556
-0.260530201523464,0.161973837445704
-0.350292604265099,0.26817873114769
-0.320782344418214,0.330672473617955
-0.163574979999644,0.365626591154346
0.0679868910019439,0.38799329606733
0.278241270319479,0.404053958461121
0.401639948913558,0.388670707723591
0.414276625385249,0.324230948767511
0.351253289797463,0.211350547181151
0.277637767932588,0.0849712977903589
0.238840908266742,0.0193984332071594
0.268240304209572,0.0484160242030834
0.334761534988829,0.159522859766511
0.385874869609468,0.283685155002874
0.395333906394366,0.327199223847571
0.356327655127897,0.248213726568672
0.283771373485843,0.0581583483610293
0.227620601175565,-0.120294921182766
0.200179517435203,-0.202889137066357
0.179611010469294,-0.155963405010103
0.128633158179907,-0.026554299041778
0.00714354987254774,0.0815350026546601
-0.15431299860788,0.0992214462750056
-0.301938153123898,0.0131909344121566
-0.357017375997757,-0.0968443643682377
-0.282613605566455,-0.149090814738706
-0.108717437694589,-0.0773350841282041
0.101795583574908,0.122856735772125
0.250566163054353,0.337224835378565
0.276960356276328,0.471474301710859
0.181692495789415,0.459675110659989
0.0185239644706461,0.321964730764799
-0.140543186140943,0.133535113538293
-0.240405096185997,-0.00763620860080056
-0.249309894432288,-0.0382795757619242
-0.206177627160261,0.0212335857889185
-0.142871004199427,0.100847220753087
-0.0889987793508777,0.148647426607209
-0.0597594909149691,0.13984114256054
-0.0368015995771658,0.0881243123014825
-0.0319981786638189,0.0335870018814516
-0.0498570525016292,-0.0133633646296214
-0.0855255363289662,-0.0440190469092569
-0.147538936033049,-0.0881119963394116
-0.188355707957135,-0.154288366683738
-0.197900963225002,-0.198011813632113
-0.165718038381648,-0.203689708343327
-0.0982361288184999,-0.115922572438845
-0.0259877411668637,0.0512364976155843
0.0210857891827135,0.217237819996043
0.0170583042479585,0.297491908607552
-0.0309020108002029,0.247893498057884
-0.104123401633392,0.0836287971883803
-0.169055805820779,-0.102128128047767
-0.190732789863903,-0.201953083458135
-0.159091780848613,-0.164806630194512
-0.0982977086288544,-0.0232165366640006
-0.0411000458001889,0.160311108332938
-0.0250393749708069,0.273536370354227
-0.062715443284486,0.275063630632686
-0.147970014950948,0.165841211499301
-0.252623016450333,-0.017144519356691
-0.337249453805762,-0.203788236039894
-0.375873903499561,-0.335081763499617
-0.387771595253109,-0.375442811084718
-0.38524672180149,-0.308367341766854
-0.381982863631729,-0.184599184310649
-0.367584916853759,-0.0788500081991752
-0.321866203068231,-0.0534534585184858
-0.226512124098351,-0.11194435472661
-0.0845525348345315,-0.213321182094163
0.0735539285575756,-0.266749998565798
0.191225441843684,-0.208135952859673
0.267291927890807,-0.087557751052332
0.303132848684081,0.02363529793271
0.292836272490583,0.0520247495562471
0.251317483979984,-0.0254088673298784
0.177098459728218,-0.129359833684451
0.0877548131939386,-0.178798129978725
-0.00282047067093399,-0.117006417591918
-0.0273425526695589,0.0417651347459066
0.0173169495741558,0.203960673005832
0.134840659505587,0.286936703959038
0.277292894000714,0.244210883680767
0.388572180027024,0.103372094204706
0.431778329574531,-0.0784189360297493
0.389877712497372,-0.255295681446802
0.294449751252011,-0.369666388676936
0.1700041686426,-0.421518708015718
0.048797835898462,-0.439648560012978
-0.0416296524146544,-0.423045941300288
-0.0955265024388733,-0.38227844672143
-0.0925582408557578,-0.312949068614453
-0.0360626114847865,-0.205869721360016
0.0361857744797316,-0.075549202143201
0.118730719766567,0.0291900245876251
0.165262327539608,0.0918192493891424
0.164683457076859,0.0863630554921488
0.136564961680235,0.0523819259532477
0.113841087118724,0.0309759099468644
0.119592877602364,0.0453984920232121
0.175854486822807,0.106722170857436
0.25233974257423,0.197716217045467
0.29628490383377,0.282539723290975
0.251920986366875,0.33414569639445
0.0989504816125012,0.350945370500274
-0.130566851955178,0.321090263715403
-0.361426665879418,0.254938525295219
-0.494419863589647,0.155421475685095
-0.495528340666862,0.0252364371124136
-0.385727051070728,-0.104776167868566
-0.215464240476167,-0.213198022473454
-0.0647476580078517,-0.258781267424674
0.0144964795358911,-0.214725255758023
0.0375898515178285,-0.0949968958244078
0.0391786781096974,0.0388338143005315
0.0681716371814796,0.114321429884906
0.152908911447075,0.0908708798188495
0.257069260966679,-0.0107399575765224
0.314685693499644,-0.121046228611453
0.283278708009118,-0.165656465319766
0.174696745897309,-0.118669146704685
0.0164917463730442,-0.0198664583241523
-0.105576739145536,0.0522833948824444
-0.148265611537594,0.0371587759741664
-0.10688228511283,-0.0851314120457529
-0.0155680121011292,-0.244063065142027
0.052505092322429,-0.34495955649187
0.0551654481052998,-0.328110645531652
-0.0101734005451671,-0.180596327925799
-0.0950461664211637,0.00805496818239183
-0.161481171968979,0.126293030907824
-0.166321554265483,0.102534575041523
-0.111340845591247,-0.0453984920232121
-0.0388214983384606,-0.20511841393133
-0.00262340705309901,-0.273302360326408
-0.0291653892892471,-0.200955443291086
-0.106488160829617,-0.0244112339113019
-0.206793452257695,0.157884776074831
-0.270666649964624,0.257488017174034
-0.274570965155961,0.233741870521332
-0.22088349323542,0.143794735097106
-0.136515697831952,0.0699205712802701
-0.0637130767030625,0.060239833681151
-0.044006730947186,0.122290188019919
-0.0977311541281762,0.184537597751822
-0.192395505479725,0.178120718322464
-0.288377718760639,0.0756477298397681
-0.348506715531624,-0.0571607149424528
-0.347102628370818,-0.116538397536279
-0.282933834077243,-0.0376268027782774
-0.1734281545647,0.172344295914683
-0.0629617692743762,0.370196008788346
0.0107276416144515,0.429179546853543
0.0430460454148222,0.296814496951291
0.0300275437508076,0.00830129754651824
0.00383042068425069,-0.296494268440503
-0.0103704635303328,-0.454366708307846
0.00945904522048874,-0.387574539859975
0.0603630000503323,-0.141356080128456
0.125135289982326,0.167725627929344
0.169031173896638,0.378558877709629
0.168501567282172,0.397169058976125
0.128596217042166,0.266848526262365
0.0680607867743692,0.102165082682452
0.010198033312868,0.0193368500225688
-0.031493200599259,0.073184436198504
-0.0384273706810111,0.217373302327296
-0.0266158822263687,0.362756843770853
-0.0135481116527163,0.41937563613677
-0.000726671444916606,0.381108396582334
0.017612546160802,0.298378684870546
0.055448728729875,0.220070599247907
0.102263610379019,0.199748438517305
0.15305671648887,0.207298426948019
0.188762154950892,0.187998524811662
0.167060538983626,0.0984085590359648
0.0681470052573378,-0.0590081834862828
-0.0835302694918132,-0.222804864300148
-0.262279135622255,-0.316114399087647
-0.402982436018592,-0.278105787988227
-0.45349226825234,-0.149201665145816
-0.393424844543237,-0.0119346548238237
-0.246698802497701,0.0483421250564219
-0.0611512486167589,-0.027798261824481
0.0911787923675665,-0.190326342870147
0.162367961728918,-0.329083640277614
0.161875309749137,-0.344035825594191
0.112498593265217,-0.210673135524891
0.0779509092256382,0.0463838094797177
0.0952678604869121,0.326583385253193
0.167319180935587,0.50293055104967
0.25676134166949,0.52029674591381
0.305152747445376,0.393966773868246
0.253657611252067,0.198541420246578
0.0928538306939316,0.0192752685250962
-0.118164172014361,-0.0784928318021746
-0.295570537542824,-0.0993569286062577
-0.3494550648565,-0.0685657614646929
-0.256736723242293,-0.0517661042300498
-0.0718542583070687,-0.0538106382897226
0.125147599195924,-0.0667798727312174
0.233483242066316,-0.0603014134915055
0.192728056701056,-0.00429844622302316
0.0342644067892401,0.0785913662472141
-0.156911767831924,0.162663558315564
-0.284522667417585,0.196915645768497
-0.284830586714774,0.147009329418584
-0.159350422800574,0.0361611425555899
0.0175263310520696,-0.098851953915934
0.148006969585633,-0.191311660326652
0.174314930827694,-0.177049195879935
0.100243711617724,-0.0850698254869261
-0.0372696230070406,0.0442161124250998
-0.163550348075502,0.145087958353856
-0.218223137452549,0.156098887341355
-0.206510178381592,0.0763497666716985
-0.153426208847941,-0.0501403297519683
-0.10318734802517,-0.147699050288443
-0.0849712977903589,-0.152527109874404
-0.103175032063099,-0.0540077004313293
-0.132980874999686,0.0849097112315321
-0.145087958353856,0.196139706415669
-0.117289704964966,0.206965889223632
-0.0584539449476755,0.106980819557869
0.015136936557467,-0.0630356717952739
0.090809300008495,-0.226561387946634
0.159596755538936,-0.303884142615823
0.207002830361372,-0.277132793242265
0.225785448593806,-0.174351885462379
0.200930811366945,-0.0489456341917851
0.136121573548738,0.0203468010903343
0.0499432676103616,0.00609665049679003
-0.0176494957341328,-0.0757832121710203
-0.0200512061908062,-0.183934095364931
0.0698343595457738,-0.26277180109898
0.227805347355101,-0.293661475691695
0.38799329606733,-0.28745398786296
0.473666637438091,-0.2572909617809
0.447604981940503,-0.216720522595177
0.29582919299173,-0.192678779355828
0.0660039401268617,-0.170829371843712
-0.152157617515333,-0.144595306374076
-0.288919648085647,-0.119223385243292
-0.326238538315208,-0.0907230815255264
-0.308293432497484,-0.051581358050514
-0.293107237153088,0.00105921607594277
-0.306827799268686,0.0784681998780328
-0.32804904547588,0.181409221913312
-0.317875642400036,0.278315179588849
-0.224221247177607,0.337138616895596
-0.0367769642787878,0.318134297848942
0.197051128099749,0.219504051495701
0.385369894919144,0.0844786390621061
0.442937036609936,-0.0209872564247921
0.338998387904553,-0.050509825485276
0.107399575765224,0.00198295087508216
-0.15176349323212,0.100810266118402
-0.338062347793275,0.158020244909138
-0.405864492615683,0.130258932657988
-0.348026359268497,0.00703270157433495
-0.211141169077474,-0.156579230107537
-0.0588973398276447,-0.272698857939517
0.0735785672301897,-0.292368252434945
0.18196346045192,-0.198171927887507
0.253953194341768,-0.0647476580078517
0.293636857264498,0.0336855329522549
0.30291114786986,0.0374913204470252
0.2618603794149,-0.0458049356427324
0.178908980385836,-0.14559293304418
0.0744037704313014,-0.180313054049696
-0.0109370214052472,-0.107473478286122
-0.029645732055429,0.0448073022241559
0.0291530733271762,0.202421103513774
0.155236729505559,0.275580914536609
0.285951373005587,0.237338293409369
0.391577382747879,0.0919793636445364
0.422393175065114,-0.0924843383348601
0.379125425461834,-0.26635588777953
0.28661647544825,-0.375442811084718
0.165594878760939,-0.420385585517417
0.0399422981262184,-0.436002873276657
-0.0638731909584565,-0.428982491460408
-0.118681455918283,-0.391404945781942
-0.111414748112145,-0.314303891926974
-0.0422085262516396,-0.195523894815179
0.0577888560019578,-0.0632696818230933
0.12624376705954,0.0343013546754528
0.133153311965623,0.0484529754635323
0.0785544183610015,-0.00221696385535815
0.00484037090845716,-0.0638978228825983
-0.0426888690178216,-0.0660655199372162
-0.0315670997459205,0.0273179207454171
0.0154817969923968,0.156985663604349
0.0746377804591207,0.262353017897736
0.118952420580788,0.261441623207545
0.113668663649731,0.119112534836182
0.0768177934758095,-0.11322526202129
0.0141762510251032,-0.336584378356989
-0.0553625136211426,-0.446139321717816
-0.116452179053311,-0.406160075705385
-0.150236246450605,-0.251785504035623
-0.142193592543166,-0.0710167391438861
-0.102238978454877,0.0539214853225968
-0.0699944738011678,0.0910186781121726
-0.0531948131922885,0.0574193636428863
-0.0597841228391109,0.0359148131914634
-0.0579120223711391,0.0347077982949732
-0.00953294436715028,0.0485884544205483
0.0871759427311895,0.0250270573216179
0.218050700486612,-0.0667921886932883
0.294979344369532,-0.193085226349585
0.264730099804503,-0.305891732163519
0.128509998559198,-0.292368252434945
-0.0802171407252957,-0.121021583190366
-0.243336416631372,0.164745043635685
-0.293932440354199,0.43841690981811
-0.198947867240335,0.564057187987704
-0.0114912624745316,0.466239808628087
0.175916073381634,0.17677823121743
0.266910126318137,-0.15316756689598
0.21098105482208,-0.367818926881578
0.0839736643717824,-0.372326744459807
-0.0404842207027548,-0.213924684481054
-0.0636761288168498,0.000566557400412393
0.0280076416152766,0.145260395319794
0.165718038381648,0.137710393392135
0.246957457946606,0.00826434797318747
0.19703881888615,-0.161505817390066
0.0177849763782669,-0.272711167153116
-0.20766791930709,-0.280051777480152
-0.377475019059611,-0.181088993402525
-0.423994317619053,-0.0517537882679789
-0.327445543088989,0.0435017562568623
-0.13774734802682,0.0725932497736841
0.0355083695719431,0.037836180881955
0.114900300347655,-0.0548698548928898
0.0797860618073973,-0.17171616160365
-0.0286111507506398,-0.304721682024422
-0.144730788705328,-0.439956452316278
-0.210882527125513,-0.538475888753242
-0.225280473903483,-0.575277468084991
-0.192481723962694,-0.537847740945265
-0.123398665097134,-0.426285181042853
-0.0205931304544607,-0.290409926735532
0.112067521095791,-0.171026440733791
0.253903930493485,-0.0916098712854649
0.36643948514186,-0.0426396017953018
0.409645634689367,0.0168735580684228
0.365823646547481,0.115097369237734
0.235010475350885,0.242154030284787
0.072913478284472,0.351979938308118
-0.0601782471223242,0.378029284592108
-0.104320463774999,0.289978861314578
-0.0592914641108581,0.104172665481676
0.0284879843814585,-0.124741165699112
0.0967827845578833,-0.298945259616641
0.100329930100692,-0.371944942887137
0.0459280986376776,-0.366267048175922
-0.00613359964834128,-0.321225746046656
0.0025248753496264,-0.288944266512844
0.0841091399545622,-0.294277314286074
0.204650393875691,-0.283044697981299
0.284879850563058,-0.21757035772043
0.271787436255437,-0.0767192657792424
0.141824100184095,0.105662957628505
-0.0537860029913446,0.235306058440587
-0.226832352609139,0.260111445316109
-0.305867113736322,0.173600578033693
-0.260739566130197,0.0132648335588181
-0.121230974790988,-0.141602399369874
0.0281554399085997,-0.214183339929959
0.115922572438845,-0.182628549397637
0.11744981922036,-0.0892081574545553
0.0554856766160877,-0.00206916619470435
-0.0282909205527338,0.0404842207027548
-0.0968074164820251,0.027798261824481
-0.144053377049067,0.00458172516048033
-0.18935333462724,0.0168119748838321
-0.227312681878376,0.0546112061924563
-0.250553853840755,0.0876686014594424
-0.230231693110152,0.0873730048727962
-0.144324341711571,0.0385874849364051
-0.00248792598718539,-0.0244974490200343
0.141380712052598,-0.0590204994483537
0.213234963611194,-0.0408290811376845
0.163784358103322,0.026098589886856
-0.00338702791317906,0.0894052195961619
-0.225588379703727,0.0937036658191851
-0.4129710929149,0.0356931157514788
-0.477817271870847,-0.0379347119527583
-0.410975812580803,-0.0584293130235337
-0.255825301558212,-0.00188441917160955
-0.08707740828615,0.135111624168091
0.0128460731336678,0.28585284530902
0.0300398597128785,0.356709483694457
-0.0143733148538279,0.293452111084962
-0.0571607149424528,0.13576440390021
-0.0485145586481229,-0.0315424678217787
0.0240786894384431,-0.116735452929414
0.145272704533392,-0.0847003331278546
0.256120884647914,0.0208394598185871
0.310387240528149,0.11703104951606
0.304709345816934,0.128953386690695
0.249925706032777,0.0621858366700205
0.174277989689954,-0.04911806440925
0.0984578228842484,-0.150716589216787
0.0295718329087675,-0.199169568054556
-0.0349787629574776,-0.204736598861715
-0.100354562024834,-0.19852911103298
-0.144582983663533,-0.230896768558925
-0.165878152637042,-0.281024799220004
-0.167393076708013,-0.301433178433574
-0.144730788705328,-0.234887302233232
-0.121957636798588,-0.0615207477243028
-0.0984701388463193,0.160360385678166
-0.087274477176229,0.325893664383333
-0.0516306218987976,0.352866741565002
0.0217631940905021,0.225502161220759
0.136503388618353,0.0150260878374747
0.273659543471881,-0.165533292202112
0.378078548440391,-0.238471415907671
0.407601117500875,-0.193848842991869
0.329440823423087,-0.0958344149875903
0.17586680953335,-0.00560399176853721
0.00838751265525067,0.02703464180796
-0.0779632251877091,0.0225144981449522
-0.0517784201921207,0.0353113074303364
0.0658807737576804,0.121822154467336
0.200302677055912,0.284300966603364
0.268462005023793,0.451299932525108
0.21673284530572,0.551038682949453
0.0584908928338882,0.530716495224962
-0.130492956182752,0.371279840444474
-0.256502713214473,0.1704229383469
-0.269114771258968,0.0248053615687514
-0.163685830406754,-0.0192260029896945
-0.00940977968508708,0.0373065742674895
0.0881243123014825,0.126576318280872
0.0787761124267499,0.17377301499963
-0.0416666036751033,0.138744988193869
-0.204231624171391,0.0342890387133819
-0.310103966652046,-0.0962778098675596
-0.322346532337469,-0.191348601464393
-0.2300962107789,-0.221240662883948
-0.11493725498234,-0.188688245681522
-0.054352560866259,-0.119629832237049
-0.100132861210613,-0.0515936740125849
-0.232116109540195,-0.00872005712810951
-0.367153824438916,-0.00218001428202738
-0.409571752413887,-0.0211104211068553
-0.309315718085619,-0.0417035515613159
-0.0970414332583168,-0.0423563245449627
0.147354189853514,0.010973970978578
0.311040006763323,0.133338058145159
0.342077499894778,0.300792721411998
0.238311288155332,0.480083516867449
0.0916345032096067,0.588961048572015
-0.0150876693349473,0.568294040903428
-0.0321090256966931,0.412983402128499
0.038907713447193,0.16181372319031
0.133670595869545,-0.0582815147302106
0.185830834505517,-0.146652159770056
0.15664080316942,-0.0712261172475637
0.0527514216865554,0.111722660660862
-0.0617793896762639,0.282761424105196
-0.13234041797811,0.34899935401446
-0.123300137400567,0.269410354348669
-0.030729580582738,0.0971892315516398
0.0944057093995878,-0.0620380383766974
0.195597790587605,-0.107313364030728
0.245614943847683,0.00316533152764325
0.236845627932644,0.197506838941789
0.186902356948046,0.360921691189094
0.117018740302461,0.393153879880733
0.0584539449476755,0.283783682699442
0.0148782895441516,0.0760911247197374
-0.0199403574708139,-0.124519464884892
-0.0398191317570371,-0.236389917090604
-0.0465069724746628,-0.255000098357101
-0.0501526457140392,-0.214269544915983
-0.0390924596267288,-0.159251895104007
-0.0282047054440013,-0.0996648411549748
-0.0134249469706531,-0.0296703639795708
0.00974232415794592,0.0693170688933792
0.0391540428113194,0.173785324213229
0.0715832936445643,0.247400832581159
0.104862386351535,0.234505500660561
0.112769557927722,0.10583538784597
0.0808945456330842,-0.106722170857436
0.0156419112477907,-0.320991709024947
-0.0640333052138504,-0.438577010576559
-0.135542703085989,-0.410926548732519
-0.164153850462393,-0.25637954009682
-0.14559293304418,-0.0675681280461164
-0.102559206965665,0.0639224548067401
-0.0563847789638609,0.102522259079452
-0.0523449780670351,0.0720020566003918
-0.0655605452468925,0.0308650629139902
-0.0606216420022934,0.0266158822263687
-0.0131909344121566,0.0419129330392297
0.0956373528459837,0.0311360242022584
0.222952655844998,-0.0485761384584774
0.290003506735665,-0.196139706415669
0.24533166997158,-0.323073207842013
0.0983223405529962,-0.318713181808636
-0.0920902140516468,-0.131515214776998
-0.229775982268112,0.196657003816536
-0.256687459394009,0.491611743255815
-0.1753002482842,0.588443791661982
-0.0269237930879676,0.41038461940751
0.108680489808376,0.0232781198485913
0.184722343931358,-0.355736461954605
0.182135883920912,-0.527563500959255
0.111722660660862,-0.457741430381663
0.0263202873268406,-0.2361189524281
-0.0355576367944628,-0.0232165366640006
-0.0394742713221074,0.0524188772136966
0.00528376367952879,-0.0149521886908132
0.0826188478077329,-0.138510964669105
0.139533236760295,-0.215575090883277
0.167528559039265,-0.207187576540908
0.177270883197211,-0.131182677052612
0.187739882859701,-0.0352127729852969
0.250947991620913,0.0338456472076489
0.35204153836389,0.0657329754643573
0.442284270374762,0.0837642795196325
0.458431178245412,0.0881735761497661
0.353236233924073,0.0917453536167171
0.145260395319794,0.0816088984270855
-0.0700191057253096,0.0381071455444593
-0.18820790291534,-0.0402502073006993
-0.163033050674635,-0.140333808037265
-0.0287712616317976,-0.229973037661247
0.113151366248864,-0.247166822553339
0.176187038044138,-0.170299765229246
0.116599984095106,-0.0220711066392191
-0.0345600033758863,0.154386894380305
-0.18828181218471,0.294486678892807
-0.248410781961806,0.327199223847571
-0.183244374495072,0.23360638819008
-0.0205808144923898,0.0331066591152696
0.145826956568944,-0.222989610479683
0.248102889658506,-0.435189979289144
0.259015277452493,-0.55175299525262
0.209453808040566,-0.557554090075378
0.166986643211201,-0.458529705941979
0.196743222299504,-0.286456347695911
0.295607492177509,-0.114912623058198
0.421826627312908,-0.00543156112929282
0.500442632232736,0.0228347266557401
0.467828614974538,-0.025014741359547
0.335278818892751,-0.101783267612837
0.131207308976754,-0.156887135907782
-0.0625430130670211,-0.140875737362274
-0.173095603343369,-0.04727059586542
-0.195191343593848,0.0932110070909323
-0.146615205135371,0.238582252817836
-0.106254144053325,0.332101179205958
-0.115676239700483,0.345612322727044
-0.178391682984969,0.291567694654919
-0.264656217529023,0.191274705691967
-0.304980310479439,0.0849466591177448
-0.274878884453151,0.0154571633811369
-0.151517160493757,-0.00588727028421487
0.00484037090845716,0.0211966362155877
0.125122967271783,0.0615207477243028
0.160397326815906,0.0998495873345106
0.0976942062419636,0.115331379265553
0.00181052044672753,0.091129528519283
-0.0558428530130883,0.0435879713655948
-0.024398917949231,-0.00876932350707022
0.104332779737069,-0.039067827702587
0.273622588837196,-0.0247930456066805
0.387980986853731,0.0318380644084249
0.379593472511362,0.108310997449305
0.231290906339083,0.181778714272384
0.016836608495092,0.218851271763582
-0.173169499115794,0.188035479446348
-0.246649538649417,0.0900949472144938
-0.19083131756047,-0.0629001894640217
-0.048354444392729,-0.226561387946634
0.101450723139978,-0.368274637723619
0.165865843423443,-0.448516403624584
0.126871914867518,-0.462778868071301
0.0263079696776516,-0.403536674557199
-0.0613483175068379,-0.264594617473251
-0.066718292920863,-0.0833824711984901
0.0155187465657275,0.10053930820437
0.146775319390765,0.243644308934672
0.250479944571384,0.297836755545537
0.255455809199141,0.244506466770469
0.161690563569601,0.118570619008118
-0.000172430520618899,-0.0306926326965253
-0.150260878374747,-0.128559262407481
-0.240171086158177,-0.127155188743621
-0.266084923117025,-0.0210857891827135
-0.245479461516431,0.145790001934259
-0.219417833012732,0.279448275093261
-0.212606829300162,0.328369273986668
-0.205672652469937,0.259889744501889
-0.181175211885493,0.119100225622583
-0.113151366248864,-0.0173785327587465
0.00480342133512639,-0.0874222687210798
0.126342308253052,-0.0757955281330912
0.211966372278586,-0.0171198874325492
0.222041234160918,0.0110971356606412
0.139447018277327,-0.030594101625722
-0.00605970092345926,-0.137845875723387
-0.161875309749137,-0.267341191739091
-0.285249342922129,-0.350735978899652
-0.35615521816196,-0.34091975896928
-0.351770573701385,-0.247080604070371
-0.286160764606209,-0.10663595912294
-0.178662647647473,0.0264557679709747
-0.0436618705122563,0.112609443672328
0.0926444525902541,0.159239585890408
0.197482207017647,0.205315482821409
0.268966979714117,0.274977412149718
0.300410919839328,0.360170397257353
0.300657239080746,0.411517741905811
0.274238427431575,0.395555607208587
0.225305105827624,0.290988810695226
0.155901818451276,0.137735038813221
0.0781972419640008,-4.9265861621763e-05
-0.000492658622807935,-0.0596855883940714
-0.0512488135776552,-0.0262833377535098
-0.0555103085402295,0.0569267049146335
0.00330081280444663,0.143462183875775
0.122130073764525,0.180608650636343
0.248189081147585,0.144041067835469
0.339725063409097,0.0716325642413202
0.359788595684683,0.00436002856405476
0.264816318287472,-0.0262094386068483
0.107461162324051,-0.0216400294084389
-0.0705487123397751,-0.0102472988482696
-0.229960728447648,-0.0125504782341397
-0.323590491745935,-0.0252857026478152
-0.386145834271972,-0.0207286110985948
-0.429105664578062,0.0258276285985878
-0.470057878342566,0.112387749606579
-0.502253166387298,0.196065810643243
-0.494136589713544,0.221351513291059
-0.420336321669134,0.167380767494414
-0.282330331690353,0.0555595757627493
-0.124273132146529,-0.061188203251444
0.00686027135687008,-0.114727876878662
0.0463345422571979,-0.0767315817413133
-0.0257290958406664,0.0156295952857198
-0.155470739533378,0.0947259379103758
-0.271541117014019,0.0671124172040763
-0.315978916756395,-0.0654004309914985
-0.261527814696624,-0.238151187396883
-0.143696207400539,-0.361217301272685
-0.0272317056366847,-0.369629434042251
0.0150999869841362,-0.263880278176195
-0.0162454186960359,-0.109899824041174
-0.113914982891149,0.000936051393879565
-0.223396043976495,0.00768547413620222
-0.280298123715459,-0.0689352538237645
-0.276245989985382,-0.136848249053283
-0.19060961674625,-0.120516608500042
-0.0514458757192619,0.0148413399708209
0.0950461664211637,0.21212648653398
0.22263242733421,0.346277425169707
0.296937670068945,0.329563969546851
0.292885536338867,0.119482027195253
0.215107070827638,-0.208640927549997
0.0774336185732436,-0.50300446031904
-0.0714847659479972,-0.625651790993598
-0.199354314234091,-0.526270223714726
-0.262833374160862,-0.24563958926877
-0.249149766679949,0.103310514394351
-0.204527220758037,0.374642253304693
-0.192075276968937,0.478162145802721
-0.249925706032777,0.402748425990772
-0.355982808189912,0.208098998224988
-0.444710616129813,-0.0132155671798574
-0.445474246269043,-0.172073344749123
-0.311274016791143,-0.214848428875677
-0.0764236691925962,-0.138486332744963
0.167750259853486,0.0179327729844718
0.31273967701383,0.208542386356485
0.293587593416214,0.367486389157192
0.142501498343411,0.449390870673979
-0.0551777640673707,0.436840385691367
-0.177246251273069,0.343272195454962
-0.159695296732448,0.199440519220115
-0.0263079696776516,0.0740096393996157
0.14186105481878,0.00832593031421907
0.223346780128212,0.0210488396093827
0.197593057424758,0.0798476483662241
0.0843554726929248,0.111895090878327
-0.0384520059793891,0.0833208913881356
-0.0762512389751313,-0.00853531010501471
-0.0136220107993778,-0.104973236758645
0.0998865352207233,-0.141540826307992
0.186200326864588,-0.0808699137089424
0.179758815511089,0.060560062191939
0.0900579925798087,0.202889137066357
-0.0315547837838496,0.257549617229806
-0.106796073378334,0.1741548165723
-0.078603682209285,-0.0267883124438335
0.025790679025257,-0.268215658788486
0.143252805772097,-0.438774092963583
0.184340542358688,-0.466941811717655
0.135444175389422,-0.363889966269154
0.0440313628713278,-0.194230658061484
-0.0469257320562541,-0.0511379631705448
-0.0635775943718103,0.000936051393879565
-0.00703270157433495,-0.0386613840830666
0.0806605288567925,-0.123090759296889
0.150457947264826,-0.188134007142915
0.168587772268196,-0.192949744018332
0.160200271422772,-0.145469773423471
0.174475045083088,-0.0609049226268687
0.244026137501231,0.0128583899392977
0.354627984877391,0.0633066297093059
0.454539145273783,0.0820522933070547
0.467397522559695,0.079502781182822
0.352103111425772,0.0742682881000492
0.143129646151388,0.0607571243335456
-0.0671124172040763,0.0379962951373489
-0.186865415810306,-0.0277243643649375
-0.160138684863945,-0.120947687417941
-0.031653314854653,-0.218543365963337
0.0975340919865696,-0.26056712916426
0.162663558315564,-0.198405937915326
0.111230001932609,-0.0364197878817872
-0.0247437783841607,0.180485477518689
-0.168464612647487,0.334576788809293
-0.235318394648075,0.350095521878076
-0.180485477518689,0.19703881888615
-0.0298304782349648,-0.0507931027356151
0.144570674449934,-0.272009137069658
0.2527215441469,-0.353223924710475
0.249297585218689,-0.28128342767502
0.112671023482682,-0.122376406502888
-0.0883460063672309,0.00464330750151194
-0.250443016930589,0.0203098515170035
-0.29087797378506,-0.0694032806278755
-0.175140134028806,-0.200696801339125
0.0719527927521082,-0.291370612267896
0.328677193283858,-0.286407083847627
0.492695547918054,-0.201127880257024
0.494604609769183,-0.103125761466343
0.355711843527408,-0.0604861596710412
0.147514304108908,-0.103655374829281
-0.030569466327344,-0.210759354007859
-0.103002601845634,-0.326213892894121
-0.0589589196379992,-0.38746367595592
0.0640579371379922,-0.368003673061114
0.170780107995428,-0.284042338148347
0.225342046965365,-0.169979536718458
0.211461397588262,-0.0638239203617005
0.16951151666282,0.0136835931404094
0.164523342821465,0.064710710121639
0.200068667028093,0.0800816583940435
0.25812847419561,0.0613483175068379
0.284116220423828,0.00162577342363272
0.231229333277201,-0.0818305992413063
0.11630438750846,-0.147206398308663
-0.0291900245876251,-0.167060538983626
-0.139139112477082,-0.103655374829281
-0.175694372567413,0.0294363539517515
-0.127857232324023,0.186963943506873
-0.0243742843379711,0.303650132588003
0.0887278146883733,0.342015926832896
0.163439497668392,0.296013939171266
0.178169982170748,0.222546208851242
0.147083225191009,0.180830351450563
0.0782711377364262,0.216104697497742
0.013117035265495,0.307603711627625
-0.0367400163925751,0.391121671905839
-0.0654743267639239,0.39758781518348
-0.0630479877573448,0.290557745274272
-0.0314069854905266,0.106130984432616
0.0139791880399375,-0.0944672892099423
0.0506576237785991,-0.208456181370461
0.0563108798171994,-0.202273311968923
0.0107030088467507,-0.0811162396988327
-0.0644274294970638,0.0822247235245196
-0.135875240810376,0.193676419522877
-0.159116412772754,0.214010902964022
-0.116390592494484,0.127573944950976
0.000812886711816361,-0.01560496167446
0.129076559808348,-0.142673935309348
0.214848428875677,-0.205697284394079
0.223630067501259,-0.18991989587639
0.154460790152731,-0.118890834021961
0.0396467015395722,-0.0263202873268406
-0.0438343007297212,0.0420360960341748
-0.0673094860941553,0.0693170688933792
-0.0209872564247921,0.0488594190830527
0.0358901812673217,-0.00444624409456671
0.0399299821641475,-0.063294313747235
-0.0284387171589388,-0.110761975128498
-0.162232479397665,-0.11714189992317
-0.296087821446746,-0.0845279029103897
-0.368964358593478,-0.0130431369623925
-0.327088359943516,0.0866832840029367
-0.176199360754681,0.179081403854828
0.0271454905279523,0.249740959853241
0.192407828190268,0.288254545642985
0.265616903061387,0.301026731439818
0.223162033948676,0.312185438475223
0.0977804179764598,0.334416661056954
-0.0442407443492416,0.363434255427114
-0.15191128477697,0.365540372671378
-0.202162461561813,0.312542621620696
-0.213345814018305,0.187074793913984
-0.222250612264596,0.000517291548676088
-0.236365298663407,-0.203726649481068
-0.258571875824052,-0.355034431871147
-0.25035679844762,-0.411012767215488
-0.186163372229903,-0.359234357146075
-0.0504236103765435,-0.208936524136643
0.114309120671307,-0.00448319324611796
0.215378035490143,0.202729022810963
0.201854555761568,0.357867224619955
0.0589466036759283,0.455746150047565
-0.133411953917584,0.480945647709356
-0.276541600068972,0.434253939177866
-0.284436448934616,0.335833057431358
-0.124186927160505,0.205832766725331
0.154251412049053,0.0492165954800533
0.426014216380348,-0.101721687802482
0.552578198453732,-0.210192792758709
0.494284408252284,-0.279522184362631
0.29659279613707,-0.301654879247795
0.0778031109323152,-0.276590863917256
-0.0336239497676642,-0.236377607877006
0.0313084544197232,-0.185054895152689
0.216289443677278,-0.153142934971839
0.373422912323423,-0.126884224081116
0.411271422664393,-0.0888386650954838
0.252967890382207,-0.0223297519654164
-0.0505714052956304,0.0754014038498779
-0.347718439971308,0.194403095027421
-0.512832989463009,0.300127618969336
-0.481105775461695,0.368927403958793
-0.293378201815592,0.388436697695771
-0.0644274294970638,0.327630289268525
0.0845894827207442,0.216203238691254
0.104394359547424,0.100551624166441
0.0349171797728869,0.00913881755325984
-0.0507068876268826,-0.0417897666700484
-0.0797121660349719,-0.0569636528008462
-0.0471843773824514,-0.0628509256157382
-0.00766084136850139,-0.0917453536167171
-0.00995170394874156,-0.14894300969691
-0.075660045801839,-0.20686734803012
-0.13290697922726,-0.234677937626499
-0.114259843326079,-0.226425905615382
0.0272440215987556,-0.171124968430358
0.285200079073846,-0.0896392363724536
0.530433221348859,-0.0432184756322871
0.636477960304616,-0.0427874000886249
0.532576266233918,-0.0955141864768024
0.238496034334868,-0.15480565058766
-0.106833021264546,-0.152502477950263
-0.350489659658234,-0.0583307785784942
-0.386281316603224,0.100108229286472
-0.238064968913914,0.239025654446278
-0.016984405101297,0.291666222351487
0.146159494293331,0.207409277355129
0.161136311534049,0.016676494239698
0.047110481610026,-0.201817601126883
-0.118151849303818,-0.34099366823865
-0.22297728776914,-0.349023999435546
-0.223001919693282,-0.246046036262526
-0.112978936031399,-0.0898239825519894
0.0173662167966756,0.0286727305609943
0.0885800163950503,0.0568528023937358
0.0779262773014964,-0.00220464726061797
0.0135481116527163,-0.0822739873728032
-0.0544141440508496,-0.118804629035937
-0.0908955117429913,-0.0797614298832555
-0.102583838889807,0.0137821250547718
-0.117363600737391,0.0889125608679091
-0.165619510685081,0.10664827508501
-0.217693530838084,0.0554856766160877
-0.243976873652948,-0.0397821838708244
-0.21250828810665,-0.118065630820849
-0.110675756645529,-0.148068542647515
-0.0100995013985056,-0.125652573886248
0.0492781786646439,-0.0885800163950503
0.00878163946914112,-0.0766823111445573
-0.123066127372747,-0.101007335008481
-0.26551834837093,-0.15560622186463
-0.344171307925443,-0.196336775305748
-0.291789368475251,-0.178699602282158
-0.134261789042838,-0.10329819843228
0.0437111343605399,0.00215538151432655
0.1522561452119,0.0974232415794592
0.140099798009446,0.157576856777642
0.0394742713221074,0.169425298179851
-0.0808083271501156,0.164055322765826
-0.129088869021947,0.147329557929372
-0.0698836233940574,0.121809845253737
0.0659669854921767,0.0782834536984971
0.204330165364903,0.0263818688243132
0.263621622727289,-0.0245959817779558
0.215685941290387,-0.0445363375616515
0.0729504261706847,0.000406443355908181
-0.0842692542099562,0.0940977968508708
-0.189673563138028,0.19818425059805
-0.215414976627883,0.260998221579103
-0.157860130653744,0.234948902289003
-0.0538229542517935,0.108446479780557
0.0538475861759353,-0.0633066297093059
0.12830062045552,-0.207384645430987
0.162515766770713,-0.253891621279886
0.150150027967637,-0.197297460838112
0.0962901258296305,-0.106167932318829
0.0114789456689017,-0.0435140722189332
-0.0945042370961549,-0.0473937588603651
-0.19765463048664,-0.0877917678286237
-0.279362056610292,-0.110392482769426
-0.326090746770357,-0.0600550875016152
-0.344762501098736,0.0843062088446413
-0.333345138614425,0.249223675949319
-0.296679014620039,0.357362249929631
-0.225502161220759,0.326780467640216
-0.116870935260666,0.158599128868832
0.0191767374542929,-0.0834933216056005
0.151849698218144,-0.291395257688982
0.233815779790702,-0.354147655608153
0.22057557393823,-0.271935227800288
0.101968013792373,-0.12152655788069
-0.0799954399110749,0.00512364942413481
-0.237547658016102,0.0279214265065442
-0.290496145218501,-0.0670877852799345
-0.183749349185395,-0.195511572104636
0.0546851053391178,-0.295422745997973
0.313072241732106,-0.29422805043779
0.490035192135183,-0.21178162609905
0.498693698133946,-0.11703104951606
0.360589153464708,-0.0682332169918341
0.137168477564071,-0.109825921520276
-0.0459280986376776,-0.218001436638328
-0.12011017500323,-0.325339425844726
-0.0644274294970638,-0.378891415434015
0.0631711541265261,-0.364419586380565
0.165520982988513,-0.285507971377146
0.210537653193638,-0.190560352897966
0.188454235653703,-0.0895283859653432
0.162404916363603,0.000504975059380791
0.175177088663491,0.0714231861376427
0.225095727723947,0.101426091215836
0.268351141119738,0.0617547577521221
0.261158322337552,-0.0306187335498638
0.186742242692652,-0.131010240086675
0.0963024417917013,-0.168033533729589
0.0227238779357478,-0.104258877216172
-0.00158882406119171,0.0353728872406909
0.00810423456135254,0.15511356988485
0.0206300800277914,0.172196504369832
0.0377130178870098,0.056212348746396
0.0797491139211846,-0.147243339446403
0.152687224129798,-0.310941479066756
0.248115198872105,-0.352460294571245
0.318750136443321,-0.234850374592436
0.305066528962407,0.00325154684726544
0.173785324213229,0.251206620075929
-0.0311360242022584,0.412774010527877
-0.238459079700183,0.4521990180017
-0.375208801056898,0.395284642546083
-0.403672156888451,0.326484857556626
-0.338222448551725,0.312542621620696
-0.222090498009202,0.348642197862876
-0.114075097146543,0.397181368189724
-0.0610773528443336,0.403622893040168
-0.068405647209299,0.335660620465421
-0.129741648754066,0.214934633861701
-0.208271435190926,0.102103496123625
-0.27168890855887,0.0279953256532057
-0.302135208517032,-0.0143486829296861
-0.290102034432232,-0.0456325054252676
-0.240528242309761,-0.112584811748186
-0.169018851186094,-0.227571337327282
-0.0908708798188495,-0.360318188802204
-0.0104689954446952,-0.434549522267568
0.0377130178870098,-0.410409264828597
0.0576287417465638,-0.273918198920787
0.0626169088394465,-0.0677528742256522
0.0646491235628122,0.113052838552297
0.0861536773884712,0.205303160110866
0.127142866033077,0.182616226687094
0.175324880208341,0.0888879289437673
0.19902176301276,-0.00977927373127669
0.183392166039922,-0.075228973632413
0.116292064797917,-0.0922995921553244
0.00949599479381951,-0.0788007443508917
-0.114050465222401,-0.06702620546958
-0.220809597462995,-0.0810300279643364
-0.283882210396009,-0.104653008247857
-0.301888889275615,-0.107941505090233
-0.277526904028533,-0.0691446386759144
-0.212791575479697,0.00612128326449086
-0.121735949481312,0.100071281400259
-0.0302122899303434,0.169930272870175
0.0431568958219326,0.193996648033665
0.057456311529099,0.163291692626596
0.00954526032922117,0.0866463361167241
-0.0989012177642176,-0.0121070858848476
-0.239333546749578,-0.104308147812928
-0.335980848976209,-0.179992825538908
-0.345205902727177,-0.208062043590303
-0.248952711286815,-0.171309714609894
-0.075192018997728,-0.0777538470840316
0.1167600983505,0.0618902400833743
0.246107609324408,0.177972926777614
0.26422512511418,0.219208454909055
0.166691046624555,0.17990660705594
-0.00964379224358354,0.0846757012037128
-0.181864932755353,-0.00027096223727212
-0.284066956575544,-0.000973000756320574
-0.300078355121052,0.0971522769169548
-0.227768392720416,0.236426871725289
-0.107264100182445,0.327962853986801
0.0242264877317661,0.288008226401567
0.133609022807663,0.0874961712419775
0.212680725072587,-0.182320643597393
0.265703121544355,-0.40337654680486
0.296876070013173,-0.451730997946062
0.319612267285228,-0.278475280347299
0.343518541690269,0.0263818688243132
0.363680601662422,0.301605615399512
0.371489232045097,0.40131972040277
0.377080908273343,0.282921524863645
0.359936387229533,0.0177480268049361
0.299967518210887,-0.258288601947949
0.221080548628554,-0.40162761270607
0.13188470713607,-0.360084178774384
0.0730982244640078,-0.185855466429659
0.0608187041439001,0.00678637263198807
0.105823071883899,0.103421358052989
0.187456608983598,0.0768424253999513
0.270518858419773,-0.0406689702565267
0.312062292351459,-0.15811878610265
0.293525993360443,-0.18565839753958
0.2361189524281,-0.123127700434629
0.166986643211201,-0.0217508781284312
0.11588561780416,0.0484776073876741
0.092816882807719,0.0368631793875202
0.0820153454208421,-0.0378731321424038
0.0399176628278404,-0.131626065184109
-0.0231056896311264,-0.186803829251479
-0.106808389340404,-0.198356674067043
-0.157478329081074,-0.184771607779641
-0.127229084516046,-0.158057199543823
-0.0310990763160457,-0.135247106499343
0.114715554168119,-0.100563940128512
0.22507108230286,-0.0246698809246173
0.233397023583347,0.0952555445248413
0.132562118792331,0.228458113590275
-0.0279706937290639,0.316422318384836
-0.148228656902909,0.305990259860086
-0.150938290031008,0.18356460300586
-0.0103581475682619,0.00839982946088061
0.221955029174894,-0.155483062243921
0.437887289706699,-0.209663186144243
0.532810303255626,-0.156357529293317
0.47375285592106,-0.0596363245457878
0.294868507459366,0.012513528660809
0.072445451480361,0.0051113330402844
-0.0750565434149482,-0.0744037704313014
-0.0960314838776693,-0.166136808085948
0.000234012848469891,-0.195179020883305
0.137377855667748,-0.118496709738747
0.214774519606307,0.0486746729035169
0.18001745746305,0.217176233437217
0.0405704358114872,0.291198202295848
-0.13161375597051,0.213407400577131
-0.268462005023793,0.0151862020928687
-0.308860007243579,-0.216831373002287
-0.248090553451018,-0.366045347361702
-0.132254199495141,-0.374851617911425
-0.0277613122511502,-0.254692179059911
0.0262833377535098,-0.049881684425771
0.00694648646560252,0.13290697922726
-0.0539584365830457,0.226376628270154
-0.10329819843228,0.226561387946634
-0.0867448638132912,0.155864863816591
-0.0111094516227121,0.0757339483227367
0.11148864388457,0.0467902530992381
0.219183822984913,0.0759679583505561
0.269841446763512,0.15005150027107
0.243324080423884,0.210771676718402
0.141688617852843,0.220624851283459
0.0135357956906454,0.172147240521549
-0.0902427387593445,0.070561028301846
-0.132167994509117,-0.0340673446476335
-0.110035299623953,-0.104184981443746
-0.0397698679087535,-0.117462128433958
0.0354221544632106,-0.0861290454643295
0.0779385932635673,-0.0341535597563659
0.083862813964672,0.0190043055497099
0.0445979207462422,0.0519139025233729
-0.0315917350442985,0.0830129788394186
-0.105675273590576,0.130973298948934
-0.152108353667049,0.193405454860373
-0.168292189178495,0.27107309695838
-0.134582017553626,0.325006888120339
-0.0682085850676923,0.30809637710435
0.0133756814352514,0.207594023534665
0.0778770134532129,0.0468395169475216
0.0939623145196186,-0.112732610041509
0.0325031533541426,-0.203677385632784
-0.0936297700467597,-0.181323003430344
-0.23908722750816,-0.0521602318874993
-0.348753034773042,0.115331379265553
-0.371698596651829,0.224898658833868
-0.298785131864302,0.212151118458121
-0.152896602233476,0.0765591515238484
-0.00368262323448666,-0.113767191346298
0.0771010741003848,-0.268585151147557
0.0692554823345524,-0.286801221627785
-0.0161838355114452,-0.137611865695568
-0.119506659119395,0.124396305264183
-0.166173749223688,0.402945481383907
-0.138818883966294,0.593986177048055
-0.0510148001755997,0.619284202406413
0.0309635939847935,0.47353112811295
0.0373188902295604,0.200130240089975
-0.0490318493005175,-0.1144815441403
-0.195659363649487,-0.375245755691583
-0.319464475740377,-0.509827759748264
-0.361303519755654,-0.510197252107336
-0.327987472413998,-0.393818982323395
-0.22507108230286,-0.210192792758709
-0.1227828399997,-0.0192383189517654
-0.0794288854103967,0.114777140726946
-0.0993446126441869,0.16375972617918
-0.152391627543152,0.133313426221017
-0.152440891391436,0.0799708079869331
-0.059451578366252,0.0233520189952528
0.0972508113619943,-0.0145703786825527
0.259163068997344,-0.0397698679087535
0.349664456457122,-0.0921148459757886
0.310313358252668,-0.19902176301276
0.17796060406707,-0.360663062734078
0.0185855459681186,-0.509113393457318
-0.0990859639437534,-0.569045334835169
-0.138474023531365,-0.51496372513447
-0.112079837057862,-0.316077444452962
-0.0429721462681607,-0.0569513368387753
0.0127105924895337,0.141750204411669
0.0366168500233938,0.193072917135986
0.0431199445614837,0.0730243219431101
0.0711275895509965,-0.140321485326722
0.14399179049024,-0.323455009414683
0.244469512135783,-0.365885246603252
0.31243178471053,-0.243829055114208
0.298144674842726,-0.00628139751988484
0.179709551662806,0.245085350730162
-0.0196940281066875,0.411517741905811
-0.224640016881907,0.45509338381239
-0.360219661105636,0.404361877758311
-0.396035936477824,0.344688591829366
-0.336165595155745,0.321176455204483
-0.213321182094163,0.360170397257353
-0.106968503595798,0.402957790597505
-0.0515444067900652,0.400235861752752
-0.0584908928338882,0.331534604459863
-0.126256089770084,0.218284710514431
-0.205894353284158,0.112473961341076
-0.272415584063414,0.0445979207462422
-0.303662441801602,0.00121933012044698
-0.290372999094736,-0.0431568958219326
-0.250110452212313,-0.119457395271111
-0.183293638343355,-0.232042200270825
-0.0937283044917992,-0.350033948816194
-0.0233889685685836,-0.414658453951809
0.0279706937290639,-0.403967739978153
0.0478125184419564,-0.309906911258912
0.0481820141752641,-0.160163316788087
0.0394989032462492,-0.0127229084516046
0.0241402726230337,0.101019650970552
0.000283278700206197,0.147871487254381
-0.0312099233489199,0.143585356993428
-0.0943933934375169,0.116661557156988
-0.176310197664847,0.0992460781991474
-0.246341619352228,0.109949087889457
-0.275371522935986,0.158020244909138
-0.230724358586878,0.219516360709299
-0.115454552383207,0.262057434808034
0.0448935173328884,0.24083616160695
0.198024136342656,0.144225814015004
0.294030968050767,-0.0224159670741489
0.308416605615138,-0.21178162609905
0.248718701258995,-0.368089891544083
0.150728898430386,-0.42607581643612
0.0494752408062506,-0.366685804383277
-0.0282047054440013,-0.221068239414956
-0.0631957860506679,-0.0564217268500736
-0.0609665024372232,0.0571483989803819
-0.0338456472076489,0.0646860781974972
0.0149398727287423,-0.00799338584136023
0.0672478995353285,-0.110109202144851
0.0925705568178287,-0.186865415810306
0.0828774965081664,-0.209946473517291
0.0317395299633854,-0.179832711283515
-0.0339318623163813,-0.129372156394994
-0.063774656513417,-0.0986179371396423
-0.0431568958219326,-0.10227592634109
0.0365183189525905,-0.121354134411697
0.11044174661771,-0.120048588444404
0.131145722417927,-0.0943318068786901
0.0673341180182971,-0.0494752408062506
-0.0573700930461304,-0.0256182488077922
-0.176692012734462,-0.0544634112733694
-0.216474189856814,-0.131367423232148
-0.119814578416584,-0.209072006467896
0.0889864633888068,-0.226068722469909
0.330081280444663,-0.144989430657289
0.498681388920347,0.0204083825878068
0.511416566094716,0.188404971805419
0.36247356989475,0.26939804513507
0.128830227069986,0.21802606856247
-0.102337512899916,0.0255812992344614
-0.219922807703056,-0.210549975904182
-0.179968193614767,-0.372659282184193
-0.019299900449238,-0.370072835670693
0.19936662344769,-0.187296494728205
0.364481159442447,0.0739234276651194
0.418870661446446,0.292245079317291
0.349492019491185,0.361808494445978
0.18668066963077,0.2655922576403
-0.000640456178016852,0.053588940849738
-0.139656396381004,-0.177911340218787
-0.173711428440803,-0.316188308357017
-0.120467344651759,-0.317099730041097
-0.0014163935273922,-0.208394594811635
0.0981375943734604,-0.0594269464421102
0.143449874662176,0.0557935891648048
0.117265073040824,0.0919054678721111
0.0403364257836679,0.0488101518605329
-0.0180066721311334,-0.037540587669545
-0.043095312637342,-0.133165621179222
-0.0289806431097113,-0.22172100565013
-0.012353414405415,-0.2844857127829
-0.0388091823763897,-0.331275976004846
-0.115811722031735,-0.346511435197526
-0.226844661822737,-0.333850113304748
-0.290003506735665,-0.290594672915068
-0.231832835664092,-0.229960728447648
-0.0546604734149761,-0.180399272532665
0.175484994463735,-0.144004113200784
0.35120399895529,-0.137722716102678
0.377918420688053,-0.136663502873747
0.216006169801175,-0.129421420243278
-0.0322198727295673,-0.0752659215186257
-0.250467635357786,0.0330204440065372
-0.331916433026422,0.149521893656604
-0.251083473952165,0.235466186192925
-0.0825572679973784,0.252093423332812
0.0460758969310006,0.202950723625184
0.0399053468657695,0.1299387041472
-0.117203486481997,0.0867079159270785
-0.326398639073657,0.113274525869573
-0.454871709992059,0.199107981495729
-0.409891980924674,0.308749143339524
-0.203270938639027,0.37565220268534
0.0753151853669093,0.34252090152322
0.292282033951976,0.195376089773384
0.363286463882264,-0.00569020687726965
0.31761701394502,-0.192247713934874
0.243755172838727,-0.28250276865629
0.229221743729505,-0.257315607201986
0.294474369679208,-0.134089365573845
0.381945908997044,0.0160729867914529
0.399004211557884,0.114185947553653
0.281615992393296,0.109136200650416
0.0156419112477907,-0.00539461197774158
-0.29948716194776,-0.175053929042782
-0.520530782935519,-0.327125314578201
-0.57307282314416,-0.384125935510677
-0.47459036833577,-0.320819299052899
-0.288882693450962,-0.178120718322464
-0.118903156732504,-0.0014902923577191
-0.0395974376912887,0.123016850027519
-0.0455462903165351,0.142168960619024
-0.075031904742334,0.0406443349581488
-0.0628016550189822,-0.143068059592561
-0.000160114044504213,-0.32051137975571
0.101179765225946,-0.433243989797219
0.17449967700723,-0.447752773485354
0.182825618287716,-0.365281744216361
0.130997930873076,-0.229973037661247
0.0417035515613159,-0.0754752996223033
-0.0349294957349578,0.0458911507514649
-0.0528622687194297,0.13279612882015
-0.0303108210011467,0.192309286996757
0.0196693944954276,0.209810991186039
0.0905629672701324,0.204551852682179
0.158451323827037,0.166814206245264
0.230761286227673,0.0972015475137107
0.302246072421087,0.0220218394166994
0.351474963617795,-0.041543437305922
0.332014960722989,-0.0573947317187445
0.235244485378705,-0.0147551248620884
0.0755245634705868,0.0623828988116271
-0.0743544998345454,0.118681455918283
-0.153635586951619,0.118693778628827
-0.131773856728959,0.0437111343605399
-0.0399299821641475,-0.0788376922371044
0.0480588478060828,-0.159104103559156
0.0786159981713559,-0.152514787163861
0.0161961514735161,-0.013905289736835
-0.110146150031064,0.199551369627226
-0.233039840437874,0.408992868454193
-0.291025765329911,0.52044456445255
-0.258116164982012,0.491907326345517
-0.179611010469294,0.343099785482914
-0.102251294416948,0.135271738423485
-0.064402797572922,-0.0241279549738447
-0.0609172385889396,-0.0831730930948126
-0.0467040379905056,-0.0374666885228834
0.00400285132349508,0.0597471749528982
0.100908800563442,0.153820333131155
0.196952600403182,0.19822119173579
0.248669437410712,0.190929845257038
0.218838962549983,0.185054895152689
0.151357046238363,0.208998097198525
0.0919670476824655,0.286899749324352
0.0888632970196255,0.384175199358961
0.138437068896679,0.438663229059527
0.196225924898637,0.406135457278188
0.20557412477337,0.264717790590905
0.125246140389436,0.0712753878443196
-0.0296087841692163,-0.117560656130525
-0.164535665532008,-0.216474189856814
-0.213050217431658,-0.194908069717745
-0.131736915591219,-0.0673587499424389
0.0432307949685941,0.109715071113165
0.20522926433844,0.271565735441216
0.272908249540139,0.373743140834211
0.212840839327981,0.393215479936504
0.0773966706870309,0.36902593165536
-0.063294313747235,0.316656328412656
-0.146947742859757,0.253805402796918
-0.164831262118654,0.182148206631456
-0.142858681488884,0.0826681184044888
-0.130148095747823,-0.0591682977416768
-0.147366512564057,-0.241353445510873
-0.159485905131826,-0.412958756707412
-0.147083225191009,-0.526578170005805
-0.0909324663776763,-0.543513326442881
-0.00933588053842553,-0.424967312365016
0.0370848768275048,-0.197593057424758
-0.00833824711984901,0.0766207313342029
-0.149447997884179,0.314636429651361
-0.342557856157905,0.437776452796534
-0.480748592316222,0.427492185816634
-0.498471970325835,0.302824929386892
-0.388350479212803,0.121686672136084
-0.214860738089276,-0.0645382799041742
-0.0860920908296444,-0.185264273256366
-0.0532194484906665,-0.206547119519332
-0.134089365573845,-0.147144811749836
-0.243102406603553,-0.0393880562133749
-0.289461577410656,0.0640702531000631
-0.232522556533952,0.118964743291331
-0.0825203201111658,0.122696635013676
0.094073164926729,0.0787761124267499
0.213727629087919,0.0195954970358841
0.237596921864386,-0.0125751110018406
0.167183698604335,-0.0208764093919178
0.0712753878443196,0.015297050812861
-0.00367030685063624,0.0689968403825913
-0.036592218099252,0.108717437694589
-0.0442407443492416,0.133559745462435
-0.0833701552364192,0.129421420243278
-0.154054343158974,0.116415224418626
-0.234505500660561,0.126822651019234
-0.275605532963806,0.156148151189639
-0.235860323973083,0.215698264000931
-0.112843453700147,0.258830531272958
0.0502758120832205,0.242264867194953
0.207310749658562,0.144139595532036
0.29369843032638,-0.0218001436638328
0.300386274418242,-0.219516360709299
0.237252074926401,-0.378448040799463
0.139139112477082,-0.432344877326737
0.0418020826321193,-0.365158571098708
-0.0297688984246103,-0.215809100911096
-0.0643412177625675,-0.0511379631705448
-0.0617793896762639,0.055608842985269
-0.0327864306044817,0.0625799609532338
0.0161222540139726,-0.00775937328286376
0.0613975813551215,-0.110158465993135
0.0867448638132912,-0.183490707233434
0.0735292966334338,-0.210451448207614
0.0260493243514543,-0.195807168691282
-0.0312838224955814,-0.146541309362945
-0.0705363963777042,-0.106475844867546
-0.0766946271066282,-0.0617547577521221
-0.0683563833610154,-0.000603506815575843
-0.077704583235748,0.0854639565186118
-0.129224351353199,0.189341025413641
-0.193516305267483,0.2618603794149
-0.219060649867259,0.263387612699469
-0.145974748113795,0.158771552337825
0.0233766509193946,-0.0347324335933512
0.228926133645914,-0.238643825879718
0.384766392532253,-0.371205958168994
0.43399528372896,-0.395407815663736
0.366476439776545,-0.32469896882315
0.230182429261869,-0.211978681492184
0.106906917036972,-0.14224285639145
0.0598949732462213,-0.15549537145752
0.104899334237748,-0.26231609025694
0.192937434804734,-0.405347181717872
0.245627280055171,-0.506810220819921
0.211880153795617,-0.504950449810964
0.102177398644522,-0.394434793923884
-0.0238446777235056,-0.228704432831693
-0.081818276530763,-0.0759679583505561
-0.033205190186073,0.00402748409119592
0.0863137916438652,-0.0205931304544607
0.214663669199197,-0.0968197324440959
0.259310860542195,-0.155138201808992
0.201694441506174,-0.143905585504216
0.0555226245023004,-0.0228839921911418
-0.112153732830288,0.171248141548011
-0.226154940952878,0.367892809157059
-0.250258270751053,0.491316106178335
-0.195794845980739,0.498545879595205
-0.120984642052626,0.392033093589919
-0.0627647071327695,0.201817601126883
-0.0396836528000211,0.00370725600218749
-0.0334392035881285,-0.134668236036594
-0.00176125459499122,-0.186926988872188
0.0812517220300849,-0.144201182090863
0.199489796565344,-0.0381071455444593
0.295976984536581,0.08107929181262
0.325511862810663,0.184328219648144
0.261367713938175,0.257586544870601
0.115294438127813,0.27633220846835
-0.0645013320179615,0.257451089533239
-0.209700140778928,0.207729505865917
-0.27671403703491,0.136700444011488
-0.248965020500413,0.092496654296931
-0.159880042911984,0.0764606170788089
-0.0455709222406769,0.0848727633453194
0.056347827703412,0.120565885845271
0.122228601461092,0.134914568774957
0.141294493569629,0.0990859639437534
0.0879765140081594,-0.00102226660805688
-0.0229086258024017,-0.133769137063057
-0.182579285549354,-0.239752302956933
-0.342742602337441,-0.270568122268057
-0.44595457553828,-0.190548030187423
-0.440510690854885,-0.0144102644271587
-0.293858558078719,0.189267129641216
-0.0456694533114803,0.331546940667351
0.236685527174195,0.348900826317892
0.444858407674664,0.252204260242978
0.506699383909755,0.121304870563414
0.392698196032582,0.0290052750338531
0.158931666593219,0.019928041508743
-0.0868557142204016,0.0927060324006086
-0.252302787939545,0.173538991474866
-0.286887440110754,0.201522004540237
-0.214983897709985,0.139705673726233
-0.115860985880019,0.0189057744789066
-0.0674449616769351,-0.0774336185732436
-0.0963517056399849,-0.0754383517360906
-0.199773070441447,0.0520493814803889
-0.298378684870546,0.253719184313949
-0.328480137890723,0.419621982372077
-0.282687514835826,0.469343566039399
-0.144681524857044,0.380160020263568
0.00894175372453509,0.207988147817878
0.0972138634757816,0.0507438388873315
0.0918315653512133,0.0062690807142549
-0.0113188314135077,0.0745638846866954
-0.160003202532693,0.220156817730875
-0.282933834077243,0.335204909623381
-0.350477350444635,0.334897017320081
-0.342459328461338,0.212422083120626
-0.281492819275642,-0.00226622960164957
-0.206805774968238,-0.218272401300833
-0.148154761130484,-0.356204509004133
-0.132488223019905,-0.393794336902308
-0.151751170521576,-0.355724152741007
-0.176088510347571,-0.298920614195554
-0.166974320500658,-0.260517865315976
-0.104960920796574,-0.241094817055856
-0.00601043496627807,-0.220181449655017
0.109973719813599,-0.184525288538223
0.190326342870147,-0.129409097532735
0.201854555761568,-0.0704625006052789
0.121267915928729,-0.0392895251425716
-0.0235244492127177,-0.025938475631462
-0.179746492800546,-0.0183145846798504
-0.290102034432232,0.00513596622976475
-0.301112949922786,0.066866091214186
-0.215809100911096,0.159867720201441
-0.0743298679104036,0.254273422852556
0.05066993974067,0.292479116339
0.0872867931382999,0.253731493527547
0.0201251036503496,0.140198325706013
-0.119765314568301,0.00453245920329915
-0.268720633478809,-0.100588572052654
-0.345008820340154,-0.125627941962106
-0.326140010618641,-0.063503698599385
-0.22412271948104,0.0599811849807175
-0.101438407177907,0.223556158231889
-0.0405581198494163,0.363397300792429
-0.0572838813116341,0.457667521112293
-0.135628921568958,0.470870772330079
-0.204034568778257,0.398930302288514
-0.204441015772014,0.255098626053668
-0.119950060747837,0.0514212437951201
0.0378854481044747,-0.1451002810644
0.171679206968965,-0.256108575434315
0.220156817730875,-0.257906773381389
0.151295459679536,-0.138720356269727
0.00714354987254774,0.0483913922789416
-0.121120124383878,0.208837982943131
-0.145519037271755,0.262439236380704
-0.022391333462889,0.162306375170091
0.226512124098351,-0.0512488135776552
0.494309026679481,-0.265740049185151
0.673636776769617,-0.387057228962163
0.707802618745692,-0.368225373875335
0.588566937785746,-0.223679331349543
0.350933061286675,0.0133387318619206
0.0833578392743483,0.253164945775342
-0.107116301889122,0.392525759066645
-0.189045428826995,0.39492745940061
-0.154928823705314,0.276590863917256
-0.0603753160124032,0.0961423275363074
0.0321582895449767,-0.0928661466560025
0.0909817302259599,-0.235774105490115
0.0955757730356292,-0.304352189665351
0.0737633134097255,-0.325745872838482
0.0593530439212125,-0.302578610145474
0.0757955281330912,-0.259865099080802
0.1163413286462,-0.236833318719046
0.17541109869131,-0.223568480942432
0.216585040263924,-0.218432515556227
0.223814813680795,-0.227472809630715
0.187604400528449,-0.230761286227673
0.127487739964952,-0.220563264724632
0.0657822393126409,-0.194353817682193
0.0336239497676642,-0.169006541972496
0.0437357696589179,-0.167836478336454
0.0822493554486614,-0.185054895152689
0.114604717257953,-0.210574607828323
0.115060414603049,-0.221018975566672
0.070868940850563,-0.181125934540265
-0.0261478554222577,-0.095760519215165
-0.122388715716486,0.00625676433040448
-0.190794362925785,0.0997264209653293
-0.212311232713515,0.147267971370545
-0.176741276582745,0.156172783113781
-0.100822588828945,0.144078008973209
-0.0216646630196987,0.150568784174992
0.0438096688055794,0.204785876206943
0.103101129542201,0.281874620848312
0.155717072271741,0.339564962650648
0.22457843032308,0.321164145990884
0.289289140444719,0.191557993065015
0.32553650823175,-0.00738987923667415
0.294769979762799,-0.206288477567371
0.186434336892408,-0.331041965977027
0.0512364976155843,-0.331867169178139
-0.0644643773832764,-0.220908125159562
-0.0818059605686921,-0.091560600688709
0.00987780564563906,0.0117991741796896
0.158882402744935,0.0504236103765435
0.290459190583815,0.0454600752078027
0.314956658162149,0.0549560700016222
0.195449985545809,0.114149006415913
-0.0347077982949732,0.231155424007831
-0.27595040689568,0.338308667034693
-0.411776397354717,0.368754966992856
-0.395592561843272,0.25942169745236
-0.222349153458107,0.0381194615065302
0.00536997878826122,-0.23246095647818
0.166173749223688,-0.441791604898037
0.191619566126897,-0.505492379135973
0.091597555323394,-0.452309881905755
-0.077507514345669,-0.312074601565057
-0.220464737028065,-0.168994219261953
-0.26810482187832,-0.06266617268773
-0.22145005448457,-0.0068725877407205
-0.139767246788115,0.0391909940717683
-0.0931740592047196,0.101044282894694
-0.111254633856751,0.187148689686409
-0.169068115034378,0.266589897807349
-0.197556102790073,0.265912486151088
-0.1469600655703,0.163784358103322
0.0103335148005611,-0.0314316207889045
0.21513170275178,-0.2478442342096
0.37610791352738,-0.379359462483543
0.429499775364331,-0.408204619887766
0.359763950263596,-0.33833331245578
0.220009026186025,-0.224861704199183
0.0949476319761242,-0.147945383026806
0.0521232806270504,-0.157897085288429
0.100761002270118,-0.265949440785773
0.19083131756047,-0.399595404731177
0.233249232038496,-0.514791288168533
0.19487111508306,-0.524804617479817
0.0851806758940365,-0.412071980444419
-0.0306679973981473,-0.234148317515088
-0.0741081738446552,-0.0553871455452844
-0.024719146460019,0.0253472858324059
0.0947259379103758,-0.0113311482191376
0.196681635740677,-0.121403398259981
0.232694993499889,-0.205315482821409
0.186890047734448,-0.166173749223688
0.0832716207913797,0.0202236364082711
-0.0633066297093059,0.258929058969525
-0.195967282946676,0.405519618683809
-0.311705109205986,0.360786208857842
-0.387291265983872,0.136343274362959
-0.389224946262198,-0.146455090879977
-0.300903558322164,-0.336695215267155
-0.12818977004841,-0.355637934258038
0.0633312683819201,-0.225576070490129
0.21098105482208,-0.0416666036751033
0.21562435473156,0.0836780677851363
0.0617547577521221,0.121871431812564
-0.201053984484598,0.0808699137089424
-0.443602139052599,0.00900333606556669
-0.530531749045426,-0.0377869170336714
-0.425164394752039,-0.0508793178443475
-0.193725683371161,-0.0389816125938546
0.029042226294302,-0.0301753386698945
0.104037183150423,-0.0426888690178216
0.0195831793866952,-0.0608556587785851
-0.132870024592575,-0.0550053338499058
-0.210155851620968,-0.00215538151432655
-0.134779086443705,0.133658286655947
0.0470612143875063,0.317949551669406
0.240417405399595,0.482337398662674
0.314611784230274,0.560337591982013
0.235207530744019,0.500430323019137
0.0543032970179754,0.303206757953451
-0.124433246401923,0.0339441782784522
-0.183145846798504,-0.161986146659303
-0.0802048247632248,-0.202248680044781
0.122585784606565,-0.0917453536167171
0.302356909331253,0.103741586563777
0.359788595684683,0.269989238308363
0.292762390215103,0.304463026575517
0.142316752163875,0.214171017219416
0.00759925902746979,0.0619148720075161
-0.0515936740125849,-0.0754876155843742
-0.0427874000886249,-0.128374516227946
-0.020075838114948,-0.0920409434548909
-0.0483421250564219,-0.0347201176312803
-0.138560242014333,-0.0253842354057366
-0.24494986839891,-0.11078660705264
-0.317284476220633,-0.275063630632686
-0.299610335065414,-0.438971148356717
-0.206189949870804,-0.521368295350229
-0.103741586563777,-0.479307550520731
-0.0490195333384466,-0.341818871439762
-0.0700683695735932,-0.152219190577215
-0.142279811026135,0.0125627950397697
-0.20302461939761,0.0924597064107183
-0.197827067452577,0.0928045668456481
-0.123940594422143,0.0367646483167169
-0.0347447495554221,-0.0251132724303504
0.017920457022401,-0.0619395039316579
0.00381810430040028,-0.0655359133227507
-0.0452014265073692,-0.0428982504957353
-0.0788869628338603,-0.0142132005984339
-0.0513227127243167,-0.000234012848469891
0.0359271291535343,0.0104074131036636
0.117129590709572,0.0272809711720864
0.129409097532735,0.0566434242900582
0.0357300670119277,0.119383499498686
-0.112757241965651,0.181852610044809
-0.239370501384263,0.218567997887479
-0.254803042963966,0.214109430660589
-0.108015400862659,0.151184609272426
0.129643121057499,0.0512241782792772
0.339306307201742,-0.0597594909149691
0.403943121550956,-0.125098335347641
0.295164090549068,-0.120430403514018
0.0789978064924983,-0.0471351135341678
-0.136096941624597,0.0548698548928898
-0.223556158231889,0.131897029846613
-0.153019761854185,0.144829316401895
0.0182406855331889,0.0870158284757956
0.18991989587639,0.0111340843904129
0.259643398266581,-0.0176741276582745
0.190498766339139,0.0335007867727191
0.0285249322676712,0.150236246450605
-0.141466917038622,0.245208496853927
-0.225317415041223,0.229591236088577
-0.194230658061484,0.0621365660732645
-0.0712753878443196,-0.235749460069028
0.0719404767900373,-0.527514210117082
0.173637532668378,-0.678932815920382
0.214405027247236,-0.616131208140707
0.22145005448457,-0.334576788809293
0.231069205524863,0.0572346174633505
0.248891138224933,0.356783365969938
0.267181090980641,0.440867874000358
0.284547312838671,0.284202438906797
0.251773194822024,-0.0347447495554221
0.16951151666282,-0.333862422518347
0.0566187923659164,-0.484258769727401
-0.0596486405078587,-0.431716756512649
-0.14521113147151,-0.216708213381578
-0.177344778969636,0.0603260454156473
-0.166629460065728,0.265506039157331
-0.11263407559647,0.3585939001245
-0.0391294108871776,0.346265115956108
0.0467656178008601,0.277465330966651
0.142735521868175,0.213161067838769
0.209072006467896,0.167861110260596
0.231426388670336,0.150581106885535
0.215107070827638,0.119518981829938
0.157884776074831,0.0686889278338742
0.0902550614698877,0.0243373364517585
0.0479726326973504,0.0079071707326278
0.0387106513055864,0.0322321886916382
0.0504728742248271,0.0800077626216181
0.0521848638116411,0.116218169025492
-0.0064538277373497,0.118311963559212
-0.121933004874446,0.083234672905167
-0.283832946547725,0.0459280986376776
-0.420496449421472,0.0372449910828988
-0.45745815650556,0.0910925806330703
-0.37055316493993,0.197629998562498
-0.161641286224373,0.292577644035567
0.0649324041873875,0.345021156547641
0.224208937964008,0.311791327688954
0.23626674397295,0.209084315681494
0.085870396763896,0.0828035939872687
-0.160963888065057,0.00307911641891082
-0.397513932908,-0.010973970978578
-0.523301975628555,0.0525913074311615
-0.497659076338322,0.16893264620007
-0.345612322727044,0.284313275816962
-0.136183160107565,0.361833112873175
0.0287343137455849,0.34328453166245
0.103975603340069,0.232830448837252
0.0839613416612392,0.0334145716639867
0.0129076554746994,-0.211054950594505
-0.0321952408054255,-0.432270995051256
-0.0277120467157485,-0.560620865858115
0.032749482718269,-0.543784291105385
0.107867602569335,-0.395900454146572
0.162601971756737,-0.155199774870874
0.168698622675306,0.0801925088011539
0.120923055493799,0.210734722083717
0.0715340297962807,0.204514911544439
0.052061700816696,0.0681716371814796
0.0654866494744671,-0.111956670688681
0.10722714554776,-0.229418799122639
0.133424263131183,-0.204625761951549
0.117930161986542,-0.0479849486594213
0.0594762102903938,0.169388343545166
-0.0173538991474866,0.361697630541922
-0.0825572679973784,0.439118939901568
-0.112794189851864,0.397045885858472
-0.0884322248501996,0.25561590995759
-0.0410507785776692,0.0821261890794801
0.00459404154433075,-0.0638239203617005
0.0205069153457282,-0.162934522978068
0.00197063449123174,-0.20111555754648
-0.0358655459689437,-0.215698264000931
-0.0741697536550097,-0.217804367748249
-0.0918438813132842,-0.211301283332868
-0.096536458567993,-0.195191343593848
-0.0807344313776903,-0.159239585890408
-0.0466547707679859,-0.103914016781242
-0.0134249469706531,-0.0522710789203735
0.0222065872833532,-0.00966842501128438
0.0415064894197093,0.00741451200437498
0.0487608880122493,0.00184746980916854
0.031037493131455,-0.0114912624745316
0.00837519669317978,-0.017612546160802
-0.00466794026921277,-0.00831361435214818
0.00991475437541078,0.00870774116603862
0.060560062191939,0.0448073022241559
0.117819311579431,0.0846264306069568
0.167688673294659,0.112560179824044
0.160766819174978,0.10688228511283
0.0878902955251908,0.0469134160941832
-0.0259261596693911,-0.0651294663289941
-0.140358439961407,-0.217348670403154
-0.209774036551354,-0.358039661585892
-0.227916184265267,-0.443540538996827
-0.202815241293932,-0.435226933923829
-0.182616226687094,-0.33855501327
-0.175645108719129,-0.193171444832553
-0.167331503646131,-0.0458911507514649
-0.125997447818122,0.0524927763603581
-0.00251255896577598,0.0832839367534506
0.185522915208328,0.0765345128512342
0.389717611738923,0.0729996900189683
0.533031977075958,0.100219079693582
0.559438479511531,0.159030207786731
0.470439733903015,0.207791092424744
0.322506660089807,0.214269544915983
0.197248196989828,0.148807540862603
0.148339507310019,0.032749482718269
0.175263307146459,-0.0935435515637911
0.212138795747578,-0.192210759300189
0.17746795208729,-0.237596921864386
0.0366291693597009,-0.245183878426729
-0.171346669244579,-0.236931846415613
-0.346092678990171,-0.236685527174195
-0.360909381975496,-0.240602151579131
-0.210747044794261,-0.228790651314662
0.0323307231366777,-0.175694372567413
0.229320271426072,-0.086178309312613
0.249888778391982,0.0184623812860554
0.075389087887807,0.086966564627512
-0.211264328698183,0.100219079693582
-0.453135085106867,0.055300930436552
-0.537034846957752,-0.00928661500302387
-0.424708683909999,-0.0482312780235477
-0.188158639067056,-0.0573331451599177
0.0279953256532057,-0.0451398466970148
0.0980021120422082,-0.0357054317135497
0.0119469716294536,-0.036592218099252
-0.131589110549424,-0.0433170100773266
-0.212040268051011,0.00411369962170787
-0.13949628212561,0.119186430608607
0.0607201764473329,0.299130005796177
0.255000098357101,0.483495166582061
0.336017803610894,0.567715129949844
0.256465758579788,0.504014409699687
0.0612251511376566,0.289560105107223
-0.137193109488213,0.0178096083024086
-0.198061077480396,-0.16596437112001
-0.0720513204486753,-0.179364691227876
0.147822223406097,-0.0452876416161017
0.313318560973524,0.112141416868217
0.314476301899022,0.186532864588975
0.13945934098787,0.12544319578257
-0.108458795742628,-0.0351265578765645
-0.261884997842097,-0.190708144442817
-0.221671741801846,-0.286444038482312
-0.00125627948288799,-0.315313841307622
0.289116703478782,-0.306101123764141
0.509014865760751,-0.28623464688169
0.570979015113495,-0.257549617229806
0.465858007055417,-0.203147779018318
0.255640555378677,-0.12243797956477
0.0425164388003567,-0.0237954105009859
-0.106931555709586,0.0413586911263862
-0.188158639067056,0.0504236103765435
-0.235466186192925,0.0115405280099333
-0.273499442713432,-0.0397329166483047
-0.337803692344369,-0.0720759523728171
-0.380160020263568,-0.0802048247632248
-0.371907988252452,-0.0721744868178566
-0.29697462470363,-0.0581090845127458
-0.170693889512459,-0.0413956390125989
-0.0560399185289312,-0.000640456178016852
0.02208342260129,0.0685903933888347
0.0380825102460814,0.171642265831225
0.0433909092239881,0.289215231175349
0.079983123949004,0.384113599303189
0.199773070441447,0.43521462471023
0.383189868405511,0.411320686512677
0.534670074264583,0.321151836777286
0.588332900764037,0.197790112817892
0.473543437326548,0.0685164976164094
0.224640016881907,-0.0148659735820807
-0.0530346989368945,-0.0215291806884465
-0.256281012400253,0.0448688820345104
-0.300226173659793,0.173181821826338
-0.209884886958464,0.30984531120314
-0.0705363963777042,0.396614820437518
0.0411123617622598,0.416579798022647
0.0738864730304344,0.34952897412587
0.0367030685063624,0.209712449992527
-0.0410507785776692,0.0425410707244985
-0.10042845779726,-0.106241828091254
-0.113139050286793,-0.194169071502657
-0.089553017889485,-0.194181394213201
-0.0541062315021326,-0.117302014178564
-0.0347693814795638,0.00604738453960884
-0.0470981622737189,0.138018312689324
-0.0859935631330773,0.235306058440587
-0.130862448541824,0.28661647544825
-0.167590145598092,0.288057490249851
-0.199231141116438,0.256096266220717
-0.202531953920884,0.202704390886822
-0.179500173559128,0.141614722080417
-0.113828777905125,0.0870650923240791
-0.012513528660809,0.0344861042292248
0.0908831957809204,0.00444624409456671
0.138929734373405,0.00214306491958637
0.0835302694918132,0.0394373234358947
-0.0733814983401107,0.113816455194582
-0.268843806596463,0.207594023534665
-0.417244900465309,0.286875103903266
-0.462446303353025,0.329366914153717
-0.374272760945621,0.312123865413341
-0.172208813583431,0.224566107612537
0.0571607149424528,0.10133987948134
0.233261541252095,-0.0235121332506468
0.306458279915725,-0.0985563573292879
0.279596093632001,-0.110072254258638
0.206263845643229,-0.0777784790081734
0.135370266120052,-0.0198048768266798
0.100502360318157,0.00607201730730967
0.0885307525467667,-0.0256428807319339
0.0755122475085159,-0.10122902907423
0.0411985768709922,-0.20774182857646
-0.00709428433714608,-0.289079748844097
-0.0402625266370064,-0.31288749555257
-0.0258768941339895,-0.268966979714117
0.0409891953930785,-0.16574267030579
0.141171320451976,-0.031493200599259
0.212471346968909,0.0886785508400898
0.209700140778928,0.170410615636357
0.118004057758967,0.203578857936217
-0.0422454775120885,0.188651304543782
-0.199157245344012,0.145383554940502
-0.287466297076558,0.106352678498364
-0.259791216805321,0.0914867049162836
-0.105970870177222,0.114395325657331
0.116673879867532,0.167947328743565
0.320991709024947,0.238089587341111
0.445030844640601,0.303908788036909
0.437246832685123,0.322913080089675
0.332224325329722,0.299437898099477
0.185485974070587,0.218518734039195
0.0501156978278265,0.120553563134727
0.0131663016444558,0.0412601600555829
0.058195296247242,0.0107276416144515
0.134988464547382,0.0464700245884501
0.165237695615466,0.106968503595798
0.0948614134931556,0.143733148538279
-0.0783696721814657,0.0930262609113965
-0.292971754821836,-0.0598210707253235
-0.440301326248152,-0.287404724014676
-0.457174882629457,-0.507598496380237
-0.343333795510733,-0.643276695294423
-0.178687279571615,-0.649964485398506
-0.0519262184854438,-0.517673371759514
-0.0063922453963181,-0.293464420298561
-0.0521232806270504,-0.0816951169100541
-0.127672486144488,0.0439944149851152
-0.146208758141614,0.0494875567683215
-0.0589589196379992,-0.0221573217479516
0.113914982891149,-0.108815972139628
0.270900659992443,-0.13416326134627
0.322654451634658,-0.0783573562193948
0.226684534070399,0.0401147283436833
0.0172800016879431,0.154251412049053
-0.195831800615424,0.194797219310635
-0.298181629477411,0.141146688527834
-0.236451490152486,0.0266897813730302
-0.0540446516917781,-0.0914128091438582
0.143646930055311,-0.146381195107551
0.288624038002056,-0.11158717832961
0.322851507027792,-0.0277366803270084
0.274903502880348,0.060510791595183
0.201090925622339,0.101167449263875
0.125098335347641,0.072716409394393
0.0692308504104106,0.0195585474625534
0.00134249469706531,-0.0121933009935801
-0.0981622262976022,0.0296826799416417
-0.213998580253479,0.143819367021248
-0.317912597034721,0.279140382789961
-0.343420013993702,0.365035397981054
-0.29979508124495,0.360022605712502
-0.202174784272356,0.273795025803133
-0.110983669194246,0.144964798733147
-0.0872621544656858,0.0519508504095856
-0.113619399801448,0.0489086829313362
-0.13900363014583,0.108976086395022
-0.0962039140951342,0.187431977059457
0.0194723323538209,0.197716217045467
0.168304498392093,0.105293465269433
0.262956547278516,-0.0636391741821648
0.239826212226303,-0.24114408090414
0.115109691948277,-0.329859579630442
-0.0303724041857374,-0.279793149025136
-0.0960807477259529,-0.123337078538307
-0.00562862453623804,0.061188203251444
0.204921345041251,0.17286159331555
0.427984851293359,0.152650269495113
0.540914516728003,0.0326386323111586
0.467459122615467,-0.125726483155618
0.233039840437874,-0.227719128872132
-0.0372819423433477,-0.210365229724646
-0.218666525584046,-0.0920902140516468
-0.242498877222772,0.0305325184411313
-0.136257055879991,0.0714108634270994
-0.0241525885851046,-0.0246575632754283
0.0221450040987626,-0.239111845935357
-0.0259261596693911,-0.442863154334456
-0.134077042863302,-0.530704186011363
-0.224935613468553,-0.430054013902938
-0.243262507362002,-0.155729394982284
-0.175509626387877,0.175731327202098
-0.0823109352590159,0.426950283485515
-0.0371464600120955,0.48494851759115
-0.0427874000886249,0.330093589658262
-0.0876316535732297,0.0253472858324059
-0.0971645928790257,-0.296691323833637
-0.0297319471641615,-0.503509408015474
0.074921061083696,-0.540988425997373
0.144385928270398,-0.432406477382509
0.107744436200154,-0.25599773852415
-0.0469134160941832,-0.091277326812606
-0.249938042240265,-0.000517291548676088
-0.383522406129897,0.0127475420628645
-0.389385047020647,0.00165040640222332
-0.256539667849158,0.0104197299092935
-0.0499555835724325,0.0710783189542406
0.120011633809719,0.175953028016319
0.175287939070601,0.261515505483025
0.10688228511283,0.276590863917256
-0.014053087186599,0.206350064126198
-0.117252750330281,0.0558798042735372
-0.12944605216742,-0.127105924895337
-0.0633805322302037,-0.282490459442691
0.0266897813730302,-0.377869156839769
0.107214829585689,-0.410778757187668
0.140075166085304,-0.389680657104238
0.155741704195882,-0.3445777549192
0.179229208896624,-0.300410919839328
0.202039301941104,-0.24868174662431
0.195659363649487,-0.205660343256339
0.127980391944732,-0.156024978071985
-0.00702038519048454,-0.111734976622933
-0.156936399756066,-0.102263610379019
-0.229739027633427,-0.122068487205699
-0.174425781234804,-0.196065810643243
0.0113557809868385,-0.281443555427359
0.268080176457234,-0.33635034133528
0.473925292886997,-0.348420497048655
0.549191167166316,-0.296112466867833
0.469454402949565,-0.210586930538867
0.271799745469035,-0.101179765225946
0.0520493814803889,-0.0149398727287423
-0.120270289258624,0.0346462184846187
-0.203936027584745,0.040151676229896
-0.240971643938203,0.00576410560215166
-0.271873654738405,-0.0226007132536846
-0.326164629045838,-0.0491426963333918
-0.380110756415285,-0.0648831403391039
-0.382229182873147,-0.0626784953982733
-0.315683333666693,-0.0581214004748167
-0.180633282560484,-0.0355453208323919
-0.0478617856644761,0.00181052044672753
0.0365429542509684,0.0721498548937148
0.048194330137335,0.175164765952947
0.0383781068327275,0.288340764125953
0.0701545880565618,0.382869639894723
0.204687335013431,0.425829470200812
0.414362843868218,0.393818982323395
0.582100767514216,0.302603228572671
0.608334832983851,0.179697228952262
0.439352949929387,0.0646737622354264
0.168587772268196,0.0114789456689017
-0.0654743267639239,0.027330236707488
-0.117338968813249,0.0842323063237435
0.0117991741796896,0.132278844916228
0.189094692675279,0.125369300010145
0.26429903438355,0.0477878865178146
0.173982393103308,-0.0529361678660912
-0.0345600033758863,-0.113237584731833
-0.231808190243006,-0.0951200621935891
-0.310177875921416,0.00115774777941538
-0.264890227556842,0.0969059509270646
-0.142156637908481,0.130948653527848
-0.021627713446368,0.0607201764473329
0.0397082847241629,-0.0701053242082782
0.0597964388011818,-0.179377000441474
0.0947628857965884,-0.200980088712173
0.174709055110907,-0.0912650108505351
0.293587593416214,0.102066548237412
0.397624769818165,0.283598936519906
0.438133635942007,0.348888517104294
0.387377457472951,0.270050811370245
0.255505073047424,0.0718049944587851
0.0856487026981475,-0.166863470093547
-0.0507068876268826,-0.326164629045838
-0.116489133687996,-0.363323418516949
-0.128854858994128,-0.301482442281858
-0.109825921520276,-0.189747472407398
-0.0978050499006016,-0.0920902140516468
-0.0923858038898206,-0.0181175208511257
-0.103975603340069,0.0329711767840174
-0.0980267507148224,0.0916960830199611
-0.0684549178060549,0.160187948712229
-0.0334022557019158,0.218321665149116
-0.0131539848388258,0.234456236812278
-0.0422208422137105,0.19266647014223
-0.099911167144865,0.107855286607265
-0.166925056652374,0.0071312330669178
-0.178601061088646,-0.0660408880130744
-0.118718410552968,-0.102337512899916
0.00199526746982233,-0.119371176788143
0.145445141499329,-0.157749293743579
0.237572303437189,-0.240700679275698
0.265542993792017,-0.337163235322794
0.215402667414284,-0.40261294365952
0.119358867574544,-0.382438574473769
-0.000381810430040028,-0.253509819707216
-0.121415720970524,-0.063023355833203
-0.220871170524877,0.113976569449976
-0.260554819950662,0.190782053712187
-0.230921413980012,0.136651180163204
-0.116969476454178,-0.0194107491692303
0.0697727797354194,-0.214306499550668
0.238988699811593,-0.350883770444502
0.32857866558729,-0.373484485385305
0.285655789915886,-0.322371177758555
0.0932233298014755,-0.237165856443432
-0.168144384136699,-0.170854003767853
-0.376612888217704,-0.170127341760254
-0.430054013902938,-0.20187918768571
-0.301888889275615,-0.2278176565687
-0.0703762821223102,-0.185818511794974
0.138030621902923,-0.0623828988116271
0.197556102790073,0.104677640171999
0.0845402188724606,0.257241697932616
-0.123312446614165,0.328972803367448
-0.282416550173321,0.278068833353542
-0.302615564780159,0.14479236176721
-0.177763548673936,-0.037355838115773
0.0169474572150843,-0.183441429888206
0.147169443673978,-0.222435371941076
0.122918322330952,-0.161752136631483
-0.0521232806270504,-0.0202359523703419
-0.276098198440531,0.136749721356716
-0.417602083610782,0.246969767160205
-0.405063907841769,0.276763300883193
-0.248016671175537,0.219220764122653
-0.0615453796484446,0.101709371840411
0.0491303803713209,-0.0262217545689192
0.0256059311586032,-0.117708461172321
-0.085550168253108,-0.143425242738034
-0.183145846798504,-0.121107801673335
-0.166284599630798,-0.0797860618073973
-0.0154202154949242,-0.0523203461428933
0.190277079021863,-0.0473814428982942
0.365626591154346,-0.0537860029913446
0.404965380145202,-0.0486623535672098
0.295410409790485,-0.00257414130680758
0.110749659166427,0.0811408716229745
-0.0559783353443405,0.156345206582773
-0.121107801673335,0.183527648371174
-0.0742806040621201,0.122721266937818
0.0254704505144691,-0.0272563375608265
0.0827050662907015,-0.208456181370461
0.0569759687629171,-0.347669176123024
-0.0319981786638189,-0.397797206784103
-0.137316269108922,-0.341560215990856
-0.193294604453262,-0.22834727668011
-0.163057682598777,-0.124113017891135
-0.0586510070892822,-0.0886416029538771
0.0779632251877091,-0.136823617129141
0.193220708680837,-0.229123216032938
0.247524005698812,-0.278795508858087
0.243816745900609,-0.239308928322381
0.193479350632798,-0.0791456047858214
0.121206329369902,0.14650435472826
0.0475292411916173,0.353002223896254
-0.0176987612695344,0.447284753429715
-0.0530962821214852,0.398930302288514
-0.0601412992361115,0.229775982268112
-0.0346585344466896,0.0199403574708139
0.0182406855331889,-0.132241890281543
0.0734554008610084,-0.181359958065029
0.110503326428064,-0.109148516612487
0.109222412384913,0.0293994026913026
0.0648461924528912,0.162577339832595
-0.00541924474544241,0.233865043638986
-0.0773227681661332,0.22712793569884
-0.143573034282885,0.148056233433916
-0.194698691614068,0.0625306971049502
-0.220612528572915,-0.0132401999475582
-0.223802490970252,-0.0643781656487802
-0.17781281252222,-0.0896146044483118
-0.0791702367099632,-0.136330951652416
0.0589466036759283,-0.20146041798141
0.217262451920185,-0.285668099129484
0.327938208565715,-0.351117807466211
0.343456941634497,-0.370762556540552
0.255480454620227,-0.346351334439077
0.085870396763896,-0.246304664717543
-0.105133351014039,-0.114222902188338
-0.233975880549151,0.00775937328286376
-0.269151725893653,0.092188741748214
-0.20835764017695,0.102805539704027
-0.108631225960093,0.0483421250564219
-0.0380455623598687,-0.0493520778113055
-0.017920457022401,-0.163550348075502
-0.0530716501973434,-0.257500353381522
-0.101549257585017,-0.280458224473908
-0.116144273253066,-0.237141238016235
-0.0893313238237366,-0.126329985542509
-0.0216769789817696,0.011269565878106
0.0509162691047964,0.11714189992317
0.0744776662037267,0.14604864388622
0.0432677428548068,0.0830622426877022
-0.0339072303922395,-0.0257414134898554
-0.124790429547396,-0.10193106590616
-0.182160529341999,-0.0733814983401107
-0.182123574707314,0.0904274916873526
-0.117523714992785,0.346092678990171
-0.0221573217479516,0.585709526609741
0.0848234994970359,0.686852337201002
0.175115502104664,0.589650796435764
0.20755706889998,0.293168837208859
0.165286959463749,-0.0942579111062647
0.0487855199363911,-0.409534797779201
-0.100797950156331,-0.523560631077461
-0.241193344752423,-0.407773527472923
-0.320745389783529,-0.129335201760309
-0.301457796860771,0.169671630918214
-0.183589234930001,0.36392692090384
-0.0190166231988989,0.40801987370823
0.138671078924499,0.333850113304748
0.239949385343957,0.238126541975796
0.255295681446802,0.196139706415669
0.209158211453919,0.234271490632742
0.127450785330267,0.317555440883137
0.0574070476808154,0.357608569171049
0.0260739579627142,0.304167416491926
0.0369493978704888,0.181212153023233
0.0852668876285327,0.0382672564256171
0.143203541923814,-0.0212212698268476
0.209478439964707,0.0212951689735091
0.256465758579788,0.116981785667776
0.296826806164889,0.197900963225002
0.33802539315859,0.19015390590421
0.360465980347054,0.0835425854538841
0.376662152065987,-0.0622104685941623
0.371981897521822,-0.16494209902882
0.352189329908741,-0.171531415424114
0.294264978078586,-0.0853161582252887
0.182690135956464,0.0318257450721178
0.0197802432154199,0.0927429870352936
-0.179549437407412,0.0530470148989654
-0.356056690465393,-0.0626045928773756
-0.459896838468099,-0.163106946447061
-0.456682244146621,-0.153413899634343
-0.350132476512761,-0.013905289736835
-0.179007508082403,0.206017512904867
-0.0366784332079845,0.38677395508606
0.0300152277887367,0.460845187792975
-0.000172430520618899,0.405864492615683
-0.0914743889542127,0.272230837883878
-0.161259484651703,0.132956243075544
-0.147341880639915,0.0633805322302037
-0.0393264730287843,0.0654373788777112
0.118570619008118,0.104431307433637
0.232965931168504,0.106808389340404
0.230514966986255,0.052357294029106
0.119100225622583,-0.0419868321858912
-0.0614222132792633,-0.106599011236727
-0.214318808764267,-0.0831607771327417
-0.283488072615851,-0.00403980047504633
-0.247179131766938,0.103248927835524
-0.146553618576544,0.135665862706698
-0.0424671715778369,0.0684425950955116
0.0276750971424178,-0.0641687875451026
0.0598703413220795,-0.176593485037895
0.09928302608536,-0.197445252382962
0.184673080083074,-0.0962531779434178
0.293513684146844,0.0887770852851293
0.397612460604567,0.26307969340228
0.445671301662177,0.337692855434204
0.393289362211985,0.262968856492114
0.259310860542195,0.0718788902312105
0.0799215441386495,-0.158894725455478
-0.0631588314159829,-0.331633159150319
-0.131121090493785,-0.37565220268534
-0.142033478287772,-0.302221427000001
-0.116033422845956,-0.166383127327365
-0.0906615017151719,-0.0491426963333918
-0.0986795236984692,-0.00456940877662992
-0.1227828399997,-0.0461251641535204
-0.139102157842397,-0.126921178715801
-0.125492459630854,-0.184044945772041
-0.064082569062134,-0.17377301499963
0.0526898385019648,-0.0887031827642316
0.209700140778928,0.0247560960333497
0.347348947612236,0.126194503211257
0.400777791077761,0.182887191349599
0.337791383130771,0.210562298614725
0.167885742184738,0.230182429261869
-0.0218986747346362,0.258399438858115
-0.132943933861946,0.279399011244977
-0.103470628649745,0.281160281551256
0.0379962951373489,0.236586972483738
0.179918929766483,0.158155727240391
0.209207475302203,0.0918931451615678
0.0989258496883594,0.0844663231000352
-0.0788500081991752,0.149694317125596
-0.209749404627212,0.271393325469168
-0.187813778632127,0.39126946345069
-0.0214552832289031,0.442727672003204
0.207052094209656,0.381588725851571
0.358261335406224,0.235650932372461
0.322186431579019,0.0601659311602533
0.0983223405529962,-0.0600920353878279
-0.188392649094876,-0.0745885166108371
-0.371895679038853,-0.0170952538212893
-0.343075140061827,0.065141782291065
-0.121514248667091,0.0872005746553313
0.157158100570286,0.00789485392699786
0.331066584404224,-0.146036334672622
0.301568660764827,-0.320843917480096
0.107695172351871,-0.433207035162534
-0.126403881314934,-0.433724319066456
-0.268880761231148,-0.337323363075132
-0.239678420681452,-0.208948833350242
-0.0750195887802631,-0.107596644655303
0.114001201374118,-0.0895037540412014
0.202568908555569,-0.135099314954493
0.136651180163204,-0.198615316019004
-0.0190289391609698,-0.256675150180411
-0.151393987376103,-0.276245989985382
-0.161678240859058,-0.266922435531735
-0.0386367521589248,-0.250455326144187
0.170730844147145,-0.248447736596491
0.346215852107825,-0.232251591871447
0.392168575921172,-0.203714340267469
0.305029574327722,-0.138621815076215
0.144977107946746,-0.0296334160933581
-0.00838751265525067,0.092816882807719
-0.0836411198989236,0.194316876544453
-0.0482066460994059,0.23908722750816
0.0660778358992871,0.233015222010677
0.202655127038538,0.195055861262596
0.31578186136326,0.158512910385864
0.358384508523877,0.126687168687982
0.319390593464897,0.0925582408557578
0.218875903687724,0.037515952371167
0.081867547127519,-0.0482189620614768
-0.0659546695301058,-0.136306319728274
-0.182591594762952,-0.199797702365588
-0.241378090931959,-0.197075760023891
-0.237153547229834,-0.11759761076521
-0.161419598907097,0.00469257345869312
-0.0443392754200449,0.114986518830623
0.0781233394431031,0.16965930820767
0.177751225963393,0.139730305650375
0.247893498057884,0.0458172516048033
0.295472009846257,-0.0446841358549746
0.329305341091835,-0.106155616356758
0.343752551718088,-0.105034816569
0.32774115317258,-0.0826681184044888
0.258904413548438,-0.0842076743996018
0.144730788705328,-0.124433246401923
0.0215784479109663,-0.211338224470608
-0.0724331355182901,-0.286456347695911
-0.124864325319821,-0.298735868016019
-0.129014973249521,-0.232596438809432
-0.103950964667455,-0.0969921626615608
-0.0964256081608827,0.0623336282148712
-0.133818400911341,0.159707605946047
-0.197913285935546,0.172997075646802
-0.249026620556185,0.124901279954506
-0.258399438858115,0.0595131581766065
-0.221523950256996,0.0525420402086417
-0.171124968430358,0.112067521095791
-0.161604345086633,0.21516864388952
-0.217250129209642,0.301408533012488
-0.305374448259597,0.301802670792646
-0.362079459108482,0.1994774738548
-0.316705592260939,0.0312468712351326
-0.153660218875761,-0.163735094255038
0.0869419259548978,-0.296605132344558
0.309217190389052,-0.317148993889381
0.422947413603721,-0.231204687856115
0.391786774348502,-0.0703762821223102
0.237301338774684,0.108680489808376
0.029645732055429,0.267156445559555
-0.142932577261309,0.367547962219074
-0.236365298663407,0.394841240917641
-0.267341191739091,0.34426983562201
-0.257869845740594,0.230207047689066
-0.251403702462953,0.0819291269378734
-0.244900604550627,-0.0680361548502274
-0.232892048893023,-0.143548402358743
-0.198689225288374,-0.130320519216815
-0.144435192118682,-0.0218001436638328
-0.0989258496883594,0.142439925281529
-0.0914497570300709,0.279288174334812
-0.116661557156988,0.334158032601938
-0.122019223357415,0.262919592643831
-0.0859812471710064,0.103864752932958
0.00231549555883076,-0.0653511671432149
0.108434163818486,-0.162096997066413
0.166629460065728,-0.130221991520248
0.123977535559883,0.000726671444916606
0.00274657173516221,0.178810439192324
-0.149349456690667,0.313490997939461
-0.22819945814137,0.351782882914984
-0.174031656951591,0.297381044703497
0.00536997878826122,0.19681711807193
0.232424028837385,0.07923182326879
0.380492557987955,-0.0176371780849438
0.353494862379089,-0.0876439695353006
0.166112162664861,-0.145716106161834
-0.085082141448997,-0.217299393057926
-0.265690785336867,-0.275888833833798
-0.289498532045341,-0.294351196561554
-0.175177088663491,-0.255443499985542
0.009114184785559,-0.137735038813221
0.15431299860788,0.0091880830886615
0.193528614481081,0.111279265780892
0.115368333900238,0.126366940177194
-0.0192752685250962,0.0305078831427534
-0.138880470525121,-0.127807954978795
-0.1870255300657,-0.261761851718333
-0.179660274317577,-0.305091174383494
-0.144607615587674,-0.230539612407342
-0.125480150417256,-0.0767685296275259
-0.141516180886905,0.0803033524597919
-0.17865032493693,0.184980999380263
-0.216117020208286,0.173649841881976
-0.241439663993841,0.0707704131539959
-0.268683705838014,-0.0778031109323152
-0.296001602963778,-0.226635270222115
-0.306088787556653,-0.31685338380579
-0.271134670020262,-0.350428086596352
-0.149694317125596,-0.317050439198924
0.0476647201486333,-0.229049306763568
0.267562892553311,-0.0975587239107114
0.426469927222388,0.0533179795614698
0.440707773241909,0.191336292250794
0.312554930834294,0.268548223506762
0.0692185344483397,0.25782058189231
-0.191373233388534,0.146578250500686
-0.364210194779942,-0.0191890534163638
-0.412700128252396,-0.17677823121743
-0.347829303875363,-0.262821064947264
-0.249753296060729,-0.255652864592275
-0.182357584735133,-0.16760245481169
-0.179537114696868,-0.05792433833321
-0.23033022080672,0.0027096223727212
-0.264964109832323,-0.0138560233578743
-0.261429287000057,-0.079502781182822
-0.211633821057254,-0.130468324258611
-0.147736004923128,-0.109444113199133
-0.0944057093995878,-0.0064538277373497
-0.0691815865621271,0.143794735097106
-0.0637623405513461,0.278413707285417
-0.0495368239908412,0.326041482922073
0.00153955820945541,0.281123326916571
0.093752936415941,0.178576429164505
0.203899086447005,0.0762389230130605
0.298083101780844,0.0105798441646875
0.351782882914984,0.00891712095683426
0.361352783603937,0.0312591905714397
0.328517092525408,0.0278228954357408
0.271011496902609,-0.0257167798785955
0.201817601126883,-0.109727387075236
0.110749659166427,-0.170164282897994
0.0027342553513118,-0.170041123277285
-0.100403825873118,-0.0777415311219607
-0.18196346045192,0.0615576956105155
-0.216449557932672,0.18831875332245
-0.185165745559799,0.245343979185179
-0.10514566697611,0.217053073816508
0.0091265007476299,0.118361227407495
0.13119498626621,-0.00698343603893329
0.236919537202014,-0.108779024253416
0.308293432497484,-0.169068115034378
0.310744423673622,-0.204268578806076
0.246674157076614,-0.217545725796288
0.126231457845942,-0.227337327299462
-0.00841214626651055,-0.229788291481711
-0.103569156346312,-0.208111320935532
-0.098704155622611,-0.148339507310019
0.0152354676282703,-0.0629987239090612
0.197174301217403,0.0319735433654409
0.359492985601092,0.110367844096812
0.417380382796562,0.161259484651703
0.346733136011747,0.195794845980739
0.16760245481169,0.224282833736434
-0.0292762396963575,0.262968856492114
-0.127992714655276,0.287429342441873
-0.0947136219483049,0.286197719240894
0.0483421250564219,0.23810189655471
0.186261899926471,0.15960907824948
0.212471346968909,0.0914990208783545
0.106180248280899,0.0751304391873735
-0.0751550711115153,0.151135345424142
-0.207347690796302,0.27930048354841
-0.186766888113739,0.400593044898225
-0.00767315817413133,0.448146911265512
0.228679814404496,0.375972431196128
0.380332457229506,0.212656093148445
0.33063551898327,0.0492781786646439
0.0843431567308539,-0.0544387759749914
-0.219725738812977,-0.0553994615073553
-0.381391670458437,0.00708196753151614
-0.318306734814879,0.0644766933453473
-0.0662502661167519,0.0622720484045167
0.184081886909782,-0.0102103501184979
0.265185810646544,-0.107436530399909
0.151886652852829,-0.188047788659946
-0.0385505370501924,-0.208776409881249
-0.142230547177851,-0.159904674836126
-0.0675927599702582,-0.0625060651808084
0.161493494679522,0.0379470312890654
0.383928853123654,0.106672907009152
0.468826255141587,0.154276043973195
0.374420552490472,0.190437193277257
0.155692440347599,0.225662275476153
-0.0506083565560793,0.25942169745236
-0.141343757417913,0.287885053283913
-0.0835795333400968,0.282638250987542
0.0646614462733555,0.232029891057227
0.196422993788716,0.15511356988485
0.204687335013431,0.085870396763896
0.0879888299702303,0.0797244819970428
-0.0856117480634625,0.155076615250165
-0.19487111508306,0.2796084028456
-0.165791934154073,0.396060581898911
-0.00280815407619381,0.44511706312357
0.222127452643887,0.37801694838462
0.357386868356828,0.221745637574272
0.317875642400036,0.0510024842135288
0.0956127209218419,-0.0619025560454452
-0.18980904546928,-0.0682701648780468
-0.36978956179459,0.00088678554214326
-0.337655900799519,0.0756477298397681
-0.12011017500323,0.0907600361602114
0.157379801384507,0.00376883834321909
0.330155162720144,-0.157342846749822
0.289042821203301,-0.33338209324911
0.0915113368404254,-0.435571807855703
-0.146726055542481,-0.426543836491758
-0.275359213722388,-0.329625569602623
-0.242757532671678,-0.201103248332882
-0.0775814168665667,-0.108803656177558
0.111870452205712,-0.091277326812606
0.196176661050354,-0.140777196168762
0.139200685538964,-0.204970622386479
-0.023475183677316,-0.249974969881061
-0.157010295528491,-0.266799262414082
-0.177849767156905,-0.260653347647229
-0.0451644786211565,-0.252093423332812
0.160569763781844,-0.250849463924345
0.33467531650586,-0.246723447918787
0.390345732553011,-0.217902908941761
0.306815463061198,-0.147538936033049
0.146196448928016,-0.0346831663708314
-0.0109986037462788,0.0935681902364053
-0.0754260357740197,0.198947867240335
-0.0388214983384606,0.241156390117738
0.0723715489594633,0.229911464599365
0.216560408339783,0.192370873555583
0.319735440402882,0.143240496558499
0.354110700973468,0.115996468211271
0.317062775406412,0.0829390763185208
0.217040751105964,0.0279953256532057
0.0792071913446482,-0.0512241782792772
-0.0659054056818222,-0.136626548239062
-0.186803829251479,-0.191385556099078
-0.250837127716857,-0.189821368179823
-0.236944155629211,-0.113644031725589
-0.162688190239705,0.00604738453960884
-0.0391170949251068,0.121206329369902
0.087557751052332,0.168957278124212
0.184956367456122,0.134865291429728
0.249211366735721,0.0400285132349508
0.289978861314578,-0.059451578366252
0.322432750820437,-0.114259843326079
0.338518058635315,-0.11817648122796
0.321028663659632,-0.0928784626180734
0.254803042963966,-0.0885184365846958
0.14349913851046,-0.132291154129826
0.0185978619301895,-0.211424442953577
-0.0844786390621061,-0.282145585510817
-0.137488706074859,-0.297196298523961
-0.133461217765868,-0.228261058197141
-0.107301048068657,-0.0908216159705659
-0.0981745490081455,0.0616685392691535
-0.127783323054653,0.167774891777628
-0.191693461899322,0.182025047010747
-0.244641949101721,0.130135773037279
-0.255086316840069,0.069501815072915
-0.219454774150473,0.054980701925764
-0.167898051398337,0.119371176788143
-0.15584023189245,0.225108036937545
-0.204736598861715,0.308724524912327
-0.289720205865672,0.313454043304776
-0.35151191825248,0.21791521815536
-0.32051137975571,0.0414572221971895
-0.159042517000329,-0.154534685925156
0.0802417726494374,-0.296839142372377
0.300386274418242,-0.33269237237925
0.413081929825066,-0.246698802497701
0.38593644267135,-0.0854146859218558
0.242215603346669,0.101807906285451
0.0417405028217648,0.269582791314606
-0.132044821391464,0.374371288642188
-0.228692123618095,0.401812358885606
-0.248324563478837,0.35249724920593
-0.24586129008299,0.243718218204042
-0.247868879630687,0.0915482847266381
-0.243989182866546,-0.052197179773712
-0.234702556053696,-0.138794252042152
-0.200795329035692,-0.128928754766553
-0.146516677438804,-0.0168735580684228
-0.0951570100798017,0.148795218152059
-0.0853284741873596,0.286591830027163
-0.0999357990690068,0.33589465748713
-0.114617026471552,0.271467207744649
-0.0848358154591068,0.110983669194246
-0.00044339277107163,-0.0614714771275469
0.100600888014724,-0.159793824429015
0.161345703134672,-0.137587233771426
0.127438462619724,-0.0079071707326278
0.00519754857079635,0.173477418412984
-0.143905585504216,0.319316684195526
-0.217422566175579,0.359308239421556
-0.166432391175649,0.306864726909482
0.0116267431186657,0.194883437793603
0.235170603103224,0.0674819163116202
0.375898521926758,-0.0271331728787633
0.351487299825283,-0.0965118198953789
0.15884544811025,-0.153303049227233
-0.0893190078616657,-0.210069633138
-0.269385735921472,-0.265358247612481
-0.301112949922786,-0.285298606770413
-0.181791023485983,-0.245356315392667
0.00156419108260112,-0.137784302661505
0.149041550890422,0.00332544557214746
0.19392275226124,0.110515642390135
0.117018740302461,0.123632675124953
-0.0120947690792177,0.0256798303052647
-0.139385445215445,-0.118866202097819
-0.198492156398295,-0.255542027682109
-0.186101785671077,-0.303305285650018
-0.152527109874404,-0.227472809630715
-0.125738792369217,-0.0736894108888278
-0.137845875723387,0.0926690845143959
-0.172221136293974,0.188478867577844
-0.208751777957108,0.185953994126226
-0.237744740403126,0.0855748001772498
-0.273117614146872,-0.0730489538672519
-0.306938636178852,-0.219405510302189
-0.315966607542796,-0.311347926060513
-0.283906855817095,-0.341203032845383
-0.160126362153402,-0.314143764174636
0.0425903379470182,-0.232091464119109
0.265530684578418,-0.106155616356758
0.431125563339357,0.0425287547624276
0.454379017521444,0.180054412097735
0.320141887396638,0.259594134418298
0.0776183647527794,0.253029463444089
-0.187037839279299,0.154042033945376
-0.368730348565659,-0.00432307941250351
-0.417786829790318,-0.162331020591177
-0.35737455914323,-0.250750909233889
-0.255677510013362,-0.244531112191555
-0.194932701641887,-0.159867720201441
-0.187579768604307,-0.0531948131922885
-0.229825246116396,0.00566557410956882
-0.264890227556842,-0.00495121920666995
-0.261589414752395,-0.06887367401341
-0.219023708729519,-0.123952903635741
-0.149078492028162,-0.109111568726275
-0.0944303413237296,-0.00424918068762149
-0.0665828105896108,0.146750687466623
-0.061188203251444,0.281394291579075
-0.043723453696847,0.330857219797491
0.0155803280632001,0.278820154279173
0.1008841686393,0.177036873169392
0.204330165364903,0.0664965988551145
0.299400970458681,1.23164654054408e-05
0.351006943562156,-0.000554240963839537
0.359320548635155,0.0193737995958995
0.325425644327695,0.0175016974408097
0.270186293701497,-0.0319365954792282
0.194747955462351,-0.109320946829952
0.10329819843228,-0.173304981447047
0.00109616543838378,-0.167380767494414
-0.103507576535958,-0.0763005028234149
-0.178108409108866,0.0721498548937148
-0.208751777957108,0.196238247609181
-0.17876117534404,0.250233625329967
-0.0978543204973575,0.221437731774027
0.00964379224358354,0.117178854557855
0.133436585841726,-0.0145703786825527
0.233126058920843,-0.120602826983011
0.298132365629128,-0.183170478722646
0.306409016067441,-0.215501195110852
0.240466669247879,-0.220957389007845
0.118866202097819,-0.232497911112865
-0.0172061025412816,-0.223716272487283
-0.110614176835175,-0.200573641718416
-0.106808389340404,-0.145235763395652
0.00989012160770995,-0.0613975813551215
0.196213615685039,0.0257167798785955
0.359911741808447,0.0933218574980427
0.422516348182767,0.147341880639915
0.354393974849571,0.180066721311334
0.17712309165236,0.211991004202727
-0.0100748686308048,0.259988272198456
-0.115466861596805,0.29331662875371
-0.0838997618508847,0.287885053283913
0.048637721643068,0.23246095647818
0.18855276335027,0.150470256478425
0.220748010904168,0.079983123949004
0.117806988868888,0.0646860781974972
-0.0660039401268617,0.149374088614809
-0.204305533440761,0.289030484995813
-0.185596810980753,0.413882514598981
-0.00293131875825702,0.451755643367148
0.254839997598652,0.357239076811978
0.404780633965666,0.188454235653703
0.34091975896928,0.0271208569166924
0.0689598924963786,-0.0450289962899044
-0.250036569936832,-0.0267513628705028
-0.396060581898911,0.0257537294519263
-0.287909698705,0.0590574540830387
-0.0215291806884465,0.0373312061916312
0.201842233051025,-0.0243866019871601
0.197864022087262,-0.0667306088829339
-0.0093112477707247,-0.0715217138342098
-0.238927099755821,-0.06266617268773
-0.301051376860904,-0.0643535337246384
-0.153758760069273,-0.105478211448969
0.0703516501981684,-0.157761602957177
0.192075276968937,-0.157158100570286
0.142168960619024,-0.0792687711550027
-0.0184993308593862,0.0674819163116202
-0.141146688527834,0.207803401638342
-0.14224285639145,0.267833857215816
-0.0643165790899533,0.219048340653661
-0.0114419960955709,0.0742682881000492
-0.0455093390560863,-0.0807836952259738
-0.158328164206328,-0.153795701207013
-0.251760858614536,-0.0956619847701255
-0.228889206005119,0.0840352441821369
-0.0790717090133961,0.295607492177509
0.115626975852199,0.434561858475056
0.262956547278516,0.418180940576587
0.292799344849788,0.243016188120584
0.207507805051696,-0.0179820402069916
0.0768424253999513,-0.261084440062072
0.0089294377624642,-0.37222821676324
0.0478002024798855,-0.327408588454304
0.148413403082445,-0.18371239455071
0.238508343548466,-0.0333776204035378
0.228458113590275,0.0152601012395302
0.117917839275998,-0.0642549992795989
-0.0161222540139726,-0.214688314620283
-0.0922995921553244,-0.335870012066043
-0.0451028954365659,-0.33360379406333
0.107017767444082,-0.184426747344711
0.260912003096135,0.0595254741386774
0.304709345816934,0.268991598141314
0.188848359936916,0.326250847528806
-0.0482559099476894,0.182640872108181
-0.308527469519193,-0.121957636798588
-0.450634830082446,-0.441138838662862
-0.409805762441706,-0.638239257604784
-0.240552887730847,-0.644409790798835
-0.0201374212995386,-0.464219909866792
0.152822706461051,-0.174733700531994
0.195203666304391,0.0936544019709015
0.100169815845299,0.249605477521989
-0.060670905850577,0.271036142323695
-0.214281867626527,0.186963943506873
-0.297331780855213,0.0909447823397472
-0.302246072421087,0.0344614689308468
-0.217804367748249,0.019299900449238
-0.107079347254436,0.015124618908278
-0.0089294377624642,-0.0141146695276306
0.0389569806697128,-0.102017284389128
0.000554240963839537,-0.221413099849885
-0.0964256081608827,-0.290533099853186
-0.208209848632099,-0.275285331446907
-0.281492819275642,-0.161924573597421
-0.26521045606763,0.0114912624745316
-0.145051017216116,0.177369424390723
0.0254581345523982,0.266294287723758
0.171494460789429,0.255640555378677
0.209934150806748,0.173095603343369
0.0945042370961549,0.0720882750833604
-0.146134862369189,0.0217262445171713
-0.416838453471553,0.0390062445179963
-0.598149120694409,0.0974232415794592
-0.599528562434128,0.151049126941174
-0.434106147633015,0.151233873120709
-0.165200754477726,0.08707740828615
0.113212952807691,-0.0459650498981264
0.280113377535923,-0.17506623825638
0.300768075990912,-0.249691696004958
0.21642492600853,-0.253460528865043
0.105391992966,-0.18542438751176
0.0326755835716075,-0.0733691823780398
0.0361365106314481,0.0354467863873524
0.0976818902798927,0.109222412384913
0.169954904794316,0.148819850076201
0.206214581794946,0.162922200267525
0.20051205515959,0.168439980723345
0.152921234157618,0.168205970695526
0.115183587720702,0.153783391993414
0.102657741410704,0.113804145980983
0.0994061924545413,0.0432677428548068
0.0994061924545413,-0.0577888560019578
0.0783080856226389,-0.156603862031679
0.0270715913812907,-0.242572786492142
-0.0363458887351256,-0.282539723290975
-0.101364511405482,-0.283069316408496
-0.160237212560512,-0.259594134418298
-0.215033175055213,-0.226943189519304
-0.258781267424674,-0.204785876206943
-0.286370129212942,-0.182887191349599
-0.292109596986039,-0.156431425065742
-0.268683705838014,-0.108335629373446
-0.220070599247907,-0.0391047789630359
-0.159079471635014,0.0375898515178285
-0.100822588828945,0.0984208749980357
-0.0500664306053067,0.10664827508501
-0.0215784479109663,0.0562985638551285
-0.0148906071933406,-0.0380209270614907
-0.00838751265525067,-0.127968069234189
0.00619518198937288,-0.170435247560498
0.0269976922346292,-0.152822706461051
0.0676420305670141,-0.0807836952259738
0.113976569449976,-0.00544387751314324
0.153500104620367,0.0283894533106552
0.194735632751808,-0.0106906920411208
0.212138795747578,-0.119050948277355
0.201324949147103,-0.243102406603553
0.141368389342055,-0.33314808322129
0.0614468452034051,-0.350144785726359
-0.0199403574708139,-0.287096804717487
-0.0639840346170945,-0.175177088663491
-0.0445486568979586,-0.0620010837420124
0.0300644916370203,-0.00839982946088061
0.108951454470881,-0.00686027135687008
0.130505265396351,-0.0524681410619802
0.0537983223276517,-0.0991968143508638
-0.109394842602377,-0.118804629035937
-0.305238965928345,-0.110269316400245
-0.456645262518047,-0.0750688593770191
-0.485564356185529,-0.0415803885663708
-0.379260907793087,-0.00896638649223592
-0.161678240859058,0.0216523453705098
0.0932356457635464,0.0581583483610293
0.290841019150375,0.102103496123625
0.394225429317152,0.161838355114452
0.380307811808419,0.205931307918843
0.275851879199113,0.22133920407746
0.124888957243963,0.211756994174908
-0.031197607386849,0.164769675559827
-0.165360868733119,0.124408614477781
-0.250122788419801,0.107892234493477
-0.27054347684697,0.107362627879012
-0.237202811078117,0.128054287717158
-0.178699602282158,0.149952972574502
-0.129532270650388,0.145001753367832
-0.130148095747823,0.117302014178564
-0.180830351450563,0.0806235809705799
-0.261133703910355,0.062826286943124
-0.30367477800909,0.0691446386759144
-0.280174950597806,0.0998742192586524
-0.181421531126911,0.146159494293331
-0.0427258169040343,0.172787697543124
0.0860797748675735,0.186372750333581
0.147144811749836,0.179229208896624
0.12990176300946,0.152871970309334
0.0775198303077399,0.109702755151095
0.0397944998328953,0.0405827551477943
0.0541185474642035,-0.0432184756322871
0.11137779347746,-0.138880470525121
0.163008418750493,-0.211954049568042
0.175189397877089,-0.227866920416983
0.162170906335783,-0.172960121012117
0.16920359736563,-0.0506945716648117
0.255862256192897,0.0969552147753481
0.423082895934973,0.223765549832511
0.593838358509315,0.267365837160177
0.674461979970729,0.232276210298644
0.578060969991626,0.142058110211914
0.290853328363974,0.0358778653052508
-0.085242255704391,-0.0117745405684297
-0.383645579247551,0.0259754252047928
-0.465008131439329,0.129409097532735
-0.289880333618011,0.272575684821863
0.0218247772750927,0.40512550789754
0.287417033228275,0.476154556255025
0.370466973450851,0.480699301474049
0.249704032212446,0.430361933200127
0.0240663734763722,0.337237144592164
-0.127697118068629,0.218703480218731
-0.116907889895351,0.102103496123625
0.0770641262141721,0.00709428433714608
0.321472065288073,-0.0439820990230443
0.444550515371364,-0.0490441652625884
0.38517281253212,0.000394126892974104
0.152391627543152,0.0858580808018251
-0.11504810538945,0.170028800566742
-0.264151242838699,0.220316931986269
-0.227324991091974,0.212557565451878
-0.0378484968440258,0.154300675897337
0.164732720925142,0.0718665742691396
0.260801166185969,-0.00820276563215587
0.224492211840111,-0.0591682977416768
0.112523225189359,-0.085870396763896
0.0516183059367267,-0.110934405345963
0.0828528645840246,-0.148733631593233
0.179635642393436,-0.203086192459492
0.256884514787143,-0.249235985162918
0.217434875389178,-0.270284821398064
0.0566557402521291,-0.245171569213131
-0.162872936419241,-0.171026440733791
-0.324070848009062,-0.0887524466125151
-0.348297323931002,-0.0435510201051459
-0.223001919693282,-0.0548082717082991
-0.025014741359547,-0.111956670688681
0.123004540813921,-0.163882885799889
0.151677274749151,-0.159572123614795
0.0618040216004057,-0.0726794615081803
-0.0520863327408378,0.0706102988986019
-0.112338479009823,0.204120787261226
-0.0915236528024963,0.266848526262365
-0.0331928742240021,0.219565624557583
-0.0185855459681186,0.0793426669274281
-0.0754629836602324,-0.073184436198504
-0.175916073381634,-0.145913161554968
-0.243385680479655,-0.0978666364594284
-0.20637469605034,0.0778893294152838
-0.0625306971049502,0.291567694654919
0.120639781617696,0.43308386204488
0.254790706756478,0.421691144981656
0.293205764849655,0.240368141551312
0.212865471252123,-0.0363582046971965
0.0830991905739148,-0.287860434856716
0.00501280154770155,-0.381933599783445
0.0200142566174754,-0.315116758920598
0.115860985880019,-0.156665435093561
0.221881119905524,-0.023167271128599
0.250443016930589,-0.0202605859816018
0.160360385678166,-0.125603310037964
-0.00869542436040868,-0.241415045566644
-0.18211125199677,-0.263289085002902
-0.285002996686822,-0.165890475347585
-0.283180180312551,-0.010185716507238
-0.198984808378075,0.1012413450363
-0.0865601176337554,0.0941347447370834
-0.00612128326449086,-0.035988712338125
0.0183145846798504,-0.221154457897924
0.00362104089345506,-0.377438091418815
-0.0172676840387542,-0.444649043067931
0.00318996450623384,-0.392057739011006
0.0789978064924983,-0.229960728447648
0.198615316019004,0.0129569218536601
0.291998760075873,0.266836217048767
0.327864299296344,0.450302292358059
0.299339370402909,0.493914915893213
0.23360638819008,0.388178042246866
0.190560352897966,0.171666897755367
0.203098515170035,-0.0466547707679859
0.269299517438503,-0.170817062630113
0.336017803610894,-0.159473595918227
0.332039579150186,-0.0506083565560793
0.205955939842985,0.0766453632583446
0.00309143280276123,0.127081292971195
-0.170780107995428,0.0950831143073764
-0.226241159435846,0.00222928023920856
-0.126083652804146,-0.084454000389492
0.0763128187854858,-0.114013524084661
0.266565252386262,-0.0831730930948126
0.347693821544111,-0.0201990027970112
0.286813530841384,0.00234012832653159
0.121354134411697,-0.0428489832732155
-0.0715832936445643,-0.141269861645487
-0.199859288924415,-0.243595045086388
-0.229726718419829,-0.290841019150375
-0.177196987424786,-0.27664012776554
-0.0866586520787949,-0.227620601175565
0.0128707067449277,-0.195363780559785
0.0969059509270646,-0.228950779067001
0.174007025027449,-0.302443127814222
0.238077278127512,-0.365404890340126
0.286136119185123,-0.351290217438259
0.295853811418927,-0.233618724397568
0.233594078976481,-0.026554299041778
0.107719804276012,0.178945921523576
-0.0238569936855765,0.308047113256066
-0.120972319342082,0.304499981210202
-0.151492528569615,0.189070060751137
-0.127266039150731,0.040779817289401
-0.075980274312627,-0.0499678995345034
-0.0342520908271692,-0.0319981786638189
-0.0238816256097183,0.0772611883557788
-0.0157158103944523,0.202137829637671
-0.00964379224358354,0.283204798739748
0.0245467162425541,0.270715913812907
0.0745762006487662,0.166444713886192
0.104776167868566,0.0341412404200588
0.0805373692360836,-0.0670754693178636
-0.0116760094976264,-0.0879026114872617
-0.1398042014228,-0.0185855459681186
-0.257352534842782,0.104357411661211
-0.317099730041097,0.221918074540209
-0.29757812709052,0.309906911258912
-0.226130309028736,0.343838770201057
-0.148511944275957,0.32819686401462
-0.0718665742691396,0.282478123235203
-0.0263449192509824,0.211067273305049
-0.00468025665306318,0.128029655793016
-0.00684795497301967,0.0542417138333848
-0.0375775355557577,3.69493953925341e-05
-0.100416141835189,-0.0182406855331889
-0.20016719472466,-0.0044955100517479
-0.300041400486367,0.0227608275090786
-0.3789283700687,0.0413586911263862
-0.395691089539839,0.021467599190974
-0.35440628406317,-0.021159688329375
-0.267636801822681,-0.0756107819535554
-0.192641838218088,-0.0925951887419705
-0.151972871335797,-0.0521479159254284
-0.148524253489555,0.047110481610026
-0.145654519603007,0.188799096088632
-0.0788623309097185,0.316557800716089
0.0533918787081313,0.380825122706231
0.23710428338155,0.363027808433358
0.38746367595592,0.293341247180907
0.413365203701169,0.198368996777586
0.288500891878292,0.127524681102692
0.0432307949685941,0.0978050499006016
-0.208271435190926,0.0795397358175071
-0.357596259957451,0.0670138895075091
-0.348494379324136,0.0220464730279592
-0.196287511457464,-0.0770518102521012
0.00991475437541078,-0.188244857550025
0.146467400093575,-0.284805941293688
0.15316756689598,-0.333714630973496
0.040151676229896,-0.334059477911481
-0.13188470713607,-0.283180180312551
-0.263966496659163,-0.224319788371119
-0.300571020597778,-0.176692012734462
-0.231537225580501,-0.14133143470737
-0.104123401633392,-0.112646391558541
0.00320228110097402,-0.0523819259532477
0.0479726326973504,0.0151492525195379
0.0172184185033525,0.0841214559166331
-0.070561028301846,0.137156154853528
-0.168981910048354,0.136638870949605
-0.243176288879033,0.0981006464872477
-0.273573324988912,0.0348063327400127
-0.258695048941705,-0.00176125459499122
-0.229000042915284,0.0215414983376355
-0.185781570657233,0.0999234831069359
-0.154978087553598,0.204342474578502
-0.122955276965637,0.276430736164917
-0.0728272598015034,0.283537363458024
-0.0103335148005611,0.218986754094834
0.0746254644970498,0.122425670351171
0.165188431767182,0.0306803167344544
0.234862683806034,0.00027096223727212
0.255985429310551,0.0443885426425646
0.231783571815809,0.147255662156947
0.1617028727832,0.256946087849025
0.0886662348780189,0.329317650305433
0.0533795627460604,0.35531770574725
0.0701176401703491,0.340808922059115
0.132426636461079,0.31312150558039
0.200401204752479,0.282736778684109
0.213666042529092,0.252179641815781
0.136848249053283,0.200388895538881
-0.0110725020493813,0.115713194335168
-0.182271366252164,-0.000406443355908181
-0.302923457083459,-0.119494349905796
-0.329785670361072,-0.199317359599406
-0.250467635357786,-0.218789685204755
-0.0996648411549748,-0.176889081624541
0.0361241946693772,-0.09328490961183
0.121575835225918,-0.0225760813295428
0.12647777708736,-0.00481573814075633
0.0663734324859332,-0.0426642370936798
-0.0112079835370744,-0.111636442177893
-0.0729381102086138,-0.171593001982941
-0.126761064460407,-0.204687335013431
-0.176815172355171,-0.209306016495715
-0.22971440920623,-0.198947867240335
-0.283303326436315,-0.193750315295302
-0.288611728788458,-0.211806258023192
-0.206645660712844,-0.251600757856087
-0.0333776204035378,-0.302517010089702
0.206534810305734,-0.334453615691639
0.419634291585676,-0.329403868788402
0.548045762448306,-0.296161730716116
0.541148553749712,-0.242646695761512
0.406086193429904,-0.180879615298847
0.190338652083745,-0.131601433259967
-0.0162946842314375,-0.0952185966386286
-0.135074669533406,-0.0963640283505282
-0.142710889944033,-0.134040088228617
-0.0647599739699226,-0.196496889561142
0.0575917938603512,-0.251440630103748
0.170238178670419,-0.229123216032938
0.240121822309894,-0.106525108715829
0.2538669758588,0.10872975365666
0.222644750044754,0.362338087563498
0.171137291140901,0.552368833846999
0.137895153068615,0.596548005134358
0.142772463005915,0.456374297855542
0.168427658012802,0.17080473991957
0.195376089773384,-0.160138684863945
0.205192309703755,-0.399915633241964
0.1734281545647,-0.476881231759569
0.106980819557869,-0.398757892316466
0.040619703034007,-0.235515450041209
-0.00649077731068047,-0.0891835255304135
-0.00100995011876158,-0.048957950153856
0.0485638224964065,-0.101265976960442
0.0710783189542406,-0.198233514446334
0.0312591905714397,-0.236229816332155
-0.09638866027467,-0.168095120288416
-0.290089698224744,-0.0229825249490632
-0.445880693262799,0.123965226346284
-0.487596564160423,0.193454718708656
-0.381613371272657,0.147809900695554
-0.148499621565413,0.00144102640053792
0.106956187633728,-0.170336719863931
0.239444410653633,-0.263732486631344
0.185855466429659,-0.228790651314662
-0.025778361376068,-0.0794658332966094
-0.265887867723891,0.122253233385234
-0.383362305371448,0.26391723281088
-0.309401936568588,0.315190668189968
-0.0820153454208421,0.263954160451675
0.192210759300189,0.146873847087332
0.368976667807077,0.0318011131479761
0.357534686895569,-0.0361857744797316
0.187037839279299,-0.0445856047841713
-0.0524188772136966,-0.00327617982585604
-0.219639533826953,0.045558606278606
-0.252586061815648,0.0709674752956026
-0.161653608934916,0.0363951559576454
-0.0388830815230512,-0.0656221250572469
0.0338579631697198,-0.205845089435874
0.0249285262508146,-0.346228161321423
-0.013905289736835,-0.426740891884893
-0.0215784479109663,-0.409522461571714
0.0470119471649865,-0.255184844536636
0.187555136680166,-0.00897870329786586
0.307209600841356,0.267107181711271
0.351056207410439,0.457975467403371
0.315424678217788,0.496833873137211
0.245454843089234,0.37192029746605
0.190634248670391,0.144964798733147
0.198171927887507,-0.0604738437089703
0.263178221098847,-0.169819422463064
0.331916433026422,-0.147317248715773
0.329662524237308,-0.0507684708114733
0.210057323924401,0.0524311931757675
0.0104443626769944,0.10308881358013
-0.168132074923101,0.0878040837906946
-0.232571820382235,0.0300768075990912
-0.142107374060198,-0.035225092321604
0.066866091214186,-0.0976079877589949
0.281381955371587,-0.125603310037964
0.371981897521822,-0.109283998943739
0.29788601939382,-0.0385628530122633
0.0806235809705799,0.092496654296931
-0.18161860001699,0.236254434759352
-0.362239559866931,0.332716990806447
-0.407428680534938,0.324735923457835
-0.327359324606021,0.218063023197155
-0.191287028402511,0.0419621968875132
-0.0804265188289732,-0.118829260960079
-0.00822739924341574,-0.202667436252137
0.0666936609967212,-0.194082866516634
0.174684423186766,-0.118484400525149
0.312542621620696,-0.0355083695719431
0.416074823332323,0.0208025102452563
0.41533583861418,0.0249285262508146
0.285692744550571,-0.00596116943087641
0.0585647953547859,-0.046038949044788
-0.148302566172279,-0.0759433264264143
-0.240799206972265,-0.110293948324387
-0.167774891777628,-0.159054839710872
0.03166563419096,-0.239185755204727
0.240983953151801,-0.321619856832924
0.354529457180823,-0.37397715086203
0.298969878043838,-0.345082729609524
0.122142382978124,-0.230527276199854
-0.0830622426877022,-0.0482312780235477
-0.206547119519332,0.1398042014228
-0.195363780559785,0.245122305364847
-0.0877301812697968,0.24837385432101
0.0158020255031847,0.158241945723359
0.0513719765726003,0.0428489832732155
-0.0170336723238167,-0.0228224106936692
-0.160237212560512,0.000258645774338044
-0.284510358203986,0.078295769660568
-0.32721153306117,0.146060966596763
-0.263904896603392,0.137267005260638
-0.108791340215487,0.0289313758871916
0.0680607867743692,-0.142218224467308
0.197691585121325,-0.273622588837196
0.236808673297959,-0.28410391121023
0.190695835229218,-0.156948722466609
0.0806235809705799,0.0830499267256313
-0.0633312683819201,0.338197830124527
-0.179266150034364,0.506009690033785
-0.257340225629184,0.543882818801952
-0.269508909039126,0.45143541485636
-0.224455270702371,0.275839569985514
-0.129778589891806,0.0793549896379713
-0.0248299934928932,-0.0776553126389921
0.0484529754635323,-0.18706247120344
0.0735908831922606,-0.249026620556185
0.0516922050833883,-0.272255456311075
0.0172430521146124,-0.269065507410684
0.00662625837659409,-0.234985856923688
0.0268498939413061,-0.173268040309306
0.0694402352625605,-0.0923858038898206
0.108360261297588,-0.0178342419136685
0.112461645379005,0.0355945846806755
0.0855624842151789,0.0470119471649865
0.0363582046971965,0.0113311482191376
-0.0230687400577956,-0.0691815865621271
-0.0825695839594493,-0.164868203256394
-0.153610955027477,-0.248570909714145
-0.252709234933301,-0.288759520333309
-0.376514360521137,-0.267439719435658
-0.495048011397624,-0.182714767880606
-0.563071857034253,-0.0480218999198701
-0.522107280068372,0.101783267612837
-0.352534176846726,0.214380395323094
-0.112104468982004,0.265629212274985
0.113114418362652,0.231180042435028
0.244986823033595,0.146689100907796
0.271750481620752,0.0920902140516468
0.217853645093478,0.120923055493799
0.171285082685752,0.235182912316822
0.177110768941817,0.385160503318522
0.212988630872832,0.49965435667242
0.244703522163603,0.491279178537539
0.192592574369804,0.361931640569742
0.0371587759741664,0.159288849738692
-0.195055861262596,-0.0145580627204818
-0.4132789852182,-0.0738372091821508
-0.536148043700869,-0.00422454749814114
-0.537084083812146,0.132402004536937
-0.435091451592576,0.239505983715515
-0.315498587487158,0.233089104286158
-0.247930452692569,0.0805989490464381
-0.250947991620913,-0.13416326134627
-0.291050383757108,-0.293328937967309
-0.30116221377107,-0.316890338440475
-0.256120884647914,-0.195080493186738
-0.157761602957177,-0.0116021103509649
-0.0530100670127527,0.11539296582438
0.0166025950930365,0.103606104232525
0.0455709222406769,-0.0433416420014684
0.0456325054252676,-0.244728167584689
0.045718720534,-0.382500147535651
0.0468395169475216,-0.377290272880075
0.0226007132536846,-0.226475169463666
-0.0467286699146474,0.000504975059380791
-0.153216830744264,0.193097549060128
-0.27702192933821,0.271725863193555
-0.337249453805762,0.214047857598707
-0.282552032504573,0.0861290454643295
-0.113804145980983,-0.056212348746396
0.0917330376546462,-0.166900424728232
0.221388467925744,-0.213838465998085
0.184389806206971,-0.233323114313977
0.00417528196273947,-0.250147406846998
-0.216548099126184,-0.241513573263211
-0.355182223415998,-0.201238730664134
-0.324526558851102,-0.12624376705954
-0.150408669919598,-0.00667552433377528
0.077347400090275,0.121194020156303
0.218321665149116,0.227275727243691
0.212754620845012,0.268905379658345
0.0966103543404184,0.247105249491457
-0.0365429542509684,0.173280349522905
-0.0795643677416489,0.0989135337262885
0.0246206137020975,0.0512118623172063
0.210759354007859,0.0258645781719186
0.369912734912243,0.0176248621228729
0.406061548008818,-0.00363335727730547
0.308293432497484,-0.0343383059359017
0.141109747390093,-0.0649570361115293
0.00479110495127597,-0.0641195169483467
-0.00705733476381531,-0.0460019977843391
0.0844416844274211,-0.0163193161555793
0.21604312443586,0.013437263776283
0.30238155475234,0.023019474522394
0.300546402170581,0.0230687400577956
0.233704942880536,0.0238569936855765
0.155803290754709,0.0420607279583166
0.139631764456863,0.0697235091386634
0.195425353621667,0.0923611719656788
0.300152264390423,0.071189169361351
0.39461954010342,0.00201990023752317
0.446040794021249,-0.0944426572858005
0.4438977221423,-0.183318270267497
0.40330266452938,-0.208185216707957
0.360121133409069,-0.139705673726233
0.306027214494771,-0.00253719194436657
0.237904841161575,0.155692440347599
0.136786662494456,0.248878829011334
0.0197802432154199,0.246748066345984
-0.0447087677791164,0.162799040646816
-0.0231303215552682,0.0209133589652486
0.0959452653947007,-0.0987657354329654
0.251834767883906,-0.173304981447047
0.375418192657521,-0.193713374157562
0.392993779122283,-0.191360924174936
0.278475280347299,-0.193910429550696
0.0904151757252817,-0.212705356996729
-0.0914743889542127,-0.227571337327282
-0.181704818499959,-0.219072972577803
-0.144484455966965,-0.170188914822136
-0.0277243643649375,-0.080759063301832
0.103840121008817,-0.00317764812238343
0.183133524087961,0.0215168647263757
0.179340059303734,-0.018376166177323
0.125233817678893,-0.123041495448606
0.0691076840412293,-0.229209434515907
0.0326755835716075,-0.285298606770413
0.0273548703187479,-0.252401315636112
0.0204822817344684,-0.133214885027505
0.000862152563552666,0.0442653762733833
-0.0296826799416417,0.199046394936902
-0.0499678995345034,0.272538757181068
-0.046482340550521,0.245319360757982
-0.00759925902746979,0.128965709401238
0.044487073713368,-0.0288944280009789
0.0907107655634555,-0.165718038381648
0.123164655069315,-0.235379967709957
0.143302069620381,-0.234567073722444
0.169881009021891,-0.1741548165723
0.199736115806761,-0.0939869464437603
0.224640016881907,-0.0372080431966861
0.208037411666162,-0.0176371780849438
0.133214885027505,-0.0344122050825632
0.0112572490724761,-0.0671247331661472
-0.117979425834825,-0.0753767651772637
-0.194772587386493,-0.0567050041004127
-0.190141596690611,0.015900556573988
-0.105761485325072,0.126982751777683
-0.0150014542262148,0.245097659943761
0.0180189880932043,0.339343261836427
-0.0274410854274803,0.383867280061772
-0.116292064797917,0.360170397257353
-0.210081955848543,0.261232231606922
-0.242843751154647,0.129827867237035
-0.212594506589618,0.00105921607594277
-0.159227263179865,-0.0827912780251978
-0.129803235312893,-0.0869419259548978
-0.161296425789443,-0.000480342133512639
-0.243262507362002,0.147181766384521
-0.337520418468266,0.282552032504573
-0.388362788426401,0.348987044800861
-0.359394457904525,0.333628412490528
-0.278278224954164,0.207951206680138
-0.18211125199677,0.0398068157949662
-0.0931617432426487,-0.110146150031064
-0.0309635939847935,-0.193553259902168
0.0512241782792772,-0.195179020883305
0.17404396616519,-0.129581534498672
0.316249881418899,-0.0466670867300568
0.415151092434644,0.0052344977223476
0.409941244772958,0.0171198874325492
0.282256449414872,-0.00514828261361517
0.0557196900181432,-0.046802569061309
-0.156936399756066,-0.0760172221988396
-0.248102889658506,-0.108347945335517
-0.172442837108195,-0.159141044696896
0.0262340705309901,-0.236673190966707
0.243915273597176,-0.322013994613082
0.349467401063988,-0.378595832344314
0.286739621572014,-0.359690067988116
0.103482944611816,-0.245146923792044
-0.091708398982032,-0.0498570525016292
-0.188762154950892,0.151578733555639
-0.167664041370517,0.265863222302804
-0.0713000197684614,0.257537281022318
0.00612128326449086,0.141984214439489
0.0141269854897015,0.00857225967834548
-0.0381687253548138,-0.0336485850660422
-0.101352195443411,0.0612867309480111
-0.146282653914039,0.227115626485242
-0.160360385678166,0.376194132010349
-0.149940649863959,0.391170935754123
-0.118656823994141,0.27191060937309
-0.0603260454156473,0.0831484611706708
-0.00456940877662992,-0.0830991905739148
0.0206547119519332,-0.160458913374733
-0.0393880562133749,-0.15770001639835
-0.204502588833896,-0.130369783065099
-0.407748909045726,-0.125049071499357
-0.561680106080936,-0.150568784174992
-0.577851605384893,-0.164511033607866
-0.455512167013635,-0.131330468597463
-0.255578982316795,-0.0420237800721039
-0.0744407183175141,0.0877794518665528
0.00875700670144029,0.202088565789387
-0.0069957524227837,0.271245506930428
-0.0715586617204225,0.275777969929743
-0.127512371889094,0.230847504710642
-0.133165621179222,0.172307354776942
-0.0965980383783475,0.126921178715801
-0.0231795870906699,0.108779024253416
0.0677898288603372,0.103064181655989
0.146553618576544,0.0995909386340771
0.215858378256325,0.0647846058940644
0.231882099512376,-0.0057764224077816
0.191681152685724,-0.103704638677564
0.100440773759331,-0.215747527849214
-0.0126243773808013,-0.29956107121713
-0.0870527763620083,-0.334170341815536
-0.0794535173345385,-0.317062775406412
0.0208148262073272,-0.243681263569357
0.189057738040593,-0.146886169797875
0.348900826317892,-0.0619025560454452
0.414646117744321,-0.0221326881366917
0.350538923506517,-0.0376391187403483
0.179660274317577,-0.0800939743561144
-0.0312345552730617,-0.101438407177907
-0.188380339881277,-0.062715443284486
-0.237325984195771,0.0496107231375028
-0.180276099415011,0.206387005263938
-0.0612005192135149,0.353815090889877
0.0448196181862268,0.452149754153417
0.109591911492456,0.477028996310531
0.107301048068657,0.426346754104735
0.0721005910454313,0.337471154619983
0.0180928872398658,0.242067811801819
-0.0531824972302176,0.167343812859729
-0.126674845977439,0.118940111367189
-0.194390772316878,0.0816458463132982
-0.246206137020975,0.0522957108445153
-0.2644468259284,0.0226253468649445
-0.219984394261883,-0.00528376367952879
-0.104616060361645,-0.0148167080466791
0.0618286535245475,-0.00572715645060042
0.230748977014075,0.0139668720778666
0.355206868837084,0.0363335727730547
0.426666982615523,0.0560399185289312
0.439279067653906,0.102399092710271
0.420828987145859,0.170558407181207
0.371747887494003,0.264508398990283
0.300644929867148,0.355440878864904
0.208628604839454,0.40040829871869
0.0942455951441938,0.384889538656017
-0.0341905076425786,0.31723521237235
-0.138449391607223,0.236426871725289
-0.197322092762253,0.193430086784514
-0.196459934926457,0.217213188071902
-0.12990176300946,0.287995917187969
-0.0559906513064114,0.357608569171049
0.00697111923330335,0.372191262128555
0.0282170214060722,0.306347443005559
0.0125997437695414,0.193590201039908
-0.0197802432154199,0.0961300115742365
-0.0569636528008462,0.0685288135784803
-0.0773350841282041,0.129150455580774
-0.107153249775334,0.216190915980711
-0.152527109874404,0.249285249011201
-0.207581714321066,0.159202631255723
-0.267969339547068,-0.0352989914682655
-0.291321348419612,-0.270038502156646
-0.258337865796232,-0.437074395719186
-0.172122608597407,-0.455327420834099
-0.0353113074303364,-0.315190668189968
0.121772890619052,-0.0836903837472072
0.277539240236021,0.128091242351843
0.39560487105687,0.215636677442104
0.445942266324682,0.156554598183396
0.432665105837525,0.0068110053996889
0.344934938064673,-0.137907462282214
0.200007080469266,-0.20755706889998
0.0511625984689228,-0.169314447772741
-0.0696003427694821,-0.0549191187411734
-0.117954793910683,0.0514828269797107
-0.0959452653947007,0.091868513237426
-0.0186224955414494,0.0566926881383418
0.0642919471658116,-0.0354960536098722
0.109961403851528,-0.119235707953835
0.12194532758499,-0.139028262069972
0.114777140726946,-0.0662010022684684
0.151603378976726,0.0655851771710343
0.227251108816494,0.222718645817179
0.326201583680523,0.337926865462023
0.390986189574587,0.380270857173734
0.368742657779257,0.33909691560112
0.233914307487269,0.219590256481725
0.0197925591774908,0.0685780774267638
-0.175583535657247,-0.0778893294152838
-0.261133703910355,-0.166013634968294
-0.210857881704426,-0.168686313461708
-0.0604984756331121,-0.0925828727798996
0.112929672183116,0.0114173633278701
0.199157245344012,0.0769532758070617
0.146984697494442,0.0697235091386634
-0.0159621397585787,-0.0330820271911278
-0.205389378593834,-0.192678779355828
-0.33368998555241,-0.334823108050711
-0.364789078739636,-0.413155839094436
-0.323639755594219,-0.385874869609468
-0.259027586666092,-0.284966069046026
-0.217878277017619,-0.166284599630798
-0.205180000490157,-0.0967581526337415
-0.219664165751095,-0.107387259803154
-0.239641466046767,-0.202470380859002
-0.263720150423856,-0.321977039978397
-0.288611728788458,-0.39675030276877
-0.31075673288722,-0.394828931704042
-0.346462171349243,-0.317272140013145
-0.350046258029792,-0.189402598475523
-0.282034748600651,-0.0697974116595612
-0.141035851617668,-0.0124396303577065
0.0476770361107042,-0.0205808144923898
0.204083832626541,-0.0866340201546532
0.244284765956248,-0.166888102017689
0.158241945723359,-0.230379484655003
-0.017600228511613,-0.245442533875635
-0.197716217045467,-0.203936027584745
-0.281012463012516,-0.131367423232148
-0.245319360757982,-0.0592422002625745
-0.147292603294687,-0.0154817969923968
-0.0655482292848216,-0.000344861041237799
-0.0721375389316439,-0.00114543129012008
-0.163821312738007,0.0062690807142549
-0.272588021029351,0.0443885426425646
-0.312616530890066,0.103704638677564
-0.212951689735091,0.159288849738692
0.0218494091992345,0.171395933092862
0.294326578134357,0.105638325704363
0.485576665399128,-0.022243536856684
0.516675731592465,-0.170940222250822
0.383460833068015,-0.292540689400882
0.161296425789443,-0.331559249880949
-0.0411493096484725,-0.27473106591441
-0.140050534161162,-0.165705729168049
-0.122031532571013,-0.0702161678669163
-0.0132401999475582,-0.0272440215987556
0.10457910572696,-0.0329958120823954
0.177073827804077,-0.0506576237785991
0.191360924174936,-0.0220095234546285
0.138732665483326,0.0751427551494444
0.0485638224964065,0.195807168691282
-0.0601905630843951,0.266860862469853
-0.152071399032364,0.222016602236776
-0.22042778239338,0.0601412992361115
-0.248004334968049,-0.153980447386549
-0.208185216707957,-0.31060894134237
-0.107522742134406,-0.325869045956136
0.0443515913821158,-0.193774947219444
0.207889620121311,0.0055300930436552
0.334502879539923,0.1356535534931
0.396627129651116,0.11322526202129
0.386650808962296,-0.0673710659045098
0.311409499122395,-0.285939063791989
0.202741332024562,-0.40801987370823
0.0813748883992662,-0.354381665635973
-0.0491303803713209,-0.109936771927386
-0.156160460403238,0.187173321610551
-0.197026496175607,0.400987155684494
-0.151270827755394,0.433675055218172
-0.0183145846798504,0.291752440834455
0.19437846310328,0.0675311801599037
0.378521923074944,-0.0941101128129417
0.453529195893136,-0.108286365525163
0.370159054153661,-0.0120824522735877
0.156468379700427,0.106783757416263
-0.10537967700393,0.111340845591247
-0.288796474967994,-0.0322568239900162
-0.301026731439818,-0.26841274117551
-0.1522561452119,-0.466399936380425
0.0627400752086278,-0.50369415419501
0.225243519268797,-0.36704298752875
0.249248321370406,-0.0886169710297353
0.122610416530707,0.208135952859673
-0.0645998597145286,0.387894768370763
-0.198738489136657,0.397932689115355
-0.20797583860428,0.267488983283941
-0.108606594035951,0.0788376922371044
0.0195831793866952,-0.0734677168230793
0.0654127469535694,-0.149189342435273
-0.0202605859816018,-0.14890606855917
-0.219405510302189,-0.128546953193883
-0.444747570764498,-0.131305836673321
-0.580979981223403,-0.138387805048396
-0.572210692302253,-0.144004113200784
-0.437714852740762,-0.110170781955206
-0.24944537676354,-0.0283648213865134
-0.0760049062367688,0.0822739873728032
0.000283278700206197,0.192075276968937
-0.00904028563889746,0.264988755253409
-0.0577519081157451,0.286715003144817
-0.111870452205712,0.245848953875502
-0.125307713451318,0.182653181321779
-0.100416141835189,0.119679096085332
-0.030889694838132,0.0858580808018251
0.0608556587785851,0.0952432285627704
0.159448963994086,0.112387749606579
0.234012835183836,0.0974848213898136
0.241944638684165,0.00812886732905337
0.183995681923758,-0.144533719815249
0.0772488723937079,-0.282059367027848
-0.0308281116535413,-0.328898894098078
-0.105465895486898,-0.231611134849871
-0.131244250114494,-0.0446471879687619
-0.1091854644987,0.14304342766842
-0.063146515453912,0.232411692629897
-0.0113188314135077,0.197913285935546
0.0469626833167029,0.112781873889793
0.0740712259584425,0.0389939285559255
0.0627400752086278,0.0379716632132071
0.0140038208076383,0.0865231697475428
-0.0811531875850453,0.141048160831267
-0.145001753367832,0.160532809147158
-0.125578678113823,0.150371728781857
0.000529608037971384,0.132069453315606
0.198997131088618,0.100379193948976
0.355982808189912,0.0638485590343147
0.388510579971252,0.0179450906336608
0.278598453464952,-0.00943441245278791
0.0852668876285327,0.0196940281066875
-0.0819537588620152,0.107892234493477
-0.148659735820807,0.239850857647389
-0.123300137400567,0.319686176554598
-0.0689722084584495,0.305140438231778
-0.042307057322443,0.191594934202755
-0.0741820696170806,0.0199403574708139
-0.138338541200112,-0.100317607390149
-0.165705729168049,-0.114653981106237
-0.110614176835175,-0.00992707118104072
0.0134249469706531,0.139089848628799
0.114555439912725,0.246267737076747
0.123497192793701,0.250677026958408
0.0127968075982661,0.130517588106894
-0.191964426561827,-0.0633559003060619
-0.356069026672881,-0.251083473952165
-0.369900398704755,-0.355871944285857
-0.212865471252123,-0.368878140110509
0.0697604570248761,-0.310953815274244
0.341954353771014,-0.235010475350885
0.481598413944531,-0.194452358875705
0.448787368287088,-0.190843626774069
0.28226875862847,-0.212495978893051
0.102756269107272,-0.217250129209642
0.00737756243104421,-0.18565839753958
0.0513473446484585,-0.12483969339568
0.189759781620996,-0.0610650368822627
0.331978006088304,-0.0149645046528841
0.371070475837742,-0.00375652195936868
0.28683817626247,-0.0336362657297351
0.106943871671657,-0.0896392363724536
-0.0784681998780328,-0.16044659066419
-0.174709055110907,-0.211153478291072
-0.157195041708027,-0.214134062584731
-0.0285003003435294,-0.172800006756723
0.143708516614137,-0.0679129884810462
0.286936703959038,0.0818305992413063
0.341079886721619,0.247573269547096
0.300041400486367,0.384815656380537
0.178194627591834,0.451730997946062
0.0267759964817627,0.434290893812551
-0.103051865693918,0.340796585851627
-0.192838893611222,0.210673135524891
-0.21101799595982,0.101463039102049
-0.172565996728904,0.0352127729852969
-0.112671023482682,0.0183022670306615
-0.0609418705130814,0.0327371633819619
-0.0376637506644901,0.042011464110033
-0.0584416289856046,0.0234012845306545
-0.115171265010159,-0.00769779094183216
-0.175263307146459,-0.0408906643222752
-0.21029133395222,-0.0546851053391178
-0.20686734803012,-0.0502758120832205
-0.142624671461065,-0.0384027387568693
-0.0196693944954276,-0.0613359947962947
0.138067576537608,-0.134865291429728
0.303366858711901,-0.240725324696785
0.417860712065799,-0.335734529734791
0.460574223130471,-0.377524309901784
0.40550730947021,-0.328443183256038
0.270309466819151,-0.187887674404552
0.108261733601021,0.027798261824481
-0.0314193048268336,0.241279563235392
-0.0856363867360766,0.389077154717347
-0.0576041098224221,0.434364776088032
0.0160976204027128,0.356401564397268
0.0814980547684474,0.189636622000287
0.0713739155408867,-0.00137944416495119
-0.00197063449123174,-0.157059572873719
-0.0838751299267429,-0.232473292685668
-0.101894118019947,-0.220563264724632
-0.0375529036316159,-0.147686741074845
0.100317607390149,-0.0622104685941623
0.227694483451046,-0.0159498221093897
0.259975962984857,-0.0246452473133574
0.183650821488828,-0.0743421838724745
-0.00832593031421907,-0.103014917807705
-0.203554226012075,-0.0788746468717894
-0.318565390263785,-0.00330081280444663
-0.326398639073657,0.105231878710607
-0.261232231606922,0.182086620072629
-0.201066293698197,0.175989969154059
-0.212409760410082,0.0669769416212965
-0.285126169804475,-0.0849466591177448
-0.3577563607159,-0.198713857212515
-0.34381412477997,-0.207532436975838
-0.21109190522919,-0.0892574280513112
-0.00748841115103652,0.10284248759024
0.174758332456136,0.271651953924185
0.231463343305021,0.321213409839168
0.158611438082431,0.236697836387794
0.00960684267025277,0.0464330733280013
-0.096696572823387,-0.172455146321793
-0.066558178665469,-0.314895058106377
0.0911787923675665,-0.330573918927499
0.276233680771783,-0.254667560632714
0.36560194573326,-0.153019761854185
0.259828144446117,-0.0974971373518845
-0.0180559376665351,-0.109049982167448
-0.329576305754339,-0.150568784174992
-0.517611771703742,-0.160594395705985
-0.518030554904987,-0.101610837395372
-0.337471154619983,0.0365675861751102
-0.0926075047040414,0.18356460300586
0.0841460945892473,0.265850913089206
0.118829260960079,0.245356315392667
0.0200512061908062,0.130221991520248
-0.133498172400553,-0.0226376628270154
-0.27922657427904,-0.116255123660177
-0.372117379853074,-0.0948860521657697
-0.427541476658807,0.0307788478052577
-0.476942831815341,0.203431052894421
-0.526196368433135,0.332359807660974
-0.548698528683481,0.375085627939245
-0.49470313746575,0.335475874285885
-0.320400542845544,0.252031823277041
-0.0589589196379992,0.175423421401853
0.195339135138699,0.156098887341355
0.354714203360359,0.191114591436573
0.378275603833526,0.247794970361317
0.298280157173978,0.276677082400225
0.17837937377137,0.240897734668832
0.0734677168230793,0.145026385291974
-0.010801539917554,0.0358409140448019
-0.0905876059427466,-0.0594638943283229
-0.172947811798518,-0.108360261297588
-0.229320271426072,-0.100859536715158
-0.212754620845012,-0.0874345846831507
-0.0694525512246314,-0.0768547413620222
0.185436696725359,-0.0972261794378525
0.452531582719976,-0.131860075211928
0.601523842768225,-0.156936399756066
0.529571036519172,-0.182616226687094
0.209663186144243,-0.182148206631456
-0.239641466046767,-0.154904191781172
-0.605859223380516,-0.129889440298917
-0.741894605440176,-0.107153249775334
-0.602804756811377,-0.0955511411114874
-0.29948716194776,-0.0875700670144029
-0.00133017831321489,-0.0735292966334338
0.126120607438831,-0.0530962821214852
0.030433987370328,-0.0279214265065442
-0.190338652083745,-0.0251132724303504
-0.364185576352745,-0.0573824090082013
-0.351425699769511,-0.110712704531742
-0.128115874275984,-0.174622850124883
0.22412271948104,-0.21181856723679
0.510431289129045,-0.186323486485297
0.597496354459234,-0.130505265396351
0.472964580360744,-0.0685164976164094
0.210451448207614,-0.0350157108436902
-0.0388461302626024,-0.0549314347032442
-0.19326997252912,-0.112264583237398
-0.254716824480998,-0.155101247174307
-0.272329365580446,-0.120011633809719
-0.293550638781529,-0.00551777665980478
-0.327039096095233,0.156702389728246
-0.332273616171895,0.281406600792674
-0.250258270751053,0.28829150027767
-0.066398064410075,0.152231513287758
0.159251895104007,-0.102719321221059
0.344158998711845,-0.349368846373531
0.423920435343573,-0.477041359511908
0.384175199358961,-0.436926604174335
0.271319416199798,-0.250898727772629
0.165681097243907,-0.0133756814352514
0.1299387041472,0.138313909275971
0.166543241582759,0.138400127758939
0.238483725121269,-0.00405211728067627
0.283906855817095,-0.185251950545823
0.277797868691038,-0.292651526311048
0.234862683806034,-0.254987789143502
0.182579285549354,-0.0691569546379853
0.14075256424462,0.176076187637028
0.1012413450363,0.372031161370105
0.0561877168222543,0.451854171063715
-0.00562862453623804,0.396196064230163
-0.0636268582200939,0.260801166185969
-0.0866832840029367,0.137168477564071
-0.0554979925781586,0.0603260454156473
0.0204945976965393,0.047406074822436
0.082027661382913,0.0785667343230723
0.0970660651824585,0.103273559759666
0.0298920614195554,0.122930645041495
-0.0853654220735723,0.121304870563414
-0.157970981060855,0.119765314568301
-0.128041978503559,0.137082259081102
0.0153709482724044,0.141614722080417
0.20983562311018,0.120221025410341
0.362375042198183,0.0646860781974972
0.386958701265596,-0.00272193875657162
0.267218045615326,-0.0371218280879537
0.0867325478512203,0.0064538277373497
-0.0677282423015104,0.128608526255765
-0.13314098925508,0.257611190291688
-0.109210096422842,0.330364554320766
-0.0665335467413272,0.302172163151717
-0.0487608880122493,0.170792430705971
-0.081818276530763,0.0186101795793785
-0.134816027581445,-0.0763744053443126
-0.148881436635028,-0.0814611001337624
-0.105281149307362,0.00476647218357514
-0.00153955820945541,0.112794189851864
0.0978912683835702,0.201817601126883
0.122610416530707,0.225625334338412
0.0459404145997485,0.191718093823464
-0.105662957628505,0.111747292585004
-0.279029518885906,-0.0052960800633792
-0.401467511947621,-0.102374460786129
-0.423575561411698,-0.154559317849298
-0.35646313745915,-0.125923538548752
-0.246181518593778,-0.0308157956914704
-0.14235370679856,0.097755786052318
-0.0819660748240861,0.182061988148487
-0.0575671619362094,0.153623277738021
-0.0455093390560863,0.0431445798598617
-0.0111833507693736,-0.105010184644858
0.0506206725181502,-0.21296399894869
0.0966349862645602,-0.225083405013404
0.0861290454643295,-0.178256200653717
0.0140777199542998,-0.129717016829924
-0.0719158448658955,-0.131872397922471
-0.090649185753101,-0.213333491307761
-0.00814118329112427,-0.344097398656073
0.139052893994114,-0.458246432065876
0.278733935796205,-0.500935270715572
0.30405657958176,-0.445412646213271
0.167614777522234,-0.312764322434917
-0.0769409598449908,-0.141208275086661
-0.311729727633183,0.00601043496627807
-0.420644240966323,0.0652403167361045
-0.36239968761927,0.0254458169032092
-0.160828405733805,-0.0812640379921558
0.095600404959771,-0.204995254310621
0.288599419574859,-0.274841929818466
0.348863871683207,-0.243631999721073
0.307751530166365,-0.117819311579431
0.201743705354458,0.0950215277485496
0.0900087287315251,0.324403385733449
0.00438466175353511,0.481278212427632
-0.0716448802033911,0.538057105551998
-0.157355155963421,0.472053158676664
-0.259791216805321,0.325782827473168
-0.333862422518347,0.145962425403252
-0.345501485816879,0.00157650757189642
-0.267636801822681,-0.0937775683400828
-0.135284061134028,-0.136638870949605
-0.00442161090508636,-0.133818400911341
0.0864615899371883,-0.11263407559647
0.108310997449305,-0.0563847789638609
0.0724208195562192,0.0409399315447949
0.0351881410611551,0.164523342821465
0.0105675273590576,0.297479599393953
0.00827666477881741,0.370294536484913
0.00550545985417484,0.361882376721458
-0.0246698809246173,0.260616420006433
-0.0812147741438722,0.0822739873728032
-0.128473043924513,-0.0820769252311965
-0.114764818016403,-0.172270400142257
-0.0243866019871601,-0.144213491304461
0.128694744738734,-0.0467409858767183
0.293994040409971,0.0490811131488011
0.391097053478642,0.0719035221553522
0.403548983770798,0.0014287100166875
0.338690495601253,-0.109444113199133
0.237153547229834,-0.191447142657905
0.158020244909138,-0.183170478722646
0.109764341709921,-0.0709674752956026
0.0951939579660144,0.0900826312524229
0.0912526948884643,0.21513170275178
0.0924720223727892,0.244678903736406
0.113619399801448,0.166370818113767
0.156542275472852,0.0205561808811299
0.214010902964022,-0.111771924509145
0.267452055643146,-0.17803451333644
0.264459135141999,-0.152059076321821
0.173600578033693,-0.0596486405078587
0.00823971520548664,0.0629494533123053
-0.155273684140244,0.186471291527093
-0.240355832337713,0.277416067118368
-0.197322092762253,0.355268441898966
-0.0483174931322801,0.403782993798617
0.128312943166064,0.415545230214802
0.233347759735063,0.367621871488444
0.2164988352779,0.261367713938175
0.111082203639286,0.120097852292687
-0.00199526746982233,-0.0316409988925821
-0.0398437670554151,-0.161444230831239
0.0431815277460744,-0.261515505483025
0.20857934099117,-0.320548334390395
0.366476439776545,-0.350317222692296
0.41488012777214,-0.346536080618613
0.319624603492716,-0.300681857507943
0.117499083068643,-0.19692796847904
-0.0889371995405233,-0.0405827551477943
-0.199268095751123,0.122610416530707
-0.15145557393493,0.229739027633427
0.0218370932371636,0.210845572490828
0.244272456742649,0.0642796312037407
0.421297007201498,-0.14037076267195
0.488581841126094,-0.31015323050033
0.44214878804351,-0.371476922831498
0.295274954453123,-0.308995489574831
0.0986918396605401,-0.155704749561197
-0.0935066036775784,-0.00938514691738624
-0.227090981064155,0.0501526457140392
-0.271196243082144,0.00885553861580266
-0.228211794348858,-0.0882721105948056
-0.141035851617668,-0.136971408673992
-0.0467163539525765,-0.0795151038933653
0.00177357108428652,0.091560600688709
-0.00768547413620222,0.293735384961065
-0.0679129884810462,0.401442866526534
-0.130616115803461,0.344183617139042
-0.152551741798546,0.140173693781871
-0.115516125445089,-0.12171131755717
-0.0383781068327275,-0.315092140493401
0.0154078978457352,-0.365897555816851
-0.00536997878826122,-0.267809211794729
-0.0981499103355313,-0.0980267507148224
-0.202741332024562,0.029202340549696
-0.232694993499889,0.047406074822436
-0.106956187633728,-0.0611758805409007
0.153771069282871,-0.222336830747564
0.447346353485487,-0.324538868064701
0.645419740179482,-0.302172163151717
0.645875451021522,-0.142045800998316
0.428883963763841,0.11009688618278
0.098975113536643,0.366525703624828
-0.206707233774726,0.518584793443594
-0.365060043402141,0.503300043408741
-0.318294425601281,0.343001257786347
-0.132106407950291,0.100847220753087
0.0488840510071945,-0.155249052216102
0.1315029055634,-0.306692316937434
0.0762758708992731,-0.329871888844041
-0.0766207313342029,-0.244087710563113
-0.214897692723961,-0.0944303413237296
-0.271467207744649,0.00263572364783919
-0.238274333520647,0.0126859597218329
-0.165336236808978,-0.0844663231000352
-0.10308881358013,-0.243447253541538
-0.0898609304382021,-0.361808494445978
-0.111648758139964,-0.388744589999071
-0.132057144102007,-0.298674294954136
-0.109283998943739,-0.130406737699784
-0.0382918917239951,0.0524435091378384
0.0336116338055933,0.185030263228547
0.0526282553173741,0.252623016450333
-0.0156665431719325,0.279867031300616
-0.158697656565399,0.303132848684081
-0.310633586763456,0.352374076088276
-0.39926286700679,0.408906649971224
-0.39225479440414,0.429659903116669
-0.300201528238706,0.380246238746537
-0.15664080316942,0.247684106457261
-0.0247437783841607,0.0568404864316649
0.0746747283453334,-0.10629109868801
0.12038112616879,-0.177295515121353
0.122647357668448,-0.151036817727575
0.106389626384577,-0.0789115947580021
0.0726548295840385,-0.0203344851282634
0.036148826593519,-0.0180313057423933
-0.0107892239554832,-0.0558305370510174
-0.0676173918944,-0.0743175519483328
-0.121009273976768,-0.0446841358549746
-0.155212097581417,0.0592791481487872
-0.16261429446728,0.178798129978725
-0.140961942348298,0.243927609804664
-0.0978296818247434,0.222225980340454
-0.0488471031209818,0.107288732106586
-0.016060670829382,-0.0451152113986368
-0.0039535853663139,-0.156554598183396
-0.0103950971415927,-0.173883851909796
-0.0259631092427219,-0.103322830356422
-0.0247930456066805,-0.0234998156014578
-0.00456940877662992,0.00119469714185639
0.0478987335506888,-0.047406074822436
0.120615149693554,-0.122265556095778
0.169523825876418,-0.165447073719143
0.156394483928002,-0.116427547129169
0.077347400090275,0.0196447625712858
-0.0377376498111516,0.172344295914683
-0.14684921516319,0.27427535507237
-0.167331503646131,0.277440712539454
-0.0899717808453125,0.190043055497099
0.0760418541229814,0.0854393178459976
0.227324991091974,0.0178096083024086
0.273610279623597,0.026714413297172
0.173157189902196,0.0928415147318607
-0.0463591741813397,0.146134862369189
-0.273203832629841,0.141503871673307
-0.405297917869588,0.055744321942285
-0.363865347841957,-0.0392402579200519
-0.184044945772041,-0.0923242240794661
0.0507684708114733,-0.0736524630026151
0.192247713934874,0.00187210278775913
0.163242428778313,0.067506548235762
-0.0135111629229445,0.0755984659914846
-0.251711594766253,0.00986548884000912
-0.421703454195254,-0.0807960111880447
-0.45692853639415,-0.142513821053954
-0.37397715086203,-0.124938221092247
-0.24334872584497,-0.0189673559763791
-0.122105441840384,0.110183097917276
-0.0656467637298611,0.187000898141558
-0.060079719425757,0.161481171968979
-0.057296197273705,0.0427504522024122
-0.0202359523703419,-0.110047615586024
0.0484406595014614,-0.212175750382263
0.0969182668891355,-0.228051666596519
0.0876686014594424,-0.183207419860387
0.0109000718319164,-0.133547436248836
-0.0786775779817104,-0.126108284728288
-0.102115812085696,-0.210032678503315
-0.0253965513678075,-0.342003617619298
0.129002664035923,-0.457064045719291
0.268819161175377,-0.506551565371015
0.287035231655605,-0.456854627124779
0.151985180549396,-0.319168892650676
-0.0790963409375378,-0.133966192456191
-0.306335133791961,0.0127721748305653
-0.412429163589892,0.0738372091821508
-0.358064280013089,0.0394742713221074
-0.16630923155494,-0.0732706546814727
0.0757462642848076,-0.198713857212515
0.268535887299274,-0.280211905232491
0.363840702420871,-0.286628784661848
0.346536080618613,-0.235490831614012
0.264508398990283,-0.15294586608176
0.170361351788073,-0.0781233394431031
0.114887991134056,-0.0371218280879537
0.101610837395372,-0.0357670148981404
0.123337078538307,-0.0356438519031953
0.188047788659946,-0.00857225967834548
0.271196243082144,0.042011464110033
0.350575878141202,0.11737590995099
0.391688219658045,0.181914196603636
0.352411030722961,0.201275671801874
0.201374212995386,0.157231996342712
-0.0491673282575335,0.0737017268508987
-0.319809349672252,0.00369493961833707
-0.512327987778796,-0.0104074131036636
-0.543870455600575,0.0442653762733833
-0.404891470875831,0.156911767831924
-0.143129646151388,0.251674667125457
0.106155616356758,0.279842412873419
0.238532988969553,0.220316931986269
0.205672652469937,0.102300565013704
0.0499925314586452,-0.0113557809868385
-0.108335629373446,-0.0544510919370623
-0.160692923402552,-0.0103088811893012
-0.0773966706870309,0.0863261076059361
0.0805866330843672,0.172886225239692
0.208209848632099,0.177886708294645
0.228963088280599,0.120726000100665
0.12647777708736,0.0302246058924143
-0.0391417268492485,-0.0177357108428652
-0.164350919352472,0.0187087106501818
-0.198763121060799,0.110146150031064
-0.128337575090205,0.194624782344698
-0.0262710201043209,0.199083349571587
0.0184870148973153,0.107522742134406
-0.0260616403135252,-0.0441422132784382
-0.13900363014583,-0.192728056701056
-0.225465220083018,-0.25652733164167
-0.223814813680795,-0.211941740354444
-0.112437013454863,-0.0894668061549888
0.0822863033348741,0.0385505370501924
0.247881188844285,0.101426091215836
0.307653002469798,0.0826681184044888
0.252967890382207,0.0158882406119171
0.115922572438845,-0.043403225186059
-0.0339195463543104,-0.0422947413603721
-0.137759670737363,0.018228369571118
-0.189045428826995,0.111525591770783
-0.193713374157562,0.195191343593848
-0.208148262073272,0.231327860973769
-0.251342102407181,0.219442464936874
-0.323331863290919,0.170484511408782
-0.387944032219046,0.111353161553318
-0.39248880443196,0.071657196165462
-0.342360800764771,0.055276295138174
-0.227953138899952,0.057456311529099
-0.0899840968073834,0.075499931546445
0.0478864175886179,0.114555439912725
0.171297405396295,0.173859219985654
0.255480454620227,0.234653292205412
0.292811654063386,0.260985912365505
0.268227994995974,0.214811474240992
0.171088027292618,0.0751550711115153
0.0221203721746208,-0.134816027581445
-0.131909339060212,-0.348297323931002
-0.235749460069028,-0.484135623603637
-0.249987306088549,-0.485318009950222
-0.184032623061498,-0.351388745134826
-0.0578381198502414,-0.110121518106922
0.0608063881818292,0.141799468259953
0.0880873576667975,0.331374503701413
0.0321706088812838,0.405790583346313
-0.0761650204921627,0.381933599783445
-0.169117392379606,0.306753889999316
-0.177332469756038,0.226475169463666
-0.0830868746118439,0.172159549735147
0.0835056375676714,0.123608043200811
0.233421642010544,0.0783943041056075
0.307197291627757,-0.00773474051516293
0.283291017222716,-0.114506176064441
0.175571212946704,-0.213653719818549
0.040151676229896,-0.27221852867028
-0.0532810283010209,-0.250898727772629
-0.0778893294152838,-0.153697173510446
-0.0533918787081313,-0.0132032512177865
-0.0175386470141404,0.104123401633392
-0.0159251901852479,0.167577822887549
-0.0626292248015174,0.157527592929358
-0.128473043924513,0.0865601176337554
-0.185990948760911,0.0150384037995456
-0.193627155674593,-0.0305571503652731
-0.141922627880662,-0.0501403297519683
-0.0685780774267638,-0.0453245928765505
-0.011281882683736,-0.050645304442292
-0.00120701363115169,-0.078763796464679
-0.0468518329095925,-0.124100708677537
-0.0933834440568695,-0.16505294943593
-0.107953821052304,-0.163217796854171
-0.0502142288986298,-0.114050465222401
0.0746254644970498,-0.0553255623606937
0.206657969926443,-0.033352988479396
0.29743033554567,-0.0811285556609036
0.304093534216445,-0.20111555754648
0.229825246116396,-0.34419595334653
0.132131039874432,-0.434241629964268
0.063503698599385,-0.443860767507615
0.0685164976164094,-0.356179863583047
0.137069949867504,-0.229812936902797
0.219664165751095,-0.141294493569629
0.26879454274818,-0.139163744401224
0.229061615977166,-0.224541475688395
0.140025888740076,-0.321940085343712
0.0735539285575756,-0.351240953589975
0.0872621544656858,-0.254876925239447
0.202913768990499,-0.0476031403382788
0.357534686895569,0.167491617901525
0.462360084870057,0.278278224954164
0.447999119720661,0.229911464599365
0.277822514112124,0.0517537882679789
0.00493890282281953,-0.16916665622789
-0.236623927118423,-0.314833485044495
-0.350194049574643,-0.316570109929687
-0.276270635406468,-0.178527165316221
-0.048797835898462,0.0142255182476229
0.207052094209656,0.140826460017046
0.379519563241992,0.145629887678865
0.417934621335169,0.0414941734576384
0.347730776178796,-0.09638866027467
0.239148800570042,-0.165422441795002
0.169228229289772,-0.132722233047725
0.169339079696882,-0.00330081280444663
0.195425353621667,0.145765370010117
0.195339135138699,0.267993957974265
0.123127700434629,0.315190668189968
-0.00624444794655406,0.315621733610922
-0.131576801335825,0.308268814070287
-0.179746492800546,0.301753406944362
-0.117917839275998,0.30999312974188
0.0402748425990773,0.292417516283228
0.21871578943233,0.221179089822066
0.32439107651985,0.0858827127259669
0.313922063360415,-0.0647230260837099
0.193380822936231,-0.172331986701084
0.0267390469084319,-0.204096141840139
-0.112658707520611,-0.169646998994072
-0.172763065618983,-0.113360744352542
-0.163599611923786,-0.099763368851542
-0.103963287377998,-0.165250018326009
-0.0254581345523982,-0.268277258844257
0.0115897935453349,-0.356450828245551
0.00504975069925279,-0.399558450096492
-0.0393018411046425,-0.383707152309433
-0.0989997522092571,-0.330500036652018
-0.145383554940502,-0.280741525343901
-0.163661198482613,-0.279238910486528
-0.136355583576558,-0.312567267041783
-0.0754629836602324,-0.335931585127925
-0.0134988461173146,-0.300657239080746
0.0188811408676467,-0.200388895538881
-0.0159251901852479,-0.0558798042735372
-0.140272221478439,0.0811531875850453
-0.322346532337469,0.155273684140244
-0.485625902253522,0.155704749561197
-0.559955790409343,0.11759761076521
-0.503361643464513,0.0776060487907085
-0.33063551898327,0.0755861500294137
-0.107387259803154,0.110934405345963
0.0680484708122983,0.156505320838167
0.143831689731791,0.177541847859715
0.129963349568287,0.167651732156919
0.0544018280887788,0.147255662156947
0.00236476130512218,0.133017829634371
-0.00804265222032094,0.136774353280858
0.00190905215020014,0.15930115895229
-0.0201004717262079,0.181372267278627
-0.128374516227946,0.173526682261267
-0.297935310235993,0.129889440298917
-0.457729121168064,0.0646244916386704
-0.507253622448362,-0.00410138281607793
-0.401134974223234,-0.0345353680775083
-0.146270344700441,-0.0348555965882963
0.147846855330239,-0.0132155671798574
0.324551177278299,-0.00312838216520224
0.301248432254039,-0.00105921607594277
0.100305291428078,0.00959452670818188
-0.173588268820094,0.0209256749273195
-0.376317278134113,0.0586879549754948
-0.417306473527191,0.103716954639635
-0.286788885420297,0.126884224081116
-0.0485022393118159,0.106586688526184
0.180485477518689,0.0485515065343356
0.316705592260939,-0.0293994026913026
0.33314808322129,-0.0909447823397472
0.260345455343929,-0.119518981829938
0.169646998994072,-0.113114418362652
0.109271682981669,-0.0837150156713489
0.0956373528459837,-0.0489948980400687
0.128731699373419,-0.0221696377100224
0.19437846310328,0.000923734904584269
0.27716974787695,0.048329809094351
0.35242333993656,0.104160349519605
0.392242485190542,0.16375972617918
0.353778163249082,0.188700568392065
0.207113680768483,0.154485422076872
-0.0407675013273301,0.0854639565186118
-0.315338459734819,0.0173785327587465
-0.516527913053725,0.000837519637684514
-0.554967589574098,0.0580475047023913
-0.406344821884921,0.164153850462393
-0.135702817341383,0.257685099561058
0.12955690257453,0.282687514835826
0.251699285552654,0.21676978644346
0.19601654679496,0.0945165530582258
0.0295102497241768,-0.0168119748838321
-0.119026316353213,-0.0554856766160877
-0.144016435911327,-0.00296826812069803
-0.0347447495554221,0.0974109256173883
0.0980144347527515,0.168563140344054
0.185547547132469,0.169215920076173
0.171543724637713,0.108175515118053
0.0966226703024893,0.0233397013460638
0.039695968762092,-0.0339934455009719
0.00163808991292802,-0.0580598206644622
-0.00548082708647401,-0.07197742467625
-0.0189796736255681,-0.0946889832756907
-0.031357721642243,-0.130788552769398
0.011737591838658,-0.143388288103349
0.122856735772125,-0.0926937164385377
0.250677026958408,0.024398917949231
0.314537901954794,0.138486332744963
0.243324080423884,0.217631944279257
0.0590451381209678,0.242178648711984
-0.114777140726946,0.22308813817625
-0.181778714272384,0.204379429213187
-0.124371673340041,0.206990521147774
-0.0194107491692303,0.22213977535443
0.00678637263198807,0.212877793962666
-0.0960561158018111,0.166875792804091
-0.283993047306174,0.101179765225946
-0.439020412205,0.0569267049146335
-0.46370259896898,0.0482805452460674
-0.337779073917172,0.0719527927521082
-0.135530380375446,0.0879518820840176
0.0318626963325667,0.0551161842570162
0.0814241522475497,-0.0544018280887788
0.00730366412794172,-0.191397878809621
-0.102300565013704,-0.305571503652731
-0.152046767108223,-0.316754856109223
-0.0901934749110609,-0.212077222685696
0.0524558250999093,-0.0363089408489129
0.165841211499301,0.139336167870216
0.163439497668392,0.214639037275055
0.0368754987238273,0.162023101293988
-0.145716106161834,0.00805496818239183
-0.246538674745362,-0.167922683322478
-0.193072917135986,-0.282108630876132
0.0105552105534276,-0.288550155726576
0.274090608892835,-0.196250556822779
0.477460088725374,-0.0359640804139832
0.538845381112314,0.134791395657303
0.452026608029653,0.277071193186493
0.31441472883714,0.367905145364547
0.182579285549354,0.398954947709601
0.113102102400581,0.364123976296974
0.114112051781228,0.276627818551941
0.116439869839712,0.149558834794344
0.0820030294587712,0.0122179337612809
0.0144225803892296,-0.0916345032096067
-0.0269853762725583,-0.136170837397022
-0.00506206708310321,-0.133658286655947
0.0931740592047196,-0.077864697491142
0.224184306039866,-0.0243127028404986
0.291777059261652,-0.00220464726061797
0.271146979233861,0.000652772667312148
0.17380995613737,-0.012045503543816
0.0748348426007274,0.0036579900450063
0.0411985768709922,0.0473937588603651
0.101093546742977,0.102325196937846
0.198837016833224,0.1257880562175
0.253374337375964,0.122351761081801
0.194809528524233,0.0852915263011469
0.00666320794992486,0.0502388608227716
-0.224479902626513,0.0367646483167169
-0.37428507015922,0.0468887841700414
-0.356253772852417,0.0509655329530799
-0.189821368179823,0.0108631222585856
0.0167873429596903,-0.0842323063237435
0.144041067835469,-0.217878277017619
0.098975113536643,-0.333197347069574
-0.0859073446501086,-0.378632786978999
-0.285581880646516,-0.317727850855185
-0.406517258850858,-0.181827978120668
-0.35622912743133,-0.0378731321424038
-0.168058165653731,0.0696865612524508
0.0581829802851711,0.106229512129183
0.207298426948019,0.107953821052304
0.220279977351584,0.116279755584318
0.125652573886248,0.136762030570314
0.0107769071498532,0.161148634244593
-0.0101364509718364,0.152699533343397
0.0953663949319517,0.0763744053443126
0.287761907160149,-0.0360502955227156
0.459046962852012,-0.127487739964952
0.508743901098247,-0.136811294418598
0.411616269602378,-0.0221203721746208
0.18908238346168,0.186298854561156
-0.0731967521605749,0.393708145413229
-0.283635891154591,0.496907782406581
-0.374925527180795,0.452543891933575
-0.336325722908083,0.297183989310362
-0.208985787984927,0.112350794971894
-0.0384027387568693,0.00440929452123594
0.114407648367874,0.0205069153457282
0.210081955848543,0.103864752932958
0.230108519992499,0.175780591050382
0.188380339881277,0.148302566172279
0.0986918396605401,-0.00315301514379283
-0.0186594451147802,-0.218567997887479
-0.113077470476439,-0.402194187452165
-0.162540398694855,-0.47337105434839
-0.15731821482568,-0.408500202977468
-0.102534575041523,-0.245750426178935
-0.0199649910820738,-0.0772611883557788
0.0238446777235056,0.0120947690792177
0.0113927305601692,-0.0077716900884937
-0.0754876155843742,-0.108274049563092
-0.21269304778313,-0.228027048169322
-0.341597170625541,-0.303169803318766
-0.413451422184137,-0.298600385684766
-0.380110756415285,-0.233581769762883
-0.237202811078117,-0.132599059930071
-0.0309759099468644,-0.0460266297084809
0.156628493955821,-0.000418759818842257
0.242154030284787,-0.00970537458461515
0.198061077480396,-0.0629125054260926
0.0384396900173182,-0.123115391221031
-0.172787697543124,-0.158180359164532
-0.337803692344369,-0.119469717981655
-0.383300732309566,-0.0201497372616095
-0.28386990118241,0.114543130699126
-0.0901934749110609,0.234185272149774
0.119752991857757,0.263387612699469
0.277994951078061,0.175743649912641
0.329502396484969,-0.0215784479109663
0.285988327640272,-0.248275299630554
0.200635214780298,-0.411098985698456
0.13028356458213,-0.457027064090717
0.111919722802468,-0.376058649679097
0.146824583239048,-0.23528144001339
0.196977232327324,-0.123595733987213
0.214084798736448,-0.108274049563092
0.174130184648158,-0.177591111707999
0.0853161582252887,-0.282342640903951
-0.014053087186599,-0.326718867584445
-0.102854803552311,-0.242856060368245
-0.164646515939118,-0.0572838813116341
-0.199206509192296,0.164905157891079
-0.222262934975139,0.315991225969993
-0.228963088280599,0.350465014237147
-0.218260078590289,0.262611673346641
-0.187850733266812,0.100354562024834
-0.150925967320465,-0.0502019129365589
-0.12152655788069,-0.130098818402594
-0.129532270650388,-0.113841087118724
-0.183650821488828,-0.0251255900795393
-0.258042255712641,0.0968320484061668
-0.320979399811348,0.206904302664805
-0.318885618774573,0.28745398786296
-0.228692123618095,0.349171790980397
-0.0662995299650355,0.36682128671453
0.122906013117353,0.363988493965722
0.25782058189231,0.327778080813376
0.296087821446746,0.260850430034252
0.229406489909041,0.202839873218074
0.0867818184479762,0.134877614140272
-0.0980513826389642,0.0454231239473539
-0.25889210433484,-0.0751058072632317
-0.365121616464023,-0.238964054390506
-0.397218322824409,-0.401861622733889
-0.370602455782103,-0.507241313234764
-0.302861884021577,-0.49363164201711
-0.191607256913299,-0.330734046679837
-0.0734061370127248,-0.0601166673119697
0.0429721462681607,0.219910484992513
0.122413347640628,0.387094183596848
0.147144811749836,0.382463192900966
0.135222474575201,0.217250129209642
0.0990243841333989,-0.0046186747338111
0.0702284838289872,-0.155704749561197
0.0655359133227507,-0.155483062243921
0.0822124075624487,-0.0227115619736769
0.106919232999042,0.140925001210558
0.12152655788069,0.20857934099117
0.125541736976082,0.130554529244634
0.137057627156961,-0.0530346989368945
0.159325790876432,-0.224726221867931
0.192198436589646,-0.275938097682082
0.213432032501273,-0.169917950159631
0.173933129255024,0.0330820271911278
0.075031904742334,0.211079582518647
-0.0539214853225968,0.249100502831665
-0.173194131039936,0.122955276965637
-0.232017581843628,-0.0893190078616657
-0.217471830023863,-0.27549469605364
-0.153155244185437,-0.308662951850445
-0.090501387459778,-0.187124057762267
-0.0803156684218628,0.0192875844871671
-0.122043855281557,0.194156762289059
-0.162540398694855,0.24456806682624
-0.130024922630169,0.179093726565371
-0.00314069875994242,0.0458665188273231
0.18737039050063,-0.055744321942285
0.354627984877391,-0.0980883305251768
0.39241489516259,-0.0870527763620083
0.287170713986857,-0.0616562233070826
0.0853654220735723,-0.0662133182305393
-0.0895283859653432,-0.10273163718313
-0.137673452254395,-0.143302069620381
-0.0451028954365659,-0.148869113924485
0.148167083841027,-0.086806450372118
0.312924423193366,0.0268129443679753
0.344035825594191,0.133411953917584
0.231056896311264,0.207680242017633
0.0345723193379572,0.230921413980012
-0.12460568336786,0.223913341377362
-0.163772035392778,0.218420192845683
-0.0978420045352866,0.216486512567357
-0.00423686430377108,0.227164890333525
0.00498816835822119,0.207655610093492
-0.104418991471566,0.163772035392778
-0.286776576206699,0.109936771927386
-0.435645690131184,0.074600832572908
-0.456497497967085,0.0675188641978328
-0.329502396484969,0.085390053997714
-0.131576801335825,0.0887770852851293
0.0299905924903588,0.0400408291970217
0.0742806040621201,-0.0552886144744811
0.000209379909421128,-0.185301227891051
-0.113754868635755,-0.277748604842754
-0.163784358103322,-0.305312848203825
-0.0963147577537722,-0.230724358586878
0.0483790763168707,-0.0691446386759144
0.174992342483955,0.122622725744306
0.187727560149158,0.266688425503916
0.101352195443411,0.319390593464897
-0.00827666477881741,0.263264439581816
-0.0720020566003918,0.116636925232847
-0.0620503543387683,-0.0474676580070267
-0.00710660029921697,-0.158537542310005
0.0153216827370028,-0.156985663604349
0.000726671444916606,-0.0581090845127458
-0.011281882683736,0.0928784626180734
0.0148413399708209,0.223112770100392
0.100761002270118,0.261724897083648
0.194452358875705,0.179204576972482
0.228236412776055,0.0242757532671678
0.153881919689982,-0.151862020928687
-0.00179820385198735,-0.288525510305489
-0.162700512950249,-0.335106381926814
-0.259680352901266,-0.299376325037594
-0.259815835232518,-0.219688797675237
-0.167491617901525,-0.141565458232134
-0.0377869170336714,-0.0804757826772568
0.0765098809270925,-0.0360502955227156
0.130492956182752,0.000566557400412393
0.113114418362652,0.0628632415778091
0.0391663587733903,0.143548402358743
-0.0638978228825983,0.225477529296617
-0.157872453364288,0.276615509338343
-0.211547616071231,0.279768503604049
-0.213000953583375,0.248201417355073
-0.169437620890394,0.209712449992527
-0.114863359209914,0.224898658833868
-0.0862522050850384,0.302246072421087
-0.0886292869918062,0.399016520771483
-0.142218224467308,0.459539655322626
-0.205524860925086,0.433071552831282
-0.243459562755136,0.30161792461311
-0.237535348802504,0.113533181318479
-0.169905640946033,-0.0514705076434036
-0.0744776662037267,-0.139853465271083
0.0174893814787388,-0.132980874999686
0.0623582668874854,-0.0641934194692444
0.050805418697686,-0.00985317203437918
0.00958220990255194,-0.0111340843904129
-0.0345723193379572,-0.0738741570683635
-0.0446102367083131,-0.164129218538251
-0.0293624548050899,-0.219701106888835
0.000837519637684514,-0.208936524136643
0.0137328586758111,-0.150864380761638
-0.0147551248620884,-0.0950954302694473
-0.0686889278338742,-0.104209613367888
-0.119482027195253,-0.181409221913312
-0.123731216318465,-0.298600385684766
-0.0685041816543385,-0.381662635120941
0.0263695528622423,-0.384926493290702
0.120368816955192,-0.314082191112754
0.165176122553584,-0.1923216097073
0.140666345761652,-0.0750072728181922
0.0749333770457669,0.00044339277107163
0.0308773788760611,0.0343998891204923
0.0504112944144727,0.0468887841700414
0.147563567957191,0.0598826572841504
0.290976501481627,0.0895899725241701
0.40528560865599,0.134816027581445
0.414449062351186,0.175472685250137
0.307074118510104,0.187690619011418
0.111045249004601,0.178404005695512
-0.102078864199483,0.160397326815906
-0.231364815608454,0.143757780462421
-0.223827122894393,0.118139540090219
-0.1035322084601,0.0730612698293227
0.0614222132792633,0.00665089114429492
0.187838410556269,-0.0714355020997136
0.199502105778942,-0.1065374246779
0.0981622262976022,-0.0759556423884852
-0.061927187969587,0.0280445911886074
-0.191718093823464,0.145408186864644
-0.229899155385766,0.202100875002986
-0.162121628990555,0.167787214488171
-0.032909596973663,0.0502142288986298
0.0786529460575686,-0.0926321366281832
0.116846303336524,-0.147329557929372
0.073664778964686,-0.0472829118274909
-0.0224652326095505,0.178847393827009
-0.100711738421835,0.442050260346943
-0.107953821052304,0.607792957646622
-0.0204083825878068,0.598912777827528
0.140284544188982,0.414646117744321
0.32012957818304,0.12003626573386
0.436631021084634,-0.146541309362945
0.454391380722822,-0.293045664091206
0.390074767890507,-0.326805086067413
0.267772284153934,-0.299856654306832
0.120479667362302,-0.286431729268714
-0.00982853926667835,-0.329243741036063
-0.107695172351871,-0.408623376095121
-0.173933129255024,-0.480317499901379
-0.206189949870804,-0.476499430186899
-0.207249163099735,-0.399940251669162
-0.164166173172936,-0.293994040409971
-0.0877178653077259,-0.232658038865204
-0.00742682881000492,-0.267969339547068
0.0604738437089703,-0.370368418760394
0.0906984496013846,-0.471092500138189
0.0869788805895829,-0.482300471021878
0.0738495251442217,-0.358322935461995
0.0833824711984901,-0.124630315292002
0.129532270650388,0.135665862706698
0.187161012396952,0.310116275865645
0.221807224133099,0.346462171349243
0.181864932755353,0.247881188844285
0.0627893390569113,0.0792687711550027
-0.0993938764924704,-0.0671740037629031
-0.258559566610453,-0.104221929329959
-0.341695698322108,-0.0158759246498462
-0.331152802887193,0.152453214101979
-0.249494640611823,0.340722703576146
-0.160126362153402,0.442493661975384
-0.112202996678571,0.407280888990087
-0.126810328308691,0.230798240862358
-0.17217187244569,-0.0444501224529191
-0.168957278124212,-0.331115848252508
-0.0909940461880308,-0.508460627222144
0.0652280007740336,-0.502339384870267
0.241747583291031,-0.305411402894282
0.341510952142573,0.0261848049955884
0.315843434425143,0.38182273587939
0.171802380086619,0.613791053874735
-0.0229825249490632,0.656578474208777
-0.194329185758051,0.516971314682166
-0.256391849310418,0.287749570952661
-0.19243246011441,0.0843185248067122
-0.0390431957784452,-0.0147181769758757
0.125381622720688,-0.000110848192767907
0.233323114313977,0.0811039237367618
0.237818622678607,0.145642196892464
0.158402059978753,0.137069949867504
0.038612120234783,0.0594392624041811
-0.0781602873293158,-0.0329342288978048
-0.156283633520891,-0.0658438258714677
-0.179647965103979,-0.0207162951365239
-0.141836409397693,0.065819193947326
-0.0633189456713768,0.125652573886248
0.0549930178878349,0.103618420194596
0.169745526690639,-0.0113557809868385
0.243496517389821,-0.161764459342027
0.249531595246509,-0.261416977786458
0.178440946833252,-0.26521045606763
0.0584169970614628,-0.178711911495757
-0.0340427093492555,-0.0585278407201009
-0.0640948850242049,0.0347940134037056
-0.0116267431186657,0.0540815995779908
0.0931494272805778,0.0254581345523982
0.185830834505517,0.000295595163140273
0.196804795361386,0.0218863587725653
0.0979651641559956,0.107153249775334
-0.0685411295405512,0.195622422511746
-0.218038391273013,0.234185272149774
-0.259815835232518,0.167947328743565
-0.172147240521549,0.0178096083024086
0.00482805452460674,-0.157182732494428
0.175140134028806,-0.260283855288157
0.248312254265239,-0.245848953875502
0.191668829975181,-0.128165138124268
0.0271454905279523,0.0439944149851152
-0.145900852341369,0.19476026467595
-0.236426871725289,0.265850913089206
-0.215599722807419,0.259236951272825
-0.0934080759810113,0.186853093099763
0.0484776073876741,0.0890110953129486
0.109690439189024,-0.0197186617179473
0.0767562136654551,-0.129544579863987
-0.0383904227947984,-0.238212760458765
-0.175361834843027,-0.34046404812724
-0.245553370785801,-0.418981525350501
-0.238680780514403,-0.456411279484117
-0.150113086829896,-0.438700183694212
-0.0143117333563554,-0.372646972970595
0.110675756645529,-0.277391421697281
0.18991989587639,-0.168526199206314
0.207914252045453,-0.0699082553181992
0.161838355114452,0.0343506218979726
0.0772858202799206,0.152219190577215
-0.0157281263565232,0.270863705357758
-0.0956619847701255,0.351450345190598
-0.134655913326051,0.354615675663792
-0.122462611488912,0.263744795844942
-0.0642180513933862,0.0852915263011469
0.0204453321611376,-0.131182677052612
0.0856733346222893,-0.28539713446698
0.102017284389128,-0.329157549546984
0.0565941570675385,-0.244309411377334
-0.0453492248006923,-0.0398191317570371
-0.132512854944047,0.182936455197882
-0.176704335445005,0.337015443777943
-0.160089421015662,0.371637023589947
-0.0833085686775924,0.281529773910327
-0.00800570264699017,0.111611810253751
0.0323923029470322,-0.0603630000503323
0.0245097666692233,-0.162294065956492
-0.0164178489135007,-0.153524736544509
-0.0528745846815006,-0.0503743431540238
-0.0358778653052508,0.100748686308048
0.0405704358114872,0.219072972577803
0.140530876927344,0.249888778391982
0.221647109877705,0.177381733604321
0.21456514150263,0.0201004717262079
0.125320036161862,-0.156049609996127
-0.0175140134028806,-0.282293377055668
-0.166974320500658,-0.324267903402196
-0.257512662595121,-0.282650560201141
-0.264939491405126,-0.205475597076803
-0.178108409108866,-0.137267005260638
-0.0525789914690906,-0.084022928220066
0.0623582668874854,-0.0467286699146474
0.141836409397693,0.00572715645060042
0.131342791308006,0.0723222851111797
0.0481204309906734,0.150063809484668
-0.071189169361351,0.218494102115054
-0.175238675222318,0.26171256087616
-0.220723378980026,0.276837183158674
-0.185670720250123,0.276233680771783
-0.123472560869559,0.267082563284074
-0.09328490961183,0.250713981593093
-0.122339451868203,0.24152588247681
-0.213579824046124,0.254458169032092
-0.297011552344425,0.293353583388395
-0.308133331739035,0.331891787605336
-0.201177144105307,0.325598081293632
-0.00618286560552246,0.238853217480341
0.195757904842999,0.0632204179748097
0.328135263958849,-0.113139050286793
0.3317070414258,-0.192875848245907
0.204958299675936,-0.128485366635056
0.0298304782349648,0.0497954693170385
-0.128460734710914,0.228913824432316
-0.216006169801175,0.293833912657632
-0.211966372278586,0.202519644707286
-0.159190322042125,0.00688490412457092
-0.100108229286472,-0.178145350246606
-0.0615084250137595,-0.259951317563771
-0.0389569806697128,-0.199305036888863
0.0140900367599298,-0.0358655459689437
0.126908856005258,0.129014973249521
0.296087821446746,0.22492329075801
0.456546734821479,0.201177144105307
0.547232868460793,0.102300565013704
0.505012049866736,-0.0379470312890654
0.309315718085619,-0.149423352463092
0.0284017692727261,-0.192272345859016
-0.250048879150431,-0.159707605946047
-0.394939768614208,-0.073073592539866
-0.40459588778613,0.0205561808811299
-0.29453594274109,0.0960068452050552
-0.120073220368545,0.128596217042166
0.0370232936429142,0.123792789380347
0.151677274749151,0.117917839275998
0.19235855084504,0.133953883242593
0.178736543419899,0.178859716537552
0.123337078538307,0.242129384863701
0.0246698809246173,0.269262562803818
-0.0837765954817034,0.228137885079488
-0.1775788024944,0.111685706026177
-0.226733824912572,-0.0482189620614768
-0.204822817344684,-0.178847393827009
-0.132118730660834,-0.218272401300833
-0.0300152277887367,-0.138695710848641
0.0517907361541916,0.0334392035881285
0.0781849192534576,0.186890047734448
0.0593407279591416,0.235330703861673
0.0172800016879431,0.131207308976754
-0.0257537294519263,-0.0841214559166331
-0.0600550875016152,-0.290089698224744
-0.111168415373782,-0.387106519804336
-0.203036928611208,-0.318355998663163
-0.336695215267155,-0.116673879867532
-0.46789021503031,0.0892697440133821
-0.528561087138525,0.172085653962722
-0.46202757413956,0.0701545880565618
-0.263116648036965,-0.179931238980082
0.00219233087676756,-0.439155894536253
0.211522970650144,-0.564709954222878
0.289498532045341,-0.476265393165191
0.211030318670364,-0.231931363360659
0.0252857026478152,0.0690214723067331
-0.175189397877089,0.277379112483683
-0.295595182963911,0.302135208517032
-0.279017209672307,0.176174715333595
-0.159769192504874,-0.0299290093057681
-0.0119100220561229,-0.183305961053898
0.102029600351199,-0.21272998892087
0.154522376711558,-0.12955690257453
0.150852071548039,0.00896638649223592
0.11623047823909,0.115122001161876
0.0935435515637911,0.150728898430386
0.0897624027416349,0.119592877602364
0.0860428269813608,0.0695880268074112
0.099603254596148,0.0366414853217718
0.127426153406125,-0.00671247348532653
0.18291182327374,-0.0732706546814727
0.241784537925716,-0.179364691227876
0.269385735921472,-0.309672901231092
0.232731921140685,-0.413032665976782
0.12727834836433,-0.429130283005259
-0.0068725877407205,-0.320338942789772
-0.123854375939174,-0.118656823994141
-0.155667808423457,0.098704155622611
-0.0925089702590019,0.23786788652689
0.0191028383076313,0.245356315392667
0.0969921626615608,0.141922627880662
0.0736155151164024,0.00524681410619802
-0.0644274294970638,-0.0839120778129556
-0.252623016450333,-0.072408496845676
-0.378792887737448,0.0165040640222332
-0.356364609762582,0.110663440683458
-0.203788236039894,0.162343329804776
-0.00644151135349929,0.13725469604704
0.125467827706712,0.055904436197679
0.132328108764511,-0.046482340550521
0.0394250040995876,-0.138954366297546
-0.0663241686376497,-0.208406917522178
-0.0946643513515489,-0.271491853165735
0.00165040640222332,-0.338247093972811
0.175792913760925,-0.406012284160534
0.323319527083431,-0.440510690854885
0.355514761140384,-0.419252490013006
0.251637712490772,-0.323356481718116
0.0703639661602393,-0.198208882522192
-0.0889987793508777,-0.103950964667455
-0.126305353618367,-0.0926198206661123
-0.0325770525008041,-0.184414438131113
0.120528931210586,-0.298588076471168
0.229788291481711,-0.343333795510733
0.234246845211656,-0.267181090980641
0.141232907010802,-0.0384889538656017
0.00532071325285956,0.259557179783613
-0.0923119081173952,0.499974612177097
-0.121354134411697,0.590155744132198
-0.104148033557534,0.495429812970295
-0.0887770852851293,0.270100075218528
-0.108113935307698,0.0175263310520696
-0.170841694554255,-0.151172300058827
-0.25851030276217,-0.190277079021863
-0.316791810743908,-0.124125340601678
-0.317050439198924,-0.0398683989795569
-0.270432639936804,-0.00655235965171207
-0.207717183155374,-0.0433909092239881
-0.177430997452605,-0.126416204025478
-0.197580734714214,-0.181852610044809
-0.22629042328413,-0.16501600829819
-0.262192917139286,-0.0719897406383209
-0.26147855084834,0.044782666925778
-0.219380878378047,0.122167014902266
-0.158857770820793,0.126366940177194
-0.0807097994535485,0.0501280137898974
0.00357177493627387,-0.0415803885663708
0.0859073446501086,-0.0693663327416628
0.141393021266196,-0.00833824711984901
0.162848304495099,0.140592449989226
0.12689654679166,0.306372088426646
0.0531948131922885,0.41808241288002
-0.0149275567666714,0.445782138572343
-0.0386613840830666,0.371267531230876
0.0210488396093827,0.25865809430702
0.147686741074845,0.149189342435273
0.295102517487185,0.0766946271066282
0.371809460555885,0.0727903119152907
0.342188363798834,0.097447873503601
0.192851216321765,0.122696635013676
-0.037220359158757,0.129138146367175
-0.238138851189395,0.118693778628827
-0.339318616415341,0.097287759248207
-0.318553054056297,0.0594023145179685
-0.212409760410082,-0.00147797586842381
-0.0735416125955047,-0.110478694503923
0.0566557402521291,-0.255283372233204
0.15811878610265,-0.393572663081977
0.24540557924095,-0.480058898440252
0.308453560249823,-0.476893540973168
0.310781378308307,-0.379187025517606
0.23047801235157,-0.21718855614776
0.0432800588168777,-0.0463345422571979
-0.197100391948032,0.0579982341056354
-0.414707717800092,0.0403241064473608
-0.50391588200312,-0.0590328154104246
-0.434919014626639,-0.171580679272398
-0.237732404195638,-0.233261541252095
-0.00888017138350349,-0.198763121060799
0.125738792369217,-0.092065582127505
0.114875668423513,0.0288697960768371
-0.000615823252148699,0.105293465269433
-0.105749169363001,0.105687589552647
-0.080291036497721,0.0614961090516886
0.112375433644509,0.0145334291092219
0.392513422859157,0.0147181769758757
0.606709098996604,0.0867079159270785
0.655075832357515,0.195068183973139
0.517106824007308,0.295508964480942
0.255184844536636,0.34465166418857
0.000283278700206197,0.32477287809252
-0.148844482000343,0.279337438183095
-0.139668719091548,0.234419282177593
-0.016996722750486,0.20146041798141
0.102460672520625,0.184525288538223
0.144139595532036,0.152465523315578
0.104357411661211,0.0961915981330633
0.0388953974851221,0.0393264730287843
0.0373312061916312,0.0152477835903412
0.124716533774971,0.0643658496867093
0.26726730946361,0.167577822887549
0.376341923555199,0.270124720639615
0.38966832089675,0.314463992685424
0.297159370883165,0.233076795072559
0.118829260960079,0.0486007737568554
-0.0839613416612392,-0.157810866805461
-0.246427837835196,-0.276135153075216
-0.34046404812724,-0.230354839233917
-0.368865830896911,-0.0290545422563729
-0.339084606387521,0.220156817730875
-0.260148372956905,0.403672156888451
-0.134434226008775,0.423316905962792
0.0246698809246173,0.273265405691723
0.184562229675964,0.035668483827337
0.292158887828212,-0.166518609658618
0.306692316937434,-0.222706323106636
0.214023225674565,-0.118841570173677
0.0470612143875063,0.079552051779578
-0.115134323872419,0.247413168788647
-0.212459024258366,0.28996655210098
-0.222829496224289,0.182061988148487
-0.168082797577872,-0.00338702791317906
-0.0989874294987139,-0.174746009745592
-0.0548452195945118,-0.243385680479655
-0.036752332354646,-0.184389806206971
0.00156419108260112,-0.0490072173763757
0.117006417591918,0.112683339444753
0.291432212323667,0.2047735534964
0.476634885524262,0.196041178719102
0.576361326735009,0.106155616356758
0.514212431202728,-0.0380578783219396
0.286136119185123,-0.173637532668378
-0.0231180055931973,-0.227706819658534
-0.26726730946361,-0.167540881749808
-0.369198368621297,-0.0333406725173251
-0.333739276394583,0.0955141864768024
-0.254864616025849,0.12609597551469
-0.217853645093478,0.0272932871341573
-0.202876814355814,-0.160372694891764
-0.146110230445047,-0.338850596359702
0.00560399176853721,-0.408697258370602
0.225674598186696,-0.361623748266442
0.389717611738923,-0.238126541975796
0.377585882963666,-0.120430403514018
0.180239158277271,-0.0636268582200939
-0.0935805061984762,-0.0444747577512971
-0.281677565455178,-0.0406812862185976
-0.295361145942202,0.00465562388536235
-0.154337630532022,0.0961915981330633
0.0292392884359086,0.19430455383391
0.140912678500014,0.265530684578418
0.125898906624611,0.302640183207356
0.0297812143866812,0.280421296833113
-0.0649324041873875,0.235306058440587
-0.0906122378668884,0.171285082685752
-0.0423686405070336,0.108212463004265
0.0309759099468644,0.0503373952678111
0.0528869040178076,-0.00166272278607373
-0.0112326163047753,-0.0350896099903518
-0.12498748494053,-0.0616931779417677
-0.221757960284815,-0.0675927599702582
-0.223580790156031,-0.0520247495562471
-0.12533234537546,-0.0229086258024017
0.026714413297172,-0.00160114055048701
0.156332897369175,0.0127721748305653
0.179684919738664,-0.014508795497962
0.0975094533139554,-0.0620996181870519
-0.0549437506653151,-0.120849159721374
-0.22241072651999,-0.165520982988513
-0.339466407960191,-0.15999087982215
-0.387870122949676,-0.0982853926667835
-0.370035881036008,0.0228716762290709
-0.310214803562212,0.181803346196526
-0.219935116916655,0.32378754713907
-0.105108719089898,0.427947896658674
0.0276627811803469,0.472090140305238
0.170743153360743,0.438860284452662
0.282872261015361,0.349011690221948
0.323799883346558,0.225785448593806
0.279485229727946,0.110355528134741
0.15191128477697,0.0223051183541565
-0.00720513221357934,-0.0245467162425541
-0.139336167870216,-0.0184131157506538
-0.210377538938244,0.00820276563215587
-0.221881119905524,0.0572346174633505
-0.189254806930673,0.098383927111823
-0.149952972574502,0.119629832237049
-0.112486277303147,0.131970925619038
-0.0981622262976022,0.125122967271783
-0.0823725218178427,0.105157982938181
-0.0501649650503462,0.072913478284472
-0.0062690807142549,0.0468395169475216
0.0427135009419634,0.0303477722615956
0.0788130603129626,0.0450043643657626
0.08107929181262,0.0845894827207442
0.0481573788768861,0.133128680041481
-0.0246082977400266,0.1481054972822
-0.102300565013704,0.114346061809047
-0.15846364653758,0.0306679973981473
-0.172381250549368,-0.0804757826772568
-0.126761064460407,-0.160397326815906
-0.0514828269797107,-0.160434281450591
0.0371095087516466,-0.0621981526320914
0.102928699324736,0.0964748720091662
0.113139050286793,0.227903875051668
0.0902920093561004,0.239456719867231
0.0465439237351117,0.09454119173084
0.0116390599242956,-0.172097976673265
0.0138560233578743,-0.455007165329422
0.0387352832297282,-0.60895067157823
0.0459896818222682,-0.58914579475155
0.0063306630552865,-0.397452332852228
-0.0886046550676644,-0.108569639401266
-0.207064416920199,0.135567335010131
-0.273425533444062,0.236919537202014
-0.243385680479655,0.165237695615466
-0.109247051057527,-0.0216030798351081
0.0626538567256592,-0.197186610431001
0.184636138945334,-0.27374576195485
0.18782610134267,-0.225108036937545
0.077815426894386,-0.105059448493142
-0.0764606170788089,0.00214306491958637
-0.17921688618608,0.0457926196806616
-0.162294065956492,0.0011700641632658
-0.0516306218987976,-0.0609295545510105
0.0809930733296514,-0.0716079323171784
0.124938221092247,-0.00782095562389536
0.0193614836338286,0.110109202144851
-0.187358067790087,0.208702500611879
-0.388485961544055,0.231980627208943
-0.460032293805462,0.161776768555625
-0.349023999435546,0.0422577934741594
-0.12990176300946,-0.0570745032079566
0.0894791221170596,-0.0552516632140322
0.180423904456807,0.0527267897624137
0.115331379265553,0.198393628701728
-0.0441175779800603,0.291592313082117
-0.191237764554227,0.280692234501728
-0.223309838990471,0.165681097243907
-0.117425187296218,0.0207532447098546
0.0598210707253235,-0.0791702367099632
0.205032195448361,-0.0916468191716776
0.240540578517249,-0.0197432936420891
0.130776230058855,0.0721498548937148
-0.0434771243327206,0.114764818016403
-0.206633338002301,0.0698959393561283
-0.308884625670776,-0.0336239497676642
-0.339478744167679,-0.135875240810376
-0.342681029275559,-0.164979053663505
-0.333394402462708,-0.115035782678907
-0.303724041857374,-0.0316902661151018
-0.231832835664092,0.0142501501717647
-0.105022500606929,-0.0309266460985808
0.0417158675233868,-0.145001753367832
0.150039177560526,-0.254766088329281
0.193454718708656,-0.287848125643118
0.160889992292631,-0.186631405782487
0.0976695675693494,0.0286234667127107
0.0792564551929318,0.256995378691199
0.150186982602322,0.39720601361081
0.283697464216473,0.380172329477167
0.393818982323395,0.225711539324436
0.370134408732575,0.0333776204035378
0.176679690023919,-0.0794165694483258
-0.130591483879319,-0.0366661172459136
-0.399964897090248,0.150236246450605
-0.49379171578167,0.368681084717375
-0.381428625093122,0.510049487556374
-0.119063270987898,0.513103954125514
0.136983731384535,0.342964303151662
0.278413707285417,0.0729996900189683
0.265826267668119,-0.152305409060184
0.151221563907111,-0.232042200270825
0.0410754105018109,-0.152305409060184
0.010505945018026,0.0506206725181502
0.0668291433279734,0.249396112915256
0.125874274700469,0.352534176846726
0.114185947553653,0.324662041182354
0.000320228089008426,0.17899518537186
-0.145691474237692,-0.010345830762632
-0.203849822598721,-0.173157189902196
-0.111747292585004,-0.258079210347327
0.130653070438146,-0.281948530117683
0.3978218252113,-0.282367286325038
0.551112538231044,-0.301654879247795
0.531024387528261,-0.35234943066719
0.379728954842615,-0.412429163589892
0.207495495838098,-0.43361348215629
0.125369300010145,-0.377696719873832
0.16181372319031,-0.255061671418983
0.275507005267238,-0.104000235264211
0.333628412490528,0.0147428089000175
0.243385680479655,0.0596732724320005
0.0215784479109663,0.0271578064900232
-0.233076795072559,-0.0585894272789277
-0.366932150618585,-0.135518071161848
-0.28212096708362,-0.159707605946047
-0.00716818264024857,-0.1269334879294
0.332421407716746,-0.060399947936545
0.563145766303623,0.00192136853405055
0.576595309768938,0.0173169495741558
0.386195098120256,-0.0186224955414494
0.0719281608279664,-0.0775691009044958
-0.241427354780243,-0.127906496172307
-0.443922367563387,-0.147317248715773
-0.503472480374678,-0.122635048454849
-0.435066833165379,-0.0802417726494374
-0.294572897375775,-0.0556457908714817
-0.129766280678208,-0.0570129166491297
0.0265050335063764,-0.0973616617691047
0.149447997884179,-0.140050534161162
0.222028924947319,-0.150568784174992
0.227226463395407,-0.100982703084339
0.189587358152004,0.0117868573740597
0.125664896596791,0.156049609996127
0.0848604473832485,0.300497111328408
0.106266466763868,0.392082357438203
0.18025146749087,0.399755505489626
0.253349691954877,0.32508079738971
0.273942817347984,0.185867775643257
0.195991914870818,0.0245959817779558
0.046038949044788,-0.111008301118388
-0.0841091399545622,-0.18782610134267
-0.115356011189695,-0.197556102790073
-0.0396220696154305,-0.163833621951605
0.0882844265568765,-0.116021100135413
0.175497317174279,-0.0921394778999304
0.149411043249494,-0.108409525145872
0.000504975059380791,-0.173637532668378
-0.172430514397651,-0.265062664522779
-0.259951317563771,-0.34252090152322
-0.19738367932108,-0.385603904946963
0.0107892239554832,-0.36971565252522
0.25851030276217,-0.304635463541454
0.404916116296918,-0.221770269498414
0.364284104049313,-0.151566424342041
0.154276043973195,-0.0956127209218419
-0.110601860873104,-0.058355410502636
-0.283968428878977,-0.0197186617179473
-0.286825840054982,0.0323923029470322
-0.142341384088017,0.103544524422171
0.0333406725173251,0.189821368179823
0.145334291092219,0.253078727292373
0.133104048117339,0.293402847236679
0.0366661172459136,0.286517947751682
-0.0612867309480111,0.239037963659876
-0.090969414263889,0.179229208896624
-0.0326632676095366,0.109247051057527
0.0471474294962387,0.0500541146432358
0.0623089962907294,-0.000209379909421128
-0.0248546271041531,-0.0330573918927499
-0.155372211836811,-0.0598087547632527
-0.234406972963994,-0.0609541864751523
-0.194920378931344,-0.0417158675233868
-0.0667306088829339,-0.0204453321611376
0.0533056635993989,0.00362104089345506
0.0915852393613231,-0.00113311480082479
0.0543895121267079,-0.0269361090500385
0.0459280986376776,-0.0687505076442287
0.156271310810348,-0.104246561254101
0.367141515225318,-0.114222902188338
0.567481146915915,-0.0958836855843463
0.607940722197583,-0.0576656896327765
0.414350534654619,-0.0134742133496138
0.0566434242900582,0.0238446777235056
-0.326324756798176,0.0272070720254248
-0.533770961794101,0.0105798441646875
-0.49942037363849,-0.0141762510251032
-0.278746245009803,-0.0481820141752641
0.00501280154770155,-0.0563231957792703
0.194255289985626,-0.0439081998763827
0.209355280343998,-0.0308650629139902
0.0913758545091732,-0.0416173364525835
-0.0489333182297142,-0.109099252764204
-0.108742076367203,-0.208591663701714
-0.0528869040178076,-0.321201100625569
0.0727287253564639,-0.395247687911397
0.169683940131812,-0.399386013130554
0.182259057038566,-0.34099366823865
0.121846786391478,-0.252672280298616
0.0275642501095435,-0.173292672233448
-0.0089294377624642,-0.147120179825694
0.021923308345896,-0.186545187299518
0.0987287875467528,-0.257032306331994
0.154731754815235,-0.327568716206643
0.138264645427687,-0.362584433798806
0.0411739449468504,-0.338394885517662
-0.0912896427746769,-0.257056951753081
-0.179229208896624,-0.134384948663547
-0.172381250549368,0.00315301514379283
-0.089121945720059,0.109234728346984
0.00980390649897752,0.154103620504202
0.0452014265073692,0.12083683701083
-0.0110848188550112,0.0222558528187549
-0.123472560869559,-0.115922572438845
-0.234234535998057,-0.230736667800476
-0.284571931265868,-0.27123319771683
-0.261626369387081,-0.221486995622311
-0.19243246011441,-0.0835795333400968
-0.129606166422814,0.0639470867308818
-0.122684312303133,0.142439925281529
-0.162577339832595,0.12068904546598
-0.198134973252822,0.0123287816377142
-0.186311177271699,-0.117055681440202
-0.0718049944587851,-0.178428637619654
0.113582445166763,-0.121822154467336
0.304758609665218,0.0287835809681047
0.421543353436805,0.204982931600078
0.412835610583648,0.314673384286046
0.289375358927687,0.294412796617326
0.090021044693596,0.138067576537608
-0.113816455194582,-0.0847988675728941
-0.2432748165756,-0.281049417647201
-0.278536853409181,-0.371144358113222
-0.229086261398253,-0.35379047246268
-0.143930217428358,-0.288907338872049
-0.0743668157966163,-0.242461949581977
-0.058823437306747,-0.260912003096135
-0.0855132203668953,-0.320141887396638
-0.113631709015046,-0.362362732984585
-0.110798923014711,-0.322555923938091
-0.0480588478060828,-0.185522915208328
0.0612620990238693,0.0181791023485983
0.163993736206999,0.211190432925758
0.196989541540922,0.304487645002714
0.137156154853528,0.276011979957562
0.0125504782341397,0.15560622186463
-0.105552107221394,0.0166888102017689
-0.159904674836126,-0.0558921202356081
-0.110281632362316,-0.0214429655797141
0.012205616955651,0.0856979665464311
0.126083652804146,0.218752744067015
0.165594878760939,0.315412369004189
0.0913019587367478,0.341437042873202
-0.0314562527130463,0.303625514160806
-0.132044821391464,0.225859344366232
-0.127413830695582,0.146590573211229
0.0153832659215934,0.07982300969361
0.21524255315889,0.0400531451590926
0.378719005461967,0.0260000588160527
0.411345304939874,0.0389816125938546
0.306310488370874,0.0830129788394186
0.14441056019454,0.145432818788786
0.025174855614941,0.224307465660575
0.0114419960955709,0.29202340549696
0.0825818999215202,0.310559677494086
0.15191128477697,0.274361573555339
0.120356494244648,0.182850250211858
-0.0515690420884432,0.0790101224545692
-0.295976984536581,-0.00695880284945293
-0.4953805761159,-0.0699452099528843
-0.531320024605742,-0.0976449356452076
-0.357288340660261,-0.115639298562742
-0.0328110625286235,-0.137796611875104
0.300620284446061,-0.147267971370545
0.487941384104518,-0.127857232324023
0.47337105434839,-0.0810669758505491
0.319021074111936,0.0126736429162029
0.131281204749179,0.130456001548067
0.0157281263565232,0.217952172790045
0.00953294436715028,0.243040806547781
0.0790224451651125,0.207224531175593
0.138695710848641,0.140383071885549
0.137624188406111,0.112806505813935
0.0632573658610224,0.156493011624569
-0.0465069724746628,0.284473403569301
-0.127857232324023,0.428317389017746
-0.152330040984325,0.511133292218613
-0.13534563419591,0.489456335169379
-0.129680062195239,0.346609962894093
-0.16215858362524,0.128214401972552
-0.245097659943761,-0.0561014983392856
-0.337027752991541,-0.125209185754751
-0.391121671905839,-0.0335500506210027
-0.39995258787665,0.159067148924471
-0.353987527855815,0.357115903694324
-0.297836755545537,0.470464352330212
-0.252893981112837,0.441569931077705
-0.201485063402497,0.300337010569958
-0.122659680378991,0.109899824041174
-0.00364567366115589,-0.0517291563438371
0.147218707522262,-0.121846786391478
0.278869418127457,-0.104492893992463
0.352989887688766,-0.0611143007305462
0.355169914202399,-0.054192446610865
0.295311882093918,-0.12129254785287
0.213949316405195,-0.243287152783088
0.146615205135371,-0.366094611209985
0.116439869839712,-0.413623859150075
0.0949106840899115,-0.364986134132771
0.0451767945832274,-0.241722937869944
-0.0514828269797107,-0.100280659503937
-0.172689156349613,-0.0121809841879501
-0.261921952476782,-0.00150260874156952
-0.267291927890807,-0.0613852653930506
-0.194908069717745,-0.140075166085304
-0.0887154987263025,-0.176174715333595
0.00332544557214746,-0.146639837059512
0.0116021103509649,-0.0630110398711321
-0.0496476710237155,0.0184377493619136
-0.125480150417256,0.053120914045627
-0.179475528138042,0.031333086343865
-0.165668774533364,-0.0210118900360519
-0.0969059509270646,-0.0376144868162065
0.00390431940913271,0.00391663579298313
0.0743052359862619,0.111845820281571
0.09928302608536,0.229751336847026
0.112831137738076,0.295274954453123
0.120578195058869,0.244309411377334
0.128904122842411,0.0650925184427814
0.116131950542523,-0.178305464502
0.0534165106322731,-0.403019390653277
-0.07197742467625,-0.510320452218879
-0.222694013893037,-0.473469582044957
-0.32804904547588,-0.295090181279697
-0.322469705455122,-0.0520863327408378
-0.193602523750452,0.16250344406017
-0.0029190023744066,0.300558711384179
0.149435675173635,0.321164145990884
0.181988092376062,0.26475474522559
0.0735169806713629,0.161074738472167
-0.114641658395694,0.0574439955670281
-0.273376269595778,-0.00662625837659409
-0.323627446380621,-0.0409645634689367
-0.226856971036336,-0.0692185344483397
-0.0366291693597009,-0.113533181318479
0.144324341711571,-0.180066721311334
0.239382810597861,-0.254495123666777
0.235293749226988,-0.303539295677838
0.160668291478411,-0.274706447487213
0.0810300279643364,-0.157416742522248
0.0436249192518074,0.0431322605235546
0.0492781786646439,0.282933834077243
0.0760541768335247,0.468703109017823
0.0873114250624417,0.55998040883654
0.066090151861358,0.524385834278573
0.0233889685685836,0.359566894870462
-0.0231426392044572,0.13028356458213
-0.0656344410193178,-0.0896761842586663
-0.0815350026546601,-0.221708696436532
-0.0698713074319865,-0.246107609324408
-0.02130748493558,-0.170866326478397
0.0691076840412293,-0.0468272009854508
0.193627155674593,0.0716695121275329
0.3045122904238,0.155372211836811
0.357202122177293,0.188269489474167
0.317900287821122,0.184759298566043
0.17586680953335,0.173871542696197
-0.016368581690981,0.149657375987856
-0.157379801384507,0.105047132531071
-0.143523770434602,0.0578011719640287
0.0438958839143118,-0.0129569218536601
0.331571559094548,-0.0744037704313014
0.567702820736246,-0.101647792030057
0.605637549560185,-0.0842815701720271
0.413020356763184,-0.0397575519466826
0.0470119471649865,0.0116267431186657
-0.324095466436259,0.049425976957967
-0.527095426915837,0.0327987465665526
-0.496045651564673,0.00205684981085394
-0.284768986659003,-0.0375898515178285
-0.00490195324948876,-0.0558182210889466
0.188959210344026,-0.0443639073441867
0.212742311631414,-0.0336116338055933
0.0994554563028249,-0.0508793178443475
-0.0510394320997415,-0.106303414650081
-0.121588144439517,-0.205044518158904
-0.0733691823780398,-0.314858130465582
0.054512675121653,-0.393671190778544
0.162380284439461,-0.407909009804175
0.18070717833291,-0.350846842803707
0.115282115417269,-0.253916239707083
0.0162454186960359,-0.16265123560502
-0.0284387171589388,-0.131318159383864
0.0106783752354908,-0.17796060406707
0.0967212047475288,-0.270137029853213
0.165225386401867,-0.364284104049313
0.136466433983668,-0.37763514681195
0.0120085539704853,-0.312998332462736
-0.137587233771426,-0.197999504418514
-0.19277732054934,-0.100145177172684
-0.116427547129169,-0.083074558649773
0.0681716371814796,-0.143117323440845
0.258571875824052,-0.217607312355115
0.333197347069574,-0.232694993499889
0.27381967122422,-0.150310142223031
0.138806561255751,0.0235737147481194
0.0127352252572345,0.209872564247921
-0.0597964388011818,0.323430390987486
-0.0881612601876952,0.313897444933218
-0.136934467536252,0.1881709617776
-0.225785448593806,0.0184131157506538
-0.306630716881662,-0.101943381868231
-0.325499553597065,-0.120368816955192
-0.237535348802504,-0.0123287816377142
-0.058035181991848,0.152982820716445
0.126305353618367,0.26894233429303
0.223753227121968,0.274300000493457
0.185880098353801,0.146664468983654
0.0363582046971965,-0.0637992884375587
-0.135013096471524,-0.252352051787829
-0.2183709289974,-0.333677676338811
-0.158414382689296,-0.260493246888779
0.00747609434540658,-0.0741697536550097
0.183182787936245,0.104763851906495
0.266713070925003,0.181864932755353
0.213973948329337,0.135037728395666
0.0716079323171784,0.00782095562389536
-0.077507514345669,-0.134372639449948
-0.142907945337167,-0.221363836001602
-0.101980336502916,-0.243631999721073
-0.00448319324611796,-0.237264384139999
0.0867571797753621,-0.238311288155332
0.119284971802119,-0.258190074251382
0.0855748001772498,-0.273622588837196
0.0306803167344544,-0.261983525538664
0.0200019406554045,-0.208333008252808
0.0740589032478993,-0.148782895441516
0.15096292195515,-0.108101619345627
0.184956367456122,-0.133350367358757
0.13519784265106,-0.20881335101899
0.0223051183541565,-0.275371522935986
-0.0776306807148503,-0.271011496902609
-0.0916345032096067,-0.158882402744935
0.020703979174453,0.0113188314135077
0.203036928611208,0.148499621565413
0.350120167299162,0.175386466767168
0.392291749038825,0.0710044231818152
0.311409499122395,-0.101007335008481
0.157589179488185,-0.226413582904839
0.0121563514202493,-0.233828089004301
-0.0614837930896178,-0.1179055300624
-0.0420976792187654,0.0381564093927429
0.0135604284583462,0.137944416916899
0.0379470312890654,0.108298681487234
0.00721744901920928,-0.0274780350008111
-0.032724847419891,-0.171519092713571
-0.0324046189091031,-0.21143676566412
0.0643165790899533,-0.0861906252746839
0.230995296255493,0.145285027243935
0.360761590430645,0.368767303200344
0.357620878384648,0.440190462344097
0.179980502828365,0.330302981258884
-0.137722716102678,0.0770025396553453
-0.453011938983103,-0.182283688962708
-0.604233489393269,-0.342385419191968
-0.546210609866547,-0.367769663033295
-0.303354549498302,-0.273561015775314
0.0281923894819305,-0.155667808423457
0.29613708529503,-0.0756354138776972
0.373299739205769,-0.0786529460575686
0.283020052560212,-0.119679096085332
0.106315730612152,-0.153266094592548
-0.0276997307536776,-0.135481116527163
-0.0331928742240021,-0.0657206595022864
0.0917699855408589,-0.00475415579972472
0.278413707285417,0.0197063440687584
0.418784469957367,-0.0185732300060477
0.438823356811866,-0.07508117533909
0.313022977883823,-0.109123884688345
0.0717926784967142,-0.0896392363724536
-0.205352423959149,-0.0134126310085822
-0.416850762685151,0.0801555541664688
-0.496587580889682,0.159510537055968
-0.423440079080446,0.222583163485927
-0.230391793868602,0.26597405921297
0.0201497372616095,0.302972720931743
0.235724841641831,0.324267903402196
0.357731742288703,0.320486734334623
0.378349513102896,0.291961805441188
0.32058528902508,0.220661792421199
0.240010958405839,0.150925967320465
0.178133041033008,0.10343367401506
0.136441802059526,0.121009273976768
0.0972508113619943,0.189057738040593
0.00740219604230409,0.263350658064784
-0.150741221140929,0.29004043437646
-0.353728899400798,0.225994826697484
-0.52181169697867,0.0855871161393207
-0.564377389504602,-0.0772735043178497
-0.437998153610754,-0.178354741847228
-0.177098459728218,-0.184845517049011
0.121218652080445,-0.101623153357443
0.314993612796834,0.019460014704632
0.315991225969993,0.107301048068657
0.137217741412354,0.110848186862994
-0.123189286993456,0.0365799021371811
-0.349023999435546,-0.0871513108070478
-0.43521462471023,-0.208296067115067
-0.369703343311621,-0.274410837403622
-0.221191399035665,-0.274669492852528
-0.0835795333400968,-0.219688797675237
-0.0306433654740056,-0.139742614863973
-0.0720636364107462,-0.0582815147302106
-0.145925484265511,0.00230317896409058
-0.165213063691324,0.0232288543131896
-0.103556840384241,0.0209010413160596
0.0196817121446166,-0.000468025696939783
0.137501015288457,-0.0225021821828813
0.167614777522234,-0.0119592875915245
0.0835425854538841,0.0474922899311684
-0.0851314120457529,0.155643176499315
-0.26307969340228,0.276701700827422
-0.376551288161932,0.350169431147446
-0.379359462483543,0.353987527855815
-0.277379112483683,0.260382382984724
-0.128202092758953,0.0916468191716776
0.000110848192767907,-0.0942332791821229
0.0462606431105364,-0.244444893708586
0.00738987923667415,-0.306519879971496
-0.0927183483626794,-0.273327005747494
-0.206054467539552,-0.181877241968951
-0.26406502435573,-0.0502142288986298
-0.247031340222087,0.0833824711984901
-0.168156706847242,0.210402184359331
-0.052825320833217,0.310214803562212
0.0372449910828988,0.382684893715187
0.0781849192534576,0.417873048273287
0.0495491399529121,0.40131972040277
-0.0247930456066805,0.342385419191968
-0.084133771878704,0.268979288927715
-0.0922380123449699,0.210747044794261
-0.00916345032096067,0.21718855614776
0.127623208799259,0.269213298955535
0.262599364133043,0.316077444452962
0.338037702372189,0.332815518503014
0.334355087995072,0.277711650208069
0.270297157605552,0.171186554989185
0.170878635691995,0.0479233654748306
0.0984208749980357,-0.0490318493005175
0.0481450629148152,-0.0894052195961619
0.0100256030954031,-0.0993938764924704
-0.0385135857897435,-0.104751535944425
-0.119038639063756,-0.156160460403238
-0.198492156398295,-0.251760858614536
-0.232066845691912,-0.356795675183536
-0.168390716875062,-0.42440076461281
-0.016220785084776,-0.40162761270607
0.170718521436601,-0.307086427723702
0.290742491453808,-0.191496406506188
0.274497055886591,-0.106919232999042
0.122819794634385,-0.094184008585367
-0.105601371069678,-0.14014906185773
-0.268055558030037,-0.197900963225002
-0.302627873993758,-0.230810550075957
-0.199391255371832,-0.194920378931344
-0.00963147628151265,-0.0894052195961619
0.155864863816591,0.0335500506210027
0.199144922633469,0.153426208847941
0.115799412818136,0.243755172838727
-0.0348925478487451,0.29073015524632
-0.160766819174978,0.311705109205986
-0.178687279571615,0.302098253882347
-0.0814118362854788,0.247499360277726
0.0776060487907085,0.150938290031008
0.215550458959135,0.0149645046528841
0.262759464891492,-0.132833083454835
0.211991004202727,-0.235601668524178
0.112079837057862,-0.255960783889465
0.00286973641722542,-0.183355224902182
-0.0558059051268757,-0.0453492248006923
-0.04106309453974,0.0940977968508708
0.0161715195493743,0.195610099801203
0.0921025300137177,0.228532022859646
0.145679151527149,0.202125520424073
0.146947742859757,0.135542703085989
0.0891096297579881,0.0707950450781377
-0.015124618908278,0.0192506349138363
-0.132020189467322,-0.0198664583241523
-0.238791644418458,-0.044782666925778
-0.275248376812222,-0.0807344313776903
-0.221179089822066,-0.12198226872273
-0.105305781231504,-0.172750742908439
0.07197742467625,-0.223543849018291
0.219380878378047,-0.258830531272958
0.299721198969469,-0.266897817104538
0.289363049714089,-0.221930383753808
0.209675508854786,-0.116538397536279
0.112683339444753,0.0398807149416278
0.0350033948816194,0.20606677675315
-0.0114419960955709,0.306679980729946
-0.0624814265081943,0.302886529442663
-0.137944416916899,0.195068183973139
-0.237929486582662,0.0350280268057611
-0.31891023720177,-0.0903535891664549
-0.328159909379935,-0.106155616356758
-0.227140244912439,-0.00697111923330335
-0.048354444392729,0.148130129206342
0.136121573548738,0.262291444835853
0.230465703137972,0.268400404968022
0.189488816958492,0.138917411662861
0.0293994026913026,-0.0598703413220795
-0.143080382303105,-0.240220350006461
-0.224874026909726,-0.321324273743223
-0.162281743245949,-0.261884997842097
0.00915113351533073,-0.100674790535622
0.190092332842327,0.0865354857096136
0.264360607445432,0.198405937915326
0.208160584783815,0.177344778969636
0.0651048344048523,0.0288451607784592
-0.0670877852799345,-0.176765908506887
-0.131810811363644,-0.304290589609579
-0.105872335732182,-0.276590863917256
-0.0320474425121025,-0.0902181068352027
0.0233027517727331,0.171383610382319
0.0429228824198771,0.350107858085564
0.0288944280009789,0.345575395086249
-0.0063922453963181,0.156739344362931
-0.0293131875825702,-0.120208702699798
-0.0140407703809691,-0.335660620465421
0.00835056392547895,-0.376686770493184
0.0391786781096974,-0.252487534119081
0.0827420141769142,-0.0292885556584284
0.132057144102007,0.188762154950892
0.207618655458807,0.309869956624227
0.301642543040307,0.318590008690982
0.38997624019394,0.233433978218032
0.427664622782571,0.118890834021961
0.387291265983872,0.0224529166474796
0.27054347684697,-0.0327987465665526
0.118238067786786,-0.0340796606097044
-0.0182037359598581,0.0055300930436552
-0.0933218574980427,0.0475785050399009
-0.0918561972753551,0.0783573562193948
-0.0415927045284417,0.084922027193603
0.0193984332071594,0.0505221414473469
0.056212348746396,-0.0231426392044572
0.033981129538901,-0.0917823015029298
-0.046642454805915,-0.131663019818794
-0.160655968767867,-0.104086446998707
-0.277613122511502,-0.00694648646560252
-0.352090802212173,0.110318580248529
-0.348900826317892,0.197605366638356
-0.279349747396694,0.18855276335027
-0.168587772268196,0.0752782374806966
-0.0636022262959521,-0.100773318232189
-0.00512364942413481,-0.246735757132386
-0.00536997878826122,-0.272661903304832
-0.0378238649198841,-0.14799464687509
-0.0445486568979586,0.0973123911723488
0.0092496654296931,0.35127790822466
0.131342791308006,0.502881260207496
0.271294770778712,0.499444992065687
0.379162380096519,0.354110700973468
0.403980076185641,0.156086564630812
0.316459273019521,0.00463099111766152
0.155778658830568,-0.0446102367083131
-0.0114666297068308,-0.00290668577966643
-0.123078436586346,0.0643535337246384
-0.159682974021905,0.0949353160140533
-0.156024978071985,0.0729381102086138
-0.148438035006587,0.0260616403135252
-0.154226780124911,0.0275765660716144
-0.162626603680879,0.126169871287115
-0.146602882424827,0.289363049714089
-0.0778031109323152,0.432541959713761
0.0228839921911418,0.454489908419389
0.122979908889779,0.300866603687479
0.174684423186766,-0.00339934450791924
0.155446107609236,-0.319636912706314
0.0650063067082852,-0.51465583283117
-0.0427504522024122,-0.513387228001617
-0.139274594808334,-0.314402419623542
-0.195277562076817,-0.017440114256219
-0.215883010180466,0.231500270945816
-0.223950296012047,0.331497676819067
-0.223974927936189,0.261675633235364
-0.199107981495729,0.104640692285787
-0.127229084516046,-0.0297319471641615
0.0116390599242956,-0.0662502661167519
0.177246251273069,0.019607812997955
0.304721682024422,0.1734281545647
0.324575822699386,0.291370612267896
0.227448164209628,0.310411885949235
0.0535027257410056,0.228322631259023
-0.129877131085318,0.0851806758940365
-0.228495068224961,-0.0502388608227716
-0.227522073478998,-0.133091725406796
-0.149694317125596,-0.163969104282857
-0.0540939155400617,-0.169585412435245
0.00426149707147191,-0.183995681923758
0.0252118051882718,-0.242018547953535
0.0403733736698806,-0.310067012017361
0.102509943117381,-0.340488693548327
0.21558741359382,-0.304241325761296
0.330253690416711,-0.172997075646802
0.363754483937902,0.00318996450623384
0.272748121787801,0.153327681151374
0.0761773364542336,0.223297516279928
-0.120134806927372,0.179204576972482
-0.212680725072587,0.0309635939847935
-0.136589607101322,-0.145531359982298
0.0593284119970707,-0.289153658113467
0.264459135141999,-0.347053364522535
0.361783849024891,-0.31822051633191
0.30123612304044,-0.247967407327254
0.127832600399882,-0.168304498392093
-0.0709305274093899,-0.133744491641971
-0.186729933479054,-0.134791395657303
-0.183576912219458,-0.154559317849298
-0.10973970978578,-0.159116412772754
-0.0438466166917921,-0.119506659119395
-0.0566311083279873,-0.0211104211068553
-0.132229567571,0.103236611873453
-0.192494033176292,0.203677385632784
-0.156899458618325,0.22758364654088
-0.0123903639787458,0.170681580298861
0.165865843423443,0.0595254741386774
0.261318450089891,-0.0736155151164024
0.207261485810278,-0.161025474623884
0.0111094516227121,-0.18356460300586
-0.233039840437874,-0.140961942348298
-0.374556034821724,-0.0559167521597499
-0.358187453130743,0.0163070001935084
-0.193454718708656,0.0497585214308259
0.0318011131479761,0.0441175779800603
0.174241035055269,0.0144348980384186
0.157810866805461,-0.000468025696939783
0.00315301514379283,0.0167996589217612
-0.190252447097721,0.0604738437089703
-0.305756249832267,0.10008359736233
-0.303058939414711,0.106229512129183
-0.20279060936979,0.0725932497736841
-0.0850082456765716,0.00569020687726965
-0.00456940877662992,-0.0622843643665876
0.0256798303052647,-0.105626009742292
0.0332544574085927,-0.0912280562158501
0.0601536151981824,-0.0460266297084809
0.100921116525512,0.00987780564563906
0.146405827031693,0.052825320833217
0.135715126554982,0.0654743267639239
0.0620626703008392,0.0613483175068379
-0.0306926326965253,0.0686150320614489
-0.0901442110627773,0.0935805061984762
-0.0543032970179754,0.148967655117997
0.0766699951824864,0.219085281791401
0.246563320166448,0.256995378691199
0.335931585127925,0.248804919741964
