I,Q
-6.73347139358521,11.7473011016846
-17.8899517059326,12.7640132904053
-20.8444709777832,-2.19856095314026
-7.96125030517578,-19.1206531524658
1.30147457122803,-35.0212326049805
7.51364612579346,-39.343822479248
8.56981563568115,-34.810791015625
12.7846813201904,-20.6206684112549
19.2406959533691,-6.24432229995728
26.5130043029785,1.24635922908783
27.4587345123291,-2.51484823226929
20.1452980041504,-12.904932975769
8.19402885437012,-21.2707805633545
0.337581723928452,-20.804386138916
2.82779502868652,-10.6347637176514
15.1938915252686,1.65241765975952
30.8508358001709,7.42074346542358
38.8500823974609,1.31191313266754
36.259033203125,-14.3826093673706
23.434684753418,-29.9685726165771
6.73180103302002,-36.4245872497559
-5.30840492248535,-27.6785697937012
-6.71656084060669,-5.18376874923706
1.77726233005524,18.6527996063232
11.7978239059448,29.8838119506836
16.4751148223877,24.3221683502197
10.4644069671631,5.2589259147644
-6.02553081512451,-14.6634063720703
-24.0211219787598,-21.9144191741943
-35.938777923584,-13.0761241912842
-38.0091552734375,5.89129161834717
-30.1543769836426,24.3050479888916
-18.2728366851807,31.4840354919434
-9.74039173126221,24.8290634155273
-8.19987487792969,8.70864772796631
-12.29114818573,-7.38921928405762
-18.5127143859863,-12.2886428833008
-21.5004272460938,-4.27603530883789
-20.6929035186768,9.64477443695068
-17.7212657928467,20.9018821716309
-16.9177093505859,21.2154560089111
-21.0313205718994,9.78506851196289
-26.6585178375244,-7.63744735717773
-30.6053218841553,-21.6058559417725
-29.1025924682617,-25.4904479980469
-21.1394634246826,-21.3540802001953
-7.25581502914429,-11.5391569137573
8.51971054077148,-2.61401414871216
18.7776432037354,-0.197288021445274
21.0851821899414,-4.70088291168213
16.1945285797119,-14.3767642974854
8.71616363525391,-24.7000427246094
2.36766505241394,-31.6746444702148
-1.37016010284424,-33.3134918212891
-2.58624768257141,-29.0675182342529
-3.76955819129944,-19.3791122436523
-6.70424365997314,-4.98000907897949
-9.13850593566895,9.93767929077148
-10.7293367385864,21.5803871154785
-8.51657962799072,25.7044372558594
-2.20023107528687,22.4620246887207
5.72824192047119,12.4149484634399
11.592601776123,-1.61609160900116
10.774640083313,-12.8283138275146
4.56914854049683,-19.9321441650391
-4.93094778060913,-22.5213146209717
-14.0909576416016,-23.2781066894531
-19.2724304199219,-24.5722751617432
-19.9726448059082,-25.5129947662354
-17.402681350708,-24.847017288208
-15.2208232879639,-18.8588562011719
-15.6897211074829,-7.79068470001221
-18.91042137146,5.12197256088257
-21.5284023284912,15.6412868499756
-20.908145904541,19.5511379241943
-15.0323028564453,17.4523696899414
-3.91110444068909,11.2414503097534
8.99800395965576,5.71467208862305
18.4139652252197,5.75621700286865
20.8586673736572,10.8310079574585
18.0028972625732,16.4129009246826
13.3803033828735,19.141321182251
11.4138946533203,16.144214630127
15.6492195129395,10.0648202896118
24.3146514892578,6.13764047622681
32.6677627563477,8.21156597137451
34.6425247192383,15.3135166168213
27.9309730529785,23.6582775115967
11.7815399169922,25.3480663299561
-9.69362640380859,17.2375450134277
-27.6025772094727,1.24573290348053
-35.211841583252,-16.3346138000488
-31.1621131896973,-27.4543495178223
-17.5475692749023,-29.5508232116699
3.00858998298645,-23.4695491790771
22.7820682525635,-11.3948965072632
35.589298248291,0.17160926759243
39.1995620727539,6.90236663818359
36.1022453308105,10.5418605804443
27.3881702423096,14.0761346817017
14.5872049331665,18.339225769043
2.56850218772888,22.9413604736328
-4.53052616119385,24.1499328613281
-4.09398746490479,20.2914390563965
3.55410718917847,11.9932327270508
15.771767616272,3.18688011169434
26.7299175262451,-1.73717844486237
30.9345531463623,-1.53738510608673
25.7426414489746,1.59855484962463
10.9923877716064,3.90108346939087
-6.15851783752441,1.59437942504883
-16.8147850036621,-4.48751974105835
-16.0842971801758,-9.9470739364624
-3.06287050247192,-11.3189039230347
16.2556972503662,-6.24640989303589
31.1980209350586,2.23279929161072
35.6414909362793,6.71196794509888
30.1209735870361,3.40024328231812
15.2011985778809,-8.29695320129395
-1.79876565933228,-23.3330135345459
-13.3235177993774,-30.7529220581055
-17.9400577545166,-25.7553768157959
-16.9577922821045,-8.26876926422119
-14.7456617355347,14.46799659729
-13.7114133834839,30.1831874847412
-14.4982681274414,32.2746505737305
-15.5596570968628,20.8561611175537
-12.0107688903809,2.31651616096497
-4.39941835403442,-13.9807271957397
3.50421094894409,-19.588508605957
6.66624736785889,-12.9855184555054
2.58896160125732,1.78957974910736
-6.61572504043579,16.2398319244385
-15.8938989639282,23.8282165527344
-19.2682552337646,23.7150630950928
-14.4748859405518,18.8970603942871
-1.95910131931305,13.0274810791016
11.9944849014282,9.01303577423096
21.3116989135742,8.84727191925049
21.414623260498,12.4995012283325
13.1646432876587,18.555721282959
1.76619756221771,26.0008907318115
-9.54435634613037,32.5331077575684
-16.049015045166,35.294303894043
-19.878490447998,32.4328994750977
-21.2323665618896,21.0363311767578
-21.0041809082031,1.79897451400757
-17.5436019897461,-21.3968772888184
-8.90259552001953,-37.7139549255371
1.36389696598053,-41.8006324768066
12.5036764144897,-33.4512786865234
19.6288013458252,-13.342098236084
18.4354686737061,12.3740301132202
9.84101867675781,31.5984420776367
-1.38999330997467,38.6713752746582
-10.697603225708,35.920825958252
-13.0178775787354,28.1034164428711
-7.63932609558105,20.3640899658203
1.33550417423248,17.5544586181641
7.41009616851807,19.6348552703857
6.74286603927612,22.9221534729004
1.60481798648834,24.7440929412842
-4.21382141113281,21.8035621643066
-4.18167114257812,15.469259262085
3.41151690483093,7.70446252822876
15.3465023040771,0.584557116031647
25.9687404632568,-3.97457075119019
28.622838973999,-6.80612373352051
22.9945964813232,-9.75479602813721
11.4671316146851,-14.5243644714355
-1.32861471176147,-19.7870483398438
-8.91762733459473,-26.1056938171387
-10.3262014389038,-30.232666015625
-8.95103073120117,-31.2186889648438
-8.61010837554932,-28.4096832275391
-10.9178562164307,-22.2641086578369
-15.2778167724609,-13.1358327865601
-18.1452789306641,-3.21381139755249
-13.5832281112671,4.69336700439453
-2.08519864082336,10.3694162368774
12.0621271133423,12.3283090591431
23.128002166748,10.5679569244385
26.1654014587402,6.7977728843689
20.6791248321533,1.25429248809814
8.45457458496094,-4.95203351974487
-6.01175212860107,-11.7506418228149
-17.7511196136475,-17.3985061645508
-24.9142417907715,-20.3331928253174
-26.9981861114502,-19.5611591339111
-26.0833549499512,-13.5089054107666
-23.1225738525391,-2.90796279907227
-18.8068714141846,8.6399621963501
-13.7744617462158,14.3283290863037
-9.09487342834473,12.0685987472534
-6.20590877532959,-1.12652504444122
-4.18939542770386,-19.7931022644043
-3.05932140350342,-34.2260284423828
-1.05825710296631,-39.3937187194824
4.59503650665283,-34.719352722168
14.3105840682983,-21.062427520752
23.2929306030273,-6.35789346694946
27.953519821167,0.213154569268227
26.4165534973145,-2.48395013809204
17.8112449645996,-12.9873971939087
6.64035987854004,-21.2693195343018
0.597292065620422,-20.9273529052734
4.47896003723145,-11.4564838409424
16.7607135772705,0.806897580623627
31.0021934509277,6.50048351287842
38.6193923950195,0.542594254016876
35.4644508361816,-15.2293825149536
21.8908271789551,-31.1326751708984
5.21654558181763,-37.5882720947266
-6.15058469772339,-27.7787799835205
-6.1466178894043,-3.96663737297058
3.88876605033875,20.2645072937012
13.3107824325562,30.1518726348877
15.2335577011108,21.9599304199219
6.31175518035889,1.55659198760986
-7.67794847488403,-15.7742729187012
-17.8651084899902,-17.9269046783447
-20.2630462646484,-5.80005884170532
-15.1680040359497,10.9218225479126
-7.94016408920288,16.6644706726074
-3.70567440986633,5.25370693206787
-3.18771505355835,-16.8222999572754
-3.74012160301208,-35.8665428161621
-2.70754313468933,-42.3096160888672
3.76058101654053,-36.0114326477051
14.6391887664795,-20.2843399047852
24.678747177124,-4.86247110366821
28.8186645507812,1.5806006193161
25.7002620697021,-3.54074573516846
16.7726135253906,-14.7567262649536
6.15246343612671,-22.1271553039551
0.887900471687317,-20.4129428863525
5.22510528564453,-10.0973882675171
17.2312812805176,1.15575289726257
29.8426837921143,5.68064212799072
37.769905090332,-0.713994741439819
35.1178932189941,-15.6723928451538
22.3238182067871,-30.7704582214355
6.14348649978638,-36.3759422302246
-5.97125053405762,-26.8729248046875
-7.26207780838013,-5.37667274475098
1.87768089771271,18.249454498291
12.9539937973022,29.5721168518066
16.9116535186768,23.9779052734375
10.3641977310181,5.3858585357666
-6.54599571228027,-13.9322919845581
-25.0472278594971,-20.9974994659424
-36.2502632141113,-11.7109746932983
-37.6110305786133,7.36792469024658
-28.949146270752,25.1040134429932
-17.3175029754639,32.3635864257812
-8.80301189422607,25.1257247924805
-7.52262353897095,8.45874977111816
-13.0387544631958,-6.58774948120117
-18.5745105743408,-10.896143913269
-21.5762119293213,-3.42258167266846
-20.258451461792,11.0610733032227
-16.9987106323242,22.1858215332031
-16.3204174041748,22.1858215332031
-20.3997898101807,11.2036628723145
-27.4566459655762,-6.35601472854614
-31.4391498565674,-20.238410949707
-30.0568828582764,-24.3610000610352
-21.7444801330566,-20.4338188171387
-7.04850578308105,-11.1867523193359
8.75770950317383,-3.18291330337524
18.699146270752,-0.676624834537506
20.9260997772217,-5.54682064056396
16.1164474487305,-15.1617412567139
7.86834716796875,-24.8035926818848
1.48665392398834,-31.8074207305908
-2.17392611503601,-33.2552452087402
-3.72801280021667,-29.0382919311523
-4.71111249923706,-19.0807781219482
-6.85643720626831,-4.76560163497925
-9.15541648864746,10.8307991027832
-9.9669075012207,22.0916652679443
-6.97334861755371,26.3388900756836
-1.43049466609955,22.7958469390869
6.05705547332764,11.9700593948364
11.1523056030273,-1.78811836242676
10.3568906784058,-13.3345823287964
4.27874898910522,-20.2609577178955
-5.26560688018799,-22.4432353973389
-14.6082906723022,-22.7488746643066
-20.0741081237793,-24.0336475372314
-20.5906066894531,-25.1422176361084
-18.5580177307129,-24.225715637207
-16.2730255126953,-18.9400672912598
-15.9609136581421,-7.42053461074829
-18.3177223205566,6.37584781646729
-20.7997932434082,16.8460998535156
-19.8415374755859,20.6703567504883
-14.0398092269897,17.2630157470703
-3.23969888687134,10.7715082168579
9.28193187713623,5.70047569274902
18.0565509796143,5.66394090652466
21.5906162261963,10.3543853759766
18.654052734375,16.1613330841064
13.9247760772705,18.7997741699219
12.7185010910034,16.0701007843018
15.9396190643311,9.78298091888428
24.3292655944824,5.69797039031982
32.5466766357422,7.27773571014404
34.9995193481445,14.3425254821777
28.7771186828613,22.6626529693604
12.9600486755371,25.1244735717773
-8.84768962860107,17.3962097167969
-28.0808696746826,1.62402486801147
-35.8646659851074,-14.7771854400635
-32.2351913452148,-26.397346496582
-18.2983074188232,-29.4831809997559
1.96494686603546,-23.3181915283203
22.0772609710693,-11.9360294342041
35.2133026123047,-1.09333050251007
39.9724311828613,5.14994812011719
36.9302291870117,9.3439359664917
28.0531044006348,13.3483610153198
16.040454864502,17.964900970459
3.6929395198822,22.6430282592773
-3.18082571029663,23.9035835266113
-3.53155994415283,20.3693103790283
4.53010892868042,11.865047454834
16.1995391845703,2.97330784797668
26.3303298950195,-2.03070950508118
30.8658676147461,-2.51296925544739
25.3432636260986,1.10543918609619
11.4097194671631,3.35765409469604
-5.68022489547729,1.8741317987442
-17.0694847106934,-3.69126915931702
-16.4703140258789,-9.56711196899414
-3.08332991600037,-10.9326791763306
15.9521455764771,-6.57480573654175
30.89133644104,1.01211881637573
36.1085090637207,5.88440227508545
30.311372756958,2.63593506813049
15.3214502334595,-9.04998779296875
-2.8733069896698,-22.8981456756592
-15.0604867935181,-29.976505279541
-18.7459106445312,-24.7653884887695
-17.4110336303711,-7.72575712203979
-14.2709178924561,15.266752243042
-12.5103569030762,30.662525177002
-13.6961727142334,32.4863433837891
-14.8375205993652,21.2235984802246
-11.8625421524048,2.54240584373474
-5.04117870330811,-13.9264469146729
2.56829333305359,-20.2503108978271
6.31822729110718,-13.2074413299561
2.60670709609985,1.50773978233337
-6.36958456039429,16.5321102142334
-14.7930526733398,24.5906467437744
-18.0822296142578,24.34596824646
-13.4299907684326,18.707914352417
-1.0547080039978,12.2846765518188
12.5287284851074,8.60739421844482
21.372241973877,8.3867244720459
21.524019241333,12.1564912796021
14.0842771530151,18.7601070404053
2.43927335739136,25.6860656738281
-8.52534770965576,33.0521125793457
-14.9450368881226,36.099739074707
-18.5423603057861,33.3099403381348
-20.4868469238281,22.5367641448975
-21.1636810302734,2.08269333839417
-17.5504913330078,-20.533821105957
-10.2226505279541,-36.9567451477051
-0.216703668236732,-41.7927017211914
11.2888412475586,-33.5738296508789
19.2012386322021,-13.062554359436
18.9774379730225,12.0604562759399
10.6203584671021,31.2529277801514
-0.0319418683648109,38.9874534606934
-9.15959167480469,36.7939033508301
-11.4784049987793,28.7474746704102
-6.65727043151855,20.8029251098633
1.79813933372498,17.604772567749
8.31866455078125,19.2208633422852
7.76187419891357,22.8755989074707
2.37956500053406,24.2593288421631
-2.91485214233398,21.8803901672363
-3.66433787345886,15.7373208999634
3.79314923286438,7.1938099861145
15.7318925857544,0.0363260470330715
25.0395030975342,-4.54701900482178
28.184419631958,-7.55811452865601
22.82737159729,-10.5431137084961
11.1462507247925,-14.697226524353
-1.64323174953461,-20.0438365936279
-9.47880172729492,-25.6992168426514
-10.8257884979248,-29.9550018310547
-9.76523494720459,-30.7687892913818
-9.51512813568115,-27.9881763458252
-12.0387449264526,-21.5405120849609
-16.442756652832,-12.6792516708374
-17.9874477386475,-3.64074683189392
-13.2450199127197,4.8603835105896
-2.07079339027405,10.7105474472046
12.1017932891846,12.0554466247559
23.0428237915039,10.034966468811
26.7019424438477,6.12970733642578
20.8313179016113,0.33987820148468
8.86606121063232,-5.69295978546143
-5.87688636779785,-11.2268362045288
-18.3323364257812,-16.5233421325684
-25.0106925964355,-19.2185668945312
-27.6428699493408,-18.4168891906738
-26.7330493927002,-12.6604623794556
-23.2296733856201,-2.41693472862244
-18.4315032958984,8.69946193695068
-13.2585897445679,15.0711345672607
-9.02577018737793,12.058159828186
-5.57416963577271,-0.610235869884491
-4.77520513534546,-19.5317230224609
-4.79566478729248,-34.2967987060547
-2.14177536964417,-39.548210144043
3.71402525901794,-34.9817771911621
13.3393840789795,-21.9206829071045
23.2973136901855,-7.62137174606323
28.3355693817139,-0.449691414833069
25.9021415710449,-3.69899368286133
17.1026782989502,-13.3172540664673
6.00778532028198,-21.3417625427246
-0.160126894712448,-20.9684810638428
3.54053711891174,-11.7696399688721
16.6099815368652,0.714829802513123
30.4978046417236,6.28858184814453
38.1985092163086,-0.229438662528992
34.9020233154297,-15.9713525772095
21.0797557830811,-32.2228736877441
4.48939847946167,-37.9552917480469
-7.0155200958252,-27.8650016784668
-6.62491083145142,-3.65828347206116
3.37790489196777,20.6181640625
13.9145469665527,29.3767070770264
17.2225131988525,21.158670425415
8.58150672912598,0.901261746883392
-7.56458616256714,-15.4216604232788
-21.3956241607666,-14.7761421203613
-26.4205188751221,1.42798948287964
-19.2513446807861,22.8497104644775
-3.44074487686157,33.2243461608887
13.3963785171509,28.3766975402832
23.2499237060547,12.1765327453613
22.779146194458,-5.39692354202271
13.361722946167,-13.0114059448242
-0.545517027378082,-9.91805458068848
-9.24477005004883,-0.390818178653717
-8.91219902038574,7.76980781555176
1.64615452289581,7.75707244873047
17.160717010498,0.877044439315796
27.3842029571533,-8.97817039489746
28.1495552062988,-17.821475982666
17.2387981414795,-22.0868625640869
-0.244887664914131,-22.0908298492432
-14.5671625137329,-17.1838912963867
-19.1540565490723,-11.4650430679321
-11.7376976013184,-6.80737590789795
2.54678988456726,-3.8031702041626
15.5095520019531,-3.08165979385376
20.8319454193115,-3.75661444664001
18.5692920684814,-4.99524927139282
10.9882116317749,-5.38648462295532
2.97226405143738,-4.42718505859375
-2.34511780738831,-2.23885369300842
-5.05641889572144,0.309606492519379
-6.79735517501831,0.746980428695679
-10.149998664856,-2.75869202613831
-15.1185255050659,-11.3946876525879
-18.1143798828125,-22.82737159729
-16.1644649505615,-33.2251815795898
-9.68757247924805,-38.8275337219238
-0.868067264556885,-35.7590293884277
6.28169250488281,-24.2641296386719
5.00902795791626,-7.02345371246338
-4.65328311920166,8.0714807510376
-18.3185577392578,13.0715312957764
-29.9971733093262,6.27939558029175
-33.3166236877441,-8.89591503143311
-26.9303359985352,-23.7209091186523
-14.1347990036011,-30.066068649292
0.341130822896957,-24.1438789367676
10.5802745819092,-7.6604118347168
12.627685546875,12.7861423492432
5.65078830718994,28.7618789672852
-6.06812000274658,34.5289535522461
-18.4761791229248,30.375675201416
-28.2009124755859,20.6212959289551
-34.1191368103027,8.64810466766357
-35.7527656555176,-0.252820938825607
-33.699089050293,-3.03280735015869
-29.6982135772705,1.80001831054688
-22.7054500579834,10.3460340499878
-12.9896936416626,18.1905822753906
-3.12800669670105,20.8434276580811
6.92094707489014,13.8143367767334
14.756308555603,-2.28353047370911
18.0818119049072,-22.7534675598145
17.008731842041,-37.6605072021484
13.5907440185547,-42.112117767334
9.46836376190186,-31.4777736663818
6.11196184158325,-4.8013014793396
5.78795051574707,25.156831741333
9.04142761230469,41.948860168457
14.1807289123535,40.5960273742676
19.1469593048096,22.3776798248291
19.6849594116211,-5.69755268096924
13.3554592132568,-26.8729248046875
2.61631059646606,-30.7057399749756
-9.75521373748779,-16.5805435180664
-19.4918479919434,5.77855587005615
-22.4958438873291,22.3069076538086
-20.471607208252,23.552640914917
-16.6834678649902,8.8443489074707
-11.5408267974854,-11.0554361343384
-9.19278621673584,-22.3125438690186
-9.76439952850342,-16.7137393951416
-10.1030254364014,4.23407220840454
-7.06562519073486,26.096715927124
-0.529859244823456,35.7099647521973
6.36269521713257,29.9122047424316
10.1913356781006,11.449803352356
5.93074941635132,-9.34560680389404
-5.46978425979614,-20.0970726013184
-19.8789081573486,-17.6509094238281
-30.3389301300049,-7.03451824188232
-31.6502170562744,2.03822541236877
-22.8282070159912,3.16266274452209
-4.27895784378052,-3.26099348068237
16.9559135437012,-11.8047132492065
32.9322776794434,-11.5331029891968
40.5705604553223,-0.264512091875076
39.6901741027832,17.7494506835938
33.3235130310059,33.9871940612793
26.0115375518799,40.665340423584
19.3135566711426,37.0285606384277
13.3840608596802,24.7259292602539
8.7412166595459,11.0790271759033
4.75933837890625,4.03177356719971
3.24220418930054,3.860999584198
5.41654777526855,6.40048265457153
8.82368087768555,6.93389081954956
12.0585775375366,4.68292856216431
12.423508644104,2.57205128669739
7.93640661239624,3.18040823936462
-1.09896731376648,7.55790567398071
-12.1274719238281,13.1959590911865
-21.6691131591797,13.9945058822632
-27.3950595855713,7.00925731658936
-28.2272186279297,-6.97919416427612
-24.9075603485107,-22.7436542510986
-20.0910186767578,-31.2472915649414
-15.6949405670166,-28.7259712219238
-11.1260004043579,-17.610408782959
-4.75244903564453,-4.78272104263306
2.24282026290894,2.17016816139221
9.10426807403564,0.0607521831989288
15.0016136169434,-4.03135633468628
17.8289909362793,-1.87037396430969
18.2897472381592,9.97630214691162
18.1246109008789,27.6092586517334
19.3628273010254,40.9997901916504
21.5856056213379,42.8198509216309
24.4067192077637,31.1687927246094
26.1257362365723,7.70884656906128
22.9348888397217,-15.9214563369751
18.9966449737549,-25.7246875762939
15.5686340332031,-18.8928852081299
16.0531902313232,-1.31608855724335
20.7104396820068,12.8558721542358
25.6353340148926,12.5938653945923
28.9706497192383,-2.02716040611267
25.6459808349609,-21.3352909088135
15.9567384719849,-31.8255844116211
3.21255874633789,-25.8722877502441
-6.67438936233521,-4.18897771835327
-8.54288482666016,21.8835220336914
-1.83091628551483,38.1980934143066
8.55854225158691,38.3400573730469
17.4354591369629,24.557243347168
19.3135566711426,3.91381859779358
13.0907382965088,-11.4051265716553
0.510026037693024,-13.9688272476196
-13.8469047546387,-7.4401593208313
-22.9647426605225,-0.0680591464042664
-25.7480697631836,-0.488105177879333
-22.5169296264648,-9.71137237548828
-14.5982694625854,-22.7415676116943
-6.00757694244385,-31.1443672180176
1.92757701873779,-29.301549911499
8.54225826263428,-19.6849594116211
12.0685987472534,-7.65811538696289
13.0189218521118,-1.27245557308197
10.1477022171021,-6.17125272750854
5.01090669631958,-19.6254596710205
-0.443010777235031,-34.2450256347656
-3.83803486824036,-42.3409309387207
-2.28582692146301,-40.453857421875
1.54886758327484,-29.165641784668
6.26916599273682,-11.5433320999146
9.66460800170898,4.74117565155029
10.5965585708618,13.1608858108521
10.5443658828735,12.5836353302002
10.3669109344482,5.35579538345337
13.4592180252075,-5.04201364517212
19.1692981719971,-13.4970054626465
23.0480422973633,-19.0889205932617
22.7616100311279,-21.6605548858643
17.5970478057861,-20.893949508667
7.84559106826782,-18.1014366149902
-2.76641654968262,-13.0189218521118
-10.2946767807007,-5.97605228424072
-13.335000038147,2.64783477783203
-12.8865613937378,12.9314470291138
-12.8686065673828,22.8705883026123
-16.2005825042725,29.5247268676758
-21.921516418457,30.676721572876
-27.407377243042,24.8885612487793
-26.9409847259521,11.9458417892456
-17.9304542541504,-5.7971363067627
-2.59731245040894,-20.9776668548584
12.7627601623535,-27.401948928833
21.5572128295898,-23.2092132568359
21.0089817047119,-10.1731719970703
10.4727582931519,7.29026222229004
-5.86060237884521,21.1329917907715
-21.2916564941406,25.7075691223145
-32.2462577819824,22.6263256072998
-38.7122917175293,16.6916103363037
-40.2509307861328,12.962345123291
-37.5118637084961,15.3389873504639
-30.1272373199463,21.6210975646973
-18.4724216461182,28.0065479278564
-2.28707957267761,29.1451816558838
13.3178806304932,21.5484447479248
22.5806045532227,8.50092124938965
22.787914276123,-3.80588412284851
12.9909467697144,-10.1520862579346
-0.072652094066143,-8.21323585510254
-9.96607208251953,-1.11859178543091
-10.074423789978,5.77792930603027
1.44406473636627,7.02950763702393
17.0060176849365,1.62110209465027
27.398609161377,-8.09068775177002
27.6971492767334,-17.8014335632324
16.4394149780273,-23.6964836120605
-1.6342545747757,-22.7632789611816
-15.7179050445557,-17.3243942260742
-19.1429920196533,-10.3447818756104
-11.3132677078247,-4.87520599365234
2.9242467880249,-3.76287746429443
14.9986915588379,-4.45933532714844
20.1876792907715,-5.57291698455811
17.796422958374,-5.65725994110107
11.6990747451782,-4.87040424346924
4.80902576446533,-3.29919838905334
-2.01379919052124,-1.44302093982697
-6.99130296707153,-1.13237059116364
-10.7017793655396,-1.77266943454742
-11.1243305206299,-2.84011244773865
-7.08671092987061,-3.89878702163696
2.71860814094543,-4.88647985458374
15.8527708053589,-5.50297880172729
26.7075786590576,-7.12115812301636
31.3648281097412,-10.0063648223877
25.4313659667969,-14.2091217041016
10.6831979751587,-18.362190246582
-4.64618492126465,-21.2311134338379
-12.9030542373657,-21.8046054840088
-9.7871561050415,-20.1983261108398
3.05076169967651,-21.1718235015869
16.6183319091797,-25.6931629180908
22.0641078948975,-31.7704696655273
15.2853326797485,-37.3916130065918
-1.55659198760986,-35.7855415344238
-19.1761875152588,-23.789176940918
-28.2199115753174,-3.82175087928772
-23.0424060821533,15.9032936096191
-5.18982315063477,26.7146759033203
16.5289783477783,25.3745803833008
28.9796276092529,14.6792726516724
27.7716808319092,3.05389332771301
13.0830144882202,-4.87478876113892
-8.54455471038818,-5.63387775421143
-24.9369964599609,-0.772032916545868
-30.8596038818359,5.04994678497314
-27.4136390686035,8.33139991760254
-20.7281856536865,9.3612642288208
-18.4640712738037,8.06563568115234
-23.8864650726318,6.87460041046143
-34.1166305541992,7.45832204818726
-42.4670295715332,8.4433012008667
-43.8795700073242,10.1786003112793
-37.0099792480469,10.7312154769897
-20.9359130859375,10.3165979385376
-2.40921020507812,9.87671852111816
10.593635559082,10.1798534393311
14.4084968566895,10.8877935409546
11.4571104049683,7.91970491409302
5.39963722229004,1.33383405208588
0.512322545051575,-8.03578090667725
-1.26995027065277,-17.4964199066162
-3.02069878578186,-21.0488567352295
-6.76249027252197,-17.8920402526855
-12.668604850769,-9.21387195587158
-19.6832904815674,-0.0782888978719711
-23.3365631103516,4.53177881240845
-19.3893413543701,1.78269040584564
-7.93285751342773,-8.6771240234375
7.38734006881714,-19.1978988647461
19.9960289001465,-22.8925075531006
25.8783416748047,-17.2154159545898
22.9545135498047,-1.73467314243317
12.3051357269287,18.2555084228516
-1.82256555557251,33.9287376403809
-12.5193338394165,40.7377853393555
-17.9997653961182,40.0726432800293
-18.0519580841064,36.1492195129395
-12.3692283630371,31.852933883667
-4.69336700439453,30.7266178131104
1.19249641895294,32.2873840332031
3.01339173316956,34.3203926086426
-1.09917604923248,35.1078720092773
-11.3650426864624,30.5134620666504
-23.2916774749756,20.7509422302246
-31.4936389923096,9.18673229217529
-31.0942611694336,-1.29917812347412
-18.1553001403809,-7.72283411026001
5.36164140701294,-6.95852565765381
30.1061515808105,0.692908942699432
44.7630844116211,9.91325283050537
46.2576713562012,17.860725402832
35.3849105834961,23.5315551757812
13.2654790878296,22.1778869628906
-9.87170791625977,12.002836227417
-21.5676517486572,-3.16349768638611
-18.4196033477783,-17.6202201843262
-5.0313663482666,-27.3121776580811
9.26355934143066,-30.204273223877
13.1704893112183,-27.1186466217041
3.26704788208008,-22.7611923217773
-17.9870300292969,-17.9732513427734
-39.1434059143066,-14.124361038208
-50.2589645385742,-11.1316375732422
-51.1113739013672,-8.02575969696045
-43.6129684448242,-3.73991274833679
-31.2151393890381,2.72737646102905
-20.6810035705566,7.73890972137451
-18.4995613098145,6.74954652786255
-22.233003616333,-2.15534543991089
-24.1939830780029,-15.7707242965698
-19.4837055206299,-29.357292175293
-7.18733835220337,-37.0156173706055
9.71387767791748,-34.638973236084
24.3568248748779,-25.01340675354
29.7051029205322,-11.4072141647339
24.3929405212402,0.649067163467407
11.0042877197266,7.51134967803955
-2.69856595993042,8.79862785339355
-11.2005310058594,7.80195808410645
-12.4946994781494,7.46729946136475
-7.55769681930542,9.23203563690186
-2.60336685180664,11.226001739502
0.953245580196381,11.0888395309448
2.16536641120911,7.30926036834717
2.75910949707031,0.589358806610107
5.18272495269775,-6.24828910827637
10.0817308425903,-9.67713356018066
16.5362854003906,-7.54036903381348
20.455114364624,-2.15284037590027
21.2033462524414,3.07310009002686
19.7805767059326,4.92510223388672
17.6394271850586,2.92591691017151
17.7594699859619,-0.132569193840027
21.6121196746826,-0.311067879199982
26.723653793335,5.06685733795166
29.8314094543457,12.2863464355469
26.8925495147705,18.5258674621582
19.8158588409424,20.3858032226562
10.5829887390137,13.2974214553833
3.17205739021301,-0.530068039894104
3.89189767837524,-14.7970190048218
11.0301752090454,-23.8872985839844
20.7939491271973,-24.1353187561035
28.6971607208252,-16.8179168701172
30.1101188659668,-6.15329837799072
23.6035804748535,3.4480516910553
12.5383319854736,8.32785129547119
2.64303302764893,8.72555828094482
-1.65012121200562,6.15434217453003
2.20732927322388,3.26976180076599
9.62201881408691,2.35806155204773
16.8072681427002,2.23154664039612
20.0626258850098,0.605016589164734
17.0997562408447,-4.66121673583984
9.90344142913818,-13.5120372772217
-0.231526359915733,-23.1265392303467
-9.14936256408691,-29.9080295562744
-16.2554893493652,-30.9443645477295
-20.908353805542,-25.7094478607178
-22.4472007751465,-14.8594417572021
-20.1759872436523,-1.30335354804993
-14.1439847946167,10.160228729248
-3.82759642601013,18.89914894104
8.42555522918701,24.5766582489014
17.4592590332031,26.5480785369873
21.2597160339355,26.9044494628906
18.1035251617432,25.1407566070557
9.75876331329346,18.5569744110107
-0.788108229637146,6.34077453613281
-7.91532039642334,-9.98298263549805
-7.49736213684082,-25.2653923034668
-1.12485492229462,-35.195972442627
9.10531139373779,-35.7408638000488
18.2312927246094,-25.2474384307861
23.0019035339355,-8.50593185424805
22.1509552001953,9.86607074737549
15.8667583465576,21.1887340545654
9.04101085662842,19.8400764465332
3.41610980033875,7.67335557937622
0.371193766593933,-10.5890426635742
-0.122756987810135,-24.4384536743164
0.348437786102295,-28.1161518096924
0.622135758399963,-21.0547027587891
1.92027008533478,-5.94139671325684
4.60213470458984,8.84226131439209
8.92848300933838,18.0711650848389
14.5623607635498,19.0951843261719
18.1296215057373,12.7226762771606
17.810619354248,4.43365669250488
11.7974061965942,-1.68916118144989
0.62192702293396,-3.60629963874817
-11.1493825912476,-1.68749105930328
-18.918773651123,1.30022203922272
-18.4809818267822,4.83219957351685
-8.85666656494141,7.28232860565186
7.85039281845093,8.01887035369873
25.4447269439697,8.14246273040771
37.6258506774902,5.85329532623291
41.4668083190918,0.710445642471313
36.0277137756348,-6.18858051300049
21.963062286377,-13.7483654022217
2.60190534591675,-15.8141479492188
-16.6632175445557,-8.29883193969727
-28.9443435668945,7.11405992507935
-31.9802837371826,24.8179969787598
-28.8829650878906,36.9275169372559
-24.7192497253418,38.9970550537109
-22.5703754425049,28.8961181640625
-22.9217357635498,7.77419185638428
-23.887508392334,-15.0498399734497
-22.2225646972656,-28.8182468414307
-15.2886734008789,-29.9399700164795
-2.07622146606445,-21.9776763916016
14.1448202133179,-10.8255796432495
27.5391101837158,-3.26683902740479
31.5214061737061,-5.32823801040649
25.3603839874268,-12.8800888061523
10.7061634063721,-20.3002071380615
-5.29253816604614,-23.7705974578857
-13.4717445373535,-22.0119152069092
-10.4153461456299,-19.5928916931152
2.43676805496216,-20.1434192657471
16.414571762085,-25.4399242401123
21.558048248291,-33.3832206726074
14.840651512146,-38.7060317993164
-1.97580301761627,-36.2508888244629
-20.3530254364014,-22.9302959442139
-29.3115711212158,-2.18833112716675
-23.147834777832,16.4891033172607
-2.74512195587158,26.1259441375732
19.1077098846436,24.0996189117432
30.173583984375,13.7471122741699
26.5735473632812,2.44741535186768
9.57525444030762,-4.68543386459351
-9.69989013671875,-5.18627405166626
-21.5643119812012,-0.371402531862259
-25.0610065460205,5.33784151077271
-25.4010925292969,9.30197334289551
-26.4405612945557,10.8055381774902
-28.3971576690674,9.50197601318359
-26.2522506713867,7.05309867858887
-12.9888582229614,5.98816108703613
9.75082969665527,3.82989287376404
31.5619068145752,0.32442918419838
43.0584754943848,-4.16914463043213
42.7165107727051,-8.63098526000977
35.0884552001953,-10.9654560089111
24.0503482818604,-10.0299558639526
14.7828226089478,-5.02927875518799
8.74831485748291,1.33007621765137
3.50629878044128,5.79504871368408
-2.39397001266479,8.18171119689941
-7.82909822463989,10.5637817382812
-9.57817649841309,12.9412593841553
-6.88566493988037,16.373025894165
-2.65221905708313,20.0027084350586
-0.320253789424896,20.8703575134277
-4.78251218795776,17.9972610473633
-16.8018417358398,10.8491706848145
-31.290714263916,0.91190904378891
-40.772647857666,-8.22659683227539
-40.5012474060059,-14.2775983810425
-29.8464412689209,-17.4970455169678
-9.8414363861084,-15.7208280563354
10.3168067932129,-10.3454074859619
19.3738918304443,-4.73324251174927
12.4435501098633,-1.09082531929016
-7.37752819061279,-1.06055355072021
-28.1027908325195,-4.681884765625
-38.0918273925781,-9.27232837677002
-32.4838371276855,-13.5231018066406
-11.5349817276001,-14.3515033721924
15.1487970352173,-10.0418558120728
29.855001449585,-2.78604078292847
24.8885612487793,5.92323350906372
2.82925629615784,12.8220510482788
-24.9100646972656,14.8746814727783
-40.4108505249023,13.0011758804321
-38.2987174987793,9.80051708221436
-20.0546932220459,5.86603021621704
7.56458616256714,3.624671459198
25.7152919769287,3.0449161529541
27.3199024200439,4.30108737945557
13.1220541000366,6.2031946182251
-7.86500692367554,8.99048805236816
-20.6741142272949,12.2402076721191
-19.2283802032471,15.8216638565063
-5.26978206634521,18.988920211792
11.9159879684448,19.60813331604
20.6233825683594,17.377420425415
16.1575756072998,11.1965646743774
-1.7014787197113,2.9261257648468
-24.1236267089844,-4.60401344299316
-39.4657440185547,-8.29570007324219
-44.8021240234375,-7.67544317245483
-41.0663871765137,-3.7445056438446
-30.1740016937256,1.77141678333282
-14.8978548049927,4.84702205657959
-0.625684857368469,4.92865133285522
9.5508279800415,3.2793653011322
12.8456420898438,2.76516389846802
10.9832010269165,6.87063360214233
5.85767984390259,14.7817783355713
-1.18623340129852,23.7862548828125
-5.70778226852417,29.0568714141846
-5.04598045349121,27.9865055084229
0.929863333702087,20.505428314209
10.0234842300415,8.83161354064941
18.7390213012695,-0.406475961208344
24.1962795257568,-2.44887661933899
24.8119430541992,1.27141165733337
21.9398899078369,8.0073881149292
18.4287891387939,13.3976306915283
15.6189479827881,11.8187007904053
11.8587846755981,2.67539262771606
3.80275273323059,-11.095311164856
-10.380690574646,-23.1685028076172
-26.2186374664307,-28.657075881958
-36.2621650695801,-28.2301406860352
-36.7452583312988,-24.7006683349609
-24.4367828369141,-19.8768196105957
0.241547346115112,-14.5510873794556
23.9371948242188,-9.42118167877197
34.5606842041016,-4.64743757247925
29.2115707397461,0.850739359855652
9.27629470825195,7.12658596038818
-15.0224914550781,11.8362369537354
-29.6126194000244,12.5287284851074
-29.3783779144287,8.15979099273682
-18.2231502532959,-0.0394576042890549
-5.00902795791626,-8.9501953125
0.832993865013123,-15.3828287124634
-4.6140341758728,-16.1822109222412
-15.1043291091919,-12.0986614227295
-19.4283809661865,-6.67418050765991
-12.9861450195312,-2.81276345252991
4.12947845458984,-2.97894477844238
23.5574417114258,-6.20757865905762
35.6684226989746,-9.84018325805664
37.3076858520508,-10.8794422149658
29.0395431518555,-6.96186637878418
17.6596794128418,1.37663197517395
9.13057327270508,11.5402011871338
7.07877779006958,19.7757759094238
10.3971834182739,23.8008689880371
12.1053419113159,23.0599422454834
10.0930042266846,18.9578132629395
7.26604461669922,13.8988885879517
9.29758930206299,9.51784229278564
21.0609664916992,6.68023490905762
38.9388084411621,3.88229417800903
52.7180709838867,-0.273489207029343
56.9458808898926,-4.14137840270996
53.7932395935059,-7.90216827392578
41.5269355773926,-11.0821590423584
21.9455261230469,-12.6742420196533
5.32260131835938,-12.9130744934082
-3.40984678268433,-11.381326675415
-6.76958847045898,-8.92890071868896
-11.3585710525513,-6.53597450256348
-21.0933246612549,-3.17017841339111
-32.0809097290039,1.23946976661682
-36.2364845275879,8.75186347961426
-26.1894111633301,17.7565479278564
1.10272514820099,25.6524524688721
33.8667335510254,27.4620742797852
52.3681716918945,19.8050022125244
54.9924163818359,8.27732849121094
39.657398223877,-6.96291017532349
3.77498626708984,-25.5679016113281
-28.6979961395264,-35.0815658569336
-41.616081237793,-33.6109886169434
-39.0784759521484,-27.0927600860596
-24.4614181518555,-14.0974292755127
-7.10257768630981,0.629233956336975
0.018371794372797,8.72848129272461
-7.24140977859497,7.33974075317383
-20.8444709777832,-1.61275124549866
-28.7190818786621,-12.7715282440186
-26.8378505706787,-21.960765838623
-15.805588722229,-25.151195526123
-4.01068782806396,-21.8499088287354
-0.746980428695679,-15.7786569595337
-7.90070676803589,-10.0326700210571
-19.6375694274902,-7.54621458053589
-28.1779479980469,-9.32890510559082
-27.8301372528076,-15.4663372039795
-18.1874504089355,-22.961820602417
-7.03326559066772,-29.5121994018555
0.0576206296682358,-33.7587966918945
0.149688363075256,-33.3752861022949
-4.87875509262085,-28.8850536346436
-9.04602146148682,-18.7177276611328
-7.20362234115601,-3.81507015228271
1.19729816913605,13.3702821731567
11.2752714157104,28.2247123718262
17.6456909179688,35.3183135986328
16.6974563598633,35.4901313781738
9.99008083343506,27.8236656188965
2.55701971054077,14.2489967346191
-1.50460815429688,1.02109599113464
-1.20752799510956,-7.71114301681519
-0.492071807384491,-9.62807273864746
-4.71194791793823,-6.35998106002808
-13.8913726806641,-2.17893648147583
-25.4420127868652,-1.76807641983032
-32.585090637207,-5.72302293777466
-30.8671207427979,-15.4500532150269
-20.8647212982178,-27.0643672943115
-7.00320291519165,-35.3519248962402
4.2192497253418,-37.2410888671875
7.31928110122681,-32.5239219665527
2.31421971321106,-22.5355110168457
-6.96687650680542,-9.19988441467285
-12.6299819946289,2.77247071266174
-11.3289251327515,9.68339729309082
-5.25495958328247,10.3637800216675
2.01212906837463,7.17460346221924
2.97142887115479,2.48833417892456
-2.86432981491089,0.297080278396606
-11.0877952575684,3.33197546005249
-17.0517387390137,11.6997013092041
-14.9118423461914,22.6872863769531
-5.53116273880005,32.1389503479004
7.71072578430176,36.3170700073242
19.25927734375,32.5485572814941
25.0505676269531,22.2037754058838
24.0411624908447,8.35227680206299
17.8941268920898,-3.88834857940674
11.9278879165649,-9.31074142456055
9.80009937286377,-8.25039672851562
13.6523313522339,-1.47496283054352
21.2365417480469,5.92218971252441
28.6604175567627,8.923264503479
34.824779510498,6.80591487884521
37.9874420166016,0.349481642246246
38.2436027526855,-7.04641819000244
35.8183174133301,-12.1525239944458
31.8103446960449,-13.291784286499
26.1232299804688,-9.75166511535645
18.6728420257568,-3.93866229057312
10.7838258743286,0.704600095748901
2.5163094997406,5.01299476623535
-4.27415609359741,7.46792554855347
-8.24789142608643,9.81367015838623
-8.47983551025391,13.4013891220093
-5.58961820602417,16.9893169403076
-0.953454375267029,19.9104328155518
0.648440837860107,20.3822536468506
-4.15473937988281,17.2291946411133
-16.5573711395264,11.1230773925781
-32.1458396911621,2.84240889549255
-41.9302787780762,-5.75454711914062
-41.2217140197754,-12.6556606292725
-28.7938213348389,-17.3202171325684
-7.22846603393555,-16.5684356689453
10.9320526123047,-11.3510551452637
16.0799121856689,-3.92655348777771
7.50738334655762,0.909821391105652
-9.14122009277344,-0.144469112157822
-23.2806129455566,-6.62261438369751
-30.1303691864014,-13.1832237243652
-30.2562580108643,-13.4819746017456
-26.1873226165771,-4.65223932266235
-19.7125186920166,10.9113845825195
-10.8719272613525,25.4589233398438
0.164928615093231,31.9723510742188
10.9161863327026,29.2407989501953
17.4930801391602,21.4501132965088
14.8844938278198,14.3492069244385
2.70169758796692,15.2688398361206
-12.9489831924438,22.8419857025146
-23.1259136199951,31.5740165710449
-23.5720558166504,37.252986907959
-14.4993124008179,37.0682258605957
2.22361350059509,29.7961273193359
19.445291519165,16.7738666534424
30.7606468200684,2.45952391624451
33.5032653808594,-9.97379684448242
29.5226383209229,-19.2315101623535
21.2496948242188,-26.2480754852295
11.1731824874878,-32.5936508178711
1.50022399425507,-36.8456764221191
-7.51865673065186,-38.0425567626953
-13.6316623687744,-35.9571495056152
-15.7797012329102,-30.2573013305664
-12.790735244751,-21.86452293396
-3.10692095756531,-12.5892724990845
7.21155548095703,-6.66875267028809
12.6896905899048,-4.94931983947754
9.98005962371826,-6.7359766960144
-2.48687291145325,-10.2124214172363
-16.7208385467529,-12.0356130599976
-24.8150749206543,-9.2556266784668
-22.9296703338623,-0.485599935054779
-10.790506362915,12.3683929443359
5.91571760177612,26.2839832305908
16.9106101989746,35.8590278625488
16.6126956939697,39.4436149597168
3.95828652381897,36.067798614502
-16.7550773620605,25.2687320709229
-34.1080703735352,9.25270366668701
-39.8068771362305,-4.86476755142212
-34.5947151184082,-12.9723653793335
-21.710033416748,-14.785327911377
-6.45288419723511,-9.49717426300049
3.61632061004639,-4.06141901016235
6.63409662246704,-2.31964778900146
4.07457160949707,-5.56373071670532
-0.360964000225067,-12.3397912979126
-2.64992260932922,-16.6321105957031
-1.930291056633,-13.0141201019287
0.686854600906372,-0.151149764657021
2.92341184616089,19.8590755462646
2.39125609397888,37.9701156616211
0.364930629730225,48.344123840332
-2.00795364379883,50.7527084350586
-4.68522500991821,45.938045501709
-6.04953956604004,35.2135124206543
-3.8029613494873,21.9643154144287
2.42904353141785,8.68714427947998
10.3675374984741,-0.866605877876282
19.9166946411133,-7.84058094024658
28.6096858978271,-13.730619430542
32.8218383789062,-18.3613567352295
30.7675361633301,-21.5626411437988
22.095422744751,-20.0093898773193
8.8813009262085,-13.1243505477905
-4.20004272460938,0.0411277674138546
-10.9773559570312,15.0596523284912
-9.12869453430176,26.3601837158203
-0.643639087677002,32.8489761352539
8.05123043060303,32.1829986572266
12.9066028594971,25.0534915924072
10.6017780303955,13.7675724029541
0.906272292137146,1.62151956558228
-11.4754819869995,-6.53555727005005
-19.6874656677246,-9.7282829284668
-19.889554977417,-8.89967250823975
-13.1602592468262,-4.3397102355957
-1.88248264789581,0.670779287815094
8.31678581237793,4.04784917831421
13.1663131713867,5.34953260421753
11.6326866149902,5.66352319717407
7.17522954940796,6.53910636901855
3.18270468711853,9.62368869781494
2.07141971588135,13.7740440368652
5.12510442733765,17.5469417572021
9.12368392944336,18.3974723815918
9.376296043396,13.8045244216919
4.29920864105225,4.64430618286133
-6.93577003479004,-6.82720947265625
-20.5045928955078,-15.7774047851562
-28.5702285766602,-18.9857883453369
-30.1270294189453,-16.5362854003906
-24.6010856628418,-10.0023984909058
-12.6318616867065,-1.36034786701202
-1.00919604301453,5.97229433059692
4.21361255645752,11.3506374359131
1.03570985794067,14.9135131835938
-7.34788274765015,16.6734466552734
-13.1462717056274,15.9805383682251
-11.0911359786987,10.0368452072144
1.43404376506805,-2.32611966133118
19.0699234008789,-18.2816047668457
31.5710926055908,-31.2493782043457
33.6028480529785,-36.8504791259766
25.7326202392578,-33.4967918395996
8.8169994354248,-17.3254375457764
-9.72849178314209,6.28983449935913
-19.4450836181641,24.4436721801758
-16.1467189788818,30.2161731719971
-4.65683221817017,22.4526290893555
6.23638916015625,4.80464172363281
7.92596769332886,-11.8512687683105
-1.3474041223526,-19.9774475097656
-16.6337814331055,-16.9114456176758
-27.7361907958984,-5.30944871902466
-27.7470455169678,7.54913711547852
-15.8360691070557,15.0419063568115
3.18145203590393,14.2613143920898
19.3471698760986,9.44915676116943
25.8002624511719,6.22386264801025
20.4425888061523,9.36105537414551
8.15018749237061,17.7861938476562
-4.16643047332764,25.9422264099121
-10.4984369277954,28.9253463745117
-11.2777767181396,24.3966999053955
-10.6809015274048,13.1306133270264
-11.3990716934204,-0.311067879199982
-14.8070402145386,-11.0721378326416
-18.9941387176514,-15.4980697631836
-18.713134765625,-12.9521150588989
-13.6821851730347,-7.31928110122681
-6.91551923751831,-0.994582116603851
-1.45178925991058,5.05955028533936
-0.482885926961899,9.81513118743896
-4.17728662490845,12.9992971420288
-7.22554302215576,13.2126607894897
-5.44786357879639,9.29550170898438
0.952410519123077,0.376621782779694
9.43663024902344,-12.5496053695679
13.6460676193237,-24.9196681976318
9.69863700866699,-32.4239196777344
-0.914414286613464,-32.8994979858398
-10.0700397491455,-26.5399360656738
-9.09278583526611,-17.1786708831787
6.30820608139038,-9.45646381378174
28.6804580688477,-7.93056106567383
42.9459495544434,-12.3036737442017
42.6133766174316,-19.1753520965576
25.9171733856201,-26.0065269470215
-3.18082571029663,-28.6017532348633
-26.6923389434814,-24.8712348937988
-31.1596069335938,-18.1204357147217
-14.519980430603,-10.149998664856
16.5847206115723,-3.94930958747864
41.2624244689941,-2.31985664367676
47.1042366027832,-4.38459587097168
34.8869934082031,-11.440408706665
7.367506980896,-21.5496978759766
-16.9233455657959,-30.2980117797852
-23.5941848754883,-34.8147583007812
-12.4143228530884,-33.5709037780762
9.98548793792725,-23.7787380218506
25.767276763916,-6.33722543716431
26.2430648803711,10.7247438430786
11.5245428085327,21.3008422851562
-9.03620910644531,21.0309028625488
-21.6981334686279,11.2310123443604
-19.8419551849365,-0.738420844078064
-4.39127635955811,-7.44892740249634
13.7199726104736,-3.74325299263
22.8852005004883,8.44142150878906
17.3918266296387,19.8793258666992
0.956794679164886,23.9954414367676
-16.9438056945801,15.1356449127197
-26.3292865753174,-5.07813119888306
-21.9707870483398,-26.0887832641602
-8.8270206451416,-38.0212631225586
4.59086084365845,-37.1788749694824
10.8314256668091,-27.0347213745117
6.97835922241211,-13.1746644973755
-5.36289358139038,-5.94807720184326
-19.2947673797607,-10.1825666427612
-28.1439189910889,-22.5396862030029
-29.647066116333,-34.0773811340332
-24.4380359649658,-38.3899536132812
-14.5512962341309,-34.8961791992188
-0.812534332275391,-21.6008453369141
12.0804986953735,-6.2695837020874
20.7887287139893,4.53177881240845
22.6630706787109,9.23788070678711
17.7310771942139,9.13433074951172
7.79840898513794,9.67504596710205
-3.67456769943237,13.9922094345093
-10.2132558822632,21.5509490966797
-9.22618961334229,28.4612503051758
-0.258875280618668,30.5888290405273
11.4673404693604,26.4342975616455
18.0912075042725,19.6442489624023
15.5847101211548,15.3172750473022
3.58333492279053,16.8985023498535
-12.2370767593384,23.5392799377441
-22.4699573516846,32.178825378418
-22.4396858215332,37.8093605041504
-13.5043125152588,37.2623825073242
3.14282941818237,30.1754627227783
20.646556854248,16.9688568115234
31.1236991882324,2.31275844573975
33.1744499206543,-10.8341398239136
28.4357795715332,-20.20458984375
20.1519794464111,-27.4061241149902
10.3349695205688,-33.2550354003906
0.97704541683197,-36.6247978210449
-7.72867965698242,-38.1993446350098
-15.3771915435791,-35.5022392272949
-17.5225162506104,-29.4151210784912
-13.3585910797119,-21.0937423706055
-2.32904243469238,-12.7322797775269
9.08986282348633,-7.50216388702393
13.2020130157471,-5.13533401489258
7.71719741821289,-6.39693355560303
-6.09442520141602,-8.50801944732666
-17.7968406677246,-11.4999084472656
-21.6298656463623,-14.3147592544556
-16.3235473632812,-16.7544498443604
-5.9052791595459,-18.009786605835
2.33739328384399,-16.3567428588867
6.6228232383728,-10.0097055435181
8.98464298248291,2.04031300544739
11.7249622344971,17.1104030609131
15.2045383453369,30.7545928955078
16.5780391693115,36.8855514526367
14.6778106689453,33.4932441711426
10.375262260437,17.1183376312256
6.77125883102417,-9.6934175491333
8.63098526000977,-35.1281242370605
15.5456695556641,-48.186710357666
25.1159133911133,-47.4981880187988
34.7128791809082,-34.9314613342285
37.9744987487793,-9.74748992919922
34.2247734069824,16.226469039917
30.0220165252686,28.8272247314453
27.1860809326172,25.6303234100342
25.6196765899658,8.98881816864014
20.6595001220703,-12.1898946762085
9.53871917724609,-25.2378349304199
-6.10632514953613,-24.0323944091797
-21.2023029327393,-10.4222354888916
-28.1687622070312,8.24225521087646
-23.4641208648682,21.6641025543213
-9.65813541412354,23.9655876159668
7.2088418006897,17.8995552062988
18.4292068481445,9.73475456237793
15.8112258911133,6.24265241622925
0.739047169685364,11.3775691986084
-19.5248336791992,20.2098083496094
-34.8427352905273,25.5856456756592
-40.6574058532715,23.592098236084
-38.8945503234863,15.3692588806152
-30.5132541656494,4.11924839019775
-18.8534278869629,-4.28501224517822
-9.13892364501953,-5.2651891708374
-3.7501425743103,-1.35784256458282
-3.11568927764893,4.03407049179077
-7.43034696578979,4.91132354736328
-15.9047546386719,0.308353871107101
-26.3155078887939,-6.29066944122314
-35.746711730957,-10.1495809555054
-40.1653366088867,-7.07522869110107
-37.1068496704102,2.5716335773468
-23.153470993042,14.928126335144
-0.966189384460449,23.533016204834
20.32275390625,23.769552230835
32.5894737243652,17.5607223510742
33.0255966186523,7.8474702835083
25.5643520355225,-1.25972056388855
16.9899425506592,-5.042640209198
15.8191585540771,-2.87977886199951
25.0422172546387,3.33385443687439
37.0707321166992,11.828929901123
43.0758018493652,18.4033184051514
39.1421508789062,23.3204879760742
21.1684818267822,26.6493320465088
-6.61238479614258,23.0367679595947
-29.8046875,13.9427309036255
-38.4761734008789,1.97768187522888
-31.0072040557861,-10.9034509658813
-11.5754833221436,-21.1413421630859
8.7829704284668,-24.7286434173584
19.6104297637939,-21.273494720459
17.3160419464111,-13.9316654205322
6.17730712890625,-5.23930168151855
-5.77939081192017,1.79897451400757
-11.3147287368774,6.40758085250854
-9.50531578063965,9.6692008972168
-4.64848136901855,14.6329250335693
-1.7574291229248,21.9745445251465
-3.94805693626404,28.5261764526367
-9.49508571624756,31.0387287139893
-14.3928394317627,28.1349411010742
-14.2721700668335,19.1183567047119
-8.07670021057129,5.92218971252441
2.08248472213745,-5.41383361816406
10.4220266342163,-10.0986413955688
12.5502319335938,-8.79654026031494
9.79007911682129,-1.54197812080383
5.42844772338867,7.9002890586853
4.19774627685547,14.2911682128906
10.643949508667,15.6863803863525
21.98268699646,12.5329036712646
33.5625534057617,6.81155157089233
41.1400833129883,0.553450286388397
41.9486503601074,-5.05349588394165
36.5174903869629,-8.91491317749023
26.5480785369873,-12.0349864959717
16.1287651062012,-13.5880298614502
9.38569068908691,-13.8692436218262
8.22346591949463,-13.8020191192627
11.0381078720093,-12.3291444778442
14.6107959747314,-10.0040683746338
16.6118602752686,-6.71092414855957
15.4926414489746,0.317330986261368
11.3310127258301,11.213475227356
5.75078916549683,22.5192260742188
1.21232962608337,29.928279876709
-2.0528392791748,29.3476886749268
-2.6885449886322,18.476806640625
-3.81026840209961,0.317539751529694
-7.426589012146,-18.6734676361084
-13.74147605896,-30.390079498291
-22.6699600219727,-29.6727447509766
-29.97629737854,-18.5989360809326
-31.7047061920166,-3.3371946811676
-25.7557945251465,7.70613288879395
-11.6596174240112,9.78068447113037
7.87544536590576,3.74680209159851
25.1856422424316,-2.77330589294434
34.5362586975098,-2.61568427085876
36.1901397705078,6.45935583114624
31.109920501709,20.3382034301758
22.8908386230469,29.3007164001465
14.4890823364258,26.0061092376709
5.6246919631958,7.9027943611145
-3.35368752479553,-18.8141784667969
-11.4944801330566,-40.0968589782715
-20.4118995666504,-47.2704162597656
-28.9046783447266,-41.7920761108398
-34.3116226196289,-25.1781272888184
-35.1817779541016,-1.33529543876648
-29.7485275268555,18.0736694335938
-21.5718269348145,28.7174110412598
-15.4366912841797,30.7550106048584
-13.0418863296509,27.652473449707
-12.7228851318359,23.6630802154541
-9.51930332183838,19.1855812072754
-1.27579581737518,13.7807245254517
11.6840438842773,6.07814121246338
25.2434711456299,-0.848860383033752
32.1579475402832,-4.41946029663086
30.5583477020264,-5.15871620178223
19.6294269561768,-3.5737316608429
3.07184743881226,-4.24993896484375
-9.86419200897217,-10.6291265487671
-13.3458557128906,-21.9753799438477
-7.09861087799072,-33.850658416748
4.4578742980957,-38.9943428039551
14.532506942749,-34.4299964904785
16.2227115631104,-19.4688835144043
8.5514440536499,0.669944167137146
-5.20652484893799,14.5738430023193
-18.1603107452393,15.9830436706543
-25.0820922851562,5.06602239608765
-22.6507530212402,-9.61826038360596
-13.2546234130859,-17.6626014709473
-2.87602090835571,-15.6713495254517
4.61445188522339,-5.15474987030029
5.1445198059082,4.23281955718994
-1.93488395214081,4.98898601531982
-13.7775936126709,-4.41883420944214
-25.0292739868164,-19.3515529632568
-30.5919609069824,-28.8652210235596
-30.8437366485596,-27.7002811431885
-25.0288562774658,-13.7782192230225
-14.6682071685791,7.5017466545105
-4.6768741607666,23.0563926696777
-0.104593962430954,25.486270904541
-3.48416900634766,15.103702545166
-14.0070314407349,-1.31462717056274
-25.4309482574463,-12.8159971237183
-32.4128570556641,-14.1402273178101
-32.8003349304199,-8.69967079162598
-26.0937938690186,-1.97141885757446
-14.3882465362549,-0.915458142757416
-3.79440188407898,-6.32824802398682
1.31400084495544,-13.2865648269653
1.63404583930969,-15.9147758483887
1.00669085979462,-9.1717004776001
2.28290414810181,6.67501592636108
7.05873584747314,23.0447025299072
13.191575050354,30.7685794830322
16.3308544158936,26.6219825744629
12.4258050918579,12.4848871231079
2.27100419998169,-4.70839881896973
-10.7358083724976,-15.3179006576538
-20.5726509094238,-14.6504621505737
-23.3545169830322,-5.62803220748901
-19.3505096435547,5.52176809310913
-10.4061603546143,10.7896709442139
-2.89940309524536,6.6856632232666
0.114823713898659,-5.43784236907959
-0.527771532535553,-20.7150325775146
-2.18979263305664,-31.5694236755371
-1.33926200866699,-36.6513137817383
3.20316410064697,-35.5007781982422
7.50091123580933,-30.5230655670166
8.30989646911621,-25.4440994262695
5.09086608886719,-21.4993839263916
-0.375160396099091,-19.037145614624
-3.28729867935181,-15.6544389724731
-1.91964375972748,-9.60677814483643
5.71049642562866,1.79041481018066
15.1400289535522,16.7661418914795
19.5699272155762,29.5113639831543
19.4093837738037,35.8980674743652
14.5982694625854,32.742504119873
8.15665912628174,16.7394180297852
5.06038570404053,-10.1226501464844
8.90990257263184,-35.8809509277344
16.4133186340332,-48.5551910400391
24.6678924560547,-48.3432884216309
33.3061828613281,-35.9047508239746
36.8377456665039,-11.0744342803955
34.3974266052246,14.8523435592651
31.0163898468018,28.1635437011719
28.4483051300049,25.0814666748047
26.1196804046631,8.17690944671631
20.1807899475098,-13.2924108505249
8.40050315856934,-26.3530864715576
-7.15998935699463,-24.0724792480469
-21.8749618530273,-9.11408042907715
-27.7906799316406,9.38005352020264
-23.2311344146729,22.1077404022217
-9.27733898162842,24.0825004577637
8.3027982711792,17.0680236816406
18.3482036590576,8.31845664978027
15.5193643569946,4.54305267333984
0.821093916893005,5.79546594619751
-19.146541595459,7.70467138290405
-31.7999057769775,4.33073282241821
-32.2345657348633,-5.44034767150879
-19.7440414428711,-15.0629920959473
0.991450607776642,-17.9536266326904
17.8600978851318,-10.1579322814941
23.7921009063721,5.28147315979004
15.8943157196045,19.570972442627
-4.17937421798706,26.7814826965332
-27.4207382202148,22.0858192443848
-43.2993965148926,8.91032028198242
-48.0263748168945,-4.5121545791626
-42.787281036377,-15.0335559844971
-30.2646083831787,-18.2795181274414
-16.0523548126221,-13.1750822067261
-7.446213722229,-4.69670724868774
-7.9556131362915,2.77998661994934
-15.3918056488037,5.12134647369385
-22.1609764099121,2.18812251091003
-21.907320022583,-3.34408402442932
-14.3953447341919,-9.98507022857666
-0.497291058301926,-15.039192199707
13.9189310073853,-18.2701225280762
22.1250686645508,-18.7801494598389
22.0586795806885,-15.7769870758057
15.5080909729004,-9.14894485473633
4.61758327484131,0.896877586841583
-6.29734992980957,11.6249618530273
-13.3711175918579,21.1400890350342
-16.3632144927979,25.3779201507568
-14.3784341812134,25.7384662628174
-9.12681484222412,22.1584720611572
-2.12904047966003,16.2289752960205
5.04765033721924,11.7011632919312
11.9896831512451,8.84079933166504
17.1659374237061,6.23367500305176
20.3701438903809,2.32674598693848
21.4680671691895,-3.3386561870575
19.2390270233154,-10.3341341018677
13.4114103317261,-14.007866859436
4.84952735900879,-13.2281093597412
-4.06580352783203,-8.48547267913818
-9.74477577209473,-2.17851901054382
-9.28777694702148,-0.219000145792961
-2.9236204624176,-3.94346380233765
6.35810232162476,-10.1583499908447
13.2780055999756,-14.3479537963867
13.9878253936768,-12.6571226119995
5.1445198059082,-3.79481935501099
-10.1023988723755,9.11888217926025
-24.0770721435547,18.1162586212158
-30.3443584442139,18.8469562530518
-25.4342880249023,9.70740604400635
-9.6418514251709,-6.12281799316406
9.78652954101562,-20.4622116088867
23.0033645629883,-27.1301288604736
27.3397350311279,-24.8831348419189
22.7718391418457,-17.1241817474365
12.1880149841309,-7.63473320007324
3.04992651939392,-0.0603346414864063
-1.31671488285065,5.48606824874878
0.136118292808533,11.1472949981689
4.14304828643799,16.7030925750732
6.39776849746704,22.0985546112061
6.93931913375854,23.2380237579346
6.91865062713623,16.7632179260254
9.02952861785889,3.35786294937134
14.2185163497925,-11.7953186035156
21.0185852050781,-21.608570098877
23.3113021850586,-20.9607563018799
19.5599060058594,-10.0512504577637
9.29153537750244,4.57979583740234
-3.51673722267151,12.9940776824951
-9.94289875030518,9.17608451843262
-7.24662923812866,-6.30361318588257
5.12489557266235,-25.4587135314941
19.2841205596924,-35.5310516357422
27.8478832244873,-35.3406524658203
28.4061336517334,-26.7029857635498
17.5909938812256,-14.792426109314
-2.6277928352356,-7.99653244018555
-21.9480304718018,-9.61972236633301
-33.7608871459961,-16.3237571716309
-37.6444320678711,-20.9747428894043
-35.0287475585938,-18.417932510376
-27.9737701416016,-4.71069526672363
-17.7853584289551,15.0026578903198
-7.34161949157715,30.1639804840088
2.32799863815308,34.9185180664062
9.21449851989746,28.9055137634277
10.301983833313,16.3847179412842
6.12240028381348,5.23825788497925
-2.49731135368347,0.289773315191269
-11.0276699066162,1.10502171516418
-13.5930404663086,2.88812947273254
-11.0182752609253,-0.865144491195679
-4.24931240081787,-8.94685554504395
2.80086350440979,-19.337984085083
5.14493751525879,-25.1653919219971
0.445098459720612,-22.8958492279053
-6.80507946014404,-13.0759162902832
-10.3673286437988,0.799590587615967
-6.28524160385132,10.7836170196533
7.66980648040771,11.6164016723633
23.30002784729,4.50484752655029
32.2425003051758,-5.84348344802856
28.3050899505615,-13.3686122894287
12.9322814941406,-15.3014078140259
-7.23723459243774,-11.8287220001221
-21.0336170196533,-5.21550178527832
-18.0014362335205,-1.56243765354156
0.0926940515637398,-0.0530276782810688
25.8100738525391,-1.53508865833282
44.2125587463379,-5.34994983673096
48.6731452941895,-8.80844020843506
41.6722412109375,-11.5637922286987
22.1123332977295,-14.6203994750977
-1.871209025383,-17.0959987640381
-18.1851539611816,-19.0363101959229
-22.0106620788574,-19.9041690826416
-15.7780313491821,-18.4663677215576
-5.78189611434937,-17.1891098022461
1.2304927110672,-15.6423301696777
0.703764975070953,-15.9834613800049
-5.7303295135498,-17.126895904541
-15.5650854110718,-17.1026782989502
-22.7718391418457,-13.7512884140015
-23.2994022369385,-4.15056419372559
-15.8627920150757,10.0151329040527
-0.655121505260468,22.2973041534424
15.0621576309204,27.4645805358887
26.5781402587891,25.2284412384033
29.5128269195557,16.4724006652832
20.8384170532227,5.59379386901855
2.72821140289307,-3.36913657188416
-17.2749137878418,-5.71404552459717
-30.5984325408936,-0.385390132665634
-34.7642364501953,7.03911113739014
-29.458963394165,12.6882295608521
-18.0575942993164,13.1510734558105
-4.92343235015869,6.76353454589844
2.55472326278687,-5.36894798278809
4.29628610610962,-18.8649101257324
4.11736965179443,-28.1245040893555
6.9109263420105,-31.7502193450928
16.5855541229248,-28.3284721374512
29.5119915008545,-17.950704574585
39.6993598937988,-3.76308631896973
41.2860145568848,13.1458539962769
33.1625518798828,28.4345264434814
18.5632362365723,38.6193923950195
5.41675662994385,42.8970947265625
0.409607499837875,40.4407043457031
7.36187028884888,34.4375114440918
22.7294578552246,26.4480762481689
37.4870185852051,18.2204360961914
46.4077796936035,12.6769552230835
47.5221939086914,9.10677337646484
43.1476211547852,8.30446815490723
36.0928497314453,8.60739421844482
29.3435134887695,8.430983543396
23.0069141387939,10.3481216430664
15.1538076400757,13.506817817688
2.85514378547668,16.3525676727295
-13.7260265350342,17.6646881103516
-28.7516498565674,14.3329219818115
-36.4410820007324,6.57334470748901
-34.5462799072266,-3.90108346939087
-23.4609909057617,-15.3164396286011
-8.97837924957275,-23.0904235839844
1.24823820590973,-25.0340747833252
2.89209628105164,-22.5087890625
-4.63616418838501,-14.8717584609985
-16.9390029907227,-5.1384654045105
-26.9691677093506,3.98814082145691
-30.3203506469727,10.7437419891357
-25.9733333587646,13.7886581420898
-17.1074810028076,13.8203907012939
-7.90968370437622,10.1953020095825
-0.924017727375031,4.01736879348755
3.08145093917847,-1.89166855812073
4.7311544418335,-6.270836353302
4.1463885307312,-6.77167654037476
2.21233987808228,-3.52425289154053
-1.96661710739136,0.809194028377533
-8.38547134399414,5.036376953125
-13.7126655578613,7.68525552749634
-16.9078960418701,9.45583724975586
-17.4239768981934,10.2986431121826
-16.0694751739502,12.5959529876709
-15.2742681503296,14.8139295578003
-18.0484085083008,14.9258298873901
-23.9146480560303,10.7266225814819
-28.4888076782227,2.72800278663635
-27.4771060943604,-7.28984451293945
-18.1241931915283,-15.9137315750122
-2.24783086776733,-16.9448490142822
14.6133012771606,-9.29550170898438
22.596471786499,5.30506420135498
17.2655200958252,18.9958095550537
-1.27266430854797,25.5225982666016
-25.9240627288818,22.1140041351318
-43.2818603515625,10.6063709259033
-48.6274261474609,-2.99063587188721
-43.8010711669922,-13.6619338989258
-30.4698295593262,-17.1133270263672
-15.5644588470459,-12.4218378067017
-7.52742528915405,-4.0455527305603
-8.90259552001953,2.20085740089417
-16.1469287872314,4.52781200408936
-22.3465747833252,2.85681390762329
-21.4010524749756,-1.62381613254547
-13.104100227356,-7.94350481033325
-0.583513259887695,-15.2310523986816
11.8425006866455,-20.8649311065674
19.4283809661865,-22.4490795135498
21.5766277313232,-17.6448554992676
17.7561302185059,-6.64390897750854
8.62743663787842,6.38712120056152
-4.48376178741455,13.4930391311646
-18.9446601867676,9.64602756500244
-29.5232639312744,-1.54615354537964
-32.2491798400879,-12.7425098419189
-27.3862915039062,-16.24609375
-18.2408962249756,-11.7445869445801
-9.5900764465332,-3.34575438499451
-6.6167688369751,-0.64510053396225
-6.92366123199463,-10.1226501464844
-5.857262134552,-28.8570785522461
-1.12840390205383,-46.8023567199707
5.14911270141602,-55.4078712463379
9.89216709136963,-55.4057846069336
9.68026542663574,-47.6165580749512
1.54594469070435,-30.0773410797119
-9.12159633636475,-8.9084415435791
-11.991771697998,7.08232688903809
-3.19585704803467,14.2479524612427
12.8556632995605,14.4715461730957
26.9368076324463,14.7214441299438
31.6539745330811,16.8417167663574
26.0084056854248,21.4275665283203
12.4997091293335,25.6159172058105
-0.670988023281097,24.4211254119873
-7.39443826675415,16.6254291534424
-5.84097814559937,2.49752020835876
2.09647226333618,-12.9431381225586
9.54727840423584,-23.8096370697021
10.6783971786499,-27.9952735900879
5.93826484680176,-27.1027812957764
-0.774538159370422,-24.4357395172119
-5.77417135238647,-24.1390762329102
-5.26226663589478,-26.3812694549561
-1.3465690612793,-29.5002994537354
2.55326199531555,-30.3397655487061
3.82008051872253,-24.9749927520752
0.482050836086273,-13.3552503585815
-6.00924682617188,1.1741247177124
-12.280291557312,13.0535774230957
-15.4867963790894,17.2532024383545
-14.5615262985229,13.9834403991699
-9.79174900054932,4.89295148849487
-1.51567304134369,-5.48794746398926
8.46376037597656,-11.1892576217651
18.6507110595703,-11.7230834960938
25.8478622436523,-8.67023468017578
28.0990333557129,-5.48251914978027
24.9660167694092,-5.18543910980225
15.6318922042847,-6.6806526184082
4.29899978637695,-9.12869453430176
-3.329261302948,-9.21721267700195
-3.23113942146301,-4.25369691848755
6.84349346160889,3.24951124191284
22.3774719238281,11.1838302612305
34.7890815734863,16.0788688659668
39.356559753418,16.0692653656006
35.9930610656738,11.4297609329224
25.0071430206299,5.08752584457397
10.10511302948,-2.30336380004883
-1.87434053421021,-7.90300321578979
-8.5071849822998,-11.0765218734741
-10.0677433013916,-13.5853157043457
-7.50362539291382,-13.5034780502319
-3.5113091468811,-11.2673377990723
0.937587797641754,-6.76624822616577
6.98671007156372,1.24761188030243
13.0590057373047,9.94770050048828
17.7321224212646,16.0609149932861
19.2016563415527,17.7884902954102
15.5254192352295,15.1723880767822
8.49027442932129,9.87734508514404
2.09751605987549,3.61214518547058
0.689777374267578,-1.9298734664917
6.5059118270874,-5.78252220153809
15.4698858261108,-9.6074047088623
21.8121223449707,-14.0936717987061
20.7027149200439,-17.9947547912598
11.9510612487793,-19.02294921875
0.071817010641098,-12.8506526947021
-6.71927499771118,2.03906035423279
-4.48939847946167,20.2311038970947
4.89002895355225,33.8723678588867
13.9377202987671,37.8106155395508
16.1346111297607,30.2007255554199
6.69923305511475,12.1197471618652
-11.4665050506592,-10.638521194458
-25.64577293396,-26.6265754699707
-29.1046810150146,-31.6917629241943
-17.8285732269287,-28.6499786376953
6.78357648849487,-18.4778499603271
30.2443580627441,-8.20655536651611
41.1386222839355,-2.1150529384613
37.5423431396484,2.13446855545044
22.1570110321045,7.07752513885498
3.13802766799927,15.9934816360474
-7.94788885116577,27.0839920043945
-6.68274021148682,35.3435745239258
2.58228087425232,37.421257019043
12.9145364761353,29.376916885376
17.4143733978271,11.9521045684814
11.5581550598145,-8.73850250244141
0.548022270202637,-24.0914764404297
-9.21366405487061,-29.8019733428955
-12.9721565246582,-26.0203056335449
-10.0629415512085,-17.5220985412598
-4.70088291168213,-8.5514440536499
-2.20607662200928,-2.88478922843933
-5.53325033187866,-0.910865187644958
-13.028525352478,0.310232788324356
-22.616304397583,3.11652445793152
-27.8123912811279,7.86521577835083
-27.3468341827393,12.8999223709106
-21.3755836486816,14.9527616500854
-10.137264251709,11.1984434127808
0.707105338573456,1.8142147064209
9.89696884155273,-9.54748725891113
14.8949327468872,-19.1135559082031
14.4711284637451,-24.0906410217285
10.012001991272,-22.6227779388428
1.72757494449615,-15.3953552246094
-7.79673910140991,-3.78062295913696
-14.5531749725342,9.10134506225586
-15.5972356796265,18.8878746032715
-10.1345500946045,21.8465690612793
0.717126309871674,16.4440078735352
11.6343564987183,4.24910354614258
16.8047637939453,-11.9460506439209
14.0496206283569,-25.0198783874512
3.03155493736267,-28.8533210754395
-11.125373840332,-21.7392616271973
-22.2217292785645,-4.7336597442627
-24.9520282745361,13.0063953399658
-17.166145324707,21.4822635650635
-2.13405084609985,16.6371212005615
15.2195701599121,-1.27496075630188
28.2268009185791,-21.9029369354248
32.1702651977539,-33.5878143310547
28.7458038330078,-33.276123046875
18.7141780853271,-20.956371307373
2.75493407249451,-2.22632741928101
-10.7798595428467,11.7915601730347
-16.983470916748,12.5341567993164
-14.5362644195557,0.886856615543365
-4.80902576446533,-15.637110710144
5.92887020111084,-25.8493232727051
9.87233448028564,-24.3749866485596
3.20232892036438,-12.3009605407715
-14.9041185379028,5.08376789093018
-36.6037139892578,16.2972431182861
-50.1337051391602,17.4682369232178
-54.8389701843262,12.6120281219482
-52.6473007202148,5.30297660827637
-41.707103729248,0.926731765270233
-25.6781311035156,4.01027059555054
-12.3671407699585,11.3353967666626
-7.44245576858521,17.1369171142578
-8.17544841766357,18.0887012481689
-9.45479297637939,13.4160032272339
-7.90488195419312,8.37127494812012
-1.67162454128265,7.76020431518555
5.56393957138062,15.7348155975342
8.24434280395508,29.9527053833008
5.04305744171143,42.5945892333984
0.0922765135765076,48.2810745239258
-4.5058913230896,46.7355499267578
-4.97270202636719,38.0354614257812
2.43384528160095,23.5507621765137
11.486964225769,8.77733325958252
17.1511135101318,-1.63404583930969
14.4667444229126,-6.68712425231934
3.65619587898254,-7.78797054290771
-8.83495426177979,-7.04746198654175
-16.4012107849121,-6.23805904388428
-15.8959865570068,-5.15850734710693
-7.95665693283081,-2.10983347892761
1.7553414106369,2.78583216667175
10.3034448623657,8.16605377197266
15.771767616272,13.791163444519
17.5588417053223,18.9809856414795
19.2697162628174,23.662036895752
21.1250591278076,28.8186645507812
20.6582469940186,32.8189125061035
15.7907657623291,34.393669128418
5.15391445159912,30.5383071899414
-9.56669425964355,19.048210144043
-22.3048191070557,1.36180925369263
-26.0474472045898,-14.8517169952393
-20.0346508026123,-23.3536815643311
-8.06375598907471,-21.5396766662598
2.02173256874084,-8.98714733123779
2.57267761230469,7.48274850845337
-7.94705390930176,19.7223300933838
-25.1161212921143,20.6935291290283
-38.2419357299805,11.4410352706909
-41.8960418701172,-1.38811433315277
-36.776782989502,-12.395115852356
-24.7691459655762,-15.4158143997192
-13.4684038162231,-10.554178237915
-7.72241687774658,-2.95159578323364
-7.84204196929932,-1.06055355072021
-10.1341323852539,-10.4978103637695
-7.9595799446106,-28.9712753295898
-1.22506463527679,-46.6745872497559
4.67917060852051,-55.484489440918
8.58275985717773,-55.7429466247559
7.40988731384277,-47.8894233703613
-0.172444343566895,-30.46022605896
-9.2848539352417,-8.91867065429688
-11.6564855575562,6.99735736846924
-2.41192436218262,13.7665281295776
13.4047288894653,14.4742603302002
27.2965202331543,13.6283226013184
32.181957244873,15.4684247970581
26.3424396514893,20.6141967773438
13.2402181625366,24.3835468292236
-0.313573122024536,23.9912662506104
-7.44913625717163,16.546932220459
-4.83449602127075,2.25639033317566
3.1593222618103,-12.7377080917358
8.82096672058105,-23.837194442749
8.46438694000244,-28.7320251464844
3.10859107971191,-28.066047668457
-2.5188148021698,-24.7267646789551
-3.52237391471863,-20.8693141937256
1.52799046039581,-18.0768013000488
8.24559497833252,-15.780327796936
11.3621196746826,-13.3942909240723
7.7194938659668,-10.3925895690918
-0.0555329248309135,-7.83703184127808
-8.3226318359375,-6.3779354095459
-14.5120477676392,-6.08670091629028
-16.0199966430664,-6.56666374206543
-14.5377264022827,-6.59171628952026
-10.8318433761597,-6.41655778884888
-3.98500919342041,-6.21196317672729
4.57645559310913,-7.32283020019531
13.3786325454712,-9.84749031066895
19.4302597045898,-13.2819719314575
20.8722381591797,-14.5458679199219
19.3317203521729,-12.5554513931274
17.562183380127,-5.54181003570557
17.7611408233643,4.77019453048706
21.3384208679199,16.2807502746582
24.2148609161377,27.7718906402588
21.9123306274414,35.1723823547363
12.3600425720215,39.1383934020996
-4.46810388565063,37.1264724731445
-22.8279991149902,27.7353553771973
-33.2650566101074,11.872145652771
-30.3151302337646,-7.29819536209106
-15.1442041397095,-24.4019184112549
4.35578536987305,-35.3508796691895
15.0872097015381,-36.3358612060547
12.0921897888184,-28.2533149719238
-3.21088862419128,-12.0379095077515
-19.5711803436279,8.5341157913208
-23.6225776672363,24.566011428833
-12.6374979019165,31.5612812042236
10.4113798141479,28.4165725708008
30.2625198364258,16.1070537567139
35.6178970336914,-1.30752897262573
22.6887493133545,-17.0442237854004
-2.83071780204773,-26.9677066802979
-25.5620555877686,-28.6670970916748
-33.5817604064941,-25.2967090606689
-23.1948070526123,-21.611701965332
-0.227142184972763,-18.2285785675049
20.1751537322998,-16.960298538208
25.1543273925781,-16.9419250488281
13.5579662322998,-15.7822065353394
-6.47501373291016,-11.3381109237671
-20.4225463867188,-4.21236038208008
-19.0615711212158,2.43488907814026
-3.69753241539001,4.06580352783203
16.5995426177979,-1.78749203681946
30.080472946167,-12.7366638183594
31.4961452484131,-24.8319854736328
22.5814399719238,-32.8324851989746
11.3807001113892,-33.5341606140137
5.36477279663086,-25.1996307373047
6.29233980178833,-9.89634323120117
10.7932205200195,7.02679395675659
10.1508340835571,18.9534282684326
-0.137788459658623,24.2457580566406
-17.0419273376465,22.6841564178467
-32.5358200073242,16.0780334472656
-38.1494483947754,8.58484745025635
-33.0658912658691,1.82444441318512
-18.5413150787354,-1.37475299835205
-3.08437371253967,-0.732366502285004
4.74117565155029,3.71339893341064
2.24991846084595,12.2437572479248
-6.46728897094727,21.29123878479
-13.9126672744751,26.3645687103271
-14.8381471633911,25.3547458648682
-8.6721134185791,16.4387893676758
0.226933419704437,0.224428176879883
6.34745502471924,-16.5959930419922
6.59463930130005,-27.1470394134521
1.88164758682251,-28.0424556732178
-4.8050594329834,-18.4786853790283
-7.603835105896,-2.30566024780273
-4.56455564498901,12.5869760513306
2.14052271842957,19.5565662384033
8.91762733459473,18.5102100372314
12.2091016769409,11.1635789871216
11.5692195892334,3.66016244888306
7.70571517944336,1.11942684650421
1.82799351215363,4.78981924057007
-4.88105154037476,11.1101341247559
-11.4890518188477,14.9573545455933
-16.5705242156982,12.9304027557373
-16.3803329467773,5.62677955627441
-11.5385303497314,-4.11883115768433
-1.70836806297302,-11.9999132156372
10.5065784454346,-12.9521150588989
18.6369323730469,-7.68671703338623
18.6056175231934,2.39313507080078
9.84999561309814,13.2600517272949
-4.69357585906982,22.1952152252197
-18.5058250427246,27.1762676239014
-25.2923240661621,29.4639739990234
-21.3154563903809,31.0072040557861
-8.11908054351807,30.9005222320557
8.1796236038208,28.7708568572998
21.3995914459229,24.8240528106689
26.6180152893066,19.4766063690186
23.6891765594482,17.0911960601807
14.9943065643311,17.6170902252197
3.67832541465759,20.2572002410889
-6.24119091033936,24.4814605712891
-11.5074243545532,26.9357643127441
-13.075080871582,26.0330410003662
-9.98298263549805,23.3096313476562
-3.74304437637329,21.4528274536133
3.60379457473755,21.2102375030518
9.49654769897461,23.1741390228271
11.4654607772827,26.2589302062988
9.37191200256348,24.8154926300049
3.81444382667542,16.3350296020508
-1.6378036737442,1.0551255941391
-4.49085998535156,-17.3911991119385
-2.70190644264221,-31.8090915679932
-0.100001014769077,-38.5014343261719
-0.180168852210045,-38.0191764831543
-5.47479486465454,-33.6880264282227
-16.1565322875977,-28.33327293396
-27.1167678833008,-24.2403297424316
-33.6235160827637,-22.1213111877441
-32.6773681640625,-19.90354347229
-25.6827239990234,-14.8627815246582
-17.7857761383057,-7.16353845596313
-16.8987102508545,-0.140084937214851
-23.0476245880127,3.10671210289001
-31.6349773406982,0.0373698994517326
-35.3725929260254,-7.4831657409668
-27.6986122131348,-14.6575603485107
-7.17627334594727,-15.6356496810913
21.1365413665771,-7.86855602264404
40.6271362304688,6.07480096817017
46.1357498168945,18.2713756561279
38.9244041442871,26.5773067474365
21.2319488525391,28.1599941253662
3.20253777503967,22.3033580780029
-4.91675138473511,13.8327083587646
1.21191215515137,8.21991634368896
15.6561088562012,7.06896543502808
27.4873352050781,8.09444522857666
28.8827571868896,9.53329086303711
18.3127117156982,6.36937570571899
-0.518794417381287,-0.95387190580368
-18.8444499969482,-8.4483118057251
-29.8788013458252,-15.4068374633789
-30.9976005554199,-17.5484046936035
-24.5044250488281,-14.8709239959717
-12.6258068084717,-10.5907135009766
0.854914724826813,-4.12947845458984
10.7909240722656,2.68019437789917
18.0202255249023,9.79947376251221
21.0795459747314,17.9671974182129
20.0876789093018,25.4699878692627
15.6673831939697,28.8541564941406
8.50029563903809,24.4167404174805
2.65702080726624,10.4852838516235
0.570360720157623,-10.0481185913086
3.87310838699341,-29.3128242492676
9.59425163269043,-39.4283752441406
13.8018102645874,-39.759693145752
12.5258054733276,-29.8080272674561
5.22489643096924,-11.4625387191772
-3.69565343856812,6.74265718460083
-9.74748992919922,17.9348373413086
-8.37503337860107,19.7872581481934
-1.46890842914581,14.1203937530518
5.33491849899292,4.59733295440674
7.37314367294312,-4.17707777023315
2.30461645126343,-10.1756772994995
-8.44288349151611,-13.7385530471802
-16.6680183410645,-15.0882539749146
-19.5114727020264,-15.239821434021
-14.8005676269531,-15.055685043335
-4.23845624923706,-14.2366790771484
1.63383710384369,-11.4579458236694
0.0655539035797119,-8.17064666748047
-8.58985805511475,-6.00799417495728
-19.2020740509033,-4.43156909942627
-23.3348922729492,-4.20901966094971
-17.3619728088379,-4.8123664855957
-3.06871604919434,-5.44661092758179
13.5456495285034,-6.13722324371338
24.1691398620605,-6.59860563278198
26.1562156677246,-8.14392375946045
19.8559436798096,-11.137900352478
10.4773511886597,-15.6034994125366
3.69565343856812,-20.0695152282715
2.20586800575256,-21.7586765289307
5.33387470245361,-20.8565788269043
8.72994232177734,-17.1337852478027
9.64247798919678,-12.708062171936
5.91780567169189,-9.10385036468506
-0.808150172233582,-6.92094707489014
-7.81928634643555,-6.67104911804199
-13.1811361312866,-6.72950458526611
-15.739408493042,-6.7852463722229
-15.1955614089966,-5.61425352096558
-11.535608291626,-4.71507930755615
-4.3384575843811,-5.36184978485107
4.96790027618408,-7.40592098236084
13.9535865783691,-10.8525114059448
19.5878810882568,-14.445032119751
19.9801616668701,-15.2003631591797
17.807279586792,-12.7564973831177
16.9774169921875,-6.23555421829224
18.9759750366211,3.61485934257507
23.3058738708496,15.3298006057739
24.9514026641846,26.65016746521
21.5273590087891,35.161735534668
11.6385316848755,39.3824462890625
-4.73282480239868,37.3268928527832
-19.7064628601074,28.1180305480957
-28.7526931762695,12.287389755249
-28.8693962097168,-6.13847589492798
-20.0822505950928,-22.8935527801514
-5.10255718231201,-34.0970077514648
12.2523164749146,-36.9204177856445
25.6647701263428,-31.2134704589844
32.2744407653809,-19.6123085021973
30.4988479614258,-4.84869241714478
19.2177314758301,8.46355152130127
4.2610034942627,14.426869392395
-8.50363540649414,11.7266330718994
-14.2310428619385,1.37934601306915
-12.0481395721436,-10.4034461975098
-5.59525537490845,-17.9740867614746
0.377874404191971,-18.3958034515381
1.80690777301788,-14.0155916213989
-1.83926713466644,-8.94393253326416
-7.50550413131714,-6.7952675819397
-10.3992710113525,-8.88881683349609
-7.8399543762207,-11.0166044235229
-1.64197909832001,-9.40281009674072
4.89378690719604,-3.02633547782898
6.34369707107544,6.9574818611145
1.2895747423172,14.4581842422485
-5.91216850280762,16.5262641906738
-11.5155658721924,13.1725769042969
-9.53057670593262,6.95664691925049
0.444472163915634,1.41191411018372
12.2627553939819,-0.391235709190369
19.9713935852051,2.17664003372192
19.1997776031494,5.97730493545532
11.3057518005371,8.9109468460083
1.48519253730774,10.2735910415649
-2.36453342437744,9.17107486724854
3.84617686271667,8.70906543731689
17.033576965332,9.31596088409424
29.3904876708984,7.7908935546875
33.2535743713379,4.20442676544189
24.7144470214844,-2.23488712310791
4.90067625045776,-9.88987064361572
-17.1803417205811,-13.6404314041138
-29.8437271118164,-10.8378973007202
-28.0288867950439,-2.83009147644043
-13.0780038833618,5.67709302902222
7.74016237258911,9.44393730163574
22.5336322784424,6.16144037246704
24.8605861663818,-0.709819316864014
13.9299955368042,-5.25308036804199
-4.07436275482178,-3.13969779014587
-18.6663684844971,6.32323741912842
-23.3933486938477,19.5661697387695
-18.1807689666748,30.0140838623047
-9.04268074035645,33.1011734008789
-5.24723482131958,28.2420406341553
-11.6424980163574,19.0847454071045
-25.6499481201172,11.6155672073364
-40.4162788391113,10.855016708374
-48.4244995117188,16.2552795410156
-49.3911094665527,22.2902050018311
-44.7900161743164,23.7831230163574
-35.6863746643066,17.162805557251
-23.6138095855713,3.3937714099884
-14.0836505889893,-12.2992897033691
-12.5485620498657,-21.3507385253906
-17.1605091094971,-19.6551055908203
-24.1098480224609,-10.1842374801636
-27.2395248413086,0.9941645860672
-24.0298900604248,7.37168264389038
-12.97340965271,5.91989326477051
3.59147691726685,-0.565141439437866
17.5615558624268,-6.52616262435913
24.9081859588623,-6.73785543441772
23.5555629730225,-1.36765480041504
14.2700824737549,4.8578782081604
2.13822627067566,6.3065357208252
-7.97482013702393,2.2891674041748
-11.7174472808838,-4.1599588394165
-8.44351005554199,-7.65394020080566
-0.619004189968109,-4.3950343132019
7.97085332870483,5.18481254577637
12.935622215271,16.4456787109375
13.5130805969238,22.7273712158203
11.3341445922852,21.9513721466064
9.90824317932129,14.1598520278931
10.5376853942871,4.35035753250122
15.3980693817139,-2.49188327789307
21.7570056915283,-4.30672454833984
24.6973285675049,-1.05909216403961
21.532787322998,3.0363564491272
10.9769382476807,4.99775457382202
-3.67039227485657,4.98627185821533
-17.1045589447021,3.32299828529358
-23.1885452270508,1.73676085472107
-20.981632232666,2.96516585350037
-14.3446130752563,4.90401649475098
-8.1698112487793,5.34326934814453
-8.41845703125,4.40317630767822
-16.0055904388428,2.04052186012268
-26.1461944580078,0.811281740665436
-31.2583560943604,2.06139874458313
-29.0441360473633,4.2192497253418
-17.3651027679443,7.42742395401001
-0.617125272750854,9.35103416442871
11.5942726135254,9.25980186462402
13.8222703933716,7.40550327301025
5.3722882270813,3.46642351150513
-5.48690319061279,-0.959508717060089
-12.0416669845581,-6.36728811264038
-8.57336521148682,-13.350866317749
3.20191144943237,-20.9031352996826
14.9928455352783,-27.8568592071533
20.4118995666504,-31.7072124481201
15.7124767303467,-32.2493896484375
3.0388617515564,-28.5852584838867
-8.98505973815918,-21.2139949798584
-13.0137023925781,-13.8256101608276
-4.82447481155396,-9.44435501098633
13.0830144882202,-6.8591513633728
29.8034343719482,-4.58021354675293
38.3266944885254,-0.50376296043396
37.4590454101562,6.0294976234436
29.056245803833,12.1944875717163
19.9052124023438,14.5813589096069
14.8753080368042,11.0694236755371
15.9425420761108,3.83678221702576
20.0878868103027,-3.96997785568237
23.7490940093994,-9.292160987854
24.0889720916748,-8.45958518981934
20.7601280212402,-5.24222469329834
17.207691192627,-2.97810959815979
14.1738395690918,-4.35557651519775
12.4537801742554,-11.0802793502808
9.84289741516113,-19.1559352874756
3.05806875228882,-24.4977436065674
-8.86251163482666,-23.6396980285645
-22.1419792175293,-17.8362979888916
-29.2552032470703,-12.9370832443237
-25.7568378448486,-13.0343704223633
-10.4084568023682,-19.1953945159912
10.7744312286377,-27.2211532592773
27.657901763916,-30.2646083831787
35.5145568847656,-25.8948345184326
35.3955574035645,-12.1575345993042
27.2816963195801,7.34328985214233
18.0125007629395,23.8528518676758
12.5590000152588,31.2099208831787
10.1637773513794,28.8810863494873
8.12325572967529,18.772424697876
0.610444605350494,8.40300846099854
-11.9303922653198,2.53697776794434
-24.0384483337402,4.11841344833374
-28.9842205047607,11.2660856246948
-23.5252914428711,18.457181930542
-6.99965381622314,22.0488681793213
12.5383319854736,19.0168952941895
26.4487037658691,11.1118040084839
30.3326683044434,0.162005826830864
25.3981704711914,-11.3834142684937
17.6271095275879,-18.8747215270996
14.5024442672729,-21.2417602539062
19.008544921875,-15.588885307312
26.9912967681885,-2.08770394325256
30.7541751861572,13.992000579834
24.7000427246094,28.1963195800781
8.24684810638428,33.8792572021484
-15.3216590881348,27.8201160430908
-33.6404266357422,11.823920249939
-38.2152099609375,-8.95958995819092
-27.0733451843262,-25.7015132904053
-4.95057249069214,-32.2602462768555
18.8774356842041,-27.1831569671631
34.8986854553223,-16.7993354797363
38.1985092163086,-9.05478954315186
30.4366359710693,-8.83077907562256
14.8606939315796,-17.6471519470215
-2.57560038566589,-28.6316070556641
-16.7419242858887,-33.0786247253418
-25.9186344146729,-27.6468372344971
-31.3923854827881,-12.047721862793
-32.6919822692871,9.45312309265137
-29.3280639648438,28.1228332519531
-22.9872894287109,38.5989303588867
-14.5024442672729,40.6075096130371
-5.07165908813477,36.7692680358887
3.73302340507507,27.3998603820801
10.0385150909424,15.4607000350952
12.5458478927612,2.59605979919434
14.1903324127197,-11.0880041122437
14.1698722839355,-23.0582714080811
11.6650457382202,-30.7583503723145
5.48105764389038,-31.3297557830811
-5.26978206634521,-25.7896156311035
-18.3824424743652,-16.0258407592773
-29.8798446655273,-7.94246053695679
-34.4711227416992,-7.22575187683105
-29.6094875335693,-12.4383306503296
-14.556097984314,-19.4951877593994
5.77646780014038,-22.3674507141113
22.331750869751,-17.0849342346191
28.5000820159912,-5.83450603485107
21.7952117919922,6.81447410583496
7.43702745437622,13.5134983062744
-7.41615056991577,11.5099287033081
-15.5667552947998,1.85325479507446
-13.8871974945068,-9.8781795501709
-6.18795442581177,-17.6367130279541
0.530903100967407,-18.5578079223633
2.47351169586182,-13.9446096420288
-1.79292011260986,-8.64100646972656
-8.04747200012207,-6.17897701263428
-11.3228712081909,-8.12012481689453
-8.52764415740967,-10.486328125
-0.782262682914734,-9.23850727081299
6.02657508850098,-2.79272150993347
6.87814950942993,6.81405687332153
1.15804934501648,14.9989004135132
-7.13952970504761,17.3062305450439
-11.9180755615234,13.6836462020874
-8.09423637390137,6.46854162216187
2.6350998878479,0.411903977394104
13.0312385559082,-1.00335049629211
18.4928817749023,2.31547236442566
16.8454742431641,6.47751903533936
10.1998949050903,9.09821319580078
5.07312059402466,8.9084415435791
3.77895283699036,7.49694490432739
6.29547119140625,8.23077297210693
9.14456081390381,12.7788352966309
11.2579431533813,16.4463043212891
12.1976184844971,15.0352258682251
11.0809059143066,5.56226968765259
6.56332349777222,-10.3619003295898
-2.80274248123169,-24.6255111694336
-14.8828239440918,-31.4057464599609
-25.0741596221924,-27.4681282043457
-29.2721138000488,-15.6135196685791
-21.8572158813477,-0.792909920215607
-7.17209815979004,11.3472967147827
5.5580940246582,15.5732269287109
9.08944511413574,14.3379325866699
1.55805337429047,10.0861148834229
-9.83120632171631,4.55954551696777
-14.9538059234619,0.184553027153015
-8.72660255432129,-4.56935739517212
6.62428426742554,-11.0619077682495
22.0369682312012,-19.501033782959
27.2146816253662,-29.3412170410156
20.0751514434814,-38.6106224060059
2.94637656211853,-43.3016929626465
-14.8583974838257,-40.930061340332
-23.0248680114746,-31.0255756378174
-16.3692684173584,-15.1924304962158
4.4405460357666,-0.468063205480576
27.348503112793,4.76727199554443
41.2093963623047,-1.29395890235901
42.1814308166504,-15.685754776001
34.2800979614258,-31.5456237792969
22.8160991668701,-41.5164985656738
15.3494253158569,-44.2225799560547
14.8199834823608,-41.1653442382812
18.8047847747803,-35.8483810424805
21.3592987060547,-32.8222541809082
18.3557186126709,-32.6166152954102
8.7211742401123,-33.321216583252
-4.46455478668213,-30.6591854095459
-15.659031867981,-21.8812255859375
-21.276834487915,-8.06104278564453
-20.308765411377,6.58983755111694
-17.318338394165,18.4584331512451
-15.0513010025024,22.4964714050293
-14.6467046737671,20.6676425933838
-13.9460706710815,14.7604837417603
-8.95812892913818,7.02512359619141
0.960343778133392,-0.131107807159424
12.5036764144897,-6.13513565063477
20.6680603027344,-9.31909275054932
23.1820735931396,-9.29278755187988
18.865327835083,-3.46934628486633
11.5462551116943,9.14414310455322
6.21488571166992,23.9470081329346
5.56748867034912,33.3036804199219
9.50740337371826,33.5289421081543
11.9495992660522,22.17746925354
7.3094687461853,0.573074698448181
-6.22678565979004,-22.3236083984375
-22.7252826690674,-35.8665428161621
-34.5702896118164,-36.6911888122559
-38.7701225280762,-28.8426742553711
-33.9360427856445,-15.6859636306763
-22.5194358825684,-2.59856510162354
-12.8529491424561,5.28752756118774
-10.8491706848145,5.53993129730225
-18.2720012664795,2.73739743232727
-28.0146903991699,-0.558460772037506
-31.546667098999,-1.9298734664917
-24.1987838745117,-3.58166480064392
-4.57040119171143,-7.61803150177002
19.7862129211426,-12.4293537139893
36.2604942321777,-15.7763605117798
38.8910026550293,-14.9130954742432
31.1623210906982,-8.49653720855713
15.6369018554688,3.69920253753662
0.781010031700134,14.7997331619263
-5.28439617156982,20.623592376709
-2.29438662528992,21.124849319458
5.49024391174316,17.787446975708
10.4088745117188,16.4832572937012
9.60865688323975,19.9475936889648
3.07017731666565,28.3462181091309
-4.61946249008179,36.613525390625
-8.09590721130371,40.7686805725098
-6.05559396743774,39.211254119873
1.16472995281219,32.3306007385254
8.95833778381348,24.7925281524658
11.444375038147,21.7904090881348
5.67918109893799,23.344913482666
-3.55118441581726,23.2215309143066
-11.904296875,16.498706817627
-14.7396068572998,2.29584789276123
-8.14872550964355,-15.2930574417114
3.5680947303772,-27.8372344970703
15.1070432662964,-30.0618915557861
20.1820430755615,-22.4622325897217
15.2114286422729,-8.69612216949463
0.937170267105103,2.12089848518372
-15.6149816513062,3.22445869445801
-27.4290885925293,-4.74994373321533
-29.3422603607178,-15.6199922561646
-21.4887371063232,-20.5271396636963
-6.97293090820312,-14.5759315490723
8.48067092895508,0.604181528091431
16.8680210113525,14.5993137359619
15.6298036575317,19.2300491333008
8.57900142669678,12.103045463562
-0.0837169289588928,-2.89668917655945
-3.86726260185242,-15.4531841278076
0.195409089326859,-17.7824363708496
10.0796432495117,-8.93057060241699
20.1818332672119,6.94599962234497
22.7175579071045,21.4240169525146
17.9820194244385,28.2558193206787
7.24516773223877,26.6439037322998
-4.30046129226685,18.7933025360107
-9.59237289428711,9.66878318786621
-5.71550703048706,3.6357364654541
6.6228232383728,1.17850887775421
20.587474822998,1.89751410484314
28.370433807373,4.0282244682312
27.8679237365723,6.48065042495728
20.2179508209229,12.1798734664917
8.93933963775635,20.528392791748
0.801887094974518,28.1819152832031
-0.351986885070801,30.8447818756104
3.98897576332092,25.0518207550049
10.3871622085571,11.43727684021
12.8704862594604,-3.3971118927002
6.94474697113037,-12.7312355041504
-5.92636489868164,-11.6521015167236
-20.795618057251,-1.48393988609314
-30.685489654541,10.0969715118408
-30.5975971221924,17.1398410797119
-20.3488502502441,16.4703140258789
-2.61589288711548,9.73162269592285
16.6780395507812,1.7570116519928
29.5572948455811,-0.793953776359558
32.0813293457031,4.00985288619995
24.9228000640869,9.92661476135254
11.5813283920288,10.321608543396
-2.43927335739136,1.56786561012268
-10.9758949279785,-13.2331199645996
-10.7374782562256,-23.8603687286377
-2.88144898414612,-23.1557674407959
9.00572872161865,-8.38233947753906
19.3275451660156,14.0389738082886
22.5676612854004,29.8433094024658
19.0720100402832,32.1650466918945
8.32304954528809,21.0271453857422
-6.17438411712646,-1.90670001506805
-19.0502986907959,-22.7889575958252
-26.1869049072266,-31.0531349182129
-26.7090396881104,-28.1508083343506
-21.7703666687012,-17.1713638305664
-11.7652549743652,-5.42134952545166
-0.178498685359955,0.325890570878983
10.2658662796021,0.250315696001053
15.6577796936035,-1.01838195323944
14.4460763931274,1.25617146492004
7.38901042938232,8.46668338775635
-4.37561845779419,16.374906539917
-16.5559101104736,17.9722080230713
-24.222375869751,12.5813388824463
-24.3889751434326,1.9292471408844
-16.9930744171143,-7.6174054145813
-3.09752631187439,-9.96565437316895
12.700963973999,-5.095458984375
23.6584873199463,4.71674966812134
27.1664562225342,10.7660799026489
24.3772830963135,8.40697479248047
18.3170967102051,-1.00209784507751
13.9387636184692,-11.1122217178345
13.4120359420776,-14.3039035797119
17.1012172698975,-6.71927499771118
22.045108795166,9.09967517852783
22.6494998931885,24.005880355835
16.3719825744629,29.7610549926758
1.47684168815613,24.1363620758057
-19.4935169219971,9.50218391418457
-37.8268966674805,-5.93408966064453
-47.6814880371094,-13.6853170394897
-49.6230506896973,-14.0462808609009
-44.8284301757812,-11.5859212875366
-31.8577346801758,-8.31052303314209
-14.7385635375977,-7.78316879272461
-1.50314676761627,-10.5282907485962
2.97602200508118,-12.708062171936
-2.25158858299255,-10.0161771774292
-13.1556663513184,0.202507272362709
-23.001277923584,15.0803203582764
-26.0378437042236,28.4050903320312
-20.1279716491699,34.5302047729492
-7.39172458648682,31.8800735473633
7.24308013916016,19.4791126251221
15.2851238250732,1.21796643733978
12.1429214477539,-15.8306407928467
-1.65492284297943,-26.7697925567627
-18.4162616729736,-29.0612564086914
-29.5424709320068,-23.2756023406982
-30.9399814605713,-13.3249788284302
-21.1572093963623,-1.59041285514832
-5.91300392150879,9.02639675140381
6.75121688842773,14.5611085891724
8.16417503356934,15.05881690979
0.484764844179153,11.2627449035645
-9.76314735412598,6.26666069030762
-14.5769748687744,0.251985847949982
-8.16062545776367,-5.79859781265259
6.23701524734497,-11.5706815719604
20.9125308990479,-19.4542694091797
26.4038181304932,-28.5464286804199
18.8210678100586,-38.2765884399414
1.67893147468567,-44.5315589904785
-15.9122705459595,-41.9876937866211
-23.9756088256836,-30.936014175415
-17.2285671234131,-12.9153718948364
3.8701856136322,2.96328687667847
26.9958896636963,5.81174993515015
40.729850769043,-5.99922609329224
41.610237121582,-22.8108787536621
33.0688133239746,-33.7767524719238
20.7916526794434,-32.1955261230469
10.5850763320923,-17.309362411499
7.65456628799438,1.62402486801147
11.8949022293091,11.2128486633301
19.5803661346436,7.0215744972229
25.7862739562988,-1.68665599822998
27.7933940887451,-5.1520357131958
26.3303298950195,4.34325933456421
22.587911605835,25.2766666412354
19.7175273895264,43.0666160583496
19.5976943969727,49.6111526489258
19.9436264038086,46.3150863647461
18.7584362030029,30.3218116760254
14.8892955780029,5.80381679534912
6.85393190383911,-13.5780086517334
-2.60879468917847,-19.583080291748
-9.7896614074707,-11.9374904632568
-12.9583778381348,2.29292511940002
-11.4660873413086,14.6270799636841
-7.84433889389038,19.4655418395996
-3.58959817886353,15.4997396469116
-1.4603488445282,7.30278825759888
-1.11880052089691,0.681635320186615
0.611070930957794,-1.02715027332306
4.42655849456787,2.01421666145325
10.8151416778564,4.79921388626099
16.8095645904541,3.90567636489868
19.3672122955322,-0.573283493518829
16.4957828521729,-5.79838895797729
8.56710147857666,-4.69127941131592
-0.998131215572357,4.21215152740479
-8.69612216949463,18.4302501678467
-10.5616941452026,30.2573013305664
-5.50569295883179,33.4477310180664
4.11590814590454,26.2221870422363
15.0719699859619,10.6662883758545
22.5540924072266,-6.61092329025269
23.4906349182129,-19.5173168182373
17.9968433380127,-25.6418056488037
7.66751003265381,-27.2520523071289
-4.59587144851685,-25.803394317627
-14.2565126419067,-22.3142147064209
-18.8014430999756,-15.3617429733276
-19.1651210784912,-3.62801194190979
-15.7936887741089,10.7639923095703
-11.5965690612793,23.8756084442139
-8.06981086730957,29.2011318206787
-4.55244731903076,24.1102657318115
-1.06723427772522,8.31365489959717
5.09629392623901,-10.566704750061
13.1928272247314,-21.0697345733643
21.5062732696533,-19.6231632232666
27.14599609375,-8.95854663848877
26.5503749847412,0.950322806835175
19.6198234558105,0.684766888618469
8.5662670135498,-12.2969932556152
-3.31151604652405,-30.8113784790039
-9.99342060089111,-41.929443359375
-10.5982284545898,-40.8824615478516
-6.42156839370728,-24.9065170288086
1.55993235111237,2.35472130775452
7.6048789024353,24.4188289642334
9.19278621673584,31.8038730621338
6.54536914825439,24.267053604126
0.867232203483582,7.3785719871521
-6.06937265396118,-7.52471113204956
-12.9345779418945,-11.1297578811646
-18.5465354919434,-5.59859561920166
-23.2987747192383,-0.0899800360202789
-26.3558006286621,-2.68520474433899
-26.2180118560791,-14.0734205245972
-23.2614059448242,-26.9649925231934
-17.123556137085,-31.1708812713623
-9.98569679260254,-21.0954132080078
-5.04911184310913,2.67330479621887
-6.01801538467407,26.313419342041
-11.7744417190552,36.4289703369141
-19.4269199371338,29.6529121398926
-24.0580730438232,7.94893264770508
-22.0611839294434,-18.5603141784668
-13.1681928634644,-34.8878288269043
-1.75951683521271,-34.6903305053711
8.20634651184082,-21.0795459747314
11.5633745193481,-1.93926811218262
5.0917010307312,10.5188961029053
-6.10507249832153,11.420783996582
-17.3479843139648,4.3964958190918
-23.4259166717529,-3.36245584487915
-23.1860389709473,-5.84223079681396
-18.6939277648926,-3.26370739936829
-12.1552381515503,0.437373965978622
-6.81238651275635,1.35617244243622
-3.1607837677002,-2.56641435623169
-0.845728874206543,-8.49904251098633
1.77872371673584,-10.9395685195923
5.7994327545166,-7.22157669067383
8.83265781402588,1.88958084583282
10.4220266342163,13.0462703704834
9.60385513305664,20.6926956176758
6.53660106658936,22.3935470581055
1.02861166000366,18.2221069335938
-3.9841742515564,10.6932191848755
-9.03913116455078,1.59855484962463
-14.5753049850464,-8.22492694854736
-19.8674259185791,-19.5571918487549
-26.6192684173584,-32.2926025390625
-31.0571002960205,-40.3832931518555
-32.7013778686523,-42.3200531005859
-28.9499816894531,-37.4133224487305
-18.8517570495605,-20.9628429412842
-4.50025463104248,2.14741230010986
9.71784400939941,20.0534400939941
16.0845050811768,25.3507804870605
13.642936706543,18.2770118713379
3.75285649299622,3.8689329624176
-7.75080966949463,-8.20008373260498
-15.2932662963867,-11.4627466201782
-15.1197776794434,-5.48523330688477
-7.28170251846313,3.43427300453186
3.51172685623169,6.10590744018555
12.2235059738159,-0.663263559341431
14.0500383377075,-12.6174564361572
8.71512031555176,-22.4555511474609
-0.649693429470062,-23.2530555725098
-8.30175495147705,-13.7082815170288
-9.78151893615723,-0.113779865205288
-3.98960208892822,9.16251468658447
8.41803932189941,6.86186504364014
21.6352939605713,-3.58166480064392
30.5623149871826,-13.9732112884521
34.1709098815918,-17.328987121582
31.7502193450928,-10.8011541366577
26.2708301544189,2.04344463348389
19.7753582000732,12.0558633804321
16.6855564117432,9.74039173126221
17.1319065093994,-5.73241758346558
19.0941390991211,-26.7374324798584
18.7083320617676,-40.7757797241211
15.1757287979126,-41.5676460266113
8.09715938568115,-27.962287902832
-3.26997065544128,-1.78707456588745
-12.7976245880127,22.7547206878662
-19.0467491149902,32.2034606933594
-21.9446907043457,26.6487045288086
-22.7461605072021,9.25500011444092
-24.0204944610596,-11.680703163147
-26.388786315918,-25.4557914733887
-29.1167888641357,-27.4255390167236
-32.6679725646973,-18.8108386993408
-34.4308319091797,-4.18897771835327
-32.5377006530762,10.4057426452637
-28.2558193206787,21.5348739624023
-24.1989936828613,26.3232326507568
-20.7129459381104,26.5846118927002
-16.8064346313477,24.5906467437744
-11.5132694244385,21.1551208496094
-3.5735228061676,16.9780426025391
3.83260679244995,12.1846752166748
7.74913930892944,6.88817024230957
2.32131791114807,1.29521155357361
-13.4976320266724,-4.67478656768799
-32.1537704467773,-10.3612747192383
-44.781665802002,-13.5836458206177
-47.685661315918,-14.5880393981934
-39.0644874572754,-15.2043304443359
-16.5089359283447,-12.6510677337646
11.6464653015137,-8.90969371795654
30.7218151092529,-7.46562910079956
35.2757225036621,-8.60697650909424
28.2581157684326,-11.2249574661255
15.773229598999,-12.5800857543945
8.6105260848999,-8.8172082901001
12.2884340286255,1.43299996852875
24.2346935272217,14.5976428985596
35.9999504089355,24.5420036315918
41.4778747558594,27.3315925598145
39.6344337463379,24.7361602783203
31.3976058959961,14.998064994812
20.4544868469238,2.39668416976929
15.3554801940918,-5.58648681640625
19.470552444458,-5.34139060974121
27.9568614959717,3.05097055435181
33.7097358703613,14.9199848175049
30.9710865020752,24.5992069244385
18.6947612762451,28.4608325958252
0.189354747533798,24.4708118438721
-15.9387845993042,13.6780099868774
-22.6294574737549,-0.0463470257818699
-19.5521812438965,-11.3804912567139
-10.9719276428223,-17.1978778839111
-1.48373115062714,-17.551326751709
4.44973230361938,-11.7508506774902
5.78356599807739,-2.50086045265198
5.8537130355835,4.85641670227051
7.43598365783691,8.3693962097168
12.5126533508301,5.62156009674072
19.6887187957764,-0.524848759174347
25.5578804016113,-5.40339517593384
27.4372310638428,-3.99085474014282
26.0858612060547,7.82680177688599
23.468505859375,25.9173831939697
20.87766456604,41.5987510681152
21.0311107635498,48.0042457580566
21.372034072876,44.6895980834961
20.2830867767334,30.6157608032227
15.338360786438,6.86791944503784
5.81258535385132,-13.1055612564087
-3.36621379852295,-19.5720157623291
-10.0856971740723,-12.307014465332
-12.9389629364014,2.59334588050842
-11.4410352706909,15.1410722732544
-7.15142965316772,19.732141494751
-3.4528534412384,15.4619522094727
-1.2252733707428,7.46980476379395
-0.304178446531296,1.28936588764191
0.132777974009514,-0.672658205032349
3.35556650161743,1.03236961364746
9.9472827911377,3.49147605895996
16.6481857299805,3.21088862419128
20.8300647735596,0.228186041116714
19.1171054840088,-3.24283051490784
9.17462348937988,-4.80839967727661
-6.96541547775269,-1.97956085205078
-23.4578590393066,2.96245193481445
-34.2638130187988,5.64911794662476
-37.0049705505371,5.07228517532349
-32.8523178100586,1.8160936832428
-24.0202865600586,-0.771615386009216
-15.9868011474609,0.100001014769077
-13.0656862258911,4.45766544342041
-13.0552473068237,9.0366268157959
-13.6464853286743,9.30489635467529
-11.0713024139404,3.21527290344238
-2.30044102668762,-7.09527063369751
8.48380279541016,-17.022928237915
15.8456726074219,-22.542610168457
14.491587638855,-23.0935535430908
0.779548645019531,-19.5313053131104
-19.8465480804443,-15.164454460144
-38.0438117980957,-14.0143384933472
-45.805477142334,-17.207691192627
-42.4492835998535,-23.8776950836182
-28.5063438415527,-31.0545959472656
-7.98672008514404,-34.4579696655273
7.89152097702026,-31.8339347839355
11.9168224334717,-25.3230133056641
2.44762396812439,-18.3189754486084
-14.5782279968262,-12.2276821136475
-27.9879665374756,-9.06543636322021
-30.3727512359619,-7.39610862731934
-19.2083377838135,-5.62490081787109
2.96683597564697,-2.62549638748169
26.8146781921387,3.32028436660767
41.429859161377,8.98422527313232
44.3071327209473,13.574667930603
38.2187614440918,17.1736602783203
25.3795909881592,15.9980754852295
11.4059619903564,10.1197271347046
4.33929252624512,0.958673655986786
7.19485378265381,-10.4188947677612
16.9133243560791,-20.5217113494873
28.2501831054688,-26.0587196350098
34.6437759399414,-26.7850322723389
34.3496170043945,-22.6463680267334
26.6777248382568,-15.685754776001
13.2358341217041,-9.13412189483643
0.990197956562042,-5.62072515487671
-5.64139366149902,-8.13912200927734
-4.68752145767212,-14.3943004608154
1.36723732948303,-19.3146018981934
7.28044986724854,-18.2212715148926
8.35770511627197,-8.61762428283691
2.46015024185181,8.27565860748291
-6.71029806137085,26.3614368438721
-14.6289587020874,38.3352546691895
-18.1216869354248,41.0678482055664
-15.8460903167725,36.1813697814941
-9.2529125213623,22.9129676818848
-3.59607005119324,5.10965538024902
-3.19731855392456,-9.69320964813232
-8.92201137542725,-17.4400520324707
-15.6366939544678,-17.4204273223877
-17.8962154388428,-11.2932252883911
-11.2690076828003,-0.927358090877533
5.13992691040039,10.776309967041
22.4643211364746,19.1958103179932
35.1872062683105,22.244068145752
38.3143768310547,18.9484176635742
30.4698295593262,9.16648197174072
13.6289482116699,-6.09442520141602
-5.44911575317383,-21.1578350067139
-18.4588508605957,-30.7262001037598
-23.6196556091309,-32.5028343200684
-22.8666210174561,-27.7537269592285
-18.992259979248,-18.7216930389404
-12.79616355896,-9.14831829071045
-6.28774642944336,-3.15118026733398
-0.436538875102997,-2.88124012947083
6.05997800827026,-7.24704647064209
10.8533458709717,-12.8715295791626
10.414719581604,-16.8135318756104
4.75474548339844,-16.5147819519043
-4.25140047073364,-9.90511131286621
-11.3427038192749,2.26474118232727
-13.4433517456055,16.9360809326172
-9.3170051574707,29.4330768585205
-2.47413778305054,36.839412689209
1.74719941616058,36.4619560241699
-0.493324428796768,25.7180061340332
-10.9990682601929,6.61969137191772
-23.4254989624023,-14.8076658248901
-29.8090705871582,-27.7512226104736
-27.0445346832275,-27.4839954376221
-14.9951419830322,-13.9312477111816
0.902514398097992,9.17504119873047
9.12785911560059,29.6631412506104
4.03615808486938,39.3072891235352
-11.154393196106,36.341495513916
-28.4347362518311,22.6768493652344
-38.7644844055176,5.06664848327637
-37.4191703796387,-8.57440853118896
-25.1666450500488,-14.1796846389771
-7.91740846633911,-12.6397943496704
5.17019891738892,-9.93141651153564
8.26918601989746,-11.4581537246704
5.23095083236694,-17.0396308898926
1.97141885757446,-23.868091583252
4.50171613693237,-26.875638961792
14.3206052780151,-22.9275817871094
24.2209148406982,-13.7696599960327
27.8908882141113,-3.31360363960266
21.5428085327148,3.57018256187439
7.78650903701782,5.47208070755005
-5.51446104049683,4.36163091659546
-9.61826038360596,2.12737035751343
-2.29689192771912,2.73656225204468
12.7934494018555,7.04641819000244
26.2054862976074,11.9606647491455
29.8266086578369,14.5009822845459
22.7165145874023,14.2427339553833
7.32951068878174,12.9604654312134
-7.39569091796875,12.9727830886841
-12.4479341506958,16.6442184448242
-7.48880290985107,19.9150257110596
3.20546054840088,18.4271183013916
11.0366468429565,5.40861463546753
10.2907104492188,-16.0373229980469
2.17831015586853,-36.2444190979004
-7.75540256500244,-46.6374244689941
-12.5876016616821,-43.5060806274414
-11.7654638290405,-25.1159133911133
-4.11089754104614,5.62991094589233
5.59546422958374,32.6214179992676
10.1299571990967,43.3649520874023
8.71616363525391,38.6935043334961
0.557625710964203,22.3634834289551
-11.7366542816162,1.30293595790863
-22.9482498168945,-11.8692226409912
-30.494047164917,-12.3926105499268
-34.4462776184082,-5.30276775360107
-34.2752952575684,3.05076169967651
-28.7291030883789,8.06250381469727
-18.0571765899658,8.7261848449707
-3.5724790096283,8.30572128295898
10.8422813415527,9.5312032699585
17.8131256103516,15.2853326797485
15.864670753479,22.3866577148438
6.65497350692749,25.5985908508301
-4.58250999450684,22.5881214141846
-9.63412761688232,12.708062171936
-4.48355293273926,1.05554306507111
9.19069862365723,-4.20943737030029
22.69167137146,0.546143352985382
26.4912929534912,13.5569229125977
17.1905708312988,28.9080181121826
-2.48123598098755,37.4281463623047
-22.6446971893311,35.0427360534668
-32.2901000976562,23.9649620056152
-25.817590713501,6.90069627761841
-3.76413011550903,-11.170259475708
22.5117111206055,-22.7641143798828
37.8536224365234,-25.874584197998
38.6344223022461,-25.2720737457275
28.6113548278809,-22.2248611450195
11.9969902038574,-18.8876667022705
-0.445098459720612,-15.5018281936646
-1.51442039012909,-12.3450107574463
7.32408285140991,-8.69382572174072
17.5968379974365,-2.45033812522888
21.2839317321777,5.12510442733765
15.6744813919067,14.0734205245972
3.49711275100708,22.4307079315186
-7.28796577453613,27.9735622406006
-8.72827243804932,29.1088562011719
0.815874695777893,25.0942001342773
14.5425281524658,14.7130928039551
23.029878616333,1.93905937671661
20.3588714599609,-10.0264072418213
5.37500238418579,-15.503080368042
-15.4680070877075,-11.4412441253662
-31.2395668029785,0.725059568881989
-35.4204025268555,16.4840927124023
-26.8798141479492,28.1376552581787
-8.30133724212646,32.7251777648926
11.924129486084,26.8877468109131
26.3570537567139,11.8416652679443
32.0635833740234,-5.95392274856567
31.5554351806641,-21.6267337799072
29.6255626678467,-29.7320346832275
28.9514427185059,-30.5746326446533
30.705322265625,-24.8699817657471
31.1627388000488,-14.8093366622925
26.2111225128174,-4.38981485366821
14.1147575378418,4.90777444839478
-4.06830883026123,10.5921745300293
-22.3135871887207,11.2888412475586
-33.8719520568848,8.7877721786499
-37.2719879150391,4.19461488723755
-32.8103561401367,-0.269940108060837
-23.8131866455078,-1.31379210948944
-16.4642601013184,1.00439429283142
-12.8848905563354,5.7956748008728
-13.1009683609009,9.76105976104736
-13.305980682373,8.78443145751953
-10.0953006744385,2.42549443244934
-2.63551735877991,-7.69903469085693
7.24516773223877,-17.5529975891113
13.9590148925781,-23.0954322814941
12.8118209838867,-23.6440811157227
0.988527774810791,-19.3369407653809
-19.0882949829102,-14.5613174438477
-38.006649017334,-13.1836414337158
-47.0566368103027,-15.8066329956055
-44.4511833190918,-22.7434463500977
-29.8531227111816,-30.6228580474854
-7.21030282974243,-33.8235168457031
10.5134677886963,-31.2827816009521
12.2673482894897,-25.4436817169189
-1.59521460533142,-18.716682434082
-20.4281826019287,-13.3466911315918
-30.6779747009277,-9.03328609466553
-24.8891887664795,-5.14180612564087
-7.721999168396,-2.29689192771912
6.40110874176025,-1.65241765975952
6.71405553817749,-3.63469243049622
-6.65601778030396,-7.80216693878174
-22.2549228668213,-11.7537727355957
-26.8090400695801,-15.2481718063354
-17.7851505279541,-18.0646934509277
-0.752617239952087,-20.5736961364746
11.274227142334,-22.6820678710938
10.2575159072876,-21.8091983795166
-0.83696049451828,-14.9709243774414
-11.6612873077393,0.0427979305386543
-12.5995016098022,19.5638732910156
-0.345514982938766,35.7627868652344
19.169506072998,40.631103515625
34.4965934753418,33.8853149414062
39.1646995544434,19.7619972229004
30.2566757202148,2.13739132881165
10.4401893615723,-10.3973913192749
-11.3838319778442,-12.448769569397
-22.9691276550293,-5.69128942489624
-22.1622295379639,3.85661554336548
-13.6103677749634,9.20552158355713
-1.66703152656555,7.30007410049438
6.74620628356934,1.97956085205078
10.5134677886963,-0.97767174243927
10.8834095001221,2.31421971321106
10.1648216247559,13.0287342071533
10.2748432159424,24.2559871673584
10.8452043533325,28.2564468383789
10.7664976119995,22.9908390045166
5.79609251022339,8.89299201965332
-1.6405177116394,-8.11490535736084
-9.8831901550293,-20.0759868621826
-16.0323143005371,-23.2426166534424
-16.6360778808594,-16.856330871582
-13.5558786392212,-5.37458515167236
-8.94915199279785,5.66623735427856
-5.92427730560303,12.7949113845825
-6.11217069625854,14.5794801712036
-8.61532783508301,13.8800992965698
-12.4876012802124,12.3162002563477
-14.1757183074951,11.3272552490234
-13.5132894515991,12.3579540252686
-10.7894620895386,16.020414352417
-5.78001689910889,21.248441696167
-0.978089272975922,29.4723243713379
3.8060929775238,37.6398391723633
8.43411540985107,41.9975051879883
11.3076305389404,41.5150375366211
12.6199617385864,33.3377075195312
13.9698705673218,16.8095645904541
16.1723976135254,-1.72172939777374
18.7308788299561,-13.421012878418
20.6210861206055,-15.2003631591797
21.6000118255615,-8.30300712585449
17.6598873138428,0.639463722705841
8.71679019927979,4.06914377212524
-4.13114833831787,-2.25993943214417
-17.4511165618896,-18.1392250061035
-24.3357372283936,-34.8784332275391
-22.7722568511963,-44.8008728027344
-14.9738473892212,-46.8244857788086
-4.14743280410767,-39.6484184265137
3.69147801399231,-23.6044158935547
1.04072034358978,-5.96519613265991
-10.8623237609863,6.34849882125854
-26.073543548584,10.9005279541016
-37.7868156433105,8.70572566986084
-40.0409088134766,3.59210324287415
-33.8395919799805,-1.56932699680328
-21.8950042724609,-7.44767475128174
-9.01971626281738,-11.0610733032227
-0.47453510761261,-12.6116104125977
0.770571529865265,-11.5337285995483
-3.07101249694824,-6.67898225784302
-8.02659511566162,-0.704182505607605
-11.1656665802002,3.29022145271301
-11.8149423599243,2.78938126564026
-10.7053279876709,-1.15679669380188
-9.72723865509033,-6.71551704406738
-9.87463092803955,-9.18360042572021
-10.4257841110229,-6.04682540893555
-9.44122314453125,1.19187021255493
-5.70924377441406,10.375262260437
-0.226098328828812,15.524374961853
5.78022575378418,12.7272691726685
10.7483348846436,3.62112236022949
14.5028610229492,-7.45185041427612
17.4548740386963,-15.0283365249634
18.6490421295166,-17.8043556213379
18.3469505310059,-18.3536319732666
15.1542253494263,-19.6231632232666
11.2170238494873,-23.3829097747803
9.44393730163574,-26.6729221343994
12.0537757873535,-26.1770935058594
21.8691158294678,-16.9517383575439
35.1890830993652,2.17872786521912
44.2459602355957,22.2165107727051
46.5002632141113,32.8324851989746
41.914623260498,35.4001502990723
28.9449710845947,25.069149017334
8.31386280059814,-1.3501181602478
-9.11073970794678,-26.4754257202148
-13.9268636703491,-38.5388069152832
-5.50214385986328,-36.2448348999023
11.5153570175171,-22.3018970489502
27.2426567077637,-4.30463647842407
34.2185096740723,6.52783250808716
30.1491584777832,5.21884202957153
17.7362976074219,-4.57395029067993
3.91423606872559,-15.2771911621094
-4.99671030044556,-19.791015625
-3.43364667892456,-14.681360244751
7.27376937866211,-2.09375834465027
19.9851722717285,9.81116485595703
28.4750289916992,13.5337495803833
29.5228481292725,6.63054752349854
23.9570293426514,-9.92932891845703
13.7965908050537,-28.5959072113037
2.11547040939331,-41.2979164123535
-6.7361855506897,-45.4119453430176
-12.626015663147,-40.7626266479492
-15.9886808395386,-27.2674999237061
-14.5389785766602,-8.50593185424805
-8.91950607299805,8.47419929504395
-0.771615386009216,16.8099822998047
6.05267095565796,13.1623468399048
8.69027614593506,-0.763055801391602
5.93784761428833,-18.7594814300537
-1.47036981582642,-32.2241287231445
-9.88757419586182,-36.1141471862793
-14.8575620651245,-29.8520774841309
-13.8617277145386,-15.5544376373291
-6.38733005523682,0.422551274299622
4.94806718826294,11.6761102676392
14.8226976394653,16.3678073883057
18.964075088501,15.6352319717407
15.4149789810181,14.9577722549438
6.04097986221313,17.7145843505859
-6.51301002502441,23.3417816162109
-17.8120803833008,27.9328517913818
-26.490665435791,26.1209335327148
-31.0754718780518,16.8053894042969
-31.39990234375,2.94303607940674
-28.0522689819336,-8.89257526397705
-23.5455417633057,-12.5825910568237
-17.8594722747803,-7.05831813812256
-11.5109729766846,2.02883076667786
-7.53410577774048,5.97855758666992
-4.81424522399902,-2.10565805435181
-2.85744023323059,-19.2039527893066
-2.01212906837463,-35.6310501098633
-2.23426079750061,-43.7983589172363
-5.06936264038086,-39.5555152893066
-11.3243322372437,-22.5728816986084
-19.5321407318115,1.02130472660065
-26.2215614318848,18.1682434082031
-28.0092620849609,21.4906158447266
-24.2545261383057,13.9993076324463
-15.0811557769775,2.37768602371216
-3.93323421478271,-2.79752326011658
2.83823347091675,4.1539044380188
-0.698128163814545,19.8580303192139
-13.4464836120605,33.0652618408203
-26.7242794036865,36.2206192016602
-34.3193473815918,26.5040283203125
-29.7499885559082,4.10755729675293
-10.0276594161987,-23.5499267578125
15.2049560546875,-42.4171333312988
30.7823581695557,-46.2541236877441
36.6256332397461,-41.576416015625
34.6235237121582,-30.173583984375
23.7056694030762,-13.7078638076782
13.4375057220459,1.2304927110672
12.1015844345093,9.96502780914307
19.6626224517822,13.245228767395
27.8954811096191,13.4116182327271
29.7890300750732,12.4464731216431
22.2240257263184,12.05482006073
6.57981634140015,12.2963676452637
-7.66437864303589,13.5834369659424
-11.8370723724365,13.8122491836548
-3.98062515258789,12.5638017654419
9.43600368499756,9.22786045074463
18.0304546356201,4.73512125015259
15.2220754623413,2.17789268493652
1.24281013011932,3.90296244621277
-16.5456790924072,11.689263343811
-27.7443313598633,23.463077545166
-27.6153125762939,34.2281150817871
-19.1085453033447,40.5895576477051
-9.24184799194336,40.0058364868164
-4.78376483917236,31.2449951171875
-9.18422698974609,16.786600112915
-18.777853012085,1.84761798381805
-26.1768836975098,-9.13537502288818
-24.6075572967529,-15.1703004837036
-13.2072324752808,-18.3527965545654
1.28205895423889,-20.722339630127
8.93683433532715,-22.5041961669922
6.64286518096924,-21.9651508331299
-2.42507696151733,-14.7780208587646
-11.682373046875,0.528606653213501
-10.880277633667,19.4582347869873
1.09374809265137,35.3433647155762
19.4200305938721,40.3812026977539
34.8164291381836,33.0615043640137
39.5534286499023,18.584114074707
30.6554260253906,1.4037721157074
10.1842374801636,-10.7040758132935
-11.1343507766724,-12.201376914978
-22.655553817749,-5.23992824554443
-22.0378017425537,4.67144632339478
-12.8794631958008,9.42306041717529
-2.0461585521698,7.26207780838013
6.12991619110107,1.4046071767807
10.0717096328735,-1.81985151767731
11.6477174758911,3.75577926635742
12.4166193008423,14.2489967346191
12.0880146026611,24.00901222229
10.4295425415039,27.2942237854004
7.66208219528198,20.6006278991699
5.68189477920532,8.17899799346924
5.01445579528809,-4.5760383605957
6.24808025360107,-10.8512582778931
7.33765268325806,-10.3424854278564
7.50988864898682,-6.46833324432373
5.72531938552856,-1.82882857322693
4.6142430305481,2.13947892189026
5.93346309661865,5.89442300796509
8.89487171173096,11.6402015686035
11.8495988845825,18.4091644287109
12.1182861328125,23.2524280548096
9.78840827941895,22.0856113433838
5.58940982818604,11.9343595504761
3.0954384803772,-4.44221639633179
3.75285649299622,-19.900411605835
6.89819145202637,-26.1631050109863
10.3834037780762,-20.4638824462891
12.7491903305054,-4.56852245330811
12.1919822692871,12.7433443069458
9.16272354125977,21.9547119140625
7.37690162658691,19.0168952941895
7.09213876724243,4.12572050094604
8.98171997070312,-13.2151660919189
11.7155675888062,-23.7090091705322
13.6093244552612,-22.3668251037598
16.1941108703613,-9.1124095916748
18.0669898986816,10.3715038299561
21.3620128631592,27.092342376709
25.3990058898926,35.7598609924316
27.0679168701172,37.2943267822266
25.0109024047852,34.5135040283203
16.0840892791748,30.0479049682617
1.24489784240723,25.3129920959473
-12.7126550674438,20.750524520874
-18.507495880127,15.5331430435181
-15.0632009506226,8.90405750274658
-3.94346380233765,-0.45073527097702
6.26144170761108,-11.5652532577515
5.51320838928223,-20.0693073272705
-7.70613288879395,-26.0209331512451
-27.8167762756348,-26.870418548584
-43.293758392334,-21.535083770752
-47.1211471557617,-15.7527694702148
-37.1222991943359,-8.99466323852539
-12.2571182250977,-2.01797461509705
14.8231153488159,0.398751437664032
28.2875537872314,-1.82381808757782
24.8706073760986,-7.58421087265015
8.4357852935791,-14.1615219116211
-11.0470848083496,-18.7450752258301
-21.2461452484131,-19.6440410614014
-18.4043617248535,-18.8114643096924
-4.72238636016846,-18.6747207641602
9.88527774810791,-18.1066551208496
16.5738639831543,-17.0058097839355
13.3654804229736,-13.0602579116821
2.2862446308136,-2.79439163208008
-7.7255482673645,13.1571273803711
-9.64560985565186,29.7552089691162
-3.31318616867065,40.8290176391602
5.95809841156006,42.2085723876953
11.9642133712769,36.124584197998
11.0034523010254,23.7662124633789
3.76183366775513,12.1358232498169
-4.6793794631958,9.11073970794678
-8.40760135650635,14.366325378418
-5.67542314529419,21.9962577819824
1.85513365268707,23.960994720459
9.41846752166748,15.2333488464355
12.9441814422607,-2.93134498596191
11.4702625274658,-21.9528331756592
6.62908601760864,-30.8291244506836
0.778087258338928,-24.9129886627197
-3.93553066253662,-6.22845602035522
-6.58044290542603,17.2976703643799
-8.59883499145508,33.1381225585938
-9.74373149871826,37.0678100585938
-9.48965835571289,29.1712779998779
-6.18377876281738,16.1794967651367
-0.27202782034874,5.77062225341797
5.86122894287109,0.716291189193726
7.40445947647095,-0.199375718832016
1.70836806297302,-3.49022340774536
-8.4775390625,-11.7255887985229
-16.5051784515381,-24.2065086364746
-16.4920253753662,-34.7095375061035
-5.48544216156006,-37.0671844482422
13.121636390686,-28.5101013183594
29.3061428070068,-9.2948751449585
34.5548400878906,12.8811330795288
25.8205127716064,30.5157585144043
7.55268621444702,37.9540405273438
-11.7297639846802,35.4168510437012
-22.0336265563965,26.6952610015869
-18.2680358886719,15.0400276184082
-3.81507015228271,3.18166065216064
10.6523008346558,-8.65624713897705
15.0277099609375,-18.5667858123779
6.21613836288452,-24.7286434173584
-7.6627082824707,-23.9538974761963
-16.5041351318359,-14.2247791290283
-12.8082723617554,4.08793306350708
4.94577074050903,24.8845958709717
25.4570446014404,37.9665641784668
37.4813842773438,39.5895462036133
37.3248062133789,34.7744674682617
22.4071178436279,22.6167221069336
-3.77603006362915,3.66057991981506
-24.1284294128418,-11.2692165374756
-28.5234642028809,-18.1102046966553
-19.8954010009766,-17.1872310638428
-4.54012966156006,-12.1270542144775
6.51154851913452,-4.83658361434937
4.83345222473145,2.8069179058075
-8.21908187866211,9.4746265411377
-22.3252792358398,15.7863817214966
-28.2693901062012,18.3761787414551
-21.7584667205811,17.3137454986572
-3.6332311630249,10.5522994995117
16.482421875,-0.608983218669891
27.6301345825195,-11.4128513336182
25.1524486541748,-18.9060382843018
11.0278787612915,-19.7340202331543
-7.02115678787231,-16.4502716064453
-17.1799240112305,-11.1404056549072
-14.5750961303711,-6.0246958732605
-1.74824321269989,-1.58581984043121
14.4988946914673,5.36038875579834
23.9209117889404,13.5686140060425
22.1029396057129,22.376636505127
9.56293678283691,28.8524856567383
-8.5881872177124,26.6292896270752
-23.8520164489746,15.7799100875854
-29.7787990570068,-2.42215418815613
-25.8029766082764,-20.8774566650391
-15.2598628997803,-30.0992622375488
-2.44762396812439,-28.2798290252686
6.82219886779785,-17.2772121429443
9.70510959625244,-2.57560038566589
6.94641733169556,7.87628030776978
0.855332314968109,10.6694192886353
-5.28919792175293,10.66357421875
-10.8320512771606,12.8894834518433
-13.5458583831787,21.1536598205566
-12.845850944519,32.6310195922852
-9.48005485534668,41.1004180908203
-4.3324031829834,41.4922790527344
1.13946878910065,31.611177444458
5.56581878662109,11.1404056549072
5.64640378952026,-11.2554378509521
-0.847398996353149,-23.7824974060059
-11.1335163116455,-23.7960662841797
-22.4668254852295,-13.8185119628906
-28.7650108337402,-1.11713039875031
-25.620512008667,6.67167520523071
-12.856915473938,7.12345457077026
7.44558715820312,0.614411234855652
25.8988018035889,-7.51615142822266
35.5615310668945,-13.5744600296021
34.280517578125,-19.8574047088623
22.7950134277344,-26.79714012146
4.42238330841064,-34.6965942382812
-12.8005475997925,-40.4594917297363
-22.8062858581543,-41.2609634399414
-25.2599639892578,-37.2081031799316
-23.9845867156982,-28.1205368041992
-21.4778804779053,-15.8352336883545
-20.5041751861572,-9.30447864532471
-22.4664077758789,-12.7821760177612
-24.6637172698975,-23.5365657806396
-25.2626781463623,-33.9160041809082
-24.661003112793,-37.0655136108398
-23.8133945465088,-30.2209758758545
-22.9749717712402,-13.32790184021
-23.0664138793945,3.17122220993042
-22.7747611999512,10.9118022918701
-19.9709758758545,7.40633821487427
-12.1896858215332,-2.11881065368652
1.21295595169067,-7.97962188720703
15.7554836273193,-4.7532844543457
26.0497436523438,6.71635246276855
27.3489208221436,17.191198348999
19.9425830841064,19.898323059082
7.25706768035889,8.62242603302002
-5.75559091567993,-14.2055721282959
-12.373194694519,-35.2057876586914
-11.0218238830566,-45.0637168884277
-3.3981556892395,-42.452205657959
7.12324571609497,-28.4967403411865
15.7675924301147,-8.45812320709229
20.4217109680176,5.93596839904785
20.1718120574951,8.63161182403564
18.0026874542236,2.71067476272583
14.8419046401978,-5.63032865524292
11.5955247879028,-10.858983039856
9.18506240844727,-10.7191066741943
5.66060018539429,-7.09819316864014
3.6891815662384,-2.82257556915283
4.35432386398315,1.89333868026733
6.73054885864258,5.63450384140015
10.5877904891968,11.1216163635254
12.3130693435669,17.8511219024658
11.9905185699463,21.7753772735596
9.17483234405518,21.4530372619629
5.48251914978027,12.0606651306152
3.70024633407593,-4.27791404724121
4.01110553741455,-19.5173168182373
6.32699537277222,-26.043062210083
9.37901020050049,-20.2073040008545
11.5161924362183,-4.47791624069214
12.2853021621704,12.7976245880127
11.4980297088623,21.3837242126465
9.51032638549805,17.5949592590332
7.97669887542725,4.05933141708374
7.64913845062256,-13.2329111099243
9.15061473846436,-22.824239730835
12.9475221633911,-21.6645202636719
17.5406799316406,-10.2608556747437
21.6060657501221,8.1353645324707
23.7194480895996,25.4121589660645
23.2808208465576,36.5469284057617
22.9770603179932,39.4260787963867
24.4685153961182,34.6569290161133
27.500280380249,25.1342849731445
29.1015491485596,16.6857643127441
25.9512042999268,13.7283229827881
16.71875,16.0976581573486
1.66327369213104,20.9574165344238
-12.9665203094482,20.7302742004395
-21.7043952941895,12.2955322265625
-25.3017196655273,0.00354909664019942
-25.3374176025391,-10.2389354705811
-23.8035831451416,-12.1272630691528
-22.3820648193359,-4.30463647842407
-18.756139755249,6.2029857635498
-12.2558660507202,12.307014465332
-3.17477130889893,9.10906982421875
2.87351560592651,-3.54763531684875
3.06579327583313,-18.2060298919678
-4.77979803085327,-27.677734375
-17.4934978485107,-27.5232448577881
-30.0472793579102,-18.5519638061523
-38.0218887329102,-4.45599508285522
-38.7074928283691,10.8166027069092
-33.7099456787109,22.5520038604736
-25.1935749053955,30.3731689453125
-15.8604955673218,35.1872062683105
-7.81218814849854,36.1703071594238
-2.25325894355774,34.6537971496582
-0.964519202709198,29.0382919311523
-2.87957000732422,18.4682464599609
-5.40464782714844,5.48418951034546
-9.72723865509033,-5.68481779098511
-11.9541921615601,-12.5051374435425
-11.9867610931396,-12.1191215515137
-10.8821563720703,-8.75290775299072
-9.16689872741699,-6.13388299942017
-9.80114364624023,-7.89715766906738
-12.7003383636475,-14.5911712646484
-16.5686435699463,-24.0062980651855
-17.914379119873,-31.9748554229736
-12.5995016098022,-34.8606872558594
0.745936632156372,-32.8744468688965
19.2684631347656,-24.6363677978516
36.1863822937012,-12.8003387451172
44.0555610656738,-0.859090149402618
41.4273529052734,9.73684215545654
30.0147094726562,18.930046081543
13.0333271026611,23.6971092224121
-0.68351423740387,23.4758129119873
-6.448082447052,17.7995548248291
-5.6148796081543,6.64996337890625
-2.48228001594543,-4.88814973831177
-3.2818706035614,-11.7882204055786
-11.0877952575684,-11.7510585784912
-22.4826927185059,-5.7280330657959
-29.6071910858154,1.7511659860611
-28.220329284668,6.02072906494141
-18.1298294067383,4.49774932861328
-2.05576205253601,0.324220418930054
9.98861980438232,-2.05096030235291
13.3867750167847,0.855332314968109
6.84766864776611,10.6781883239746
-4.98522806167603,21.7236022949219
-13.0715312957764,27.8562335968018
-12.7750778198242,25.7484874725342
-3.8006649017334,14.992636680603
8.52743530273438,1.61504769325256
17.06760597229,-6.50632905960083
16.679084777832,-4.11528205871582
8.52367782592773,7.23347663879395
-1.40064060688019,18.7532176971436
-6.41133880615234,23.0133857727051
-2.34741425514221,17.1314888000488
8.87963104248047,4.2610034942627
21.7887401580811,-8.44977283477783
29.4021778106689,-14.749210357666
29.2163715362549,-12.5045108795166
23.0611953735352,-6.74495363235474
14.11350440979,-2.86078071594238
7.38963651657104,-4.07269287109375
7.76939010620117,-10.0424823760986
13.9135026931763,-13.8473224639893
21.6964626312256,-10.6389389038086
26.9639492034912,1.02548015117645
28.4468441009521,13.6331243515015
26.8662433624268,18.4221076965332
23.4689235687256,9.63913726806641
19.2713851928711,-10.9669170379639
14.8523435592651,-29.7003021240234
10.2869520187378,-36.1085090637207
4.72322130203247,-25.9660263061523
-1.8196427822113,-1.22443830966949
-7.3672981262207,24.7896041870117
-10.3151359558105,36.9669723510742
-10.6804847717285,31.1249504089355
-8.92013263702393,9.33328914642334
-6.72073650360107,-18.5143852233887
-4.74889993667603,-36.2216644287109
-4.03970718383789,-37.4026756286621
-3.93177270889282,-26.5021476745605
-2.94157481193542,-11.4543962478638
-0.33048352599144,-3.1002402305603
4.46872997283936,-7.1334753036499
8.962721824646,-19.0429916381836
11.5790319442749,-30.6351757049561
11.5869655609131,-35.274055480957
9.646653175354,-32.7585792541504
6.13054275512695,-26.5338821411133
1.18414568901062,-21.5958347320557
-3.59460854530334,-20.7979145050049
-7.80341958999634,-22.6639041900635
-11.2554378509521,-21.8578414916992
-11.6984491348267,-13.3137054443359
-7.23869562149048,2.77393221855164
1.75200116634369,20.6845531463623
14.1487865447998,32.3708915710449
26.216968536377,32.0754814147949
33.4381256103516,23.1190242767334
32.8397903442383,11.1550197601318
22.2889537811279,2.91777491569519
4.83867120742798,4.55119466781616
-12.4253873825073,14.3439874649048
-21.7545013427734,23.4229946136475
-22.0661945343018,24.1334400177002
-15.3669624328613,14.1410627365112
-5.91822290420532,-7.13639831542969
-0.567020356655121,-30.8134651184082
-1.9298734664917,-45.1870994567871
-8.8345365524292,-47.189624786377
-15.1024503707886,-40.1496772766113
-15.8156099319458,-24.1555690765381
-7.27126407623291,-5.19838285446167
8.41845703125,8.69841861724854
22.5419826507568,15.3387784957886
27.5299243927002,14.333966255188
20.4012508392334,11.0817413330078
4.740966796875,6.64808416366577
-12.3541965484619,2.24783086776733
-21.1657676696777,-1.36076545715332
-16.1642570495605,-5.43784236907959
-0.577876448631287,-8.62994194030762
17.5815982818604,-10.6180620193481
29.1090641021729,-9.57942962646484
27.8069629669189,-5.07061529159546
14.892635345459,1.11900925636292
-3.79210543632507,8.10279655456543
-17.2479839324951,12.0095167160034
-19.1327629089355,9.84122753143311
-10.815767288208,3.88876605033875
4.32843637466431,-3.68145704269409
17.3843097686768,-8.4086446762085
22.4745502471924,-7.71719741821289
19.6413269042969,-0.918798506259918
12.3128604888916,8.63599586486816
5.60047435760498,15.2141418457031
3.90588521957397,14.8688364028931
7.94517469406128,6.60048484802246
13.768406867981,-4.34931373596191
17.4841022491455,-13.0878162384033
15.6009941101074,-14.4295835494995
8.27565860748291,-7.44099426269531
-2.76453757286072,5.23700523376465
-13.6028518676758,16.8828430175781
-21.1626377105713,21.0697345733643
-24.7140293121338,17.7012233734131
-23.9770698547363,8.18985366821289
-18.845703125,-1.59751105308533
-11.6381139755249,-5.64807415008545
-4.57311534881592,-1.8117094039917
-0.606269240379333,7.0954794883728
-3.29502296447754,16.1918144226074
-13.2876091003418,20.5868473052979
-27.0986061096191,18.9026966094971
-39.4342231750488,13.85964012146
-44.7037963867188,9.20092868804932
-42.3238143920898,6.41530513763428
-30.2251510620117,8.2562427520752
-10.5821533203125,12.7043046951294
8.74246883392334,16.0371150970459
21.2488594055176,17.54026222229
25.0399208068848,15.9799118041992
25.0660171508789,12.6172475814819
25.2436809539795,7.40633821487427
28.2994518280029,0.963475346565247
32.3364448547363,-6.95226287841797
33.6512832641602,-15.1980667114258
27.317813873291,-22.3438606262207
11.4030389785767,-26.0802230834961
-10.8426990509033,-23.8526439666748
-29.5585460662842,-17.48681640625
-36.9248008728027,-10.258768081665
-29.7639770507812,-5.5583028793335
-8.95541477203369,-4.40923070907593
15.5690517425537,-5.51801013946533
32.2404098510742,-5.0942063331604
36.7254257202148,-0.405432105064392
29.7180480957031,8.83307552337646
14.2911682128906,18.9661636352539
-1.58602869510651,24.7549495697021
-13.6617259979248,22.5315437316895
-20.9321537017822,11.5241250991821
-23.704626083374,-1.67266833782196
-24.6956577301025,-11.0506343841553
-24.9484786987305,-11.2282981872559
-23.7877159118652,-2.88061380386353
-19.5344371795654,7.3132266998291
-11.3838319778442,12.8018007278442
-2.60294914245605,8.60739421844482
3.164959192276,-4.00505113601685
2.03572010993958,-18.7216930389404
-6.69818925857544,-27.7174015045166
-18.4542579650879,-27.0591487884521
-30.735803604126,-17.683687210083
-37.6469383239746,-3.38249778747559
-37.925853729248,11.7909345626831
-33.3182945251465,23.1966876983643
-24.7564105987549,30.1573009490967
-14.8834495544434,34.6984748840332
-6.04411172866821,37.0521507263184
-0.885186433792114,35.6212387084961
0.496873527765274,29.6547908782959
-2.2265362739563,17.900390625
-7.29715156555176,4.21486520767212
-10.1520862579346,-5.94097900390625
-10.4115877151489,-7.6812891960144
-7.03076028823853,-1.66160356998444
-2.06432151794434,5.12259912490845
1.51003623008728,5.89150047302246
2.94595909118652,-2.19981360435486
2.37893867492676,-14.511212348938
0.126097321510315,-24.6856365203857
-3.48124623298645,-25.3015098571777
-6.69046449661255,-13.2176713943481
-9.2088623046875,7.75644636154175
-9.5877799987793,27.8222045898438
-6.49275922775269,37.9143714904785
-0.66639506816864,36.1596565246582
6.14578294754028,25.0820922851562
10.1754684448242,9.82619571685791
10.0646114349365,-1.76619756221771
8.29653549194336,-5.60840797424316
6.29171323776245,-3.65327310562134
6.28879070281982,-1.77037286758423
5.87104082107544,-1.87100028991699
2.01901841163635,-4.09419631958008
-7.31468820571899,-4.29273700714111
-20.410436630249,0.0519838258624077
-29.6971702575684,8.62639236450195
-29.6195087432861,18.519811630249
-18.0552978515625,20.6776638031006
3.46767616271973,11.208046913147
24.4507713317871,-8.74225997924805
33.6468963623047,-28.7535285949707
28.2366123199463,-39.8384017944336
12.5289373397827,-37.7181282043457
-9.71638298034668,-19.4534339904785
-25.5904483795166,6.08085536956787
-26.1125831604004,24.6184139251709
-16.4853458404541,28.1284694671631
-2.59981775283813,18.2974720001221
4.84222030639648,0.918798506259918
0.435703814029694,-13.3003444671631
-10.858983039856,-15.8210372924805
-20.8782920837402,-6.99297285079956
-20.5498962402344,8.51783180236816
-8.31616020202637,22.5196437835693
10.5299606323242,28.3368225097656
26.8601894378662,24.2699756622314
33.7366676330566,14.9707155227661
28.4562397003174,5.23157739639282
13.7631883621216,-2.02653408050537
-1.5188045501709,-3.66329407691956
-10.7840347290039,2.1021089553833
-10.7571029663086,12.9602575302124
-5.04201364517212,26.7272033691406
1.12234961986542,40.1601142883301
4.63240623474121,48.115104675293
4.86435031890869,50.5902862548828
2.96955013275146,47.6418190002441
-0.747398018836975,38.9179306030273
-6.21759986877441,25.7631015777588
-14.5066194534302,12.2203750610352
-24.4900188446045,1.64845097064972
-32.1468811035156,-5.54577684402466
-33.8408470153809,-12.2128591537476
-27.8309726715088,-19.8455047607422
-13.7993049621582,-27.4386920928955
2.8060827255249,-32.2857131958008
14.584490776062,-30.4639835357666
16.2346115112305,-21.8960475921631
7.70926427841187,-7.22679567337036
-5.89275312423706,10.2084541320801
-15.9460916519165,22.8175601959229
-17.7066516876221,28.5673046112061
-13.508487701416,29.3443489074707
-8.17983245849609,27.292552947998
-8.28672313690186,24.9213390350342
-15.4210338592529,23.1484603881836
-24.95432472229,18.600606918335
-30.0405979156494,10.7151403427124
-25.2689418792725,-1.12151455879211
-9.52661037445068,-13.571328163147
10.5466623306274,-19.0939311981201
25.8639373779297,-16.1145687103271
30.2587623596191,-6.34223556518555
22.5676612854004,6.10736894607544
7.02846384048462,15.5500535964966
-7.93410968780518,17.2473564147949
-14.4036951065063,12.0736093521118
-12.2980375289917,4.38689231872559
-4.77416133880615,-1.4661945104599
3.64199948310852,-2.82320189476013
8.86647891998291,0.0751573443412781
12.5840530395508,3.24324798583984
17.0268955230713,3.18938517570496
21.2611770629883,0.998340010643005
24.0173625946045,-1.11587774753571
22.1014766693115,-1.53696763515472
13.539176940918,0.615663886070251
-0.302717059850693,2.62152981758118
-13.5803050994873,1.36848986148834
-19.2162704467773,-2.65138387680054
-13.0291509628296,-7.12554216384888
3.01339173316956,-7.79569530487061
22.0649433135986,-2.21818542480469
35.7465019226074,7.28107595443726
38.7375564575195,14.9951419830322
33.1233024597168,15.3408660888672
22.2259044647217,6.52052545547485
11.6059637069702,-9.53934574127197
6.67397165298462,-24.8695640563965
7.00215911865234,-30.719310760498
9.33725547790527,-24.5689353942871
8.9725341796875,-10.3796463012695
3.76684427261353,3.70024633407593
-5.08147144317627,8.75144577026367
-14.768835067749,2.59501600265503
-21.2749557495117,-9.17086601257324
-23.3526382446289,-18.566577911377
-22.4380149841309,-19.2183589935303
-19.8764019012451,-12.1483488082886
-16.5208358764648,-0.671614348888397
-12.4512748718262,9.9249439239502
-7.74120616912842,16.0521469116211
-2.44574522972107,18.26051902771
3.36182951927185,19.540491104126
6.30215167999268,23.6695518493652
6.71322059631348,28.5090579986572
6.39338445663452,29.7982158660889
6.27709913253784,23.5981521606445
8.44601535797119,7.98170948028564
12.5385408401489,-11.7347745895386
15.7786569595337,-25.389820098877
13.4078607559204,-28.1157341003418
4.01820373535156,-19.5292167663574
-11.1736001968384,-4.69086170196533
-27.2975635528564,6.64202976226807
-37.336498260498,9.46251773834229
-38.5515403747559,5.0326189994812
-30.6840286254883,-1.38894939422607
-15.5214519500732,-4.80025768280029
-0.218373835086823,-2.9244556427002
6.90048789978027,-0.412947833538055
4.83846235275269,-2.36223697662354
-2.83551955223083,-13.0706968307495
-9.87776184082031,-30.1126232147217
-10.8297548294067,-43.9025344848633
-4.49858427047729,-49.2731513977051
8.04517555236816,-44.8121452331543
20.7565784454346,-28.3890151977539
26.3372192382812,-8.61741542816162
23.6668376922607,4.03991603851318
13.4544162750244,5.18314266204834
1.88352644443512,-3.91590619087219
-4.07248401641846,-13.9191398620605
-1.67914021015167,-17.6793022155762
7.54433584213257,-11.288423538208
18.7315063476562,1.71525752544403
24.1332302093506,15.7475509643555
21.952205657959,24.1386585235596
14.0506649017334,24.5582866668701
5.09378862380981,19.3335990905762
1.97705554962158,11.5794496536255
7.86751222610474,6.69213485717773
19.9400768280029,6.58774948120117
31.0725498199463,9.34205722808838
33.7249794006348,11.9769487380981
25.3553733825684,11.6015796661377
7.55247783660889,6.42323875427246
-11.9779920578003,-5.20527219772339
-22.6346778869629,-20.4237976074219
-20.469310760498,-34.4191398620605
-7.84559106826782,-45.3505668640137
5.91613531112671,-49.570858001709
14.4494161605835,-45.5990028381348
13.0318651199341,-34.245231628418
1.15679669380188,-15.3387784957886
-12.5796689987183,0.936335206031799
-19.4592800140381,6.12156534194946
-15.0646629333496,0.500005066394806
-1.69020509719849,-12.5871839523315
12.3819627761841,-23.2108840942383
19.7183628082275,-26.4775142669678
17.300594329834,-19.9194087982178
5.1595516204834,-7.91448545455933
-9.49237251281738,2.30795669555664
-19.3070850372314,2.80817055702209
-20.9534492492676,-8.36146259307861
-15.23606300354,-24.183126449585
-6.81572675704956,-35.6629943847656
-0.212737023830414,-36.4523544311523
2.07810044288635,-26.1499519348145
0.667856454849243,-7.45247650146484
-1.14218282699585,10.3086643218994
-2.70295023918152,20.5480175018311
-2.63906645774841,22.2557582855225
-1.45074546337128,19.155309677124
-0.823599219322205,14.1732130050659
-0.370149910449982,8.96835803985596
0.434242427349091,2.3920910358429
0.569108068943024,-6.99714851379395
0.893746018409729,-16.279914855957
-0.070355623960495,-23.4789447784424
-3.07957196235657,-22.8568096160889
-7.02073955535889,-11.7274675369263
-9.60239410400391,7.14996814727783
-9.21470737457275,26.6697902679443
-5.60631990432739,37.6982955932617
1.02360117435455,36.8767852783203
6.8935980796814,25.7764625549316
10.4531335830688,9.56439781188965
10.2086629867554,-2.74929738044739
7.57836532592773,-7.09652328491211
6.66562080383301,-4.97687721252441
6.58649682998657,-1.20919811725616
5.88314962387085,-1.10731816291809
1.99459230899811,-3.30483531951904
-7.65310478210449,-5.07750463485718
-20.4306888580322,-1.48226976394653
-29.4980030059814,9.2481107711792
-28.4163646697998,20.3530254364014
-16.3920249938965,23.493766784668
4.31194353103638,12.4761180877686
23.8399085998535,-11.7170295715332
31.493221282959,-33.6529502868652
27.08127784729,-42.0334129333496
12.5475177764893,-32.966724395752
-8.45248699188232,-4.15787124633789
-24.0006618499756,25.0225925445557
-26.870002746582,37.3893165588379
-20.5279750823975,34.0418930053711
-8.97670936584473,18.61501121521
1.60920214653015,2.83551955223083
4.37165212631226,-2.78290939331055
-1.19207894802094,1.85722136497498
-11.0086717605591,9.77149772644043
-17.492036819458,14.6126747131348
-19.8221225738525,12.8479385375977
-19.0811958312988,5.99839067459106
-17.7632293701172,-2.32737231254578
-21.3787136077881,-9.77567386627197
-28.4819183349609,-15.1385669708252
-35.1101684570312,-18.5127143859863
-35.932933807373,-19.4718055725098
-27.5516376495361,-17.9022693634033
-10.7168102264404,-11.7222490310669
6.5526762008667,-1.96348547935486
14.4895000457764,7.92033100128174
9.59425163269043,16.4072647094727
-3.9211254119873,20.2219181060791
-16.3815860748291,17.649658203125
-19.5158557891846,9.32619094848633
-10.7946815490723,-1.97976958751678
6.88399505615234,-12.9861450195312
22.888542175293,-20.4359073638916
28.7412109375,-20.9110679626465
21.3732872009277,-15.0114259719849
2.87873482704163,-1.71275234222412
-17.9567584991455,15.4886751174927
-30.6971797943115,29.2184600830078
-32.8283081054688,37.2815895080566
-29.6065635681152,38.8110427856445
-25.7203025817871,32.9195404052734
-25.0179996490479,18.5603141784668
-29.1481037139893,2.03968667984009
-36.0671730041504,-10.2819414138794
-40.7331924438477,-14.2274932861328
-39.6544761657715,-9.77964019775391
-31.1051177978516,-0.736750721931458
-15.6037073135376,9.07900714874268
1.21734011173248,13.045018196106
12.9719486236572,8.05039501190186
18.741943359375,-3.45953416824341
18.1799335479736,-16.7331562042236
17.6757545471191,-25.3180027008057
18.9538459777832,-26.2292861938477
22.9469966888428,-20.1409149169922
27.7819118499756,-9.64143371582031
28.1798267364502,0.292278558015823
24.0311412811279,5.41362476348877
13.0189218521118,4.25181770324707
0.193947687745094,-2.62988066673279
-9.03600025177002,-8.99758625030518
-10.9500074386597,-13.187816619873
-5.33470964431763,-13.2195501327515
2.25555539131165,-8.3767032623291
5.9716682434082,-2.96662735939026
1.78644824028015,0.912117838859558
-10.2871608734131,0.140293702483177
-24.1802043914795,-5.42990922927856
-31.8105525970459,-13.2744569778442
-29.1203384399414,-19.5292167663574
-15.123327255249,-22.559103012085
4.14659738540649,-20.0870513916016
19.2636623382568,-12.2107715606689
22.9971027374268,-1.6403089761734
14.5917978286743,10.4364318847656
-1.69124889373779,20.9747428894043
-17.6250228881836,28.5558223724365
-24.6491031646729,32.6201629638672
-21.9110794067383,34.6805191040039
-12.4370784759521,32.7126502990723
-2.03718137741089,23.7929344177246
2.77434968948364,8.61950302124023
0.69562292098999,-9.3195104598999
-6.67397165298462,-24.6259288787842
-13.4892816543579,-31.2673320770264
-15.2051649093628,-27.2737636566162
-10.5819444656372,-14.8851203918457
-0.360128909349442,2.24783086776733
9.76711368560791,14.5627784729004
17.0663528442383,16.6306495666504
22.2265300750732,7.99590587615967
24.6140289306641,-6.2633204460144
25.9054832458496,-18.2561359405518
26.6190605163574,-22.1628551483154
24.5595397949219,-16.4481830596924
19.0590667724609,-5.76686429977417
9.83663463592529,4.24263191223145
-2.42236280441284,7.07982158660889
-12.7784185409546,2.40837526321411
-18.5014400482178,-4.83950662612915
-18.7216930389404,-7.29527235031128
-12.6700658798218,-1.19646310806274
-2.82821249961853,11.9669275283813
7.13284921646118,26.8940105438232
14.9961862564087,36.0805358886719
20.9743251800537,36.4874267578125
23.3526382446289,29.3430957794189
21.509822845459,16.4648857116699
16.2151966094971,2.47434663772583
6.68253135681152,-8.51699638366699
-3.70024633407593,-16.1335678100586
-11.2999057769775,-23.1150569915771
-15.6220798492432,-30.7403964996338
-16.0112266540527,-38.029613494873
-14.8464975357056,-41.7787132263184
-13.0153722763062,-39.8991546630859
-11.3427038192749,-31.0585613250732
-9.86043453216553,-16.7427597045898
-6.81760597229004,-2.83593702316284
-1.66160356998444,3.97582340240479
3.62237501144409,2.77247071266174
5.95517539978027,-4.3188328742981
2.79961085319519,-12.8514881134033
-6.27939558029175,-18.8853702545166
-17.4542484283447,-19.2298412322998
-26.791296005249,-15.4076719284058
-30.0253582000732,-10.4061603546143
-23.1973133087158,-5.51821899414062
-9.90719890594482,-1.8171374797821
5.73763656616211,1.85200214385986
19.1054134368896,6.55810451507568
26.7075786590576,10.3900852203369
32.1011619567871,11.3485498428345
36.5913963317871,8.34434413909912
41.813159942627,2.03843402862549
45.5342826843262,-3.84137511253357
45.5313606262207,-5.77772045135498
39.6690864562988,-2.95911145210266
26.1397228240967,3.10692095756531
9.9297456741333,8.64518165588379
-2.70420289039612,9.55855274200439
-5.36790418624878,4.98668956756592
3.27038812637329,-1.4064861536026
16.1799144744873,-4.40484666824341
25.0553703308105,1.55575692653656
25.4217624664307,13.9738368988037
16.3703117370605,26.9357643127441
3.2204921245575,34.1548347473145
-6.54578685760498,31.6925983428955
-8.01761817932129,21.8131656646729
-1.27579581737518,9.68214416503906
10.2447805404663,3.01506209373474
19.4983196258545,5.48544216156006
22.2121257781982,13.4061908721924
20.0878868103027,18.8887100219727
13.4164199829102,15.1909685134888
5.11550092697144,-0.69082123041153
-2.53885674476624,-21.3210945129395
-9.84331512451172,-34.6020202636719
-16.2189540863037,-34.579891204834
-21.3181705474854,-17.3331623077393
-23.221321105957,12.077784538269
-18.5463256835938,38.3738784790039
-8.03160572052002,50.1038513183594
3.65348172187805,46.0054779052734
15.3853340148926,26.825325012207
23.5756053924561,-2.70503783226013
26.4637355804443,-26.0280303955078
27.8345203399658,-33.7443923950195
31.1915493011475,-26.5073680877686
35.7032852172852,-8.08317184448242
37.3181266784668,12.3493947982788
32.8468894958496,25.1472282409668
20.902717590332,26.0015163421631
3.22571134567261,13.7857351303101
-13.743145942688,-6.49568176269531
-20.6903991699219,-26.2900371551514
-14.615180015564,-38.4028968811035
-0.155116394162178,-41.2014617919922
16.0579929351807,-35.5615310668945
23.6332263946533,-24.9250965118408
19.0070819854736,-13.5788440704346
4.47979497909546,-6.26666069030762
-11.5792407989502,-5.32510614395142
-18.1768035888672,-8.67065143585205
-14.615180015564,-12.9746618270874
-4.14409208297729,-12.8249740600586
5.29733991622925,-6.62094402313232
6.13722324371338,2.38019132614136
-1.58414971828461,9.15437316894531
-12.4266395568848,9.21575164794922
-18.2452793121338,1.05825710296631
-13.8828134536743,-10.9953098297119
-2.5839512348175,-20.6755752563477
9.26230716705322,-21.5336227416992
13.5690317153931,-12.3832159042358
6.07396554946899,4.61466073989868
-9.22264099121094,22.1486587524414
-22.5353031158447,32.030387878418
-26.5651969909668,33.2097320556641
-20.8187923431396,26.3979721069336
-9.26856994628906,14.8677921295166
1.92256653308868,5.36498165130615
5.2221827507019,1.70231378078461
-0.646353125572205,3.73197960853577
-10.2940502166748,8.77628993988037
-17.7461090087891,11.9495992660522
-19.599573135376,11.655442237854
-17.8546695709229,7.59235286712646
-17.148609161377,0.146556809544563
-21.1728668212891,-8.00801467895508
-29.0138645172119,-15.0047454833984
-36.1796989440918,-18.5402717590332
-36.8857612609863,-18.8409023284912
-27.7829551696777,-16.1446323394775
-11.0836200714111,-10.10511302948
6.13012504577637,-2.36870884895325
14.7448263168335,6.99067640304565
9.9618968963623,14.5836553573608
-3.3994083404541,19.416898727417
-15.2604894638062,19.6901798248291
-19.0214881896973,12.3736124038696
-10.5280818939209,-0.748233079910278
6.73326253890991,-15.6519336700439
22.2100372314453,-24.3612079620361
27.8936023712158,-23.1607780456543
20.3473892211914,-11.8838367462158
1.287278175354,5.7380542755127
-19.0390243530273,19.3089637756348
-29.818883895874,22.424446105957
-27.8443336486816,16.5625896453857
-12.8656845092773,6.64996337890625
7.61573505401611,1.50815725326538
21.4037666320801,4.94472646713257
22.5561790466309,13.7393884658813
9.37274646759033,21.8375911712646
-13.8517065048218,23.0092105865479
-34.6963844299316,15.3696765899658
-44.8357391357422,4.07999992370605
-43.0190162658691,-4.18459367752075
-32.1984481811523,-4.57520294189453
-15.9978666305542,4.95370388031006
-3.53677916526794,18.8507137298584
-0.216494888067245,30.0453987121582
-5.73262596130371,33.9819755554199
-15.2968149185181,29.2355785369873
-22.4098320007324,19.2811985015869
-24.1478443145752,8.34392642974854
-20.1133575439453,-0.2196264564991
-14.8229064941406,-6.02323436737061
-12.9627618789673,-10.3209819793701
-15.7592420578003,-12.4057626724243
-20.84885597229,-12.0130662918091
-24.2870941162109,-7.40821743011475
-22.3242359161377,0.387269079685211
-13.855881690979,8.92931842803955
-2.21693277359009,14.3383502960205
8.75937938690186,11.7182817459106
15.3855428695679,1.16452121734619
15.078441619873,-13.2548322677612
9.7798490524292,-25.6386737823486
1.20377004146576,-31.4443702697754
-6.09150266647339,-29.7470664978027
-9.22869491577148,-24.2843799591064
-7.80174970626831,-20.3949890136719
-1.25679779052734,-22.081018447876
6.55977439880371,-27.6981945037842
12.8153705596924,-32.6692276000977
15.5304288864136,-32.2120170593262
13.014328956604,-23.5518054962158
5.59713411331177,-8.54309272766113
-3.62070488929749,7.04829692840576
-9.69487953186035,15.8742742538452
-10.1771392822266,14.8686275482178
-3.3969030380249,5.41967916488647
7.44913625717163,-6.3100848197937
16.2325248718262,-13.7437725067139
19.3093814849854,-14.3794784545898
13.1011772155762,-7.72095537185669
-0.780383706092834,1.4588874578476
-14.8721761703491,8.68964958190918
-23.3948097229004,11.1865434646606
-24.0578651428223,9.55625629425049
-16.3327331542969,5.51675748825073
-4.40964841842651,0.448647558689117
4.57061004638672,-3.03280735015869
6.96165752410889,-4.6202974319458
2.72132205963135,-3.75577926635742
-3.21172380447388,-0.825478136539459
-4.88982009887695,3.99398636817932
0.0799590572714806,9.98799324035645
11.1113862991333,13.6763391494751
23.1614055633545,14.3343839645386
30.5998935699463,10.2259912490845
29.844352722168,0.847398996353149
19.2644958496094,-10.7287101745605
4.06267166137695,-22.5169296264648
-8.44121360778809,-29.7927875518799
-14.0727949142456,-32.8763275146484
-10.348539352417,-33.0853042602539
0.738629639148712,-32.0209922790527
13.2187147140503,-30.5802688598633
22.0041904449463,-27.6272125244141
25.1522388458252,-21.9367580413818
23.3277950286865,-10.4600229263306
19.5212841033936,5.76790857315063
15.4488000869751,23.5127658843994
12.7957458496094,35.9918060302734
10.8988580703735,39.8275451660156
6.58795833587646,34.4951324462891
-1.41212296485901,18.9567699432373
-10.1957197189331,-3.22174477577209
-13.1610946655273,-23.4536838531494
-7.48379230499268,-35.8809509277344
6.82637405395508,-39.7640800476074
23.0307140350342,-36.5711441040039
33.2214241027832,-29.2522811889648
32.2759017944336,-20.8949928283691
15.9028759002686,-14.6824035644531
-11.8278865814209,-8.8270206451416
-37.6404647827148,-2.65180158615112
-48.4908905029297,3.31276845932007
-45.9939956665039,9.8439416885376
-32.7356147766113,16.5446357727051
-14.4320878982544,20.8553276062012
-4.34952211380005,20.8244285583496
-8.55812454223633,14.8112154006958
-23.0879173278809,7.39840507507324
-34.7162208557129,0.930907189846039
-36.3467178344727,-3.71569538116455
-22.0576362609863,-5.70840883255005
6.37897920608521,-6.41175603866577
33.6602592468262,-8.24455165863037
47.099853515625,-12.6147422790527
45.8378372192383,-18.6252422332764
33.6439743041992,-24.8971214294434
14.1986827850342,-25.9292831420898
-0.924017727375031,-20.9346599578857
-5.83408880233765,-12.135196685791
-2.24490809440613,-2.60754227638245
3.36266469955444,4.19899892807007
5.14765167236328,6.36353015899658
2.46369934082031,6.61363697052002
-1.68435955047607,7.86312818527222
-2.64574718475342,12.9406328201294
1.35867774486542,19.4137668609619
5.26184892654419,23.0267486572266
3.73114442825317,21.8860263824463
-7.35915613174438,13.6026439666748
-27.2996520996094,0.255326181650162
-44.0935592651367,-9.46168327331543
-50.5074043273926,-10.8946828842163
-45.1850090026855,-5.40903186798096
-24.3580760955811,5.94452810287476
5.01842260360718,15.1293811798096
27.3109245300293,13.0431385040283
33.9569206237793,1.07829904556274
25.6745834350586,-14.2264499664307
8.66167449951172,-24.0862579345703
-6.59213399887085,-21.2630558013916
-12.744179725647,-5.73220872879028
-8.61658000946045,15.8306407928467
1.64406681060791,31.1500034332275
9.96732521057129,34.4120407104492
11.9070100784302,26.1305370330811
7.0919303894043,10.7710905075073
-0.796667814254761,-3.00963401794434
-6.12720203399658,-7.16416454315186
-6.34954261779785,-1.56932699680328
-2.58436870574951,6.50027465820312
1.60794949531555,11.0568971633911
5.90820217132568,8.50551414489746
9.16084480285645,1.09437441825867
12.4017963409424,-4.83345222473145
17.264684677124,-4.977294921875
20.258243560791,0.908359944820404
20.2970752716064,10.0650291442871
15.2368984222412,15.5886764526367
5.94849491119385,15.2851238250732
-2.344074010849,10.9571056365967
-6.24578380584717,6.27918720245361
-2.37392807006836,6.17709827423096
8.35519981384277,11.8754863739014
18.7465381622314,20.1179504394531
24.0079689025879,25.176248550415
19.9526042938232,22.5895824432373
8.90948486328125,12.2748641967773
-3.67373251914978,-1.33362519741058
-10.3201465606689,-12.5779981613159
-7.59673690795898,-17.2826385498047
1.07516753673553,-16.2815856933594
11.0903005599976,-12.418080329895
14.8293781280518,-9.5877799987793
8.88464164733887,-9.02890205383301
-3.69941139221191,-8.69841861724854
-16.664888381958,-7.86834716796875
-22.9854106903076,-5.28418731689453
-19.3939342498779,-2.95890283584595
-6.03158521652222,-3.20817470550537
9.80740642547607,-7.08838129043579
21.0482311248779,-12.6729888916016
24.8324031829834,-16.8264751434326
19.4839134216309,-16.0782432556152
7.65686273574829,-7.91344165802002
-6.03930997848511,4.13469743728638
-16.0692653656006,14.1483697891235
-20.1104335784912,16.8980846405029
-18.0373439788818,12.3228807449341
-11.1243305206299,6.0825252532959
-2.27079558372498,3.35180854797363
7.01322364807129,6.30820608139038
14.6636142730713,12.4502305984497
20.9123210906982,16.5849285125732
26.5846118927002,12.7830114364624
31.3218212127686,1.39208102226257
34.1155853271484,-12.4706907272339
33.4462699890137,-22.1870727539062
27.6320133209229,-21.21462059021
14.6475391387939,-10.3677463531494
-3.43823957443237,6.97543621063232
-19.9958190917969,20.5701465606689
-27.9153156280518,22.9914665222168
-25.4282341003418,16.6786670684814
-12.0656757354736,7.11343336105347
6.71864891052246,1.1722457408905
20.7724456787109,3.93553066253662
22.6484565734863,13.5381336212158
10.1021900177002,21.7778835296631
-12.2811269760132,23.6181945800781
-33.7007598876953,16.2442150115967
-44.7637138366699,5.13825702667236
-43.7839508056641,-3.08165979385376
-32.2230834960938,-3.89440298080444
-15.1462917327881,5.58335542678833
-2.44491004943848,19.9359016418457
0.835916638374329,30.6255722045898
-4.90213775634766,33.5297775268555
-15.1799039840698,29.0443458557129
-21.9728755950928,19.8083438873291
-23.0973129272461,10.4253673553467
-19.0847454071045,2.66056990623474
-14.716851234436,-4.6743688583374
-13.9571361541748,-11.0420751571655
-17.2563343048096,-14.5709209442139
-21.948657989502,-12.7249727249146
-23.0743465423584,-4.50818777084351
-19.642162322998,5.7906641960144
-12.8471031188965,11.0746431350708
-5.28084707260132,7.32721424102783
0.272862911224365,-3.52446174621582
2.81589508056641,-14.0201845169067
2.29626560211182,-15.4774017333984
-1.92089641094208,-5.62761449813843
-10.7153491973877,10.828293800354
-21.0628452301025,22.1089935302734
-29.7522850036621,22.5499153137207
-32.8402099609375,10.6783971786499
-26.0192623138428,-9.42347812652588
-8.4825496673584,-26.5950508117676
12.8145351409912,-34.2834396362305
30.2781791687012,-31.7026195526123
39.6774406433105,-23.3509674072266
40.7807922363281,-17.28639793396
35.9483833312988,-17.9999752044678
27.8144798278809,-24.0954437255859
20.0599117279053,-31.020357131958
15.9473438262939,-32.6865539550781
15.3128910064697,-27.1869144439697
17.6352519989014,-15.5738534927368
21.2283992767334,-4.02801609039307
24.5513973236084,4.20734977722168
25.7307415008545,8.67545318603516
23.7797832489014,11.2665033340454
18.0323333740234,16.0774078369141
9.08547878265381,24.0885543823242
-1.06013607978821,32.762336730957
-9.74895095825195,36.4195785522461
-13.3015966415405,32.9366607666016
-11.8602457046509,21.2075233459473
-7.40800857543945,3.71089363098145
-2.87560343742371,-11.8577404022217
-2.42549443244934,-19.8617877960205
-6.4948468208313,-18.8755569458008
-12.7677707672119,-12.4677677154541
-17.3003845214844,-4.80526828765869
-17.7755470275879,0.90209686756134
-12.4255962371826,4.25390529632568
-2.8670437335968,6.14118957519531
8.11615753173828,8.29089832305908
17.0431804656982,12.6602544784546
21.3995914459229,16.1903533935547
22.6829032897949,16.6423397064209
21.9094085693359,13.0028457641602
18.5348434448242,4.74869108200073
13.2210111618042,-5.58419036865234
7.24287128448486,-14.0375118255615
1.55638325214386,-18.091625213623
-0.354909658432007,-15.819785118103
2.17998051643372,-7.96793079376221
8.69987964630127,3.22571134567261
18.2891216278076,14.806622505188
24.0163192749023,23.4286308288574
23.6626625061035,25.7378406524658
16.7953701019287,20.8440532684326
4.40025329589844,8.31448936462402
-8.30551242828369,-8.95854663848877
-16.1216678619385,-21.7507438659668
-16.3721923828125,-25.9159202575684
-9.4696159362793,-20.159912109375
3.25994968414307,-7.7207465171814
15.6982803344727,3.91298341751099
24.0023326873779,6.53012895584106
27.6683406829834,-1.46055769920349
25.2990055084229,-14.6460781097412
17.3926620483398,-25.1006736755371
5.61049556732178,-24.8440933227539
-8.98673057556152,-10.812427520752
-22.8008575439453,9.77838802337646
-31.5882129669189,26.0647735595703
-35.093677520752,28.5149040222168
-34.230411529541,13.5473194122314
-29.3105278015137,-12.4905233383179
-23.5365657806396,-34.8888740539551
-21.2365417480469,-41.4008369445801
-24.8453464508057,-32.7669296264648
-30.2199306488037,-11.1201543807983
-31.8022022247314,13.2289447784424
-28.665843963623,26.6184329986572
-20.9764137268066,25.5948314666748
-12.171314239502,12.9278974533081
-6.27313280105591,-2.53363752365112
-7.11468601226807,-11.6249618530273
-14.9469165802002,-11.4917659759521
-24.7250957489014,-3.72133231163025
-30.8259925842285,4.79357671737671
-29.9737911224365,7.1336841583252
-24.0643367767334,3.21067976951599
-15.5822048187256,-3.24324798583984
-9.56690311431885,-7.86772108078003
-7.77690601348877,-6.04056262969971
-8.54518127441406,0.815874695777893
-7.41322803497314,10.0303735733032
-2.9323890209198,16.4298114776611
3.69586229324341,19.1559352874756
8.15060520172119,19.5931015014648
6.59505653381348,16.7909851074219
-1.37329161167145,12.5212125778198
-12.8884401321411,5.48064041137695
-19.869722366333,-4.31048202514648
-17.4521598815918,-15.1694650650024
-5.39629697799683,-23.6981525421143
10.2433195114136,-26.929292678833
19.8375720977783,-22.4524211883545
17.2651023864746,-12.0473041534424
1.0492799282074,-0.190816134214401
-23.1835346221924,7.13180541992188
-41.2972869873047,5.56748867034912
-46.5349197387695,-0.958673655986786
-40.6605377197266,-7.94747114181519
-25.1267700195312,-9.44226741790771
-6.64578771591187,-2.76516389846802
3.79440188407898,8.09277534484863
3.43385529518127,16.5625896453857
-5.64452505111694,16.1364898681641
-15.5907640457153,5.75183296203613
-17.4603023529053,-10.4376840591431
-9.86627960205078,-24.0152759552002
3.88688707351685,-26.220100402832
16.7692737579346,-14.9014043807983
23.3524303436279,5.76206254959106
20.5029220581055,26.1795978546143
11.4698448181152,36.5759468078613
1.65659308433533,34.3836479187012
-4.28751754760742,22.0081577301025
-3.66371154785156,3.14951014518738
2.83071780204773,-11.9443807601929
10.2443628311157,-18.0678253173828
14.2437772750854,-16.876371383667
11.5869655609131,-11.4487590789795
2.7465832233429,-6.94725227355957
-8.49883365631104,-7.34433364868164
-16.768856048584,-12.976541519165
-19.1795272827148,-20.584342956543
-15.3120555877686,-24.8365783691406
-6.36979341506958,-23.4129734039307
3.23594117164612,-15.7020387649536
9.62014007568359,-4.23929166793823
10.343111038208,5.91613531112671
6.53743600845337,11.4061698913574
0.291025936603546,10.8481273651123
-5.4338755607605,6.17104387283325
-7.82116508483887,0.390191853046417
-7.13681602478027,-4.20317411422729
-2.47768688201904,-6.32031488418579
4.86956930160522,-7.32512664794922
12.4523191452026,-9.42598342895508
17.9573860168457,-13.272159576416
21.0215072631836,-19.2999877929688
19.5540618896484,-24.501293182373
13.8905382156372,-24.5883502960205
4.52238416671753,-18.3388080596924
-5.27354001998901,-6.67898225784302
-10.5082492828369,6.68733310699463
-7.87356662750244,15.9982833862305
3.79690718650818,17.0609245300293
19.425666809082,9.61053657531738
32.0424957275391,-1.31504464149475
36.4982833862305,-9.30406093597412
30.5001010894775,-9.83266830444336
15.6018285751343,-2.19605565071106
-1.86473715305328,10.2053232192993
-12.6765384674072,20.9185848236084
-12.8537845611572,21.8018913269043
-1.90461230278015,11.1230773925781
13.1882343292236,-8.84142589569092
23.4426193237305,-30.0871543884277
24.0516014099121,-43.8417816162109
17.8461112976074,-47.4173927307129
9.57483673095703,-39.5822410583496
2.71652030944824,-18.2072830200195
1.95075058937073,11.1184844970703
7.78984975814819,35.8254165649414
14.0418968200684,47.2307510375977
17.5367126464844,47.7391090393066
17.2020530700684,39.964916229248
13.5990943908691,23.685001373291
10.1439447402954,4.97875642776489
9.86398315429688,-7.76124811172485
13.0276899337769,-11.417444229126
16.7569561004639,-7.37147378921509
15.3222856521606,-2.9839551448822
5.48147535324097,-0.722763121128082
-8.86063289642334,-1.42945086956024
-23.1363525390625,-3.45765519142151
-31.7646236419678,-1.08915507793427
-31.0470790863037,8.51115131378174
-23.9190330505371,25.6933727264404
-14.1707077026367,40.9789123535156
-5.77709436416626,47.350170135498
-1.64135277271271,44.8027534484863
0.578502774238586,29.5069808959961
1.68435955047607,5.89087390899658
2.00127291679382,-12.2111892700195
1.38331258296967,-17.093074798584
-2.1021089553833,-6.81885862350464
-9.9422721862793,10.7053279876709
-20.6096038818359,23.4169387817383
-29.7771301269531,23.7605762481689
-32.6506462097168,11.7055473327637
-25.94118309021,-8.01887035369873
-9.13099098205566,-26.2526683807373
12.0811252593994,-34.4157981872559
29.3554134368896,-32.0500144958496
38.7861976623535,-24.5269718170166
40.4567794799805,-18.6413173675537
35.864875793457,-18.5995635986328
27.2679176330566,-25.319673538208
19.6229553222656,-31.1412353515625
15.2197790145874,-32.6475143432617
14.3615236282349,-26.7768898010254
17.2329521179199,-15.8780317306519
21.2726593017578,-5.07228517532349
24.9090213775635,2.91735744476318
26.2284507751465,7.31552314758301
23.8695545196533,11.1675453186035
18.6995639801025,16.7884788513184
10.0003108978271,24.6405429840088
-0.613993704319,32.2070083618164
-8.18004131317139,35.3264541625977
-12.4560766220093,32.9704818725586
-12.0443811416626,24.5764503479004
-8.37753868103027,12.1504364013672
-4.06789112091064,-0.212528258562088
0.456789612770081,-9.42911434173584
3.84763836860657,-13.0523252487183
6.66081953048706,-11.9124383926392
11.3984460830688,-7.84517383575439
17.9530010223389,-4.49023342132568
24.1530647277832,-3.64930653572083
27.4219913482666,-7.08003044128418
25.4965019226074,-13.1130771636963
16.6212539672852,-19.6377773284912
2.40837526321411,-22.0507469177246
-12.8460597991943,-17.4289875030518
-25.2038059234619,-5.92594766616821
-31.0629463195801,9.63099575042725
-29.795919418335,23.8017044067383
-23.3286304473877,30.7879962921143
-13.7984704971313,28.8533210754395
-3.78291940689087,19.3899669647217
3.3981556892395,6.14202499389648
6.51113080978394,-3.39606785774231
4.5146598815918,-4.52280187606812
-1.66473507881165,0.519003212451935
-8.75478649139404,7.7368221282959
-12.7389602661133,13.5542087554932
-12.6951189041138,15.5341873168945
-7.38775777816772,14.3110017776489
-0.631321668624878,11.9782009124756
2.53134107589722,10.106782913208
0.573701024055481,10.0157594680786
-6.75017309188843,9.66439914703369
-12.819128036499,7.25581502914429
-13.8514976501465,4.39837455749512
-7.09234762191772,2.26870775222778
4.05369472503662,3.63531875610352
13.6331243515015,9.03975772857666
14.7859544754028,16.8554954528809
4.08480167388916,21.099588394165
-13.7857351303101,17.0191707611084
-31.956901550293,3.36224722862244
-40.6924819946289,-14.546703338623
-36.9037170410156,-27.8455867767334
-23.4749774932861,-32.2207870483398
-5.30548191070557,-22.5647392272949
9.24143028259277,0.239877179265022
12.9496097564697,23.3467922210693
5.46769666671753,35.2855377197266
-8.45248699188232,30.9646148681641
-22.3484535217285,10.1950931549072
-29.1773319244385,-16.2575759887695
-27.373556137085,-34.4466972351074
-20.0427932739258,-38.2066497802734
-9.05729484558105,-27.7505950927734
1.61212491989136,-4.88146924972534
6.90257549285889,18.3738822937012
6.23409271240234,30.6737976074219
1.28289401531219,29.4716987609863
-5.74452590942383,17.2665634155273
-10.39488697052,2.28582692146301
-11.1297578811646,-8.76084041595459
-7.78671789169312,-11.1581506729126
-2.54303216934204,-5.2061071395874
0.505850672721863,3.60609102249146
0.225472018122673,12.6612977981567
-3.47498321533203,19.5544776916504
-6.15496873855591,24.816535949707
-5.08272409439087,29.3389205932617
0.798546731472015,32.1784057617188
10.6596069335938,33.6692352294922
16.2947368621826,31.6869602203369
13.1162090301514,26.0171756744385
-0.611488461494446,17.3997592926025
-19.0321350097656,8.40760135650635
-33.0980415344238,2.59940004348755
-34.8544273376465,1.64344048500061
-21.7133731842041,4.85224151611328
0.522969841957092,6.67522430419922
21.8722476959229,3.34846830368042
31.3170204162598,-4.49169492721558
27.0359745025635,-13.3341646194458
13.2913665771484,-19.1621990203857
1.79041481018066,-18.7344284057617
0.912326633930206,-12.5878105163574
13.1308221817017,-5.17729711532593
30.961275100708,-2.04720234870911
41.8114891052246,-6.16060543060303
40.6407051086426,-15.8270921707153
26.3449440002441,-26.0923328399658
2.62758421897888,-30.5973892211914
-19.0596923828125,-24.1438789367676
-30.2314147949219,-9.1767110824585
-31.1854953765869,7.00487279891968
-27.7806587219238,16.3891010284424
-26.7647819519043,14.7577705383301
-29.2842235565186,2.60190534591675
-32.158992767334,-12.0001220703125
-30.9065780639648,-20.4139862060547
-21.0824699401855,-16.8659343719482
-1.32757091522217,-0.210231781005859
20.6020889282227,22.2824821472168
33.5529518127441,37.4552879333496
35.6439933776855,41.1267242431641
30.3053188323975,37.0596656799316
19.8872585296631,22.5603542327881
10.6788139343262,3.56099653244019
7.03180408477783,-9.19863224029541
8.00655364990234,-10.7168102264404
7.68629932403564,-1.00209784507751
1.85743021965027,14.3112106323242
-8.33515739440918,27.4762706756592
-19.2674198150635,33.3326988220215
-25.3330345153809,32.2147331237793
-24.635950088501,25.7526626586914
-17.5319118499756,15.7870082855225
-5.910080909729,5.23324728012085
3.8572416305542,-3.08019828796387
7.67481708526611,-10.3159713745117
7.38734006881714,-15.8742742538452
3.62028741836548,-18.72190284729
-2.46202921867371,-20.3162822723389
-9.45124435424805,-18.7386035919189
-17.2997589111328,-14.8857460021973
-25.3042240142822,-10.380690574646
-30.8291244506836,-6.38566017150879
-29.8798446655273,-4.99963331222534
-20.9114856719971,-5.86790943145752
-5.15182685852051,-8.40405178070068
9.28631591796875,-8.95812892913818
15.8786582946777,-6.43409490585327
12.0335254669189,-0.282883882522583
1.45533835887909,7.68984842300415
-8.3643856048584,12.0268449783325
-10.5433225631714,10.1886215209961
-1.59980750083923,-0.455328226089478
14.7039070129395,-15.3465023040771
29.1927814483643,-28.55832862854
34.8024406433105,-34.6861572265625
32.5241317749023,-33.4508628845215
24.1680946350098,-24.4006652832031
13.3448123931885,-9.12201309204102
5.72030878067017,3.25013732910156
3.57581925392151,7.92200136184692
3.099613904953,3.742835521698
0.883516311645508,-6.31801843643188
-4.56434726715088,-16.6118602752686
-11.6704740524292,-22.6877040863037
-15.9763631820679,-23.3870849609375
-13.685733795166,-22.5121288299561
-7.31427049636841,-23.1536808013916
-0.508147120475769,-28.1758613586426
2.01839208602905,-35.3550567626953
-0.8766268491745,-40.4242095947266
-5.99254512786865,-39.1398544311523
-10.3512535095215,-28.3639621734619
-8.53536891937256,-10.4333000183105
-0.129020094871521,9.79550647735596
8.44413566589355,21.7363376617432
13.0333271026611,20.9931144714355
9.1840181350708,8.56104755401611
-1.25011706352234,-11.4237070083618
-10.34144115448,-29.0071849822998
-12.9953308105469,-38.2446479797363
-7.56709146499634,-38.8177223205566
3.24679708480835,-34.1450233459473
13.6347942352295,-26.4679107666016
19.1611557006836,-18.5275363922119
18.9285850524902,-11.8491811752319
14.7318830490112,-3.81945419311523
10.4796476364136,8.4307746887207
6.77125883102417,24.4896011352539
3.28750729560852,38.273250579834
-0.416914463043213,46.0359573364258
-5.30777835845947,45.6121559143066
-9.98131275177002,35.4391899108887
-8.47795677185059,15.6306390762329
2.96099042892456,-7.00842189788818
21.0663928985596,-22.8236141204834
38.2653160095215,-27.1374359130859
47.010082244873,-22.3455295562744
47.1660346984863,-12.4736137390137
36.174690246582,0.232152670621872
17.9152126312256,11.6598262786865
3.66057991981506,17.9690761566162
-0.0538627617061138,18.7870388031006
8.2288932800293,15.599949836731
19.9590759277344,9.26690006256104
26.3305397033691,2.19188022613525
23.246374130249,-4.04743146896362
10.3195199966431,-8.31866455078125
-5.73137331008911,-9.08464336395264
-17.4770050048828,-7.51594305038452
-20.224422454834,-5.55141353607178
-14.6769762039185,-3.29711079597473
-5.99317169189453,-4.01214933395386
2.05576205253601,-6.53806209564209
5.91049861907959,-8.85896301269531
7.34788274765015,-10.7095031738281
10.6307973861694,-9.04184532165527
16.6243858337402,-6.46373987197876
23.4463768005371,-5.24452114105225
27.6706371307373,-6.55497264862061
25.6299057006836,-12.7846813201904
16.5730285644531,-19.391429901123
2.12006330490112,-22.2655715942383
-13.8024368286133,-17.689323425293
-25.2234306335449,-5.95851564407349
-30.4631500244141,10.4700441360474
-29.1397533416748,25.0864772796631
-22.4916687011719,31.5393600463867
-12.9853096008301,29.0998783111572
-3.43552565574646,18.6020679473877
3.84826469421387,5.9065318107605
6.5034065246582,-2.9267520904541
4.34910488128662,-4.24451065063477
-1.66118597984314,0.565350234508514
-8.08860015869141,8.01782703399658
-12.2521076202393,13.1978378295898
-11.7527294158936,15.8803281784058
-7.20049095153809,15.9579906463623
-1.24343645572662,13.3652715682983
3.24679708480835,11.1322631835938
5.05516624450684,7.24120092391968
5.76477670669556,1.50293803215027
8.92660427093506,-6.07500982284546
15.8897228240967,-13.4251890182495
23.2657890319824,-17.5870265960693
25.3777103424072,-16.6014213562012
16.7321109771729,-9.18568801879883
-3.07894563674927,2.65180158615112
-25.3138275146484,14.2719612121582
-39.8196105957031,20.7728633880615
-43.5916748046875,21.1244316101074
-38.414379119873,17.0020523071289
-25.6301136016846,11.6798686981201
-13.5696582794189,9.43683910369873
-10.2685804367065,12.2351970672607
-16.3678073883057,20.0052146911621
-26.6209392547607,29.086935043335
-31.5863342285156,34.9494171142578
-29.1034278869629,35.6352272033691
-18.8095855712891,30.2339191436768
-4.47561979293823,20.2764072418213
3.95640778541565,8.9034309387207
2.24950098991394,0.903140723705292
-8.67879390716553,-0.0860133990645409
-21.1538677215576,3.01046895980835
-26.1056938171387,6.25455236434937
-21.0006313323975,6.39087915420532
-5.53283309936523,-0.465557962656021
13.8036890029907,-12.7828025817871
27.5844135284424,-25.5977554321289
31.5113849639893,-33.8145408630371
27.9178199768066,-35.5598602294922
20.43528175354,-29.8096981048584
11.0535573959351,-15.9840869903564
4.23365497589111,0.287268042564392
-0.16221459209919,11.8278865814209
-4.58793830871582,15.5423288345337
-10.8017797470093,9.59884548187256
-18.2588500976562,-2.62194728851318
-23.6332263946533,-15.3034963607788
-22.9250774383545,-24.7674751281738
-15.417275428772,-29.2387104034424
-2.44783282279968,-27.5493412017822
12.4450120925903,-21.2511558532715
23.2849960327148,-12.9974184036255
27.1059131622314,-5.17124271392822
23.6818695068359,-2.02047991752625
15.9536066055298,-2.97685694694519
6.45622444152832,-6.87731409072876
-1.43404376506805,-12.3562841415405
-6.70194721221924,-15.2844982147217
-9.20113754272461,-12.7748689651489
-7.46583795547485,-2.59689497947693
-0.922556340694427,11.4850854873657
9.75771903991699,24.7271823883057
21.9497013092041,30.6583499908447
32.153980255127,25.88210105896
35.8329315185547,11.6610794067383
29.478588104248,-8.56772804260254
12.3345718383789,-26.9821109771729
-10.8026151657104,-35.0692520141602
-29.8282775878906,-31.6228694915771
-37.7275238037109,-22.9799823760986
-31.5888385772705,-13.7395973205566
-13.1356239318848,-7.62137174606323
9.60949230194092,-6.90320158004761
25.4215526580811,-9.00781631469727
28.9098968505859,-10.020770072937
22.0687007904053,-6.32094097137451
10.8886289596558,1.13508462905884
4.55453491210938,7.93097829818726
6.99944496154785,8.15686798095703
18.930046081543,-0.335076481103897
31.360445022583,-14.7801084518433
36.4690551757812,-26.633674621582
33.9379234313965,-31.1646175384521
21.968282699585,-28.1512260437012
5.43554592132568,-18.269079208374
-6.3125901222229,-7.73765707015991
-7.21593999862671,-4.23240232467651
3.34241390228271,-7.39652633666992
19.7018699645996,-15.9045457839966
32.1022071838379,-21.5183811187744
37.1003761291504,-18.7102108001709
34.5310401916504,-8.77002620697021
24.7213363647461,7.7169885635376
12.7861423492432,23.9543151855469
4.29336309432983,33.7464828491211
1.84720039367676,35.8552703857422
4.29315423965454,33.6481513977051
7.45602560043335,29.9385089874268
7.59172630310059,26.6626930236816
2.63301205635071,23.6774845123291
-5.43241453170776,19.4346446990967
-14.3654909133911,13.2001342773438
-19.5423698425293,6.04557275772095
-19.0014457702637,0.77725213766098
-11.4105548858643,-0.315660834312439
1.54323077201843,2.63029813766479
15.1325130462646,5.99191904067993
24.6641330718994,6.64641427993774
27.1061210632324,1.62110209465027
22.4989757537842,-8.23494815826416
13.0418863296509,-19.8523941040039
3.65953612327576,-26.3152980804443
-0.380170881748199,-23.9572372436523
2.83510184288025,-13.0600490570068
11.1472949981689,2.3993980884552
20.6703567504883,15.0469169616699
26.13596534729,18.7108383178711
26.0207233428955,13.4331216812134
20.992488861084,0.260336667299271
14.8101711273193,-17.1452674865723
13.0631809234619,-29.9748344421387
16.3824214935303,-36.878662109375
23.2945995330811,-35.671760559082
27.3455810546875,-28.1211624145508
24.2349014282227,-16.3874320983887
11.9823760986328,-1.42506670951843
-6.56582880020142,10.9928045272827
-20.7465572357178,16.6448459625244
-24.728853225708,15.2999467849731
-16.270938873291,7.0894250869751
0.505015552043915,-5.25454187393188
15.4847087860107,-15.2924308776855
18.6870384216309,-18.6164741516113
5.6750054359436,-13.0890684127808
-20.8515682220459,-0.952828049659729
-45.7647666931152,9.71909713745117
-56.6398239135742,14.8915920257568
-58.0469360351562,13.0504455566406
-51.2583503723145,3.01151299476624
-30.0241050720215,-11.8696403503418
-1.53801143169403,-25.0263500213623
18.1540470123291,-30.6182651519775
25.2622604370117,-28.1858825683594
19.8576126098633,-19.5553131103516
7.74788665771484,-6.80737590789795
-4.9747896194458,7.0363974571228
-13.8101615905762,17.3421382904053
-16.0538158416748,22.7131748199463
-14.7909650802612,25.4484844207764
-13.4644374847412,23.9939804077148
-13.6834373474121,19.8855876922607
-16.6840953826904,17.1003818511963
-21.1645164489746,14.4429445266724
-24.458911895752,13.1383380889893
-25.2712383270264,13.211407661438
-22.4705829620361,14.4903354644775
-16.9565391540527,15.2644557952881
-11.1053323745728,14.7523422241211
-8.01699161529541,13.736047744751
-8.59549427032471,13.3166284561157
-12.233736038208,13.8469047546387
-15.332932472229,14.9957685470581
-15.7285528182983,15.6734371185303
-10.9890470504761,13.2519092559814
-0.528815388679504,8.69862747192383
10.4205656051636,2.24991846084595
18.8613605499268,-3.85598921775818
21.9315376281738,-7.02136564254761
18.8482074737549,-8.90656280517578
12.3725681304932,-9.86419200897217
5.95872449874878,-12.8329067230225
1.45721733570099,-19.6045837402344
-1.56995332241058,-27.4176063537598
-4.66372156143188,-33.3581695556641
-10.881947517395,-33.0967864990234
-19.4995727539062,-23.9415798187256
-27.6468372344971,-8.38380146026611
-29.98756980896,9.11804676055908
-24.163293838501,22.2200584411621
-12.9888582229614,25.6472339630127
-0.832367539405823,19.8384056091309
4.2019214630127,9.4303674697876
-1.17830014228821,-1.44677877426147
-12.6825923919678,-8.49611949920654
-23.5386524200439,-11.7159852981567
-25.1405487060547,-13.440637588501
-13.6815586090088,-16.0976581573486
9.08840179443359,-20.0488471984863
30.977560043335,-22.3240261077881
41.5676460266113,-20.3943614959717
38.9156341552734,-11.5358171463013
20.4348640441895,3.14992761611938
-6.34181833267212,20.2933177947998
-24.0641269683838,32.0180702209473
-27.0852432250977,36.1045417785645
-18.5390186309814,34.5746726989746
-1.52444136142731,28.0531044006348
13.9479494094849,20.2123146057129
20.8670177459717,12.481128692627
18.5187683105469,6.68399286270142
13.1721591949463,0.256578803062439
11.0713024139404,-6.62720727920532
14.847541809082,-13.6162137985229
21.3993816375732,-18.6321315765381
23.8850021362305,-17.5899486541748
16.8216743469238,-10.0621061325073
-1.83467423915863,2.90441370010376
-24.2996215820312,15.351095199585
-39.2141761779785,21.4782981872559
-43.3762245178223,22.3004360198975
-38.0122871398926,18.1928787231445
-25.1507778167725,12.9746618270874
-12.9905290603638,10.1439447402954
-9.81471347808838,12.658374786377
-16.0723972320557,20.2396621704102
-26.0708293914795,28.6973686218262
-30.6840286254883,35.9087142944336
-28.0528945922852,37.3264770507812
-18.0803508758545,31.7268371582031
-4.06935262680054,20.5524005889893
3.75724077224731,6.9096736907959
1.97538542747498,-1.31775867938995
-8.80969333648682,-1.24155747890472
-20.2960319519043,5.62552690505981
-24.8875179290771,11.1326808929443
-20.2382011413574,8.38797664642334
-6.73576784133911,-5.18293380737305
11.5393657684326,-21.4772548675537
26.0649833679199,-29.15478515625
34.6970138549805,-21.7787189483643
35.9901351928711,-0.94238954782486
29.1620922088623,22.47287940979
16.7258491516113,35.5421142578125
1.92131388187408,32.9719429016113
-11.3733930587769,17.3321170806885
-18.935474395752,-2.18269443511963
-16.1179084777832,-12.8468952178955
-1.79563415050507,-12.5003356933594
19.7791156768799,-2.07058477401733
37.252986907959,10.2543840408325
42.1826820373535,15.4784450531006
33.8865661621094,14.9464988708496
15.4913892745972,8.73662376403809
-2.70399403572083,1.95409083366394
-9.11950778961182,0.875791788101196
-2.58311605453491,4.41131830215454
10.2963466644287,7.75644636154175
17.8713722229004,4.94389152526855
14.6861619949341,-8.67858505249023
3.78020548820496,-28.8176212310791
-7.8426685333252,-45.0232124328613
-11.9132738113403,-50.748950958252
-6.66541242599487,-46.2322044372559
3.83156299591064,-27.6222019195557
12.1673469543457,-0.379753351211548
11.542706489563,17.8953800201416
1.44364726543427,18.6536350250244
-13.4030590057373,3.8683066368103
-22.7824859619141,-17.4074840545654
-23.1244525909424,-31.9326839447021
-16.5550746917725,-33.1600456237793
-6.3867039680481,-22.4092044830322
0.987275183200836,-5.93889141082764
2.52695679664612,7.2075891494751
0.0885186493396759,11.456901550293
-0.787481904029846,7.67377328872681
3.48500418663025,3.90212726593018
11.5648355484009,5.60611152648926
18.1444435119629,16.1412906646729
19.6849594116211,31.5911350250244
14.3370981216431,43.1018981933594
4.53031730651855,46.8261566162109
-2.94408011436462,41.9451026916504
-4.45933532714844,30.3840255737305
2.20106625556946,14.9991083145142
12.8082723617554,2.71130108833313
19.8716011047363,-2.08853888511658
19.3045806884766,-2.35534763336182
11.9222507476807,0.336120337247849
2.65639448165894,3.26537775993347
-2.70921325683594,4.66580963134766
-1.69438052177429,5.53721714019775
3.00337076187134,4.50797891616821
6.46624517440796,3.05973887443542
4.30693292617798,1.59333562850952
-2.66725039482117,-1.9883291721344
-9.25708770751953,-5.62448310852051
-9.25186824798584,-8.58881378173828
0.170356631278992,-11.8558616638184
14.5224857330322,-13.3306159973145
25.9015159606934,-12.8216333389282
26.9274139404297,-11.5971956253052
13.1337451934814,-10.2763051986694
-10.1454057693481,-7.82408809661865
-29.7132453918457,-3.9864706993103
-36.4122695922852,-0.463679045438766
-27.9862976074219,1.5229799747467
-8.24434280395508,0.851365625858307
12.6800870895386,-2.05367422103882
21.8979263305664,-5.76435947418213
16.1429615020752,-8.50551414489746
0.541341602802277,-8.23849678039551
-15.7755260467529,-6.17062664031982
-22.2545051574707,-6.13889312744141
-15.35422706604,-9.2063570022583
1.47788560390472,-14.8237419128418
18.1465320587158,-17.7233543395996
24.9248886108398,-13.721851348877
18.0160503387451,0.2196264564991
-0.0972869992256165,22.4795608520508
-17.984525680542,40.9582443237305
-26.8228206634521,47.7958946228027
-30.1170082092285,42.5549201965332
-27.6687564849854,21.2949981689453
-19.4137668609619,-11.7579479217529
-12.5694389343262,-36.2836685180664
-11.6936473846436,-42.3279876708984
-16.850902557373,-30.5794334411621
-22.3808116912842,-3.69690608978271
-22.512336730957,23.45973777771
-16.5588321685791,37.5463104248047
-6.15977048873901,36.572395324707
6.26561689376831,21.3200492858887
16.2663440704346,-0.820258855819702
20.5745315551758,-18.1776371002197
18.457181930542,-27.3752269744873
12.2924003601074,-28.2311840057373
3.46746730804443,-24.881046295166
-6.4443244934082,-22.6983528137207
-13.2471075057983,-20.7235927581787
-15.7715587615967,-19.8814125061035
-15.2824096679688,-16.7932815551758
-11.5009517669678,-11.1337251663208
-7.10967588424683,-5.54744672775269
-4.17457294464111,-2.51526570320129
-2.74386930465698,-4.65975522994995
-2.41275930404663,-8.75687408447266
-1.33091127872467,-11.9683885574341
3.64095568656921,-10.584867477417
13.119966506958,-4.35745573043823
25.8340835571289,2.99731659889221
36.1055870056152,7.12199306488037
40.0354804992676,3.05785989761353
35.5974388122559,-7.4288854598999
21.2939529418945,-20.7104396820068
3.48082876205444,-30.8587684631348
-10.1224412918091,-32.3533554077148
-13.6469030380249,-24.639289855957
-4.46184062957764,-10.4673299789429
14.5335512161255,3.07998967170715
33.5155792236328,9.94978809356689
43.794807434082,7.6161527633667
44.294605255127,-2.01567816734314
35.9281311035156,-15.3907623291016
20.9342422485352,-26.6019401550293
7.26604461669922,-29.7051029205322
-1.95555222034454,-22.8670387268066
-5.74181222915649,-5.30339431762695
-6.29714107513428,17.298713684082
-7.98317098617554,36.5310592651367
-10.8756847381592,45.2689361572266
-16.141918182373,42.5190124511719
-19.5411167144775,29.804895401001
-18.4325466156006,8.47900104522705
-12.9201726913452,-11.5794496536255
-4.96456003189087,-21.4210948944092
-0.748441874980927,-19.4150199890137
-2.78082156181335,-7.31468820571899
-8.62764549255371,7.65623664855957
-15.0145578384399,16.4548645019531
-16.7717781066895,13.2905321121216
-11.5518922805786,-0.200419574975967
-0.914623081684113,-17.0782527923584
10.4836139678955,-30.5984325408936
17.841100692749,-34.7212295532227
19.535062789917,-30.4232730865479
14.4677877426147,-19.5695095062256
6.14098119735718,-6.46499252319336
-1.73822224140167,5.00443506240845
-5.92114591598511,12.9510707855225
-5.1052713394165,16.772403717041
-2.31526374816895,19.0772304534912
0.566811621189117,20.4039649963379
2.38248777389526,20.465970993042
3.18688011169434,19.2127208709717
2.74366044998169,15.7343978881836
1.21587872505188,10.1322536468506
-0.201463431119919,4.93700218200684
-2.2831130027771,0.165972456336021
-3.80170869827271,-1.82068657875061
-4.20400953292847,-1.52966070175171
-2.82758617401123,-0.10041856020689
-0.963475346565247,0.899800360202789
0.279543548822403,0.454701900482178
-0.872033894062042,-1.22610855102539
-4.14346599578857,-5.7428560256958
-8.10008239746094,-10.6157655715942
-11.5777797698975,-14.5663280487061
-10.8186902999878,-13.6247730255127
-6.28085708618164,-6.75267839431763
0.862848043441772,6.28586769104004
6.68921232223511,22.3701648712158
8.58129787445068,35.0767669677734
8.03202342987061,41.9772529602051
6.12761974334717,40.5638771057129
6.63994216918945,32.8253860473633
9.96836853027344,21.0889415740967
13.3247699737549,8.31407165527344
12.0341520309448,-0.77787846326828
2.13739132881165,-7.16666984558105
-14.3066177368164,-11.7024154663086
-30.8249473571777,-16.3582038879395
-40.5386161804199,-21.5010528564453
-40.9592895507812,-26.388786315918
-33.1748695373535,-29.5151233673096
-21.9188041687012,-27.0272064208984
-13.743145942688,-18.6519641876221
-12.6759119033813,-7.50487804412842
-17.9321231842041,3.12612771987915
-23.2664165496826,10.37380027771
-21.2217197418213,15.0005702972412
-9.72494220733643,19.697904586792
8.67440986633301,24.2392864227295
22.562442779541,28.4675121307373
23.6586952209473,29.4587554931641
11.7205781936646,25.3134098052979
-8.03264999389648,14.4036951065063
-21.8183841705322,1.39938795566559
-20.6572036743164,-8.44455337524414
-3.80943322181702,-10.0890378952026
20.9805889129639,-3.42070293426514
39.0703353881836,6.82324266433716
43.3588943481445,13.7130832672119
33.9331207275391,14.7613191604614
14.9473333358765,10.0788078308105
-3.12487530708313,3.34053492546082
-8.84768962860107,0.588523745536804
-1.21128582954407,2.42027521133423
10.638521194458,6.61092329025269
18.2191829681396,4.5058913230896
14.5711297988892,-7.44224691390991
2.23989748954773,-27.6965236663818
-9.17337131500244,-45.3509826660156
-13.5036859512329,-51.2566795349121
-8.26334095001221,-46.7038154602051
2.83030009269714,-26.7833614349365
12.5241355895996,1.45116293430328
12.4335298538208,18.3356761932373
1.16055464744568,16.1508941650391
-14.2193517684937,-0.876000583171844
-23.8509731292725,-18.3703327178955
-21.4229736328125,-24.2380332946777
-8.31323719024658,-14.8034906387329
8.50822830200195,5.36539888381958
16.8283557891846,22.8313388824463
10.9470844268799,29.3422603607178
-8.60635089874268,26.8184356689453
-32.4059677124023,18.2454891204834
-47.1353454589844,10.7646188735962
-50.3957099914551,7.30800771713257
-43.2593116760254,4.59253120422363
-25.4159164428711,2.76244974136353
-5.09316253662109,0.385390132665634
9.53767490386963,-0.835916638374329
17.0636386871338,0.803139686584473
19.8231658935547,5.16560554504395
22.4501247406006,10.402193069458
26.7637386322021,14.7978544235229
29.8598022460938,16.6431751251221
29.5729522705078,15.484917640686
23.5902194976807,12.8128652572632
13.8350048065186,8.0149040222168
4.81194877624512,1.27934491634369
0.258040189743042,-7.00174140930176
1.36389696598053,-16.5715675354004
3.63991165161133,-26.3839836120605
2.71255373954773,-35.0988960266113
-6.1564302444458,-41.2131538391113
-21.2482318878174,-42.2814331054688
-34.6846961975098,-37.5181274414062
-41.473072052002,-29.3161640167236
-36.7715644836426,-18.6715888977051
-19.7870483398438,-6.205491065979
3.7397038936615,1.95617854595184
22.5503330230713,1.56160247325897
29.1637630462646,-7.95415210723877
25.1463928222656,-21.4227657318115
15.8371133804321,-31.7752704620361
7.61197710037231,-35.9609069824219
3.12362265586853,-31.6967735290527
2.96412205696106,-19.5636653900146
4.88272190093994,-3.43719577789307
5.99901723861694,10.9809045791626
4.81904697418213,18.9912166595459
2.90483117103577,18.2281608581543
1.73843109607697,10.7092943191528
3.17769408226013,-0.251985847949982
7.71364831924438,-11.1934328079224
13.7416849136353,-18.344446182251
18.654260635376,-21.4139957427979
22.1244430541992,-20.4342365264893
23.9313507080078,-17.1314888000488
22.9868717193604,-12.4681854248047
19.6066703796387,-7.99360942840576
12.4976215362549,-4.96205472946167
2.20357155799866,-3.07936334609985
-7.64558935165405,-3.42780113220215
-11.5627479553223,-4.40275859832764
-5.81258535385132,-6.47960662841797
9.7059440612793,-8.98046684265137
28.5161571502686,-11.4045000076294
41.1549072265625,-13.8452348709106
44.5328102111816,-15.9440031051636
38.5525856018066,-16.3957824707031
20.8580417633057,-14.6195640563965
-1.93864190578461,-10.6207761764526
-20.097282409668,-4.62342929840088
-28.0541477203369,-0.169730320572853
-26.4436931610107,1.31086933612823
-19.8235836029053,0.0937379077076912
-12.6237192153931,-2.71839928627014
-8.98840045928955,-3.61256289482117
-8.70509910583496,-0.311902970075607
-9.40322685241699,6.78545522689819
-8.88902568817139,16.4705219268799
-6.86290884017944,24.7395000457764
-4.83804512023926,27.1418209075928
-5.01466464996338,23.3353099822998
-8.24601268768311,12.8220510482788
-13.2454376220703,-1.37162148952484
-16.1300182342529,-13.4828090667725
-13.576756477356,-20.3542785644531
-4.52405452728271,-21.09645652771
8.55833339691162,-15.7640438079834
20.9158706665039,-8.13223266601562
27.1745986938477,-2.28728842735291
24.3457584381104,-1.32214283943176
12.0660934448242,-7.59840726852417
-5.79024696350098,-17.9596824645996
-20.8419647216797,-29.0255565643311
-28.6395397186279,-36.0726013183594
-27.4712600708008,-37.3398361206055
-20.0112686157227,-34.2302017211914
-9.98903656005859,-24.5296859741211
-1.45178925991058,-13.1391735076904
-0.388521701097488,-4.8493185043335
-5.12385177612305,-3.52362656593323
-10.6562671661377,-8.50092124938965
-11.5072154998779,-14.2767629623413
-4.19440603256226,-15.4867963790894
9.62076568603516,-6.46561908721924
23.5781097412109,12.6898994445801
29.0117778778076,33.9072341918945
24.5340690612793,48.4349403381348
13.2636003494263,54.9844856262207
0.374951630830765,53.7675628662109
-8.10279655456543,43.2795639038086
-7.1927661895752,25.0741596221924
2.54553747177124,8.50384426116943
11.7903079986572,0.0200419574975967
13.4794692993164,-0.0899800360202789
4.26246500015259,3.91862034797668
-12.5980405807495,6.53409576416016
-26.504861831665,4.23783016204834
-29.2441387176514,-2.50858497619629
-18.2820224761963,-10.074423789978
2.60357546806335,-14.4684143066406
21.4346656799316,-11.779242515564
28.7906894683838,-4.08521890640259
20.7807960510254,4.29649448394775
1.97141885757446,9.49571228027344
-16.1552791595459,8.59612083435059
-27.5969409942627,1.47746801376343
-28.1182403564453,-6.73034000396729
-22.0831050872803,-12.7846813201904
-14.9295883178711,-14.5256175994873
-9.22034454345703,-10.0397682189941
-5.87688636779785,-3.86433982849121
-0.411695212125778,0.329857230186462
9.27650356292725,-0.822137773036957
22.1133766174316,-7.58692455291748
33.4604644775391,-15.7634172439575
37.1943244934082,-21.5150413513184
33.8851051330566,-22.4463653564453
24.6111068725586,-17.8056087493896
13.9466972351074,-9.99905776977539
9.55792617797852,-2.92946600914001
11.3863372802734,-2.03551125526428
14.9847040176392,-6.85768985748291
13.2892789840698,-14.0575542449951
3.39961695671082,-17.6596794128418
-11.7621240615845,-13.535210609436
-23.80859375,-1.49730122089386
-26.0889911651611,13.8226871490479
-17.9738788604736,24.1451301574707
-4.59879398345947,23.6131839752197
4.51674747467041,12.1007490158081
1.37078642845154,-5.64118480682373
-13.8844833374023,-20.1223335266113
-31.8713054656982,-22.9332180023193
-42.7355079650879,-15.6525602340698
-41.239875793457,-1.84323382377625
-25.6397171020508,12.2527341842651
-2.47726941108704,17.8047733306885
15.6736459732056,12.7704849243164
20.682674407959,3.60087180137634
13.3452301025391,-2.15179634094238
1.62235474586487,3.43281149864197
-7.49485683441162,20.612943649292
-8.22116947174072,37.5233459472656
-1.29729926586151,45.554744720459
8.14455032348633,40.4954032897949
16.4016284942627,18.9876670837402
19.0252456665039,-10.7909240722656
17.3957920074463,-33.0978317260742
15.5241661071777,-38.3765907287598
12.7197532653809,-26.2996406555176
8.72952556610107,0.430693328380585
1.0586746931076,27.9606189727783
-9.72160243988037,41.703556060791
-18.7707538604736,41.7327842712402
-22.8254928588867,31.9128513336182
-15.9822082519531,18.6747207641602
1.7565940618515,9.18318271636963
21.0087738037109,6.86520528793335
32.5306015014648,8.86230278015137
32.8907318115234,10.1203536987305
22.0494937896729,5.95726299285889
6.15434217453003,-5.20151424407959
-5.55496263504028,-18.4415245056152
-7.81051778793335,-26.7583103179932
-1.6382212638855,-26.6109180450439
6.93117713928223,-17.5761699676514
11.4362335205078,-1.90001928806305
7.78859710693359,14.3352184295654
-1.871209025383,25.7071514129639
-11.952522277832,31.0301685333252
-19.2081279754639,31.4748497009277
-21.9087829589844,29.084846496582
-22.2806015014648,25.1662273406982
-23.2762279510498,20.7227573394775
-24.2378253936768,15.889931678772
-22.3814392089844,12.233736038208
-15.2348108291626,9.9249439239502
-2.45952391624451,9.96753311157227
10.4293336868286,12.758376121521
15.9893064498901,16.8542423248291
9.56773853302002,22.0048160552979
-8.93933963775635,24.0196590423584
-30.9781856536865,21.6342487335205
-45.6898193359375,16.8465175628662
-49.7115707397461,10.6796493530273
-43.495433807373,5.28356122970581
-26.6006889343262,0.811908066272736
-5.46247720718384,-0.397498816251755
10.473801612854,0.0484347306191921
18.0759658813477,1.73154163360596
20.6503143310547,5.88440227508545
22.6991863250732,8.91240787506104
26.6816902160645,12.5924034118652
30.4003086090088,15.3469200134277
30.7769317626953,15.180947303772
25.3305282592773,12.8880224227905
14.913722038269,7.88024711608887
4.12112760543823,0.66034072637558
-1.07474994659424,-7.93536233901978
0.611279726028442,-16.9640560150146
4.28229808807373,-26.2852363586426
3.48249888420105,-34.6128768920898
-6.78754281997681,-40.6070938110352
-24.10964012146,-41.5526161193848
-38.4960060119629,-36.4373207092285
-43.0793533325195,-28.3883895874023
-34.6863670349121,-18.2218971252441
-14.4300003051758,-7.05831813812256
5.49107885360718,-2.37580704689026
11.4093017578125,-5.43805122375488
1.4618102312088,-12.3901052474976
-13.4519109725952,-16.0383682250977
-21.1799640655518,-11.3794479370117
-16.0709362030029,-0.682887971401215
-0.149270832538605,9.84247970581055
17.0018424987793,13.0894861221313
25.9086151123047,7.44329071044922
24.4724826812744,-1.76807641983032
15.3899269104004,-7.27690076828003
3.69815874099731,-4.31632804870605
-4.85641670227051,5.14055347442627
-9.72535991668701,13.5145425796509
-13.4427251815796,13.8103704452515
-17.850076675415,2.29918837547302
-22.6098327636719,-17.2458953857422
-26.0269870758057,-33.4855194091797
-27.3543491363525,-38.6400604248047
-25.3971271514893,-32.2754859924316
-19.9636688232422,-13.2095289230347
-11.7268419265747,11.5138959884644
-4.30317544937134,28.2900581359863
0.276620775461197,32.8443832397461
2.85702276229858,28.5514392852783
4.2142391204834,19.1001949310303
5.74369096755981,10.465033531189
7.55727958679199,4.04659652709961
9.75834560394287,-0.269522577524185
10.618688583374,-5.40757083892822
10.2007303237915,-12.2688093185425
8.69027614593506,-17.9945468902588
7.46792554855347,-19.7837085723877
8.82096672058105,-15.6903476715088
11.7337312698364,-6.86311769485474
14.5444068908691,3.28980374336243
13.5696582794189,9.88005828857422
7.42471027374268,11.8592023849487
-3.43782210350037,10.2629432678223
-16.5235500335693,10.2581415176392
-26.3649864196777,14.4262428283691
-30.3877830505371,21.5899906158447
-27.8952732086182,27.6103019714355
-19.7219123840332,28.358325958252
-6.75434827804565,21.3012599945068
8.27461433410645,8.20926952362061
21.5106563568115,-3.88396430015564
26.9902534484863,-9.04790019989014
23.2568130493164,-5.08856964111328
9.74206161499023,5.43700742721558
-11.5898885726929,16.9874382019043
-28.8103141784668,23.1413631439209
-35.974479675293,22.4572219848633
-31.7974014282227,19.405834197998
-14.3203964233398,17.5327453613281
9.88778305053711,19.2206554412842
26.8495426177979,23.9518089294434
29.8687801361084,27.6426620483398
19.3703422546387,27.5080051422119
0.860342800617218,18.0674076080322
-13.2661056518555,1.52986943721771
-13.9444007873535,-14.4813585281372
-0.164719834923744,-24.6562004089355
18.8423633575439,-24.7841777801514
30.4623146057129,-16.2139434814453
29.2742023468018,-4.40442895889282
14.2387666702271,7.86417198181152
-6.03137636184692,15.4757318496704
-17.8156299591064,15.0141401290894
-14.1732130050659,9.84018325805664
4.4543251991272,2.13279819488525
26.8334674835205,-5.18189001083374
40.2634582519531,-10.278392791748
39.9104270935059,-12.6671438217163
26.8011074066162,-11.9731903076172
8.4357852935791,-6.96395397186279
-4.11945724487305,0.925479114055634
-4.27060699462891,9.07378768920898
4.01653337478638,14.3036947250366
12.8429279327393,14.7834491729736
11.8761119842529,11.0003204345703
-0.334450155496597,4.97896528244019
-17.7198047637939,-1.06660795211792
-32.2003288269043,-4.86748170852661
-35.0160140991211,-6.80173921585083
-25.2564163208008,-8.38442802429199
-7.64934730529785,-10.8577308654785
8.54476356506348,-12.8218421936035
14.861946105957,-12.8869791030884
9.37754821777344,-8.77900409698486
-2.83134412765503,1.83300399780273
-11.8111848831177,15.6644601821899
-13.2274827957153,27.8384876251221
-7.25477123260498,33.8963775634766
2.89794182777405,31.8305950164795
10.2094984054565,24.3706035614014
10.4097089767456,15.1419076919556
2.34261250495911,9.56064033508301
-10.6159744262695,10.2700414657593
-22.1317481994629,14.643572807312
-27.9679260253906,17.0467281341553
-26.9697933197021,13.1798839569092
-18.9839096069336,0.855541050434113
-6.98671007156372,-16.9797134399414
4.61716604232788,-31.5197353363037
12.4736137390137,-36.7494354248047
14.5203981399536,-32.1274681091309
11.1957302093506,-17.9600982666016
3.73657250404358,-1.050532579422
-4.83345222473145,10.6414442062378
-10.6852865219116,12.9729919433594
-12.2581624984741,5.63638305664062
-8.8470630645752,-6.13868474960327
-1.33988833427429,-16.2199974060059
6.66040182113647,-20.1532325744629
12.5775814056396,-17.6467342376709
16.251314163208,-9.41804981231689
18.4488315582275,-0.661384582519531
18.67409324646,6.42532634735107
17.5018482208252,10.9848718643188
13.0241403579712,12.5001268386841
3.10378932952881,13.9189310073853
-10.3205642700195,15.897029876709
-25.5096530914307,18.8471641540527
-35.6237449645996,20.5540714263916
-37.0588302612305,21.8622264862061
-30.1111621856689,21.9471969604492
-13.9615201950073,18.2079105377197
5.60799026489258,12.1034631729126
19.6569843292236,5.06539583206177
24.9825096130371,-0.728817462921143
20.5344467163086,-3.01881980895996
10.7222385406494,-0.865979552268982
2.2215256690979,5.59379386901855
-2.14553332328796,14.7291688919067
-1.83697068691254,23.2142238616943
1.23905229568481,26.2637329101562
3.71632170677185,22.970588684082
4.02133512496948,12.8061847686768
1.6968857049942,-0.786229312419891
-1.56055867671967,-11.4541873931885
-2.54324078559875,-14.5293750762939
-1.31233072280884,-8.49152660369873
2.53447246551514,2.83092641830444
8.4284782409668,11.2698431015015
13.9047346115112,10.0934219360352
17.8060264587402,-4.02885103225708
18.5465354919434,-27.1641597747803
14.9880437850952,-46.3453559875488
7.781081199646,-54.0299873352051
-0.303760915994644,-50.0401763916016
-9.21074104309082,-30.0142936706543
-15.9128971099854,3.34742450714111
-13.8546295166016,32.0475082397461
-4.33553457260132,43.8227844238281
9.66189384460449,38.4997634887695
23.5599479675293,18.181604385376
29.4184627532959,-7.06353759765625
24.2382431030273,-25.6866912841797
11.9120206832886,-33.4702796936035
-2.78812861442566,-31.931640625
-13.8692436218262,-27.0741786956787
-16.4611282348633,-24.5386638641357
-11.4896783828735,-26.5555934906006
-2.70775198936462,-31.458984375
4.03782796859741,-32.5575332641602
5.62302160263062,-27.3745994567871
1.47120499610901,-17.2694873809814
-6.19338226318359,-6.40215301513672
-13.3848962783813,-3.13990664482117
-17.7955875396729,-8.68171691894531
-19.0143890380859,-17.8692836761475
-20.3693103790283,-25.083553314209
-24.0133972167969,-25.167896270752
-28.6758651733398,-16.8786678314209
-33.1853065490723,-5.13867425918579
-35.6304244995117,3.16996955871582
-34.2945022583008,4.06705617904663
-27.8844165802002,-1.43905425071716
-15.4408664703369,-8.54017066955566
0.590193867683411,-8.97858810424805
16.8081035614014,-0.0672240629792213
28.732442855835,14.3377237319946
33.8665237426758,24.2159042358398
33.822681427002,23.5925159454346
29.0904846191406,9.55729961395264
20.6027145385742,-13.4182996749878
13.3368787765503,-31.7282981872559
9.5286979675293,-38.971794128418
10.7508401870728,-34.2185096740723
15.4590301513672,-21.3448944091797
17.5983009338379,-8.00864124298096
14.3348016738892,-2.50816750526428
4.89733600616455,-5.4313702583313
-7.63034915924072,-12.6239280700684
-16.9252243041992,-15.6815795898438
-18.2584323883057,-11.0320539474487
-10.9550170898438,-0.136953383684158
2.83259677886963,9.83684349060059
16.1289749145508,11.875904083252
23.9081764221191,6.89756488800049
23.6138095855713,-2.51985859870911
15.9797029495239,-7.82638454437256
5.79275226593018,-4.72718811035156
-3.52237391471863,4.58919095993042
-9.42368698120117,13.0901126861572
-13.5773820877075,13.5590105056763
-18.6122970581055,2.4019033908844
-23.2290458679199,-16.0909786224365
-26.6622753143311,-32.1122245788574
-28.1545658111572,-38.0231437683105
-26.1052761077881,-31.6084632873535
-20.0924797058105,-13.6172571182251
-10.9028244018555,11.0832023620605
-3.17685914039612,28.9819240570068
1.36974251270294,34.0780067443848
3.81799292564392,28.786096572876
5.13637781143188,16.9078960418701
6.11175298690796,6.6793999671936
8.48213195800781,3.21318507194519
9.44498157501221,7.47251844406128
8.57440853118896,14.4700841903687
6.19651412963867,18.9734706878662
0.716291189193726,16.1769905090332
-7.26437473297119,5.87855672836304
-17.8283653259277,-8.27294445037842
-26.35475730896,-20.1384086608887
-28.8013362884521,-25.8718700408936
-22.7572250366211,-27.2434921264648
-8.38714122772217,-25.2315711975098
8.24413394927979,-22.3927116394043
18.2423572540283,-21.0467700958252
15.5556907653809,-21.6636867523193
2.67560124397278,-21.6983413696289
-11.2019929885864,-18.738395690918
-15.2112197875977,-14.4124641418457
-6.07647085189819,-11.4005336761475
10.7504224777222,-12.2863464355469
24.3140258789062,-18.5717964172363
24.8334465026855,-28.5282649993896
12.5763282775879,-36.405590057373
-7.38734006881714,-37.0481834411621
-23.4359378814697,-29.433910369873
-25.1964988708496,-14.7220706939697
-9.50030517578125,1.1129549741745
14.2314596176147,9.97045612335205
30.2330837249756,10.0779733657837
29.8405952453613,2.90357851982117
12.3510646820068,-4.07999992370605
-13.3276929855347,-4.39106750488281
-31.1710891723633,4.03344392776489
-32.5285148620605,18.6244068145752
-19.5962333679199,32.4926071166992
-0.608983218669891,38.3116645812988
13.2504482269287,34.4798927307129
13.9450273513794,24.1056728363037
2.95159578323364,11.7800779342651
-12.2909393310547,5.26915597915649
-20.6599178314209,6.44369792938232
-16.5678100585938,13.6519136428833
-4.77979803085327,21.9261112213135
5.32844686508179,27.1107139587402
6.31050252914429,27.0445346832275
-3.90818166732788,22.635929107666
-21.4329948425293,16.8845138549805
-34.9389762878418,10.7216119766235
-37.587230682373,6.78608131408691
-29.523681640625,3.18458342552185
-13.7780103683472,-1.96223294734955
2.75284647941589,-8.34622287750244
11.6042938232422,-14.715181350708
9.64331340789795,-19.4519729614258
-0.0187893360853195,-22.0528335571289
-12.5744495391846,-22.4112930297852
-22.7599391937256,-22.168701171875
-26.5664501190186,-20.6221313476562
-24.940336227417,-16.969274520874
-17.8713722229004,-9.5975923538208
-8.47941780090332,1.51149761676788
1.68122792243958,13.0498199462891
10.1600198745728,21.2354984283447
15.3124732971191,22.4607715606689
17.0064353942871,15.9458827972412
13.5360460281372,3.5108916759491
6.74578905105591,-8.73641490936279
-2.40148591995239,-16.9302349090576
-11.5433320999146,-16.7646789550781
-19.9129371643066,-10.7773542404175
-26.3591403961182,-4.39941835403442
-30.724739074707,-0.401883006095886
-32.1754837036133,-0.960970103740692
-30.3859043121338,-1.99605369567871
-24.7445106506348,-0.360964000225067
-15.8924369812012,6.42699670791626
-7.76897239685059,17.3673992156982
-1.54615354537964,26.1186370849609
2.39376139640808,28.252269744873
4.69127941131592,22.9449100494385
6.27000093460083,10.6065797805786
9.65876197814941,-3.1655855178833
15.5782375335693,-10.189248085022
21.3540802001953,-9.66711330413818
24.3499336242676,-4.29440689086914
23.8263378143311,1.12485492229462
20.64133644104,0.844893753528595
17.9991397857666,-5.82177114486694
19.9271335601807,-15.009129524231
26.5315856933594,-20.0837116241455
33.4366645812988,-17.4446449279785
35.4840774536133,-7.60947179794312
27.9854621887207,5.46811389923096
9.49612998962402,18.0312900543213
-15.0362701416016,22.9359321594238
-33.4644317626953,17.8377590179443
-40.183708190918,7.47752904891968
-34.8180999755859,-5.19566869735718
-17.5847301483154,-16.6231327056885
4.34618186950684,-24.5960750579834
21.05491065979,-27.8443336486816
29.3564567565918,-26.8134250640869
31.0122146606445,-22.1906223297119
28.3491401672363,-12.9581689834595
24.2361545562744,-0.163049668073654
19.8396587371826,11.7067995071411
16.7801284790039,17.7083225250244
13.9748811721802,15.8262567520142
12.1969928741455,5.23241233825684
12.2919826507568,-10.1879949569702
15.2609071731567,-21.7643127441406
18.5995635986328,-25.6605949401855
17.3761692047119,-19.4064598083496
10.4097089767456,-6.83221960067749
-1.65721940994263,5.50611019134521
-13.3038930892944,10.3779764175415
-17.4715766906738,5.83951663970947
-10.4756803512573,-4.67583036422729
4.49774932861328,-16.675952911377
20.3799571990967,-23.2538890838623
27.5700092315674,-23.7513904571533
22.1421871185303,-20.8137817382812
4.54681015014648,-17.4229335784912
-17.8646907806396,-13.3337469100952
-32.0566940307617,-8.82722949981689
-31.5905094146729,-2.93948698043823
-17.8880729675293,7.31740236282349
1.62569499015808,20.3352794647217
14.9581899642944,29.5504055023193
16.3569507598877,31.8560657501221
8.07795238494873,25.9457759857178
-4.5096492767334,11.6084690093994
-13.1942882537842,-5.023850440979
-13.5775909423828,-14.9913845062256
-6.42010688781738,-14.0558843612671
2.52612161636353,-2.2897937297821
8.72075653076172,14.4360551834106
9.34518909454346,26.8601894378662
7.38629627227783,30.2948799133301
6.44035768508911,23.0931358337402
8.98067569732666,9.49258041381836
14.4924230575562,-3.65306425094604
20.3386211395264,-11.1992788314819
23.3770637512207,-9.04706478118896
22.8764324188232,0.628816425800323
21.479133605957,14.0738382339478
19.9563617706299,26.7069530487061
18.2196006774902,33.9615135192871
13.9565095901489,36.051513671875
4.60025548934937,30.7385177612305
-10.3124217987061,18.2859897613525
-25.7010955810547,1.24427151679993
-34.1360473632812,-15.4465036392212
-31.5752696990967,-27.1758499145508
-19.0649127960205,-31.2608604431152
1.09646213054657,-24.2048397064209
20.387264251709,-7.75060081481934
30.3959255218506,10.8003187179565
29.953540802002,25.0520286560059
22.646577835083,30.7122116088867
15.1034936904907,27.8171939849854
11.5406188964844,18.977855682373
14.2957611083984,9.75730133056641
20.1452980041504,5.91425657272339
22.4864501953125,8.49632835388184
20.3724403381348,13.6899099349976
15.3224945068359,16.5371208190918
10.4174337387085,13.2604684829712
8.33181762695312,2.64553833007812
9.96774196624756,-11.2644147872925
12.8057670593262,-22.5501251220703
12.7951192855835,-26.6278285980225
7.34976148605347,-24.191686630249
-3.23030424118042,-18.1214790344238
-15.549635887146,-12.3763265609741
-25.1921138763428,-9.8115816116333
-29.5898628234863,-10.860652923584
-29.9053153991699,-12.7443885803223
-27.3148918151855,-11.3230800628662
-24.1637115478516,-5.41988801956177
-20.3893508911133,3.26141095161438
-14.1942987442017,11.0030345916748
-4.81153106689453,13.6045227050781
6.44912624359131,8.35645198822021
16.940673828125,-1.43404376506805
23.085412979126,-10.9247455596924
21.7641048431396,-16.2331504821777
14.4433622360229,-15.9135227203369
2.58144593238831,-10.4957227706909
-11.2994890213013,-3.0376091003418
-23.1440773010254,2.62236475944519
-30.4111652374268,6.25288200378418
-31.4999027252197,8.58714389801025
-26.6948432922363,11.6015796661377
-16.9957885742188,15.5049591064453
-5.65621614456177,19.5018692016602
2.97038507461548,20.2686824798584
3.99816179275513,15.1333484649658
-3.67874312400818,4.83908891677856
-16.8398380279541,-8.19256782531738
-27.8050842285156,-18.8168926239014
-30.6195182800293,-24.5037975311279
-24.1236267089844,-26.2451515197754
-8.46835327148438,-24.5213356018066
8.79507923126221,-22.7774753570557
17.6807651519775,-22.2384300231934
14.9130954742432,-22.5194358825684
1.98060464859009,-22.1682834625244
-11.5913496017456,-19.1853733062744
-15.3606986999512,-14.2203950881958
-6.80904626846313,-10.570671081543
10.4927997589111,-12.4516925811768
24.2551536560059,-19.6352729797363
24.9547424316406,-29.2305679321289
11.6794509887695,-37.1565361022949
-9.52389621734619,-36.9273071289062
-25.6871089935303,-27.9044589996338
-26.0319976806641,-13.9861545562744
-7.96479940414429,0.905019640922546
17.4960021972656,9.09257698059082
31.9556484222412,8.46355152130127
28.1405792236328,2.43927335739136
7.27836227416992,-3.32404208183289
-15.8473424911499,-3.83552956581116
-24.7678928375244,1.84845304489136
-17.5087375640869,11.5151481628418
-1.90127193927765,18.1231479644775
7.62554740905762,16.6922359466553
3.29898977279663,6.63451433181763
-13.3769626617432,-7.53744602203369
-29.6101131439209,-19.0145988464355
-34.431037902832,-24.816535949707
-26.3077831268311,-26.476261138916
-7.57940912246704,-24.413818359375
10.8681688308716,-21.6269416809082
18.8941383361816,-21.577880859375
14.0684099197388,-22.394172668457
0.383302450180054,-22.0223541259766
-12.4957427978516,-18.9912166595459
-14.8377294540405,-13.8084907531738
-5.26832103729248,-10.4639892578125
11.3168163299561,-12.6107749938965
23.2872924804688,-19.7507228851318
23.3728885650635,-29.5489444732666
11.2800731658936,-37.2248039245605
-8.92556095123291,-37.2861824035645
-23.6925163269043,-28.1389083862305
-25.0165386199951,-13.4913692474365
-9.30030345916748,1.6409353017807
14.8915920257568,9.59550476074219
30.6433181762695,8.61115264892578
29.7535381317139,2.19856095314026
12.3331108093262,-4.26726675033569
-13.4091138839722,-4.15119028091431
-31.2318420410156,4.98919486999512
-31.7961483001709,20.331729888916
-18.1145896911621,33.5241394042969
1.18456315994263,38.420223236084
14.2483701705933,34.3180961608887
14.7809438705444,23.6000308990479
3.28082680702209,11.8372812271118
-11.9299755096436,5.73325252532959
-20.4421710968018,7.27836227416992
-16.8907775878906,14.1176805496216
-4.13407135009766,21.8822689056396
6.25162935256958,26.6620674133301
7.70738506317139,26.9670810699463
-3.32884383201599,23.2536811828613
-20.3127326965332,17.5924549102783
-34.3070297241211,12.2696447372437
-37.7646865844727,8.02346324920654
-29.7397594451904,4.2019214630127
-13.9775953292847,-1.39750897884369
3.00984263420105,-8.33536624908447
11.1072111129761,-15.3087148666382
9.01825428009033,-19.6603260040283
-0.554076611995697,-21.8528327941895
-13.8172597885132,-22.3768463134766
-23.3317604064941,-20.8494815826416
-26.7654075622559,-19.7010345458984
-25.0426349639893,-15.9231262207031
-18.0352573394775,-8.61992073059082
-8.27419662475586,1.68352437019348
2.11004233360291,12.9796724319458
10.8942651748657,20.6430072784424
16.2707290649414,22.1561756134033
17.4108238220215,15.5953569412231
14.0932540893555,3.53135108947754
6.52511835098267,-9.55542087554932
-3.04909157752991,-16.8308601379395
-12.1197471618652,-16.3726081848145
-20.1246299743652,-10.2925891876221
-26.2130012512207,-2.74428677558899
-30.1301593780518,0.927149295806885
-31.9289264678955,0.56221866607666
-30.0261917114258,-0.913788020610809
-24.4317722320557,0.618377923965454
-16.0277194976807,7.29255867004395
-7.18232774734497,17.4296131134033
-0.111900925636292,25.9432697296143
3.81214737892151,28.5881824493408
5.04973840713501,22.6841564178467
6.66415977478027,10.2986431121826
9.79884719848633,-2.88332796096802
15.3291749954224,-11.114935874939
21.3663959503174,-10.4506282806396
24.5271797180176,-4.68793916702271
24.0031661987305,0.526727676391602
20.6108570098877,0.512113749980927
17.7026844024658,-6.57501459121704
19.6582374572754,-15.4997396469116
25.58669090271,-20.9889392852783
32.3750686645508,-19.0968532562256
35.2692527770996,-9.16648197174072
28.4996643066406,4.89441299438477
9.86836719512939,17.6458988189697
-14.1199769973755,23.1459560394287
-32.7798728942871,19.6152305603027
-39.8542671203613,9.33662986755371
-34.3986778259277,-3.55556845664978
-17.9776363372803,-16.2348213195801
3.3330192565918,-25.0539073944092
20.6198329925537,-28.4036293029785
28.8581218719482,-27.8036231994629
29.8380908966064,-23.1286277770996
27.5940170288086,-14.2986841201782
24.1399116516113,-1.79459023475647
20.4478073120117,10.6474990844727
17.0444316864014,17.5820159912109
14.4765567779541,15.6183214187622
12.496787071228,4.61612224578857
12.2986640930176,-10.9784002304077
14.7991065979004,-22.5077438354492
17.4131202697754,-25.9165477752686
17.0945377349854,-20.1970729827881
10.7278757095337,-7.45122385025024
-1.00481188297272,4.85432910919189
-12.3615036010742,10.1802701950073
-16.9377498626709,6.45601558685303
-10.9458312988281,-3.96726369857788
4.13010454177856,-16.0554866790771
20.1901836395264,-23.8511829376221
27.19944190979,-24.9334468841553
22.0150470733643,-21.9365482330322
4.0960750579834,-17.0166664123535
-18.1413116455078,-12.3157825469971
-31.782995223999,-8.06981086730957
-31.6059589385986,-1.84782671928406
-17.2868137359619,8.30112838745117
2.30733036994934,19.8814125061035
15.7966117858887,28.8032150268555
17.4552917480469,31.4424915313721
8.6130313873291,25.5288600921631
-3.77081084251404,11.7875938415527
-12.8095245361328,-4.34743452072144
-13.4809303283691,-14.7047424316406
-6.42553520202637,-13.6692409515381
2.19417691230774,-1.97935211658478
9.02535247802734,13.7757139205933
10.262526512146,26.4716682434082
8.28630542755127,29.9405975341797
7.30320596694946,23.2962703704834
9.11637687683105,9.34685897827148
14.3999376296997,-4.62050628662109
19.9642944335938,-11.635817527771
22.9382286071777,-10.1915445327759
23.0653705596924,-0.78455913066864
22.1989727020264,13.3930377960205
20.9152431488037,26.265193939209
18.9534282684326,33.8882369995117
15.3216590881348,35.6462898254395
5.6073637008667,30.7861175537109
-9.60844802856445,19.1444530487061
-25.3163318634033,1.97016620635986
-34.6391830444336,-14.5289573669434
-32.9293518066406,-26.3643608093262
-20.0480117797852,-30.5236930847168
0.244052588939667,-24.1225833892822
20.244047164917,-8.65353298187256
31.0157642364502,10.0312080383301
30.6366367340088,24.1315612792969
23.6096343994141,29.8969631195068
15.5836658477783,27.2983989715576
13.0963754653931,18.7644920349121
15.193473815918,9.74268817901611
20.1609573364258,5.8537130355835
22.8611927032471,7.9556131362915
20.8770389556885,13.0926170349121
15.6588230133057,16.4329433441162
10.3756799697876,12.9873971939087
8.39904117584229,2.20732927322388
9.85187435150146,-11.4059619903564
12.8938684463501,-22.9290428161621
12.2648429870605,-27.0000667572021
6.21989631652832,-24.3305187225342
-3.90254497528076,-18.2504997253418
-15.7508907318115,-11.4796571731567
-25.4050598144531,-8.50342655181885
-29.7430992126465,-9.8904972076416
-29.8767127990723,-11.7314348220825
-27.4520530700684,-10.7239084243774
-23.9037914276123,-5.11383056640625
-19.8415374755859,3.99440383911133
-13.6147518157959,11.5128517150879
-4.97207546234131,13.5913696289062
6.58545303344727,8.55582809448242
16.8609237670898,-2.23467826843262
22.5167217254639,-11.5111818313599
21.4613876342773,-16.65403175354
14.2429428100586,-16.3306465148926
2.45618367195129,-10.4157638549805
-11.9193277359009,-2.59752130508423
-22.9138031005859,3.57623672485352
-29.9117870330811,7.33473014831543
-31.3932209014893,9.7255687713623
-26.3478679656982,12.2276821136475
-16.6546573638916,16.4225044250488
-4.61152935028076,19.1500911712646
3.89649057388306,19.6093845367432
4.74305438995361,15.0930557250977
-3.25306034088135,4.98042631149292
-17.0314884185791,-7.26708841323853
-28.1917266845703,-17.5843124389648
-31.4562702178955,-23.4242458343506
-25.1649742126465,-24.9758281707764
-9.99780559539795,-23.6353130340576
7.27815341949463,-23.0382308959961
16.8193778991699,-22.9190216064453
14.1563024520874,-22.7941780090332
1.53842902183533,-21.7315368652344
-12.1343612670898,-18.4500827789307
-16.4594573974609,-13.5203876495361
-8.03097915649414,-9.96795082092285
9.58631896972656,-12.5180816650391
24.0409545898438,-20.2901859283447
25.3278141021729,-30.2023944854736
10.8967704772949,-37.7653121948242
-11.8241281509399,-36.3446273803711
-28.1397438049316,-26.5002689361572
-27.2510070800781,-12.3276824951172
-6.54662179946899,0.518376886844635
20.6116924285889,7.23452043533325
33.4168319702148,7.18044900894165
25.4570446014404,2.15054368972778
2.62612271308899,-2.68958902359009
-17.6168804168701,-3.11819458007812
-18.0964260101318,0.0659714415669441
-0.563053727149963,5.42615127563477
18.7494602203369,11.0610733032227
23.6069202423096,13.2360429763794
10.1072006225586,13.1635990142822
-10.2416486740112,11.4788227081299
-20.3377857208252,7.80696868896484
-13.5253982543945,2.08624243736267
3.30629658699036,-6.39526319503784
17.141092300415,-14.7961835861206
18.8383960723877,-19.3440380096436
11.1226596832275,-16.9554958343506
3.52237391471863,-6.16958236694336
2.56432676315308,7.5631251335144
10.2005214691162,16.5876426696777
19.2642879486084,13.809326171875
21.5346660614014,-2.42737340927124
13.9617290496826,-23.7277984619141
1.08685863018036,-39.0782661437988
-11.095311164856,-40.7680549621582
-18.0509147644043,-28.200704574585
-17.8116626739502,-4.4369969367981
-13.4195518493652,19.5676307678223
-10.751049041748,30.109073638916
-12.9316558837891,25.7349166870117
-18.0680332183838,11.3788213729858
-21.7108688354492,-3.65765714645386
-19.3511371612549,-7.37147378921509
-11.890308380127,2.56015133857727
-4.44200754165649,19.0866241455078
-1.05992722511292,30.327657699585
-5.23888397216797,28.6817111968994
-14.6769762039185,12.4168281555176
-21.1114883422852,-12.5429248809814
-18.7832813262939,-30.6708755493164
-7.46333265304565,-32.3026237487793
9.31846618652344,-14.2972230911255
23.1551418304443,18.8638668060303
25.697338104248,44.7434616088867
18.3688716888428,54.9362564086914
5.32615041732788,54.2448120117188
-10.0875768661499,38.6632308959961
-18.1043586730957,10.7902975082397
-14.4193534851074,-13.1988821029663
-1.84824430942535,-24.1374053955078
12.4516925811768,-21.4678592681885
23.2480449676514,-10.4658679962158
27.7777347564697,-0.167433857917786
26.4284534454346,4.70046520233154
19.3601131439209,3.71506905555725
9.84582042694092,1.51567304134369
0.77725213766098,1.50377309322357
-5.58147621154785,8.15457153320312
-5.25767374038696,18.817102432251
0.853870868682861,27.0071640014648
10.617226600647,28.3272190093994
19.8741054534912,20.8478107452393
22.6087894439697,5.59191513061523
17.0630130767822,-11.3364410400391
4.8676905632019,-23.0267486572266
-7.59130907058716,-26.0113296508789
-12.8155794143677,-20.213565826416
-5.65391969680786,-9.09716987609863
14.0512914657593,1.050532579422
36.1110153198242,6.58628845214844
49.1940269470215,5.38544082641602
50.4501991271973,1.47371017932892
39.7465438842773,-1.39395987987518
16.6590423583984,-2.41171550750732
-10.2293319702148,1.3428111076355
-27.5727233886719,7.75268840789795
-31.0873718261719,12.9130744934082
-24.7081851959229,15.182409286499
-14.3277034759521,12.5009622573853
-5.30589962005615,4.75370168685913
-2.72361850738525,-4.18772506713867
-6.16958236694336,-12.1754894256592
-11.1224517822266,-17.4241847991943
-13.4554605484009,-19.8189907073975
-12.693865776062,-20.0933151245117
-8.94831657409668,-19.1878776550293
-6.20757865905762,-16.9003810882568
-6.29442739486694,-12.9164152145386
-7.47919940948486,-6.59839677810669
-10.1848630905151,2.12778782844543
-10.7015705108643,11.2366485595703
-8.59403324127197,19.6294269561768
-4.36121368408203,24.8157005310059
1.11399877071381,26.4209365844727
6.81948471069336,26.0777187347412
12.4157838821411,24.8789577484131
16.5972461700439,24.1111011505127
19.6208667755127,22.9444923400879
20.8357028961182,20.8985424041748
20.3417510986328,16.4243850708008
17.8523731231689,9.12806797027588
14.9118423461914,0.875374257564545
11.5186977386475,-5.62928485870361
7.45769596099854,-7.75749015808105
3.50441980361938,-4.02112627029419
0.602302551269531,3.58187365531921
-2.38248777389526,11.0516777038574
-5.02489471435547,14.4195623397827
-6.36812305450439,12.001166343689
-8.27962493896484,5.00109481811523
-10.2157611846924,-2.80044603347778
-12.9314470291138,-6.55330276489258
-17.0759563446045,-4.04221248626709
-21.5814304351807,4.72113370895386
-23.2344741821289,15.4302196502686
-20.598539352417,24.0916862487793
-14.5084981918335,27.4330558776855
-6.00277519226074,24.5198726654053
0.403970718383789,16.4519424438477
1.65471410751343,6.3150954246521
-3.23552346229553,0.012108682654798
-9.75855445861816,-2.01693081855774
-12.4815464019775,1.18623340129852
-6.88086318969727,6.9182333946228
6.72762584686279,12.6151599884033
23.1856212615967,16.8254318237305
35.711009979248,17.6423511505127
38.6949653625488,15.6041250228882
31.4723453521729,10.4938440322876
14.575722694397,2.4000244140625
-6.33785152435303,-7.60780191421509
-22.0691184997559,-16.7291889190674
-28.6234645843506,-24.1419982910156
-26.5092468261719,-27.4881706237793
-17.4968376159668,-26.5397262573242
-5.19859170913696,-22.4169292449951
6.74390983581543,-14.3753023147583
17.4592590332031,-7.1309700012207
24.1133975982666,-3.33134913444519
25.9461936950684,-2.72111320495605
23.6140193939209,-5.3144588470459
19.3371486663818,-8.64559936523438
15.6429567337036,-9.22159671783447
14.9170618057251,-7.31051254272461
18.2356758117676,-2.73697972297668
24.2772827148438,0.805436193943024
27.9923515319824,1.48769783973694
26.6407718658447,-1.58561110496521
19.4377765655518,-7.99047803878784
8.38735008239746,-13.9909563064575
-2.25158858299255,-18.6749286651611
-7.53786373138428,-19.8690948486328
-6.914475440979,-17.3509063720703
-3.62738561630249,-12.2855110168457
-2.3409423828125,-5.07666969299316
-5.910080909729,1.83571803569794
-13.3446035385132,8.51657962799072
-19.523998260498,13.298882484436
-20.997917175293,14.1801023483276
-18.7246170043945,9.43412494659424
-16.4974536895752,-0.968694627285004
-20.0342330932617,-15.7830419540405
-29.9487380981445,-29.4370422363281
-40.9206657409668,-33.7926177978516
-46.3092384338379,-31.6007385253906
-42.6382217407227,-25.2086067199707
-23.8768615722656,-11.9875955581665
6.79798126220703,1.86097931861877
32.0792388916016,6.15914392471313
40.4118919372559,-0.258457750082016
30.586950302124,-16.0638370513916
8.16709804534912,-34.6176795959473
-11.6865491867065,-45.3303146362305
-17.9183444976807,-47.1668663024902
-9.22034454345703,-42.3613929748535
6.7864990234375,-30.4907073974609
16.4669742584229,-16.6166610717773
12.1951131820679,-6.75873279571533
-7.02094841003418,-3.56224918365479
-28.3570728302002,-5.5557975769043
-37.9709510803223,-8.23891448974609
-32.221622467041,-11.2575254440308
-10.6677494049072,-13.0725755691528
14.0886611938477,-12.8379173278809
27.275016784668,-12.4838428497314
24.3106861114502,-12.6880207061768
7.04412174224854,-12.7095241546631
-12.2938623428345,-10.8293380737305
-22.2728786468506,-7.05121994018555
-20.623592376709,-1.76786768436432
-12.3356161117554,3.61819958686829
-8.01657390594482,7.55414772033691
-11.4353981018066,10.4731750488281
-20.7747421264648,12.3239250183105
-28.1718940734863,14.2995195388794
-25.4121589660645,16.9016342163086
-11.4617033004761,18.8528022766113
9.24122142791748,18.235258102417
24.8837604522705,15.5594482421875
27.5965232849121,12.9610919952393
17.3550834655762,10.9548082351685
-0.597500860691071,10.6218194961548
-14.7711315155029,10.8253707885742
-16.7387924194336,9.35291385650635
-7.27230787277222,3.77853536605835
6.18670177459717,-5.64807415008545
14.5573501586914,-14.9469165802002
14.1717519760132,-20.288932800293
8.59465980529785,-17.7001800537109
4.01089668273926,-6.23492765426636
5.1595516204834,7.75811672210693
11.6268405914307,16.279914855957
18.3154258728027,13.8183031082153
19.3872528076172,-2.24094128608704
12.3738212585449,-23.7284259796143
0.774746894836426,-39.1246147155762
-10.4276638031006,-40.7277641296387
-18.161979675293,-27.5898418426514
-19.0607376098633,-2.70169758796692
-14.4416913986206,21.7459411621094
-10.4760980606079,31.1727600097656
-10.45396900177,25.2568340301514
-14.6677904129028,9.81784534454346
-20.283504486084,-3.75223016738892
-22.1956329345703,-4.55724906921387
-17.2463130950928,6.64620542526245
-5.65141439437866,20.9062671661377
8.47461605072021,26.585865020752
19.6964416503906,20.8225498199463
23.5300922393799,8.14329814910889
19.5442485809326,-3.08854913711548
9.87108135223389,-5.4399299621582
-0.361590325832367,3.96538472175598
-7.25706768035889,18.7479991912842
-9.56982612609863,31.6944770812988
-9.76356506347656,37.1865997314453
-10.5658693313599,32.3711013793945
-13.5241460800171,17.2586307525635
-17.3223056793213,-6.83890056610107
-18.2594757080078,-30.2963409423828
-16.3243827819824,-44.2605743408203
-12.5072250366211,-46.7140464782715
-9.80156135559082,-38.3932914733887
-11.8978242874146,-20.3334007263184
-18.9601097106934,-2.12486505508423
-27.7710552215576,6.43367719650269
-32.8180809020996,3.66371154785156
-29.5374603271484,-5.59003591537476
-16.0701007843018,-12.9615097045898
2.69522571563721,-11.6257963180542
16.3671817779541,-4.14054298400879
18.7816104888916,5.30756950378418
7.97502899169922,10.2608556747437
-10.0410203933716,7.58608961105347
-25.0678958892822,-0.372237592935562
-30.0101165771484,-7.62137174606323
-24.4190368652344,-8.18045902252197
-11.8057565689087,-0.21795628964901
2.18979263305664,13.6638135910034
10.4188947677612,25.4056854248047
11.3988637924194,30.0917472839355
7.4215784072876,27.9789905548096
1.17516851425171,21.7950019836426
-6.39797735214233,16.988899230957
-14.6926336288452,17.5033092498779
-22.7298755645752,21.381010055542
-29.2474784851074,24.3332328796387
-32.7832145690918,21.6730804443359
-31.3019886016846,11.3675479888916
-21.1899852752686,-4.76309633255005
-5.09086608886719,-18.7621955871582
9.41136932373047,-25.6704063415527
17.826904296875,-22.7710037231445
17.8471546173096,-12.2191219329834
12.1111879348755,-0.611488461494446
5.42990922927856,5.57667446136475
2.47998356819153,2.70399403572083
4.03260898590088,-7.14788055419922
6.49881362915039,-17.6022663116455
7.93118715286255,-24.3056755065918
4.84263801574707,-23.9605770111084
-2.31463742256165,-16.3527755737305
-8.02889156341553,-6.07208681106567
-8.41323757171631,2.87455940246582
-1.01462411880493,7.13577175140381
11.7930221557617,4.04492616653442
24.644718170166,-3.11902952194214
32.2573204040527,-11.1984434127808
32.4310188293457,-18.8373527526855
28.1420402526855,-23.0267486572266
21.2924919128418,-24.1465930938721
13.8602666854858,-22.6595211029053
8.37983512878418,-17.866569519043
4.19023036956787,-11.4644174575806
2.39793682098389,-5.11967611312866
3.66099762916565,0.439879208803177
8.84288787841797,3.55828261375427
17.4945411682129,4.90652179718018
26.5971393585205,5.35412549972534
33.0736122131348,6.10131454467773
34.1721649169922,8.21824645996094
29.7195091247559,11.243537902832
21.5081520080566,13.4884462356567
14.6214427947998,12.890736579895
12.1790380477905,8.1577033996582
14.5832376480103,-0.8496955037117
17.4427661895752,-13.1865644454956
14.7953491210938,-25.2800064086914
5.10944652557373,-33.5527420043945
-10.4570999145508,-36.2166519165039
-24.295862197876,-34.3372993469238
-28.712818145752,-27.8255443572998
-20.6079349517822,-19.4849586486816
-0.858672618865967,-11.0351848602295
19.9563617706299,-2.50754117965698
31.7111778259277,2.90775394439697
29.8418483734131,7.12721252441406
14.8431568145752,11.9773664474487
-5.52698755264282,16.2999572753906
-19.3361053466797,20.28684425354
-20.9770393371582,23.8108901977539
-11.8143167495728,26.7990207672119
3.98918461799622,27.1877498626709
16.7308597564697,25.6856479644775
20.5546970367432,22.694803237915
16.0767822265625,18.4442367553711
5.8461971282959,12.6101493835449
-1.48226976394653,4.53887701034546
-3.43072390556335,-2.84595799446106
0.975792825222015,-8.25311088562012
10.0641946792603,-10.1023988723755
18.2920436859131,-7.68212413787842
23.5365657806396,-2.07977056503296
24.4601650238037,4.00567770004272
22.4643211364746,6.27396774291992
20.3488502502441,3.76767921447754
18.9826564788818,-4.14200448989868
19.1216983795166,-13.9489936828613
17.7671947479248,-20.5058460235596
13.8659029006958,-22.4718360900879
7.21426963806152,-18.7682495117188
-2.8720543384552,-13.0686092376709
-13.1301965713501,-7.82492303848267
-20.097282409668,-6.86771059036255
-20.7964534759521,-11.7253799438477
-15.8396186828613,-19.8486366271973
-7.35101413726807,-27.0428638458252
0.655747771263123,-31.1368503570557
4.50025463104248,-32.2074241638184
3.23051309585571,-31.4232845306396
-3.17498016357422,-30.7919616699219
-9.81387805938721,-30.2034378051758
-11.5692195892334,-28.1046695709229
-6.10444641113281,-21.774543762207
4.37332201004028,-10.4548034667969
15.732310295105,4.1589150428772
22.542818069458,17.4291954040527
22.6557636260986,24.7175788879395
15.4717645645142,24.7530708312988
4.0468053817749,17.5306587219238
-5.5482816696167,6.79568481445312
-11.2051248550415,-1.38435649871826
-10.9452056884766,-2.94199228286743
-6.66478586196899,2.00732731819153
-1.97204506397247,9.95918273925781
1.91212797164917,16.7108173370361
5.60924291610718,20.6480178833008
9.6368408203125,22.4478282928467
14.6216516494751,22.9720497131348
19.0198173522949,23.6941871643066
18.8548889160156,25.6269836425781
10.9825754165649,27.2466239929199
-5.29566955566406,26.9894180297852
-25.9591369628906,23.173095703125
-42.1542892456055,16.8901500701904
-49.6282691955566,11.1763143539429
-48.8451728820801,6.69296979904175
-38.6139640808105,4.48083877563477
-20.4544868469238,5.68982839584351
-1.58477604389191,8.53682994842529
8.51136016845703,12.004506111145
8.3349494934082,15.7101802825928
0.220043987035751,18.9895458221436
-11.7629585266113,19.9680519104004
-20.7286033630371,14.7078742980957
-23.6288414001465,2.26119208335876
-19.3027019500732,-16.901216506958
-9.83016300201416,-36.8792877197266
-1.52903437614441,-48.4435005187988
1.89271235466003,-50.2289047241211
-0.64384788274765,-41.2286033630371
-9.88486003875732,-19.1586494445801
-20.8091888427734,8.2019624710083
-26.8595638275146,27.0756416320801
-25.7900333404541,33.7297782897949
-19.6198234558105,29.8153343200684
-10.1414394378662,18.5728397369385
-2.38624548912048,7.88442277908325
-1.64531946182251,4.66351318359375
-7.00236749649048,8.17356967926025
-11.0721378326416,15.3970251083374
-8.84580993652344,19.278902053833
3.94680428504944,16.2813758850098
24.0353183746338,9.06439304351807
39.5578117370605,0.628398895263672
44.1839561462402,-3.58041214942932
35.6333465576172,-1.8108743429184
13.0686092376709,4.5599627494812
-13.112868309021,12.5205869674683
-26.3244857788086,15.7206192016602
-20.9463500976562,13.7183027267456
0.6133673787117,6.38858270645142
25.5186309814453,-4.29294538497925
37.6759567260742,-12.5579566955566
32.9738235473633,-18.4154281616211
13.653374671936,-20.0371551513672
-12.6508598327637,-17.6381759643555
-29.6529121398926,-12.6947011947632
-30.5472831726074,-7.16479110717773
-16.8145751953125,-2.18290328979492
4.44388675689697,0.689359843730927
19.6100120544434,1.14301788806915
22.8653678894043,0.186014413833618
14.7103796005249,1.36013913154602
1.58749008178711,6.94579076766968
-8.00279521942139,17.1421375274658
-10.6913404464722,28.476282119751
-9.60719585418701,35.784496307373
-8.81198978424072,34.2667350769043
-11.3067951202393,19.9098052978516
-17.0546627044678,-4.90401649475098
-19.4690914154053,-30.8882064819336
-17.8920402526855,-44.997745513916
-13.9970111846924,-47.024486541748
-11.1642055511475,-37.2364959716797
-12.6496067047119,-17.9264869689941
-18.8227386474609,-0.798964262008667
-27.1159324645996,6.61405467987061
-32.2852973937988,2.79668807983398
-29.4758739471436,-5.40924072265625
-17.1033058166504,-10.8420724868774
1.30189216136932,-9.98945426940918
16.1678047180176,-3.4530622959137
20.061164855957,3.32759118080139
10.8905076980591,6.82637405395508
-8.56376171112061,6.56060934066772
-27.0697956085205,3.03573036193848
-33.9650650024414,-1.050532579422
-26.0706195831299,-5.54222774505615
-4.65891981124878,-11.5274658203125
21.1177520751953,-16.5181217193604
37.4548683166504,-18.6615676879883
40.6200370788574,-16.5678100585938
32.7796669006348,-9.79571533203125
17.9448585510254,1.68456828594208
4.25244426727295,12.1725664138794
-4.51779127120972,17.0179176330566
-10.9566879272461,14.6352214813232
-18.7267036437988,4.99483156204224
-27.8783626556396,-5.49608945846558
-34.3798904418945,-12.555869102478
-34.4663200378418,-13.0084829330444
-24.709436416626,-7.39589977264404
-6.64891958236694,1.48101711273193
10.2775573730469,9.97463130950928
17.3953762054443,15.5523500442505
9.66773891448975,18.3131294250488
-9.22222328186035,19.9221229553223
-28.5268039703369,21.1657676696777
-37.8728294372559,21.6743335723877
-33.147102355957,20.8068923950195
-16.6162433624268,15.8907670974731
5.38043069839478,5.4386773109436
20.5795421600342,-6.89088439941406
22.2795581817627,-15.8974475860596
13.9915828704834,-18.6676216125488
3.17706775665283,-14.0627737045288
-2.69439077377319,-5.50193500518799
1.41504573822021,1.50419068336487
14.2076597213745,3.06370544433594
26.2104969024658,0.158039182424545
31.1001071929932,-4.02384042739868
26.2209339141846,-4.5612154006958
10.3393535614014,0.71942275762558
-9.41617107391357,10.625786781311
-23.2682952880859,17.8997650146484
-26.7562217712402,16.9181270599365
-20.52317237854,7.36019992828369
-4.96581268310547,-10.4084568023682
13.8469047546387,-27.8710556030273
26.4267826080322,-37.2200012207031
32.8397903442383,-37.4463081359863
33.2638053894043,-30.1497840881348
26.5568466186523,-17.6438121795654
13.7575511932373,-3.77415108680725
0.567437946796417,7.0894250869751
-8.61156940460205,14.421441078186
-12.6437616348267,18.9507141113281
-11.2320556640625,21.7311191558838
-8.45603561401367,22.0799732208252
-6.58795833587646,19.7018699645996
-7.06708669662476,13.8540029525757
-8.72451496124268,5.48064041137695
-9.86523628234863,-1.55095517635345
-9.04038429260254,-6.07292175292969
-6.08064651489258,-6.5589394569397
-2.78708481788635,-2.09563708305359
0.326516896486282,6.53033781051636
3.1570258140564,16.1989116668701
6.8591513633728,25.010274887085
14.3013982772827,30.5222320556641
25.0374145507812,31.2474994659424
36.3333549499512,26.6280364990234
44.1459617614746,16.9509029388428
44.731559753418,4.72635269165039
35.1308364868164,-8.50906372070312
16.6884784698486,-19.2870445251465
-3.10545945167542,-22.4058647155762
-16.3385791778564,-19.2939338684082
-20.2002048492432,-15.7740640640259
-15.227294921875,-17.506649017334
-8.55875110626221,-25.8443126678467
-5.10694122314453,-37.6790885925293
-5.52302074432373,-45.9340782165527
-7.8437123298645,-45.672908782959
-6.22553300857544,-35.8224945068359
1.6357159614563,-15.5039157867432
16.9241809844971,5.10360097885132
33.2216339111328,15.3498430252075
43.4217376708984,12.4725694656372
46.149528503418,1.55429553985596
41.8595085144043,-8.79257392883301
33.3203811645508,-10.8973970413208
24.3311443328857,0.116493880748749
18.9317169189453,18.1459045410156
17.8362979888916,31.5573139190674
17.7003879547119,33.4706954956055
16.9876461029053,22.5390605926514
13.5095319747925,4.93700218200684
7.82575798034668,-8.46459579467773
1.58957779407501,-8.97044658660889
-4.35328006744385,3.00858998298645
-9.89738655090332,20.002290725708
-13.0633897781372,30.6919612884521
-13.2853126525879,30.1370506286621
-7.6777400970459,18.125862121582
3.94074988365173,0.401465475559235
18.1479930877686,-12.7425098419189
30.3067798614502,-15.5542287826538
33.6688194274902,-9.06961250305176
26.3735466003418,0.179960072040558
8.62722778320312,8.00676155090332
-11.9404134750366,11.657112121582
-23.4994029998779,12.4065980911255
-21.1306953430176,14.7684173583984
-6.74432754516602,20.7908172607422
12.235405921936,25.5810527801514
24.3017082214355,25.5376300811768
23.7090091705322,18.73317527771
12.2807092666626,4.42655849456787
-3.58897185325623,-12.5625495910645
-12.5356178283691,-25.1990032196045
-10.801570892334,-28.6503963470459
-1.50836610794067,-24.0267581939697
7.45999240875244,-14.6158065795898
9.07858943939209,-7.3207426071167
-1.13696360588074,-5.60673761367798
-18.0363006591797,-8.59779071807861
-30.8366394042969,-11.67360496521
-34.1047325134277,-10.9161863327026
-27.1775207519531,-5.77939081192017
-14.2431507110596,1.03863275051117
-2.55493211746216,4.65098667144775
-1.15470898151398,3.61005759239197
-8.28922843933105,-1.61984944343567
-18.499979019165,-7.34370708465576
-25.6163349151611,-10.3330907821655
-25.2914886474609,-10.5145120620728
-19.7348556518555,-9.13370418548584
-13.0738277435303,-8.6965389251709
-10.989673614502,-10.6898794174194
-15.3609075546265,-13.4496145248413
-24.4075546264648,-14.5160140991211
-33.4097328186035,-10.9591932296753
-39.4248275756836,-3.95557260513306
-41.3759956359863,3.21276760101318
-38.9945526123047,6.16478109359741
-34.5930442810059,1.35304093360901
-26.9535102844238,-9.02347373962402
-17.0966243743896,-20.4741115570068
-5.93012285232544,-25.359338760376
4.01757717132568,-22.2455291748047
7.64621543884277,-13.0713233947754
2.06995844841003,-1.55262541770935
-11.2564821243286,5.51466989517212
-26.3271980285645,7.6579065322876
-36.7099761962891,6.15496873855591
-37.7776298522949,5.3232274055481
-28.9662647247314,8.69528675079346
-13.7028532028198,15.3700933456421
1.32569193840027,21.5795516967773
8.91366100311279,22.9852027893066
7.29464626312256,18.122314453125
-0.515662848949432,7.58295822143555
-9.57504558563232,-2.41025424003601
-15.4126825332642,-6.60090208053589
-16.0339832305908,-3.18938517570496
-14.0074491500854,7.27335166931152
-12.0650491714478,17.5085296630859
-10.4560565948486,22.7783107757568
-9.1324520111084,20.3037548065186
-5.53763437271118,10.237473487854
0.521299660205841,-4.64681148529053
7.13013505935669,-16.9245986938477
10.9147243499756,-22.3829002380371
10.0892467498779,-19.8072986602783
4.2783317565918,-10.8917598724365
-4.53365802764893,1.16702651977539
-12.2358236312866,11.4865465164185
-16.9517383575439,16.5264720916748
-18.9267063140869,15.8020401000977
-19.348840713501,9.87400436401367
-20.1260929107666,2.49480605125427
-20.5215034484863,-3.11234903335571
-18.5768070220947,-4.34639072418213
-12.5091047286987,-0.696040511131287
-2.89606285095215,4.88084316253662
7.86980867385864,9.01324367523193
15.0790681838989,9.46251773834229
16.2074718475342,2.99188852310181
12.4080591201782,-8.78130054473877
7.67231178283691,-21.1238059997559
7.50863599777222,-29.5240993499756
12.4750747680664,-31.8794479370117
19.5300521850586,-27.6501770019531
24.7870998382568,-17.1112384796143
24.2196617126465,-4.9760422706604
18.6592712402344,5.06978034973145
12.0913543701172,11.0262079238892
9.6641902923584,10.3656587600708
14.5542192459106,3.38187146186829
24.9071426391602,-7.01635551452637
35.4594421386719,-15.3233289718628
40.1515579223633,-19.2338066101074
37.9594688415527,-18.5728397369385
29.4996738433838,-10.3201465606689
17.5022659301758,1.36055660247803
5.85642719268799,11.7122278213501
-2.12486505508423,17.0488166809082
-9.38652515411377,14.9425315856934
-18.4580173492432,6.33263206481934
-28.105297088623,-4.7309455871582
-34.7560958862305,-11.2084646224976
-33.6955413818359,-12.4354085922241
-24.112771987915,-7.4967360496521
-6.20340347290039,1.7580554485321
11.5003261566162,10.0005187988281
18.0431900024414,15.6135196685791
10.0648202896118,18.4557209014893
-8.79487037658691,20.0319366455078
-28.5806655883789,21.0457248687744
-37.603931427002,22.469331741333
-32.6633796691895,22.1440658569336
-15.4160232543945,17.2880668640137
6.24515724182129,6.05413246154785
19.5127239227295,-8.19799613952637
20.7039680480957,-18.3486213684082
12.6038856506348,-19.9674263000488
3.60483837127686,-12.3807106018066
-0.130063951015472,-1.61337757110596
2.87706470489502,2.6929292678833
10.448540687561,-3.5090126991272
18.1830654144287,-16.6845111846924
22.8417778015137,-27.7349376678467
22.6355113983154,-28.7389144897461
17.6003875732422,-20.0421657562256
8.10216999053955,-5.65287590026855
-1.50815725326538,7.09318256378174
-5.53178882598877,12.7539920806885
-0.149479597806931,13.8097438812256
14.6596479415894,16.197868347168
31.2940559387207,20.7160778045654
41.254280090332,24.8637180328369
42.2373809814453,26.3173866271973
34.5377197265625,22.469539642334
21.2271461486816,10.3049068450928
9.21157550811768,-5.5693678855896
5.15934276580811,-17.9801406860352
8.1846342086792,-23.3215312957764
13.7331247329712,-21.7636871337891
17.2866058349609,-16.9415092468262
16.0139408111572,-11.96901512146
11.9245471954346,-9.01491451263428
5.18940544128418,-9.31867504119873
-3.00211811065674,-11.4825801849365
-10.1886215209961,-13.1959590911865
-16.7868099212646,-11.5988655090332
-20.1807899475098,-6.15455102920532
-19.0609455108643,3.18353962898254
-14.1807289123535,15.5529766082764
-6.71676969528198,25.359338760376
-1.69312787055969,30.0577163696289
-2.03446745872498,28.4491405487061
-8.62910652160645,20.2141933441162
-20.5423793792725,7.5422477722168
-31.4431171417236,-3.79356670379639
-35.4429473876953,-8.8220100402832
-30.716178894043,-6.11947774887085
-17.5594692230225,1.62423360347748
-0.225263252854347,8.82827377319336
14.1928377151489,9.49091053009033
21.3417625427246,1.15136873722076
19.982458114624,-13.4256067276001
13.9842758178711,-28.7230472564697
7.58191442489624,-38.8788909912109
3.12925934791565,-42.271411895752
2.03634643554688,-38.8724212646484
3.03802680969238,-31.1399822235107
5.16247415542603,-21.9989719390869
9.13078212738037,-13.8220615386963
14.4247817993164,-7.86145782470703
19.3655414581299,-2.67434859275818
22.7712135314941,1.52632033824921
23.3747673034668,4.48772811889648
19.0609455108643,5.8547568321228
8.80885791778564,3.6850061416626
-5.54807329177856,-1.76202213764191
-19.3647060394287,-7.84538269042969
-29.0428848266602,-12.783637046814
-34.0930404663086,-16.3573684692383
-34.076545715332,-20.668478012085
-30.8422756195068,-25.8802223205566
-24.7192497253418,-32.4280967712402
-16.4465141296387,-37.9632263183594
-7.57878255844116,-39.4302558898926
1.95910131931305,-35.5095481872559
11.1951036453247,-26.9075813293457
17.9824371337891,-17.6653156280518
21.9559650421143,-12.5082693099976
22.2403087615967,-14.5657014846802
18.2300395965576,-22.0714149475098
13.9861545562744,-29.7105312347412
9.36230850219727,-32.1078414916992
6.43430328369141,-27.3816986083984
4.48564052581787,-17.9010162353516
4.40797805786133,-8.86522579193115
7.18086624145508,-5.98774337768555
10.0101222991943,-10.5259943008423
15.0210294723511,-16.6456813812256
19.6411190032959,-17.4534130096436
22.3829002380371,-8.26020908355713
22.469539642334,10.0441522598267
17.8724155426025,30.0618915557861
10.8109655380249,42.0144157409668
3.03907060623169,41.0569953918457
-5.24076318740845,27.2031993865967
-12.9201726913452,3.46266579627991
-20.8411312103271,-18.5227355957031
-27.9209518432617,-27.7650012969971
-33.1955375671387,-24.0716438293457
-35.8500518798828,-11.807427406311
-32.7481422424316,2.20774698257446
-22.7353038787842,11.3675479888916
-9.27003192901611,12.0796632766724
3.92968511581421,5.62448310852051
11.071720123291,-1.79730427265167
10.0917520523071,-5.70757389068604
2.63029813766479,-4.29294538497925
-6.36248636245728,1.44448232650757
-12.5759105682373,7.23347663879395
-13.9600582122803,7.91385936737061
-12.1055507659912,1.7586817741394
-11.9316453933716,-10.5969762802124
-14.0272827148438,-25.6259384155273
-18.9517593383789,-36.3252143859863
-22.8981456756592,-40.2098045349121
-21.9507446289062,-37.2496490478516
-13.788031578064,-25.5146636962891
0.317748546600342,-7.2641658782959
13.0078563690186,10.3266181945801
17.6289901733398,20.2175331115723
13.3247699737549,19.2686710357666
2.31150579452515,9.09424686431885
-9.5850658416748,-4.13678550720215
-14.838981628418,-12.0573253631592
-10.4794387817383,-9.8512487411499
0.906063497066498,3.36871910095215
12.7109851837158,21.9461517333984
19.4120979309082,35.974479675293
19.7991580963135,41.8025131225586
17.1030960083008,39.4256629943848
14.5872049331665,30.7178497314453
14.2462825775146,20.2252578735352
15.3201971054077,14.5076627731323
16.3047580718994,16.0980758666992
15.5162334442139,24.3221683502197
14.2412719726562,34.0919952392578
14.1279096603394,39.9503021240234
16.4650936126709,40.2077140808105
20.9881057739258,34.9713363647461
24.4442977905273,25.3597564697266
22.2858219146729,14.0379295349121
11.9683885574341,5.5754222869873
-4.77061223983765,1.30481493473053
-19.2162704467773,2.47058868408203
-24.4777011871338,7.94705390930176
-19.2809886932373,15.0640363693237
-4.6351203918457,20.9764137268066
11.5688028335571,22.2048187255859
20.2219181060791,18.383903503418
19.1534309387207,11.7034597396851
12.3345718383789,5.56226968765259
5.87751293182373,1.92632436752319
6.87585258483887,2.1108775138855
14.6590213775635,3.8029613494873
24.630521774292,3.329261302948
29.0086460113525,-0.636958479881287
22.0129585266113,-8.16292190551758
2.60983872413635,-15.2730150222778
-22.2931289672852,-16.3878498077393
-40.1081314086914,-10.1629428863525
-45.5349082946777,1.06055355072021
-38.6275329589844,13.9460706710815
-22.3087863922119,22.8749713897705
-4.39837455749512,23.8507652282715
7.02491474151611,17.6828517913818
7.9002890586853,9.19570922851562
0.012526223435998,2.94094848632812
-10.2508354187012,0.119416661560535
-16.6415061950684,-0.917754650115967
-17.2573776245117,-4.01590728759766
-9.97818088531494,-10.8763113021851
0.898547768592834,-18.7116718292236
11.8022079467773,-21.8369655609131
18.9682521820068,-15.2333488464355
20.6002101898193,0.789360821247101
17.4028911590576,19.5358982086182
9.6443567276001,31.3362274169922
0.594995617866516,29.4629306793213
-9.41387462615967,14.6940956115723
-18.2244033813477,-6.5034065246582
-25.0641384124756,-20.1772403717041
-30.513671875,-19.4542694091797
-33.9953346252441,-4.24054431915283
-33.2815475463867,15.4995317459106
-27.2864990234375,27.809886932373
-16.507682800293,26.521146774292
0.629233956336975,9.73976516723633
17.5661487579346,-12.7585849761963
25.7917022705078,-28.6451759338379
23.0236167907715,-31.971305847168
8.50781059265137,-24.3000392913818
-14.8062047958374,-11.1416578292847
-33.9842720031738,-2.8110933303833
-39.9999885559082,-3.56204032897949
-31.7074203491211,-10.0596008300781
-10.9999027252197,-14.4414825439453
11.7454223632812,-7.30571126937866
23.2728881835938,10.5268297195435
18.0431900024414,30.4309978485107
0.892284631729126,42.049488067627
-17.6045627593994,39.4905891418457
-28.2364044189453,24.2539005279541
-23.5678806304932,0.253238469362259
-5.39713191986084,-21.9532508850098
14.9815721511841,-31.194263458252
26.3253192901611,-27.9483013153076
24.3551540374756,-17.0659351348877
11.393853187561,-4.01736879348755
-3.43030619621277,5.51968050003052
-9.1717004776001,10.500524520874
-1.69187521934509,12.6339492797852
15.8339815139771,16.3813781738281
33.659008026123,21.7179660797119
42.7192230224609,24.3518142700195
42.1112861633301,24.78271484375
33.7061882019043,20.5331935882568
20.8093967437744,9.22869491577148
9.16543769836426,-4.96414232254028
5.63680076599121,-16.6922359466553
8.20676422119141,-22.7277889251709
12.8464775085449,-23.2119274139404
16.3542366027832,-18.7281646728516
15.791392326355,-12.6940746307373
12.2742376327515,-8.34162998199463
5.11487436294556,-7.18441534042358
-2.7507586479187,-10.5857028961182
-10.6001081466675,-14.3740501403809
-17.374080657959,-14.910590171814
-20.3104362487793,-7.22533464431763
-19.2709693908691,7.45393800735474
-13.574667930603,21.4653549194336
-5.62886714935303,27.8620796203613
2.82716870307922,21.6296558380127
9.9297456741333,6.77773094177246
12.7761211395264,-9.81596660614014
11.0848722457886,-18.2390155792236
6.11926889419556,-16.664888381958
-1.02109599113464,-11.1867523193359
-5.07687854766846,-5.76248025894165
-4.25202655792236,-5.65997409820557
1.24698555469513,-8.78171730041504
10.606162071228,-10.6773529052734
16.5099792480469,-10.5385208129883
14.3794784545898,-10.171293258667
2.99815154075623,-11.66796875
-14.5512962341309,-14.2876195907593
-28.2357769012451,-15.320405960083
-31.8994884490967,-11.9823760986328
-23.9033737182617,-7.63327169418335
-6.86812829971313,-5.57897138595581
9.64727973937988,-8.2313985824585
18.3158435821533,-17.4843120574951
18.2300395965576,-24.3818759918213
13.8773851394653,-24.220287322998
8.96919345855713,-15.6615371704102
7.68943119049072,-0.217329978942871
9.85312747955322,11.6850872039795
11.4566926956177,13.2264394760132
9.13537502288818,3.05639863014221
2.35806155204773,-13.0796737670898
-3.40191340446472,-24.5219612121582
-4.01402807235718,-24.8182067871094
2.90065574645996,-12.0316467285156
15.1517200469971,10.2044878005981
23.645959854126,29.3986282348633
21.4563770294189,37.9147911071777
8.0664701461792,36.1181144714355
-14.2308340072632,24.7624645233154
-34.703483581543,11.0564794540405
-43.8906326293945,4.17039728164673
-41.5386276245117,4.4405460357666
-29.697380065918,10.1061573028564
-15.1680040359497,15.6738548278809
-6.53263425827026,15.1713447570801
-8.69716548919678,9.10552024841309
-18.921070098877,-0.110857076942921
-28.9664745330811,-7.6579065322876
-31.5101318359375,-9.49633884429932
-25.2628879547119,-5.26101398468018
-11.7673435211182,4.47478437423706
2.10148286819458,15.5124750137329
9.21157550811768,21.9200553894043
7.44683980941772,22.2904148101807
-2.49856400489807,15.4490089416504
-14.5544281005859,1.68644726276398
-22.4469928741455,-15.0755186080933
-22.376636505127,-30.2036476135254
-15.1293811798096,-39.6329727172852
-3.30650544166565,-42.300220489502
8.74455642700195,-37.4131164550781
17.6264839172363,-26.8027782440186
22.0066947937012,-13.6402225494385
20.7350749969482,-3.85995578765869
15.5331430435181,0.753869891166687
10.5817356109619,0.678921282291412
6.50987815856934,-1.95409083366394
4.54117345809937,-3.11026120185852
6.02156448364258,-0.825686872005463
10.0021896362305,3.66141510009766
14.1510829925537,7.64078760147095
16.7502746582031,9.68819904327393
16.4671821594238,9.27608585357666
11.1871700286865,6.75309562683105
0.0615872666239738,5.90861940383911
-15.4738521575928,8.20676422119141
-31.5857067108154,12.4901065826416
-41.6904029846191,17.1060199737549
-45.1655960083008,19.0550994873047
-41.1396675109863,16.2039222717285
-28.3639621734619,7.79757404327393
-9.50740337371826,-6.5476655960083
8.24789142608643,-20.8116931915283
16.2782440185547,-30.7072010040283
15.6227054595947,-34.6180992126465
7.79402494430542,-30.3481159210205
-1.92402791976929,-18.5966396331787
-5.74953651428223,-2.1636962890625
-3.6935658454895,13.1214275360107
0.868693590164185,21.4240169525146
2.47330284118652,21.1620101928711
-1.44657003879547,13.3757104873657
-10.9097146987915,2.52591300010681
-20.0108509063721,-4.63532876968384
-22.9639072418213,-4.90443420410156
-17.382640838623,1.22402083873749
-1.85429859161377,8.66939926147461
15.2018251419067,11.4648351669312
26.5322113037109,7.93285751342773
30.0833950042725,-0.567020356655121
26.7439041137695,-8.5662670135498
21.8365478515625,-9.21303749084473
20.7695217132568,0.141128778457642
22.9173526763916,14.8575620651245
25.3585033416748,25.5660228729248
23.71923828125,25.7119522094727
15.891393661499,12.5928211212158
3.30650544166565,-9.21971797943115
-7.47711133956909,-27.6994457244873
-10.7404012680054,-32.9560775756836
-6.86958980560303,-24.236364364624
0.798129200935364,-4.65829372406006
3.84429788589478,17.3429737091064
-2.89501905441284,27.9069652557373
-16.6066398620605,25.0689392089844
-29.8729553222656,14.1874094009399
-34.4400177001953,3.41235208511353
-24.453067779541,1.33258140087128
-1.05888342857361,9.92598819732666
23.6639156341553,21.096248626709
37.9492378234863,25.1557884216309
39.4298362731934,20.7739067077637
29.2600059509277,5.80360794067383
12.9792547225952,-13.1103630065918
0.480171889066696,-24.3597469329834
-2.92842221260071,-24.030933380127
2.43363642692566,-12.0859270095825
11.5045013427734,5.32990789413452
21.217752456665,16.6552848815918
29.4311962127686,16.8450565338135
36.8333587646484,7.68191528320312
44.0461692810059,-5.43283176422119
49.1134414672852,-14.5185194015503
50.6295318603516,-17.2909908294678
47.2453651428223,-15.3331413269043
33.7907409667969,-12.835620880127
10.4310035705566,-14.0043182373047
-11.9199542999268,-19.3141841888428
-24.2891826629639,-25.783561706543
-24.911735534668,-31.0756816864014
-17.669282913208,-31.8489665985107
-8.90071678161621,-25.9616413116455
-2.67977666854858,-15.317066192627
1.91108417510986,-3.71840953826904
6.4405665397644,7.15978050231934
12.1404161453247,13.1698627471924
17.0778350830078,13.9588060379028
15.6949405670166,12.7013816833496
3.50671625137329,8.41699600219727
-18.6425704956055,3.43594312667847
-40.4661750793457,-0.512322545051575
-50.4591789245605,-1.55137276649475
-46.4432716369629,1.97329771518707
-22.5060749053955,9.15082359313965
16.3840923309326,18.7598991394043
44.3296775817871,23.5027446746826
52.6067962646484,22.1872825622559
45.2284355163574,21.6035594940186
23.1620311737061,15.8797025680542
-1.13424956798553,6.71092414855957
-11.1967735290527,1.56097626686096
-2.54846024513245,1.3467777967453
16.4417114257812,6.90445423126221
29.1815071105957,14.0285348892212
26.644739151001,18.5684566497803
6.00945568084717,18.7229461669922
-24.7743644714355,12.1573257446289
-45.4250984191895,2.74303412437439
-49.856876373291,-3.4591166973114
-40.3878860473633,-6.63848066329956
-19.2832851409912,-3.17832040786743
1.84406888484955,5.43930387496948
13.304310798645,14.7623634338379
17.4801368713379,19.5110549926758
20.2478046417236,16.9214668273926
25.038459777832,7.64684200286865
31.4838275909424,-5.24514722824097
34.5606842041016,-14.5345945358276
28.2303504943848,-17.5204296112061
9.74540138244629,-10.5915479660034
-16.0899333953857,5.319260597229
-36.2707252502441,20.1557369232178
-43.1741333007812,27.5090484619141
-40.848014831543,25.0324058532715
-29.9355869293213,12.9084815979004
-15.536901473999,-3.85390138626099
-8.3744068145752,-15.3567323684692
-11.4882173538208,-15.9154024124146
-21.1208820343018,-5.6123743057251
-28.8731536865234,8.25895690917969
-30.7109603881836,16.9759559631348
-26.5280361175537,14.6143445968628
-18.0406837463379,0.0421716198325157
-8.28985500335693,-19.5106372833252
0.252403408288956,-34.3114128112793
6.29171323776245,-39.1022758483887
10.3704605102539,-33.3410491943359
12.0836305618286,-21.1891498565674
11.2128486633301,-10.1522951126099
6.31530427932739,-4.60547494888306
-0.380588412284851,-5.59734296798706
-4.87875509262085,-9.50531578063965
-5.51487874984741,-12.1496019363403
0.929028213024139,-12.1704788208008
10.6896705627441,-8.75833511352539
16.7047634124756,-6.86270046234131
14.4103765487671,-9.03537368774414
1.88248264789581,-13.0585880279541
-15.078441619873,-16.0270938873291
-28.6762828826904,-15.0567293167114
-32.1614952087402,-10.3802728652954
-23.4735164642334,-4.9735369682312
-7.35101413726807,-4.46246719360352
8.85583114624023,-10.1268253326416
17.3444347381592,-19.1613636016846
17.4847297668457,-25.4532852172852
13.3876104354858,-24.0330219268799
8.86105060577393,-13.5727891921997
8.21761989593506,0.0240085944533348
9.89780426025391,9.2481107711792
10.7890453338623,10.1115846633911
8.93391132354736,1.68143677711487
2.94387125968933,-10.210750579834
-3.17226600646973,-20.1409149169922
-4.215491771698,-22.8751811981201
1.72235572338104,-18.1632328033447
12.5688123703003,-7.12470722198486
24.3751964569092,7.27335166931152
31.3097133636475,18.3079109191895
31.2558498382568,23.2566032409668
27.0802345275879,19.3901767730713
20.5528182983398,8.76981735229492
15.1700916290283,-4.66873216629028
12.1686000823975,-13.4091138839722
9.39383220672607,-11.7155675888062
5.5065279006958,-2.41526460647583
-1.77099919319153,9.26314258575439
-9.48318576812744,16.5296039581299
-14.0416879653931,16.2861785888672
-12.2562837600708,12.5136976242065
-4.63240623474121,10.6458282470703
2.521320104599,13.4658985137939
1.82465326786041,20.7853889465332
-8.34517860412598,29.7810955047607
-23.130298614502,34.5592231750488
-34.0149612426758,33.476749420166
-35.1782264709473,28.4397468566895
-22.0895767211914,21.6605548858643
2.79794073104858,13.8212261199951
26.2357578277588,7.55602693557739
36.2137298583984,5.74055957794189
30.8604393005371,7.85582113265991
11.7506418228149,11.9283046722412
-13.5329141616821,15.3435802459717
-30.8293323516846,15.6901388168335
-35.117057800293,10.8752670288086
-29.3988380432129,0.998131215572357
-15.2216577529907,-14.6471214294434
0.35031670331955,-30.6063652038574
11.1925983428955,-40.2425804138184
18.4947605133057,-41.8864402770996
24.9566211700439,-34.8648643493652
30.4449863433838,-20.8991680145264
32.2042922973633,-4.14972925186157
29.7345409393311,8.44267463684082
20.6553249359131,14.6554727554321
8.27064800262451,14.8631992340088
-2.85305619239807,11.2999057769775
-10.1756772994995,6.98775386810303
-10.5456190109253,1.24740302562714
-5.25850868225098,-6.37584781646729
1.14301788806915,-16.0473442077637
6.55831289291382,-26.2432727813721
8.66000461578369,-31.5364379882812
8.73996353149414,-31.0074138641357
9.22264099121094,-21.9002227783203
9.50239276885986,-5.49086999893188
9.01721096038818,9.79112243652344
5.33930253982544,17.0567493438721
-2.06724429130554,12.1569089889526
-12.6911516189575,-0.150314688682556
-23.8833332061768,-12.0951128005981
-31.12766456604,-16.3465137481689
-34.0109939575195,-10.6629476547241
-31.5209884643555,0.0123174525797367
-25.3749961853027,9.11616802215576
-18.6519641876221,10.4451999664307
-12.1103525161743,2.03718137741089
-6.63827228546143,-11.2130575180054
-2.9273784160614,-21.5912418365479
-2.11922812461853,-23.8075485229492
-5.67730188369751,-17.5195941925049
-13.1228895187378,-6.22991704940796
-21.3296527862549,3.48709177970886
-27.2689628601074,7.37272644042969
-26.6457824707031,4.9722843170166
-16.5333614349365,-0.427979290485382
0.507520794868469,-6.81447410583496
17.6527900695801,-12.8619260787964
26.8403568267822,-17.9803504943848
24.7549495697021,-25.3073558807373
13.9752988815308,-33.0368690490723
-0.0876835659146309,-38.1051902770996
-9.72974395751953,-36.9189567565918
-11.1604471206665,-28.5468463897705
-6.28148365020752,-14.004734992981
-0.741552412509918,1.70419275760651
-1.32381308078766,14.2993106842041
-11.0687971115112,20.8705673217773
-26.0937938690186,21.133617401123
-38.653003692627,19.5181522369385
-41.9428062438965,17.4200096130371
-34.307445526123,16.2920246124268
-15.8020401000977,12.9466867446899
5.83701133728027,4.79712581634521
19.3475875854492,-6.05100107192993
18.1020622253418,-15.6982803344727
2.86934018135071,-18.3294143676758
-19.2532234191895,-11.5685939788818
-38.2676124572754,0.967441976070404
-46.1762542724609,12.7130727767944
-44.0087966918945,18.4692897796631
-32.8896865844727,17.1220951080322
-13.2794666290283,9.93058109283447
7.08796358108521,2.61150884628296
20.3918571472168,1.68394196033478
23.1607780456543,6.82512140274048
17.3540382385254,13.7276973724365
8.49632835388184,15.4767751693726
2.01379919052124,7.50926208496094
2.14720344543457,-8.95144844055176
8.03640747070312,-25.2127819061279
15.7298049926758,-32.1109733581543
19.8189907073975,-25.5873165130615
17.0383777618408,-7.69110107421875
7.04182529449463,13.2694463729858
-4.58731174468994,27.3029918670654
-10.3852834701538,29.7069835662842
-6.36394786834717,21.8891582489014
5.86707448959351,10.5255765914917
17.9266967773438,2.68290829658508
20.4736938476562,2.15889453887939
7.2123908996582,8.28901958465576
-19.3486309051514,15.0170631408691
-43.6200675964355,15.3398218154907
-54.8548393249512,8.98693943023682
-52.9445877075195,-4.04951906204224
-33.2228851318359,-21.5513668060303
0.825269341468811,-34.7312507629395
28.3871364593506,-37.3500671386719
39.4880828857422,-31.5157699584961
34.5404357910156,-20.4878902435303
14.2168464660645,-4.87290954589844
-7.80926513671875,11.4894695281982
-18.5064506530762,21.8271522521973
-14.5425281524658,25.0138244628906
0.0605434142053127,21.9198474884033
15.6343965530396,13.2195501327515
22.8461608886719,6.66228055953979
20.6551170349121,5.63554811477661
11.9915628433228,12.0913543701172
2.90065574645996,23.8637084960938
-1.41212296485901,33.1264343261719
-0.285597890615463,35.2886695861816
3.48416900634766,28.1673011779785
5.66874217987061,13.7633972167969
4.29920864105225,-3.63865923881531
1.62611258029938,-16.8200035095215
2.31923031806946,-23.2467918395996
9.25959300994873,-23.7307224273682
21.6158771514893,-22.3330039978027
34.2477378845215,-22.267240524292
41.458251953125,-24.0916862487793
41.2757835388184,-25.6954593658447
34.3842735290527,-23.9436664581299
20.469518661499,-17.0980854034424
4.36267471313477,-4.6891918182373
-8.37064838409424,6.70758390426636
-14.4247817993164,11.4481334686279
-14.5256175994873,8.80885791778564
-11.2351875305176,3.46266579627991
-7.05289030075073,-0.616081416606903
-3.7484724521637,0.356579840183258
-0.587688624858856,4.86560249328613
4.08041715621948,7.56583881378174
9.4992618560791,6.28691148757935
14.8116331100464,-1.6993910074234
18.4920463562012,-11.4725589752197
18.4743003845215,-17.2511157989502
14.2199773788452,-16.5058040618896
7.53347969055176,-7.99047803878784
0.86076033115387,4.13323640823364
-3.24846720695496,13.3370876312256
-3.43928337097168,14.5700855255127
-0.356579840183258,8.92973613739014
1.54636228084564,2.58770895004272
0.164511069655418,0.127141162753105
-5.56268692016602,2.97101140022278
-13.5719547271729,7.3169846534729
-18.9454956054688,9.20656585693359
-16.2874317169189,5.40736198425293
-6.29755878448486,-4.69754266738892
7.64057874679565,-14.4613161087036
19.2544746398926,-19.9118938446045
21.1810092926025,-19.1828670501709
12.4439678192139,-14.0707063674927
-4.29461574554443,-9.60155868530273
-18.6513385772705,-8.02075004577637
-22.2695369720459,-10.3852834701538
-11.9180755615234,-13.4372978210449
7.88609266281128,-12.1742362976074
26.9537181854248,-5.46205949783325
34.9191436767578,5.53888702392578
29.4815101623535,12.7193365097046
13.250657081604,12.6247634887695
-6.42574405670166,4.88188695907593
-16.0788688659668,-5.6086163520813
-11.7370710372925,-10.4677476882935
3.73072695732117,-6.37710046768188
22.1889514923096,5.59003591537476
33.2627601623535,17.1653099060059
34.2061920166016,23.1273746490479
28.2547760009766,19.8530197143555
20.6079349517822,7.81636333465576
13.8212261199951,-6.40758085250854
10.9558525085449,-14.0404348373413
10.2159700393677,-11.8742332458496
6.39651584625244,-2.00315189361572
-0.797294139862061,10.0719184875488
-9.38401985168457,16.65403175354
-14.1642360687256,16.546724319458
-12.1940698623657,13.3034753799438
-4.37269592285156,10.9639949798584
3.43302035331726,13.2141218185425
3.03510403633118,21.0219249725342
-7.11322498321533,30.2069873809814
-22.1133766174316,34.8955535888672
-33.310359954834,34.3189277648926
-34.0521202087402,30.0550022125244
-21.1611747741699,22.7413578033447
2.97101140022278,13.3871927261353
25.9182186126709,6.8370213508606
36.1561088562012,4.88167810440063
30.8316287994385,6.9009051322937
12.1946964263916,11.2464609146118
-11.5529356002808,15.8114347457886
-29.534330368042,16.6646785736084
-36.9970359802246,14.1297883987427
-35.0502510070801,10.4907121658325
-26.8201065063477,5.74953651428223
-17.4594669342041,1.79876565933228
-11.4999084472656,-0.302925825119019
-10.1554269790649,0.177872374653816
-12.4013786315918,-0.700215876102448
-16.6527786254883,-4.80234527587891
-22.4515857696533,-11.2420768737793
-27.1326351165771,-19.8425827026367
-28.3209552764893,-26.0088233947754
-24.5975360870361,-26.3443183898926
-13.3694467544556,-19.3672122955322
6.08356904983521,-6.02135562896729
27.3219890594482,7.26500082015991
41.1688957214355,12.6136980056763
44.666633605957,8.83328437805176
37.1333618164062,-2.93009233474731
18.5640716552734,-17.7074871063232
-1.61045479774475,-26.6495399475098
-14.1291627883911,-25.2599639892578
-14.3454484939575,-14.7398157119751
-4.10171175003052,-1.11796545982361
7.84976673126221,6.52908515930176
13.2063970565796,4.08208751678467
8.4234676361084,-6.27542924880981
-2.63844013214111,-17.4300308227539
-13.2199678421021,-20.9093990325928
-16.178035736084,-16.7377490997314
-9.74978637695312,-6.73034000396729
3.07706689834595,1.37370920181274
14.5596466064453,1.49187326431274
19.5085487365723,-5.12426900863647
15.9492225646973,-13.7018098831177
7.44308185577393,-16.5579967498779
1.50606954097748,-10.0232753753662
1.81734621524811,4.39315509796143
7.72471332550049,19.6947727203369
12.7251815795898,26.8386859893799
13.2773790359497,23.1877098083496
7.05080223083496,10.3335084915161
-6.5084171295166,-5.79734516143799
-18.845911026001,-15.11789894104
-23.8355236053467,-15.1577739715576
-21.0578346252441,-8.27064800262451
-11.1143093109131,-0.234031602740288
1.63258445262909,3.8098509311676
12.2454271316528,1.25220477581024
18.6803569793701,-5.17040729522705
21.5666084289551,-12.1091003417969
23.8814544677734,-14.6022357940674
27.4363956451416,-11.9189100265503
32.2967796325684,-6.40716314315796
35.7116355895996,0.250106930732727
35.0306282043457,3.52153897285461
30.6888294219971,3.79335808753967
21.5947914123535,0.792492389678955
10.0894556045532,-4.86852550506592
-0.962640285491943,-11.7986583709717
-10.1013555526733,-20.2501010894775
-15.3467111587524,-27.0430717468262
-17.9742946624756,-29.9508266448975
-17.1129093170166,-25.8100738525391
-12.7504425048828,-11.3166074752808
-4.95307731628418,10.7347650527954
2.37392807006836,32.3855056762695
7.51134967803955,44.2870903015137
8.83892059326172,44.8814582824707
6.11342334747314,33.6356239318848
1.60252153873444,10.5479154586792
-1.72465217113495,-14.097638130188
0.967233240604401,-30.4069900512695
7.85790872573853,-34.8686218261719
16.2849254608154,-30.3811016082764
22.3461570739746,-21.9993877410889
21.2958316802979,-15.5838747024536
11.7257976531982,-13.0715312957764
-3.97123026847839,-13.4658985137939
-17.8360900878906,-13.0717401504517
-25.9299087524414,-7.9052996635437
-26.9864959716797,1.79229378700256
-20.4542789459229,13.4752931594849
-10.5234889984131,21.5102405548096
-2.48812556266785,22.2309150695801
2.09020924568176,14.7698783874512
3.93594813346863,2.14532446861267
4.04764032363892,-8.85499572753906
5.86874437332153,-13.9444007873535
9.71596527099609,-12.1850929260254
13.6876134872437,-4.33803987503052
16.5642604827881,3.1023280620575
15.8938989639282,7.35623359680176
11.0305919647217,7.77043390274048
4.8013014793396,5.40736198425293
-0.202507272362709,4.62426424026489
-1.43529641628265,6.40090036392212
0.799799382686615,11.8032512664795
3.5674684047699,16.2377433776855
4.94785833358765,16.4630069732666
1.00251543521881,11.0278787612915
-8.38108730316162,2.60691595077515
-18.8801498413086,-2.38123512268066
-27.5359802246094,-0.699172019958496
-30.8796463012695,9.28589820861816
-27.9631233215332,22.6793537139893
-21.9993877410889,32.3495979309082
-17.1187553405762,34.7235260009766
-15.9009971618652,27.8796157836914
-18.8338031768799,15.9268846511841
-23.2960624694824,6.48065042495728
-26.9299182891846,5.10005187988281
-25.576042175293,13.0402164459229
-20.3956146240234,23.2482528686523
-16.0690574645996,27.0040321350098
-15.1143503189087,18.6225280761719
-19.9446697235107,-1.88707554340363
-26.6217746734619,-23.747631072998
-31.3172283172607,-33.5320739746094
-31.0911312103271,-29.5706558227539
-22.081226348877,-12.0844650268555
-5.17061614990234,13.7055673599243
11.6036672592163,31.7105522155762
20.4196224212646,34.320182800293
17.8757553100586,21.8695335388184
3.61151909828186,-0.19916695356369
-14.5675802230835,-17.1880664825439
-28.1551933288574,-21.932373046875
-33.8009719848633,-14.1750917434692
-31.7771492004395,-1.43091225624084
-25.0914878845215,7.01802539825439
-18.5947608947754,5.62761449813843
-15.399112701416,-5.16122150421143
-13.6579675674438,-18.3878688812256
-10.2389354705811,-28.4257583618164
-2.43822932243347,-30.6414394378662
8.58944034576416,-27.435977935791
18.9139709472656,-23.2747669219971
22.686243057251,-21.6910343170166
17.7066516876221,-23.806713104248
4.11215019226074,-26.4340896606445
-12.8239297866821,-24.7409610748291
-25.1658096313477,-16.1273040771484
-28.1583232879639,-3.60024547576904
-20.8075180053711,8.54559803009033
-7.85644721984863,15.8682193756104
5.02552080154419,16.7387924194336
11.5508480072021,13.7671546936035
11.0214061737061,13.1068134307861
4.51779127120972,17.284517288208
-4.66121673583984,23.9845867156982
-10.0871591567993,30.2226448059082
-10.4892511367798,33.259838104248
-6.58921098709106,33.1506500244141
-0.198540642857552,30.7172222137451
4.89274311065674,28.100076675415
6.28732919692993,28.4201221466064
3.55243706703186,30.5284938812256
-2.10127401351929,30.7320461273193
-6.79672861099243,26.3459873199463
-6.85956859588623,16.9258499145508
-0.00396663742139935,5.19942665100098
14.638144493103,-3.35306119918823
31.7230777740479,-4.73512125015259
43.5597343444824,-0.70230358839035
47.4906692504883,3.8701856136322
43.3442840576172,6.11947774887085
30.330997467041,2.12904047966003
12.61891746521,-6.87919330596924
-0.885812759399414,-15.4475479125977
-7.10299491882324,-19.3177337646484
-6.27020978927612,-18.0281581878662
-0.59207284450531,-14.733344078064
3.41819763183594,-12.1199560165405
4.29607725143433,-12.2855110168457
4.16309022903442,-14.5792713165283
7.10445642471313,-15.4214515686035
16.0531902313232,-11.997407913208
29.2558307647705,-3.85765933990479
39.7356872558594,6.0184326171875
41.4524040222168,12.4329032897949
32.832275390625,13.0604667663574
11.7402029037476,6.7877516746521
-12.5303983688354,-2.74491310119629
-27.0848274230957,-8.07774353027344
-25.0862674713135,-8.31803894042969
-7.74120616912842,-4.03281784057617
15.796820640564,2.01025009155273
32.9765357971191,3.94450783729553
37.2352447509766,1.6384299993515
27.3449554443359,-3.40504503250122
7.09735822677612,-7.79151964187622
-14.0082845687866,-8.87357711791992
-27.4280452728271,-6.05058336257935
-30.1938362121582,-1.39416861534119
-25.1704025268555,2.66453647613525
-17.8110370635986,4.49691438674927
-12.2009592056274,3.72279357910156
-10.1660737991333,1.38059854507446
-12.4521102905273,-1.80502879619598
-17.388277053833,-5.71091413497925
-22.7795639038086,-12.0168237686157
-27.4422416687012,-18.6062431335449
-29.0197105407715,-24.1058826446533
-25.083345413208,-25.4445171356201
-13.6625604629517,-19.4939346313477
5.98335933685303,-7.08462333679199
27.3629093170166,5.90131282806396
41.9724502563477,11.4671316146851
45.726978302002,7.46667289733887
37.54296875,-3.82864022254944
18.2306652069092,-18.4473686218262
-3.41819763183594,-27.2950592041016
-15.1337652206421,-25.0649738311768
-13.5583839416504,-13.9890775680542
-2.36515974998474,-0.261380523443222
8.98485088348389,6.81176042556763
11.8627510070801,2.96182560920715
4.96163702011108,-7.96897459030151
-4.15724468231201,-17.4749164581299
-11.397819519043,-19.6187801361084
-11.564001083374,-14.5370998382568
-7.68859577178955,-5.22447919845581
-4.45620393753052,1.21754896640778
-1.53634130954742,4.35495042800903
-1.33487784862518,5.95079135894775
-0.746771693229675,8.21595001220703
-0.783515274524689,11.6971960067749
-5.09650278091431,11.6243352890015
-13.5523300170898,4.25286149978638
-21.3904056549072,-9.57650661468506
-23.2593173980713,-20.7265148162842
-14.9943065643311,-25.1167488098145
1.08790254592896,-23.1112995147705
15.3602819442749,-16.9623851776123
20.6872673034668,-13.2932462692261
15.8473424911499,-15.2767734527588
7.61656999588013,-19.3561458587646
5.50297880172729,-18.9814033508301
13.2790498733521,-12.4318590164185
27.26979637146,-2.01066756248474
38.1575889587402,5.49504566192627
39.7839126586914,6.87146854400635
30.6980152130127,2.48019218444824
14.2755107879639,-4.22363376617432
-0.80105197429657,-5.61780261993408
-7.67544317245483,2.31630754470825
-4.84764862060547,15.9700994491577
1.14823710918427,28.0570697784424
4.46935653686523,30.2366333007812
1.82235670089722,19.8317260742188
-5.68419122695923,1.11817419528961
-10.6307973861694,-16.4354496002197
-8.32910346984863,-22.5774745941162
1.33967959880829,-14.8437833786011
12.9452257156372,2.9261257648468
16.7352428436279,20.480167388916
8.66668510437012,28.6959075927734
-9.01011276245117,23.915901184082
-28.5704364776611,8.97274303436279
-40.4571952819824,-9.52640151977539
-40.1442489624023,-24.4718570709229
-30.1608486175537,-34.2690315246582
-17.163013458252,-39.0237808227539
-5.55141353607178,-38.5584297180176
-0.651781141757965,-34.6107902526855
-2.85034203529358,-27.3128032684326
-6.16665983200073,-16.6481857299805
-6.70988035202026,-3.99607396125793
-3.67080974578857,6.58086013793945
-1.39041078090668,11.9103507995605
-3.37185049057007,11.0589847564697
-10.2078285217285,3.81548762321472
-20.1290149688721,-4.12029266357422
-25.3035984039307,-8.03118801116943
-23.2705917358398,-7.98087453842163
-15.4425373077393,-4.50693511962891
-6.88253355026245,-3.03802680969238
-3.01360058784485,-6.04870462417603
-6.71426439285278,-12.0431289672852
-14.1671590805054,-16.5168685913086
-18.6183528900146,-17.3160419464111
-14.1934633255005,-13.1604681015015
0.891658365726471,-5.41216373443604
20.0244216918945,1.73738718032837
32.3955268859863,4.99963331222534
31.0698356628418,4.93178272247314
16.290979385376,4.36705923080444
-3.40567135810852,7.15790176391602
-17.5605125427246,15.2047472000122
-16.2078895568848,25.4276065826416
-1.7590993642807,33.5740356445312
16.1072616577148,32.961296081543
28.8990421295166,25.1367893218994
28.7612533569336,12.4901065826416
16.0527725219727,-1.19166135787964
-2.18060684204102,-10.43288230896
-14.5746784210205,-15.0448293685913
-15.4561071395874,-16.178243637085
-7.12470722198486,-16.0106010437012
3.06996870040894,-15.0859575271606
4.59608030319214,-13.2777967453003
-6.79317951202393,-9.53725814819336
-25.9163379669189,-4.87270069122314
-40.9787063598633,-1.73237669467926
-44.6152763366699,-2.2319643497467
-35.0999412536621,-10.1978073120117
-11.5358171463013,-22.6240291595459
15.6333532333374,-32.2057571411133
33.9178810119629,-33.6028480529785
40.070972442627,-27.5693836212158
35.3957672119141,-16.4671821594238
21.2198390960693,-4.31632804870605
3.9232132434845,-0.42150741815567
-9.10092735290527,-5.91926670074463
-15.2874202728271,-15.3657093048096
-15.1968145370483,-21.7229766845703
-12.3865556716919,-18.1459045410156
-8.54872989654541,-2.54741621017456
-4.0935697555542,19.0494632720947
-0.764099657535553,36.0099678039551
1.51901340484619,42.2918701171875
2.59334588050842,37.2907752990723
1.72026801109314,23.2764377593994
-0.631947994232178,7.40696477890015
-1.85910034179688,-1.63195812702179
-1.08957266807556,0.774746894836426
3.94638657569885,11.43727684021
12.455867767334,24.9094390869141
20.761589050293,33.5297775268555
26.746618270874,34.0504493713379
25.4315738677979,29.027853012085
16.383882522583,17.9187622070312
1.33800947666168,5.11341333389282
-13.3896980285645,-3.72759532928467
-20.7037601470947,-5.28230857849121
-18.2962188720703,0.0845520049333572
-6.06791162490845,9.2382984161377
10.9500074386597,17.5841045379639
25.3854351043701,18.2646942138672
31.4539737701416,10.9990682601929
26.9426536560059,-2.57184243202209
13.7487831115723,-17.8166732788086
-3.5100564956665,-25.3616352081299
-18.8415279388428,-21.9302864074707
-28.1695976257324,-6.69860696792603
-30.0345439910889,13.424144744873
-26.904239654541,28.425968170166
-22.3887462615967,33.7763366699219
-19.6488437652588,28.1032085418701
-19.5308876037598,15.9350261688232
-20.6636753082275,5.47208070755005
-21.6167125701904,4.04137706756592
-19.6534366607666,10.9479188919067
-14.4828195571899,22.070161819458
-7.64684200286865,27.7042484283447
2.46307301521301,22.7781028747559
12.2656784057617,8.47941780090332
20.7991676330566,-9.30113887786865
26.5948429107666,-20.9260997772217
28.1132297515869,-23.3419914245605
25.2397136688232,-16.1690578460693
19.1786918640137,-3.44137120246887
12.0767412185669,8.0395393371582
7.59819841384888,13.7990961074829
8.75311660766602,12.7416744232178
15.4621610641479,6.57584953308105
25.0075607299805,-1.97809946537018
32.3072166442871,-9.4892406463623
33.985523223877,-16.3212509155273
28.195068359375,-23.3693408966064
15.3314714431763,-29.5286922454834
-0.74802428483963,-34.0763397216797
-13.094705581665,-34.1134986877441
-17.6680297851562,-30.1040649414062
-13.7030620574951,-24.3275966644287
-3.29460549354553,-14.9316759109497
9.85667610168457,-2.1710033416748
20.4624214172363,12.8612995147705
24.6083927154541,29.0410060882568
23.0787315368652,41.5776672363281
18.4951782226562,47.7831573486328
13.1926183700562,46.2977561950684
8.14225387573242,32.3909339904785
4.5134072303772,6.81864976882935
1.71671891212463,-20.252815246582
-0.291234701871872,-35.7529716491699
-2.12110710144043,-35.3968124389648
-5.52218580245972,-22.0879077911377
-8.49758148193359,-2.74804472923279
-9.91262722015381,10.6735954284668
-9.48757076263428,10.6875829696655
-8.0345287322998,-1.25533640384674
-6.13576173782349,-15.4552717208862
-5.10067796707153,-21.3613872528076
-7.55164241790771,-14.4262428283691
-13.2233076095581,1.09729719161987
-19.270133972168,14.6550550460815
-23.7708053588867,17.4379634857178
-23.0403175354004,7.59089136123657
-14.4730072021484,-8.29361248016357
-1.50377309322357,-20.6388320922852
10.6460371017456,-20.0354862213135
18.0550899505615,-5.89734601974487
17.4934978485107,14.0214366912842
11.4199495315552,28.9405860900879
5.04681539535522,29.7900733947754
3.00253582000732,17.7131233215332
7.55748796463013,-0.10981322824955
15.3072538375854,-13.4990930557251
19.9937324523926,-16.5448455810547
15.62291431427,-11.5090942382812
1.54135179519653,-3.70358681678772
-17.8133335113525,-0.11920789629221
-32.148551940918,-1.39145469665527
-34.923526763916,-3.43448162078857
-26.0821018218994,-3.01694083213806
-9.07295227050781,2.90190839767456
4.45161104202271,11.0007381439209
7.60947179794312,15.773229598999
-0.512322545051575,13.6285314559937
-15.2819929122925,3.00545859336853
-26.0919151306152,-10.8276672363281
-25.4994239807129,-20.5949897766113
-14.1112079620361,-24.1140232086182
2.70065379142761,-21.5451049804688
16.1966152191162,-16.8452644348145
19.2692985534668,-14.926456451416
13.9640254974365,-16.6590423583984
6.72929620742798,-20.0156517028809
5.61884641647339,-18.5797290802002
13.9076566696167,-11.9953203201294
27.7683410644531,-2.80357766151428
38.2166709899902,4.28772640228271
39.4022789001465,5.50882434844971
30.1355876922607,1.07078337669373
13.8590135574341,-4.13866424560547
-1.10063755512238,-4.45891809463501
-7.25685882568359,2.64428567886353
-4.07519817352295,15.5801162719727
2.92716956138611,26.3127937316895
5.94807720184326,29.3954963684082
1.9935485124588,21.850118637085
-6.38190221786499,4.15056419372559
-12.1276807785034,-15.7270908355713
-8.86585235595703,-27.8311805725098
-0.177454829216003,-30.0934162139893
7.67439937591553,-22.365571975708
9.28255748748779,-8.36355018615723
4.17248487472534,5.6676983833313
-3.12404012680054,13.2861480712891
-5.27750682830811,12.2491855621338
-1.55659198760986,4.07874727249146
3.34951210021973,-8.41908359527588
3.9816689491272,-20.0459232330322
-2.00419569015503,-25.0908603668213
-11.945424079895,-20.3279724121094
-18.6277465820312,-8.15394496917725
-17.0300273895264,8.77566337585449
-7.013014793396,24.1035861968994
5.19838285446167,31.9733943939209
13.7583866119385,31.3222389221191
16.034610748291,25.3656024932861
10.4723405838013,16.7289810180664
1.15992832183838,8.10425758361816
-7.63473320007324,1.41838598251343
-11.057523727417,-3.65494322776794
-7.79319000244141,-8.61825084686279
0.485391169786453,-14.1162185668945
11.4084663391113,-18.3210639953613
20.4764080047607,-19.9321441650391
25.1294822692871,-18.5429859161377
24.4751968383789,-15.7143564224243
20.2093906402588,-14.2577648162842
15.9147758483887,-16.9866027832031
15.1341829299927,-24.4006652832031
17.8227291107178,-31.8859195709229
23.51881980896,-34.7688293457031
28.3096828460693,-30.8307933807373
28.5604152679443,-19.2905921936035
23.685209274292,-3.72362875938416
13.9648599624634,8.34977149963379
3.13197350502014,13.317045211792
-4.6190447807312,10.3689985275269
-6.73451519012451,3.29022145271301
-4.32634878158569,-0.825060606002808
-0.851991951465607,0.548022270202637
1.17516851425171,7.18587684631348
-0.215659812092781,15.2504682540894
-3.14011549949646,19.3242053985596
-5.50506639480591,17.4907836914062
-5.08856964111328,12.2529430389404
-1.15491783618927,8.47545146942139
3.30316519737244,10.9011545181274
5.62657070159912,19.0525951385498
2.92529082298279,28.890064239502
-4.06642961502075,34.0775909423828
-12.1704788208008,31.670259475708
-18.1634407043457,23.7553558349609
-19.3294239044189,12.043755531311
-14.2631931304932,2.71485018730164
-6.79610252380371,-1.77517461776733
-2.06724429130554,-3.8603732585907
-3.36892771720886,-5.46602630615234
-11.7819566726685,-9.28297519683838
-22.9069137573242,-15.8538150787354
-30.6915435791016,-22.2927112579346
-30.150411605835,-25.7088203430176
-21.0340347290039,-24.6324005126953
-4.81883811950684,-19.1421566009521
12.6592102050781,-12.0199556350708
23.2570209503174,-7.0178165435791
21.867654800415,-4.81069612503052
10.8915510177612,-3.8616259098053
-5.18940544128418,-2.37184047698975
-17.8281555175781,0.684140563011169
-19.3619918823242,3.49293732643127
-10.3579339981079,2.93364143371582
5.86707448959351,-1.97642934322357
19.8457126617432,-8.14496803283691
24.2891826629639,-11.7830009460449
18.1054039001465,-10.2744264602661
4.32843637466431,-3.40170478820801
-8.77357578277588,5.82991313934326
-13.3089036941528,8.5662670135498
-7.15372610092163,0.775999546051025
6.42720508575439,-16.1847152709961
18.8669986724854,-35.0888748168945
21.6394691467285,-45.5595436096191
14.8414869308472,-47.2027778625488
-1.21316468715668,-37.9379653930664
-23.6981525421143,-18.7463283538818
-39.4066619873047,0.261171758174896
-43.8553504943848,11.6685943603516
-40.1112632751465,16.0078868865967
-30.6905002593994,17.7254409790039
-18.3179321289062,20.9444713592529
-8.2339038848877,28.0151081085205
-1.92820334434509,37.213321685791
2.03133583068848,43.5002326965332
5.06998872756958,43.8849983215332
6.57000398635864,38.6026878356934
5.65433740615845,29.523681640625
1.16598260402679,22.8092098236084
-6.51008701324463,23.9493045806885
-14.7268724441528,30.3397655487061
-19.1672096252441,36.5070533752441
-18.8690853118896,37.431697845459
-15.9609136581421,27.8883838653564
-11.268590927124,7.80863904953003
-8.45499229431152,-15.298903465271
-8.39987659454346,-31.149585723877
-10.0036506652832,-34.4646530151367
-8.87837886810303,-25.7157096862793
-3.32863521575928,-9.07462215423584
6.93284702301025,7.69715547561646
19.4599056243896,14.5101680755615
28.375862121582,9.37713050842285
31.8596134185791,-5.20568990707397
29.4992561340332,-22.2565937042236
24.3077621459961,-32.600959777832
19.9302654266357,-30.8815250396729
17.6256484985352,-16.0920219421387
14.3462839126587,8.40217304229736
6.03388166427612,32.2932319641113
-4.800048828125,43.3144264221191
-17.6822261810303,38.8559265136719
-28.3520622253418,18.6780605316162
-28.6389141082764,-12.2552394866943
-16.9699020385742,-39.714599609375
-0.312111735343933,-52.0038681030273
15.7792835235596,-50.4165878295898
27.8524761199951,-37.3607139587402
29.1752452850342,-18.0120830535889
18.7818202972412,-2.83447551727295
2.97456049919128,1.35638117790222
-10.9080438613892,-4.23219347000122
-17.8266944885254,-13.9855279922485
-16.5584144592285,-19.4997806549072
-9.99738788604736,-16.6548671722412
-1.86724233627319,-6.73096609115601
5.66915988922119,3.99315118789673
11.816822052002,9.01407909393311
14.5807332992554,5.63074636459351
13.7748794555664,-2.55409693717957
8.63912773132324,-9.56418895721436
-2.15242266654968,-10.4867458343506
-15.0675849914551,-3.36517000198364
-24.7741565704346,7.17502069473267
-27.8564414978027,15.0640363693237
-21.9371757507324,16.9544525146484
-10.0239019393921,13.0245580673218
0.837169289588928,5.28335237503052
5.74995422363281,-1.53049576282501
1.82820236682892,-4.35077476501465
-7.55143356323242,-4.45766544342041
-16.1344013214111,-5.16247415542603
-16.3953647613525,-7.98296213150024
-5.47730016708374,-12.9965829849243
10.8374795913696,-15.8166532516479
24.0923118591309,-14.6268711090088
26.0455684661865,-7.70153951644897
15.1646633148193,3.19397830963135
-4.54472255706787,13.2663145065308
-21.5094051361084,17.3744983673096
-26.9808597564697,13.6892833709717
-19.5674228668213,5.15036535263062
-1.43425261974335,-5.49483680725098
17.1795063018799,-13.5554618835449
26.4608116149902,-16.9001712799072
24.7438850402832,-16.4669742584229
12.7767477035522,-13.8024368286133
-1.64531946182251,-9.14957141876221
-9.43955326080322,-1.38832306861877
-9.45834255218506,8.69257259368896
-2.25513768196106,21.1089820861816
5.93910026550293,33.0270576477051
9.79258346557617,40.6060485839844
8.29068946838379,43.0315437316895
1.39270722866058,40.1158561706543
-8.50467967987061,32.0756912231445
-16.7976665496826,20.9394607543945
-20.5755748748779,9.4744176864624
-19.639030456543,0.112318471074104
-13.3126611709595,-7.6812891960144
-2.97309923171997,-15.7133121490479
8.28922843933105,-23.2985668182373
16.7899417877197,-27.6397380828857
20.3388290405273,-26.6182250976562
17.4308662414551,-19.3732662200928
7.74851322174072,-5.496506690979
-5.03846454620361,10.5157642364502
-14.4765567779541,21.5991764068604
-16.8665599822998,24.5674724578857
-11.0754776000977,18.3185577392578
2.66265749931335,3.83761739730835
15.6268815994263,-13.0519075393677
22.9376029968262,-24.014232635498
22.8350963592529,-26.9864959716797
14.6629886627197,-21.5175457000732
3.97686719894409,-9.66105842590332
-3.81694912910461,3.96496725082397
-5.76206254959106,12.8857259750366
-2.42862606048584,12.715160369873
3.09522986412048,4.73992300033569
5.18042850494385,-8.5071849822998
1.62256348133087,-20.1799545288086
-5.75809621810913,-25.0774993896484
-14.0500383377075,-20.9098167419434
-17.830451965332,-7.53201818466187
-14.5045318603516,9.64623546600342
-5.6762580871582,23.9148578643799
5.72385787963867,30.9940528869629
14.5172662734985,30.1380939483643
17.1836814880371,24.5023365020752
11.471097946167,16.5143642425537
2.30106735229492,9.00948619842529
-6.63514041900635,2.40357351303101
-12.0387449264526,-4.51131916046143
-9.40468883514404,-10.3650321960449
-0.100209787487984,-15.0725955963135
12.0032539367676,-17.6022663116455
21.6927051544189,-18.2705402374268
25.6144561767578,-18.0826473236084
22.8674564361572,-19.1056232452393
17.6953792572021,-20.1897678375244
15.0185241699219,-19.5557308197021
17.540470123291,-18.0909976959229
25.4787559509277,-16.8222999572754
32.6076393127441,-17.793083190918
33.9421005249023,-20.396032333374
25.3630981445312,-22.5405216217041
6.99944496154785,-20.4812107086182
-14.7746801376343,-11.1452074050903
-30.1508293151855,0.404805779457092
-32.3078460693359,6.56770753860474
-20.7457218170166,4.12029266357422
-1.25763285160065,-6.36833190917969
16.5962028503418,-17.0364990234375
25.7299060821533,-19.4832878112793
23.4382343292236,-11.3871717453003
14.0552577972412,3.76663541793823
4.60526609420776,17.4872341156006
-1.02360117435455,23.3138065338135
-1.68665599822998,17.1496524810791
-2.38165259361267,1.70878565311432
-8.12242126464844,-15.0573558807373
-19.633394241333,-26.816764831543
-32.4786186218262,-28.0282592773438
-41.5968742370605,-21.6298656463623
-42.0803871154785,-10.1332969665527
-29.9105339050293,3.56099653244019
-7.43681907653809,14.5953464508057
16.8298168182373,19.1759777069092
30.6892471313477,15.8047533035278
33.8638114929199,8.5564546585083
27.1485023498535,-0.847816526889801
13.7940864562988,-7.82408809661865
0.270983964204788,-11.7830009460449
-9.65688323974609,-14.8512992858887
-12.5516929626465,-17.2124919891357
-10.6869564056396,-21.0273532867432
-4.40797805786133,-24.7528610229492
4.85453796386719,-24.5762424468994
13.2479429244995,-17.8133335113525
18.3406867980957,-4.92009162902832
18.263650894165,9.85813808441162
13.1345806121826,20.2966575622559
5.75579977035522,21.5785083770752
-1.02610647678375,11.8761119842529
-3.6307258605957,-5.036376953125
-1.93488395214081,-18.7388134002686
0.88268119096756,-21.9102439880371
1.9929221868515,-11.5905141830444
0.366183251142502,8.08567714691162
-1.99333965778351,26.0810585021973
-0.0693117678165436,34.6556777954102
9.24268245697021,31.1660785675049
25.3919067382812,17.9962158203125
40.6363220214844,4.38730955123901
46.6192626953125,-0.806688785552979
39.8816146850586,6.7965202331543
17.9312896728516,23.4056663513184
-10.6441583633423,37.0740737915039
-28.8311901092529,39.9665870666504
-34.1544189453125,31.118896484375
-24.0384483337402,13.119966506958
-0.597500860691071,-7.39193344116211
21.7279872894287,-18.9398593902588
32.0149383544922,-17.4492378234863
28.0109329223633,-7.01865196228027
13.1448097229004,7.24454116821289
-3.44304132461548,16.0548610687256
-14.1473255157471,15.0732221603394
-16.6663494110107,6.11363220214844
-13.0414686203003,-5.42030572891235
-7.34934425354004,-13.275918006897
-4.51131916046143,-15.8239603042603
-4.83825397491455,-13.0233058929443
-5.74870157241821,-8.77211380004883
-7.80279350280762,-6.07960271835327
-11.5408267974854,-3.05598092079163
-17.9542541503906,1.43153858184814
-25.5735378265381,8.69069385528564
-30.3804759979248,18.9091701507568
-29.3696098327637,27.9825401306152
-21.5751667022705,31.566291809082
-8.17148208618164,26.4944248199463
6.99464321136475,12.7487726211548
15.3673801422119,-4.78439092636108
13.3285284042358,-17.7331657409668
4.64639377593994,-20.9741172790527
-4.68292856216431,-14.602653503418
-5.53700828552246,-2.63802266120911
4.19899892807007,8.21741104125977
19.9613723754883,12.1145286560059
32.0207862854004,7.78483915328979
32.6830062866211,-0.353030741214752
21.4822635650635,-8.47524261474609
4.1033821105957,-11.4754819869995
-9.02973651885986,-8.09695053100586
-12.3245515823364,0.38288488984108
-6.74537134170532,10.8285026550293
0.414826780557632,19.194766998291
0.819632530212402,25.2754135131836
-9.30635738372803,28.8462219238281
-24.9710254669189,29.7491550445557
-36.6794967651367,28.0029983520508
-38.7216873168945,25.246395111084
-29.312198638916,20.2419586181641
-11.9443807601929,14.7700872421265
4.1624641418457,11.5861301422119
7.64120483398438,11.8241281509399
-2.51610064506531,17.3383808135986
-17.9768009185791,22.5411472320557
-27.8301372528076,22.9307136535645
-26.5403537750244,15.8918113708496
-13.6826028823853,-1.42381405830383
5.82949542999268,-23.2361450195312
19.1588592529297,-38.7056121826172
22.8743457794189,-43.6877098083496
20.7206707000732,-37.5911979675293
15.0853309631348,-20.5759925842285
10.5001068115234,1.18748593330383
11.2633714675903,16.9686489105225
17.565523147583,22.2117080688477
23.887716293335,18.0960083007812
25.8551692962646,11.7389507293701
23.3847885131836,8.0073881149292
16.935453414917,9.65500450134277
12.7719459533691,15.8387832641602
13.2001342773438,20.67160987854
15.6009941101074,19.7542724609375
20.8183746337891,12.5727796554565
23.733434677124,2.85973691940308
22.2031478881836,-4.74702119827271
17.4450626373291,-6.28628540039062
8.97608280181885,-1.92465424537659
-0.776208341121674,3.40024328231812
-8.69340801239014,3.49105858802795
-12.0665111541748,-3.94972705841064
-10.1848630905151,-17.1747055053711
-2.85973691940308,-29.9856910705566
6.07563591003418,-36.8959922790527
12.3199586868286,-36.8657188415527
12.5880193710327,-30.7345504760742
4.96121978759766,-23.4029521942139
-8.85269927978516,-17.4183406829834
-23.0806102752686,-15.2853326797485
-29.1848487854004,-16.5529861450195
-26.1228122711182,-18.1079082489014
-12.9145364761353,-16.5617542266846
6.75643634796143,-10.9811134338379
23.1925106048584,-4.8714485168457
30.8865356445312,0.1390410810709
28.5040473937988,2.97894477844238
18.2601013183594,5.79880619049072
3.52487921714783,11.8270511627197
-11.0710935592651,20.4221286773682
-22.976224899292,28.9209613800049
-31.2909240722656,32.7986640930176
-35.9767761230469,30.8155536651611
-35.3986892700195,22.9440746307373
-25.452241897583,11.929557800293
-5.38022184371948,2.44282245635986
18.2818145751953,0.474117547273636
35.077392578125,7.61677885055542
39.4978981018066,17.6603050231934
31.6126384735107,25.4035987854004
14.181981086731,26.1881580352783
-4.29837369918823,17.4653129577637
-12.9210081100464,4.54180002212524
-8.7038459777832,-6.01634502410889
2.74178147315979,-9.36585712432861
11.8911437988281,-6.2597713470459
8.09444522857666,-3.37602591514587
-9.94415092468262,-4.59503650665283
-32.8335266113281,-11.9980344772339
-45.7873115539551,-21.2891521453857
-45.884391784668,-29.2263927459717
-34.399097442627,-36.4193687438965
-12.6368713378906,-36.4133148193359
8.1771183013916,-28.5155296325684
19.1784839630127,-20.6853885650635
17.4761695861816,-16.9813842773438
6.48545217514038,-17.3673992156982
-3.95494627952576,-19.3143920898438
-8.00717926025391,-17.503101348877
-6.13889312744141,-11.7928133010864
-2.50628852844238,-5.42176723480225
-3.14992761611938,-3.31005454063416
-9.26710891723633,-9.91387939453125
-18.679313659668,-21.9998054504395
-24.6937789916992,-32.4804992675781
-24.1912689208984,-35.8700942993164
-19.14111328125,-27.7910976409912
-8.95541477203369,-7.7305588722229
3.30420899391174,15.1295900344849
13.8448171615601,28.5908966064453
22.7770576477051,26.6958866119385
30.1305770874023,11.1510524749756
33.8527450561523,-10.2508354187012
31.2911319732666,-26.5716686248779
21.9536685943604,-31.3001098632812
5.45329141616821,-23.6637058258057
-14.6101694107056,-7.86939096450806
-28.6359901428223,5.83868169784546
-31.2447853088379,9.54999256134033
-21.3749561309814,3.16600298881531
-2.06411290168762,-9.38986587524414
15.9540243148804,-18.8684597015381
25.015495300293,-18.9302558898926
23.5766487121582,-9.59195518493652
14.6533851623535,4.80944347381592
4.43553590774536,17.4490299224854
-1.26326966285706,21.414831161499
-1.2881133556366,16.152982711792
-1.70440149307251,3.47560954093933
-7.52533769607544,-13.1212186813354
-19.6931018829346,-24.8958683013916
-34.2821846008301,-27.8378620147705
-43.2119216918945,-21.9910373687744
-42.561393737793,-9.91137409210205
-28.5428791046143,6.35789346694946
-3.95097970962524,18.8611526489258
17.9221038818359,20.1308937072754
29.5401744842529,11.8007459640503
30.2900791168213,0.429440706968307
25.2219676971436,-3.62446284294128
19.7540626525879,4.06705617904663
13.5055656433105,19.7125186920166
3.72049713134766,32.5249671936035
-10.887375831604,34.0356292724609
-28.0011196136475,24.4735260009766
-38.1905746459961,9.63830280303955
-34.7020225524902,0.378291934728622
-17.141092300415,0.415244311094284
6.76332569122314,6.09400749206543
22.8069133758545,10.2957210540771
24.7367858886719,7.05351638793945
15.3291749954224,-4.51131916046143
2.24950098991394,-17.5694904327393
-4.87082195281982,-26.6107082366943
-2.45033812522888,-29.4514484405518
5.15391445159912,-25.2119483947754
11.8197441101074,-19.2365207672119
12.2418785095215,-13.0397987365723
6.28753805160522,-8.63432598114014
-1.34990930557251,-5.7441086769104
-4.33824872970581,-1.95075058937073
0.469315826892853,2.73405694961548
9.42431259155273,7.7933988571167
17.1884841918945,11.2535591125488
17.4795093536377,9.85792922973633
10.0305824279785,5.0929536819458
-2.32632851600647,-0.838839411735535
-13.0454349517822,-5.42531633377075
-15.4876317977905,-3.91653251647949
-9.81492233276367,2.53739523887634
1.47788560390472,11.6594085693359
14.6682071685791,19.3507194519043
24.6470146179199,21.6131629943848
30.1656513214111,17.5580081939697
31.903247833252,6.88942289352417
30.9550113677979,-7.64976453781128
26.9073715209961,-21.8609733581543
19.4219093322754,-33.2878112792969
9.6566743850708,-39.9636650085449
-2.76787781715393,-40.8701438903809
-14.1876182556152,-36.4675941467285
-20.8432178497314,-27.9979877471924
-20.3576183319092,-17.9617691040039
-12.1671380996704,-7.14704561233521
0.18538810312748,0.83633416891098
11.576735496521,4.34033632278442
18.2079105377197,3.9273886680603
20.6780815124512,0.291025936603546
19.0333881378174,-3.96413207054138
16.2197895050049,-6.88649988174438
13.7032709121704,-8.56459617614746
12.0875968933105,-8.79215621948242
10.3322553634644,-7.44830131530762
6.51781177520752,-5.48544216156006
1.90294206142426,-4.3346996307373
-2.33927226066589,-4.5712366104126
-5.47876119613647,-6.65831422805786
-4.67061138153076,-10.3345518112183
-0.384972602128983,-13.4324960708618
6.35225677490234,-12.4790410995483
11.8790349960327,-7.58525466918945
14.4116287231445,1.23550319671631
12.8326988220215,11.1366481781006
6.92094707489014,16.7087287902832
0.30668368935585,14.8836584091187
-4.97833871841431,3.60755228996277
-6.382737159729,-11.6251707077026
-4.19377946853638,-22.6384353637695
-1.43007719516754,-22.8094177246094
-1.37851083278656,-9.19236946105957
-5.38126564025879,14.9556846618652
-12.2477235794067,37.4342002868652
-16.625846862793,46.9902496337891
-17.1678161621094,45.4303169250488
-10.8420724868774,32.512020111084
4.53052616119385,11.1948947906494
20.9256820678711,-6.18878936767578
28.9316101074219,-12.3974123001099
24.7000427246094,-6.99610471725464
8.97399520874023,5.13888311386108
-10.3259925842285,15.3162307739258
-22.1486587524414,18.1914176940918
-21.7027263641357,13.6395959854126
-9.71930599212646,6.54390811920166
6.37104606628418,1.42673683166504
15.954442024231,1.24343645572662
13.8193473815918,4.49023342132568
2.85744023323059,6.54996204376221
-8.76230239868164,3.90296244621277
-10.5639905929565,-3.28479337692261
1.70690667629242,-10.9560613632202
21.825065612793,-13.5510768890381
38.1229362487793,-9.45876026153564
41.5674362182617,-1.80294108390808
30.6412296295166,6.0171799659729
9.84602928161621,8.29883193969727
-8.65666389465332,1.91275429725647
-13.5945014953613,-10.0251541137695
-4.17102384567261,-20.8716106414795
11.5930194854736,-24.2996215820312
23.3499240875244,-19.3701343536377
23.3232021331787,-8.52367782592773
10.6295442581177,1.21713137626648
-6.89297199249268,4.88606214523315
-19.7835006713867,1.67162454128265
-20.927978515625,-5.75016307830811
-9.15437316894531,-10.2848644256592
6.78608131408691,-9.29571056365967
19.6256694793701,-0.974748969078064
25.4159164428711,10.8009452819824
25.3221778869629,19.996862411499
25.1250991821289,22.213586807251
25.5332450866699,17.821683883667
25.3599662780762,10.6552228927612
20.3390369415283,5.06080293655396
8.53140163421631,5.47521209716797
-6.97460126876831,11.6280927658081
-19.1087532043457,17.8404731750488
-23.497106552124,18.9795246124268
-18.6304607391357,10.8326778411865
-8.23494815826416,-6.21906137466431
-0.950531601905823,-24.9599609375
-3.29001259803772,-37.0565338134766
-14.3400201797485,-38.2507019042969
-26.5737571716309,-28.828685760498
-29.8470668792725,-13.1191310882568
-16.5939064025879,0.669526636600494
10.5120067596436,4.67102861404419
36.7740707397461,-3.77999663352966
46.6455688476562,-18.6110458374023
40.3686790466309,-31.6138916015625
21.7567977905273,-38.6077003479004
-2.30816555023193,-32.0713081359863
-20.8505249023438,-13.7329158782959
-25.831995010376,4.60109043121338
-18.682861328125,14.4151782989502
-7.63870000839233,10.3445730209351
-0.271610289812088,-5.78523635864258
0.181421473622322,-23.7921009063721
-1.68665599822998,-33.4418869018555
-0.98748391866684,-30.7443618774414
5.20694208145142,-15.7337713241577
12.5838441848755,4.13908195495605
13.0191307067871,19.5530166625977
2.31881284713745,24.4676818847656
-19.0219058990479,20.2505187988281
-39.932975769043,13.2871913909912
-49.7790031433105,11.2500104904175
-49.2115669250488,15.778865814209
-40.5227508544922,23.9925193786621
-28.3821258544922,29.9671115875244
-21.1169166564941,28.170015335083
-21.8160877227783,17.2314910888672
-27.0340957641602,1.42965960502625
-28.5176181793213,-9.94415092468262
-19.447380065918,-11.7959442138672
-1.24531543254852,-3.0966911315918
18.0887012481689,10.8182725906372
26.8986034393311,20.7156600952148
18.9202346801758,20.7354927062988
-3.32278943061829,11.1967735290527
-30.1293258666992,-3.2751898765564
-45.1048431396484,-13.4859409332275
-45.7326164245605,-15.1976490020752
-33.0489807128906,-9.01637554168701
-8.18129444122314,4.02509307861328
17.0200061798096,16.527307510376
32.6562805175781,22.7826957702637
37.6701126098633,22.1816444396973
33.7711143493652,18.052375793457
23.6438732147217,12.8700685501099
9.75312614440918,8.90134334564209
-4.63866949081421,8.06166839599609
-16.2882652282715,8.21595001220703
-22.5791435241699,6.76666593551636
-22.0680732727051,1.97517669200897
-16.2617511749268,-6.73952579498291
-7.19527149200439,-17.5498657226562
0.0465557985007763,-28.5343189239502
0.369314819574356,-35.8989028930664
-5.30381155014038,-38.0692825317383
-13.1959590911865,-33.9677772521973
-18.2095794677734,-23.2401103973389
-16.1187438964844,-8.2535285949707
-6.9551854133606,7.43702745437622
1.82214796543121,17.2909908294678
4.11528205871582,19.2358951568604
-1.30940794944763,14.6690425872803
-11.0370645523071,7.39986658096313
-17.5884876251221,3.26203727722168
-15.785964012146,5.325523853302
-4.61006784439087,14.9598598480225
7.62053680419922,26.8192710876465
12.5974140167236,35.0469131469727
6.37856197357178,37.2575798034668
-11.0869607925415,31.0827789306641
-29.8193016052246,19.1367282867432
-39.2774353027344,8.2902717590332
-34.4391822814941,2.97539567947388
-15.7905569076538,3.77310729026794
7.67481708526611,7.45059776306152
23.1991920471191,8.51094245910645
24.5417938232422,4.6303186416626
14.3945093154907,-5.4361720085144
2.00544834136963,-17.579719543457
-5.31779956817627,-25.688570022583
-3.49439883232117,-28.9637603759766
4.50547361373901,-26.0104942321777
11.6276760101318,-19.4707622528076
12.3113985061646,-13.7577600479126
5.65099716186523,-9.16752529144287
-2.50273942947388,-6.17501068115234
-4.96268081665039,-2.34678792953491
1.52569401264191,2.84929823875427
12.049391746521,8.58150672912598
18.3058223724365,10.7884187698364
15.483455657959,8.48693370819092
4.99733686447144,3.24241304397583
-4.60088205337524,-2.00043797492981
-7.774817943573,-2.49188327789307
-5.61571455001831,0.591864049434662
-6.23722410202026,4.44868803024292
-16.8381671905518,4.69795989990234
-34.2066116333008,-0.310232788324356
-47.5892105102539,-5.87396383285522
-49.1030044555664,-9.70552635192871
-34.9262428283691,-10.2197284698486
-4.3987922668457,-4.38543081283569
27.8455867767334,5.34660959243774
43.132381439209,11.6665067672729
40.1279640197754,13.6281137466431
22.0816440582275,11.6055459976196
-1.70586287975311,4.74034070968628
-17.3907814025879,-1.13445830345154
-18.3930892944336,-3.12487530708313
-8.71971321105957,0.800008118152618
1.45283317565918,10.6040744781494
3.72467255592346,21.0918636322021
-4.06371545791626,28.7869319915771
-16.2427539825439,31.5692138671875
-24.1779079437256,28.9835929870605
-24.1783256530762,23.7912654876709
-17.0398387908936,18.2749252319336
-7.21802759170532,14.1266574859619
-3.50003552436829,13.415376663208
-7.2073802947998,15.8949422836304
-15.1634111404419,19.7077159881592
-21.2780876159668,23.8937721252441
-20.9724464416504,27.1132202148438
-12.516619682312,27.5806560516357
0.880175948143005,24.1591186523438
11.3990716934204,15.943377494812
14.4293746948242,4.35432386398315
10.0959272384644,-6.81593561172485
2.61067366600037,-13.0468969345093
-0.707314074039459,-11.67360496521
1.85930907726288,-1.63091433048248
7.90968370437622,13.0078563690186
14.3523378372192,25.2964992523193
17.0225105285645,30.0115795135498
16.5197925567627,25.2526569366455
14.2377233505249,12.1965751647949
12.7377080917358,-2.08436346054077
14.6686248779297,-8.59257221221924
17.2588386535645,-5.70485973358154
17.807487487793,4.37102556228638
13.0715312957764,14.937313079834
1.58602869510651,16.8824272155762
-13.0038900375366,6.92553997039795
-25.4612197875977,-10.9021987915039
-29.8641872406006,-27.9919338226318
-25.9864864349365,-36.2577781677246
-16.6450538635254,-32.2700576782227
-3.94617795944214,-14.6199817657471
7.39757013320923,9.99717903137207
13.2024307250977,29.4861030578613
13.771538734436,37.4458923339844
10.2274522781372,35.4201927185059
4.58689403533936,28.6007080078125
0.0816292241215706,23.1991920471191
-1.54156053066254,24.5528602600098
-0.836125433444977,29.6698207855225
0.497291058301926,33.4531593322754
0.744057655334473,30.2612686157227
-1.04760980606079,16.8233451843262
-5.12510442733765,-3.4503481388092
-8.82535076141357,-22.4332141876221
-8.76668643951416,-30.9316291809082
-4.44263410568237,-26.9716739654541
3.21402025222778,-13.9623546600342
9.74164390563965,0.762429475784302
12.496787071228,8.0988302230835
8.95875453948975,3.83177185058594
1.04239058494568,-8.4483118057251
-5.09316253662109,-22.7140102386475
-5.88648986816406,-31.3702564239502
1.13362324237823,-31.5554351806641
10.6556406021118,-25.6228084564209
17.2628059387207,-16.5724029541016
14.4548444747925,-10.0165948867798
0.602511346340179,-7.79903554916382
-17.2905731201172,-9.64268684387207
-31.0783958435059,-12.6556606292725
-33.3965835571289,-14.8162260055542
-23.6300945281982,-16.0834617614746
-8.96940231323242,-17.5586338043213
3.11840343475342,-21.0553283691406
5.83346223831177,-26.0081977844238
0.546352088451385,-29.0783748626709
-5.7255277633667,-27.6883811950684
-5.14869546890259,-19.4753551483154
7.20675373077393,-6.32323741912842
25.3315734863281,7.42345762252808
38.7640686035156,17.0306529998779
40.4914360046387,20.2874717712402
26.7305431365967,19.0661640167236
-1.14802837371826,12.713490486145
-29.1309852600098,4.45766544342041
-42.5467796325684,-2.12924909591675
-40.5636711120605,-5.95559310913086
-26.9447422027588,-10.5619029998779
-8.42242431640625,-15.9158191680908
3.46016049385071,-19.7298450469971
4.91466379165649,-21.8106594085693
-1.55471312999725,-20.5812110900879
-8.23578357696533,-16.921257019043
-8.58150672912598,-14.2533807754517
-1.15596163272858,-16.3970355987549
11.2391538619995,-24.2482624053955
21.0442638397217,-33.1297721862793
24.4607906341553,-38.4930839538574
23.1578559875488,-36.8738632202148
20.365550994873,-26.1762580871582
18.3398532867432,-7.47043085098267
20.2037544250488,10.4510459899902
25.9090309143066,18.3145904541016
32.2777824401855,11.5500135421753
37.3878555297852,-3.99001979827881
37.7602996826172,-21.0181674957275
35.1387710571289,-31.1303787231445
32.142707824707,-30.0184688568115
25.6200942993164,-20.4373683929443
14.1909589767456,-6.54349040985107
-0.763473331928253,3.93761825561523
-15.6391983032227,5.86143732070923
-26.462064743042,0.740926086902618
-31.566291809082,-4.78731393814087
-31.4859161376953,-5.04055213928223
-28.3833789825439,2.29856204986572
-24.5687255859375,14.9396095275879
-21.8100337982178,26.4015216827393
-20.5073070526123,30.8034439086914
-17.8446483612061,27.868968963623
-10.6092939376831,19.0753498077393
1.53675889968872,9.79550647735596
14.3659076690674,5.50256109237671
22.2234001159668,7.21886253356934
21.0904026031494,12.7773742675781
13.1329097747803,17.4736633300781
3.01026034355164,17.5788841247559
-3.96287965774536,12.2422952651978
-2.42758202552795,4.96810913085938
4.77687549591064,-0.463261485099792
12.1445913314819,-1.43988943099976
16.1749038696289,1.93738925457001
13.7844829559326,5.94139671325684
7.5435004234314,5.55162239074707
-0.0784976631402969,-0.952619314193726
-3.7445056438446,-12.1748628616333
-2.37204909324646,-22.9008598327637
-2.01421666145325,-28.3518543243408
-4.27519989013672,-23.9564018249512
-9.28109645843506,-9.0485258102417
-14.4249897003174,12.1736106872559
-14.2805213928223,32.0602416992188
-6.23805904388428,42.7325859069824
6.82094621658325,43.2716293334961
19.6452941894531,32.246883392334
25.5357494354248,12.4813375473022
20.3198299407959,-8.85750102996826
7.71865892410278,-25.3420104980469
-4.09795379638672,-30.9368495941162
-7.94538354873657,-27.4597778320312
-1.64782464504242,-16.1964073181152
11.7742328643799,-2.64971375465393
23.3087959289551,7.14391422271729
26.2480754852295,11.6489706039429
17.5646877288818,11.8656740188599
0.0148226972669363,10.8959350585938
-16.9688568115234,11.7629585266113
-26.6971397399902,15.2410736083984
-27.5025768280029,18.9074993133545
-20.868688583374,18.4459075927734
-11.4437494277954,10.4700441360474
-3.18270468711853,-5.83095693588257
2.2745532989502,-26.4052791595459
4.78459978103638,-41.0780792236328
5.80360794067383,-47.1687469482422
7.10424757003784,-44.3177795410156
7.4376540184021,-31.4710922241211
5.73116493225098,-11.052095413208
3.48667430877686,9.00364017486572
1.31233072280884,20.4436321258545
-0.531529426574707,22.0760078430176
-2.744704246521,14.4594373703003
-7.55623531341553,1.634880900383
-15.1849145889282,-11.6761102676392
-22.2336292266846,-21.6292381286621
-25.215913772583,-25.4676914215088
-22.2031478881836,-24.5048427581787
-10.6712989807129,-20.8419647216797
5.30130672454834,-13.5848979949951
16.1483898162842,-5.922607421875
13.284686088562,-1.62256348133087
-4.71800184249878,-0.425891607999802
-30.3852767944336,-2.85952806472778
-47.5875396728516,-5.51508760452271
-49.3848457336426,-8.06083393096924
-35.2464981079102,-8.47920894622803
-3.75911974906921,-3.71569538116455
28.2641696929932,3.51590204238892
42.8975143432617,9.74289703369141
40.2384033203125,12.2097272872925
23.1495056152344,11.0067920684814
-0.961596429347992,4.93491458892822
-17.2147884368896,-1.42339646816254
-18.6586456298828,-3.12487530708313
-9.70406532287598,1.27162039279938
1.36494076251984,10.39488697052
4.85370302200317,20.74196434021
-2.60107040405273,28.7595825195312
-14.9339723587036,31.6316375732422
-23.8781127929688,29.4890270233154
-24.3825035095215,24.6465969085693
-16.8166637420654,18.3978900909424
-6.45100498199463,13.5178823471069
-1.67579996585846,12.3738212585449
-6.01091718673706,15.3473377227783
-15.628342628479,20.8565788269043
-23.1044101715088,26.3255290985107
-21.0158710479736,28.1343154907227
-9.10405921936035,25.8597621917725
5.9188494682312,20.2148189544678
13.3926200866699,13.8043155670166
7.13159656524658,10.563572883606
-10.2433195114136,11.2456254959106
-27.4533061981201,11.8518953323364
-33.9527473449707,10.5485410690308
-27.0088348388672,4.87771129608154
-11.5953159332275,-6.64474391937256
3.88813972473145,-19.0674171447754
12.9036798477173,-26.1478652954102
15.2984857559204,-24.2484722137451
17.044849395752,-12.5512762069702
20.2027111053467,4.00860023498535
23.6703872680664,16.0189514160156
24.4718570709229,17.8707447052002
19.9457149505615,6.5489182472229
8.8787956237793,-12.1258020401001
-3.94012355804443,-26.3476581573486
-11.6247529983521,-28.9760780334473
-11.680703163147,-17.4262733459473
-4.47603702545166,4.53491020202637
5.07353782653809,24.6969108581543
9.67254066467285,32.9988746643066
6.15455102920532,25.7578811645508
-3.19209933280945,5.74139451980591
-13.1086931228638,-14.0448188781738
-18.1381797790527,-22.2574291229248
-14.7059955596924,-17.4310741424561
-5.69859647750854,-2.72340965270996
2.92570829391479,13.1086931228638
6.09066724777222,22.1887435913086
2.13801765441895,23.3058738708496
-5.97897529602051,20.4511470794678
-13.8247756958008,18.4772243499756
-16.9797134399414,18.9797344207764
-14.6393976211548,21.3261051177979
-9.76105976104736,21.4689025878906
-7.69945192337036,17.2792987823486
-10.8297548294067,11.0253734588623
-16.285551071167,5.48272800445557
-19.4555206298828,6.97564506530762
-16.8738670349121,14.5158052444458
-9.00071811676025,22.7922992706299
-0.589776337146759,24.7582893371582
2.73885869979858,15.8204116821289
-2.37434554100037,-1.52903437614441
-14.1264486312866,-18.0601005554199
-25.2676887512207,-23.5461692810059
-31.0823612213135,-15.9118528366089
-29.0437183380127,0.176202207803726
-19.5381946563721,14.7001495361328
-7.55665302276611,18.8104209899902
1.59187424182892,10.874849319458
3.88980984687805,-2.70942211151123
1.80732524394989,-12.2220449447632
-0.329439669847488,-10.0717096328735
-1.16452121734619,2.18728733062744
-1.47558915615082,15.3769826889038
-3.05848622322083,18.0732536315918
-8.32576274871826,4.77478742599487
-16.2698936462402,-19.3102169036865
-21.0968742370605,-39.1047821044922
-18.3377647399902,-43.8722610473633
-6.40298795700073,-32.5802879333496
14.5611085891724,-3.21464657783508
32.9817543029785,25.8138332366943
38.9711685180664,38.2373390197754
34.1560897827148,39.9720153808594
18.2755508422852,30.8704605102539
-7.05101108551025,12.8857259750366
-26.859354019165,-0.759506702423096
-32.9295616149902,-3.16454148292542
-26.957893371582,2.63217711448669
-13.1800918579102,9.72055816650391
-1.72381711006165,11.6180725097656
0.362007856369019,6.23284006118774
-8.76689529418945,-2.34302997589111
-23.7100524902344,-8.9061450958252
-35.5153923034668,-9.10259819030762
-38.1143760681152,-5.24535608291626
-29.2994632720947,-0.0870572552084923
-8.43557643890381,4.59649753570557
17.3049774169922,5.52406454086304
36.5909767150879,3.41089057922363
43.766414642334,-1.33466911315918
40.0695114135742,-8.08087539672852
26.2213516235352,-16.541296005249
6.39108800888062,-26.8512134552002
-11.0429096221924,-33.5951232910156
-21.3651447296143,-35.8771934509277
-23.7006587982178,-34.4187202453613
-20.9050140380859,-27.9290943145752
-16.6692714691162,-20.1964473724365
-12.6969976425171,-15.0076684951782
-8.95625019073486,-15.3289661407471
-3.8060929775238,-19.9724369049072
6.18315267562866,-23.8265476226807
20.5342388153076,-21.203556060791
35.4068336486816,-10.1341323852539
44.4311408996582,5.65705108642578
43.5449104309082,19.2432022094727
31.7888412475586,25.6257305145264
10.5067873001099,20.4035472869873
-12.8754959106445,4.9194655418396
-25.9887828826904,-10.1533393859863
-23.6215343475342,-17.5882797241211
-8.5808801651001,-13.4329128265381
11.9942760467529,-0.0778713524341583
27.4503841400146,16.085132598877
30.8449897766113,27.8132266998291
23.8528518676758,31.9393653869629
11.696361541748,28.8662643432617
1.93801558017731,20.9793357849121
-0.309815257787704,12.8502349853516
5.0401349067688,6.92032098770142
12.9076471328735,3.55473351478577
14.8707151412964,2.32131791114807
9.45124435424805,0.802722156047821
-1.65805447101593,-0.31065034866333
-12.0291414260864,-1.94741022586823
-14.1897058486938,-3.84408926963806
-5.54201889038086,-7.21218204498291
11.6203689575195,-12.5719442367554
29.1430931091309,-17.1699028015137
39.2542610168457,-19.9014549255371
39.3012351989746,-19.765962600708
30.4623146057129,-14.9454545974731
14.2675771713257,-4.45996189117432
-1.68373322486877,8.04601097106934
-9.63454437255859,19.4129314422607
-8.07022857666016,25.2885665893555
1.14677572250366,24.8530712127686
13.2345809936523,20.3121070861816
21.4127445220947,10.6712989807129
23.0985641479492,-1.12756884098053
19.9617900848389,-13.7009744644165
12.5230922698975,-25.2278137207031
6.78670787811279,-33.3878135681152
4.68021440505981,-37.3901519775391
6.8000693321228,-35.5074577331543
11.3784036636353,-29.3552055358887
14.4709196090698,-21.9219341278076
13.5005550384521,-16.7331562042236
6.29964637756348,-19.5346450805664
-3.73803377151489,-27.2267913818359
-13.8423118591309,-34.0005531311035
-19.2392349243164,-36.6262588500977
-20.8160781860352,-32.5226707458496
-18.5638637542725,-22.4816474914551
-13.5093231201172,-9.56836414337158
-9.88444328308105,0.547187209129333
-6.88858795166016,5.47876119613647
-3.70463061332703,7.50633955001831
0.404179483652115,9.55395984649658
6.01738882064819,16.3726081848145
10.4458265304565,26.3165512084961
10.4251585006714,35.4137229919434
3.31235098838806,39.2822380065918
-9.2606372833252,33.8610954284668
-22.5718364715576,21.3797588348389
-29.7130374908447,8.43536758422852
-26.1783447265625,1.95200312137604
-12.8644313812256,4.88000774383545
5.03971719741821,14.6049499511719
17.1803417205811,23.5933513641357
19.2457065582275,26.777099609375
11.4877996444702,21.346981048584
-1.70189619064331,7.59130907058716
-12.6210050582886,-7.35644245147705
-12.9677724838257,-18.9511318206787
-3.32299828529358,-24.6837577819824
10.5034475326538,-24.7866821289062
21.2421779632568,-22.8021106719971
22.5818576812744,-21.2858123779297
13.3485698699951,-19.329216003418
-2.7440779209137,-15.3807411193848
-17.6701164245605,-7.38880157470703
-25.3443069458008,3.979163646698
-23.9190330505371,13.9276990890503
-16.0058002471924,17.8548793792725
-5.38502359390259,14.543571472168
3.11610674858093,4.65912866592407
5.66540193557739,-7.77126884460449
3.28270554542542,-17.7603054046631
-2.02903938293457,-22.3294544219971
-6.93389081954956,-21.5014705657959
-8.97441291809082,-15.9870100021362
-5.65559005737305,-9.19320392608643
1.9332138299942,-1.989373087883
10.8616971969604,4.55035924911499
19.5617847442627,9.74414920806885
21.3158740997314,13.7744617462158
15.8561115264893,16.2636318206787
4.44033765792847,17.8394298553467
-12.0573253631592,17.3189659118652
-25.4848098754883,16.1344013214111
-31.8610763549805,14.3640289306641
-30.1026020050049,10.5105457305908
-21.3764171600342,3.58082962036133
-9.01220035552979,-7.34475088119507
1.77663600444794,-19.4123058319092
8.70363712310791,-26.3334617614746
13.1715326309204,-24.3092250823975
17.5273189544678,-13.406608581543
21.7240200042725,2.89439272880554
24.8900241851807,15.4341859817505
25.2081890106201,16.5824241638184
19.4196128845215,5.66456699371338
7.74809551239014,-11.9481382369995
-4.68605995178223,-26.3253192901611
-12.1974096298218,-28.4278469085693
-12.0358219146729,-16.8091487884521
-3.41151690483093,3.89586424827576
6.33764266967773,23.5280055999756
10.4345531463623,32.0498046875
6.69213485717773,26.0188446044922
-4.0505633354187,7.81511068344116
-14.2195596694946,-12.5456390380859
-17.5058155059814,-23.6399059295654
-12.8704862594604,-20.6588745117188
-4.50777006149292,-4.23177576065063
1.25721526145935,16.5732383728027
3.10065793991089,28.5288906097412
1.6384299993515,25.4424304962158
-0.0586644783616066,7.64872074127197
2.09876871109009,-16.1247978210449
5.18648290634155,-30.685697555542
6.40945959091187,-29.4606342315674
4.88105154037476,-13.1621379852295
-0.309397727251053,11.1942682266235
-7.03931999206543,28.4679298400879
-10.321816444397,30.6635684967041
-10.1074094772339,19.6960258483887
-8.34309101104736,-0.242382422089577
-7.10153341293335,-19.9091796875
-10.2604379653931,-31.607837677002
-17.2162494659424,-34.1577568054199
-26.8006896972656,-29.2207565307617
-32.5896835327148,-21.2409267425537
-31.6059589385986,-12.8731994628906
-24.242000579834,-5.26811218261719
-11.3543949127197,-1.52590274810791
1.15992832183838,-1.10126376152039
9.07775402069092,-2.39438772201538
9.59654808044434,-4.93178272247314
5.5127911567688,-6.69255256652832
-0.338416814804077,-5.37145328521729
-5.15474987030029,0.286641746759415
-4.90526914596558,6.6683349609375
0.762847006320953,11.9702682495117
11.2900943756104,12.3445930480957
23.4307193756104,7.02721118927002
32.3905181884766,-0.736541926860809
34.2139167785645,-7.78671789169312
28.597993850708,-8.51720523834229
16.8525714874268,-1.4670295715332
3.39836430549622,10.8153505325317
-5.0843939781189,20.9693164825439
-6.21384191513062,22.7378101348877
-0.462843954563141,12.8024263381958
6.13075113296509,-8.28964614868164
7.71406602859497,-30.6443614959717
0.937796592712402,-44.3630828857422
-10.301983833313,-46.138256072998
-22.1960506439209,-38.2408905029297
-29.4040565490723,-23.8367767333984
-26.3551750183105,-9.72201919555664
-14.5596466064453,-1.80356740951538
0.826521992683411,-0.453240513801575
11.8149423599243,-3.26099348068237
15.9623756408691,-4.22321605682373
15.5657119750977,-2.40211200714111
13.7180938720703,1.37663197517395
14.2022323608398,1.07955169677734
17.4711589813232,-7.55560922622681
19.8574047088623,-21.4810123443604
17.064474105835,-34.3807258605957
9.34957313537598,-38.1709518432617
-2.28165149688721,-28.3689727783203
-14.6834478378296,-4.38751840591431
-20.7039680480957,22.6918792724609
-17.5122871398926,39.5596923828125
-8.66647624969482,41.763053894043
3.27226710319519,29.0714855194092
15.902458190918,6.12741088867188
24.0311412811279,-14.0748825073242
27.2059135437012,-21.8774662017822
26.0643577575684,-16.1730251312256
20.5240077972412,-3.58396124839783
10.6610689163208,5.46331214904785
-2.57622671127319,4.74785614013672
-14.6191463470459,-7.24600267410278
-21.2762088775635,-23.2451210021973
-19.6066703796387,-33.0581665039062
-11.0111770629883,-32.586971282959
1.7568027973175,-21.5451049804688
13.5126638412476,-4.68104982376099
18.4532146453857,9.81826305389404
15.7425403594971,17.0694847106934
8.5316104888916,17.83567237854
0.544890701770782,16.0559043884277
-5.27688026428223,15.7412872314453
-8.25874805450439,20.1361122131348
-11.4637908935547,25.2672710418701
-17.6920375823975,25.9914970397949
-26.2969264984131,19.687047958374
-32.5752792358398,5.87312841415405
-30.9708786010742,-10.4756803512573
-19.3029098510742,-20.7826747894287
-1.17621243000031,-21.3995914459229
14.6107959747314,-12.4230909347534
18.5066604614258,2.68645739555359
7.6013298034668,16.1164474487305
-12.9162063598633,23.1127605438232
-30.9115886688232,21.76389503479
-37.823558807373,16.5874347686768
-31.4420738220215,12.4278926849365
-15.4761486053467,10.7272491455078
1.89208602905273,13.2694463729858
11.9986610412598,16.4642601013184
11.2153539657593,18.0125007629395
5.15349721908569,16.7903594970703
0.877670705318451,11.2001142501831
4.66560077667236,2.72278332710266
14.1024398803711,-5.75078916549683
21.5912418365479,-12.5036764144897
19.318567276001,-15.6348142623901
5.66665458679199,-14.3542165756226
-12.3884353637695,-9.48965835571289
-23.7094268798828,-0.800843238830566
-21.3791313171387,7.78859710693359
-5.4338755607605,14.6926336288452
16.3675994873047,17.2874412536621
29.9836044311523,13.7709121704102
30.2706623077393,7.67899227142334
17.8241901397705,0.759297907352448
-1.23404181003571,-4.53198766708374
-14.3602714538574,-6.11091804504395
-13.3368787765503,-4.61674833297729
0.663472294807434,-2.521320104599
17.9185543060303,-0.978506803512573
28.2474689483643,-0.824016749858856
28.3261756896973,-1.42089128494263
19.5146026611328,-0.583930790424347
7.62241554260254,1.67266833782196
-0.920051097869873,5.48189306259155
-4.67144632339478,8.1330680847168
-4.93595838546753,6.29254817962646
-6.31154632568359,2.05388307571411
-8.60906505584717,-3.94450783729553
-11.3057518005371,-8.76752090454102
-9.94665622711182,-9.66272830963135
-3.66454672813416,-7.65874195098877
4.29023170471191,-5.93137550354004
10.1015644073486,-6.83221960067749
8.1554069519043,-12.4521102905273
-1.37016010284424,-21.6407203674316
-14.2519197463989,-28.5201225280762
-21.6442699432373,-29.888822555542
