I,Q
7.959337e-05,-1.4323577e-05
3.925724e-05,0.0001436816
-3.7945665e-05,0.00019990648
-0.00015549645,0.00023767806
-0.0002640026,0.00018042789
-0.00033288109,7.239636e-05
-0.0003150117,-5.805941e-05
-0.00019707711,-0.00014689004
1.1824332e-05,-0.0001501512
0.00026432343,-5.1937965e-05
0.0004950657,0.00011312578
0.0006352502,0.00027089208
0.0006398567,0.00032689044
0.0005068929,0.00020920813
0.00028473532,-9.944048e-05
5.948912e-05,-0.0005427145
-7.2084e-05,-0.0010015197
-3.3484022e-05,-0.0013296305
0.00020053779,-0.0014066872
0.00058131287,-0.0012058784
0.0010074605,-0.0007895754
0.0013395973,-0.00032986
0.0014535085,-2.2910375e-05
0.0012769492,-3.801918e-05
0.0008227598,-0.00042834773
0.0001916725,-0.0011041914
-0.00045997652,-0.0018425307
-0.0009552289,-0.0023548782
-0.0011484263,-0.0023882915
-0.0009758919,-0.0018315256
-0.00048001614,-0.00077548367
0.00020684669,0.0004978031
0.0009143725,0.0016049838
0.0014624419,0.002164997
0.0017109053,0.0019366939
0.0016112945,0.00092432206
0.001216619,-0.0006154062
0.0006441917,-0.0022614459
3.8228227e-05,-0.0035487441
-0.00044646964,-0.00411042
-0.0006978421,-0.0038216715
-0.00068038935,-0.0028480496
-0.00043433113,-0.0015808052
-5.4703516e-05,-0.00049239956
0.00033544435,2.7631844e-05
0.0006027373,-0.00019363014
0.0006269487,-0.0010526702
0.0003257946,-0.002198447
-0.00032291785,-0.0031550282
-0.001263379,-0.0034913418
-0.0023610475,-0.0029836376
-0.0034229592,-0.0017042254
-0.0042230585,4.8757474e-06
-0.0045410753,0.0016438543
-0.004220513,0.0027090923
-0.0032324607,0.0028670847
-0.0017057308,0.0020813071
8.589792e-05,0.00061969005
0.0017866585,-0.0010693495
0.003032622,-0.0025039422
0.0035241041,-0.0032606537
0.003148464,-0.0031444037
0.002006083,-0.0022646715
0.0003828423,-0.00096297177
-0.0013476305,0.00032721632
-0.0028498976,0.0012360917
-0.0039030067,0.001509547
-0.004486153,0.0011097346
-0.0047700573,0.00022505414
-0.005022041,-0.0008084731
-0.005466491,-0.0016111701
-0.006151377,-0.0018538369
-0.006875996,-0.0013334223
-0.007223143,-1.937353e-05
-0.0067019435,0.0019506493
-0.0049488842,0.0043022754
-0.0019127553,0.0066834604
0.0020701017,0.008711494
0.006268743,0.009985169
0.009642248,0.010171114
0.011138575,0.009119034
0.01012013,0.0069269254
0.006672315,0.0039339713
0.0015837126,0.0006628898
-0.004046942,-0.0022494101
-0.009167826,-0.004220606
-0.012553802,-0.004758829
-0.013464406,-0.0038127638
-0.0120728705,-0.0017126049
-0.009299917,0.00087366806
-0.0063676173,0.003125007
-0.0043380274,0.0042766593
-0.0038335922,0.0038553933
-0.0048269886,0.0018787493
-0.00667289,-0.0010875055
-0.008341809,-0.0041169105
-0.008772428,-0.0061470154
-0.0073355804,-0.006318847
-0.004265439,-0.0043238807
-0.00062200637,-0.0005778127
0.0022348303,0.0039125225
0.0031310436,0.007971222
0.0011263606,0.010298593
-0.0036955415,0.010088729
-0.010175118,0.0073605934
-0.016614873,0.0029189705
-0.021051088,-0.001959408
-0.021672172,-0.0057446
-0.017753396,-0.00704764
-0.010372773,-0.005175251
-0.0018605608,-0.00050586514
0.005575059,0.0056125475
0.010509558,0.011699262
0.011221867,0.015869252
0.0073418817,0.016652372
0.000341827,0.01355238
-0.0074496865,0.0073896754
-0.014112286,-0.00029386266
-0.018167276,-0.007782732
-0.018505143,-0.013161641
-0.015135517,-0.014826971
-0.009450334,-0.012201062
-0.003384573,-0.006006774
0.0016310912,0.002059052
0.0054785986,0.010256898
0.00838134,0.01674292
0.010651873,0.019525748
0.012823537,0.01751839
0.015390062,0.010959664
0.018421063,0.0010614903
0.021215668,-0.010791672
0.02240298,-0.023011582
0.020702858,-0.033289704
0.015872942,-0.039189037
0.008993323,-0.03942994
0.0019053444,-0.034533165
-0.0035169793,-0.026191447
-0.005886009,-0.016314251
-0.0046211197,-0.006670312
-0.0001775373,0.0012204471
0.0063449503,0.006362501
0.012906456,0.007944365
0.017072134,0.005830059
0.017100804,0.0009850165
0.013018943,-0.0052360967
0.0060693687,-0.011494422
-0.0020442235,-0.016678477
-0.009498396,-0.01988275
-0.014405805,-0.020693712
-0.015852012,-0.019375473
-0.0143123735,-0.01676551
-0.011211062,-0.013736729
-0.007991818,-0.011022355
-0.0054730433,-0.008964273
-0.0035546476,-0.007523317
-0.0013480323,-0.006385604
0.0023603262,-0.005180537
0.008523908,-0.0037199706
0.017291065,-0.002103218
0.027536238,-0.00076446537
0.036615573,-0.00021933821
0.040683173,-0.0006669448
0.03649221,-0.0018840714
0.024035878,-0.0037883536
0.006570679,-0.006417138
-0.01252539,-0.009073084
-0.03150539,-0.009910332
-0.045032658,-0.007673745
-0.046829905,-0.0032733453
-0.035905447,0.0018964048
-0.01785856,0.007607291
0.0017171511,0.013415303
0.02045985,0.017692171
0.034582756,0.01853443
0.03868767,0.015753537
0.03200689,0.010565437
0.019499427,0.004068042
0.0065206764,-0.002473487
-0.0035385215,-0.0076740207
-0.00856673,-0.010550735
-0.0069927,-0.010777655
-0.00021526459,-0.009044475
0.008587177,-0.0066988664
0.016425068,-0.0051583853
0.020495532,-0.0055303304
0.019188352,-0.008169125
0.013327403,-0.012710156
0.0053470074,-0.018269587
-0.0023887681,-0.023382494
-0.0076189516,-0.026330214
-0.008887911,-0.025728146
-0.0065194005,-0.02126373
-0.002386736,-0.013953095
0.0014567622,-0.0056279916
0.0038378108,0.0018096316
0.004629244,0.0069363043
0.004426404,0.008632267
0.004682782,0.0066865226
0.006889447,0.0021627543
0.011773819,-0.0032865873
0.018864434,-0.008008021
0.026462458,-0.010376124
0.031890437,-0.009200457
0.032445814,-0.004438075
0.026884632,0.0022718133
0.016247489,0.008289332
0.0033096427,0.011552639
-0.008973358,0.01141757
-0.01805067,0.007866959
-0.021545222,0.0017306381
-0.018678013,-0.0047674733
-0.011051353,-0.008741125
-0.0017759892,-0.008127764
0.005982329,-0.0023902368
0.010216923,0.007730309
0.01018724,0.020687744
0.0064264475,0.0339058
0.00053564186,0.04400296
-0.0053191925,0.04734881
-0.008822563,0.041894007
-0.008233559,0.029474743
-0.0036507559,0.014511498
0.0030111792,0.0007923083
0.009401227,-0.010173215
0.013950814,-0.017178047
0.015373401,-0.0184583
0.013886571,-0.014878238
0.010655068,-0.00894551
0.0072228485,-0.003108616
0.004711166,0.00094605284
0.003489957,0.0026380352
0.0029514683,0.002396274
0.001937062,0.0015673711
-0.0006458892,0.0017468476
-0.005283684,0.004211551
-0.011557021,0.009562592
-0.017946104,0.017460858
-0.022219215,0.026408413
-0.022318447,0.03395267
-0.017507352,0.03765828
-0.008946839,0.036712635
0.0009539682,0.03233446
0.0095249945,0.026415648
0.014454962,0.020545319
0.014443184,0.016017823
0.010003018,0.013516321
0.003456315,0.012756237
-0.0020630043,0.0127531355
-0.0035333736,0.012111949
0.0010201496,0.009603536
0.011620491,0.0050428584
0.026996102,-0.0015539937
0.044478875,-0.010076859
0.05974167,-0.018999776
0.0670087,-0.02448121
0.06197918,-0.022388024
0.047060113,-0.015110692
0.028220702,-0.008391868
0.010017174,-0.0047265557
-0.0049407766,-0.00442352
-0.016086468,-0.007367312
-0.022620661,-0.013555385
-0.024901722,-0.021370754
-0.024723941,-0.028128782
-0.023871047,-0.031256527
-0.023538431,-0.029008469
-0.024144148,-0.021619434
-0.025132038,-0.011320294
-0.025131788,-0.0011079832
-0.022679968,0.006101758
-0.017084671,0.007855046
-0.009231609,0.0034450723
-0.0010108609,-0.005758579
0.0055980287,-0.018408831
0.00858146,-0.03214491
0.0067397007,-0.04300853
0.0011540233,-0.047247835
-0.0055458345,-0.044228423
-0.010761453,-0.036303166
-0.012854709,-0.026760994
-0.011255693,-0.01838233
-0.0066962754,-0.013077892
-0.001071186,-0.011615435
0.0030765214,-0.013690206
0.0033532984,-0.017900076
-0.0015781454,-0.022161074
-0.011210287,-0.024608923
-0.023431158,-0.024247402
-0.034874495,-0.020944547
-0.041450027,-0.015775919
-0.04007363,-0.010880523
-0.030881492,-0.007920995
-0.017070433,-0.0070161964
-0.0025424678,-0.007560693
0.009722083,-0.009257267
0.0171229,-0.010820532
0.017262945,-0.0104181925
0.010550093,-0.0072521796
-0.00021361606,-0.0023930592
-0.012024494,0.0032395867
-0.022279743,0.009445931
-0.02800613,0.014584072
-0.02776479,0.017119255
-0.022412796,0.017208109
-0.014364956,0.016249906
-0.0061490256,0.015734222
0.0005111895,0.016505629
0.0047417968,0.018725496
0.006652908,0.021831615
0.006950128,0.024738172
0.0068178438,0.026016613
0.0071242168,0.024593523
0.008175235,0.020420728
0.009529334,0.014596
0.010251548,0.0087995045
0.009257072,0.0047484282
0.005879533,0.0037268666
0.00026325657,0.006051543
-0.0067048105,0.010976664
-0.01361216,0.01684277
-0.018705394,0.021097802
-0.02055195,0.02104713
-0.018609336,0.015652278
-0.013422138,0.0063867196
-0.006371499,-0.0038306687
0.0009821887,-0.012492549
0.0077066785,-0.01703444
0.012997952,-0.014919076
0.016559843,-0.0060741487
0.018798623,0.0069422293
0.02073455,0.021022383
0.022743069,0.03230094
0.023849474,0.036214694
0.022774344,0.030120594
0.020033054,0.015951473
0.016877916,-0.001920039
0.013057365,-0.020143837
0.0075346725,-0.035390962
0.0013128805,-0.042587873
-0.003261861,-0.038783077
-0.0054116263,-0.02629368
-0.0060702185,-0.010226632
-0.00599909,0.00521316
-0.005354654,0.017733825
-0.005092532,0.0245146
-0.0066904374,0.02418406
-0.0104544535,0.018580537
-0.0156238945,0.011117442
-0.02129877,0.004873829
-0.026015015,0.0019561187
-0.027852159,0.002968002
-0.0256853,0.00663968
-0.02001493,0.010535332
-0.012378594,0.012160523
-0.0047900146,0.0099063665
0.0008494203,0.003704068
0.0031197323,-0.005032635
0.0012257464,-0.01400624
-0.0046965485,-0.019784302
-0.012765374,-0.01935842
-0.02049823,-0.011958202
-0.026067017,0.00092206826
-0.02822783,0.016670631
-0.026211504,0.031586353
-0.020591522,0.040907647
-0.013704543,0.040852595
-0.008020652,0.03167254
-0.0045268526,0.01704788
-0.0031910317,0.0011160034
-0.004139354,-0.013519795
-0.006291311,-0.024533246
-0.0074013164,-0.028949035
-0.0051149675,-0.026383637
0.00061059423,-0.019054823
0.008880621,-0.010021924
0.019002793,-0.0018658473
0.030010927,0.003938145
0.039569646,0.0067085694
0.045389265,0.007248899
0.046487913,0.0071141357
0.043744307,0.007818069
0.038998418,0.010054976
0.03406515,0.013764225
0.030020367,0.018275239
0.02695108,0.02251851
0.02402262,0.025441986
0.019819316,0.026425015
0.013244576,0.025712572
0.004149442,0.02416796
-0.006815701,0.022873668
-0.018383183,0.022604352
-0.028315026,0.023163198
-0.033439904,0.023110867
-0.031157486,0.020459928
-0.021441594,0.014604622
-0.0068228887,0.0067174355
0.009305862,-0.0019996495
0.024941577,-0.012119536
0.03615763,-0.021957621
0.0386849,-0.027087422
0.03131019,-0.024686452
0.017010901,-0.01720128
0.00017516197,-0.008688322
-0.01584647,-0.0012212471
-0.028394757,0.0041581374
-0.033565648,0.0042366525
-0.029812144,-0.0025783433
-0.019237375,-0.013852565
-0.0056488616,-0.026862754
0.007906897,-0.039889727
0.018641954,-0.049597345
0.02412869,-0.05077669
0.023382913,-0.0418022
0.017513981,-0.02752888
0.00924701,-0.01347325
0.001492512,-0.0022726837
-0.0034274315,0.005127754
-0.0046148384,0.008179563
-0.0018445671,0.006718675
0.0037147433,0.0026944617
0.010664117,-0.0018071954
0.017316725,-0.0053100702
0.022051888,-0.006736711
0.023695268,-0.005923325
0.02187271,-0.0038090653
0.016931696,-0.0019542433
0.009717639,-0.00161072
0.0013317746,-0.0032021254
-0.007360417,-0.006234115
-0.01572627,-0.009782554
-0.02238137,-0.0128323855
-0.025640137,-0.014617091
-0.024234125,-0.015029537
-0.018098261,-0.014585779
-0.008498628,-0.014069904
0.0026427663,-0.014338443
0.0133414315,-0.015774082
0.021023257,-0.017686017
0.022804357,-0.01818373
0.017187374,-0.015434118
0.0051805438,-0.0093220845
-0.010675605,-0.0009911291
-0.028668363,0.010037665
-0.045565046,0.023415381
-0.056548264,0.035328876
-0.05700744,0.038858023
-0.046881624,0.031470045
-0.030891424,0.019357193
-0.01375424,0.0079576615
0.0010939226,-0.00063756685
0.011871867,-0.0060313903
0.017592408,-0.0060429047
0.017718345,-3.2358992e-05
0.014483124,0.009627871
0.010465035,0.020043027
0.007929718,0.028495008
0.008015729,0.03175925
0.0104701165,0.02843263
0.014098414,0.019962842
0.017505711,0.0096609285
0.019179251,0.00030001623
0.018083954,-0.0057591447
0.014400219,-0.0069596004
0.009559385,-0.0034307747
0.005421436,0.0031877581
0.0034079335,0.010886698
0.0040221564,0.01761914
0.0064904685,0.021582702
0.008788224,0.02226415
0.008678132,0.020418366
0.0047308197,0.017346138
-0.00305805,0.014281502
-0.013456229,0.0118061835
-0.024303833,0.009589394
-0.03226306,0.0063993386
-0.03387196,0.00069157727
-0.02779542,-0.007839844
-0.015982002,-0.017773652
-0.001953379,-0.027680552
0.010903259,-0.036009975
0.018743679,-0.03924016
0.018275298,-0.033731923
0.009164417,-0.020942353
-0.0056630387,-0.006067899
-0.022993784,0.008807798
-0.039654035,0.023981223
-0.050386336,0.03492473
-0.050573338,0.03494798
-0.040365703,0.024299344
-0.024574015,0.010870544
-0.00806811,-0.00047419782
0.0055201594,-0.008940556
0.0145751545,-0.014080845
0.01706362,-0.014416579
0.013171473,-0.010846809
0.005047773,-0.006467728
-0.0047541833,-0.0036231861
-0.014576111,-0.0031333528
-0.023238532,-0.0048688333
-0.030196557,-0.0077619585
-0.03543572,-0.009746732
-0.039233375,-0.008980199
-0.04169071,-0.004427312
-0.042559944,0.0031923433
-0.04108223,0.011924813
-0.03621952,0.019030172
-0.027575606,0.02207929
-0.015964713,0.020209122
-0.0031308804,0.014602697
0.009033607,0.007422039
0.018791975,0.00047869084
0.023997106,-0.004168727
0.023288988,-0.00460668
0.017471885,-0.0011698112
0.008914485,0.0037552784
0.0003652308,0.0077187074
-0.0059982026,0.008948119
-0.008591157,0.006241832
-0.0070230276,0.00029011403
-0.002382054,-0.0063409116
0.003480121,-0.0108787585
0.008706924,-0.010639673
0.011743806,-0.004152915
0.012093594,0.0074602393
0.0105010625,0.021595335
0.008026966,0.03477072
0.0052850135,0.042115696
0.002320371,0.039336056
-0.0003155711,0.026883781
-0.001975057,0.009628798
-0.003569249,-0.007388487
-0.0069402237,-0.021505922
-0.011902965,-0.02823535
-0.016394056,-0.024492016
-0.018854609,-0.012352121
-0.018722212,0.0036281066
-0.014846702,0.019632565
-0.0060913973,0.03159245
0.0065869554,0.035730965
0.020323023,0.03156157
0.032392826,0.022066845
0.040698778,0.01116837
0.04338015,0.0028755502
0.039873164,0.00031201652
0.031685974,0.0036753204
0.021545362,0.010276003
0.011910494,0.016832413
0.0042000636,0.02026789
-0.0010517794,0.017966872
-0.0039006413,0.009753682
-0.0051604207,-0.0017352612
-0.006492861,-0.013448106
-0.00900182,-0.022242367
-0.01235654,-0.024437811
-0.015458947,-0.018996313
-0.01764341,-0.008242108
-0.01839628,0.0042702537
-0.01692239,0.015110672
-0.012973418,0.020787586
-0.0075549604,0.01930001
-0.0021246427,0.011955445
0.002370945,0.0021082764
0.0053263763,-0.0070717502
0.006603268,-0.012845397
0.006822811,-0.013007787
0.007088394,-0.008076152
0.008144891,-0.00090672716
0.010445995,0.0052407286
0.013559464,0.0072852443
0.016144298,0.0033014517
0.016790597,-0.006233286
0.014537549,-0.018915424
0.008555339,-0.031251445
-0.0007635422,-0.03872623
-0.011238297,-0.037728947
-0.020244166,-0.028154021
-0.026524443,-0.013226276
-0.029750999,0.0032800585
-0.029538156,0.017720848
-0.026115468,0.025993956
-0.020917227,0.025404803
-0.015525416,0.017127693
-0.010743095,0.005105757
-0.006923077,-0.006739071
-0.0038483816,-0.015454483
-0.0005864923,-0.018033098
0.0035400416,-0.013371426
0.008221559,-0.0033803484
0.0131190205,0.00884896
0.017839335,0.020530773
0.020783665,0.028287634
0.020027965,0.0295058
0.015518825,0.023922421
0.009299694,0.013660524
0.0035857426,0.0017204224
-0.00047304074,-0.009476609
-0.0024775264,-0.01858298
-0.0017913895,-0.023976238
0.0009740619,-0.025207981
0.003941166,-0.022990245
0.004998704,-0.01871169
0.00263633,-0.013805674
-0.003386515,-0.009319553
-0.012179888,-0.0056312094
-0.021978341,-0.0023177362
-0.030087125,0.0009992444
-0.03344073,0.004296673
-0.030288769,0.0072594844
-0.021289676,0.009885957
-0.008919163,0.012385858
0.0042211064,0.0146971205
0.01614318,0.016193755
0.02438349,0.01623177
0.026979405,0.014693798
0.024030888,0.011750662
0.017538002,0.0076599256
0.010034346,0.0028831596
0.0034792644,-0.0018582566
-0.0011798257,-0.00571941
-0.003728614,-0.0078682145
-0.004462238,-0.007523555
-0.004244855,-0.0044253515
-0.0039490364,0.0010027143
-0.003936274,0.007850757
-0.0039077112,0.014834869
-0.003179905,0.020201521
-0.0010943033,0.022242805
0.002670753,0.020149479
0.007902066,0.014566761
0.013886333,0.007109907
0.019459922,-0.00042242007
0.023121627,-0.0060834056
0.02359472,-0.007937916
0.020534057,-0.005320068
0.014595838,0.0005436651
0.0071001407,0.0073398394
-0.00064690906,0.012842779
-0.007728902,0.014858469
-0.013479257,0.0117100915
-0.017711055,0.0035243598
-0.02087552,-0.007874353
-0.023625664,-0.02010019
-0.02592008,-0.030248579
-0.026549729,-0.035200827
-0.023941288,-0.033134934
-0.017839806,-0.025002081
-0.009184364,-0.013755377
0.0011491564,-0.0025924644
0.013313655,0.00596351
0.026921649,0.010465439
0.03924359,0.009449943
0.047163315,0.0039994386
0.049021237,-0.0034745133
0.04507952,-0.010144872
0.03734655,-0.014117586
0.028279802,-0.014852154
0.020076219,-0.012833711
0.014183155,-0.009237482
0.01113464,-0.005302373
0.010560651,-0.0021098126
0.011336318,-0.0001907794
0.011902385,0.0005783107
0.0108406395,0.00089448167
0.0075000674,0.0016064667
0.0022506039,0.0031786938
-0.0037686336,0.005534997
-0.009189648,0.008042007
-0.012394643,0.009387812
-0.012202771,0.008229692
-0.0084502455,0.004061814
-0.0020143532,-0.0024027226
0.0056598326,-0.01015974
0.013121273,-0.018008668
0.018592566,-0.023711672
0.02075426,-0.02496215
0.01908483,-0.021118734
0.013995946,-0.013575767
0.006600251,-0.0047953036
-0.0016641367,0.0030875844
-0.009725525,0.009135503
-0.016635267,0.012276019
-0.021299092,0.011928998
-0.023072772,0.008839355
-0.021807829,0.0046634087
-0.017971924,0.0011147537
-0.012491011,-0.000543724
-0.006564688,7.277832e-05
-0.0014580508,0.0025007713
0.0018255123,0.005744343
0.0026021476,0.008669146
0.00047330128,0.010207996
-0.004163602,0.009705947
-0.010309171,0.0070847077
-0.016686322,0.0026464434
-0.021916604,-0.0031412323
-0.024744589,-0.009693851
-0.024481948,-0.01634722
-0.02135243,-0.022428773
-0.016340565,-0.027240904
-0.010724804,-0.030064063
-0.0056240363,-0.030169994
-0.001671016,-0.027049081
0.0011686268,-0.020790879
0.003544457,-0.0122309895
0.0064833686,-0.0027150337
0.011213722,0.0064328816
0.01829351,0.013938643
0.026988938,0.018036297
0.035184767,0.017619599
0.04015084,0.012834284
0.03964883,0.00520458
0.03308138,-0.0030458372
0.021612458,-0.009996937
0.0073449705,-0.014539409
-0.007691681,-0.016287113
-0.021629905,-0.015096532
-0.031765744,-0.011614693
-0.03598295,-0.00760989
-0.034316964,-0.0048088487
-0.028958546,-0.003859411
-0.022924036,-0.0043713925
-0.018822359,-0.005456386
-0.018249398,-0.0060442835
-0.021550436,-0.0051398217
-0.027726673,-0.0021788073
-0.034558013,0.0027033119
-0.0391155,0.008437224
-0.038686287,0.013202353
-0.032166705,0.015410523
-0.020748688,0.014922817
-0.00700376,0.012822388
0.006554404,0.010235485
0.018166577,0.0076416973
0.025678005,0.0055519748
0.027462767,0.004468601
0.023840075,0.003870914
0.01676218,0.0023732465
0.008690248,-0.0013467091
0.001579366,-0.0079637505
-0.003921443,-0.017522484
-0.007884428,-0.029165542
-0.010822605,-0.040927686
-0.013451172,-0.04999372
-0.016165547,-0.05346817
-0.019215846,-0.04996308
-0.023093678,-0.040925078
-0.028050162,-0.029383391
-0.0334692,-0.017945379
-0.038117524,-0.008207059
-0.040594053,-0.0011073821
-0.0399648,0.003224987
-0.036165413,0.005904588
-0.029977249,0.008808595
-0.02254158,0.013557923
-0.014818915,0.020785285
-0.0072541167,0.029902704
-7.2815325e-05,0.038950834
0.0059973476,0.044797562
0.009628165,0.0443317
0.010006898,0.036516428
0.0077866297,0.023290405
0.0041109477,0.008045386
-0.000542579,-0.006022015
-0.006200673,-0.016972512
-0.011227948,-0.022092726
-0.013042595,-0.02016042
-0.01018625,-0.013036562
-0.0028166638,-0.004047149
0.008514524,0.0036096484
0.023845846,0.007412916
0.04115984,0.005098572
0.05638743,-0.0034851439
0.06450393,-0.015530697
0.06145596,-0.02545694
0.04767367,-0.028815903
0.0278428,-0.02634185
0.0064259768,-0.020702213
-0.013836423,-0.01354701
-0.031154815,-0.0052177156
-0.041841622,0.0022487417
-0.04274143,0.005443891
-0.034614265,0.0035757395
-0.021617513,-0.0009351507
-0.008316439,-0.0054378686
0.001881046,-0.008584969
0.0068168133,-0.009446122
0.0052701947,-0.0074856207
-0.0018191828,-0.0039676204
-0.011946754,-0.0009188037
-0.02213355,0.00045230146
-0.02867523,-0.0013453782
-0.0284428,-0.0068671103
-0.020643298,-0.014646425
-0.007142137,-0.022108674
0.009313196,-0.027607922
0.02611656,-0.02995685
0.040071983,-0.027998062
0.047598314,-0.021447843
0.046447027,-0.012304969
0.037563924,-0.0045363596
0.024270039,-0.0014642025
0.010140439,-0.004030589
-0.0025259696,-0.011169804
-0.01382191,-0.021230731
-0.023532111,-0.03200512
-0.031032188,-0.040582225
-0.0356368,-0.04429254
-0.03716949,-0.042185392
-0.03654432,-0.035292115
-0.034962006,-0.026077667
-0.032709815,-0.017036382
-0.029335802,-0.01005046
-0.02451922,-0.006028689
-0.01849636,-0.0049120975
-0.012180058,-0.0057204454
-0.006805372,-0.0070871096
-0.0034882964,-0.0076671196
-0.0028664358,-0.0063679647
-0.0048580677,-0.002742004
-0.008577626,0.0029532618
-0.012466671,0.010123025
-0.014611392,0.017579813
-0.013452377,0.023715049
-0.008470517,0.027054394
-0.00050963106,0.026890235
0.008632412,0.023362814
0.01682518,0.017034115
0.02208421,0.0087248245
0.02312977,-0.00032554625
0.020004844,-0.008593119
0.014173463,-0.014687323
0.007934567,-0.017565556
0.0037546342,-0.016651643
0.0034981924,-0.012093745
0.0076438086,-0.0048729856
0.015522464,0.0036157197
0.025564607,0.011898709
0.034690667,0.018348865
0.03856319,0.021764377
0.034002874,0.021779865
0.021729864,0.018848838
0.0054475903,0.0140794935
-0.011477785,0.009310772
-0.027217938,0.005915089
-0.037824247,0.0040568723
-0.038647663,0.0027561437
-0.028727146,0.0012004809
-0.011644172,-0.0002607147
0.0081851855,-0.0017206275
0.029409626,-0.004873153
0.04897301,-0.010239498
0.061179914,-0.015345398
0.060767476,-0.015644807
0.048469163,-0.010293812
0.029961443,-0.0028534273
0.010366883,0.0041639307
-0.0071130763,0.010633981
-0.021184735,0.016185403
-0.028800355,0.017891664
-0.028267302,0.0135638835
-0.020903878,0.0046072453
-0.00984679,-0.0060263984
0.0014047463,-0.016713426
0.01018112,-0.026288165
0.013773616,-0.03208562
0.010728501,-0.032051887
0.0015396707,-0.027285352
-0.0117914975,-0.020675037
-0.027078498,-0.013829241
-0.04159773,-0.0071494435
-0.051430535,-0.0015705142
-0.052730475,0.0016997904
-0.044536978,0.0027693827
-0.029882291,0.003717322
-0.012880914,0.0061101937
0.003561621,0.00966648
0.018549765,0.013121342
0.030180683,0.01489712
0.035956427,0.013739085
0.035385665,0.009309268
0.030468203,0.002368866
0.023883937,-0.005370389
0.017493155,-0.01179216
0.012091095,-0.014734008
0.007940465,-0.012739654
0.0047620307,-0.0061332667
0.0018543872,0.002956759
-0.0011350748,0.011981082
-0.0043782303,0.017802216
-0.0075401007,0.017432658
-0.009719339,0.009940671
-0.009844251,-0.0026794174
-0.007901935,-0.017600425
-0.004179827,-0.03180103
0.0008370193,-0.04084527
0.0061499397,-0.040389907
0.009489453,-0.029918334
0.008834284,-0.013645721
0.0041170437,0.003141706
-0.0027909658,0.017522866
-0.010526867,0.026923807
-0.016778555,0.027812604
-0.018958924,0.019917252
-0.015508301,0.00721363
-0.0072101983,-0.0053052283
0.0038121694,-0.014466825
0.015494379,-0.01823718
0.02491772,-0.015072605
0.029132502,-0.0059761717
0.026768474,0.0054549268
0.018583339,0.014912615
0.006855034,0.01908076
-0.005408298,0.01642559
-0.015386253,0.0075877034
-0.021303203,-0.0051144133
-0.022449723,-0.018720897
-0.018705433,-0.029751908
-0.010920855,-0.035007056
-0.001084099,-0.03308606
0.008371221,-0.025228381
0.01605464,-0.014611216
0.022080095,-0.0045263115
0.02702313,0.002471729
0.031061783,0.0045673144
0.03406397,0.0012787
0.035748895,-0.006346941
0.03548152,-0.016254298
0.032294773,-0.025919624
0.025524884,-0.032791395
0.015571666,-0.035223898
0.003930874,-0.03321599
-0.007443166,-0.027887844
-0.016580474,-0.02047182
-0.021646328,-0.01204128
-0.021496745,-0.00369309
-0.016430143,0.0036640307
-0.008121198,0.009648654
0.0014384232,0.014274989
0.010569048,0.01751646
0.017747644,0.019339336
0.02217787,0.01998692
0.024369547,0.019960266
0.025844447,0.01992481
0.028265141,0.020572888
0.032657314,0.022450535
0.038950544,0.025730837
0.04572439,0.0300292
0.050152127,0.034281682
0.048676208,0.03685544
0.039579112,0.03591874
0.025192238,0.030276453
0.009962882,0.020214647
-0.0023769562,0.007423537
-0.009892,-0.005771891
-0.011013223,-0.018090235
-0.004039976,-0.02677992
0.009903498,-0.029638622
0.027314518,-0.026193045
0.044370007,-0.017603308
0.056687344,-0.005575791
0.05910738,0.0073372656
0.04886025,0.016925476
0.030198192,0.018751279
0.010757127,0.012072228
-0.004411466,-0.0002983541
-0.01450423,-0.015324247
-0.018592428,-0.0311718
-0.015358625,-0.04382178
-0.006499388,-0.049220257
0.0035684283,-0.045309387
0.0096002845,-0.03347313
0.0081369905,-0.017781453
-0.0006041564,-0.0028276748
-0.013905496,0.009025592
-0.029788598,0.0180578
-0.044165086,0.022408482
-0.0520798,0.020372227
-0.050178323,0.012245494
-0.039708026,0.0018319992
-0.025016574,-0.0069559966
-0.010854925,-0.012867993
-0.00048226642,-0.016416088
0.003973039,-0.01793214
0.0018877739,-0.017843919
-0.005217587,-0.017078985
-0.014426207,-0.016452158
-0.022375327,-0.016031353
-0.025613142,-0.015738392
-0.022042744,-0.0153963175
-0.012407132,-0.014573624
0.00034320386,-0.0129223475
0.013262025,-0.010629722
0.023767304,-0.007741585
0.028929546,-0.003850409
0.027172035,0.001239936
0.019634767,0.007029284
0.009277801,0.012842711
-0.0009074761,0.018481769
-0.00853406,0.023383155
-0.011618005,0.025898786
-0.009463549,0.024246806
-0.003056902,0.01793079
0.0056478153,0.0077552022
0.0148628205,-0.005544022
0.022879709,-0.022179622
0.027761333,-0.04069309
0.028480258,-0.05780453
0.025428586,-0.06876316
0.02062456,-0.069424845
0.015895305,-0.06046165
0.011391136,-0.046480857
0.0069034025,-0.031424742
0.0024788002,-0.017456198
-0.0017717956,-0.0056900573
-0.005680565,0.0035947713
-0.009244581,0.010848656
-0.011894683,0.016343405
-0.012879665,0.020597102
-0.011432706,0.023993459
-0.0071739177,0.026465017
-0.00027512654,0.027472932
0.008437314,0.026184443
0.017686883,0.021957895
0.025942795,0.014798231
0.03181204,0.005562583
0.03426365,-0.004015076
0.03296072,-0.011541005
0.0285553,-0.014790189
0.022587035,-0.0127285365
0.016816571,-0.006052653
0.012751228,0.003380086
0.011474695,0.01352447
0.013272654,0.022025425
0.017419102,0.026312014
0.022209374,0.025063366
0.025947029,0.019096866
0.027413301,0.010715167
0.025862174,0.0026166239
0.021084165,-0.002877752
0.013620901,-0.0044752522
0.004632594,-0.0024193309
-0.0045985174,0.0019072575
-0.013266706,0.0069603
-0.020317651,0.010684677
-0.025078474,0.011113609
-0.027432965,0.0076253237
-0.027720546,0.0012029671
-0.02648283,-0.0063752644
-0.024105756,-0.013279715
-0.020626683,-0.018130811
-0.015949188,-0.020336919
-0.01017315,-0.020272037
-0.0036027841,-0.018957708
0.0032073834,-0.01747518
0.009531514,-0.016371792
0.014344886,-0.015343658
0.016471427,-0.013359727
0.015068286,-0.0093057165
0.010096845,-0.0028226941
0.0024431036,0.005397563
-0.006684179,0.014498157
-0.016159674,0.022926275
-0.024420734,0.02769855
-0.030190736,0.025870983
-0.032795846,0.016953474
-0.032705482,0.0034162644
-0.03135759,-0.011256808
-0.030050218,-0.023867698
-0.028907577,-0.030909846
-0.027157867,-0.029552652
-0.02454672,-0.020209994
-0.02127546,-0.0062819775
-0.01695692,0.008477671
-0.010429961,0.021069817
-0.0014250497,0.028362159
0.008360632,0.028353257
0.0164305,0.022032376
0.02075204,0.012516366
0.01994351,0.0032526306
0.01358619,-0.0028616379
0.0028376377,-0.0043546404
-0.01021929,-0.0016480406
-0.023337774,0.004356674
-0.033155542,0.011473854
-0.036619317,0.016064717
-0.032663498,0.015641946
-0.023068508,0.010918081
-0.011217489,0.0046153343
-0.0003678826,-0.0008126709
0.0071620643,-0.0041324063
0.010016926,-0.0040894626
0.007728844,-0.000598115
0.0020034243,0.004462583
-0.004825584,0.008856849
-0.010416995,0.010626233
-0.012936625,0.008101483
-0.011911857,0.0015803857
-0.008533188,-0.006762543
-0.004987675,-0.0142228035
-0.0034985992,-0.017944798
-0.0057138344,-0.015407733
-0.012165638,-0.0063971416
-0.022318225,0.007678621
-0.03436206,0.026206322
-0.045245077,0.047714543
-0.051296324,0.06821772
-0.049668532,0.07825876
-0.041658252,0.07035846
-0.030651856,0.05464556
-0.018905595,0.03966651
-0.009217343,0.027718075
-0.002931788,0.018882778
-0.00050298683,0.013502821
-0.0010964702,0.011442692
-0.003167182,0.011985583
-0.00496458,0.014054034
-0.005284627,0.016387291
-0.003801562,0.018021837
-0.0012596642,0.018482098
0.000855568,0.017815024
0.0010435627,0.016321518
-0.0015501423,0.014364328
-0.006731941,0.012258017
-0.013426788,0.0102150915
-0.01990225,0.008547874
-0.023936637,0.0077054454
-0.024098957,0.0076533863
-0.020525685,0.008517225
-0.014917802,0.01024254
-0.009759773,0.012462907
-0.0073700575,0.014326051
-0.009432032,0.014843981
-0.01639014,0.013312706
-0.027290767,0.009681573
-0.040072743,0.004575056
-0.051553313,-0.0009050689
-0.05741061,-0.005497485
-0.05408515,-0.007876833
-0.042607162,-0.006665117
-0.027985903,-0.0015416957
-0.0147686,0.0059411568
-0.0054666135,0.013398573
-0.0014870723,0.018570833
-0.004093345,0.019505506
-0.0125059495,0.015851948
-0.02435469,0.00929548
-0.037150756,0.0025997157
-0.04757853,-0.001137713
-0.051559288,0.00074443076
-0.04735332,0.009230991
-0.037776705,0.023505228
-0.026075475,0.04172258
-0.013084203,0.060778845
5.058435e-05,0.07499597
0.008763078,0.07614814
0.009396559,0.06140138
0.0067410143,0.038187485
0.0051431437,0.013431184
0.0045104004,-0.009278742
0.0034582936,-0.02984578
0.002098647,-0.044656143
0.0011378156,-0.04970976
0.00026548843,-0.045521233
-0.0019965959,-0.036676314
-0.0063695987,-0.027891407
-0.012561569,-0.02223171
-0.01976459,-0.020657722
-0.02688626,-0.022590993
-0.032660224,-0.026286302
-0.0356517,-0.029038182
-0.034841858,-0.02847996
-0.030653877,-0.023376549
-0.024626639,-0.014345898
-0.018334454,-0.0033812094
-0.012828005,0.0071611344
-0.0083237225,0.015407947
-0.0050470796,0.019622259
-0.0032463486,0.019099431
-0.0028336183,0.014693316
-0.0034073188,0.008253279
-0.004599746,0.0016629727
-0.006155424,-0.0037525194
-0.0077694925,-0.00734299
-0.009155831,-0.00911625
-0.010196368,-0.009739467
-0.010998442,-0.010083169
-0.011754088,-0.0107842395
-0.012689691,-0.012019368
-0.013920348,-0.01342439
-0.015329192,-0.014318688
-0.016483737,-0.014031125
-0.016756508,-0.012247033
-0.015463695,-0.009191479
-0.012213132,-0.0055885366
-0.0070395595,-0.002357347
-0.0004962356,-0.00030901577
0.0065735704,-2.077803e-06
0.013022814,-0.0015088075
0.017171873,-0.0044353507
0.017780045,-0.007699344
0.014597126,-0.010267427
0.008480906,-0.011413071
0.0010987325,-0.010864299
-0.0056426656,-0.008620275
-0.009913881,-0.004874229
-0.010333334,-0.00015225816
-0.0067174546,0.0048084757
-4.549808e-05,0.009397303
0.008132035,0.01302053
0.015830513,0.014941849
0.02088785,0.014597701
0.021956913,0.011794817
0.019307965,0.006734543
0.014642704,-3.0020958e-05
0.0100673,-0.0076916306
0.007159663,-0.015302356
0.006963583,-0.021652998
0.009810297,-0.025454774
0.014882883,-0.025814567
0.02039342,-0.022558432
0.02424437,-0.01628002
0.02476047,-0.008193102
0.021295195,0.00013495325
0.014459644,0.0072527505
0.0057631885,0.012334403
-0.003190662,0.015298809
-0.011107864,0.01633184
-0.01701879,0.015717553
-0.020572105,0.013903161
-0.022120459,0.011453144
-0.022422154,0.008889415
-0.022185223,0.006615466
-0.02168914,0.0049562403
-0.020653814,0.0042450675
-0.018465614,0.004832543
-0.014613689,0.0069567184
-0.009063444,0.010574517
-0.0023088274,0.015226425
0.0047771996,0.019890096
0.010773682,0.023000544
0.013944846,0.022940679
0.013234743,0.018803831
0.0091453325,0.010988141
0.003394085,0.0011460982
-0.0024230839,-0.008485455
-0.0072233616,-0.01562492
-0.009392695,-0.017361708
-0.008269451,-0.012352256
-0.00533586,-0.0017283156
-0.0027593633,0.011877983
-0.0017651059,0.025731623
-0.0042123576,0.035531513
-0.0117962705,0.036928795
-0.023793057,0.028555041
-0.03818717,0.013292909
-0.054317947,-0.0048333136
-0.07179488,-0.021596298
-0.08581229,-0.03169824
-0.08243843,-0.030767681
-0.06391258,-0.018822532
-0.046542786,0.00029702226
-0.03298722,0.021265471
-0.021139843,0.039452035
-0.010434373,0.049221955
-0.0037798702,0.0447561
-0.0014178809,0.027899664
-0.0009100283,0.006230064
-0.0019440771,-0.015166074
-0.0049276366,-0.03361358
-0.00876129,-0.04233167
-0.010605491,-0.036898468
-0.010571273,-0.021042394
-0.010273231,-0.0018217186
-0.009490116,0.016373124
-0.006587281,0.029779734
-0.002251605,0.032849383
0.0019590885,0.024513802
0.005312643,0.009633756
0.007827223,-0.006602202
0.008272986,-0.02083584
0.0061902716,-0.028294036
0.002710284,-0.025400814
-0.0007272768,-0.013750503
-0.003095142,0.0020657473
-0.0030616452,0.01896132
0.00096611277,0.03376656
0.008582031,0.04186894
0.017138258,0.04087692
0.024024842,0.032656055
0.027629163,0.020969784
0.027199164,0.009410486
0.022545425,0.00038947258
0.014578109,-0.0048709163
0.0053259204,-0.0067549073
-0.0029543645,-0.0065740775
-0.008589324,-0.00610582
-0.010582734,-0.0069706524
-0.009161809,-0.010058817
-0.005859135,-0.015134935
-0.0027912266,-0.02114534
-0.0018258278,-0.026315017
-0.0038487287,-0.028566178
-0.008409238,-0.026694156
-0.014003378,-0.020989265
-0.01867481,-0.01268373
-0.02058738,-0.0033386385
-0.018720068,0.005358307
-0.013381332,0.011944473
-0.006187358,0.015641514
0.00063252833,0.0164192
0.004960129,0.014768548
0.0055537326,0.0115653435
0.0026749382,0.0077405362
-0.0020167227,0.0039749267
-0.0063332343,0.0006328253
-0.008105197,-0.0022329248
-0.005906861,-0.004714484
1.5966905e-05,-0.006819749
0.007968777,-0.0084853815
0.0155285895,-0.00949326
0.019782422,-0.009200451
0.018531786,-0.006906885
0.011636532,-0.0027079296
0.0011259698,0.0025020118
-0.010351589,0.008336367
-0.020494614,0.014469022
-0.026360426,0.01925993
-0.026590126,0.020747207
-0.02227714,0.018499315
-0.016239433,0.013454801
-0.011564166,0.007008936
-0.010619961,0.00040277117
-0.014532673,-0.005188099
-0.022763593,-0.008441089
-0.033085786,-0.0082167275
-0.04185151,-0.004319645
-0.045295738,0.0021136915
-0.041399263,0.008964807
-0.031256184,0.014310702
-0.018003104,0.017126316
-0.004893499,0.016910482
0.005486398,0.013474855
0.011254489,0.0071993796
0.01170569,-0.00063088676
0.007898718,-0.008272225
0.0019394548,-0.014168254
-0.0038453687,-0.017105289
-0.0073968363,-0.016631166
-0.0078691095,-0.013351128
-0.0060075484,-0.008656133
-0.0034620173,-0.004187749
-0.0018513753,-0.0013756495
-0.0021774024,-0.0011354776
-0.004543221,-0.0036805533
-0.008092068,-0.0085014105
-0.011255366,-0.014506375
-0.012255917,-0.020343132
-0.009930084,-0.024740966
-0.004502448,-0.026846113
0.0023428549,-0.026460486
0.008197703,-0.023973573
0.010817185,-0.020094752
0.008943975,-0.015668917
0.0030048962,-0.011538559
-0.0050327247,-0.008190225
-0.012611425,-0.005340956
-0.016792888,-0.002456029
-0.015052199,0.0006637039
-0.006999696,0.0042191567
0.0055970456,0.008543717
0.021038968,0.013484104
0.03662138,0.018275209
0.047989517,0.022459721
0.05048924,0.025938706
0.04267696,0.028364267
0.028013999,0.028908858
0.011490275,0.027410524
-0.003332156,0.024556568
-0.014120719,0.020828936
-0.018854681,0.016157022
-0.016575383,0.010792084
-0.00838423,0.0056833625
0.0032221035,0.0017516543
0.016344402,-0.0012670999
0.029219935,-0.004024856
0.039294392,-0.006370254
0.044201557,-0.00817543
0.042600382,-0.009618444
0.03499158,-0.011418192
0.023334257,-0.014419533
0.009714615,-0.018881744
-0.004482199,-0.0243074
-0.018319294,-0.029459301
-0.029720139,-0.032707743
-0.03603653,-0.032659996
-0.03556409,-0.028873721
-0.029359125,-0.022060415
-0.020274308,-0.01364166
-0.010984737,-0.005380759
-0.0032640453,0.00096492574
0.0019395524,0.0040073823
0.0040563494,0.0031166591
0.003284086,-0.0015909275
0.00094601215,-0.009059478
-0.0015743886,-0.017865967
-0.0028785635,-0.026347833
-0.0019408665,-0.032867882
0.0011582742,-0.036255367
0.0051206984,-0.036127828
0.007907633,-0.03286346
0.0077015553,-0.027424777
0.003710645,-0.0208747
-0.0034100367,-0.014146746
-0.012078769,-0.007602237
-0.020231798,-0.00095850864
-0.025364894,0.0056147045
-0.02548563,0.011039283
-0.020451505,0.013994101
-0.012058713,0.013646213
-0.0029918267,0.009719585
0.0042280434,0.0024152978
0.007870977,-0.007756079
0.0069247573,-0.01939712
0.001793842,-0.029726991
-0.005135627,-0.035498906
-0.010344433,-0.03423501
-0.010942871,-0.025611905
-0.0064457287,-0.011776625
0.0017644622,0.0040446175
0.013514313,0.019703286
0.027942307,0.032192357
0.041076083,0.037432287
0.047629837,0.033629768
0.046575762,0.022629485
0.041479073,0.008342048
0.03592379,-0.0056951297
0.0315187,-0.016770039
0.029073022,-0.022626488
0.028793767,-0.022165444
0.029785434,-0.016385863
0.030328963,-0.0079041375
0.02866993,0.00030346034
0.023458514,0.0057613794
0.014571962,0.007045098
0.0034867304,0.0043298625
-0.007754857,-0.0005645981
-0.018260142,-0.005571181
-0.02615331,-0.00845667
-0.02962336,-0.0076256385
-0.02846578,-0.0026040347
-0.024100488,0.0057334304
-0.01824142,0.015823528
-0.011887162,0.025801595
-0.005435071,0.03353525
0.0007065391,0.03709136
0.006347475,0.03565223
0.011595412,0.029975457
0.016620213,0.021838102
0.021201266,0.013015407
0.024550974,0.0048825676
0.025601003,-0.0014595661
0.02363944,-0.005168099
0.018847898,-0.0060185166
0.012266527,-0.0044865836
0.005474705,-0.0013712636
-7.891364e-05,0.0026029032
-0.0035258683,0.0069476315
-0.004658353,0.010908423
-0.00418374,0.013773599
-0.0036490576,0.015035692
-0.0047001536,0.014500137
-0.008440301,0.012269497
-0.015001938,0.008783829
-0.023501785,0.004676918
-0.03197522,0.0006815914
-0.037534587,-0.0025189992
-0.037293658,-0.004344049
-0.03026944,-0.0042084763
-0.018224284,-0.0015822072
-0.004330317,0.0035039666
0.009063423,0.010396333
0.020909583,0.018383335
0.028600007,0.026426917
0.030241558,0.033332337
0.02585462,0.037503093
0.01749779,0.03768585
0.008112428,0.033275384
0.00014904265,0.0245824
-0.0051599904,0.012692264
-0.008025404,-0.00072180794
-0.00986663,-0.014585071
-0.01169293,-0.027989242
-0.013917548,-0.03879964
-0.015888117,-0.04482737
-0.016355235,-0.04475052
-0.014504511,-0.03904538
-0.01054076,-0.029775145
-0.0051871673,-0.019363513
0.00056815904,-0.009824615
0.005487698,-0.0025984081
0.008265993,0.0015617168
0.0073728245,0.002437786
0.0024634663,0.0005117245
-0.005320575,-0.0031979047
-0.014645901,-0.007438577
-0.023303013,-0.011020433
-0.028594604,-0.013200068
-0.028655045,-0.013731521
-0.02364497,-0.012651015
-0.015630467,-0.010104526
-0.0072236606,-0.0064011966
-0.00048607838,-0.001904459
0.0036353965,0.0030506337
0.0051985113,0.008412201
0.005173852,0.013817592
0.0053394157,0.018655038
0.0073817098,0.02204422
0.012096583,0.023164283
0.018956322,0.021536535
0.026092242,0.017232524
0.030664291,0.010954043
0.029814737,0.0041813506
0.022261458,-0.001390015
0.009060238,-0.004711797
-0.0073396796,-0.0056208787
-0.025387721,-0.00372589
-0.041841265,0.0011228404
-0.051929746,0.007009205
-0.05213188,0.010592591
-0.04329576,0.010304935
-0.029751245,0.0074140346
-0.01583147,0.0035888702
-0.0044568097,-0.0001682924
0.002797387,-0.0032228434
0.0057111313,-0.0046863453
0.0052134087,-0.003907545
0.0036414415,-0.001403843
0.0035109967,0.0016154753
0.006724941,0.0039049762
0.014119626,0.004231157
0.025084175,0.0018152348
0.037679598,-0.0033726715
0.048929006,-0.010208993
0.055419885,-0.016272893
0.05441681,-0.018373046
0.046033792,-0.015157541
0.033107765,-0.00830485
0.018935703,-0.00010470027
0.0060914382,0.008165427
-0.0038812282,0.016199742
-0.010068505,0.022793803
-0.011709584,0.02652911
-0.00931458,0.027022384
-0.0040536467,0.025143301
0.002609642,0.021985985
0.00931919,0.018268323
0.014939934,0.014056142
0.018522827,0.009131831
0.019387187,0.0033036526
0.017402645,-0.0033763556
0.012950883,-0.010512348
0.006764716,-0.017340302
-0.0001387475,-0.022785846
-0.006255385,-0.025623363
-0.009759175,-0.025077326
-0.009300236,-0.02143006
-0.0047542565,-0.016002996
0.002852774,-0.010681729
0.012124489,-0.007331386
0.021205826,-0.007225814
0.027337216,-0.01071434
0.027893316,-0.016628714
0.02195731,-0.022836693
0.010594935,-0.027323598
-0.0040653506,-0.028712163
-0.019630924,-0.026167635
-0.033345558,-0.019557994
-0.042309318,-0.010106997
-0.044666864,-0.00032756882
-0.04075984,0.0072494526
-0.032833274,0.011457511
-0.023679812,0.012649442
-0.015557954,0.0120225325
-0.0097941505,0.0110294
-0.0067043453,0.010967018
-0.00565432,0.012574535
-0.0053527756,0.015717227
-0.0043766727,0.01935628
-0.0016955602,0.021896143
0.0029054615,0.021891601
0.008797469,0.018868405
0.014856889,0.013596022
0.019844068,0.0077197603
0.022648424,0.003318157
0.02265226,0.002378844
0.020064525,0.0058466825
0.015821,0.013090216
0.011109985,0.022388406
0.006872804,0.03121702
0.0035696577,0.03628491
0.0012351876,0.034779143
-9.5090345e-06,0.026443053
0.00011769002,0.0137750385
0.0015505058,0.00013956492
0.003594296,-0.012163674
0.0058637187,-0.021507805
0.008241201,-0.025514774
0.010366688,-0.02410287
0.011317836,-0.019239128
0.010429708,-0.013743819
0.0074266363,-0.010102815
0.0026249841,-0.009668733
-0.0031356001,-0.012410031
-0.008608085,-0.016980784
-0.011973368,-0.021281997
-0.011330198,-0.023067024
-0.005819077,-0.021036375
0.0035237013,-0.015527793
0.014767231,-0.0083858855
0.02611087,-0.001824123
0.03471643,0.001994871
0.0370818,0.0016081561
0.031941984,-0.0029734524
0.021640547,-0.010504031
0.00957531,-0.019131722
-0.0018048874,-0.026606752
-0.009805465,-0.030530402
-0.011545501,-0.029570801
-0.0066918554,-0.024470372
0.0021150166,-0.017452711
0.01173025,-0.011000164
0.019514874,-0.006868058
0.02268596,-0.005680772
0.019814745,-0.0067376527
0.012273847,-0.008409209
0.0031172326,-0.008866765
-0.004602884,-0.0064557972
-0.008333557,-0.00027461248
-0.0065792073,0.009062304
0.00041075482,0.019649608
0.010906564,0.028616397
0.021383755,0.0326858
0.02708196,0.029659143
0.02508214,0.019980298
0.016657395,0.0064459294
0.005087242,-0.0076861093
-0.007917941,-0.020063959
-0.020170124,-0.027771048
-0.026958834,-0.028336221
-0.025598478,-0.0224118
-0.018238554,-0.013040036
-0.008716755,-0.0037913343
-6.435355e-05,0.0023043223
0.005784934,0.0032425039
0.006955202,-0.0016056399
0.003330658,-0.01084606
-0.0038390893,-0.021720098
-0.012548418,-0.030637398
-0.019569043,-0.033674233
-0.02179424,-0.028499113
-0.019106427,-0.016063465
-0.014119885,0.00033393226
-0.009094733,0.017735653
-0.0046668956,0.033644527
-0.002624467,0.043912623
-0.004700427,0.044962663
-0.0100545455,0.036801495
-0.015798476,0.023156835
-0.01983705,0.008350545
-0.021397283,-0.004436655
-0.019929532,-0.012935941
-0.015642937,-0.015604867
-0.010099141,-0.012751962
-0.005421308,-0.006536005
-0.0028741509,0.00025867033
-0.0025568039,0.0053234417
-0.0038808596,0.0072203986
-0.0058838725,0.005656681
-0.007384654,0.0018715822
-0.0077520804,-0.002010054
-0.007103036,-0.0037395968
-0.006378233,-0.001640508
-0.0069802995,0.004749921
-0.009977283,0.014845595
-0.015605057,0.02728009
-0.023205206,0.03994398
-0.031101728,0.04982311
-0.036634386,0.053143006
-0.03691806,0.047394462
-0.03047655,0.03510108
-0.018425224,0.021711254
-0.00368972,0.01071483
0.010662594,0.0027946574
0.022808157,-0.0030190952
0.02972245,-0.006605692
0.029330412,-0.008222374
0.022602618,-0.009409143
0.01278327,-0.011830267
0.0032317284,-0.016235624
-0.003511404,-0.022187172
-0.005452451,-0.028314847
-0.0016676654,-0.03288095
0.006750573,-0.034485884
0.017241092,-0.032573674
0.026897453,-0.027635451
0.033215374,-0.02083544
0.034758948,-0.013841956
0.031746536,-0.008519723
0.0260037,-0.0061047147
0.019897845,-0.006576354
0.015208901,-0.008810793
0.012540319,-0.011047485
0.011462835,-0.01161987
0.010780223,-0.00944279
0.00902188,-0.004534844
0.005166893,0.0019504119
-0.00078666,0.008396652
-0.00808171,0.013265349
-0.015009979,0.014975758
-0.019389668,0.012549927
-0.019463314,0.006425484
-0.014946831,-0.0015871614
-0.0072573116,-0.009356332
0.0012613122,-0.015556338
0.008126666,-0.019320933
0.010875318,-0.02005111
0.008248434,-0.01824609
0.0010302508,-0.015567521
-0.008409752,-0.013664925
-0.017069977,-0.013186931
-0.021420687,-0.014158006
-0.018551303,-0.01615968
-0.008205154,-0.018079817
0.0071641384,-0.018970868
0.02462887,-0.01872486
0.04054369,-0.017151894
0.049487315,-0.0133945765
0.046434607,-0.006959401
0.031836007,-8.158365e-05
0.011120521,0.0043665594
-0.010443681,0.006587359
-0.031487368,0.008761841
-0.047913324,0.010998826
-0.053883754,0.011446952
-0.04731842,0.008874228
-0.03287787,0.004952746
-0.016653206,0.0009712196
-0.0030300156,-0.003602538
0.005462803,-0.01012053
0.0072326353,-0.018352173
0.0017795096,-0.026817415
-0.008709914,-0.033936556
-0.021000357,-0.038208153
-0.031011675,-0.03816721
-0.034724984,-0.033569694
-0.030863477,-0.02584176
-0.021702351,-0.017209966
-0.01077351,-0.009614358
-0.00077863625,-0.004615629
0.0066537685,-0.0032749171
0.010184255,-0.0054668523
0.009371175,-0.010011955
0.0054573463,-0.01479356
0.00051805004,-0.017833436
-0.0032998133,-0.017532429
-0.004375323,-0.013370284
-0.0024957205,-0.0061460957
0.0012726018,0.0022999812
0.0057206308,0.01013883
0.009186718,0.015320726
0.009796681,0.016204625
0.0068840026,0.01257911
0.0014565667,0.0056804
-0.0049620587,-0.002430345
-0.011364104,-0.0098856045
-0.016243506,-0.014760944
-0.018134618,-0.01572848
-0.016950961,-0.012726911
-0.013884535,-0.006923252
-0.010389169,-8.6411936e-05
-0.0075065177,0.0060482123
-0.005588854,0.010137118
-0.004554378,0.011356838
-0.00391007,0.009824125
-0.002998274,0.006595998
-0.0014383107,0.0032271184
0.00050110224,0.0012394832
0.00193984,0.0017681252
0.0016937025,0.0053641023
-0.0013518817,0.0119441785
-0.007738849,0.020956354
-0.017184433,0.031593524
-0.028387517,0.04284401
-0.03906401,0.053124513
-0.046116877,0.059443742
-0.046568174,0.057975072
-0.03972608,0.049236123
-0.027866136,0.038530454
-0.014408985,0.029442659
-0.0024381022,0.022806121
0.005831098,0.018465726
0.008835804,0.016251441
0.006192558,0.01579069
-0.00071156747,0.016290933
-0.009478214,0.01676229
-0.017578587,0.016073355
-0.022732344,0.013169826
-0.023750719,0.0077249543
-0.021225242,0.00062093657
-0.01715423,-0.006567921
-0.013859306,-0.012293752
-0.0130840875,-0.015127042
-0.015523754,-0.013942401
-0.020555414,-0.00849545
-0.026471337,0.000506881
-0.030863581,0.0116511835
-0.031198656,0.0226948
-0.026019664,0.030800521
-0.015948404,0.03400522
-0.00322816,0.032356482
0.009619411,0.027230296
0.020469371,0.020183986
0.027665297,0.012821804
0.03044922,0.0069554676
0.029555064,0.003979465
0.02690377,0.004164974
0.024586389,0.0067478293
0.02401119,0.010424741
0.025447294,0.013745621
0.027880393,0.015472133
0.029334228,0.015039812
0.027786003,0.012859891
0.022273853,0.010097303
0.013368344,0.008074394
0.002775234,0.00785759
-0.0075821728,0.010296135
-0.015804678,0.015440086
-0.019667061,0.022134235
-0.018300956,0.028123703
-0.012879588,0.03139063
-0.005983627,0.030763509
-0.00056278764,0.026044745
0.0010749144,0.017980954
-0.0019406576,0.008080424
-0.009159009,-0.0019023995
-0.019642489,-0.010714683
-0.031022003,-0.016779132
-0.03945803,-0.019156983
-0.04140984,-0.018123621
-0.036100604,-0.014816045
-0.025811957,-0.010522811
-0.013856393,-0.0063330815
-0.002897455,-0.003086661
0.0054071164,-0.0013827983
0.010157645,-0.0010665429
0.010817911,-0.0015348478
0.008399862,-0.002022211
0.004706324,-0.0020495174
0.0014611162,-0.0012968411
-0.00010316383,0.0003054888
0.0004434702,0.0026082287
0.0027668157,0.005299062
0.0059164595,0.00808163
0.008800342,0.01081689
0.010502265,0.0135033205
0.010610179,0.0162779
0.00928122,0.019329293
0.0071211215,0.022800582
0.004872553,0.026693573
0.0031483583,0.030825103
0.002236616,0.034858514
0.0020990346,0.038384516
0.002473817,0.041010562
0.0031190622,0.042381924
0.003934061,0.04221298
0.0050645443,0.040282346
0.0068068765,0.036434725
0.009427632,0.030641688
0.012969191,0.023046246
0.01717074,0.013970495
0.021500723,0.003813704
0.0251959,-0.006923414
0.027379002,-0.017231047
0.027464587,-0.02540113
0.025531756,-0.029524898
0.022316959,-0.028406719
0.018821418,-0.02224883
0.015895369,-0.012454051
0.014151039,-0.0008602644
0.014025351,0.011002355
0.015295702,0.02170224
0.017015412,0.029448604
0.017758083,0.032936282
0.016533833,0.032171067
0.013253689,0.028499695
0.008482996,0.023931993
0.002965666,0.020353595
-0.0025724424,0.019063821
-0.0074208938,0.020542834
-0.010839774,0.024338923
-0.012259157,0.029072205
-0.011491495,0.032767206
-0.008817127,0.033484694
-0.004858785,0.030155556
-0.000310038,0.023105977
0.0042414153,0.013798041
0.008290068,0.0040963483
0.01134311,-0.004418791
0.012883462,-0.010187986
0.012649194,-0.011688949
0.010794851,-0.008680232
0.0077162925,-0.002410932
0.004045328,0.005113782
0.0004069269,0.011967967
-0.0028022674,0.01601298
-0.005390107,0.015399123
-0.0072921035,0.009632636
-0.008620427,-0.0001088316
-0.009960586,-0.012121815
-0.011783254,-0.02458174
-0.013809575,-0.03469105
-0.014750667,-0.03931884
-0.013215297,-0.036544386
-0.008988753,-0.02699389
-0.0030291274,-0.013342414
0.0037547096,0.0012469651
0.011638881,0.014587026
0.01941319,0.024214288
0.023883361,0.026741628
0.02237102,0.021086792
0.015654458,0.008783635
0.0062806816,-0.0072563975
-0.0046920762,-0.025050499
-0.016815418,-0.04215673
-0.026233906,-0.054489262
-0.026951075,-0.058149997
-0.017063063,-0.052359864
-0.0017099909,-0.040563904
0.014059705,-0.027235204
0.028295206,-0.015752416
0.038726103,-0.007785061
0.04155321,-0.0041180016
0.035296436,-0.004453702
0.023382982,-0.007575471
0.01018154,-0.011498004
-0.0013821525,-0.013811041
-0.009001342,-0.012415819
-0.010682992,-0.006792515
-0.006633979,0.001653752
0.0010350755,0.010767444
0.010334022,0.018155891
0.018534012,0.021043897
0.022640878,0.018015841
0.021680461,0.009942292
0.017094156,-0.00060442137
0.011035743,-0.010776499
0.005065011,-0.017880222
0.0006398829,-0.019377861
-0.0013923391,-0.014339647
-0.0017412876,-0.0043307007
-0.0019216886,0.007895171
-0.0030122506,0.0201586
-0.006213501,0.029565858
-0.012326252,0.033622917
-0.020555636,0.031653326
-0.0290177,0.025228256
-0.035637747,0.017059185
-0.03849322,0.00983516
-0.036306642,0.005716874
-0.029508095,0.0058401516
-0.0202169,0.009876716
-0.010676217,0.01622853
-0.0022505948,0.022819107
0.0040234206,0.027438346
0.00716729,0.028425243
0.0071188137,0.025467588
0.0049324566,0.019677391
0.0020590685,0.01285516
-0.0003765245,0.006680304
-0.0018312756,0.0022472094
-0.002138979,-0.00013795402
-0.001373268,-0.0009286781
0.00014067987,-0.0010450681
0.0019682602,-0.0015384292
0.0037029225,-0.0031456873
0.004963747,-0.006004106
0.0054241843,-0.009589252
0.0048553245,-0.012886477
0.003213485,-0.01476468
0.0007154932,-0.01443543
-0.0021774173,-0.0117965955
-0.0047957012,-0.0074488055
-0.0063649574,-0.0024086258
-0.006162475,0.002272229
-0.0037873043,0.0057004467
0.0005577618,0.007380969
0.0060324776,0.0073778043
0.01132541,0.0061391783
0.014881884,0.0043136464
0.015400174,0.0025652836
0.0124368705,0.0012649695
0.006692707,0.00033873876
-0.0002688329,-0.00053634174
-0.006802849,-0.0015267436
-0.011400316,-0.0026238067
-0.012839383,-0.003548424
-0.011136733,-0.0036587112
-0.0075727073,-0.0020377464
-0.0040683034,0.0019979358
-0.0023377044,0.00879484
-0.003197099,0.01837184
-0.0064763245,0.03023248
-0.010833506,0.043214086
-0.014112502,0.055354383
-0.014192459,0.06341865
-0.010138383,0.064005576
-0.0026655693,0.056865424
0.0064013186,0.045137882
0.014543712,0.031708017
0.019159084,0.018088836
0.018430918,0.0055088676
0.012304737,-0.0046287207
0.002769977,-0.011199695
-0.006989886,-0.013420469
-0.012965414,-0.010705307
-0.011682205,-0.0034878794
-0.0026290738,0.006975664
0.012955296,0.019788468
0.034189112,0.033204973
0.057911023,0.044636212
0.07581741,0.050926168
0.07096686,0.049835395
0.04568492,0.041906327
0.018850764,0.027990045
-0.003241208,0.011655077
-0.020510754,-0.0034274994
-0.031218251,-0.01704543
-0.029217545,-0.02637408
-0.0148852635,-0.02897882
0.0046967403,-0.02456437
0.024128387,-0.016060896
0.039767664,-0.0058856714
0.046799023,0.0038176866
0.041368015,0.010385415
0.026383368,0.010729817
0.009051892,0.0042651035
-0.0054804147,-0.0064974753
-0.016599648,-0.01908203
-0.022584798,-0.030465567
-0.021740953,-0.03697878
-0.015590576,-0.03588096
-0.008641393,-0.027172076
-0.004808054,-0.013728831
-0.0055563473,0.00053439016
-0.009607368,0.012938949
-0.015069096,0.021135608
-0.019341089,0.02203039
-0.019867344,0.014779472
-0.01552428,0.0020033133
-0.0076163867,-0.012620286
0.001707287,-0.02710728
0.010147256,-0.03913281
0.015225275,-0.045028873
0.015322485,-0.04235608
0.010510678,-0.033275757
0.0025807435,-0.02211602
-0.0058087497,-0.011924925
-0.012283877,-0.003841203
-0.015035677,0.0017711996
-0.013239645,0.0047702338
-0.007729348,0.00607045
-0.0002867451,0.0072196736
0.0074000414,0.009352793
0.014050092,0.0127837565
0.018806418,0.017098945
0.021471867,0.021045804
0.022386381,0.022954749
0.022117816,0.021399451
0.021190947,0.015953898
0.019853476,0.0075087287
0.017855925,-0.0022103118
0.014498019,-0.01119097
0.009164883,-0.017300257
0.00202875,-0.01864669
-0.0059363074,-0.014665121
-0.013523823,-0.0062868395
-0.019609358,0.005051319
-0.02296072,0.017718667
-0.022669176,0.029448438
-0.01882152,0.0379373
-0.012496037,0.041929062
-0.0051154266,0.04172537
0.0022107628,0.03865383
0.008879233,0.034149773
0.01466827,0.029181441
0.019521294,0.024126645
0.023342235,0.018891444
0.025813742,0.013174975
0.026439473,0.0068139443
0.024781927,4.7176698e-05
0.020773254,-0.006421811
0.014905563,-0.011588925
0.008283019,-0.01440234
0.0025221277,-0.014088177
-0.0005930404,-0.010549055
0.00020838984,-0.0046050726
0.005168726,0.0022691877
0.013805475,0.008503043
0.024426395,0.012295001
0.033803437,0.012378536
0.038099747,0.008812716
0.034960322,0.0030385775
0.024994567,-0.0030590321
0.010941668,-0.008036592
-0.004399436,-0.010938313
-0.019227782,-0.010876721
-0.03066483,-0.007523946
-0.03585513,-0.0022372615
-0.034410063,0.0028871978
-0.028485537,0.0064003086
-0.021130592,0.0077085984
-0.01492617,0.00680773
-0.011369831,0.0041307546
-0.010684617,0.000453341
-0.0118896095,-0.003362164
-0.013147221,-0.0066098575
-0.012443336,-0.008903948
-0.008507559,-0.010208819
-0.0015008646,-0.010700096
0.0072540985,-0.010676435
0.015884388,-0.01025548
0.022018919,-0.009106294
0.023577785,-0.006675314
0.020057317,-0.0029540153
0.012821412,0.0012755909
0.004348665,0.005004585
-0.0028492429,0.0074961684
-0.006794592,0.007905175
-0.006139518,0.0054923566
-0.0010979513,0.0006764218
0.0068152496,-0.005161993
0.015812553,-0.0108847255
0.023618896,-0.014447042
0.028200516,-0.013652333
0.028565673,-0.0077482397
0.025166156,0.0018102898
0.019497627,0.012402176
0.013178608,0.02143853
0.0072665303,0.026162587
0.0023821762,0.024247749
-0.00103548,0.015535825
-0.0029468476,0.002441274
-0.0043667867,-0.012011438
-0.006654767,-0.025803441
-0.010111115,-0.035003282
-0.013878947,-0.036143918
-0.01733008,-0.028587913
-0.020738754,-0.014931083
-0.024514401,0.0016236794
-0.028062139,0.019152066
-0.030107072,0.03532922
-0.029756647,0.04660901
-0.026702324,0.04959915
-0.021016024,0.044036455
-0.01276175,0.033092365
-0.0024340805,0.020266121
0.008934303,0.0075124106
0.020375844,-0.0051770885
0.030518932,-0.018086806
0.03703901,-0.030012164
0.03814998,-0.039004106
0.03362432,-0.04322668
0.025010088,-0.04265237
0.014700004,-0.038698282
0.005122001,-0.032820977
-0.0016888622,-0.026071373
-0.004299531,-0.019520111
-0.0023522133,-0.014276071
0.003535501,-0.0112414155
0.012063453,-0.010868234
0.021607717,-0.012911922
0.03026019,-0.016350131
0.03617039,-0.019382797
0.038135048,-0.020117085
0.035982106,-0.017653055
0.030463738,-0.012667209
0.02269694,-0.00685846
0.013752833,-0.002057302
0.0044805575,0.00034681032
-0.0044145337,-0.0002508664
-0.012822741,-0.0036940167
-0.020166826,-0.009172155
-0.025442583,-0.015064296
-0.02749686,-0.019440768
-0.025611429,-0.020748362
-0.020255763,-0.01841886
-0.013151482,-0.013172617
-0.0063565467,-0.006617068
-0.0015271575,-0.0004983763
0.00040857124,0.003948126
-0.00089515094,0.006397696
-0.0049437196,0.0072459364
-0.010118042,0.0077860146
-0.0143021,0.0094703175
-0.015418171,0.013298578
-0.012252104,0.019351853
-0.0050638197,0.0267329
0.004623349,0.033591863
0.014064328,0.037349217
0.019497266,0.035608176
0.018053578,0.027600953
0.010232653,0.014779676
-0.0010412716,-0.00030419102
-0.014466979,-0.01561008
-0.028812494,-0.029656077
-0.039506875,-0.039171897
-0.04053018,-0.042453595
-0.031187927,-0.039565492
-0.016569259,-0.032549743
-0.0019748413,-0.024107805
0.009903363,-0.016486559
0.017327214,-0.010591232
0.018900083,-0.006453798
0.014914875,-0.0036116105
0.0077608274,-0.0015919841
0.00026274382,0.00017131945
-0.005453798,0.0022393663
-0.008220739,0.004697869
-0.0078799855,0.006740853
-0.0058771637,0.007612939
-0.0041875932,0.0068749725
-0.004504607,0.004433367
-0.007556845,0.00059006456
-0.012952168,-0.004090751
-0.019219058,-0.0088818865
-0.02381188,-0.0131987035
-0.0242299,-0.016808921
-0.019058866,-0.01969243
-0.009161134,-0.021895003
0.0031644115,-0.023604507
0.015333748,-0.02491638
0.024466071,-0.025084443
0.027659364,-0.022639195
0.023660563,-0.016858408
0.013871127,-0.008812566
0.0012497023,-0.00019920396
-0.011292243,0.008481547
-0.021937199,0.017084802
-0.027735114,0.023128834
-0.027502991,0.024211593
-0.021995516,0.020231621
-0.0135225495,0.012981089
-0.004637948,0.0045596985
0.0025477766,-0.0037367234
0.0067789666,-0.011430335
0.0073645515,-0.017451677
0.004549999,-0.021214975
-0.00040532977,-0.02311508
-0.006114129,-0.023926847
-0.011185936,-0.024251342
-0.01452975,-0.024367975
-0.015531488,-0.024183217
-0.014192032,-0.023348624
-0.0110874865,-0.021592876
-0.00714783,-0.018913869
-0.0033100988,-0.015821688
-0.00034709423,-0.012978636
0.0013315988,-0.0110249985
0.0016206721,-0.010213114
0.00075226114,-0.0102222245
-0.0007915559,-0.010108336
-0.0023581004,-0.008555458
-0.0033514665,-0.0043726955
-0.003492859,0.0028680735
-0.0027581127,0.012918245
-0.001244638,0.024569822
0.00042322674,0.03528392
0.0010048408,0.041706104
-0.0006661324,0.040916875
-0.0044668503,0.03236774
-0.008792528,0.01840835
-0.012120535,0.0025684775
-0.013936692,-0.012441686
-0.013033427,-0.024371872
-0.008010821,-0.030570805
0.00095369667,-0.030146806
0.011561851,-0.02492924
0.021382013,-0.018196473
0.02822259,-0.013033295
0.029780166,-0.011603485
0.024946628,-0.014688391
0.015189781,-0.021489242
0.002940858,-0.02995195
-0.00953569,-0.03686688
-0.018743211,-0.038569756
-0.020796318,-0.03289407
-0.015088166,-0.02088564
-0.0046923314,-0.0057295403
0.0077148285,0.009303108
0.021600105,0.022213874
0.033456944,0.029331781
0.03773251,0.028456347
0.03249287,0.020507399
0.021226978,0.008468963
0.007959638,-0.004707399
-0.0057855397,-0.017035877
-0.01956747,-0.027024832
-0.03058663,-0.033084743
-0.036034457,-0.035345584
-0.03532295,-0.03498224
-0.030023307,-0.03341955
-0.022437222,-0.031652853
-0.014293826,-0.029932244
-0.0066827456,-0.027819164
-0.00014226805,-0.024563983
0.0049064355,-0.019682718
0.008382892,-0.013335002
0.010022191,-0.0064683417
0.009764964,-0.0003878624
0.0076806694,0.0034532258
0.0040775733,0.0039015291
-0.00033097682,0.0006500472
-0.0045152903,-0.005488312
-0.0075301807,-0.01307302
-0.008075572,-0.020050706
-0.005172353,-0.024139274
0.00111878,-0.023691794
0.009353466,-0.01848714
0.017436711,-0.0097270105
0.02342225,0.00074516673
0.025297727,0.010913957
0.02142798,0.018629776
0.011807499,0.022174727
-0.0014129997,0.021248251
-0.015528144,0.017129727
-0.028235074,0.011619664
-0.036742564,0.006342679
-0.03802447,0.0027514559
-0.031102292,0.0021094624
-0.018292436,0.0050668325
-0.003121917,0.0110507365
0.012775082,0.018527446
0.028386433,0.025212567
0.04059117,0.028718084
0.04577366,0.0274472
0.042809054,0.021292597
0.034546405,0.01145281
0.024713965,-0.0002483451
0.015506083,-0.011860454
0.007759739,-0.02166618
0.0022930042,-0.02786338
0.00013029482,-0.029149104
0.0012953121,-0.02576755
0.0047738464,-0.019519737
0.009265042,-0.0128361285
0.013704491,-0.007959304
0.017123653,-0.0065815165
0.01866647,-0.009611762
0.017974988,-0.016854873
0.015128487,-0.027132172
0.010304555,-0.038528223
0.003996483,-0.048463434
-0.0026512018,-0.054096293
-0.008037495,-0.053406022
-0.011229662,-0.046496037
-0.012525905,-0.03543515
-0.0126220845,-0.022691464
-0.01183599,-0.010153926
-0.010182646,0.0010019023
-0.007578963,0.010296076
-0.004047163,0.017471014
8.123336e-05,0.022366397
0.0042149625,0.025180409
0.007624905,0.026182678
0.009541633,0.02553112
0.009367923,0.023247488
0.0069212043,0.019349556
0.0026410813,0.014070197
-0.0024737173,0.008000931
-0.0072219055,0.0020005314
-0.010321837,-0.003039104
-0.010332627,-0.006184147
-0.0063768295,-0.0067219054
0.001203602,-0.004584456
0.011334589,-0.0005683886
0.023001684,0.004124889
0.034280274,0.008021618
0.042490695,0.00978927
0.045250565,0.008650007
0.042167287,0.0045998865
0.03529337,-0.0018144185
0.027441971,-0.009679711
0.020691834,-0.017905591
0.016127236,-0.025472498
0.014173794,-0.03145737
0.014411225,-0.03523166
0.015481046,-0.03656347
0.015512876,-0.035597004
0.012922022,-0.03274901
0.0070898733,-0.028648676
-0.001354175,-0.023989435
-0.010881865,-0.01923026
-0.019575484,-0.014471257
-0.025333684,-0.009946428
-0.026502496,-0.006357329
-0.022938244,-0.0044664526
-0.01617403,-0.004593282
-0.008586133,-0.006643359
-0.0024741858,-0.010376859
0.00044630113,-0.015281717
-0.00076317147,-0.020333001
-0.005748103,-0.024387008
-0.012983339,-0.026649045
-0.020342393,-0.026769556
-0.025687912,-0.024851464
-0.027640264,-0.021425718
-0.02623672,-0.017197752
-0.022850689,-0.012701638
-0.019387951,-0.008184383
-0.017449468,-0.0036527864
-0.017845547,0.0009964332
-0.02038624,0.0058319247
-0.023885993,0.010659263
-0.026462106,0.0147947995
-0.026201243,0.01713528
-0.022060027,0.016742438
-0.014463681,0.013578612
-0.005109081,0.008545393
0.003792655,0.0028689406
0.010325683,-0.0024526352
0.012704739,-0.0059260232
0.010091953,-0.005864759
0.003596217,-0.001888391
-0.0045829136,0.005153115
-0.012166508,0.014647416
-0.016474208,0.024860784
-0.015584672,0.032808688
-0.009449161,0.035820246
0.00012691067,0.033311334
0.0106200725,0.026583701
0.019693565,0.017415117
0.025353499,0.0075712916
0.026366089,-0.00095280126
0.022920962,-0.00622775
0.016726194,-0.007353936
0.01014701,-0.0046992935
0.0052804328,0.000610092
0.0034975677,0.0073537556
0.005290917,0.01418518
0.01006906,0.019554831
0.016120657,0.022347327
0.021345517,0.022267284
0.024013348,0.019737473
0.023428801,0.015800826
0.020257758,0.011724436
0.016115962,0.008664457
0.012887466,0.007401378
0.012198116,0.00829789
0.015054772,0.0111249015
0.021594148,0.015066383
0.030868335,0.018766558
0.04065577,0.020587992
0.047489695,0.019139769
0.047775645,0.013974305
0.040345058,0.0057633524
0.027236773,-0.004307103
0.011293593,-0.014903646
-0.006149382,-0.0246646
-0.02418891,-0.031610098
-0.039309777,-0.03353922
-0.046712216,-0.02994376
-0.04422739,-0.022533836
-0.03448912,-0.013846851
-0.021597503,-0.005950016
-0.008538047,-0.000460595
0.0027248317,0.0015965117
0.010908155,-2.0555552e-05
0.01430288,-0.0042987093
0.012491496,-0.009321497
0.0066710557,-0.013073892
-0.0013566901,-0.014315745
-0.009629212,-0.0124773765
-0.016349643,-0.007843698
-0.02030921,-0.0014779529
-0.021154936,0.005116571
-0.019411325,0.010675073
-0.01619204,0.014486064
-0.012749322,0.016570928
-0.010144922,0.01742993
-0.008917769,0.01768882
-0.008949131,0.017639576
-0.009595479,0.017052375
-0.009936183,0.015258033
-0.009107601,0.011533913
-0.0066391593,0.0057075196
-0.002601407,-0.0015338159
0.0023615963,-0.009037788
0.0075470824,-0.015169722
0.011856383,-0.017438153
0.014357261,-0.013877243
0.01440795,-0.0045350916
0.01219898,0.008700229
0.008623528,0.02378865
0.0045327498,0.038140964
0.0004884527,0.04778098
-0.003152327,0.04874246
-0.005402795,0.040624797
-0.0050035412,0.027216636
-0.0017450085,0.013331262
0.0034947807,0.0024516264
0.009696202,-0.0036720173
0.016252084,-0.004138066
0.02233472,0.00090444006
0.027310606,0.00929194
0.03070087,0.018242313
0.031992648,0.02508621
0.030598901,0.027861588
0.026648592,0.026314132
0.021053959,0.02193467
0.014782603,0.017003037
0.008225168,0.013297996
0.0014338979,0.011560502
-0.0055773123,0.011409322
-0.012601829,0.011546153
-0.019114356,0.010272571
-0.02437278,0.0063192113
-0.027480941,-0.00036328763
-0.027522322,-0.008406773
-0.023739746,-0.015444643
-0.01591345,-0.018932592
-0.004901079,-0.017369911
0.0075660083,-0.011372367
0.02028859,-0.003409181
0.03232673,0.00360614
0.041434333,0.0062493803
0.044934947,0.0020152414
0.04252119,-0.009226073
0.036584686,-0.025471603
0.029148921,-0.0436559
0.021454323,-0.05907703
0.016166363,-0.065037824
0.016462546,-0.057127416
0.021362348,-0.03906461
0.02799015,-0.017958485
0.03592436,0.0013092448
0.04407487,0.015380032
0.04808847,0.020193245
0.044073176,0.014201848
0.034489386,0.0007234298
0.023362054,-0.015446503
0.01166567,-0.030113066
1.1335697e-05,-0.03875312
-0.008860231,-0.03755443
-0.012949755,-0.027058572
-0.013289667,-0.0118504
-0.011744247,0.003476723
-0.009216835,0.015996201
-0.006675941,0.02293991
-0.005531492,0.022919592
-0.0063110646,0.017773366
-0.008397003,0.011213714
-0.010865166,0.0067622145
-0.012784072,0.0069234637
-0.013344238,0.012633841
-0.012130592,0.023015276
-0.009112818,0.035667732
-0.0049028946,0.047003888
-0.0012257833,0.052810647
-2.3865481e-05,0.050016362
-0.0015747563,0.03906578
-0.0043524224,0.023298137
-0.0069416445,0.00624477
-0.00911771,-0.009847561
-0.010242901,-0.024164472
-0.008970603,-0.03468002
-0.004312676,-0.0398712
0.003133046,-0.039414443
0.011685829,-0.034182616
0.019414093,-0.025631674
0.024816787,-0.015179987
0.026855726,-0.0040471875
0.025086079,0.006471521
0.019730208,0.0149901435
0.011690147,0.020255769
0.0023246747,0.021386202
-0.0067660776,0.018292755
-0.014145157,0.011832205
-0.018861199,0.0036326204
-0.020469554,-0.0042716456
-0.01893643,-0.009737386
-0.014791056,-0.011044503
-0.009244439,-0.007574503
-0.0039131343,-0.00022274214
3.3387187e-05,0.0092379125
0.0023453152,0.019073261
0.0025696536,0.027007302
0.0006235667,0.03109242
-0.0027422793,0.030592674
-0.0060418826,0.026320856
-0.007703849,0.020076675
-0.0067069903,0.013801379
-0.0028045662,0.008897913
0.0033907914,0.00592057
0.010845493,0.0044335756
0.018057683,0.0033826577
0.02298929,0.0017871632
0.023853201,-0.0009010155
0.020040415,-0.0045782384
0.01243038,-0.008650169
0.0028360495,-0.012257951
-0.0067890664,-0.0144034745
-0.01416987,-0.0141883
-0.016888145,-0.011564047
-0.013749609,-0.0074842027
-0.005503013,-0.00333279
0.005929015,-0.00044307328
0.019074269,-9.597709e-05
0.031417776,-0.0032803728
0.03966036,-0.009717622
0.041359738,-0.01780068
0.03637599,-0.025662906
0.026633516,-0.032035176
0.014866805,-0.036228303
0.0036839372,-0.03759259
-0.004521976,-0.03550528
-0.008003227,-0.029831626
-0.006477839,-0.021121005
-0.0012213334,-0.0103835305
0.0060496773,0.0010879249
0.014516302,0.012364532
0.022795515,0.022066515
0.029064192,0.02818025
0.031687696,0.029175201
0.03074718,0.024806662
0.027743492,0.016472338
0.024457578,0.0065576476
0.021759547,-0.0024482552
0.019741338,-0.008328551
0.018206151,-0.009405082
0.016934285,-0.0055308687
0.015714718,0.0017520003
0.01463872,0.009778141
0.013873047,0.015618986
0.01355117,0.016601712
0.013901438,0.01163463
0.015309479,0.0020118158
0.017718926,-0.009685542
0.020117072,-0.02045003
0.02130198,-0.026469905
0.020350328,-0.024757437
0.016801301,-0.015842656
0.010962917,-0.0035268068
0.0042267833,0.008088255
-0.0018177512,0.016132075
-0.005581078,0.017463414
-0.005490843,0.011008187
-0.00081434764,-0.000349621
0.00771381,-0.0125942025
0.018679475,-0.022934897
0.030006513,-0.0270081
0.03883387,-0.021646
0.042477716,-0.008012958
0.0402036,0.009023298
0.03306351,0.024143437
0.022653986,0.032895207
0.011299318,0.032104958
0.0023636166,0.022442605
-0.0017635206,0.008236725
-0.0013469601,-0.0053058923
0.0018886719,-0.015184647
0.006409644,-0.018430084
0.01014945,-0.014133453
0.011175607,-0.00511358
0.009187612,0.0042068246
0.0051407325,0.0099778455
0.0006585747,0.009391111
-0.0019345069,0.0022586219
-0.0008969721,-0.008575677
0.004100011,-0.019649846
0.012627905,-0.026631134
0.023102652,-0.02537745
0.032649826,-0.014872798
0.03871157,0.0019683335
0.04018982,0.020505687
0.036476366,0.035504565
0.027324865,0.04125866
0.015534669,0.034699373
0.0066254726,0.01913079
0.0034558808,0.0009873863
0.0051962864,-0.01479767
0.01051457,-0.025194164
0.018223843,-0.025429029
0.025386672,-0.015156622
0.029555457,0.0013034458
0.030335242,0.018736051
0.027537905,0.032112386
0.021349547,0.03627881
0.01379291,0.028948536
0.00876074,0.013684204
0.0079783555,-0.003747938
0.010176866,-0.01984512
0.013556858,-0.030957578
0.016559072,-0.032320704
0.017069442,-0.023173597
0.013797207,-0.0077639637
0.007581999,0.008985057
0.0004282842,0.024928845
-0.0056517804,0.037698057
-0.008213585,0.044174194
-0.005752723,0.043107346
0.0018405234,0.037074495
0.013178859,0.029774258
0.02598958,0.023254678
0.037334025,0.017785825
0.04363999,0.013513297
0.04228471,0.010735074
0.033708077,0.009216023
0.020883588,0.008259155
0.007233792,0.007818624
-0.0048599476,0.008723281
-0.014219472,0.011491587
-0.01957494,0.015661355
-0.020703983,0.019900879
-0.018706577,0.022616524
-0.015178776,0.022395166
-0.011416231,0.018497761
-0.008056147,0.011351576
-0.004949595,0.0024813004
-0.0017478833,-0.006205995
0.002048417,-0.013010121
0.006732209,-0.016142474
0.011982183,-0.014798404
0.016788164,-0.009790649
0.020083217,-0.0030675924
0.021092897,0.0031777734
0.01953782,0.007176783
0.01604642,0.008180393
0.01217731,0.006826422
0.009735736,0.0048185335
0.009960339,0.004154039
0.013350968,0.0062830537
0.01957391,0.011551496
0.02742028,0.01893557
0.034701232,0.026199501
0.038260628,0.030434474
0.035253543,0.029187584
0.025958639,0.021947278
0.013664283,0.0105389375
0.001389994,-0.0019649637
-0.010238767,-0.0127011845
-0.020442447,-0.019421441
-0.026378999,-0.019447602
-0.027110273,-0.013230391
-0.024474747,-0.0032500178
-0.02067956,0.0072915023
-0.01728592,0.01550602
-0.0152709205,0.018913299
-0.015259479,0.016402323
-0.017022254,0.009034062
-0.019848486,-0.00079182314
-0.023063587,-0.010769738
-0.025712285,-0.018916007
-0.02674402,-0.02394093
-0.02563536,-0.02578816
-0.022676079,-0.025585989
-0.018511526,-0.02482317
-0.013642538,-0.024536688
-0.008172434,-0.02488065
-0.0019840205,-0.0250326
0.0048520565,-0.023732208
0.012008627,-0.019847639
0.018848581,-0.013173904
0.024536174,-0.004572656
0.028035145,0.0042361193
0.028109742,0.0110278195
0.023920298,0.013647688
0.015992256,0.011063894
0.006272513,0.0040868237
-0.0031352295,-0.004971151
-0.01154559,-0.013840748
-0.017330188,-0.019957298
-0.018363798,-0.021301938
-0.014275752,-0.017750647
-0.006785918,-0.011128379
0.0018647666,-0.0041364767
0.010196563,0.0006728953
0.016652538,0.0017129688
0.019244133,-0.0013707476
0.017147811,-0.0069620367
0.011006718,-0.01255312
0.002059161,-0.015552106
-0.008092281,-0.014060994
-0.017753499,-0.0075009107
-0.025307378,0.0031216338
-0.029475499,0.01537539
-0.029509708,0.025790453
-0.02583067,0.030897528
-0.019817013,0.029173689
-0.013231128,0.022100128
-0.007569002,0.012853057
-0.0039807884,0.004474477
-0.0032077953,-0.00082725374
-0.005349444,-0.0018524397
-0.009836059,0.0013690055
-0.015634065,0.0073209796
-0.021379163,0.013543541
-0.025735358,0.01726253
-0.027656822,0.016472692
-0.026676392,0.011253456
-0.023027638,0.0038911076
-0.017472448,-0.0024642372
-0.0109275775,-0.005108242
-0.004242999,-0.0025046098
0.0018283594,0.004970276
0.007535159,0.015668549
0.01319161,0.026619678
0.018217513,0.0334969
0.021250935,0.032274213
0.021552755,0.021884004
0.019947354,0.0048252465
0.017119331,-0.01563856
0.011721995,-0.03727025
0.0027270399,-0.055677664
-0.0077698873,-0.06437436
-0.015126818,-0.05918669
-0.017536893,-0.043697838
-0.016608417,-0.024580834
-0.013024165,-0.006445543
-0.0066790935,0.0079705855
0.002221041,0.016797338
0.011620295,0.018180894
0.018671524,0.012567425
0.021532329,0.002580656
0.019603435,-0.008836121
0.013291002,-0.01905711
0.004004804,-0.026145881
-0.0058942693,-0.029223735
-0.0136009855,-0.028653624
-0.01678658,-0.025777962
-0.014410961,-0.022251211
-0.007030765,-0.019310432
0.0036670167,-0.01760434
0.015775576,-0.01728456
0.027333237,-0.017731475
0.036085084,-0.017631263
0.040044736,-0.015517172
0.038469084,-0.010929854
0.03209914,-0.0047686836
0.022648718,0.0015103942
0.011867624,0.006713539
0.0010538794,0.010249789
-0.009170737,0.01196883
-0.018354854,0.0115878275
-0.02588446,0.009058516
-0.031179162,0.0046929526
-0.03376441,-0.00094327814
-0.03339489,-0.0072100763
-0.030175513,-0.01347078
-0.024630817,-0.019206991
-0.017636912,-0.02402276
-0.010241943,-0.027548619
-0.003446669,-0.029310336
0.0018972519,-0.02870307
0.0051947124,-0.025315186
0.0062740156,-0.019275982
0.0054374984,-0.011353934
0.003322695,-0.0027291938
0.0007582614,0.0053795166
-0.0017536387,0.012079731
-0.004025115,0.015945144
-0.0061422465,0.01597945
-0.0081851175,0.012291029
-0.010198253,0.0061036246
-0.01223166,-0.0007330555
-0.014165078,-0.006207832
-0.015478337,-0.00829188
-0.015521529,-0.0055327164
-0.014164677,0.0022645707
-0.01166562,0.014230196
-0.007871379,0.029013583
-0.0025404263,0.044279
0.0038715836,0.05644372
0.009801147,0.061176017
0.013563134,0.055827
0.015692554,0.042139113
0.018068489,0.02426478
0.021413263,0.005452105
0.025129272,-0.012919755
0.027814161,-0.029596694
0.028032135,-0.041585013
0.02493318,-0.045956884
0.018494297,-0.04254834
0.009362907,-0.034427658
-0.0013161685,-0.025048133
-0.01201948,-0.016369797
-0.021186462,-0.008908536
-0.027156947,-0.0028154312
-0.028781626,0.0018255294
-0.026308574,0.0054333806
-0.021420792,0.008809069
-0.016243702,0.01259339
-0.012489059,0.01684622
-0.011178475,0.020944195
-0.01247838,0.023766313
-0.015533597,0.024088884
-0.018672833,0.021088488
-0.020048777,0.014822505
-0.018432587,0.0063508474
-0.013807716,-0.0026252663
-0.0073132785,-0.010495544
-0.000492893,-0.016107615
0.0050927806,-0.018494084
0.008183989,-0.017237801
0.008491006,-0.013067475
0.0069511924,-0.007581222
0.0053531197,-0.0024087967
0.0056363656,0.0013149099
0.009178913,0.0029996117
0.016302979,0.0024808347
0.026058841,5.3152242e-05
0.03632808,-0.0036230576
0.044129074,-0.007488006
0.046439487,-0.010142199
0.04185785,-0.010680202
0.03175565,-0.00956349
0.019197566,-0.0078585
0.007148719,-0.005981439
-0.0023007772,-0.0036044684
-0.0081491815,-5.7472054e-05
-0.010087993,0.005028515
-0.009007742,0.011742347
-0.0067651765,0.01986713
-0.005031704,0.028670926
-0.0048878104,0.036762428
-0.006416699,0.04218813
-0.008456383,0.042894468
-0.008880299,0.037879292
-0.005585149,0.028249513
0.0022651493,0.016777411
0.013870927,0.00621883
0.027851239,-0.0023837537
0.04164227,-0.007872426
0.05137091,-0.008146485
0.053346742,-0.002140713
0.046715073,0.008018157
0.03415184,0.018083693
0.01967869,0.02487079
0.0067407344,0.026824312
-0.0020705992,0.023189321
-0.0051735905,0.014646528
-0.002835515,0.0037517447
0.0028276686,-0.0066306884
0.009417376,-0.015284624
0.014684703,-0.020239517
0.017095216,-0.020103808
0.016509015,-0.015423901
0.014263907,-0.008299534
0.012408467,-0.0009746157
0.012849156,0.005079983
0.01648969,0.009009914
0.022749776,0.01045007
0.029659886,0.009609953
0.034253567,0.0072419434
0.033554222,0.004418709
0.02616149,0.0018820922
0.013181927,-0.0004442999
-0.0025944263,-0.002927489
-0.019447373,-0.0051695397
-0.03525233,-0.006412545
-0.0456466,-0.0061984854
-0.04696123,-0.00445994
-0.03924455,-0.0005590477
-0.026247185,0.00613893
-0.012006869,0.015483009
0.0017555283,0.02647077
0.014445256,0.037231054
0.024242532,0.04498701
0.028994374,0.047092058
0.027925624,0.042595275
0.022979934,0.03314576
0.016522665,0.02168207
0.009488424,0.011102074
0.0017242372,0.0036564989
-0.007273567,0.0008617507
-0.017584061,0.0031112013
-0.02834914,0.010081681
-0.038022112,0.019994274
-0.044717215,0.030168233
-0.046524096,0.037225105
-0.042767093,0.038489584
-0.03457467,0.034466367
-0.02425236,0.028199185
-0.014193835,0.022363279
-0.0063364613,0.018320907
-0.0018134878,0.01640049
-0.0009065817,0.01622063
-0.0028367247,0.016679171
-0.006023923,0.016282056
-0.008591722,0.013701257
-0.009016599,0.00841474
-0.006720533,0.00114986
-0.0024193488,-0.00652932
0.0024483823,-0.013075868
0.00600025,-0.01668538
0.0063989423,-0.015884982
0.0026581516,-0.010849701
-0.0048865224,-0.0034063275
-0.015005174,0.0047844853
-0.025700364,0.012727256
-0.034044173,0.018687904
-0.036992826,0.021019714
-0.032792307,0.01973407
-0.022026163,0.017030617
-0.0069883117,0.015598894
0.010228229,0.01675185
0.029005703,0.019902427
0.047950327,0.023548596
0.06432341,0.025753634
0.07358597,0.024636587
0.0718101,0.01947383
0.061443035,0.010373577
0.048366673,-0.0018543056
0.035693593,-0.015197968
0.024115589,-0.027137388
0.014011055,-0.035052035
0.006622112,-0.036503088
0.003147542,-0.030962097
0.0034366944,-0.020462448
0.0064129913,-0.00808201
0.011167729,0.003582468
0.016684888,0.0126761235
0.02106434,0.017371947
0.022220593,0.017144276
0.019413974,0.013233008
0.013514458,0.0077889273
0.0060524703,0.0029856479
-0.0012995392,0.0004315147
-0.0070003155,0.00085764856
-0.009434187,0.0039616274
-0.0076093883,0.008365343
-0.0019812256,0.012158321
0.006118285,0.013705341
0.014794899,0.011721308
0.021776129,0.0058137756
0.025150156,-0.0032030325
0.02405464,-0.0135322325
0.01893235,-0.023004565
0.011160588,-0.029589538
0.0027385913,-0.031730566
-0.004240518,-0.028918505
-0.008428727,-0.02195617
-0.009732996,-0.012572311
-0.009062623,-0.0026702052
-0.007688085,0.0062838444
-0.006792685,0.013354844
-0.0074061365,0.017937
-0.009947533,0.020212557
-0.013839491,0.021129752
-0.017738672,0.021874066
-0.019959982,0.023333782
-0.01900983,0.0257208
-0.014242012,0.028496753
-0.006209486,0.030603325
0.0036258642,0.030726945
0.013261657,0.027636396
0.020591341,0.020800529
0.024145106,0.010857574
0.023720643,-0.00051657204
0.020230614,-0.011211635
0.015198306,-0.019038754
0.010588676,-0.022029044
0.008340764,-0.019298133
0.009399968,-0.011706408
0.01355687,-0.0013691946
0.020183,0.009572354
0.027772306,0.019011114
0.033582456,0.024986288
0.034682542,0.026635746
0.030180106,0.024724435
0.021704115,0.021113278
0.011812245,0.0178057
0.0026568472,0.016282612
-0.0042012534,0.017045576
-0.0076239654,0.019296627
-0.007287173,0.021213863
-0.0042349957,0.020771055
-0.00041643516,0.016761849
0.0021576572,0.009217467
0.0021034752,-0.00062073854
-0.0012066814,-0.01110095
-0.007680452,-0.020177262
-0.015540849,-0.025079276
-0.021716744,-0.024378916
-0.023682436,-0.018645719
-0.020544274,-0.010138382
-0.013154487,-0.0016946393
-0.003320348,0.0042998134
0.0070601995,0.006369106
0.015745556,0.0038710558
0.020144444,-0.0023158055
0.01903582,-0.009704756
0.013198227,-0.015655283
0.004680143,-0.018187726
-0.0038639782,-0.016361503
-0.009923463,-0.010475709
-0.011853023,-0.0019225208
-0.009451616,0.007439229
-0.0036561813,0.016036037
0.0038151601,0.022668712
0.010600726,0.026728515
0.014533048,0.028441863
0.014685327,0.02853134
0.011819436,0.02768147
0.007923645,0.026113907
0.0052907947,0.023500558
0.00568604,0.019249303
0.009755522,0.013092665
0.0168887,0.00527352
0.02539857,-0.0038281933
0.032610543,-0.013174916
0.035534896,-0.020509377
0.03232999,-0.02339471
0.023576304,-0.021422764
0.011842447,-0.016635837
0.00025018922,-0.0115664145
-0.008530202,-0.007986634
-0.0123181585,-0.007183284
-0.009804374,-0.009960595
-0.001853876,-0.015559363
0.0092682345,-0.022221936
0.02077119,-0.027486881
0.02943666,-0.02790983
0.032404438,-0.020813057
0.02877937,-0.0073086005
0.020371145,0.008518098
0.010308759,0.023556089
0.0009706395,0.03540966
-0.0056100977,0.040092185
-0.007823956,0.03483518
-0.005002968,0.022099061
0.0018150825,0.0072820205
0.0104281865,-0.005706615
0.018744186,-0.015136429
0.024675215,-0.017721739
0.026870511,-0.012121548
0.025114562,-0.00081936375
0.020586973,0.012114173
0.014741114,0.023232399
0.008577222,0.029353417
0.002870715,0.028033115
-0.0013993906,0.019692661
-0.0035240971,0.007352323
-0.0038064958,-0.0053382064
-0.0031263763,-0.01619077
-0.0016115318,-0.022680096
0.0008914882,-0.022964712
0.004105677,-0.017427051
0.007471247,-0.008278186
0.010812511,0.0018018039
0.014230989,0.010679495
0.0173556,0.016446466
0.01943874,0.017625054
0.02014093,0.01398574
0.019808022,0.0064897053
0.018968072,-0.003257322
0.01784295,-0.013689882
0.016271833,-0.023126699
0.014137126,-0.029580101
0.011439159,-0.031310357
0.008117159,-0.027716292
0.003995032,-0.01977593
-0.00089881266,-0.009462875
-0.0062054372,0.0010908449
-0.011391991,0.010510582
-0.015702039,0.016921949
-0.018480932,0.01842281
-0.01946534,0.014751681
-0.018866483,0.0075826687
-0.017400656,-0.00041947342
-0.015943758,-0.006590814
-0.015092287,-0.008686655
-0.015086367,-0.005452498
-0.0159391,0.0026185722
-0.01719252,0.013746945
-0.017829383,0.025387911
-0.016941544,0.033988934
-0.014376239,0.036052976
-0.010633095,0.030452184
-0.006322913,0.01943775
-0.0021247044,0.0067207348
0.0010311002,-0.004521103
0.00249254,-0.012334626
0.0023101307,-0.014423618
0.0011572693,-0.010409349
-0.00022379657,-0.0025248667
-0.0011743322,0.006233549
-0.0009995546,0.013348586
0.0002054022,0.016202783
0.0016577238,0.013798365
0.002593262,0.007496112
0.002488023,4.0034036e-05
0.0010000233,-0.005790874
-0.0017742341,-0.007544312
-0.0049574985,-0.0036792404
-0.0076040663,0.0052162153
-0.0088621555,0.017672319
-0.008002944,0.031187782
-0.005348248,0.04219562
-0.0024947994,0.047109116
-0.001453355,0.04420974
-0.0030584168,0.03484935
-0.0067432863,0.02219288
-0.011592018,0.009234409
-0.01687581,-0.002053939
-0.021229254,-0.010566984
-0.022609312,-0.015449432
-0.019891992,-0.016827343
-0.01394155,-0.015624903
-0.006845109,-0.0130971065
-0.00083855056,-0.010400636
0.0022818814,-0.008219571
0.001394806,-0.0066913087
-0.0033771445,-0.0056498414
-0.010775862,-0.004799582
-0.018811837,-0.0036575748
-0.024991635,-0.0020046842
-0.027152818,5.094568e-05
-0.024575626,0.002329287
-0.018416801,0.0048658056
-0.010951314,0.0077940887
-0.0043647788,0.011085589
-5.2540432e-05,0.01444267
0.0014750091,0.01733544
0.00083258253,0.019049887
-0.0002985289,0.018817663
6.588511e-05,0.016066775
0.00329625,0.010745328
0.009516749,0.0034074252
0.017616507,-0.005479529
0.025252063,-0.01538635
0.029317241,-0.024753435
0.027413651,-0.03137572
0.01945208,-0.03393875
0.007785882,-0.033029735
-0.004151919,-0.029963428
-0.012796141,-0.025560055
-0.014958756,-0.020492787
-0.009396629,-0.015604552
0.0020003954,-0.01145978
0.015870215,-0.008568117
0.02817939,-0.0071171834
0.033286855,-0.0065541393
0.026770076,-0.0058556995
0.0097541185,-0.0054602358
-0.013118815,-0.006299854
-0.040930834,-0.0065265154
-0.07094656,-0.003530917
-0.09562912,0.003291891
-0.0964456,0.0057428083
-0.07087254,-0.00061138585
-0.041258175,-0.0033442886
-0.014523389,-0.0025383758
0.0065416526,-0.0019583236
0.02271493,-0.003693207
0.029874064,-0.0063507543
0.027145905,-0.00859102
0.018663842,-0.009885948
0.008936276,-0.009843555
0.0013743809,-0.007812352
-0.0017326704,-0.0034540945
-0.00015337508,0.002836637
0.004743311,0.010003243
0.01086244,0.016435938
0.015461055,0.020611443
0.016505556,0.02152214
0.0139951715,0.018950805
0.009462165,0.014349648
0.005236017,0.00994548
0.0033912899,0.006968206
0.004791854,0.006656588
0.009309361,0.009060717
0.015382743,0.013546344
0.02074773,0.018573489
0.02264083,0.022497417
0.01916996,0.024159769
0.010586653,0.02343138
-0.000949421,0.02143061
-0.013130967,0.020140324
-0.024079198,0.021350294
-0.031875037,0.025922496
-0.035338975,0.03333653
-0.034905553,0.04173971
-0.03226236,0.04835692
-0.029443111,0.050156135
-0.02790538,0.04522523
-0.027620105,0.034218434
-0.027237352,0.019969117
-0.025278442,0.0057356684
-0.020625059,-0.005675448
-0.012663842,-0.012149992
-0.0020997918,-0.012806597
0.009094346,-0.008891703
0.019069947,-0.003010827
0.025846656,0.0019958725
0.02743551,0.0035896515
0.023733027,0.0004855757
0.017238792,-0.006693302
0.01107305,-0.01583329
0.0074249916,-0.024074357
0.008063358,-0.028282044
0.013541253,-0.026517833
0.022097465,-0.019379359
0.030800354,-0.009443752
0.03636835,0.0001491765
0.035153043,0.0062868004
0.025483519,0.0065518976
0.010101103,0.000559837
-0.006650521,-0.009648896
-0.024200521,-0.02156813
-0.03979138,-0.03199596
-0.04750717,-0.03794622
-0.04283692,-0.03797097
-0.029223934,-0.033065375
-0.013544471,-0.025711153
3.0392172e-05,-0.018749539
0.009701924,-0.0139393415
0.014208678,-0.011246255
0.013189849,-0.009466124
0.008315471,-0.007034685
0.0022838367,-0.0028422803
-0.002486964,0.0033153829
-0.0044335136,0.010848198
-0.0028442738,0.017328892
0.00133614,0.019342886
0.0060224375,0.014580265
0.009321365,0.0032828404
0.010396831,-0.0126599325
0.008315449,-0.0308416
0.0030137743,-0.046271086
-0.0028692875,-0.051990632
-0.005462808,-0.043832812
-0.0042479415,-0.025202129
-0.0011397582,-0.0027577092
0.0040509757,0.019123478
0.012264173,0.037561
0.02035412,0.044668797
0.022961983,0.03619037
0.021065012,0.016594503
0.018215535,-0.007278845
0.014476279,-0.03227752
0.008682619,-0.054384638
0.0033929436,-0.06537967
0.0027795334,-0.058903933
0.005327672,-0.03984372
0.0065867477,-0.017091647
0.0056568775,0.004244609
0.0031538198,0.023026725
-0.0024675918,0.037380338
-0.011907455,0.044866577
-0.024121817,0.045707677
-0.036296573,0.04207898
-0.045765463,0.036198176
-0.04997605,0.029310837
-0.04708557,0.02218201
-0.037644234,0.015582145
-0.024689365,0.010248394
-0.011042184,0.006115544
0.001154237,0.002938076
0.010989357,0.0005588182
0.017728332,-0.00053667894
0.020327304,0.0004413944
0.019230831,0.0035222855
0.015473665,0.007841698
0.010193302,0.01238095
0.0041388725,0.016270023
-0.0023241013,0.019124623
-0.009060568,0.021222848
-0.015943868,0.023516504
-0.022707695,0.027437959
-0.028755479,0.033997312
-0.033085704,0.04342316
-0.034475144,0.05445187
-0.032010384,0.0638998
-0.025986297,0.067131326
-0.01823354,0.061380964
-0.01062725,0.048337664
-0.004377194,0.031694446
-0.0005385185,0.014542426
3.7339916e-05,-0.0007677061
-0.0035176147,-0.012802164
-0.010115449,-0.019590234
-0.017851273,-0.019511161
-0.023871448,-0.014012468
-0.026615258,-0.005709711
-0.025070135,0.0025546732
-0.019532787,0.008355145
-0.01138187,0.010591397
-0.0028136394,0.009580419
0.004206202,0.006412496
0.008218016,0.002579504
0.008599379,-0.0007310667
0.0060130428,-0.0026374978
0.002331934,-0.003171426
-0.0002617915,-0.0028405206
0.00010127242,-0.0021933904
0.0043727853,-0.0015138285
0.01231993,-0.0006515352
0.02259573,0.00088405405
0.032775287,0.003730027
0.039758213,0.008257337
0.040679872,0.014106308
0.034473915,0.019591665
0.022801125,0.022317361
0.009127789,0.020615228
-0.0030447629,0.014393508
-0.011264325,0.004971274
-0.014372518,-0.0056173233
-0.012188857,-0.014796101
-0.005922493,-0.019713467
0.0017626061,-0.018533735
0.0076337857,-0.011494275
0.009263186,-0.0009311265
0.005991752,0.009993927
-0.0015126499,0.0185583
-0.011503746,0.02250507
-0.02119996,0.020897139
-0.027499817,0.014874374
-0.02814123,0.0073751854
-0.022620717,0.0019669728
-0.012588058,0.0013254486
-0.0010985467,0.005934729
0.0096859,0.014195996
0.018487545,0.023325767
0.022991974,0.029539282
0.02172079,0.029449318
0.015878402,0.0223147
0.008622897,0.010518627
0.0022823208,-0.0020729147
-0.002960615,-0.012053729
-0.00707295,-0.016373204
-0.009837914,-0.0128173055
-0.012257388,-0.002969838
-0.015577548,0.009801735
-0.019751843,0.021991903
-0.024252832,0.029246341
-0.027997911,0.027851945
-0.02939562,0.017871842
-0.02724419,0.003486888
-0.021722792,-0.010317833
-0.013633013,-0.019685613
-0.00430767,-0.021620385
0.004004887,-0.015522834
0.00901337,-0.0042993976
0.010051944,0.007618551
0.007390583,0.016222779
0.0017266658,0.017581234
-0.004785895,0.010089311
-0.009488877,-0.0040425705
-0.011585776,-0.021734713
-0.01075018,-0.039470654
-0.00639748,-0.052020885
0.0014045374,-0.053897534
0.009905585,-0.043896135
0.015077149,-0.026662117
0.015345706,-0.008290433
0.011657354,0.0070343674
0.0052479887,0.017033096
-0.0027202463,0.019834071
-0.010249638,0.015403779
-0.015459937,0.006249071
-0.017694863,-0.004274604
-0.017174225,-0.013231128
-0.014558281,-0.01834366
-0.010979476,-0.018591145
-0.007840541,-0.014744935
-0.0061169122,-0.008917456
-0.0058196243,-0.0034973586
-0.0061404984,-0.00031703792
-0.0059209242,-0.00044694392
-0.004116573,-0.0040207566
-0.0001294155,-0.010263146
0.006155287,-0.017931059
0.014276211,-0.025449114
0.023172403,-0.031022687
0.03127638,-0.033013903
0.03685884,-0.03042649
0.038513303,-0.023699218
0.03578593,-0.014872025
0.029370148,-0.0065812794
0.020730224,-0.000942347
0.011536287,0.00091083115
0.0033341607,-0.0011209911
-0.0027504754,-0.006133103
-0.0064381445,-0.012745558
-0.007324924,-0.01884259
-0.005561888,-0.022053663
-0.0020187777,-0.020647652
0.0017182614,-0.014430489
0.0039258176,-0.0049139615
0.0036135796,0.0053625987
0.00046979543,0.014153332
-0.00550102,0.018954284
-0.013385858,0.017999431
-0.021344699,0.011554316
-0.027382743,0.0017523168
-0.029681727,-0.008357177
-0.026735036,-0.015369386
-0.018389951,-0.016497329
-0.006883168,-0.011108491
0.004484365,-0.0013709115
0.014164517,0.0094073685
0.020573284,0.018014153
0.020879632,0.020443212
0.014552022,0.014592261
0.00472145,0.0016044719
-0.005620587,-0.01567867
-0.016614482,-0.035505813
-0.026818955,-0.054266978
-0.032609485,-0.06741303
-0.030040195,-0.07095655
-0.021025583,-0.06552651
-0.012352214,-0.05604178
-0.007978249,-0.047185685
-0.008869861,-0.041394815
-0.01444063,-0.039039534
-0.02323652,-0.03870031
-0.03234993,-0.037696894
-0.037690245,-0.033351354
-0.035929635,-0.024441946
-0.027352802,-0.011947716
-0.014714712,0.0019163387
-0.00053632393,0.014739239
0.014190247,0.024416376
0.026189385,0.028036267
0.031148974,0.024790995
0.028259413,0.017088082
0.0205027,0.008541809
0.011113408,0.0022011704
0.0027030236,1.97035e-05
-0.0027664818,0.002393845
-0.004038507,0.008045546
-0.0010173494,0.014055238
0.0046995417,0.01703528
0.010657449,0.014729164
0.014563286,0.0069658356
0.015255442,-0.004383327
0.012642849,-0.016482558
0.0074946415,-0.025944043
0.0019862463,-0.029662918
-0.0012739175,-0.026761793
-0.0010057237,-0.019320225
0.0024831784,-0.010932532
0.008154671,-0.0050534983
0.014467867,-0.0040525473
0.01891099,-0.008742345
0.019139871,-0.017554661
0.014134255,-0.027019655
0.004456065,-0.033134747
-0.007865094,-0.032856546
-0.020002043,-0.025602322
-0.029514112,-0.013410705
-0.034656323,0.00022396
-0.034273773,0.011012607
-0.028535958,0.014884377
-0.01923507,0.010559429
-0.008639375,0.0003941027
0.001321495,-0.012413884
0.009533273,-0.025538942
0.01498227,-0.034899298
0.017647209,-0.036637522
0.017749568,-0.03086402
0.0155139435,-0.021501739
0.01149594,-0.012925472
0.006320691,-0.008132033
0.00043878294,-0.00830097
-0.005901858,-0.012554085
-0.012371861,-0.018363632
-0.0179367,-0.022016602
-0.020847235,-0.020076286
-0.0199605,-0.011383804
-0.01578648,0.002322058
-0.009307539,0.018091362
-0.000691239,0.03248734
0.008275894,0.040429138
0.013652501,0.037902348
0.013060371,0.025804617
0.0075814407,0.008935591
-0.0012761446,-0.007950213
-0.014059178,-0.02203145
-0.029086778,-0.029004037
-0.0412566,-0.025919825
-0.046083774,-0.014603879
-0.043258876,0.000249021
-0.03455318,0.014296998
-0.022067247,0.024392165
-0.008151699,0.028807478
0.0043471646,0.027590685
0.01278966,0.022554554
0.015508111,0.016375326
0.012380827,0.011399355
0.0046299063,0.008714241
-0.0057238187,0.008068966
-0.01672943,0.008371145
-0.026113879,0.0077427644
-0.0317749,0.0042255
-0.03251887,-0.0027044178
-0.02833028,-0.011511023
-0.020276466,-0.019711636
-0.00994032,-0.024772363
0.0010209645,-0.024640389
0.010881799,-0.018590996
0.018082893,-0.0078375265
0.021788254,0.0053183027
0.02149477,0.018440079
0.01665124,0.029012246
0.0072557908,0.034911096
-0.005432493,0.03544007
-0.019325381,0.031659253
-0.03240711,0.025420638
-0.04259356,0.018243669
-0.047335178,0.0109357415
-0.044706576,0.0040146657
-0.035275966,-0.0018123152
-0.021843335,-0.00603731
-0.0075566447,-0.008802962
0.0052180532,-0.010718654
0.015021632,-0.0116928
0.020003166,-0.0105952155
0.019379575,-0.0066214195
0.014183413,-0.00033986528
0.0066254605,0.006849528
-0.001011559,0.013734916
-0.0070314724,0.018826459
-0.010309825,0.020113861
-0.010837065,0.016525444
-0.009618663,0.008976264
-0.008349684,-0.00047214888
-0.008845222,-0.009922925
-0.012194768,-0.017545741
-0.018233057,-0.021344258
-0.025378551,-0.02047128
-0.031440318,-0.015680477
-0.03418928,-0.008917932
-0.03213858,-0.0026084888
-0.025293374,0.0012498155
-0.015250028,0.0018170428
-0.0045157657,-0.00046716316
0.0044947644,-0.0046691685
0.009920161,-0.009385624
0.010081365,-0.012313216
0.0051827123,-0.01144693
-0.0028593638,-0.006432647
-0.011659762,0.002202768
-0.018741872,0.014109411
-0.021558607,0.027569843
-0.018851839,0.039519463
-0.011516538,0.04682647
-0.0023288182,0.047703635
0.0054094177,0.042374715
0.009318171,0.032667167
0.008522948,0.02110578
0.00362739,0.010176719
-0.0039519425,0.0019795755
-0.012736725,-0.0020327156
-0.020262057,-0.001014002
-0.024169004,0.0045769312
-0.02356375,0.0127023775
-0.019317234,0.020793295
-0.013204718,0.026120605
-0.007560156,0.02653246
-0.0044216686,0.021356052
-0.004642901,0.011834109
-0.007780202,0.00048883527
-0.013219722,-0.010207111
-0.019449867,-0.017693764
-0.023956764,-0.019579446
-0.024683855,-0.015503309
-0.02179639,-0.007376796
-0.01671286,0.0017794712
-0.010899168,0.008987631
-0.0055622444,0.011848437
-0.0018816462,0.009150757
-0.0004083811,0.0018313581
-0.00090357714,-0.007666844
-0.0030119894,-0.016515765
-0.005859388,-0.021280173
-0.008197329,-0.01951518
-0.009740078,-0.0114419125
-0.011154002,0.00049191876
-0.013044402,0.013603616
-0.0155110005,0.025102964
-0.018832609,0.031507187
-0.02286736,0.030582754
-0.02663958,0.022943318
-0.02894146,0.011495098
-0.02905194,-0.0005252425
-0.026695164,-0.010622633
-0.022052718,-0.017259613
-0.016169455,-0.020154906
-0.010650103,-0.020355163
-0.006910029,-0.019616803
-0.0056522894,-0.01947242
-0.006670687,-0.020540064
-0.0089734625,-0.022390679
-0.010992683,-0.023744173
-0.011039832,-0.023141652
-0.00808391,-0.019758854
-0.002422728,-0.014011622
0.0045394264,-0.0074822116
0.0112686865,-0.002239038
0.015960427,-7.089459e-05
0.016634455,-0.0021292304
0.012617734,-0.008036358
0.0049519828,-0.016144618
-0.0049096206,-0.023984198
-0.014827024,-0.02849893
-0.021637937,-0.027236978
-0.022949245,-0.01998714
-0.019117678,-0.009035135
-0.012380014,0.0023602045
-0.004850628,0.01124565
0.0015760902,0.015027368
0.004503088,0.011984684
0.0027767601,0.0029255964
-0.0027323936,-0.009669502
-0.011474438,-0.023497583
-0.021629216,-0.03534001
-0.029277531,-0.042010058
-0.03022191,-0.04179282
-0.023495086,-0.035581365
-0.012049522,-0.02595605
0.0007712831,-0.015361829
0.013195177,-0.005535962
0.024372512,0.0031986535
0.03240204,0.010989921
0.035839383,0.018163072
0.035013553,0.024649912
0.0316812,0.02974863
0.027882442,0.032364037
0.025193764,0.03127536
0.024373632,0.02581954
0.02523218,0.016620362
0.026739638,0.005457455
0.027248533,-0.005543708
0.024992524,-0.013891355
0.019019227,-0.017126221
0.009804863,-0.014448155
-0.0010676725,-0.007418222
-0.011828639,0.0016088719
-0.020617537,0.010791098
-0.024837973,0.017246857
-0.023030046,0.01840075
-0.015595893,0.014675612
-0.004474465,0.009081015
0.008023083,0.0046824156
0.020191157,0.0030108013
0.029851597,0.005238201
0.034815855,0.011264295
0.034021523,0.018689835
0.027809767,0.02371904
0.01791583,0.022845978
0.0071732868,0.01461619
-0.0016267616,0.0006115261
-0.007978717,-0.015905641
-0.01227848,-0.032722842
-0.013369026,-0.044386245
-0.009671994,-0.04551087
-0.0023175443,-0.03500718
0.0053167455,-0.017326543
0.011732799,0.0018970809
0.018308718,0.019399364
0.024421617,0.03152931
0.027414283,0.033840794
0.025907736,0.026102796
0.021608002,0.012352401
0.016057396,-0.0027784084
0.009278577,-0.016030313
0.0009419119,-0.024812039
-0.007791985,-0.027203813
-0.0151534425,-0.023857387
-0.020006377,-0.017380813
-0.021883769,-0.010651876
-0.02055631,-0.0057034893
-0.016617417,-0.0034531432
-0.011361908,-0.0034187976
-0.0064990637,-0.0043180264
-0.0036081688,-0.0048192814
-0.00372781,-0.0040569333
-0.0072943727,-0.0020509479
-0.013911289,0.00040590542
-0.022292225,0.0021738668
-0.030494994,0.0019894647
-0.036365543,-0.00097627996
-0.038097933,-0.0065462757
-0.034967046,-0.013334226
-0.027753789,-0.019376583
-0.018451652,-0.02315774
-0.009393008,-0.024149496
-0.0026005541,-0.022790968
0.0006042501,-0.020137308
-0.00012048741,-0.01741005
-0.004039538,-0.015450356
-0.009673225,-0.014235765
-0.01518007,-0.012838585
-0.018653521,-0.009937092
-0.018726895,-0.00452436
-0.015225482,0.0035232538
-0.0089868875,0.013411054
-0.00082967244,0.02363375
0.008306782,0.031743284
0.016696742,0.034953505
0.022503078,0.03170705
0.02515389,0.022849124
0.025476804,0.010992966
0.02440642,-0.0009902004
0.022235453,-0.010640531
0.01895838,-0.015931819
0.014646668,-0.016005911
0.009371353,-0.011956779
0.003240471,-0.006176361
-0.0034372876,-0.0010224534
-0.010295597,0.002168698
-0.016675765,0.0028272222
-0.021550022,0.0014577116
-0.023952253,-0.00041682084
-0.023295542,-0.0009568174
-0.019697607,0.0011152985
-0.014055909,0.005950105
-0.007559793,0.012488988
-0.001085406,0.018851073
0.0044266614,0.022657638
0.007871689,0.021914192
0.008591918,0.016116453
0.006949295,0.0065447474
0.0037037304,-0.0046744524
-0.0009537225,-0.015878638
-0.0067943493,-0.025191657
-0.0127607975,-0.030855943
-0.01752221,-0.032475516
-0.0201306,-0.03105568
-0.02003632,-0.028231611
-0.017070532,-0.025527392
-0.011344184,-0.023793485
-0.0033368743,-0.023143042
0.0061633,-0.023201277
0.01611021,-0.023337154
0.025197785,-0.022885691
0.03186355,-0.021368053
0.03477056,-0.018778522
0.0334597,-0.015669156
0.028712071,-0.012845268
0.02216201,-0.010771785
0.015615809,-0.009250182
0.01055891,-0.0075912457
0.007863124,-0.0051295147
0.007645125,-0.0016380606
0.009261067,0.002458668
0.011446619,0.00612911
0.012583756,0.008007248
0.011246508,0.006969843
0.006937765,0.00276798
0.00032986392,-0.00370799
-0.0077429377,-0.010878515
-0.016165003,-0.016499681
-0.022666097,-0.018126331
-0.025144767,-0.014476159
-0.023176013,-0.0061531216
-0.017973443,0.0047482676
-0.011010331,0.01571235
-0.0032874562,0.024085023
0.0037485592,0.027173556
0.008510599,0.023824817
0.010636388,0.015389373
0.010927229,0.004817175
0.0103498055,-0.0049332352
0.009512558,-0.011347503
0.009024102,-0.012323884
0.009223135,-0.007434804
0.009912506,0.0017646209
0.0108816475,0.013182049
0.011822464,0.024779126
0.012179334,0.034342676
0.011390231,0.040120356
0.009544306,0.041621257
0.007385518,0.03971616
0.005905403,0.035966694
0.0057538827,0.03168131
0.007017905,0.027502947
0.009318709,0.023425033
0.011995004,0.019096559
0.014248796,0.014153514
0.015362649,0.0085877245
0.014916611,0.0028562471
0.012897255,-0.0022341588
0.0096368035,-0.005841031
0.005772034,-0.007410845
0.002137907,-0.0069460566
-0.00044193777,-0.0050723525
-0.0013053638,-0.0028179244
-6.564879e-05,-0.0012259415
0.0033343735,-0.0009728876
0.008597174,-0.0021840858
0.0150012635,-0.004365836
0.02140844,-0.0064773853
0.026388954,-0.007249219
0.02845455,-0.0056866067
0.026505638,-0.0016385209
0.020309953,0.003966939
0.010666494,0.009649639
-0.000990014,0.014335622
-0.013321517,0.01763007
-0.024720874,0.019182678
-0.03313841,0.01882215
-0.0367984,0.016854256
-0.035166368,0.014222595
-0.02938447,0.012138692
-0.021676859,0.011381606
-0.014310625,0.011912356
-0.008956532,0.013147033
-0.006499121,0.014406321
-0.0069826986,0.015194709
-0.009563497,0.015324565
-0.012738722,0.014855511
-0.014842523,0.013891815
-0.014588578,0.012414132
-0.011564149,0.01028888
-0.0064023407,0.0073557496
-0.00045506147,0.0034878792
0.0048340205,-0.0013877668
0.008416174,-0.007201624
0.009563821,-0.013114943
0.00852205,-0.017826343
0.0063723405,-0.020195616
0.0044919383,-0.019696327
0.0039270567,-0.016690955
0.004916962,-0.012348746
0.0067898743,-0.0082251625
0.008200444,-0.005747759
0.0074956035,-0.005740688
0.0033867022,-0.008124248
-0.004472765,-0.011921549
-0.015547767,-0.015440773
-0.028032433,-0.0166567
-0.038562357,-0.014129167
-0.04305643,-0.008030702
-0.039016567,-0.0003065136
-0.02733696,0.0066790762
-0.011067648,0.011347033
0.0069613396,0.0128465155
0.025007507,0.010402037
0.039743125,0.004135026
0.04713411,-0.0032095283
0.0454615,-0.007581647
0.036709223,-0.006850819
0.024820039,-0.0016973037
0.013431713,0.0060886764
0.005100668,0.014862098
0.0012382157,0.022457557
0.0022644713,0.02584408
0.006948568,0.023491543
0.013335344,0.016663602
0.019502686,0.007956027
0.023601202,0.00011869672
0.02425416,-0.0039511668
0.021268016,-0.002263908
0.015647363,0.0047991015
0.008917058,0.0152437305
0.0023684714,0.026977863
-0.0030835862,0.037258055
-0.007062873,0.04279768
-0.009584654,0.04165359
-0.010582898,0.03487744
-0.0099925315,0.025485635
-0.008005376,0.016356308
-0.004935197,0.009203905
-0.0010413491,0.00454775
0.0034013428,0.0019643821
0.008153796,0.00037285688
0.012705914,-0.00136534
0.016330706,-0.0039139064
0.018429523,-0.007147957
0.018752085,-0.010272804
0.017519653,-0.012329593
0.015410046,-0.012765691
0.01332696,-0.011895383
0.012072393,-0.010933731
0.012081663,-0.011529872
0.013274853,-0.0150897885
0.014997966,-0.022186752
0.016112173,-0.032014348
0.015365544,-0.04199318
0.012100912,-0.047801383
0.0068424186,-0.045079004
0.0007023765,-0.032923765
-0.005578345,-0.014527979
-0.011245829,0.0063026696
-0.014772725,0.028448252
-0.014279502,0.047884412
-0.010197792,0.056776047
-0.0052230563,0.050262533
-0.0003560896,0.033076584
0.004571837,0.012791896
0.008640144,-0.005953855
0.010521949,-0.021285832
0.009984969,-0.02894452
0.008203663,-0.026226252
0.0060297935,-0.01578311
0.0039045142,-0.002367806
0.0028002393,0.010476775
0.0033375886,0.020428833
0.005265147,0.025082223
0.00792444,0.024269551
0.011146228,0.020096611
0.01496088,0.01532362
0.019338526,0.011870264
0.024038505,0.010438918
0.028714163,0.010630949
0.032646406,0.011010978
0.034843512,0.010084982
0.034092885,0.006788841
0.029787045,0.0013034565
0.022312807,-0.005055289
0.012611197,-0.010572082
0.0017911965,-0.0137500055
-0.008852153,-0.013682385
-0.017614067,-0.010353731
-0.022783983,-0.00497921
-0.023511,0.00036733184
-0.020234093,0.003944222
-0.014486307,0.0051212558
-0.008309463,0.004534542
-0.0035743548,0.0035943699
-0.0015164383,0.0038444186
-0.0024399315,0.0063653965
-0.0056024175,0.011275166
-0.009351937,0.017415937
-0.0116255935,0.022372957
-0.010648914,0.02321802
-0.005699183,0.01822251
0.0025999504,0.008276341
0.012787471,-0.0043055266
0.02296056,-0.01825023
0.030079119,-0.030378891
0.031488903,-0.03581392
0.026234727,-0.03207603
0.015573364,-0.022405332
0.0019516865,-0.012100631
-0.01219686,-0.004548164
-0.025391512,-0.0010748565
-0.03552496,-0.0033945986
-0.041129634,-0.011533397
-0.04214296,-0.022771183
-0.039627276,-0.03319362
-0.034786303,-0.038852114
-0.028973812,-0.037103467
-0.024001637,-0.028458232
-0.021208197,-0.016443597
-0.020336822,-0.004886095
-0.020101089,0.0033944875
-0.019302638,0.0065486124
-0.017342992,0.004159556
-0.01438163,-0.0019557665
-0.011177286,-0.008949857
-0.008522476,-0.01407062
-0.0068946984,-0.0151174795
-0.006405408,-0.01147516
-0.006726225,-0.004645497
-0.0070414296,0.002992188
-0.006174037,0.009317675
-0.0032596795,0.012484736
0.0017374231,0.011769347
0.008093754,0.0080773495
0.014561227,0.00295407
0.019527452,-0.0021963115
0.021492086,-0.006188582
0.019774843,-0.008644656
0.014972588,-0.010278097
0.008714297,-0.012248147
0.0029157654,-0.015231006
-0.0007951918,-0.018978791
-0.0012922046,-0.022266665
0.001583308,-0.023252709
0.0066416683,-0.020374581
0.0117094265,-0.01335669
0.014623074,-0.0035523898
0.01405901,0.0065390193
0.009647491,0.013892166
0.0022176981,0.015586661
-0.005985163,0.010233038
-0.012328357,-0.0009580705
-0.015328062,-0.015296057
-0.014129437,-0.029251538
-0.008460383,-0.038211644
0.0003208029,-0.03801032
0.008569123,-0.028029239
0.012449469,-0.012040138
0.01062168,0.004696061
0.003933003,0.018526005
-0.0064894985,0.026453417
-0.018016314,0.026123956
-0.026746823,0.018224081
-0.029309625,0.0065174354
-0.02435315,-0.004149182
-0.012957712,-0.009663678
0.0015027112,-0.008427792
0.015566942,-0.0021582528
0.026944768,0.006273742
0.032438584,0.013007212
0.029753186,0.014114358
0.020708628,0.007714262
0.010292389,-0.0046862913
0.0019011771,-0.020047396
-0.0033082175,-0.034940623
-0.0028574301,-0.044336494
0.004477599,-0.04417198
0.015655255,-0.03511898
0.026188308,-0.02190765
0.033177886,-0.009520579
0.03412854,-0.0019904028
0.027564246,-0.0020915759
0.015924187,-0.00983103
0.0029259643,-0.022357412
-0.010093558,-0.035586335
-0.02026382,-0.043838214
-0.02281584,-0.041841146
-0.016801728,-0.029218966
-0.0070550796,-0.0109377
0.002862321,0.0074382895
0.01315205,0.022638397
0.021334719,0.029665349
0.023421021,0.024811793
0.019761322,0.010555968
0.013926028,-0.0077255643
0.006913565,-0.026291644
-0.0009883819,-0.04080752
-0.007195933,-0.046047203
-0.009069637,-0.040311776
-0.0073970794,-0.02788282
-0.0042685117,-0.014532981
-0.0008344752,-0.0043819207
0.002400121,8.02638e-05
0.0045824503,-0.0018602082
0.004757943,-0.008881413
0.0021450697,-0.017834343
-0.0032373182,-0.024831994
-0.010435073,-0.026487976
-0.01807538,-0.021548681
-0.024872385,-0.011446065
-0.029551588,0.0009687286
-0.030770859,0.012304642
-0.027583675,0.01899001
-0.020246834,0.018842759
-0.010195047,0.012754674
0.00056809164,0.0036642975
0.010196341,-0.0060078306
0.01706078,-0.014379924
0.019340713,-0.018593993
0.016728703,-0.017212959
0.010243774,-0.011701204
0.0018238157,-0.004711672
-0.0066020843,0.0015579055
-0.013727996,0.005998226
-0.018510755,0.0073368815
-0.020859063,0.00540729
-0.021749003,0.0013101018
-0.022509346,-0.0032344526
-0.024153506,-0.0065699304
-0.026784737,-0.007356326
-0.029368056,-0.004863603
-0.030030811,0.0007520356
-0.026940746,0.008632642
-0.019126456,0.017464502
-0.0068508065,0.02604614
0.008812649,0.033300396
0.025668586,0.03764858
0.0393858,0.03747362
0.04427876,0.03230947
0.037698608,0.023464048
0.023006022,0.012759687
0.0052731987,0.0018050985
-0.012819398,-0.007403474
-0.030298086,-0.013423386
-0.042314995,-0.01436684
-0.044523116,-0.010772515
-0.03808128,-0.004241328
-0.027992249,0.003220793
-0.018637488,0.009492461
-0.01254887,0.012534207
-0.011035679,0.011116292
-0.013683295,0.0054047797
-0.018649101,-0.002758322
-0.023157628,-0.010912548
-0.02418284,-0.016240845
-0.019725978,-0.016443463
-0.010947895,-0.0109251635
-0.0014421906,-0.0012742827
0.005561869,0.009703624
0.008004646,0.01965773
0.0031296054,0.025275288
-0.008703599,0.02462534
-0.024225002,0.018151999
-0.039944302,0.0081776865
-0.051622972,-0.0026862402
-0.05337186,-0.011538168
-0.041998554,-0.015041281
-0.02284288,-0.010979874
-0.0037018973,-0.0006472417
0.01185879,0.012145701
0.02316788,0.025011616
0.025335032,0.033885382
0.016412448,0.03516218
0.00093550404,0.027911669
-0.014976656,0.014982744
-0.02842166,-0.00021557762
-0.037291855,-0.014935085
-0.038519297,-0.025643412
-0.03095381,-0.028765826
-0.018409887,-0.023126611
-0.0062485733,-0.010924119
0.0028855714,0.003960047
0.010070308,0.018805252
0.016001638,0.030740175
0.020582173,0.035683952
0.024117736,0.031372357
0.027797045,0.0189394
0.032505967,0.0012496493
0.037135977,-0.019816814
0.038925707,-0.04262355
0.03490512,-0.06312947
0.024712507,-0.07442103
0.012049228,-0.071940996
0.00083273865,-0.059592888
-0.0070263245,-0.043291412
-0.010093483,-0.026324885
-0.0077203633,-0.010739035
-0.00066774123,0.0016306988
0.009614665,0.009626143
0.019924102,0.012042226
0.026342442,0.008640544
0.0259959,0.0012338219
0.019414855,-0.007995765
0.008863019,-0.01711466
-0.0032049685,-0.024632564
-0.014384466,-0.029251706
-0.021708341,-0.030286036
-0.023637002,-0.028065924
-0.020983445,-0.02398696
-0.016133163,-0.01936834
-0.01134295,-0.015373908
-0.007721182,-0.012393504
-0.0050077485,-0.010322528
-0.0019393681,-0.008691262
0.0031223812,-0.0069987737
0.011448109,-0.0050294576
0.023305677,-0.0029607075
0.037332322,-0.001450532
0.05000622,-0.0011994251
0.055563346,-0.0021669464
0.048952293,-0.0034673254
0.03127985,-0.005280034
0.0082827145,-0.008342541
-0.016004387,-0.011664092
-0.040784094,-0.0124227805
-0.059251904,-0.008773942
-0.061267737,-0.0027233672
-0.04542095,0.003080796
-0.021901354,0.009570118
0.0022034189,0.01659255
0.025321852,0.021775708
0.043292455,0.022560101
0.04831315,0.018831527
0.039089747,0.012523667
0.023302602,0.004782976
0.007718688,-0.002993764
-0.004133965,-0.009109408
-0.010057746,-0.012450513
-0.008132638,-0.012645871
-0.00016288017,-0.010562454
0.010008476,-0.007817329
0.01898626,-0.0060243476
0.023580806,-0.0064428155
0.02194514,-0.009444572
0.015117587,-0.014559065
0.0059787477,-0.020760316
-0.0028086116,-0.02644833
-0.008711654,-0.029679699
-0.010070894,-0.028877225
-0.0073284307,-0.0237155
-0.0026798712,-0.015439848
0.0015763952,-0.006186507
0.004177056,0.0019867916
0.0050350395,0.007581957
0.0047974116,0.009401422
0.0050655543,0.007244528
0.0074440395,0.0023219578
0.012700952,-0.0035633284
0.020314226,-0.0086567495
0.028447904,-0.011226927
0.034208946,-0.009978137
0.034688257,-0.0048465184
0.028610604,0.0023589116
0.01720058,0.00874846
0.0034864466,0.012158337
-0.009433442,0.01198955
-0.018938363,0.008253448
-0.022552455,0.0018152855
-0.019489765,-0.0049791196
-0.011486714,-0.009098386
-0.00182891,-0.00842552
0.0061978367,-0.0024567072
0.010555978,0.008004493
0.010519087,0.021359948
0.0066621397,0.03496113
0.0006332935,0.045328297
-0.00536474,0.048698343
-0.008966962,0.04296141
-0.008370076,0.030113978
-0.0036863922,0.014779788
0.0030958538,0.0008105049
0.0095732305,-0.010322932
0.014167995,-0.01741954
0.015579996,-0.018689107
0.014046885,-0.0150399115
0.010760587,-0.0090311505
0.0072844266,-0.003136268
0.00474476,0.0009478661
0.0035114565,0.0026459892
0.0029679998,0.0023997899
0.0019468721,0.0015680238
-0.0006473386,0.0017510732
-0.0052993144,0.0042263055
-0.011586373,0.009590757
-0.017983217,0.017499981
-0.022253226,0.026452234
-0.022340778,0.033992376
-0.01751688,0.037686016
-0.008948329,0.036726847
0.00095549464,0.03234004
0.009526418,0.026418386
0.014455345,0.02054752
0.014443492,0.01601988
0.010002129,0.013516228
0.0034554403,0.012753616
-0.0020612348,0.012746522
-0.0035288176,0.012101167
0.0010212283,0.009590726
0.01160313,0.005033288
0.026934609,-0.0015501223
0.044336505,-0.010037583
0.05947887,-0.018888734
0.06662411,-0.024280844
0.061565265,-0.02217812
0.04672233,-0.014978314
0.028004833,-0.008328728
0.009934863,-0.004695667
-0.0048921197,-0.0043932637
-0.015903687,-0.00730542
-0.022320732,-0.013409494
-0.024520447,-0.021090876
-0.024291422,-0.027698155
-0.023405774,-0.030711897
-0.023049612,-0.028449053
-0.023626532,-0.021169519
-0.024571888,-0.011069455
-0.02453702,-0.0010871126
-0.022105398,0.005932875
-0.016624244,0.0076263067
-0.008970359,0.0033390976
-0.00098517,-0.0055806413
0.005406454,-0.017772228
0.008279588,-0.030888485
0.00653279,-0.0411289
0.00122225,-0.0450261
-0.0051689576,-0.042081688
-0.010165282,-0.034518708
-0.012178075,-0.025423912
-0.010662572,-0.01743972
-0.006335555,-0.012384172
-0.001015937,-0.010971192
0.0028819991,-0.012882266
0.003129212,-0.016769111
-0.0014761966,-0.020672997
-0.010400707,-0.022866493
-0.021617705,-0.022448914
-0.03197983,-0.019350456
-0.037808232,-0.014596287
-0.036460396,-0.010094579
-0.028104888,-0.007312479
-0.015549543,-0.00641315
-0.0023236193,-0.006876956
0.008771655,-0.00835689
0.01535225,-0.009673742
0.015405478,-0.009260165
0.009383871,-0.006453357
-0.00021862079,-0.0021371176
-0.010675689,0.0028599147
-0.019591175,0.008228402
-0.024431286,0.012555613
-0.02409803,0.014664044
-0.01940599,0.0147590265
-0.012420145,0.013970427
-0.00531464,0.0135212345
0.000402006,0.014134937
0.0039789467,0.015948031
0.005541267,0.018468792
0.0057331356,0.020775784
0.005582238,0.021703063
0.005829357,0.02040818
0.0067140018,0.016883813
0.007840617,0.0120336125
0.00841996,0.007236458
0.007573892,0.003900062
0.004792345,0.0030516498
0.00022764884,0.0049069943
-0.005357743,0.008790455
-0.0107921725,0.013291457
-0.014701781,0.016406713
-0.016031425,0.016206656
-0.014431464,0.012023047
-0.010359096,0.004918289
-0.004878783,-0.0029494248
0.0008053323,-0.009527552
0.005902204,-0.012801086
0.009806899,-0.011069979
0.01234977,-0.004421851
0.013843419,0.0052474192
0.014942696,0.015473138
0.01591602,0.023309441
0.016365265,0.025768444
0.015749434,0.021397663
0.014159203,0.011416732
0.0120219905,-0.0013099781
0.009253329,-0.01407721
0.0055011744,-0.024202194
0.0014533352,-0.028616805
-0.0016996851,-0.026003793
-0.0034584538,-0.017788248
-0.004086321,-0.0069844876
-0.004030416,0.0034795399
-0.0036016486,0.0116702765
-0.0034784463,0.015844641
-0.004480731,0.015475961
-0.0067913793,0.011817532
-0.009988454,0.006985017
-0.013415184,0.0029639541
-0.016113952,0.0010908677
-0.017035129,0.0016845558
-0.015629154,0.0039315955
-0.01216698,0.0063283574
-0.0075224563,0.0073316772
-0.0029121796,0.0059680315
0.00049079326,0.0022271303
0.0018234248,-0.0029642931
0.0007091635,-0.00809364
-0.0026081253,-0.011236461
-0.0070676897,-0.010883544
-0.011329147,-0.006709696
-0.014314945,0.00039827032
-0.015324229,0.008790968
-0.014124332,0.016309775
-0.01118588,0.020733666
-0.007589567,0.020660263
-0.0044514197,0.016217649
-0.0024437504,0.008854666
-0.0017052108,0.0005910293
-0.0020960488,-0.0068452596
-0.0029587024,-0.012045812
-0.0033097363,-0.013939364
-0.0022628307,-0.012608034
0.00035091006,-0.009071153
0.0042340653,-0.004713616
0.00886152,-0.00077359355
0.0135031,0.001996876
0.017178666,0.0033578929
0.01919359,0.0036770655
0.019383669,0.0036019147
0.018125191,0.0037758418
0.016080823,0.0045582126
0.013927584,0.005950963
0.012099928,0.007645378
0.010662161,0.0091816615
0.009327262,0.010157888
0.0075952746,0.0103826625
0.005037969,0.0099713905
0.0015400095,0.009246017
-0.0026327171,0.008573037
-0.006857141,0.0081817815
-0.010225405,0.0080074975
-0.011765737,0.0076991064
-0.010841821,0.0067956694
-0.007474117,0.005012271
-0.002368555,0.002408481
0.0033097977,-0.0006737896
0.008406008,-0.0038743126
0.011644087,-0.0064855753
0.012144168,-0.007697311
0.00982778,-0.007182527
0.0054098107,-0.005269504
0.00010437835,-0.00272611
-0.004816859,-0.00039151264
-0.00827519,0.0010265051
-0.009460939,0.00088452944
-0.008261125,-0.0009380192
-0.0052375416,-0.0039275372
-0.0013581841,-0.0072868518
0.0023685317,-0.010164767
0.0050820922,-0.011746715
0.006265679,-0.01152395
0.0058814804,-0.009595439
0.004327712,-0.006576964
0.0022655863,-0.0033218504
0.00037727316,-0.00057759375
-0.0008075337,0.0011871638
-0.0010586391,0.0018249425
-0.00041475176,0.0014814659
0.0008339985,0.0005856976
0.0023018906,-0.00038126105
0.0035995918,-0.001054066
0.004425218,-0.0012630585
0.0046196557,-0.0010595236
0.0041716057,-0.0006655992
0.0031789846,-0.00035390083
0.0018067528,-0.00032132183
0.00025119857,-0.000618384
-0.0012917755,-0.0011491773
-0.0026321,-0.0017327226
-0.0035690938,-0.0021860113
-0.0039308607,-0.0023996301
-0.0036224322,-0.00237924
-0.0026684834,-0.0022268768
-0.0012353293,-0.0020812333
0.0003891744,-0.0020489325
0.0018465632,-0.0021419113
0.0027766346,-0.0022622063
0.0029047267,-0.002235802
0.0021418526,-0.0018982156
0.00062437996,-0.0011791808
-0.0013198826,-0.00014272882
-0.0032727248,0.0010482675
-0.004791428,0.0021389755
-0.0055375625,0.0028457618
-0.005378648,0.0029856246
-0.004416662,0.0025507084
-0.0029400643,0.0017068533
-0.0013274003,0.0007330101
6.666924e-05,-7.548688e-05
0.0010062589,-0.00050188374
0.0014158404,-0.0004449487
0.0013713121,3.8703372e-05
0.0010645246,0.00075729645
0.0007124329,0.0014629139
0.00048617233,0.0019326636
0.00046204848,0.0020310562
0.0006131285,0.00175177
0.0008399756,0.0012060265
0.0010232911,0.0005747348
0.0010733102,3.8098184e-05
0.00096302776,-0.00027524016
0.0007330566,-0.0003221234
0.00046793136,-0.00014574252
0.00025650757,0.0001532331
0.00015484233,0.0004593515
0.00016542386,0.0006819062
0.00023981181,0.00077722606
0.00030215923,0.00075358525
0.0002831029,0.0006530934
0.0001494395,0.00052596186
-8.2271545e-05,0.00040870768
-0.00035207192,0.00031220276
-0.00058074127,0.000224358
-0.0006973974,0.00012355215
-0.0006673052,-4.9959885e-06
-0.0005031992,-0.00015755428
-0.00025935547,-0.00031121043
-1.0914684e-05,-0.0004314793
0.00017204735,-0.00048658546
0.0002464764,-0.0004603541
0.00020776212,-0.00035948656
8.564258e-05,-0.00021185116
-6.9213864e-05,-5.647674e-05
-0.00020493583,7.026992e-05
-0.0002849206,0.00014532643
-0.0002965747,0.00016373456
-0.00025033104,0.00013782362
-0.00017189638,8.93603e-05
-8.98367e-05,4.0092527e-05
-2.576198e-05,4.362911e-06
1.0866471e-05,-1.28103175e-05
2.2438177e-05,-1.4983855e-05
1.8018467e-05,-9.982764e-06
7.936867e-06,-4.6187192e-06
-1.4150964e-07,-1.97388e-06
-3.4165669e-06,-1.7995765e-06
-2.6613557e-06,-2.485098e-06
-3.686117e-07,-2.352925e-06
1.1606141e-06,-8.176135e-07
5.292494e-07,9.617895e-07
1.185856e-08,4.7770704e-06
-3.803805e-06,9.5793e-06
-8.463603e-06,1.5101703e-05
-1.0261177e-05,1.92802e-05
-2.8249738e-06,2.0465053e-05
1.819289e-05,1.7446755e-05
5.1028383e-05,1.0192819e-05
8.521263e-05,-3.5952796e-06
0.00011037818,-2.38498e-05
0.00011728703,-4.813106e-05
0.00010300103,-7.1718605e-05
7.488426e-05,-8.7373985e-05
4.9799182e-05,-8.6123284e-05
4.8368238e-05,-6.0148697e-05
8.657903e-05,-6.4009773e-06
0.00016777965,6.994535e-05
0.00027847718,0.00015424633
0.00039025693,0.00022510854
0.00046756858,0.00025747452
0.00048026242,0.00023233407
0.0004148845,0.00014295797
0.0002815364,-5.7772957e-07
0.000112791815,-0.00017245156
-4.5151482e-05,-0.0003371911
-0.00014668121,-0.00045978843
-0.00016011808,-0.00051608984
-7.93056e-05,-0.00050071935
7.429435e-05,-0.0004296823
0.0002578432,-0.00033537924
0.0004201388,-0.00025736858
0.0005171261,-0.0002308165
0.00052373024,-0.00027694044
0.00044100653,-0.0003982131
0.00029435966,-0.0005791598
0.00012471256,-0.0007913371
-2.393547e-05,-0.0009997558
-0.00011712248,-0.0011690564
-0.00013799705,-0.0012666059
-9.134004e-05,-0.0012642872
-1.0712416e-06,-0.0011401251
9.68219e-05,-0.00088163203
0.00016368521,-0.00049291336
0.00016791202,-2.617991e-06
9.346748e-05,0.0005318012
-5.6548895e-05,0.0010266011
-0.0002578277,0.0013820496
-0.00046716045,0.0015080589
-0.0006284909,0.0013547745
-0.0006828203,0.0009383557
-0.00058266,0.0003506562
-0.0003051108,-0.00025511323
0.00013872392,-0.00070382317
0.0007018528,-0.0008452447
0.0013051167,-0.00060916593
0.0018499851,-3.9237984e-05
0.002242433,0.0007057868
0.0024132787,0.0013898797
0.0023375151,0.0017638217
0.0020461276,0.00164845
0.0016245698,0.0009988181
0.0011944297,-7.033137e-05
0.0008801405,-0.0013176908
0.0007768399,-0.0024484054
0.0009391671,-0.0031902047
0.001360874,-0.0033954405
0.0019707007,-0.0030913
0.002646486,-0.0024697825
0.0032443053,-0.0018144639
0.0036238087,-0.0013948113
0.0036752871,-0.0013623446
0.0033455826,-0.0016850794
0.002652131,-0.0021480513
0.0016811286,-0.0024244585
0.00057519216,-0.0021955725
-0.00048847025,-0.001280726
-0.001332904,0.0002745584
-0.0018127545,0.0021997783
-0.0018373368,0.0040458036
-0.001417261,0.005307431
-0.0006766464,0.00560799
0.00017306315,0.0048490963
0.00087707065,0.0032603468
0.0011945354,0.0013335585
0.000951974,-0.0003309518
9.203725e-05,-0.0012008727
-0.001288075,-0.0009622764
-0.0029379174,0.00037159948
-0.0045043468,0.0024653166
-0.005598916,0.0047483053
-0.005898542,0.0065684607
-0.0052378816,0.0074029546
-0.0036602842,0.0070361504
-0.0014118694,0.0056180893
0.001118842,0.003575431
0.0034938056,0.0014220566
0.0052953768,-0.00040640956
0.006179588,-0.0016024215
0.0059675397,-0.002067822
0.004678827,-0.0019276123
0.0025079264,-0.0014196099
-0.00023304386,-0.0007490503
-0.0032067327,3.9820272e-05
-0.0060743387,0.0010688665
-0.008463615,0.002528722
-0.010056342,0.00456063
-0.010627111,0.007141166
-0.010076032,0.009990676
-0.008454428,0.012585712
-0.0059815263,0.014264296
-0.0030479247,0.01444125
-0.00016595049,0.012855499
0.0021497116,0.009743623
0.003491121,0.005810814
0.0036436778,0.002077527
0.0026379323,-0.00037945667
0.0007812147,-0.0006821916
-0.0013766831,0.0015612683
-0.0031545449,0.006148352
-0.0038508365,0.012244623
-0.0029916076,0.018422624
-0.00053464755,0.022978023
0.0030493997,0.024452168
0.0069307354,0.022196509
0.01025004,0.016658004
0.0123602245,0.009132229
0.012874932,0.0012417483
0.0116334865,-0.0054428396
0.008773559,-0.009569716
0.004818546,-0.010376331
0.00047499276,-0.008107796
-0.0036647469,-0.003906244
-0.007257096,0.00073571736
-0.01009893,0.0043227943
-0.012138771,0.0055231387
-0.013470186,0.0037235504
-0.014180139,-0.00067773316
-0.014293525,-0.0065102126
-0.013686317,-0.01221732
-0.01207485,-0.016169468
-0.0092305355,-0.017104223
-0.005324831,-0.014671991
-0.0009748539,-0.009602024
0.0030293097,-0.0033910878
0.006098998,0.0023115922
0.0076720403,0.006185153
0.007198475,0.007234014
0.004709535,0.005371675
0.00093389436,0.0014398621
-0.0031784435,-0.0031603114
-0.0068443236,-0.0070393425
-0.009097998,-0.008961997
-0.009275545,-0.008407385
-0.0074601504,-0.005781627
-0.004357601,-0.0021733176
-0.0008965863,0.0010948001
0.0021384063,0.002956068
0.004120195,0.002890065
0.0047564562,0.0012106353
0.0042943805,-0.0009831673
0.0033685106,-0.00227219
0.002739754,-0.0014119097
0.0030802898,0.0021537882
0.0047784215,0.008054056
0.007895504,0.014966281
0.01195607,0.020728072
0.015941236,0.022947345
0.018688852,0.019995015
0.019656034,0.011904802
0.019116452,0.0002979532
0.017489403,-0.012616947
0.014800615,-0.024348075
0.011350675,-0.031757236
0.00789908,-0.03228076
0.004881532,-0.025771908
0.0020363613,-0.014661689
-0.0010013492,-0.0022714217
-0.0040900665,0.008882634
-0.007112,0.016942168
-0.00975746,0.019664807
-0.011650821,0.016627776
-0.012095657,0.00949399
-0.010859018,0.0008407944
-0.008192893,-0.0069713625
-0.0046429117,-0.012318181
-0.0009148304,-0.014218643
0.0018936553,-0.012810497
0.002914476,-0.009250677
0.0017023325,-0.005112026
-0.0014268626,-0.0016914108
-0.005633684,0.00041926352
-0.00974959,0.0013721935
-0.01240721,0.0017056495
-0.012491321,0.002146383
-0.009627095,0.0032366854
-0.0043724207,0.0050587393
0.0021009608,0.007134702
0.008532724,0.008596863
0.013441696,0.008511067
0.015546767,0.006498306
0.014513536,0.002990621
0.011041424,-0.0009284417
0.006424201,-0.003865702
0.0020218731,-0.0045459326
-0.0010090611,-0.0022375535
-0.002030011,0.0028750778
-0.0010155066,0.0097543495
0.0015069043,0.016602298
0.0043612137,0.021265324
0.0061161644,0.022026109
0.005817263,0.018451454
0.003467296,0.011655644
-0.00018151391,0.0037919378
-0.0043180357,-0.0027892299
-0.008187481,-0.00623436
-0.0107062915,-0.0051429346
-0.011303693,0.00029311614
-0.010309791,0.008479436
-0.008233811,0.017087532
-0.005740511,0.023226185
-0.0037641076,0.02417732
-0.002880432,0.018778691
-0.0027725177,0.008203719
-0.0027902785,-0.0049300157
-0.0028242923,-0.018658057
-0.0024588858,-0.030262433
-0.00090278976,-0.036370546
0.0021396417,-0.035034508
0.005694241,-0.02719125
0.008470089,-0.015854118
0.009812239,-0.0044221072
0.009832738,0.0045253895
0.008589296,0.009212577
0.006226284,0.008673149
0.0032925154,0.0036688321
0.00042412034,-0.0037025188
-0.0025220602,-0.011250931
-0.005794161,-0.01669853
-0.00933722,-0.01830914
-0.013035813,-0.015865214
-0.016672574,-0.010776075
-0.01969868,-0.0052735335
-0.021062339,-0.0017199155
-0.019567475,-0.002059875
-0.014565986,-0.006963082
-0.006397945,-0.01555186
0.0039487416,-0.026445001
0.015107644,-0.03757583
0.025096554,-0.04559164
0.03160407,-0.04630943
0.03277046,-0.038002323
0.028427586,-0.024027683
0.020406773,-0.009538563
0.011497907,0.0020707452
0.004209005,0.009164169
-1.3086505e-05,0.010549496
-0.00043582616,0.0059169494
0.002402456,-0.0026862982
0.0067467913,-0.012826551
0.010169582,-0.021965966
0.0105667785,-0.02689442
0.006845179,-0.025635617
-0.0004765009,-0.019127995
-0.009759531,-0.010230896
-0.018943755,-0.0013278308
-0.025493646,0.005732137
-0.02701106,0.008627798
-0.022847831,0.0064823623
-0.01448834,0.00075909344
-0.0044863117,-0.0060547343
0.0048657255,-0.012426065
0.011967035,-0.01697362
0.015697543,-0.018527593
0.016366081,-0.017296162
0.015514462,-0.014910268
0.015056007,-0.013209853
0.016462661,-0.013459009
0.020153323,-0.0159874
0.025193404,-0.02014599
0.029498408,-0.024182381
0.03053848,-0.025690028
0.026581995,-0.022673745
0.017833868,-0.015336719
0.006329043,-0.005725835
-0.0049482114,0.0042716735
-0.01362294,0.014219825
-0.01675836,0.022084938
-0.012829427,0.02552507
-0.0032829875,0.024799999
0.008736533,0.022055991
0.019712685,0.01898049
0.025821874,0.016862668
0.02409971,0.016812472
0.01471071,0.01880936
0.0009770067,0.021754375
-0.013128514,0.024708014
-0.023361724,0.026255779
-0.025219338,0.024369497
-0.016824031,0.018944522
-0.00073755346,0.012870912
0.019309178,0.008351128
0.04093829,0.0046168664
0.059285052,0.0020811611
0.06744651,0.002544477
0.0609061,0.0066304035
0.044221397,0.010430057
0.025311263,0.010204118
0.009532129,0.005601209
-0.0002805025,-0.0021749989
-0.0033322575,-0.011653732
0.00027861734,-0.021737417
0.008902761,-0.030148959
0.019308396,-0.034869943
0.028155053,-0.034484617
0.032604758,-0.028802786
0.03146001,-0.019587489
0.0260397,-0.010009031
0.019081075,-0.0025166443
0.013153935,0.0018880027
0.009812559,0.003466379
0.009304626,0.0029983642
0.010764547,0.0016304206
0.012555687,0.00032117942
0.012907718,-0.00017306034
0.010737401,0.0003676412
0.006176149,0.0014940863
0.00055453554,0.0024706498
-0.004278198,0.0028324975
-0.0065777055,0.0024755637
-0.00520665,0.0017092589
-0.00046596726,0.0013311801
0.0060544033,0.0022296782
0.012303764,0.0047611776
0.015849544,0.00894746
0.014817899,0.014225757
0.008902936,0.019425813
-0.00054546254,0.023368776
-0.011291269,0.02530139
-0.02082715,0.02484701
-0.026797613,0.022019401
-0.027912896,0.01765634
-0.024714665,0.013337043
-0.019264817,0.010528256
-0.013977464,0.009859254
-0.010607648,0.011089103
-0.009716736,0.013432035
-0.010555746,0.015881252
-0.0112778405,0.017468736
-0.009559252,0.017557302
-0.0036230478,0.016185416
0.006968367,0.014191199
0.021610996,0.0123034455
0.03869841,0.010497913
0.0548579,0.008750842
0.0647825,0.0076767975
0.0630425,0.008309583
0.049704477,0.0098189
0.030665208,0.009736504
0.011571972,0.007345606
-0.0040932237,0.0037756187
-0.014786064,0.00023504415
-0.018290028,-0.0031928134
-0.014033186,-0.0057217074
-0.004984342,-0.0066119945
0.0048382827,-0.0057959096
0.012036202,-0.00382074
0.013411576,-0.0009956897
0.007569026,0.0020333428
-0.003969561,0.0043304176
-0.01884772,0.005759233
-0.034173172,0.0063559995
-0.04564189,0.0052972883
-0.04880373,0.001234882
-0.042143576,-0.0059246537
-0.028433118,-0.014389057
-0.012191506,-0.022701032
0.0032425385,-0.03084614
0.01551255,-0.037921056
0.022314014,-0.04124298
0.022643974,-0.038308356
0.017741773,-0.029883547
0.010212863,-0.01896636
0.0026971512,-0.008173295
-0.002893284,0.000699793
-0.0057596634,0.006330146
-0.00612301,0.0069711227
-0.0051024877,0.0021649369
-0.00418037,-0.006590719
-0.0045894245,-0.017510045
-0.0069418103,-0.027930906
-0.010423728,-0.034472536
-0.012958153,-0.03447288
-0.012643723,-0.027681695
-0.009103278,-0.016355675
-0.0030661954,-0.0036085935
0.00475349,0.007885852
0.013712877,0.016394356
0.021142494,0.019647865
0.023895705,0.0173526
0.02096306,0.011211822
0.013606899,0.0037473566
0.004068516,-0.0027227253
-0.005618017,-0.006655738
-0.01346578,-0.0071426956
-0.016933816,-0.004475228
-0.0150621,-0.00025607826
-0.008959814,0.0038231316
-0.00081165315,0.006583817
0.0070739253,0.0074486327
0.012351445,0.006487493
0.0130617935,0.004776807
0.008967427,0.003781673
0.0014605635,0.0044314284
-0.007393949,0.007146959
-0.015642874,0.011724918
-0.021035219,0.016834749
-0.022194946,0.020167159
-0.019349962,0.019878248
-0.014051459,0.015488142
-0.008389176,0.007860353
-0.0041688033,-0.0014907704
-0.0026447016,-0.011275798
-0.0041219383,-0.019827941
-0.007889712,-0.024969487
-0.012063221,-0.025427187
-0.014872259,-0.021419851
-0.01521539,-0.014264662
-0.012929681,-0.005809929
-0.008605882,0.002182498
-0.0032260155,0.008378858
0.0020714954,0.011876369
0.0059890416,0.012189535
0.0076103336,0.00959665
0.0068775485,0.00496493
0.004425387,-0.0005961651
0.0011013009,-0.006083597
-0.0023909796,-0.010642607
-0.0053606266,-0.013497896
-0.007359832,-0.0141867995
-0.008317942,-0.012606412
-0.008413498,-0.009030244
-0.007861506,-0.004041659
-0.006738325,0.0016554132
-0.0048785624,0.0073714675
-0.0020133785,0.012414442
0.0018862647,0.01611582
0.0064820885,0.018077001
0.011062282,0.018283423
0.0146882655,0.017103339
0.016485792,0.015169687
0.015984723,0.013192551
0.01339181,0.011745712
0.009602284,0.011097331
0.005925916,0.011167465
0.0036928474,0.011565373
0.0038632716,0.011663853
0.0066616745,0.010813923
0.011395315,0.008583347
0.01657498,0.0048603374
0.020210931,-2.3490085e-05
0.020385547,-0.0051712487
0.01607883,-0.009353381
0.0076988842,-0.011538693
-0.0032229132,-0.011204018
-0.014863971,-0.008026713
-0.025000347,-0.0017973038
-0.031101122,0.006750994
-0.03161682,0.015903922
-0.02684815,0.023804659
-0.018677257,0.029178916
-0.009633074,0.03144018
-0.0021501258,0.03054407
0.0019446752,0.02703117
0.001961255,0.022021828
-0.0014938276,0.016884096
-0.0070343055,0.012795983
-0.013111717,0.010451353
-0.018244958,0.009842104
-0.021389592,0.010222867
-0.022441456,0.010347526
-0.02228842,0.008997282
-0.022349838,0.0054406393
-0.024011016,-0.00033403447
-0.028222684,-0.0076039825
-0.035186503,-0.014909739
-0.04396001,-0.020149935
-0.052132957,-0.02111456
-0.05629943,-0.016567323
-0.05418996,-0.0071395687
-0.04631251,0.00513285
-0.034503873,0.017904272
-0.020168198,0.02889286
-0.004392267,0.035832513
0.011047772,0.03672368
0.023602325,0.030905413
0.031195696,0.019786559
0.03309637,0.0060803047
0.029581835,-0.0074186553
0.021432571,-0.018423386
0.009840525,-0.025426943
-0.0036391963,-0.027963126
-0.017318826,-0.0265322
-0.029483626,-0.022209525
-0.038402002,-0.016393699
-0.04266099,-0.010592282
-0.0418432,-0.0059266314
-0.036906403,-0.002653227
-0.029748147,-0.00033339515
-0.022450559,0.0015295169
-0.016791778,0.0030723587
-0.0140436385,0.0040555843
-0.014837546,0.004058615
-0.019078014,0.00271128
-0.025983578,-7.2993e-05
-0.034217265,-0.0039450866
-0.041998606,-0.0081202295
-0.047269393,-0.011551187
-0.04826275,-0.0132431835
-0.04454795,-0.012615618
-0.03744661,-0.009824593
-0.028989902,-0.0058621084
-0.020723784,-0.0022370862
-0.013417891,-0.00042079223
-0.0072667007,-0.0013596191
-0.0020875428,-0.0052118693
0.0025678566,-0.011410195
0.0071101524,-0.018665778
0.011676755,-0.025240032
0.016054017,-0.029347897
0.01952525,-0.029875837
0.021089595,-0.026808161
0.019892788,-0.021291519
0.015727282,-0.015017907
0.009244177,-0.009406473
0.0017850389,-0.0050717336
-0.0051194597,-0.0017010241
-0.010155499,0.0016024213
-0.011952574,0.0055001355
-0.0099204,0.010201175
-0.004621274,0.015376673
0.0026517226,0.020051202
0.010107323,0.022683758
0.015539429,0.021724438
0.017094167,0.016551442
0.014326767,0.0080134915
0.008238375,-0.0019713135
6.7640955e-05,-0.011333711
-0.009314241,-0.017949065
-0.018050985,-0.01957654
-0.024010623,-0.015503479
-0.02630208,-0.007043288
-0.025359811,0.0033301872
-0.022072421,0.013007451
-0.017373065,0.019642135
-0.012347399,0.0216279
-0.008047066,0.018902287
-0.005062158,0.012989449
-0.0035062493,0.005996552
-0.0033216323,-0.00032634905
-0.0044209873,-0.0051083416
-0.006543506,-0.008276982
-0.009478329,-0.010630528
-0.013101241,-0.013466248
-0.01743546,-0.017842073
-0.022493495,-0.024001166
-0.028087284,-0.031077914
-0.03356451,-0.03710185
-0.037520405,-0.039480638
-0.038298085,-0.03627606
-0.03549062,-0.027590454
-0.030096326,-0.015566156
-0.023160798,-0.0030922722
-0.0150542185,0.0071904077
-0.005992411,0.0132351685
0.003299699,0.013886484
0.011601654,0.009589662
0.017760802,0.0023930273
0.02078786,-0.0049171373
0.020002589,-0.009545307
0.015516228,-0.009844981
0.008260614,-0.006395865
-0.00032524404,-0.0016155667
-0.0088730175,0.0018572486
-0.016106565,0.0016485242
-0.020687923,-0.004119422
-0.022121591,-0.015240249
-0.020843035,-0.029574119
-0.017798334,-0.043922596
-0.013674404,-0.05373042
-0.008929172,-0.054118104
-0.005147651,-0.043911375
-0.0046529337,-0.027808359
-0.00781795,-0.011545443
-0.013234372,0.0010228105
-0.019369854,0.007687279
-0.024790242,0.0059475102
-0.02842177,-0.004110842
-0.030233584,-0.019516895
-0.031180225,-0.03657061
-0.03184111,-0.05077986
-0.03153549,-0.056569867
-0.029722802,-0.050472073
-0.028646205,-0.03539714
-0.030384524,-0.016988376
-0.03420322,0.0013494556
-0.03789011,0.017987976
-0.039205577,0.030493112
-0.036846094,0.03620135
-0.031091874,0.03496303
-0.023420645,0.02957224
-0.01569866,0.022977976
-0.009759974,0.016735915
-0.0071349405,0.011111803
-0.008598251,0.005812501
-0.014055255,0.00043098867
-0.022648424,-0.0051682116
-0.032777194,-0.010546141
-0.042006638,-0.014656115
-0.047381092,-0.016182179
-0.04664523,-0.014188024
-0.039874848,-0.00856178
-0.029427497,-0.0001471043
-0.017788453,0.009412462
-0.0062382957,0.018210147
0.0047189463,0.024408039
0.01398373,0.02643292
0.020300254,0.024085984
0.023228856,0.018896077
0.023013523,0.013281194
0.019987201,0.00951367
0.0143508185,0.009079065
0.0062953373,0.012260351
-0.003928576,0.018354863
-0.016012968,0.025993146
-0.029192057,0.033135116
-0.041964617,0.037187196
-0.051900342,0.03562034
-0.056043107,0.027390877
-0.052453313,0.014688715
-0.041620947,0.0018685289
-0.026032154,-0.0077456594
-0.008794036,-0.013265685
0.0075630173,-0.015924007
0.021488238,-0.017133703
0.030285118,-0.017815517
0.031460255,-0.018783648
0.024801021,-0.020860618
0.0126205,-0.024558641
-0.0022831513,-0.029367216
-0.017640147,-0.03330979
-0.03029185,-0.033772424
-0.036053985,-0.029174097
-0.032811288,-0.020048408
-0.022598894,-0.008421336
-0.008846074,0.003323891
0.0065691946,0.013106587
0.023034541,0.018795574
0.037389997,0.017843338
0.04575762,0.010153635
0.046713833,-0.0019401917
0.041717235,-0.015246504
0.032970693,-0.026754575
0.02249341,-0.033640333
0.012405845,-0.03379531
0.004565394,-0.026886381
-0.00029154847,-0.0148442285
-0.0025851042,-0.00039468956
-0.0027450328,0.014660443
-0.0014408833,0.028503815
2.6498998e-05,0.038343973
-0.00040645662,0.04234745
-0.0035570068,0.040683012
-0.009044443,0.03528778
-0.015805876,0.0288328
-0.023020335,0.023489574
-0.029561331,0.02063316
-0.034288578,0.020620128
-0.03596445,0.02274177
-0.03433449,0.02555847
-0.029863698,0.027517218
-0.023628222,0.0274937
-0.016830025,0.025196917
-0.010598443,0.021229496
-0.005735862,0.016864585
-0.0026920843,0.013556991
-0.0015974916,0.012461413
-0.0022606968,0.0141460905
-0.0041556624,0.018266456
-0.006510206,0.023481293
-0.008514029,0.027600601
-0.009476604,0.028170427
-0.008929623,0.023643497
-0.0066290535,0.014427439
-0.0027548529,0.002674245
0.0017958303,-0.009176291
0.006174231,-0.019389335
0.009302393,-0.02482816
0.010405876,-0.023306295
0.008797113,-0.015594383
0.0044863806,-0.00492041
-0.0015568682,0.0050981296
-0.008022393,0.0120167555
-0.013382208,0.013114007
-0.015943022,0.0072011184
-0.014558775,-0.003760445
-0.0093745785,-0.016319834
-0.0011753448,-0.026959755
0.008843875,-0.03163053
0.018629592,-0.027115913
0.025544932,-0.0137747405
0.028233232,0.0045883986
0.027186783,0.023888396
0.022970784,0.039949298
0.015832078,0.04740448
0.0073087327,0.042189006
0.0012262551,0.02641609
2.3078364e-05,0.0063641393
0.0024884106,-0.01281588
0.0063117226,-0.029588254
0.009826591,-0.03918018
0.011345015,-0.037762877
0.008927085,-0.027092312
0.0020737255,-0.0133548835
-0.00781096,-0.0019117368
-0.018625986,0.0046522506
-0.027691202,0.003938625
-0.031857517,-0.005049593
-0.029564029,-0.019869886
-0.021294037,-0.036289413
-0.008637217,-0.04997367
0.006247987,-0.05588769
0.019854449,-0.049592096
0.02760854,-0.031904094
0.027306499,-0.009423967
0.020909198,0.011949499
0.011294545,0.029475331
0.00048234718,0.0402002
-0.009046733,0.040120076
-0.014159166,0.028930735
-0.013125062,0.01151453
-0.0072967154,-0.006603635
0.00041055997,-0.02329652
0.007848349,-0.03667856
0.0128003815,-0.043250766
0.013664453,-0.040973507
0.0099030845,-0.03211268
0.002550102,-0.021047529
-0.0063965414,-0.010960476
-0.015049768,-0.0029684915
-0.021916978,0.002662365
-0.025846891,0.00562128
-0.02669943,0.0062779877
-0.025293214,0.005855437
-0.022897525,0.005504788
-0.020524938,0.0059457216
-0.01857591,0.0073597636
-0.016871346,0.009476381
-0.014934972,0.011735995
-0.012314923,0.013549857
-0.008919013,0.014504776
-0.0052468157,0.014524168
-0.0022781428,0.013638507
-0.0012184964,0.011900819
-0.0029834914,0.009344429
-0.007831893,0.006016779
-0.015327109,0.0019745019
-0.024367947,-0.0026752118
-0.03314432,-0.007625224
-0.039344817,-0.012312309
-0.040871028,-0.015877625
-0.036980905,-0.01726173
-0.028979098,-0.015586835
-0.019421449,-0.010729639
-0.01066227,-0.0034973822
-0.0040658023,0.0047013834
0.00028550337,0.012556513
0.0027730502,0.01867529
0.004004738,0.021611653
0.005086302,0.020894969
0.0070181354,0.017275207
0.010199326,0.012381371
0.014177088,0.007989925
0.017692335,0.005522994
0.019099351,0.0058347187
0.017119233,0.008835
0.011462178,0.013311234
0.0030086327,0.017489867
-0.0066404357,0.019662132
-0.015465961,0.018410448
-0.021320945,0.0130545655
-0.022699902,0.00430843
-0.01954101,-0.0058514886
-0.013165414,-0.015287136
-0.00547066,-0.022457806
0.0016822628,-0.026314007
0.006751517,-0.026487876
0.009017991,-0.023775812
0.008969104,-0.019870216
0.008069197,-0.01640932
0.008092475,-0.014237586
0.010421516,-0.013233592
0.015544398,-0.01251716
0.022845894,-0.010826596
0.030689696,-0.0069664335
0.03673121,-0.0003008842
0.03855859,0.008723769
0.034667566,0.01834304
0.025309604,0.025961256
0.01249287,0.029245278
-0.0008433312,0.02705404
-0.011803789,0.01974611
-0.018274646,0.008982462
-0.019354358,-0.0028246795
-0.0154114105,-0.013204362
-0.007874341,-0.020237317
0.0011311545,-0.023061607
0.0093413675,-0.022161951
0.014991114,-0.01918849
0.017265476,-0.016335508
0.016444419,-0.015547065
0.013674673,-0.017821176
0.010346435,-0.022892384
0.0075102584,-0.029358853
0.005762435,-0.035066642
0.005256785,-0.037769396
0.005578688,-0.036146168
0.0057912683,-0.03064005
0.0049734768,-0.023224661
0.00281394,-0.016322095
-0.00030078393,-0.011846409
-0.0035749986,-0.010708416
-0.006114437,-0.012653275
-0.0070849364,-0.016353779
-0.0059098313,-0.019731473
-0.0025183107,-0.020644043
0.0024781614,-0.017780311
0.007931791,-0.011307827
0.012739758,-0.0027512482
0.016172357,0.005882523
0.017453004,0.012503214
0.015897198,0.0153409755
0.011555015,0.013871345
0.0053641177,0.00917032
-0.0015014707,0.0033366503
-0.008318336,-0.0014103563
-0.014346841,-0.0035345498
-0.018243266,-0.0022889508
-0.01901782,0.0015371336
-0.016466176,0.0061259647
-0.011016818,0.009366658
-0.0036552178,0.009618812
0.0043033403,0.0063012983
0.011535273,-8.551783e-05
0.016721888,-0.008167848
0.018784098,-0.015592597
0.017679485,-0.019675711
0.014468872,-0.018788066
0.010892993,-0.01309633
0.008709729,-0.0041591288
0.009371246,0.0061772945
0.013691246,0.016466022
0.02125042,0.024965748
0.030004395,0.03031223
0.036733106,0.032154445
0.038168278,0.031164886
0.03279104,0.028562043
0.02186834,0.025327617
0.008335831,0.021954073
-0.0047741276,0.018737562
-0.014861573,0.015660275
-0.019236067,0.012176839
-0.01628267,0.008137537
-0.007117369,0.00439863
0.0050268243,0.002099592
0.01726177,0.0012407225
0.026098365,0.0019136358
0.027962899,0.004610701
0.021746907,0.008674315
0.009721127,0.012496901
-0.004374519,0.015226331
-0.017405083,0.016835885
-0.026066417,0.016879452
-0.027610239,0.014935939
-0.022091134,0.011816129
-0.012442611,0.00910358
-0.0025609222,0.0076084193
0.004413685,0.007069693
0.006315714,0.00674655
0.0023862198,0.0060144714
-0.0058184196,0.004453264
-0.015759168,0.0022279273
-0.024353659,-0.00013093172
-0.02834272,-0.0018899719
-0.025896251,-0.0021751188
-0.018048484,-0.00026848857
-0.0078696,0.0038595984
0.0016422231,0.009348024
0.0087248385,0.014803812
0.011735819,0.018535193
0.01038494,0.01926231
0.0064892145,0.016732877
0.0028305862,0.011893118
0.0017236564,0.00638542
0.0042474708,0.001939028
0.01003404,-0.00031377224
0.017464036,-0.00010989318
0.023896309,0.0019919882
0.026364781,0.004696045
0.02296999,0.006294352
0.014174882,0.0052855164
0.0026573718,0.0012502217
-0.008559747,-0.0046434556
-0.017547986,-0.010768146
-0.02120309,-0.014819954
-0.017824134,-0.014861482
-0.009081352,-0.01003467
0.0012742879,-0.0012986364
0.010473781,0.009320142
0.016476383,0.019956904
0.016466947,0.027902521
0.009415041,0.0309848
-0.0023386872,0.028778037
-0.015295637,0.02270911
-0.026454488,0.014789802
-0.033148564,0.006606926
-0.03293376,-0.00073817227
-0.025555883,-0.0064206705
-0.013173979,-0.010378078
0.0012412101,-0.0135688335
0.015995316,-0.01763291
0.029728029,-0.02312957
0.040370356,-0.02889562
0.046085734,-0.032052457
0.045992665,-0.029693661
0.04074969,-0.02130651
0.032027744,-0.009050983
0.021614198,0.0043650228
0.011269907,0.016947279
0.0020859004,0.027040834
-0.004896244,0.032088716
-0.00855416,0.030341348
-0.008078942,0.0231196
-0.0037344994,0.014096951
0.002937598,0.0069250623
0.009905003,0.0037813634
0.015120659,0.005380493
0.016654208,0.01105873
0.013442494,0.018208899
0.005877744,0.023240453
-0.0041998294,0.022943808
-0.0139547875,0.015790442
-0.020590993,0.0028848923
-0.022543965,-0.012757458
-0.01931865,-0.027203439
-0.011314111,-0.035813954
-0.00068850955,-0.034573887
0.008385799,-0.023287006
0.012286611,-0.0061670835
0.010569091,0.011536307
0.004280586,0.026230121
-0.0052245683,0.033435624
-0.014890634,0.029639548
-0.020367766,0.0160981
-0.019142887,-0.0016791056
-0.011726967,-0.018430479
0.00035231814,-0.03037685
0.014657773,-0.033895276
0.027141666,-0.027353073
0.03363876,-0.013344465
0.03223093,0.0025608423
0.023709172,0.014719829
0.010882693,0.019
-0.0020479457,0.013924993
-0.011072736,0.0014705089
-0.014555373,-0.014920089
-0.012012666,-0.031842925
-0.003747643,-0.04492288
0.008246244,-0.049993612
0.020139493,-0.04522236
0.027671942,-0.03272587
0.028515521,-0.017403644
0.023270195,-0.0040233037
0.014522594,0.0045690187
0.0055363434,0.007713566
-0.0008060863,0.0063849576
-0.0025222485,0.0024888476
0.0010287185,-0.001733267
0.008962509,-0.0047597215
0.019422565,-0.0063208486
0.029689347,-0.0071163243
0.036444925,-0.0083870925
0.036950763,-0.011342865
0.03060347,-0.016734198
0.019267509,-0.024603084
0.005201204,-0.033963297
-0.010020797,-0.042523853
-0.023937754,-0.046987034
-0.03273452,-0.044630464
-0.03389801,-0.03528417
-0.029159429,-0.021658625
-0.021889756,-0.0070414627
-0.014270993,0.0058781183
-0.007386597,0.01524253
-0.002371075,0.01963176
-0.0003324815,0.01885322
-0.0010759089,0.014742549
-0.0033085912,0.010117317
-0.005372844,0.007629518
-0.005549346,0.009097986
-0.002414397,0.015102018
0.004807432,0.024841603
0.01611767,0.03633261
0.030299935,0.04658824
0.043934308,0.05201976
0.050848942,0.049622416
0.046678513,0.039559044
0.03478822,0.025022183
0.020582667,0.009124474
0.007026724,-0.005633641
-0.0049055377,-0.017818393
-0.01312221,-0.026029821
-0.014021366,-0.028573468
-0.007202114,-0.025904592
0.00409644,-0.019679904
0.016170673,-0.012116451
0.025714567,-0.004836427
0.02899318,0.0012658457
0.02345657,0.005652372
0.010532434,0.0077179377
-0.005621211,0.007806433
-0.022204034,0.0073818327
-0.03577433,0.0071587646
-0.041293897,0.006528366
-0.035957556,0.0046613906
-0.0221357,0.0023419464
-0.0046233055,0.00053628604
0.0128942225,-0.0013351326
0.029174699,-0.004487675
0.040854633,-0.008560886
0.045597073,-0.011890258
0.043730393,-0.013477316
0.037927892,-0.013460845
0.031102074,-0.012593507
0.025066067,-0.011461755
0.02040754,-0.010676548
0.016713616,-0.010802612
0.013302771,-0.012392639
0.009449742,-0.0154825095
0.0051098703,-0.019736487
0.0009123724,-0.024341447
-0.0019157595,-0.028010959
-0.0020161185,-0.029301465
0.0012009499,-0.027249796
0.0068623973,-0.021801468
0.012951016,-0.013770824
0.017104113,-0.004423812
0.017278913,0.0047885096
0.0122814635,0.012295893
0.0027788791,0.016812172
-0.008879248,0.01792791
-0.019570084,0.015917681
-0.025774227,0.011278147
-0.024635233,0.004997642
-0.01596299,-0.001134281
-0.0027200775,-0.0053918264
0.011232227,-0.007729675
0.022716029,-0.008503657
0.027398357,-0.007361986
0.022793207,-0.0042817714
0.010585939,-0.0006284577
-0.004840775,0.002419532
-0.020219997,0.0054751537
-0.03151816,0.008636606
-0.033984736,0.010526549
-0.026371203,0.010153096
-0.0120478785,0.008285133
0.0044174576,0.005639212
0.02023036,0.0013935982
0.0322468,-0.00524289
0.03687197,-0.012985415
0.03362872,-0.019802783
0.025142634,-0.024506189
0.014862139,-0.026620753
0.005581478,-0.025743768
-0.0010393761,-0.021576911
-0.0044979905,-0.014628557
-0.0055396953,-0.0061319014
-0.005320806,0.002397174
-0.004667201,0.009878559
-0.0037556458,0.015099786
-0.0022199303,0.01709635
0.0006839543,0.015818866
0.0055576907,0.0121306935
0.01232133,0.0072837044
0.020014148,0.0022852856
0.026588311,-0.001891319
0.029457012,-0.0040873867
0.02682948,-0.0035515248
0.019004662,-0.00065227074
0.008341409,0.003525452
-0.0018343162,0.008267337
-0.008474988,0.013305909
-0.008419275,0.017588293
-0.00024945787,0.02013905
0.014936975,0.021035874
0.035076976,0.020169906
0.057056256,0.0167014
0.07552824,0.010545509
0.082284644,0.004404501
0.072914384,0.00233795
0.054981917,0.0027171723
0.036536008,0.002800287
0.021563606,0.0027536112
0.011623767,0.0030571697
0.007079784,0.0036710629
0.0066092312,0.00415028
0.0073471027,0.004121771
0.0058586174,0.0034933202
-0.00044592828,0.0025153817
-0.012404145,0.0016116763
-0.029953096,0.0014874837
-0.05097096,0.0033998073
-0.07126469,0.007968926
-0.08360765,0.013619141
-0.07936379,0.0150953615
-0.06112831,0.0124551365
-0.038710404,0.010934598
-0.017540248,0.0110774385
-0.00020438376,0.011736591
0.012538355,0.011908627
0.019138083,0.011581361
0.019275343,0.0108231995
0.01510997,0.0095999995
0.009429299,0.00784038
0.0044306978,0.005493581
0.0012793774,0.002660928
-0.00013080242,-0.00040870113
-0.0007235457,-0.0034503643
-0.0014178281,-0.0062843133
-0.0028519658,-0.008712863
-0.0048419023,-0.0108235795
-0.006529308,-0.012968803
-0.0068664458,-0.015272937
-0.0050174654,-0.017862616
-0.0009637611,-0.020753566
0.0043231663,-0.023363668
0.009152098,-0.024656165
0.011558968,-0.02318656
0.010171375,-0.018040506
0.0049227867,-0.009602982
-0.0028166496,0.0005163758
-0.011095033,0.01113626
-0.017779931,0.020653924
-0.020627879,0.025445309
-0.018974425,0.02271489
-0.013817947,0.013030076
-0.0073155253,-0.0004922991
-0.0020857144,-0.015122522
4.711906e-05,-0.028474327
-0.0016234808,-0.03569478
-0.005394347,-0.032850794
-0.009086964,-0.020877508
-0.011066216,-0.0038816773
-0.009884172,0.014553929
-0.0034967926,0.03154822
0.007863262,0.04177304
0.020359268,0.041211814
0.029556347,0.030721871
0.03335051,0.0151076615
0.031287156,-0.0005083109
0.023674814,-0.0116097685
0.01233844,-0.01466619
0.00046833546,-0.008937205
-0.009151889,0.0035159134
-0.014502425,0.020295406
-0.013480676,0.037027836
-0.006334168,0.047313374
0.0038019428,0.04636269
0.013424263,0.035182957
0.02099771,0.018663203
0.026074791,0.0012493937
0.028030435,-0.01379082
0.026581127,-0.02263978
0.022662766,-0.022590766
0.017534941,-0.014955918
0.011830477,-0.0039148876
0.00586625,0.006466329
-0.0004747522,0.013262858
-0.0075891577,0.014042161
-0.015275465,0.008382978
-0.022860814,-0.0017764542
-0.029496301,-0.013519103
-0.033597425,-0.023612848
-0.0329017,-0.028800592
-0.026390992,-0.027122451
-0.016091125,-0.019198125
-0.005228674,-0.007664351
0.0042989654,0.0043827076
0.012450732,0.015176293
0.01793517,0.02282306
0.0194014,0.02579433
0.017245496,0.024042295
0.01328327,0.018692657
0.009443665,0.011372227
0.0070109037,0.0035823216
0.0063726595,-0.0037303919
0.0073361252,-0.010169451
0.009468374,-0.01538235
0.012155347,-0.01904885
0.014858664,-0.020985499
0.017216321,-0.02116166
0.018993618,-0.019766724
0.019979741,-0.017217351
0.019944832,-0.014113879
0.018623598,-0.011097485
0.015805062,-0.008639121
0.011491576,-0.0069085425
0.0061902017,-0.005747856
0.00090719794,-0.0047167568
-0.003080024,-0.0032978256
-0.0044507026,-0.0011782334
-0.0022279758,0.0014258657
0.0035742577,0.003854693
0.012051917,0.005127463
0.021256104,0.004167012
0.028239653,0.000559759
0.030050844,-0.00487468
0.025278253,-0.010249777
0.014919516,-0.013536112
0.0016311905,-0.013294369
-0.01167453,-0.008625425
-0.022057137,0.00094269105
-0.0262451,0.014149535
-0.022484569,0.027629042
-0.011766292,0.03740217
0.0026596338,0.040443197
0.016463943,0.035622675
0.02570058,0.02420839
0.02823993,0.009447844
0.024210867,-0.0047321287
0.015380445,-0.014935101
0.004502066,-0.018873136
-0.00513868,-0.016037647
-0.010825263,-0.008227335
-0.01143013,0.001197088
-0.007376536,0.008608564
-0.00032959913,0.011075667
0.007264569,0.0075147464
0.013368762,-0.00082643144
0.016846169,-0.011189097
0.017469378,-0.019602371
0.016320793,-0.021903463
0.015122557,-0.016116807
0.014980341,-0.003773617
0.016434658,0.011899101
0.01942066,0.027779534
0.02206821,0.039273296
0.020655682,0.041563544
0.01365022,0.033512685
0.0038109962,0.018838977
-0.0059030326,0.0026267185
-0.015062519,-0.011423797
-0.021858357,-0.020565066
-0.022443984,-0.021725807
-0.015996981,-0.015338352
-0.005893248,-0.0045215525
0.004754708,0.006996921
0.014869879,0.016457561
0.021682674,0.020998769
0.022478133,0.019516012
0.018016173,0.013371034
0.0114857815,0.0050234706
0.0058229542,-0.0030474814
0.002766185,-0.009313079
0.0032357434,-0.013036471
0.0068809832,-0.01450149
0.011802275,-0.014771863
0.015308947,-0.014866863
0.014780773,-0.015120634
0.009019837,-0.015130047
-0.0010306141,-0.01405479
-0.0132186785,-0.010826303
-0.024673142,-0.0041620717
-0.031662807,0.006159027
-0.0310511,0.018437842
-0.022477431,0.02996244
-0.00799304,0.038511436
0.009349437,0.04251633
0.025834585,0.04097433
0.037274644,0.034252714
0.040809505,0.024661379
0.036900792,0.015260424
0.02841967,0.008121501
0.018516624,0.004016219
0.009561549,0.0027417478
0.0028865964,0.0034401235
-0.0013160725,0.0049745305
-0.0038454663,0.0062728417
-0.0061676586,0.0070629898
-0.009672652,0.008082314
-0.01489384,0.010752594
-0.02118691,0.016629172
-0.026624743,0.026778437
-0.028281707,0.040978294
-0.02314174,0.057125602
-0.009482526,0.071273014
0.011875456,0.07894001
0.03746234,0.07713916
0.06253981,0.06570088
0.08206914,0.046872705
0.09090777,0.025433747
0.086665995,0.008272508
0.07303257,-0.0004200398
0.055802356,-0.001499492
0.03906432,0.0026362347
0.025283678,0.009716679
0.01586716,0.01738134
0.011038928,0.02264914
0.009717449,0.022625089
0.0099444315,0.01652549
0.009955088,0.0060062553
0.008647731,-0.006449785
0.0051719053,-0.018928414
-0.00021169812,-0.029118698
-0.005448166,-0.034978315
-0.007951954,-0.036068145
-0.0061271195,-0.033601373
-9.222741e-06,-0.029557185
0.009146179,-0.025720704
0.019592414,-0.023118494
0.02906584,-0.021508863
0.035086844,-0.019481272
0.036027014,-0.015331202
0.032265916,-0.008429875
0.026025182,0.0003934813
0.020096684,0.00992561
0.016825108,0.01907434
0.017526045,0.026280064
0.022127531,0.02970739
0.028980935,0.028535075
0.03552882,0.023470704
0.039037373,0.01619272
0.037460916,0.008814178
0.030495716,0.0031103943
0.019810256,-0.00021761972
0.008105814,-0.0014695856
-0.0019873404,-0.0012551296
-0.008661289,-2.564574e-05
-0.01040204,0.0015245064
-0.007216057,0.003134734
-0.0011837838,0.0051959353
0.0050065946,0.008407862
0.008692321,0.013098465
0.0075935377,0.019279344
0.0008729697,0.026117153
-0.01063632,0.032140147
-0.02497411,0.035499036
-0.03931496,0.03407901
-0.050350115,0.025959421
-0.05513078,0.0114025995
-0.052917607,-0.0062535517
-0.04519919,-0.02269059
-0.034114778,-0.03429466
-0.021506563,-0.038094062
-0.009457086,-0.032808173
9.640045e-05,-0.020432029
0.006709831,-0.005022127
0.011974859,0.009862877
0.01712777,0.02208173
0.021326775,0.028153675
0.022710085,0.026251132
0.0202968,0.017549777
0.014316894,0.0053819083
0.0052741906,-0.006800834
-0.006954613,-0.01650351
-0.02161715,-0.021127872
-0.035270214,-0.018846408
-0.04370371,-0.010185499
-0.04432023,0.0020811255
-0.037507538,0.014591308
-0.02585145,0.024783734
-0.012641393,0.031052135
-0.0014031258,0.03235829
0.0044534975,0.028645258
0.0031430088,0.021150706
-0.004305365,0.011901181
-0.0155889215,0.002776678
-0.0281805,-0.004884356
-0.037946228,-0.01010782
-0.04011585,-0.01278029
-0.033000454,-0.013235481
-0.01970359,-0.0117053725
-0.0049025486,-0.008781865
0.00792433,-0.005724154
0.016616806,-0.0032543135
0.018790113,-0.0013134131
0.014330519,0.00016850923
0.005994718,0.0009878736
-0.0026530675,0.0012173409
-0.008915254,0.0013533842
-0.010641776,0.0014690578
-0.007415892,0.0013914019
-0.0011472434,0.0011177555
0.0053228335,0.0005701604
0.0092964815,-0.00059027923
0.008454962,-0.0023635852
0.0024111352,-0.0046280706
-0.0073125106,-0.007360771
-0.018667223,-0.010115456
-0.0286508,-0.012391324
-0.03380051,-0.014148683
-0.032086715,-0.015477591
-0.024350021,-0.016276399
-0.013411229,-0.016516756
-0.0021779402,-0.016523696
0.007437351,-0.01671639
0.01438944,-0.017022934
0.018530022,-0.017066723
0.020783432,-0.016436277
0.022657791,-0.014899251
0.025388226,-0.012371179
0.029334828,-0.008924285
0.03365515,-0.004790864
0.036460225,-0.00042079692
0.0354185,0.0035887933
0.029065592,0.006499075
0.017870199,0.0075237993
0.003958173,0.0062855156
-0.010385162,0.0033794965
-0.02413693,-0.00069183315
-0.03502825,-0.005696244
-0.040931202,-0.01152179
-0.04133798,-0.017595919
-0.03775629,-0.023026524
-0.0326445,-0.026959699
-0.028168349,-0.02873727
-0.025402375,-0.027809562
-0.02427678,-0.023886204
-0.023874093,-0.017292075
-0.022925684,-0.008862035
-0.0204723,0.00013913623
-0.016233956,0.0081341
-0.01076427,0.013336585
-0.005385946,0.0140022915
-0.0017117978,0.0091445
-0.0006777878,-0.00082287396
-0.002350254,-0.014966095
-0.0063977884,-0.031989843
-0.0115492875,-0.049308077
-0.014626207,-0.06303795
-0.011645812,-0.06870217
-0.0012012523,-0.06379
0.012531754,-0.050855834
0.024792416,-0.034424316
0.032937065,-0.018117145
0.03486256,-0.0042329687
0.028664242,0.0050820736
0.015546772,0.008308442
-0.00032428664,0.0057975817
-0.015481917,-6.610178e-05
-0.027965982,-0.007328534
-0.033598997,-0.014389973
-0.029645722,-0.019866072
-0.017570604,-0.02271506
-0.0018434065,-0.0232394
0.013629503,-0.023053108
0.025786089,-0.023230394
0.031099174,-0.023444068
0.027623748,-0.02257012
0.016743653,-0.020478228
0.0021843151,-0.01732793
-0.012822286,-0.012777841
-0.025702942,-0.0058931145
-0.033343308,0.0028008488
-0.033594597,0.010828734
-0.026957339,0.01548956
-0.016114,0.01557154
-0.0042229826,0.011294761
0.006186429,0.0036640048
0.0133301085,-0.0060031475
0.015557578,-0.015266716
0.012432785,-0.020538222
0.005495371,-0.019437294
-0.0028755914,-0.012102979
-0.010469331,-0.00034793824
-0.015308288,0.014098409
-0.015238525,0.028443234
-0.009535117,0.038217876
0.00016615378,0.039903242
0.010941672,0.033353847
0.020073364,0.021116225
0.025300335,0.006250868
0.02463052,-0.008308151
0.01706473,-0.019409394
0.003657396,-0.024700142
-0.013024356,-0.02383838
-0.030057015,-0.01776154
-0.0438841,-0.00803837
-0.050367624,0.0022014312
-0.04694488,0.008683893
-0.035053402,0.009142576
-0.01886805,0.004673071
-0.002313665,-0.0027793634
0.01220733,-0.013049524
0.022784738,-0.025209883
0.026689313,-0.035979263
0.023868682,-0.04128649
0.016432943,-0.040012952
0.007303393,-0.03348792
-0.0011217016,-0.024038406
-0.0075079803,-0.01347674
-0.011433395,-0.0034054022
-0.013281244,0.0049740747
-0.013864324,0.010305303
-0.014176192,0.011904632
-0.014768171,0.009995146
-0.015457328,0.00575843
-0.0154246045,0.0008781451
-0.01350804,-0.0029258796
-0.008803416,-0.004350332
-0.0013919314,-0.0028910202
0.007660132,0.00088582817
0.017273799,0.005838301
0.025335701,0.010124651
0.02901964,0.01181063
0.02647938,0.009514262
0.018399822,0.0029855235
0.0074472534,-0.0067958343
-0.0043397783,-0.018314555
-0.01599309,-0.029450048
-0.02477792,-0.037192076
-0.02752158,-0.039015412
-0.02349508,-0.034310542
-0.015577215,-0.02490151
-0.0073202834,-0.013757836
-0.0008834244,-0.003793544
0.0028213544,0.0027496358
0.003138803,0.0047281426
-9.922247e-05,0.0019336643
-0.005781962,-0.0041999286
-0.0130378315,-0.011500053
-0.020622274,-0.01741091
-0.02678097,-0.01956006
-0.030093974,-0.016780993
-0.030210992,-0.0096273655
-0.027958728,0.00012798217
-0.02425964,0.010458816
-0.019576475,0.019556545
-0.014256792,0.026035763
-0.008870911,0.029258797
-0.003953549,0.029658616
0.00020054473,0.028316451
0.0035029869,0.02627504
0.005955824,0.023995148
0.007579526,0.021201253
0.008413261,0.01712266
0.008583586,0.011023141
0.008211355,0.002743227
0.007384509,-0.007124504
0.0058567654,-0.017455949
0.0033890207,-0.025932588
0.00031569772,-0.029577741
-0.0026253525,-0.026368026
-0.004860539,-0.016716266
-0.0061258012,-0.0031822072
-0.0059175645,0.011418825
-0.0031193236,0.024530036
0.002424735,0.031841125
0.009294569,0.030131718
0.016062468,0.019901212
0.022085618,0.0043473416
0.026693005,-0.013681036
0.028466284,-0.031398036
0.026659088,-0.044395823
0.02225882,-0.048482668
0.017227579,-0.043580923
0.012725933,-0.03384051
0.009301528,-0.023743182
0.0071461666,-0.016355725
0.005845369,-0.013306737
0.00435826,-0.014835029
0.001351217,-0.019705933
-0.00409854,-0.025442861
-0.0118921595,-0.029101618
-0.020713532,-0.02843679
-0.028220588,-0.022769619
-0.031887017,-0.013424332
-0.029926505,-0.0031172596
-0.021915054,0.0051630866
-0.008943696,0.009412505
0.0071010827,0.009215373
0.024796028,0.004728336
0.041558307,-0.003485721
0.053633835,-0.012779372
0.05761242,-0.018668003
0.05249598,-0.017881446
0.040779673,-0.01168978
0.026075177,-0.0038089794
0.0111443885,0.0030493313
-0.0022351022,0.007604879
-0.013458022,0.009205087
-0.021760793,0.0069021536
-0.026387515,0.0012530412
-0.027086554,-0.005844356
-0.023928653,-0.012074586
-0.017332979,-0.01546138
-0.008213793,-0.014948363
0.0020221125,-0.010888794
0.0120365955,-0.00474453
0.020736,0.0021263543
0.026551064,0.008523037
0.02783468,0.013548588
0.024253024,0.016772017
0.017257683,0.018263679
0.009306698,0.018546825
0.0027880445,0.018196907
-0.0005628148,0.017299164
-5.7892914e-05,0.015393289
0.003522554,0.011876125
0.008075195,0.00641961
0.010885105,-0.0010229446
0.009364474,-0.009964769
0.001948376,-0.019228738
-0.011338016,-0.027254675
-0.028767955,-0.032280028
-0.04649639,-0.03269217
-0.058146827,-0.02805991
-0.057269927,-0.020346127
-0.044085097,-0.012350355
-0.024807485,-0.005089809
-0.0048638736,0.0009381339
0.012983632,0.004700728
0.026510276,0.0061679683
0.030756198,0.0062749353
0.024786294,0.006884501
0.012601401,0.008152566
-0.00074987725,0.010166643
-0.011425537,0.013217789
-0.016102323,0.01628871
-0.012969611,0.01729945
-0.0038427394,0.015436128
0.0075264284,0.011119452
0.017410398,0.0045875036
0.02219799,-0.003543257
0.019652743,-0.011375173
0.010801864,-0.01711883
-0.00097201474,-0.020123135
-0.011880086,-0.020210834
-0.017932849,-0.01763307
-0.016447382,-0.013476692
-0.008074381,-0.009004512
0.003927281,-0.005172236
0.016414361,-0.0028206878
0.025780868,-0.0021019985
0.028141884,-0.0022565387
0.022448216,-0.0023875248
0.011453208,-0.002532687
-0.0007668749,-0.002748105
-0.011005968,-0.0026898328
-0.01645854,-0.0022572363
-0.014968687,-0.002065414
-0.0076027056,-0.0023100856
0.0025874018,-0.0028744973
0.012782355,-0.00422109
0.020178672,-0.0066085933
0.022509815,-0.009854822
0.019685097,-0.013858476
0.013873011,-0.018946987
0.0077161337,-0.025265532
0.0036356866,-0.03250437
0.0032831642,-0.039742846
0.007176925,-0.045512244
0.014310492,-0.04808322
0.022530327,-0.046073575
0.02914598,-0.038959548
0.032093175,-0.027982747
0.030903377,-0.015931418
0.026707007,-0.005926353
0.021287777,-0.0003092819
0.01633308,-0.0004794068
0.013026449,-0.0065370984
0.011534703,-0.017261963
0.010792755,-0.030462189
0.009479071,-0.04251749
0.0068610674,-0.0485156
0.0032286486,-0.04450832
-0.001034531,-0.031223204
-0.0057642297,-0.013173897
-0.0101076225,0.005398317
-0.01255102,0.022414006
-0.012065982,0.033103473
-0.009627407,0.03191997
-0.0068236096,0.018765023
-0.0044867815,-0.0013735461
-0.0047222185,-0.025357837
-0.010515268,-0.05146731
-0.023745202,-0.07343156
-0.039445315,-0.080057375
-0.046681765,-0.06477246
-0.048856407,-0.038870584
-0.051968005,-0.010504289
-0.054884017,0.017933244
-0.054805882,0.044090286
-0.050222367,0.060485665
-0.04290409,0.05795922
-0.034818217,0.04055892
-0.02611046,0.018940782
-0.017916497,-0.0015166759
-0.0115850335,-0.01877518
-0.0069239466,-0.030153759
-0.0037774425,-0.031939883
-0.0024567377,-0.024260586
-0.0038878517,-0.011484732
-0.0077185305,0.0019578708
-0.012332539,0.013204253
-0.01593486,0.019170625
-0.017383121,0.017181886
-0.015175738,0.007918403
-0.009341241,-0.0054534804
-0.0012900756,-0.020192228
0.007251266,-0.034541436
0.01382146,-0.045406945
0.016063023,-0.04895355
0.012379588,-0.04425363
0.0028894409,-0.034784045
-0.010582612,-0.024901977
-0.025516354,-0.016273735
-0.03887774,-0.008661938
-0.04644549,-0.002280768
-0.04474848,0.0024416104
-0.034116797,0.006501721
-0.018553406,0.011941156
-0.0019600529,0.019832637
0.014029172,0.029817738
0.027594274,0.040234916
0.03544694,0.048396647
0.03488054,0.051139217
0.027161792,0.04643639
0.01768227,0.035134874
0.011171373,0.020085178
0.009430404,0.004534413
0.012175038,-0.009179451
0.018459091,-0.019825296
0.02673019,-0.025222199
0.034685098,-0.024165625
0.040035665,-0.017602684
0.041435502,-0.008311752
0.038672302,0.0003197611
0.032798696,0.0053354227
0.02560233,0.005100256
0.019003449,-0.00029450198
0.014116625,-0.009279312
0.01082564,-0.019917585
0.008337503,-0.029902594
0.0061673606,-0.03653143
0.004197229,-0.03770398
0.002492086,-0.033072893
0.0011727174,-0.024201633
0.0005873255,-0.013449656
0.0013268077,-0.002898749
0.00410936,0.006122643
0.008900512,0.012836107
0.014812692,0.016247574
0.020157663,0.016218752
0.023369754,0.013262923
0.023485448,0.008259086
0.020605853,0.002221679
0.0158115,-0.004006829
0.010770338,-0.009793462
0.007158999,-0.0146339
0.006484401,-0.018088887
0.009584071,-0.019890971
0.016185539,-0.020114966
0.024920726,-0.019171735
0.033632457,-0.01757542
0.039614186,-0.015674962
0.040354535,-0.013658096
0.0349908,-0.011888153
0.02503953,-0.010911265
0.013338747,-0.010864893
0.00264776,-0.011141197
-0.0048899017,-0.010797984
-0.0074417545,-0.009069766
-0.0041281353,-0.005796389
0.003952387,-0.0013590509
0.015094351,0.0034606468
0.027111258,0.0075793923
0.036791798,0.009953456
0.04060198,0.010162735
0.036930725,0.008394923
0.027242238,0.005114549
0.014791412,0.001001856
0.0025074708,-0.0029213487
-0.00780137,-0.0055659483
-0.014751771,-0.0063075316
-0.016688995,-0.0051621855
-0.013875336,-0.0027926713
-0.008024048,6.698602e-05
-0.0012742139,0.0026459938
0.0046418565,0.004352086
0.008434134,0.0048441817
0.009291642,0.0043270546
0.0075061284,0.0033314854
0.0041282405,0.0024803164
0.0004484972,0.0023218777
-0.0024411369,0.0032387492
-0.0038306257,0.0052915555
-0.0035140235,0.008223566
-0.0018758216,0.011619711
0.00042331027,0.015005809
0.0026203087,0.017938638
0.004148128,0.020015446
0.004777331,0.020902134
0.0045643863,0.020383943
0.0037903416,0.018357962
0.0027046257,0.014864133
0.0013913697,0.010112556
-0.00032042823,0.0045202705
-0.0027870717,-0.0012879327
-0.0064563025,-0.006714322
-0.01140789,-0.010901858
-0.017154727,-0.012837569
-0.022643305,-0.011770821
-0.026566748,-0.0074033695
-0.027755372,6.0151137e-06
-0.025641626,0.009754837
-0.020327821,0.02098241
-0.012345313,0.03279822
-0.002552213,0.044119384
0.007632314,0.05354086
0.016002558,0.059386943
0.020067342,0.060192164
0.018607551,0.055529177
0.012870686,0.046403132
0.0052715954,0.034566015
-0.002363588,0.021827433
-0.009200694,0.009817502
-0.015180806,-0.00013887802
-0.020068387,-0.007078383
-0.023475304,-0.009935103
-0.02535769,-0.008403196
-0.02619221,-0.0032400219
-0.026545046,0.0039665853
-0.026665566,0.011234135
-0.02646489,0.016456591
-0.025857845,0.017830499
-0.024935653,0.014639269
-0.023940196,0.0077494807
-0.023276059,-0.0009602781
-0.023406466,-0.009391601
-0.02448186,-0.015522599
-0.02625343,-0.017715132
-0.028258957,-0.015471409
-0.030116297,-0.009788376
-0.031497642,-0.0026268822
-0.03198217,0.0037940023
-0.031223822,0.007527869
-0.029236114,0.007476057
-0.026411833,0.0039684274
-0.0233284,-0.0014332015
-0.0204928,-0.006685641
-0.018121019,-0.009893662
-0.016102046,-0.009789891
-0.014158872,-0.006285051
-0.01199915,-0.00057596684
-0.00930614,0.0053942683
-0.005771237,0.009527402
-0.0013999722,0.010010374
0.0034181508,0.0060913214
0.008262091,-0.0016132927
0.012705506,-0.011910255
0.016111165,-0.022952916
0.01810417,-0.032132436
0.01873901,-0.036855005
0.01830818,-0.035718396
0.01702494,-0.02929714
0.0149758635,-0.019632582
0.012321593,-0.008939157
0.009421477,0.0011392209
0.0067305635,0.009765976
0.004455112,0.016407197
0.0029151663,0.020535322
0.002490998,0.021935735
0.003522153,0.020676872
0.006070316,0.017020343
0.009879593,0.011368263
0.014400469,0.004142547
0.018848596,-0.0042350036
0.022278385,-0.0129751135
0.023908004,-0.020666998
0.023437195,-0.025542656
0.021199724,-0.026173597
0.017967729,-0.022232171
0.014596374,-0.014625594
0.011773276,-0.004974103
0.009986809,0.0050710696
0.009292222,0.01418269
0.009091504,0.020844571
0.008448458,0.023789244
0.006627388,0.022739027
0.0035698928,0.018480936
-0.0002545272,0.0123901535
-0.0041338434,0.0058897063
-0.0074131833,6.709527e-05
-0.009464677,-0.0044499654
-0.009761923,-0.007245609
-0.008323,-0.008171732
-0.005801559,-0.007251122
-0.0031682628,-0.004635345
-0.0013429704,-0.00058747485
-0.0008467161,0.0045417347
-0.0016383805,0.0103562735
-0.0032490904,0.016065016
-0.0048821135,0.020514023
-0.0057241665,0.02243788
-0.0052521774,0.02099225
-0.0034231904,0.016278654
-0.0007391919,0.009427908
0.0019070153,0.0021708852
0.0035133166,-0.0037887183
0.0033851217,-0.0069161695
0.0014007657,-0.005928586
-0.0017713297,-0.0009481596
-0.005099175,0.006778655
-0.007129304,0.015591042
-0.006533774,0.022903139
-0.0027486898,0.026025698
0.0038130418,0.023669586
0.012145523,0.016626477
0.02113196,0.0067755105
0.029461851,-0.0041036694
0.035477843,-0.013775564
0.03785279,-0.019569755
0.036251683,-0.01986403
0.031396374,-0.015439898
0.024625633,-0.008775058
0.01734211,-0.002365849
0.010703238,0.0021219477
0.005516862,0.003925289
0.0022291506,0.0030973007
0.0010033885,0.0005058457
0.0017621125,-0.0025401032
0.004162882,-0.004992135
0.00777403,-0.006203248
0.011956498,-0.006276831
0.015904343,-0.0059690382
0.018683277,-0.0063316273
0.019382238,-0.008213137
0.017429752,-0.011832292
0.01283277,-0.016654063
0.006116644,-0.021523938
-0.0017525577,-0.024999075
-0.009350142,-0.025704129
-0.014953325,-0.023005385
-0.017217997,-0.017454617
-0.015758656,-0.010606558
-0.01115523,-0.0043729357
-0.0045979014,-0.00042590362
0.0024711855,0.00017053669
0.008718171,-0.0029471288
0.012625765,-0.009279773
0.013202944,-0.017355453
0.010405434,-0.025239842
0.005068863,-0.031229822
-0.0013008533,-0.03420431
-0.006936598,-0.033989914
-0.010385326,-0.031326205
-0.010906373,-0.027485618
-0.008577445,-0.023739936
-0.0040878016,-0.020990705
0.0015691234,-0.019589694
0.0073097893,-0.019407285
0.012083087,-0.01987069
0.014986166,-0.020187242
0.01544271,-0.019684536
0.013308787,-0.018138252
0.008861987,-0.015839282
0.002667672,-0.013389999
-0.004568873,-0.0114231575
-0.012139641,-0.010332094
-0.01915139,-0.010289602
-0.024417846,-0.01134017
-0.026727108,-0.0132766375
-0.025229491,-0.015550832
-0.019843245,-0.017325126
-0.011387148,-0.017713537
-0.0013168955,-0.016126536
0.00878684,-0.012453202
0.017535845,-0.0068751303
0.023566931,0.0001732594
0.025736228,0.0077233408
0.023668462,0.01426283
0.018066939,0.01810263
0.010539221,0.017963585
0.0030784113,0.01347396
-0.0025888414,0.005382526
-0.0056829276,-0.004663493
-0.0063553145,-0.015194322
-0.0048743454,-0.024184344
-0.001782416,-0.029326854
0.0020356087,-0.029062856
0.005536211,-0.023551797
0.007979475,-0.014640487
0.009395419,-0.0049340315
0.010489199,0.0032773698
0.011836298,0.008324853
0.013481523,0.009074726
0.015099387,0.005636943
0.016079042,-0.00065980875
0.015525845,-0.0079808375
0.012478083,-0.014471229
0.006475088,-0.01869367
-0.0020819078,-0.02021956
-0.012079227,-0.019688852
-0.021955242,-0.01819943
-0.029751247,-0.01687606
-0.033581007,-0.016622862
-0.032552578,-0.01757804
-0.027459517,-0.018815864
-0.020488251,-0.018808994
-0.014277789,-0.016212227
-0.01111908,-0.010413611
-0.012386397,-0.0018346419
-0.018142784,0.008637567
-0.027055955,0.020139448
-0.036611255,0.030915806
-0.04335317,0.038067266
-0.043849275,0.03826625
-0.036743324,0.03116136
-0.0238985,0.02063918
-0.008924322,0.010372868
0.004495377,0.001560326
0.013779792,-0.006451898
0.016223505,-0.013156626
0.010301909,-0.017740699
-0.0020144652,-0.02087043
-0.017797213,-0.02326624
-0.033556547,-0.024452193
-0.044235233,-0.023815127
-0.04458129,-0.021174429
-0.03387956,-0.016645165
-0.017107703,-0.01012719
0.0002746769,-0.002327515
0.015864657,0.0046738577
0.027384961,0.009815673
0.03064751,0.011519715
0.024981592,0.009520326
0.014330854,0.003990181
0.0033366394,-0.0035429501
-0.004960461,-0.011273099
-0.008611427,-0.01718164
-0.006052885,-0.019556142
0.0013692614,-0.017671308
0.010394533,-0.012386336
0.017903797,-0.0051109875
0.02130999,0.0026943581
0.01917646,0.00970762
0.012292285,0.014971516
0.00354172,0.01838058
-0.0039615007,0.020539595
-0.0074207108,0.021772465
-0.005336415,0.022031682
0.0015734887,0.020966033
0.010869389,0.01794668
0.019247338,0.011887202
0.023233682,0.0021378188
0.020549625,-0.010808864
0.011178366,-0.025649365
-0.0038186382,-0.04060283
-0.02265232,-0.05257984
-0.040900342,-0.057372317
-0.0508062,-0.051700275
-0.04836091,-0.037234526
-0.039266102,-0.01887512
-0.029290099,-0.000258029
-0.020518964,0.016138624
-0.013717904,0.02837188
-0.010222374,0.034087725
-0.010494708,0.0324979
-0.012826365,0.025501
-0.014753507,0.01628795
-0.014368228,0.007590542
-0.01079616,0.001134703
-0.004560641,-0.0025119295
0.0025532008,-0.004053422
0.008656885,-0.0049956944
0.011830372,-0.006761242
0.010924619,-0.010218963
0.0064543383,-0.015503364
-5.47039e-05,-0.021926256
-0.0066780383,-0.027958151
-0.011050494,-0.03177231
-0.01145434,-0.03197045
-0.008062337,-0.028291708
-0.0030665863,-0.021735366
0.0009009804,-0.013928078
0.001860093,-0.006542341
-0.0010513335,-0.000833728
-0.0072963266,0.0026640205
-0.015392827,0.0042668213
-0.022538815,0.004336565
-0.025503105,0.0033234667
-0.02200592,0.0016430881
-0.012152612,-7.4774856e-05
0.0017016019,-0.001297748
0.017221985,-0.00257422
0.03226505,-0.0044120355
0.04280621,-0.0062422487
0.04555802,-0.006458679
0.04023309,-0.004349621
0.02970648,-0.00074172893
0.01783518,0.0030936133
0.007705995,0.006340691
0.001253674,0.008236674
-0.00066447334,0.0077425013
0.0016220246,0.004236906
0.0066241287,-0.0016278143
0.012411474,-0.008770034
0.016900288,-0.015180673
0.018493911,-0.018072514
0.016625838,-0.015321173
0.011814925,-0.00704161
0.00531843,0.0046006246
-0.0013913421,0.0176744
-0.007298992,0.029932218
-0.011525328,0.037451692
-0.013856024,0.036809985
-0.014029601,0.028201042
-0.011969724,0.015242817
-0.008221897,0.002237381
-0.0038959526,-0.0077102347
0.00039991093,-0.01239221
0.0041418467,-0.01007587
0.006624008,-0.0015051946
0.007613388,0.0107445745
0.007621495,0.024321523
0.0071322317,0.036291935
0.0065315245,0.04364815
0.0064406656,0.04471603
0.007871782,0.040443175
0.011683615,0.033702318
0.01777239,0.027231077
0.025099622,0.022374786
0.031961184,0.019191
0.036289535,0.016879529
0.036284924,0.014077076
0.031579193,0.009381648
0.023702119,0.0020106179
0.015091136,-0.007772488
0.0075440286,-0.01897639
0.0018811106,-0.030154584
-0.0010422178,-0.039088253
-0.0009830964,-0.04372398
0.0007888461,-0.043295905
0.0018165875,-0.03880301
-0.00020806259,-0.032371733
-0.0063315565,-0.026180713
-0.016189717,-0.021497589
-0.028409516,-0.018181084
-0.04049528,-0.015040568
-0.048750367,-0.010831444
-0.049643725,-0.0049618552
-0.042645153,0.002495242
-0.030777788,0.0111827
-0.017697582,0.020166116
-0.0058790073,0.027766734
0.0025504965,0.031769104
0.0055373674,0.030438881
0.0031426288,0.023858821
-0.0020371065,0.013923848
-0.006915115,0.0031922853
-0.009260036,-0.00625695
-0.0069930186,-0.012922248
0.0007077084,-0.015893945
0.01273205,-0.01576544
0.027182603,-0.014284941
0.041845575,-0.013376322
0.05368949,-0.014373498
0.05945305,-0.017271588
0.057606883,-0.020858075
0.050048944,-0.02405667
0.040099952,-0.026165823
0.030344373,-0.026431957
0.022201164,-0.024375081
0.01625283,-0.020304663
0.0124440165,-0.015370585
0.010319065,-0.011130756
0.009303726,-0.008983628
0.008927872,-0.00976542
0.008963031,-0.013583311
0.009318669,-0.01983118
0.009887411,-0.027318794
0.010446172,-0.034514546
0.010548538,-0.03981067
0.009552057,-0.04189718
0.006825552,-0.04024053
0.0020552995,-0.03533598
-0.004511584,-0.028305857
-0.012100621,-0.020131517
-0.019621791,-0.011301897
-0.025855135,-0.0020176554
-0.029634291,0.007209317
-0.030370992,0.0153306555
-0.028434146,0.021089876
-0.024971329,0.023480766
-0.021347243,0.022088673
-0.018563276,0.017252317
-0.01691733,0.010011422
-0.016026644,0.0018187343
-0.015041769,-0.0058425143
-0.0128527,-0.011663216
-0.008614561,-0.014759259
-0.0023919754,-0.015114827
0.0047743176,-0.013682202
0.01139838,-0.011915433
0.0158026,-0.011093045
0.016430683,-0.011862787
0.012692519,-0.014018646
0.005368014,-0.01660553
-0.0039514266,-0.018135859
-0.013322265,-0.01691434
-0.020531831,-0.011823511
-0.023829306,-0.0031485397
-0.022769466,0.0074268174
-0.018036084,0.017478062
-0.010886864,0.024298994
-0.0030460577,0.025519148
0.003739685,0.020325242
0.008574651,0.010113902
0.011550786,-0.0024919743
0.012840948,-0.015051929
0.012519084,-0.024548898
0.0111413505,-0.027921282
0.009137252,-0.024178581
0.006312349,-0.0152235115
0.0023136043,-0.0044426774
-0.0027896853,0.005099526
-0.008797378,0.011486832
-0.015150561,0.012767586
-0.020794919,0.008457865
-0.024495391,-1.5993408e-05
-0.02539754,-0.010293165
-0.023041256,-0.019879235
-0.017475149,-0.026613673
-0.009580402,-0.029218448
-0.0010709433,-0.027878687
0.006281016,-0.024001287
0.011232535,-0.019501336
0.013160321,-0.016012646
0.012075434,-0.014637469
0.008568997,-0.01576042
0.0035702828,-0.019086469
-0.0020024418,-0.023791838
-0.0072725574,-0.028728155
-0.011366797,-0.03264667
-0.013588209,-0.03447135
-0.01362559,-0.0333866
-0.011822654,-0.02899527
-0.009148682,-0.021377789
-0.0068523553,-0.011075469
-0.0060824933,0.0010002508
-0.007511927,0.014291969
-0.011538014,0.028272009
-0.01841177,0.041090507
-0.027923018,0.050334908
-0.038900282,0.053216003
-0.048912738,0.04762882
-0.05458536,0.03408793
-0.0533691,0.016419582
-0.04492935,-0.00044625497
-0.031056453,-0.012700134
-0.014610531,-0.018675271
0.0014417828,-0.018626163
0.014722583,-0.014287407
0.023303585,-0.007980713
0.025519881,-0.0025898428
0.021185165,-0.0010374492
0.012418968,-0.005013794
0.0023585283,-0.014175997
-0.007430156,-0.026686367
-0.01579067,-0.039238155
-0.020593092,-0.047279906
-0.019847352,-0.046596427
-0.01459982,-0.03656018
-0.008525666,-0.020691851
-0.003883727,-0.0037209862
-0.0003624166,0.010599617
0.0028161947,0.019719793
0.0053725084,0.020087868
0.00730895,0.01181329
0.009330245,-0.0014663562
0.011040287,-0.016016645
0.011080684,-0.027695287
0.008749825,-0.031145016
0.0043151,-0.023576878
-0.0017263291,-0.0076646633
-0.008312705,0.01225561
-0.013046477,0.035361588
-0.012622606,0.05776936
-0.0059506623,0.07171045
0.0040180692,0.07004238
0.013773626,0.05621812
0.022416426,0.03849154
0.028030727,0.02125513
0.02819414,0.0067371703
0.021742716,-0.0032696766
0.010292863,-0.007966213
-0.0028264308,-0.008551281
-0.014492002,-0.0065529672
-0.021370238,-0.003530253
-0.020989317,-0.0013063176
-0.013960606,-0.00075056666
-0.003685591,-0.0013059066
0.0058936896,-0.0022781081
0.011607746,-0.0031897202
0.010613601,-0.003451169
0.002737003,-0.003146778
-0.009472206,-0.0033842681
-0.02299692,-0.0041276845
-0.033442635,-0.00562524
-0.03626137,-0.00824737
-0.029555,-0.0110918945
-0.016078103,-0.011969512
-0.0006881819,-0.009422668
0.012657598,-0.0037305749
0.021354232,0.00468021
0.022944927,0.014369933
0.01747597,0.022434099
0.007927431,0.025641877
-0.0013795068,0.02199849
-0.0064110216,0.011447341
-0.0051252763,-0.0035812482
0.0013180117,-0.020412855
0.0106463535,-0.037087932
0.019230511,-0.04936486
0.02303174,-0.051090065
0.019105226,-0.040208247
0.007451218,-0.023117416
-0.008872757,-0.0067659547
-0.02668047,0.007631873
-0.042526636,0.019632835
-0.050762776,0.024512025
-0.04758337,0.019250214
-0.034914147,0.008572156
-0.018083526,-0.0008430072
-0.0017221961,-0.0060441643
0.011420358,-0.0067677563
0.019713294,-0.0024079198
0.021922402,0.005847698
0.019276815,0.014845538
0.014098855,0.021074979
0.0088442825,0.02218375
0.0054772007,0.017273324
0.004891482,0.00803898
0.0066166143,-0.0023649281
0.009278263,-0.01109903
0.011383412,-0.015392388
0.012011126,-0.013179297
0.010914436,-0.0054971008
0.008595831,0.004605551
0.005960827,0.014044797
0.0034115033,0.019470427
0.00085807685,0.017905843
-0.001822899,0.009089695
-0.004582661,-0.004170922
-0.008159836,-0.01926901
-0.01250122,-0.03293657
-0.015398428,-0.040517244
-0.013463016,-0.03872146
-0.0057552587,-0.028452134
0.0060056336,-0.013658453
0.021034531,0.0014299282
0.04001334,0.014298315
0.060098372,0.021412702
0.07286381,0.02067502
0.06872506,0.014164364
0.051306263,0.0054564667
0.030042548,-0.0038201408
0.009480212,-0.0113907475
-0.008655378,-0.015178813
-0.02204456,-0.013890236
-0.026382217,-0.008037186
-0.021496508,-0.00017443896
-0.011295432,0.0075544235
0.0001302772,0.013729892
0.009349287,0.017132932
0.013014072,0.017144548
0.009892948,0.014405931
0.0022644335,0.010083201
-0.006029322,0.0052942047
-0.011543297,0.0007273313
-0.011145261,-0.003420801
-0.0036146562,-0.0072556525
0.009437208,-0.011285816
0.025527922,-0.016535768
0.040795106,-0.023415519
0.05000249,-0.030352607
0.048872683,-0.033873476
0.038108774,-0.032561492
0.022683863,-0.028636988
0.007580096,-0.023801895
-0.0036049772,-0.018272959
-0.008360201,-0.012279271
-0.005681289,-0.006672836
0.0029169468,-0.0023562384
0.014793146,7.024257e-05
0.026674742,0.000201689
0.034576744,-0.0015249402
0.035249826,-0.0037338554
0.028507262,-0.0053153127
0.016831856,-0.0059501454
0.0035275577,-0.005739166
-0.009163762,-0.0044962545
-0.019928683,-0.0018417225
-0.026997529,0.0018169965
-0.029624414,0.005264098
-0.028437069,0.007585998
-0.024689624,0.008285353
-0.019685466,0.0072621554
-0.014347573,0.0046813437
-0.0092495,0.0010010365
-0.0048164832,-0.003065468
-0.0015069991,-0.00669878
0.00020105281,-0.0089618815
-0.00027783294,-0.0089611765
-0.003280632,-0.00636522
-0.008756818,-0.0015869002
-0.016151547,0.0047059115
-0.024301417,0.011547137
-0.03155606,0.017460484
-0.036089554,0.020717112
-0.036561325,0.020178193
-0.03284411,0.016359353
-0.026026258,0.01128689
-0.017842842,0.007218701
-0.009972408,0.005737881
-0.0035960681,0.0075078597
0.0009321367,0.012294435
0.0039493674,0.018943278
0.006041073,0.02531408
0.007805855,0.028748373
0.0095819915,0.027127972
0.011540635,0.020049524
0.013725571,0.00914624
0.015863482,-0.0030221185
0.017175013,-0.013939422
0.016950427,-0.020499084
0.0151973795,-0.020098967
0.012305368,-0.012853199
0.008621374,-0.0016147599
0.00459719,0.010168866
0.00019797415,0.019386422
-0.005144497,0.022244418
-0.01187005,0.016550213
-0.01963702,0.0036640782
-0.028542617,-0.013521275
-0.038543377,-0.032104462
-0.047210537,-0.047862984
-0.047617014,-0.055239324
-0.0345316,-0.050788444
-0.014486353,-0.037639063
0.0056878813,-0.021600433
0.025395999,-0.0078079654
0.045112155,0.0013537988
0.05951175,0.0035834203
0.06098301,-0.0005739037
0.04994208,-0.008176121
0.033841874,-0.016908888
0.017670449,-0.024193328
0.0041509783,-0.027155295
-0.004221057,-0.024039496
-0.006000007,-0.015662048
-0.00277423,-0.0048556617
0.0022869646,0.0053634434
0.006465265,0.0127801215
0.0066045225,0.015441394
0.0010794897,0.013255025
-0.00872011,0.008044176
-0.020175207,0.0022725216
-0.02989221,-0.002017758
-0.033311784,-0.0036237398
-0.027926777,-0.0027274308
-0.015862502,-0.00021567923
-0.0016358817,0.0024188706
0.011047138,0.0032137218
0.018786399,0.00083140563
0.017566359,-0.0042655882
0.0076881,-0.010256757
-0.007459561,-0.015811974
-0.024789473,-0.018939672
-0.03931073,-0.01780274
-0.044794317,-0.012799202
-0.038726196,-0.0065240487
-0.025209358,-0.00126257
-0.010055469,0.0017720392
0.0023048404,0.0016244419
0.00898285,-0.0019739966
0.007543762,-0.007393423
-0.0012909254,-0.011806379
-0.0140264,-0.012580523
-0.026152179,-0.0076420507
-0.03232231,0.0033003588
-0.029050566,0.0179125
-0.016910022,0.03284401
0.0012993321,0.044685226
0.021060906,0.04967576
0.03502362,0.044660933
0.036183033,0.030547878
0.025480172,0.012122193
0.008574132,-0.006542184
-0.012429361,-0.023555107
-0.037578396,-0.03637113
-0.06113249,-0.041122302
-0.07152539,-0.037435662
-0.06297451,-0.02964469
-0.04563066,-0.021421678
-0.027929526,-0.014320897
-0.013024172,-0.009942417
-0.0022057868,-0.008554314
0.0038376956,-0.009310696
0.0050805155,-0.01002254
0.0031783627,-0.008868366
0.0003917151,-0.0050619096
-0.0014279528,0.0009465702
-0.0011745521,0.0079630315
0.0014918059,0.014040328
0.0054907664,0.016708147
0.009104519,0.0145943295
0.011201984,0.008089959
0.011613768,-0.0011132003
0.010665447,-0.0108608585
0.008714816,-0.018601831
0.0064344746,-0.021556696
0.004796489,-0.018491672
0.003745868,-0.010258171
0.0028100924,0.00083458953
0.0017563588,0.012703581
0.00045247347,0.023545248
-0.0011226179,0.03103306
-0.0026463897,0.033702537
-0.0030795361,0.031727094
-0.001438075,0.026674122
0.0026470616,0.020630358
0.008596805,0.015167646
0.0151705975,0.01093654
0.020600975,0.0077802893
0.023119792,0.0052943453
0.021629326,0.0029424913
0.016575515,0.00030127147
0.009791948,-0.0027366234
0.0036104498,-0.005794579
8.1961596e-05,-0.008121052
0.00082607317,-0.008886309
0.0063856035,-0.0075877584
0.015921388,-0.004377363
0.02784327,9.0263624e-05
0.039803863,0.004954166
0.04871815,0.009425727
0.05156761,0.012984902
0.047321927,0.015248275
0.038068563,0.015880411
0.027229808,0.015011915
0.017457005,0.013282581
0.0102310125,0.011373774
0.006058219,0.009672546
0.004657589,0.008291414
0.00516764,0.0072700568
0.006534277,0.0067545027
0.007939999,0.0070863594
0.009109818,0.00876092
0.010351869,0.0122567415
0.012338136,0.017792832
0.015733713,0.025064448
0.020735731,0.03304747
0.026616806,0.039935388
0.031405456,0.043385312
0.03240832,0.041376796
0.028192667,0.033544376
0.019827474,0.021520277
0.0093910815,0.007862822
-0.0016105446,-0.0048097405
-0.013126711,-0.014767136
-0.023345059,-0.019853164
-0.029186517,-0.018475603
-0.029400984,-0.011761711
-0.025360662,-0.0022074922
-0.019097552,0.0073633967
-0.012280219,0.014520243
-0.0061434144,0.017481
-0.001802604,0.015721476
0.0003577076,0.010439583
0.0008817341,0.0039681145
0.000515369,-0.0014306651
8.673775e-06,-0.0041923225
4.344029e-05,-0.0037225708
0.0008710065,-0.0009286763
0.0022951062,0.0021686456
0.003985617,0.0033511403
0.0054097893,0.00085784687
0.006333149,-0.0057434924
0.0067038587,-0.015497832
0.0064178105,-0.026078012
0.0056915064,-0.033856522
0.0050168033,-0.03499477
0.0045494256,-0.027648274
0.003532142,-0.013548024
0.0012452458,0.003507453
-0.0017324573,0.021200681
-0.005082739,0.036841597
-0.008716537,0.045302164
-0.012356652,0.04288984
-0.014134701,0.031052914
-0.012476361,0.014978867
-0.0073558534,-0.00024617495
-6.915744e-05,-0.011693224
0.008649037,-0.017429048
0.017211234,-0.015738562
0.02355049,-0.007520076
0.025968524,0.0042644152
0.023816418,0.016139973
0.01707609,0.024847733
0.0067969523,0.028047847
-0.0048134886,0.025244901
-0.0151802795,0.018099513
-0.022502746,0.009215014
-0.025600776,0.0011596325
-0.023865698,-0.0039720493
-0.01790003,-0.004847576
-0.009585116,-0.0015529408
-0.0011469743,0.0046341345
0.006222915,0.012098851
0.011667085,0.019201841
0.014110524,0.024429532
0.0133045595,0.026968429
0.010016375,0.026760757
0.0056990413,0.024390534
0.0018507591,0.020718655
-0.0005100445,0.016569981
-0.00096023345,0.012580098
0.00026296714,0.009234545
0.0024364109,0.006944844
0.004471345,0.006039376
0.00525881,0.006825234
0.0039299284,0.009523688
0.00014274401,0.014157941
-0.0058861235,0.020475127
-0.013422182,0.02788896
-0.021304168,0.03534742
-0.028158542,0.041298207
-0.032656047,0.043977257
-0.033886075,0.042339273
-0.031754367,0.03710727
-0.027037445,0.03036648
-0.021034144,0.024142046
-0.015073936,0.019601097
-0.010203477,0.017035646
-0.0070738364,0.016045185
-0.0059259245,0.015717808
-0.0066265645,0.014930451
-0.008703585,0.012774946
-0.011444758,0.008961771
-0.014045446,0.003971808
-0.015709063,-0.0011016884
-0.015648833,-0.004878313
-0.013220265,-0.0061479025
-0.008240946,-0.0044170734
-0.0011670542,-0.00022758027
0.007335828,0.0050069024
0.016914474,0.009650266
0.025905177,0.01180009
0.031956475,0.010355941
0.03305822,0.005531026
0.02865589,-0.0011903408
0.019841703,-0.007870399
0.008552734,-0.012797212
-0.0031059096,-0.014788876
-0.012764748,-0.013357633
-0.017619839,-0.00912703
-0.015789561,-0.004073536
-0.007606851,-0.00036526506
0.0047836863,0.0006770372
0.019395648,-0.0018206302
0.03307716,-0.008131021
0.041515738,-0.016310913
0.04132627,-0.022484109
0.032575663,-0.02373332
0.018554736,-0.02024431
0.003395425,-0.013905688
-0.009686475,-0.0062992033
-0.018290982,0.0014386168
-0.020089379,0.0068736086
-0.014909048,0.007548894
-0.0053180642,0.0033836407
0.00546716,-0.004248858
0.014953314,-0.014833899
0.020466961,-0.026772693
0.020689113,-0.037234172
0.016559869,-0.043942966
0.010697128,-0.046472352
0.0059682517,-0.04564608
0.004438213,-0.042509012
0.006758984,-0.037766088
0.0119651,-0.03150638
0.01803759,-0.023356143
0.0226938,-0.012729253
0.024312014,0.0007286833
0.022848781,0.016790574
0.019739846,0.03496469
0.017366037,0.054127928
0.018389218,0.07138457
0.02364685,0.08072043
0.03052618,0.07589719
0.037843235,0.059927404
0.04611968,0.03990043
0.053018898,0.019233175
0.05470786,-2.8818658e-05
0.048404038,-0.014751941
0.034781937,-0.022440137
0.017605647,-0.024057489
0.0009228224,-0.022180688
-0.012305308,-0.018813673
-0.019446217,-0.015633786
-0.018705131,-0.014265027
-0.011188334,-0.015218038
-0.0002486468,-0.017756768
0.010684893,-0.020899408
0.018410696,-0.023153879
0.020249814,-0.02286914
0.0155377,-0.019799752
0.006224451,-0.01564495
-0.004818258,-0.01249722
-0.015393237,-0.011474802
-0.023615306,-0.01304957
-0.028157024,-0.01715872
-0.029009152,-0.022459859
-0.027317282,-0.026741518
-0.024615256,-0.02762977
-0.022166606,-0.02356605
-0.020624919,-0.014741809
-0.019794006,-0.0029592332
-0.018624457,0.009564705
-0.015615704,0.020572193
-0.009936691,0.027377805
-0.0022111973,0.028266942
0.005924924,0.023834344
0.012697335,0.016333805
0.016586183,0.008340405
0.01654498,0.0022653004
0.012563784,-7.9839854e-05
0.0059603755,0.0016665449
-0.001274746,0.00646632
-0.0073644887,0.012833675
-0.010799875,0.018508956
-0.011094214,0.021042902
-0.009066491,0.019280912
-0.006340242,0.013962377
-0.004583542,0.006960943
-0.004956527,0.00042102407
-0.007815508,-0.0038880701
-0.012333389,-0.0046127783
-0.016708827,-0.0013412734
-0.01889294,0.0050288383
-0.017479844,0.0126966825
-0.012181018,0.019601237
-0.0040407167,0.024062641
0.004818204,0.025274081
0.011718374,0.023443392
0.014246352,0.01976187
0.01123917,0.015938677
0.003277008,0.01345954
-0.007900971,0.013249048
-0.02033127,0.015578202
-0.031370007,0.019593677
-0.038034316,0.022868222
-0.038370043,0.022301964
-0.032724325,0.016448274
-0.02334909,0.0063422257
-0.013026747,-0.0061385883
-0.0041092485,-0.020040013
0.0021695017,-0.034120563
0.0049149995,-0.044766918
0.0046413722,-0.04753841
0.0024937084,-0.040716574
-0.0008510439,-0.026679784
-0.0050080325,-0.009299146
-0.009410692,0.008694133
-0.013299755,0.026715249
-0.01639822,0.041809455
-0.019237097,0.050045684
-0.022078594,0.049053848
-0.024156906,0.040185183
-0.024256647,0.027495343
-0.0217278,0.01495124
-0.016559819,0.00525303
-0.009236233,-0.0001043985
-0.00085510756,-0.00065620523
0.0070937136,0.002652642
0.013711019,0.008541702
0.017274301,0.015271257
0.016502302,0.021073291
0.0111446325,0.024744416
0.0024056053,0.026095543
-0.0077004884,0.025953384
-0.017089196,0.025617557
-0.023856968,0.025964715
-0.0263872,0.027133146
-0.024167031,0.028722713
-0.018100975,0.029886639
-0.010084399,0.029693771
-0.002238047,0.027259644
0.003579882,0.022224333
0.0061924844,0.015159092
0.005427594,0.007524732
0.0020344208,0.0011270691
-0.00275039,-0.0024850718
-0.007431881,-0.0023278694
-0.010287566,0.0016394833
-0.010125509,0.008035082
-0.006638047,0.014605355
-0.0003441875,0.018819008
0.0073950756,0.018584486
0.014793343,0.013115268
0.020302365,0.0032328072
0.022889346,-0.009180647
0.021881994,-0.021509904
0.017329704,-0.03061102
0.0103717,-0.033847895
0.0027739508,-0.030622132
-0.0039928984,-0.022658212
-0.009078013,-0.012709254
-0.012046703,-0.0033104185
-0.0127181355,0.0035910588
-0.011282911,0.006594211
-0.008422681,0.00547331
-0.005042644,0.0014450093
-0.0019947838,-0.0036338144
2.3136969e-05,-0.008128915
0.0005626387,-0.010708165
-0.000526232,-0.01090253
-0.0031545325,-0.009378947
-0.0070321043,-0.0075163143
-0.011688289,-0.006691796
-0.016507518,-0.007853831
-0.020763487,-0.011223076
-0.023696698,-0.016102215
-0.024609126,-0.021025116
-0.023022287,-0.024158806
-0.018932942,-0.023880504
-0.013127743,-0.019519018
-0.0069379862,-0.0116470605
-0.0015830847,-0.001718824
0.0025197966,0.00865357
0.00546527,0.01867636
0.006923654,0.026768176
0.0067788656,0.031921726
0.0053735594,0.033753093
0.0032600411,0.032595124
0.0009964491,0.02915037
-0.0011483411,0.024180532
-0.0031852901,0.018213108
-0.0052028815,0.011636715
-0.007191072,0.0047775814
-0.00886439,-0.002006815
-0.009509716,-0.008242741
-0.008039261,-0.013140792
-0.00345177,-0.015811147
0.0045434707,-0.015696634
0.015437249,-0.01293996
0.028249947,-0.008243811
0.04123679,-0.0025644416
0.05134613,0.003087184
0.054557048,0.007912508
0.04836514,0.011119969
0.03465056,0.011837454
0.017887251,0.010038295
0.0019149948,0.006979087
-0.011098664,0.0045535644
-0.019471265,0.0033471102
-0.020819072,0.003286904
-0.015444218,0.00372824
-0.0061229034,0.004080125
0.0038874038,0.0034223285
0.012027236,0.0005652654
0.015878132,-0.0050848164
0.01435795,-0.012861728
0.008531549,-0.021523304
0.00053267763,-0.029603876
-0.0069424105,-0.035254877
-0.011028361,-0.03676284
-0.010051232,-0.033446584
-0.0048929644,-0.026117139
0.0017628795,-0.016597442
0.0073171663,-0.006913911
0.009969639,0.0012878897
0.008552152,0.0067800465
0.0032279042,0.008719515
-0.0041995216,0.0072484273
-0.011334181,0.0034162893
-0.015991349,-0.0013769784
-0.01648804,-0.0055592395
-0.012721093,-0.0075739753
-0.006462656,-0.006407598
-0.00050419016,-0.002051842
0.0026775273,0.0045366567
0.001664997,0.012191145
-0.003976421,0.019266745
-0.013060964,0.024003806
-0.023033427,0.024885017
-0.030568646,0.02099147
-0.03246354,0.012621985
-0.027225187,0.0020409955
-0.016010279,-0.007409443
-0.0017683983,-0.013219261
0.012854012,-0.014403499
0.025573747,-0.0101307975
0.033973444,-0.00044706673
0.036818225,0.012710382
0.034532394,0.025993964
0.028454449,0.035613272
0.020253636,0.037889652
0.012110275,0.030945886
0.0062142694,0.016442405
0.003191338,-0.0016118715
0.0012568976,-0.0205561
-0.0017305486,-0.038694896
-0.006031308,-0.050750524
-0.010045244,-0.05211486
-0.012417262,-0.042633064
-0.013594426,-0.026929626
-0.014110697,-0.009916884
-0.013588728,0.0052638478
-0.011716463,0.016642317
-0.009421051,0.022023432
-0.008473675,0.020785056
-0.010135517,0.0149386525
-0.014805154,0.007581341
-0.022380527,0.0015557562
-0.031750362,-0.0008821893
-0.040428285,0.0014890634
-0.045318846,0.008073778
-0.044260893,0.016560225
-0.036996454,0.024073346
-0.024897153,0.02862971
-0.010217696,0.029415464
0.0048313146,0.026649013
0.018417379,0.020973118
0.02890252,0.013345015
0.034861747,0.005169422
0.03567914,-0.0021118955
0.03185717,-0.0078022406
0.024768718,-0.012182531
0.015981808,-0.016135326
0.006709332,-0.020483663
-0.002293215,-0.025535544
-0.0103415055,-0.030880403
-0.016481582,-0.035466034
-0.019615347,-0.037895355
-0.01904986,-0.036966655
-0.015194291,-0.03231026
-0.009560755,-0.024657885
-0.0039938907,-0.015544504
-2.45127e-07,-0.006728222
0.0014251416,0.0002720903
-0.00014196867,0.0045783827
-0.0047092927,0.006016602
-0.011278142,0.0050757225
-0.018142499,0.0029984054
-0.023159571,0.0011640948
-0.024296453,0.00073701586
-0.02062732,0.0023339873
-0.013078639,0.0058627273
-0.0038168603,0.010554193
0.0050377185,0.015190709
0.011228552,0.018198732
0.012338953,0.018377576
0.007518573,0.01536216
-0.0017908083,0.009698672
-0.013423636,0.0026068594
-0.025715703,-0.0048787743
-0.036110118,-0.011809394
-0.041513838,-0.017643634
-0.04013879,-0.022207078
-0.03288779,-0.025546104
-0.022507317,-0.027961472
-0.0116969785,-0.03004705
-0.0022124674,-0.032162644
0.0050289454,-0.033925325
0.009740268,-0.03425488
0.012323756,-0.03197553
0.013580152,-0.026527483
0.01420546,-0.01821435
0.014526837,-0.008056369
0.014575427,0.0025075949
0.013960273,0.011951291
0.011766703,0.018397901
0.007203037,0.020026296
0.00045898548,0.016134012
-0.0073268167,0.0077123065
-0.015321883,-0.0031134654
-0.023116607,-0.014163684
-0.029422082,-0.022513626
-0.03230243,-0.025034925
-0.030878134,-0.01987012
-0.026612086,-0.007668719
-0.02176546,0.009381966
-0.016876021,0.029577274
-0.010892036,0.05108643
-0.0034091743,0.070317335
0.004014932,0.081553794
0.0077662594,0.07941118
0.007626023,0.0662956
0.006938475,0.04948172
0.006673728,0.033734895
0.006102916,0.021363351
0.00456654,0.013470849
0.0019958487,0.010392003
-0.0012784554,0.011372331
-0.0045813043,0.014819008
-0.0072101764,0.018588329
-0.00870935,0.020577926
-0.008956175,0.019482832
-0.008188164,0.015401295
-0.006889156,0.00968523
-0.0056517785,0.0041433126
-0.004958715,0.00030105267
-0.004900821,-0.0009942554
-0.005071303,0.0002590751
-0.004563642,0.0031079052
-0.002447399,0.005841365
0.0018212033,0.0066215023
0.008306846,0.0041535455
0.01651855,-0.0019965863
0.025305036,-0.011388977
0.0328397,-0.022482436
0.036996752,-0.03246616
0.036028992,-0.037767097
0.029548123,-0.036203638
0.018723749,-0.029152242
0.0054208855,-0.019932402
-0.008575431,-0.011151119
-0.022218537,-0.0037866645
-0.03422207,0.0014263367
-0.04278449,0.0033940969
-0.046756707,0.0021756792
-0.046070207,-0.00059461757
-0.04175486,-0.0024391483
-0.035379108,-0.0012271017
-0.028533066,0.0038868517
-0.022334773,0.0123488745
-0.017104922,0.022703677
-0.012477244,0.03282402
-0.008295243,0.03985559
-0.004856775,0.041118618
-0.0025277706,0.03566694
-0.0012923557,0.024950063
-0.0010595544,0.011683696
-0.0021532273,-0.0014935053
-0.005548304,-0.013081644
-0.011272513,-0.02149535
-0.018541235,-0.02502875
-0.025582902,-0.023675125
-0.030739151,-0.0187396
-0.032389764,-0.0122044785
-0.029526282,-0.0062376717
-0.022079388,-0.0024523763
-0.011259769,-0.0015211658
0.00095285784,-0.003268395
0.0128131285,-0.0075316904
0.022179477,-0.013474386
0.02631573,-0.019201806
0.023998031,-0.022325275
0.016185151,-0.021888692
0.0054224976,-0.018234387
-0.0054067867,-0.012308073
-0.013916373,-0.004844926
-0.018012837,0.003169034
-0.016598837,0.010008333
-0.010636855,0.0140950885
-0.0025482005,0.014938564
0.004885521,0.012902263
0.009251364,0.009022131
0.00915552,0.004959352
0.0049253274,0.002619472
-0.0014738715,0.0034192062
-0.00749168,0.008100938
-0.010298644,0.016414355
-0.0076747728,0.02662711
0.00084583164,0.035881553
0.013549312,0.041059114
0.026748007,0.039529126
0.035679813,0.030507397
0.037091807,0.015944201
0.03116909,-0.0006068184
0.020304216,-0.015866192
0.0069836318,-0.027043534
-0.005497098,-0.031122284
-0.012485879,-0.026271412
-0.011248286,-0.014002017
-0.003212854,0.0019064293
0.009642707,0.01864224
0.026474532,0.033114202
0.042445954,0.040933464
0.048873167,0.039374437
0.041725084,0.029887227
0.026849888,0.016583448
0.01062053,0.003083666
-0.0042740526,-0.0077453484
-0.01691266,-0.014135114
-0.023748642,-0.014686601
-0.022602813,-0.01017817
-0.016010508,-0.0030082334
-0.0077232057,0.0045539113
-0.0005644527,0.010638611
0.0034666697,0.013965378
0.0030996702,0.014289314
-0.0009036806,0.01266732
-0.0063443216,0.010718902
-0.010789706,0.009949856
-0.012312359,0.011257282
-0.010036878,0.01472234
-0.0046443157,0.019623157
0.002071548,0.024699269
0.007691702,0.028452523
0.0096911425,0.029639129
0.0067316415,0.027768977
-0.0003400526,0.023281217
-0.009427735,0.01730619
-0.01843005,0.011130427
-0.025348034,0.005629595
-0.028435454,0.0013308352
-0.027261753,-0.0014703355
-0.023225348,-0.002652001
-0.018682204,-0.0023939877
-0.015888259,-0.0011162009
-0.016337791,0.000734454
-0.020507714,0.0028247635
-0.027828554,0.0049046325
-0.036841694,0.0066485475
-0.04543257,0.0074740406
-0.051251125,0.0065383683
-0.05243161,0.0031921493
-0.048510425,-0.002280156
-0.040640246,-0.008592978
-0.030743334,-0.014291992
-0.0205681,-0.01837032
-0.011347899,-0.020293277
-0.0038769883,-0.019942703
0.0013562188,-0.017748581
0.0041465466,-0.014711583
0.004566203,-0.012116576
0.0029219766,-0.011075029
-0.00028810633,-0.012129864
-0.004416787,-0.015030119
-0.008596577,-0.018757045
-0.011627418,-0.02179323
-0.012150409,-0.022629324
-0.009247333,-0.020424593
-0.0030276387,-0.015462274
0.0055213207,-0.009096941
0.015457455,-0.003186431
0.02568389,0.000655133
0.03423228,0.0011786897
0.039090686,-0.0015263275
0.039580125,-0.0059087956
0.03664741,-0.009564702
0.032188516,-0.010108476
0.028251706,-0.0059543825
0.026583811,0.0030862784
0.02847032,0.01591591
0.034618575,0.030417303
0.044602815,0.043084845
0.05542214,0.04919675
0.06112364,0.045023717
0.05887258,0.031807322
0.052344885,0.0144048715
0.044429168,-0.0028831947
0.035540927,-0.016475504
0.025749626,-0.023151364
0.015884733,-0.021021072
0.006630207,-0.01150482
-0.0019917157,0.0015544946
-0.010302986,0.015428442
-0.018826464,0.026852747
-0.027613364,0.032100327
-0.036566764,0.02923054
-0.044704787,0.020282716
-0.05098477,0.009238591
-0.054001775,0.00037037267
-0.052077964,-0.0028623927
-0.044728685,0.0013905035
-0.034443848,0.012143574
-0.02287577,0.026623627
-0.010236549,0.04150993
0.0036238588,0.052556645
0.01671239,0.055218954
0.026378315,0.048096053
0.032135546,0.03450381
0.035063263,0.01923427
0.035249665,0.006044269
0.031799633,-0.0021857612
0.024104621,-0.0036794709
0.012598261,0.00077997945
-0.0014631461,0.008604403
-0.017223177,0.018081315
-0.0333708,0.027030006
-0.047348585,0.032433327
-0.05565306,0.030941444
-0.05546377,0.02215286
-0.04685953,0.010191842
-0.03270889,0.00023057732
-0.016498955,-0.0052988627
-0.0011576185,-0.006315119
0.0116339605,-0.004319943
0.02130388,-0.00029303323
0.026511155,0.004115829
0.027086934,0.007214923
0.024028441,0.007948456
0.019031862,0.0064529767
0.013619175,0.0037837094
0.008551645,0.0016524844
0.003819083,0.0016154577
-0.000963133,0.004498963
-0.0062881643,0.010299856
-0.012308284,0.01810331
-0.018670427,0.026144193
-0.024508212,0.031994622
-0.028547801,0.0330693
-0.029482154,0.027824966
-0.026548924,0.017121257
-0.020088853,0.003598516
-0.011571879,-0.010264064
-0.0027226543,-0.023463389
0.005259272,-0.03469648
0.010917108,-0.041604634
0.013190966,-0.04224525
0.011679587,-0.036906198
0.006938552,-0.027938198
0.0002620998,-0.018011717
-0.006769811,-0.008877539
-0.01282975,-0.0013199396
-0.016838314,0.004169523
-0.018016146,0.007025536
-0.016315121,0.00735261
-0.012328613,0.006000744
-0.007000003,0.0041786497
-0.0013176106,0.00300946
0.0039086533,0.0031731483
0.008158607,0.0048689265
0.011028639,0.007784807
0.012438239,0.01111901
0.012595957,0.013743576
0.011980458,0.014539604
0.01121526,0.012790913
0.0109689385,0.008588166
0.011733223,0.0028499763
0.013631462,-0.0029948931
0.016321803,-0.007350425
0.019177748,-0.008594083
0.021456359,-0.005755903
0.02254748,0.0009242066
0.022265919,0.010049932
0.020847157,0.019595075
0.018713202,0.027163478
0.016356135,0.03037656
0.0144344475,0.02793445
0.013701905,0.020601878
0.014471462,0.010800826
0.016196866,0.0012789905
0.017612558,-0.005571307
0.017310943,-0.0075224824
0.014361917,-0.0035249665
0.0086939195,0.0052510533
0.0011577078,0.016653014
-0.007128353,0.028394824
-0.014589566,0.03699892
-0.019596916,0.038275063
-0.020773098,0.030352931
-0.017643653,0.015785923
-0.011216783,-0.00093668606
-0.003790685,-0.017072119
0.0031982874,-0.031030063
0.008499854,-0.03903458
0.011468601,-0.03787067
0.011692886,-0.028334763
0.009537189,-0.014475861
0.006325566,-0.00028525217
0.003997525,0.012054886
0.003477677,0.020973692
0.0048631947,0.024517886
0.007474742,0.022640536
0.010483155,0.017270697
0.012839561,0.010790501
0.013521826,0.005283352
0.011815643,0.0021038384
0.0076627107,0.0017055564
0.001676436,0.0033575906
-0.005247073,0.0058610328
-0.012175477,0.0077359965
-0.01799773,0.0076890625
-0.021766914,0.0049593076
-0.022948314,-3.7677448e-05
-0.021460114,-0.005976259
-0.01760853,-0.011058443
-0.011980552,-0.013594606
-0.0055080713,-0.012537924
0.0006221592,-0.007954947
0.0053238817,-0.0009489713
0.0080083255,0.006920611
0.008122087,0.013974912
0.005315692,0.018376848
-1.417051e-08,0.018939726
-0.006536265,0.015639825
-0.0126839625,0.009562002
-0.01701671,0.0023540747
-0.018396292,-0.0042757047
-0.0162037,-0.008786316
-0.010909264,-0.010209655
-0.0041152393,-0.008508931
0.002163723,-0.004594061
0.006268214,0.00015830863
0.007023578,0.004459155
0.0038945107,0.007167057
-0.0024579964,0.0076216
-0.0105704,0.005828443
-0.018759452,0.0021629066
-0.025185294,-0.0029099765
-0.028241802,-0.008934011
-0.027176676,-0.01543953
-0.022437593,-0.021985268
-0.015288731,-0.02823457
-0.0071062255,-0.033886187
0.0010874264,-0.03829809
0.008697201,-0.04029076
0.015444984,-0.03849828
0.021183105,-0.032179516
0.02574758,-0.0218086
0.028982744,-0.008847097
0.03066119,0.0049097966
0.030040333,0.017477265
0.025830073,0.026363224
0.017261129,0.029121794
0.0054781786,0.024839407
-0.0069610523,0.014958966
-0.018265853,0.0023510542
-0.027605955,-0.010573351
-0.032822065,-0.021059595
-0.03129529,-0.026095876
-0.023023011,-0.023959013
-0.0115201995,-0.015583269
-0.00059668085,-0.0038716265
0.008079135,0.007838881
0.013923038,0.017485421
0.015114526,0.022387194
0.011399436,0.021430343
0.0049381754,0.01569244
-0.001643613,0.007912076
-0.0066200886,0.0010565814
-0.009166804,-0.002558434
-0.008734169,-0.0014500346
-0.0060974113,0.004286648
-0.0025870465,0.013275006
0.000695797,0.023356901
0.002626741,0.031791955
0.0021700189,0.035961896
-0.00083201274,0.03462072
-0.0053785923,0.028627222
-0.010058683,0.020387817
-0.013955825,0.012562734
-0.01671621,0.007258507
-0.018296087,0.0057158642
-0.018793864,0.008121977
-0.018580817,0.013516574
-0.01800429,0.020203395
-0.01726951,0.026119823
-0.016530044,0.029308496
-0.015935155,0.028599381
-0.015648812,0.024142113
-0.015808472,0.017194407
-0.016629472,0.00937965
-0.018335368,0.002077514
-0.020820457,-0.0037597131
-0.023370689,-0.0075240363
-0.024746614,-0.009004388
-0.023597226,-0.008391066
-0.01902495,-0.006092517
-0.010989341,-0.0025203796
-0.0003471593,0.0019847432
0.012121505,0.0070563876
0.025815194,0.012248092
0.038549714,0.016869068
0.04768606,0.020467041
0.05089638,0.022488361
0.04764883,0.022568954
0.040032182,0.020534743
0.031138545,0.016747978
0.02329021,0.012154928
0.017655786,0.007850283
0.0143876895,0.0047453265
0.012922584,0.0032219223
0.012248914,0.0031856713
0.011295487,0.0040343055
0.009364716,0.0048785014
0.0064299107,0.0048709884
0.0031641887,0.0035146698
0.00063910725,0.000887496
-0.00022870449,-0.002344369
0.0009041029,-0.0052724676
0.0037084837,-0.006857427
0.007050144,-0.006378463
0.009326671,-0.0037060578
0.009055519,0.0005762745
0.005457924,0.0053685773
-0.0011819594,0.009500678
-0.009737172,0.01216613
-0.018442547,0.012893716
-0.0251467,0.011575203
-0.028042708,0.008599966
-0.026534,0.0048808507
-0.021652566,0.0014941321
-0.015543005,-0.0009362402
-0.010472219,-0.0025227065
-0.008074892,-0.0038588515
-0.0089716865,-0.005560626
-0.012653485,-0.007891776
-0.017569236,-0.010536028
-0.02149888,-0.012588482
-0.022257231,-0.012761166
-0.018781789,-0.009837277
-0.011921643,-0.0032467858
-0.0039183227,0.006575992
0.0035863158,0.018723352
0.009389679,0.031468485
0.011646065,0.04181968
0.009230393,0.046324354
0.0032115995,0.04263325
-0.0030676888,0.03128378
-0.006246705,0.015271656
-0.005049483,-0.0017579112
-0.0005405844,-0.017699163
0.0065030563,-0.031096304
0.014210414,-0.038850572
0.020178352,-0.038642816
0.022093112,-0.030950215
0.01941643,-0.019234829
0.01361427,-0.007550317
0.00753801,0.0014318082
0.0040050764,0.006464033
0.0049478463,0.006804424
0.011050325,0.002620229
0.021388361,-0.0051675397
0.033623822,-0.015615912
0.044272713,-0.02713581
0.049325276,-0.036529966
0.046205636,-0.039633464
0.0362317,-0.03528788
0.023574946,-0.026314134
0.012391766,-0.0149465855
0.005814862,-0.0018192836
0.0060674157,0.013197246
0.014048317,0.029754415
0.029658105,0.04579647
0.05020406,0.058709577
0.06944018,0.064860545
0.07176773,0.060363203
0.05336352,0.047685552
0.030649362,0.030525168
0.01037272,0.011686568
-0.006456457,-0.0054167
-0.021407615,-0.019824352
-0.029923415,-0.02889861
-0.028021175,-0.02954846
-0.018449942,-0.021981858
-0.007452434,-0.009109378
0.0006722232,0.0053742495
0.0046145106,0.018736456
0.0032799216,0.027823146
-0.0031237744,0.029409565
-0.011443549,0.022511713
-0.017320408,0.009471133
-0.018248072,-0.006240158
-0.013558656,-0.021289917
-0.0035306665,-0.032695822
0.009560047,-0.03779569
0.021363948,-0.03494684
0.027588094,-0.025162121
0.025287066,-0.012078279
0.015397119,-0.000593947
0.0014126938,0.00597308
-0.012814129,0.0070877015
-0.024335772,0.002864726
-0.029417938,-0.00582848
-0.026233563,-0.016222438
-0.016373938,-0.02477637
-0.0036023117,-0.029156232
0.007973661,-0.028385658
0.014609259,-0.022868956
0.0140128825,-0.014642275
0.0067299986,-0.007064476
-0.0042323447,-0.0028453693
-0.015830439,-0.002567614
-0.025017543,-0.005933829
-0.028613893,-0.012050257
-0.02537667,-0.018599631
-0.016858434,-0.023007706
-0.0063932748,-0.023609132
0.0024399364,-0.020178001
0.0068638297,-0.013847277
0.0056939987,-0.0067099757
-0.00028751217,-0.0010760697
-0.008899722,0.0017129174
-0.017881535,0.0016416506
-0.024355587,-0.0009808155
-0.025963902,-0.004835928
-0.022004616,-0.008124046
-0.01371994,-0.0094323
-0.0035276006,-0.008497524
0.0062368303,-0.006499703
0.014095985,-0.005256377
0.018629067,-0.0064982385
0.018963238,-0.011273103
0.01532535,-0.019498477
0.008319819,-0.029905627
-0.0016549841,-0.04006628
-0.013886057,-0.04656492
-0.026680866,-0.04615523
-0.037895165,-0.03783465
-0.046356093,-0.023544071
-0.051584184,-0.0063555464
-0.052538186,0.01049973
-0.04803397,0.023499466
-0.038251065,0.029781453
-0.025284596,0.029491458
-0.011939509,0.025474682
-0.00076310313,0.020760149
0.006145915,0.017439324
0.0071484316,0.016756382
0.0017884934,0.018845523
-0.00875883,0.02254903
-0.022390053,0.025959965
-0.036472727,0.026661925
-0.04792072,0.022233903
-0.05390583,0.0119145205
-0.053419933,-0.0019125846
-0.04783344,-0.014906114
-0.039573528,-0.023092372
-0.030985216,-0.02390259
-0.024190083,-0.017110905
-0.020473944,-0.005214551
-0.019370822,0.008365701
-0.018915506,0.0206546
-0.017155565,0.028074084
-0.0130746905,0.02774852
-0.0066387863,0.020264916
0.0014511083,0.009159415
0.010084377,-0.0022275045
0.018181924,-0.012308983
0.024421241,-0.01916167
0.028305924,-0.021801883
0.03034178,-0.021613456
0.03164574,-0.021345716
0.03329627,-0.023536475
0.035803914,-0.029602315
0.03861187,-0.03920232
0.040165596,-0.04973913
0.038423445,-0.056099925
0.03230496,-0.052757457
0.022306468,-0.039601196
0.009628531,-0.02166928
-0.0037612997,-0.003436123
-0.015744608,0.013905673
-0.024831694,0.028672233
-0.028332403,0.03464452
-0.026299942,0.02869681
-0.020083515,0.014994858
-0.012287718,-0.0005889088
-0.005729799,-0.014505055
-0.00201004,-0.024286276
-0.001394224,-0.02651451
-0.003013275,-0.020589551
-0.0054930933,-0.009958639
-0.0073040137,0.0016333422
-0.0067677037,0.011610848
-0.0029964475,0.0175945
0.0031716696,0.018229948
0.009940669,0.014708204
0.015555281,0.009291088
0.018642653,0.004362298
0.018600084,0.0016996501
0.01598734,0.001747253
0.012399889,0.0036949192
0.009722353,0.005943167
0.009272583,0.0069269747
0.011410897,0.005500688
0.015414977,0.0015812812
0.01969731,-0.0038845835
0.02217369,-0.0093279155
0.021077909,-0.012957642
0.015883917,-0.013703049
0.007569791,-0.012024034
-0.0019833795,-0.009460536
-0.010879572,-0.0074517163
-0.017271426,-0.0069793966
-0.019584615,-0.008663382
-0.017498592,-0.011946671
-0.012027968,-0.015147543
-0.004892767,-0.016374286
0.0021785174,-0.01425104
0.007887326,-0.008517195
0.011760527,-0.0003160546
0.014148214,0.008346161
0.015613579,0.015118939
0.016487228,0.01773761
0.016881155,0.0152031565
0.016866153,0.008551125
0.01633837,0.000262672
0.0148829855,-0.006810316
0.012170044,-0.009964403
0.008512972,-0.007515615
0.0047469838,5.026633e-05
0.0019190968,0.010759307
0.00094426365,0.022311399
0.0022361125,0.031281378
0.0048746485,0.03428914
0.007335724,0.030325389
0.008471925,0.021352591
0.0077770455,0.010762584
0.005132704,0.0017663725
0.0008841627,-0.0032463016
-0.0039642104,-0.0029767873
-0.007827711,0.0024383517
-0.009343597,0.011211053
-0.007868021,0.02048346
-0.003923521,0.026923845
0.0007191114,0.027806291
0.0038544054,0.022337124
0.0040915813,0.0119638145
0.0013441303,-0.0006496681
-0.0040902835,-0.013402634
-0.011532492,-0.024430556
-0.01852535,-0.031163061
-0.021851758,-0.03251672
-0.020148916,-0.029096704
-0.014395489,-0.022684488
-0.0069919457,-0.015325546
-0.00024846024,-0.008554627
0.0041154074,-0.003258122
0.0051572775,0.00042751667
0.0028553533,0.0027906217
-0.0014310805,0.004378548
-0.0056890487,0.005743269
-0.007872175,0.0071317353
-0.0065751364,0.008362686
-0.0017459933,0.009043122
0.005346597,0.0087775
0.012741415,0.0071127885
0.018176638,0.0038298636
0.019833596,-0.000677425
0.017261919,-0.005504897
0.011567221,-0.009599129
0.0046283985,-0.011962085
-0.0016530058,-0.0116777895
-0.0057934998,-0.008203441
-0.0072639235,-0.0017456518
-0.006716001,0.0068172948
-0.0052336887,0.016213246
-0.003935451,0.024548827
-0.003783455,0.029605184
-0.004858285,0.029560216
-0.0060230372,0.023947125
-0.005489736,0.014092957
-0.0019652275,0.002518288
0.0044187517,-0.008357001
0.012940914,-0.017121306
0.021606978,-0.021467313
0.02754644,-0.019657532
0.02791135,-0.011993906
0.021749405,-0.0012783988
0.010532889,0.008892872
-0.0027859695,0.016435256
-0.01543249,0.020342935
-0.023852594,0.019567247
-0.024927003,0.014410271
-0.018011268,0.0076278783
-0.005605208,0.002770356
0.008531414,0.0017532642
0.02199477,0.004393577
0.031513005,0.010128679
0.033987418,0.017215183
0.028567359,0.022600235
0.017537508,0.023357127
0.0047945543,0.018396791
-0.006287271,0.0088403635
-0.014423949,-0.0028719914
-0.019609855,-0.014469059
-0.021917589,-0.023195187
-0.02187817,-0.026610676
-0.020725843,-0.024110934
-0.019718755,-0.017487613
-0.019232487,-0.009607625
-0.018518789,-0.003105972
-0.01639213,0.00022714978
-0.012138387,-0.00014744725
-0.006070772,-0.0031307146
0.0005121677,-0.00666853
0.0059356196,-0.008777929
0.008488237,-0.007850609
0.0072083827,-0.003639414
0.0026440925,0.0022477005
-0.0032469765,0.007545605
-0.007958881,0.010152006
-0.008770114,0.00811674
-0.003973024,0.0014567719
0.0060722115,-0.007593804
0.019945478,-0.017355103
0.034805782,-0.025409883
0.046490084,-0.027959725
0.05038271,-0.021826606
0.044609647,-0.008900908
0.03178813,0.004580775
0.016765907,0.013903494
0.0038595519,0.017018933
-0.0035170934,0.012784983
-0.002921874,0.002044532
0.0053056944,-0.011687202
0.018958505,-0.026722327
0.034684695,-0.040326804
0.047489353,-0.047685686
0.05137787,-0.042667873
0.043159828,-0.026441049
0.02568428,-0.008830601
0.004485948,0.0043692053
-0.016228646,0.014230013
-0.035492368,0.021550875
-0.048217952,0.024155231
-0.05030344,0.020540748
-0.041925907,0.013524905
-0.027706375,0.0073271175
-0.012382679,0.00384443
0.00065246614,0.0022796423
0.009833363,0.0007724049
0.014094194,-0.0018014236
0.012918313,-0.005957613
0.0077390173,-0.011585971
0.00023660924,-0.01780419
-0.008155143,-0.023122903
-0.016010897,-0.026103826
-0.022005025,-0.025895758
-0.02525415,-0.022781985
-0.025708439,-0.018137991
-0.02386235,-0.013717573
-0.020067045,-0.010912352
-0.014822979,-0.010125445
-0.00868053,-0.0106437905
-0.0024045636,-0.01100271
0.0032231268,-0.0095672775
0.007409493,-0.0051633585
0.009658977,0.0022487396
0.009965736,0.011601364
0.008670211,0.02095318
0.0063578235,0.027636018
0.003721696,0.029157165
0.0017325559,0.024663433
0.0013250061,0.01572748
0.0027841134,0.005391143
0.0055121905,-0.0034869025
0.008529512,-0.009138773
0.010847995,-0.010165962
0.011621782,-0.006964654
0.010364346,-0.0018487648
0.007192386,0.002285477
0.002594368,0.0031132349
-0.002675495,-0.00028645896
-0.008087852,-0.0070234137
-0.013314105,-0.014748472
-0.017698657,-0.019856421
-0.02027932,-0.018777763
-0.020647267,-0.00996165
-0.019447794,0.005364334
-0.016945902,0.025029397
-0.011879317,0.046264566
-0.003678446,0.063678555
0.005221697,0.06959516
0.010767638,0.060159035
0.0132531375,0.041228272
0.01472259,0.020205103
0.015018658,0.0013602847
0.01329416,-0.013030832
0.009612602,-0.020176694
0.0054817,-0.01828119
0.0024136668,-0.00941146
0.0012203032,0.0026251029
0.002741302,0.015225235
0.0072067697,0.025704809
0.013377061,0.03185961
0.01897313,0.0332627
0.022086343,0.0314814
0.021695651,0.02881708
0.017853428,0.027190432
0.011483863,0.027398726
0.0042971303,0.029276945
-0.0017502018,0.031601775
-0.004811451,0.032632876
-0.0040222458,0.03057372
0.00035773247,0.025118161
0.0069260607,0.017377209
0.0137118185,0.008837741
0.018491635,0.0006171522
0.019228753,-0.006004646
0.015014059,-0.009892356
0.0066394764,-0.011100821
-0.0039026332,-0.010659036
-0.014460091,-0.009555733
-0.02245635,-0.008517699
-0.025281359,-0.008378836
-0.021733511,-0.009447469
-0.012837912,-0.01111974
-0.0010776978,-0.012537954
0.011069847,-0.01333751
0.021317594,-0.013014733
0.02712708,-0.010858272
0.026930861,-0.006631504
0.021184335,-0.0011429075
0.01200692,0.004382899
0.0020084404,0.00921643
-0.0068235425,0.013280362
-0.012961549,0.01607584
-0.015405185,0.016940178
-0.014359932,0.01579086
-0.011083652,0.013348327
-0.0072144326,0.010658536
-0.004182168,0.008810642
-0.002794604,0.008799215
-0.0030914606,0.011378135
-0.004425961,0.016824482
-0.005757985,0.024685364
-0.0060641705,0.033635892
-0.0048707947,0.041513894
-0.0025970084,0.045708835
-0.0004212709,0.04428499
0.0005936588,0.03731738
0.00021395876,0.026895111
-0.0011232662,0.015847068
-0.0026159172,0.0067296494
-0.0031279062,0.0014614641
-0.0012058214,0.0010051264
0.004253277,0.0050066207
0.013872446,0.011622027
0.027161831,0.017949311
0.041900143,0.02063516
0.053693917,0.017200842
0.05729074,0.007800187
0.050730374,-0.0045154137
0.03687458,-0.016220428
0.019483434,-0.024592698
0.0014828555,-0.027472856
-0.014193907,-0.023586238
-0.024325492,-0.013689663
-0.027153742,-0.0010903124
-0.023564266,0.009796927
-0.016393382,0.015167125
-0.009401843,0.013017785
-0.0059429514,0.0040420564
-0.007873352,-0.008963505
-0.01597108,-0.022733036
-0.02881179,-0.032316666
-0.041012,-0.03279164
-0.045441292,-0.022715138
-0.03947279,-0.005606131
-0.025863383,0.0137062
-0.007072409,0.03191931
0.016180797,0.045694005
0.03944484,0.05048901
0.052612104,0.044036385
0.04844126,0.03054726
0.032482587,0.016356276
0.0121421255,0.004686708
-0.00897413,-0.0023161094
-0.030336484,-0.003229945
-0.046855103,0.0020708693
-0.05277345,0.009748995
-0.04775979,0.014793638
-0.03665624,0.015962793
-0.024647266,0.013945868
-0.015661206,0.0100915395
-0.011831785,0.006144906
-0.013589623,0.0040897857
-0.019863868,0.0053733657
-0.028336128,0.010308419
-0.036204435,0.017381696
-0.041095227,0.023484299
-0.041743997,0.02465274
-0.038730953,0.018478634
-0.034322884,0.00615136
-0.030907443,-0.009377438
-0.030189937,-0.025500434
-0.032006457,-0.038977616
-0.033887934,-0.045232423
-0.03204549,-0.04115695
-0.025698546,-0.02856472
-0.016672175,-0.012116971
-0.0061412817,0.0041108755
0.0062927245,0.017784763
0.020430796,0.026835963
0.032790154,0.028963309
0.03995475,0.025071438
0.04104478,0.018037062
0.037322134,0.01106208
0.030825067,0.0063888985
0.023263043,0.004873947
0.015749024,0.006028161
0.008795319,0.0083438745
0.0023261479,0.010148463
-0.0039444687,0.009959342
-0.010139754,0.007203493
-0.015958829,0.0023667142
-0.020578412,-0.0031944036
-0.022513488,-0.007677512
-0.020153364,-0.009440576
-0.012966515,-0.0076781656
-0.0022116276,-0.002830473
0.010219774,0.0034917614
0.023480913,0.009650834
0.03492083,0.013586619
0.041008875,0.0140631
0.03972115,0.010977301
0.032379456,0.0052717105
0.022227263,-0.0016405915
0.012021809,-0.008096697
0.0033267778,-0.012557992
-0.0030702823,-0.013844106
-0.0068693324,-0.011461603
-0.008836082,-0.0059169345
-0.010383681,0.0016367388
-0.012605137,0.009983193
-0.015760126,0.01780224
-0.019213965,0.02353079
-0.021485895,0.02555021
-0.020751849,0.022759661
-0.015717061,0.015377846
-0.0064742966,0.004986468
0.0054951566,-0.0067036585
0.019007454,-0.019961702
0.031953726,-0.033965252
0.041537832,-0.045830276
0.04545414,-0.050923254
0.043287862,-0.04646799
0.03680941,-0.035411075
0.028667567,-0.022717834
0.021128232,-0.011363789
0.015492832,-0.0029486697
0.011887034,0.0013687718
0.009448856,0.0010055706
0.0069333278,-0.0035067901
0.0031789956,-0.010515932
-0.002678745,-0.01780847
-0.010475138,-0.022746347
-0.018754018,-0.023148907
-0.02535155,-0.018310014
-0.028517023,-0.009376664
-0.027627137,0.001324611
-0.023038516,0.011087403
-0.015781732,0.0174343
-0.007431769,0.018640406
0.00033379177,0.014440208
0.0064997408,0.0063254167
0.010971085,-0.0033835892
0.013963036,-0.012231357
0.01590797,-0.017297836
0.017405491,-0.016348917
0.018535092,-0.00915599
0.018896202,0.0025743898
0.018099932,0.016562365
0.01563646,0.030459719
0.010897782,0.04129716
0.0039669597,0.04600362
-0.0034712916,0.042963743
-0.008508659,0.033315387
-0.008757025,0.020231767
-0.0036092342,0.0071865288
0.005672857,-0.0033014226
0.017515,-0.010882208
0.029559597,-0.014849739
0.038212016,-0.014479645
0.040021084,-0.01011388
0.03384374,-0.003751398
0.021551507,0.0016330972
0.0067749517,0.004072177
-0.007015822,0.0036477416
-0.017953252,0.0011632662
-0.023654262,-0.0027811858
-0.022821974,-0.0069518164
-0.01659859,-0.009747383
-0.0077269278,-0.010173225
0.0010084258,-0.008321043
0.007678027,-0.005161632
0.011319999,-0.001994611
0.011870402,-0.0003557785
0.010329405,-0.0015323668
0.008249288,-0.006043306
0.006825976,-0.013538918
0.0064938655,-0.022963323
0.007018525,-0.032500673
0.0077875513,-0.03972392
0.00814531,-0.0422226
0.00759454,-0.03887001
0.005854578,-0.03071527
0.003200038,-0.020350277
0.00039033624,-0.010382887
-0.0017015254,-0.0028281908
-0.0025647231,0.0010109252
-0.0023188465,0.0004937159
-0.0015013486,-0.004040913
-0.0009224924,-0.0112380255
-0.0011880179,-0.019167613
-0.002240033,-0.02547808
-0.0031943868,-0.028000891
-0.0027602057,-0.025663396
-1.5241922e-05,-0.018952616
0.005144493,-0.009571413
0.012486899,0.00043421533
0.021628689,0.009558927
0.030864678,0.01611613
0.03726705,0.018859826
0.038283307,0.017708985
0.033630878,0.013686893
0.025276793,0.008377557
0.01585989,0.0034621311
0.0075852266,0.00043798413
0.0020743376,0.00038180687
0.0002804856,0.0038250166
0.002438069,0.010580807
0.008097113,0.019813223
0.0161348,0.030111093
0.025000403,0.039622657
0.0326431,0.04610124
0.036696248,0.04734051
0.035925843,0.042248916
0.031555373,0.031650018
0.025717145,0.01758669
0.01942326,0.002261517
0.012329574,-0.012623365
0.0032838774,-0.025739
-0.008224181,-0.034918096
-0.02121426,-0.03806682
-0.033628628,-0.03469728
-0.043122374,-0.026135543
-0.047634568,-0.014950274
-0.045863573,-0.004289163
-0.037999555,0.0030120693
-0.02603772,0.0054504974
-0.012923388,0.0031249933
-0.0015426672,-0.0029247594
0.0058572167,-0.011800691
0.0073674535,-0.02122624
0.0022447908,-0.028040746
-0.0075987154,-0.029660892
-0.019018617,-0.025603507
-0.028522078,-0.016628321
-0.03300654,-0.004705834
-0.03070109,0.0074062813
-0.022056526,0.016786365
-0.009483852,0.02177473
0.0038231288,0.021979518
0.014804534,0.018073022
0.02064869,0.011741826
0.019836478,0.005674221
0.012981133,0.0023822386
0.002385649,0.0031059154
-0.009547056,0.008101822
-0.020768765,0.0170737
-0.028708462,0.027983595
-0.031530593,0.03677393
-0.028937398,0.039216775
-0.022248013,0.03360972
-0.013352722,0.02196162
-0.0038348825,0.00759879
0.0048159296,-0.006925074
0.011749785,-0.020742219
0.015648644,-0.03056972
0.015851913,-0.032965727
0.012054635,-0.02754201
0.0044463803,-0.017304933
-0.0059716115,-0.0060906117
-0.017975088,0.0038870038
-0.02980533,0.011392389
-0.03849087,0.0141640175
-0.04073713,0.010810485
-0.03473838,0.0027481813
-0.02157707,-0.0063292687
-0.004332967,-0.013249296
0.0141999945,-0.017365145
0.03189389,-0.018122483
0.044809617,-0.014510132
0.04878426,-0.0060665156
0.042449933,0.004888787
0.028944211,0.014847764
0.013160514,0.02187842
-0.0009626739,0.026090935
-0.010515087,0.027475981
-0.013090553,0.025671998
-0.008328636,0.021282502
0.0015567645,0.015935827
0.013459719,0.010461562
0.024464812,0.0045185625
0.031442493,-0.0018780844
0.03228482,-0.007794786
0.027473075,-0.012254931
0.019659862,-0.014807137
0.011992363,-0.015149984
0.0070032873,-0.012896337
0.0062283035,-0.008049043
0.009806488,-0.0013146579
0.01682104,0.0061027356
0.025380526,0.012656322
0.03258127,0.016731007
0.035304837,0.017147416
0.032142974,0.013687842
0.024368087,0.0071974797
0.014723182,-0.00082870136
0.0055804537,-0.008788758
-0.0017267184,-0.015350898
-0.005931933,-0.019276712
-0.00608473,-0.01996309
-0.0027514126,-0.017879598
0.0024495085,-0.01422808
0.0077878074,-0.010431328
0.0118665015,-0.007652831
0.013703838,-0.006598121
0.012985299,-0.007449645
0.010213651,-0.009939517
0.0063540833,-0.013493678
0.0023793573,-0.017377296
-0.00086854695,-0.02080888
-0.0027727713,-0.023104003
-0.0031122847,-0.023758328
-0.0021326516,-0.022473868
-0.00045067337,-0.019165393
0.0011800962,-0.013984797
0.0021404393,-0.0073674303
0.0020788957,-4.3492764e-05
0.0010651387,0.007207154
-0.0007963496,0.013569157
-0.003144217,0.017742744
-0.0054881526,0.018680625
-0.0071447412,0.016067345
-0.007472624,0.010595712
-0.0060628764,0.0037844186
-0.002952239,-0.0025456103
0.0015056502,-0.006881541
0.00683453,-0.008059217
0.012251542,-0.0056844656
0.016896244,-0.00046298164
0.020032894,0.0059769973
0.021116985,0.011559711
0.019890003,0.014248544
0.01669259,0.012776248
0.012578811,0.007260391
0.008864751,-0.00085797603
0.0063906196,-0.009694665
0.00541234,-0.017454395
0.0062287664,-0.02225766
0.008819303,-0.023111349
0.012561407,-0.02048295
0.016522093,-0.016001593
0.019790977,-0.011611564
0.021570617,-0.008875464
0.021263426,-0.008483015
0.018723518,-0.010027872
0.014317508,-0.012169645
0.008734267,-0.013147587
0.002829411,-0.011442457
-0.00248891,-0.006434788
-0.0064906226,0.0013414423
-0.00863967,0.01067583
-0.008459695,0.019495074
-0.006124435,0.025180887
-0.0025344328,0.025881974
0.0011696519,0.021568513
0.003962212,0.01395753
0.0050671417,0.005558276
0.0039504454,-0.0012530788
0.00044987904,-0.0046471693
-0.0049630194,-0.003593414
-0.011263543,0.0016451499
-0.017092872,0.009757752
-0.020941056,0.018582681
-0.021589732,0.025399672
-0.018599482,0.027901305
-0.012505065,0.025472462
-0.0045188377,0.01945847
0.003950142,0.011986321
0.011618971,0.004707347
0.01730879,-0.0013830151
0.019870397,-0.005320935
0.018781787,-0.006691672
0.014342758,-0.0060174754
0.007465601,-0.0042748847
-0.0007054137,-0.0022334824
-0.009294987,8.520081e-05
-0.017528314,0.0031932942
-0.024263982,0.00765025
-0.028521262,0.01371066
-0.029663898,0.021143682
-0.027515627,0.02901067
-0.022395156,0.035782844
-0.015114842,0.03958048
-0.0070027625,0.03891766
0.00039274167,0.033504505
0.005898317,0.024601528
0.008819655,0.014311128
0.008914104,0.0051005734
0.006371541,-0.00074578193
0.0019631325,-0.0014211984
-0.0030352003,0.0037188244
-0.007074513,0.01420677
-0.008420064,0.028398983
-0.0058017196,0.043156072
0.00086479116,0.0541054
0.00972407,0.056839094
0.017844688,0.04979527
0.023604281,0.03571488
0.02674805,0.018747598
0.027013846,0.0021447586
0.023973212,-0.011517948
0.017749831,-0.019682787
0.009538069,-0.020807758
0.0009261332,-0.015819337
-0.0069944197,-0.007464006
-0.01379113,0.0014405393
-0.019138256,0.008331733
-0.022886438,0.010650902
-0.025224954,0.007221877
-0.026371151,-0.0009719882
-0.026504613,-0.011597766
-0.025467206,-0.02190378
-0.022578886,-0.028975546
-0.017155765,-0.030364105
-0.009694758,-0.025549512
-0.0018011242,-0.016304249
0.0049952143,-0.0055879746
0.01008522,0.0038849644
0.012739113,0.0102381995
0.011875161,0.011830887
0.007601685,0.008638228
0.0014280947,0.002229092
-0.00506015,-0.005053596
-0.010871198,-0.01111725
-0.0144232,-0.014016889
-0.014541533,-0.012982425
-0.01148334,-0.008796077
-0.006591006,-0.0032386577
-0.0013613423,0.0016695133
0.0031496545,0.0044109384
0.0060570124,0.004259741
0.006942488,0.0017480429
0.006208432,-0.0014475739
0.0048293606,-0.0032780166
0.0039067892,-0.002011367
0.0043867775,0.0030622284
0.006805245,0.011376202
0.011323309,0.021098806
0.017279675,0.029165398
0.023022655,0.032094777
0.026561115,0.027578907
0.027256222,0.016046036
0.02601071,0.00013439689
0.023568366,-0.017286474
0.01970665,-0.033210937
0.014728202,-0.043288667
0.009941992,-0.04355944
0.006091883,-0.03406534
0.0025269724,-0.018968133
-0.0013750215,-0.0029153524
-0.005274714,0.011277116
-0.009040868,0.021623496
-0.012302568,0.025064878
-0.014636706,0.02102324
-0.015090423,0.011880607
-0.013436576,0.0010636747
-0.010078506,-0.008530191
-0.005715272,-0.015032901
-0.0011463793,-0.017272884
0.0022584393,-0.01545985
0.0034809264,-0.011074004
0.0019994196,-0.006073463
-0.0017292601,-0.0019997621
-0.006675983,0.000490608
-0.011476307,0.0016183642
-0.014535675,0.0020155066
-0.014551298,0.0025250828
-0.0111318445,0.003769378
-0.005007109,0.005845205
0.0024285356,0.008193032
0.009768119,0.009823834
0.015332099,0.009669065
0.017645052,0.0073270057
0.016370097,0.003334015
0.012376288,-0.0010682475
0.0071678325,-0.00432954
0.0022552377,-0.005058729
-0.0010967938,-0.0024806787
-0.0022141447,0.0031644364
-0.001090447,0.010717951
0.0016926543,0.018199256
0.0048286687,0.02324464
0.006723586,0.023982493
0.0063438965,0.019990921
0.0037516854,0.012560131
-0.0001870413,0.004064761
-0.004608261,-0.0029818462
-0.008730593,-0.006645101
-0.011387721,-0.005453875
-0.011980293,0.0003378813
-0.010894313,0.008998622
-0.008672609,0.01806539
-0.0060150335,0.024490464
-0.003921957,0.025413295
-0.0030018133,0.01965747
-0.0028918579,0.008547329
-0.0028995778,-0.005130353
-0.0029403723,-0.019379012
-0.002588688,-0.031402934
-0.0009991662,-0.037685663
0.0021554856,-0.036206294
0.005836111,-0.028008144
0.008682247,-0.016279902
0.010034251,-0.004534399
0.010035141,0.0046154503
0.008751618,0.009387775
0.0063308813,0.008818012
0.0033378657,0.0037129787
0.0004261252,-0.0037732748
-0.0025592132,-0.011418426
-0.0058711427,-0.016915957
-0.009449534,-0.01851776
-0.013174128,-0.016020644
-0.016826905,-0.010865069
-0.019859295,-0.0053092088
-0.021212997,-0.0017289895
-0.01968778,-0.0020720628
-0.01464094,-0.0069983103
-0.0064263283,-0.015614807
0.0039580455,-0.026533658
0.015142866,-0.0376821
0.025143951,-0.045698613
0.031649128,-0.04639169
0.032801654,-0.03804624
0.028442528,-0.024043888
0.020410566,-0.0095440075
0.011496923,0.002067067
0.0042076786,0.009159825
-1.3402928e-05,0.010545502
-0.00043567308,0.00591459
0.002402602,-0.0026873632
0.006745343,-0.012823453
0.010164438,-0.021953726
0.010557334,-0.026868468
0.006835576,-0.025599089
-0.00047696635,-0.019091558
-0.009738696,-0.0102062095
-0.018889299,-0.0013248743
-0.025398787,0.0057058893
-0.026885813,0.0085796295
-0.022721067,0.006439452
-0.014394855,0.0007511632
-0.004452292,-0.006010609
0.004825687,-0.012317818
0.011849828,-0.016797628
0.015520492,-0.018304361
0.01615737,-0.01706318
0.015294154,-0.014691825
0.014820623,-0.013001823
0.016181001,-0.0132299345
0.019774973,-0.015686221
0.024671094,-0.01971642
0.02882357,-0.02359637
0.029776843,-0.025000948
0.025873538,-0.022033736
0.017332831,-0.01490168
0.0061394363,-0.0055691586
-0.0048019215,0.00412797
-0.013166501,0.013707974
-0.016145036,0.021206986
-0.012334545,0.024448399
-0.003160976,0.023726158
0.008337266,0.021069843
0.018762225,0.01809576
0.024483297,0.016048461
0.022775555,0.0159606
0.0138647575,0.01778833
0.000895013,0.020489417
-0.0123450495,0.02313979
-0.021833735,0.024412028
-0.023462443,0.022550724
-0.015617095,0.017554218
-0.00066631037,0.0119598
0.017870652,0.007745874
0.037505228,0.0043852534
0.053577304,0.0023815157
0.060217362,0.0031242573
0.05429589,0.0066071237
0.039649833,0.009629283
0.022815883,0.009264299
0.008613484,0.0050819493
-0.00023199161,-0.0019334451
-0.0029326028,-0.0104245925
0.0003335234,-0.019286975
0.007978434,-0.026486918
0.017059103,-0.03028231
0.024602145,-0.029598594
0.028240422,-0.024526862
0.027108483,-0.01665571
0.022382699,-0.008537422
0.016369559,-0.0021668638
0.011253195,0.0015824789
0.008363232,0.0029167258
0.0078969365,0.0025098007
0.009091,0.0013396996
0.010539613,0.00024687
0.010768867,-0.00014862363
0.008907071,0.0003033682
0.0050967694,0.0012239352
0.00044996166,0.0020142267
-0.0034979493,0.002288499
-0.005328335,0.0019752465
-0.0041836738,0.0013507694
-0.00035502296,0.0010543632
0.004847404,0.0017708178
0.009724682,0.0037802286
0.012374451,0.0070553343
0.011433312,0.011101167
0.0067631346,0.014998064
-0.0005376114,0.017839268
-0.008687414,0.019043049
-0.01572977,0.01838634
-0.019968564,0.016043644
-0.02061385,0.012759853
-0.018163241,0.009647619
-0.0141146965,0.007659972
-0.010204268,0.0071956287
-0.007706919,0.008065655
-0.0070191794,0.009686628
-0.0075704334,0.011327363
-0.008022603,0.012326818
-0.006752736,0.012298792
-0.0025559592,0.011305367
0.0048168553,0.009878159
0.01473351,0.008523803
0.025704939,0.007393656
0.03522658,0.006619451
0.04033269,0.0064053447
0.03891229,0.0067417836
0.031200701,0.0070546633
0.019690104,0.0065328325
0.0075390963,0.0048831287
-0.0026395698,0.0025371255
-0.009333888,0.00013663451
-0.011336347,-0.0020580175
-0.008639933,-0.0035756133
-0.003037394,-0.004065252
0.0030118192,-0.0035175208
0.007300102,-0.0022487396
0.008009664,-0.0005371175
0.0044880556,0.0012125906
-0.0023612713,0.002521444
-0.010935816,0.0032197332
-0.019213919,0.0032120936
-0.024833407,0.00217121
-0.025984526,-0.00019713232
-0.022344774,-0.0037573841
-0.015117497,-0.007957431
-0.0063617327,-0.012208643
0.0019663405,-0.016122978
0.008320841,-0.01904662
0.01160965,-0.02005429
0.011605824,-0.018532198
0.009033047,-0.014719044
0.0051798127,-0.009537865
0.0013711177,-0.0041502137
-0.0014305837,0.00035009638
-0.0028278255,0.0030877315
-0.0029750378,0.0033411798
-0.0024548227,0.0010288799
-0.0019782544,-0.003138988
-0.0020845784,-0.008120549
-0.0029557245,-0.0125619685
-0.004243376,-0.015106213
-0.0052339053,-0.014908945
-0.0052334494,-0.011976273
-0.0039009848,-0.0071196663
-0.0013484018,-0.0015907417
0.00200248,0.003347665
0.005534545,0.0067578354
0.008237557,0.0079448195
0.009201024,0.0069606965
0.008118883,0.004482946
0.0053199064,0.0014920809
0.0015877334,-0.0010645515
-0.0021453293,-0.002546739
-0.004975011,-0.0026909239
-0.0061343457,-0.0016984002
-0.0054144813,-0.0001412196
-0.003204734,0.0013563286
-0.00028720006,0.0023284738
0.0024336237,0.002581375
0.0041388334,0.0022206444
0.0043050884,0.0016266505
0.0029291434,0.0012609657
0.00047005512,0.0014419073
-0.0023550612,0.0022632533
-0.004818221,0.0035517444
-0.006295155,0.004876589
-0.006511329,0.0056869383
-0.0056062634,0.005563727
-0.0040325546,0.0043569147
-0.0023798335,0.0022294754
-0.0011668128,-0.000407193
-0.00070665847,-0.003050643
-0.0010259331,-0.005169953
-0.0018854862,-0.006321737
-0.0028606444,-0.00631797
-0.0035387848,-0.0052617537
-0.0036411432,-0.0034769757
-0.003099226,-0.0014051097
-0.0020513388,0.0005136738
-0.0007725149,0.0019372946
0.00042153537,0.002672514
0.0012576088,0.0026804528
0.0015882261,0.0020725348
0.0014252507,0.0010588325
0.00090607617,-0.00011382187
0.0002222549,-0.0012175685
-0.00044864722,-0.002071434
-0.0009785515,-0.002554032
-0.0013135736,-0.0026157715
-0.0014635387,-0.0022722774
-0.0014675527,-0.0015959493
-0.0013595832,-0.0007016539
-0.0011482156,0.00027539153
-0.0008169223,0.001199971
-0.00034733396,0.0019531504
0.000247711,0.002452086
0.00090724236,0.002666295
0.0015260838,0.0026209268
0.0019804363,0.0023878394
0.002169403,0.002064788
0.002054695,0.0017488144
0.0016832158,0.00151158
0.0011799681,0.0013823098
0.0007123102,0.0013438861
0.00043682885,0.0013423652
0.0004470184,0.0013059811
0.0007388343,0.001170122
0.0012075127,0.00089938135
0.0016776515,0.0005004752
0.0019579544,2.4103849e-05
0.0019024455,-0.00044576556
0.0014594909,-0.0008126256
0.00069043174,-0.0009941759
-0.00024966442,-0.00094308687
-0.0011600684,-0.00065713003
-0.0018480963,-0.00018072149
-0.0021818003,0.00039989117
-0.0021272819,0.0009780112
-0.0017514821,0.0014515772
-0.0011935378,0.0017468889
-0.00061866036,0.0018325252
-0.0001701737,0.0017232647
6.593265e-05,0.0014726045
7.699805e-05,0.0011565464
-8.575448e-05,0.0008521307
-0.00033400214,0.00061663357
-0.00057759206,0.00047461776
-0.000748954,0.0004151792
-0.0008219824,0.00040017028
-0.0008117954,0.00038033913
-0.00076094834,0.00031399875
-0.0007187223,0.0001821694
-0.0007213313,-4.8319566e-06
-0.00077991275,-0.00021059868
-0.0008784943,-0.00038507226
-0.0009815182,-0.00048154037
-0.0010473977,-0.0004712276
-0.0010427054,-0.00035367045
-0.00095209986,-0.00015688148
-0.000781971,7.1567505e-05
-0.0005570215,0.0002784963
-0.00031231903,0.00041979068
-8.404977e-05,0.000472384
9.793986e-05,0.00043687152
0.00021681465,0.00033489778
0.00026863883,0.00019999358
0.00026131843,6.6770066e-05
0.00021088698,-3.850171e-05
0.00013696724,-0.00010303287
5.8571182e-05,-0.00012717462
-9.385251e-06,-0.00012063143
-5.7238198e-05,-9.691729e-05
-8.179831e-05,-6.826996e-05
-8.544405e-05,-4.273085e-05
-7.419039e-05,-2.3569532e-05
-5.543038e-05,-1.0956744e-05
-3.5952206e-05,-3.697687e-06
-2.0111656e-05,1.5778055e-07
-9.829986e-06,1.816668e-06
-4.8948527e-06,2.0785158e-06
-2.5842876e-06,1.6806484e-06
-1.3584527e-06,1.2254427e-06
-1.501322e-06,7.878845e-07
-5.122489e-06,1.9324543e-06
-7.920263e-06,8.185998e-06
-5.6309764e-06,2.1261621e-05
5.0466656e-06,3.8267575e-05
2.3721948e-05,5.2975494e-05
4.4709905e-05,5.6753674e-05
5.9156428e-05,4.189713e-05
5.8605434e-05,6.690071e-06
3.7826652e-05,-4.121671e-05
-3.2882049e-06,-8.566103e-05
-6.0280057e-05,-0.00010499179
-0.0001261069,-8.3325336e-05
-0.00019319591,-1.7431095e-05
-0.0002561447,7.777082e-05
-0.00031156896,0.00017107314
-0.0003570376,0.00022362426
-0.00038950413,0.00020307915
-0.0004047658,9.8322605e-05
-0.00039857926,-7.226539e-05
-0.00036967138,-0.00026262618
-0.00032274998,-0.00041187074
-0.0002700087,-0.0004658672
-0.00022908043,-0.00039912597
-0.00021782552,-0.00022947749
-0.00024674615,-1.7985942e-05
-0.0003128011,0.00014744524
-0.00039697316,0.00018016559
-0.0004681575,2.6823665e-05
-0.0004924179,-0.00030906431
-0.0004442671,-0.00076111004
-0.00031593745,-0.0012155221
-0.00012055059,-0.001541871
0.00011172409,-0.0016345446
0.0003435443,-0.0014481299
0.0005433925,-0.0010142877
0.0006948968,-0.0004327919
0.0007982225,0.00016069601
0.0008609933,0.0006380017
0.0008837392,0.0009160133
0.0008489325,0.0009819379
0.0007187493,0.0008915758
0.00044530496,0.00074296276
-7.5003804e-06,0.00063429505
-0.0006383534,0.0006228506
-0.0013890546,0.00069914147
-0.0021383555,0.00078656053
-0.0027267004,0.0007679459
-0.0029990727,0.00053314405
-0.0028600274,3.098742e-05
-0.002319065,-0.00069546344
-0.0015062032,-0.0015064619
-0.00064586283,-0.0021942146
3.4479174e-06,-0.0025335245
0.00022601556,-0.0023407338
-7.3055424e-05,-0.001538793
-0.00082100066,-0.00019279886
-0.0017851992,0.0015167675
-0.0026245841,0.003331494
-0.0029885932,0.0049350383
-0.002636081,0.006035635
-0.0015246118,0.0064467494
0.00016306942,0.0061261896
0.0020664393,0.0051688147
0.00374603,0.0037629472
0.0048056794,0.002141579
0.0050041145,0.000540758
0.004339155,-0.00084951095
0.003048883,-0.0019255526
0.0015300004,-0.0026823522
0.00021111318,-0.0031926942
-0.0005663387,-0.0035736838
-0.00063742284,-0.003951876
-5.5508623e-05,-0.0044229077
0.00094744714,-0.0050155725
0.002056868,-0.0056726825
0.0029861594,-0.0062538106
0.003569357,-0.006564479
0.0038053244,-0.006413539
0.00383139,-0.005676696
0.003843594,-0.0043460275
0.0039964546,-0.0025488227
0.0043269214,-0.00052703556
0.0047248043,0.0014166055
0.004955158,0.0029813845
0.0047446713,0.0039437404
0.0039057871,0.0042363377
0.00243672,0.003979404
0.00054106204,0.003452905
-0.0014381618,0.003015952
-0.003126091,0.0029895813
-0.004212149,0.0035473972
-0.0045690103,0.0046501113
-0.0043172687,0.00604508
-0.003784238,0.0073345164
-0.0033842307,0.008092453
-0.0034604936,0.008009635
-0.0041317707,0.0070166816
-0.0052135442,0.005326482
-0.0062566213,0.0033684543
-0.006674291,0.0016454591
-0.0059307762,0.0005690685
-0.0037712478,0.00030741398
-0.00038393543,0.000696258
0.0036639175,0.0012520059
0.007620165,0.0013041679
0.010478365,0.00025646834
0.011424584,-0.002149169
0.01018297,-0.0057122605
0.007108216,-0.009782374
0.0030161873,-0.013378669
-0.0009944412,-0.015356318
-0.0037472895,-0.014751023
-0.0044394424,-0.011234252
-0.0030661027,-0.00529609
-0.0003737384,0.001908772
0.0027265514,0.009133233
0.0050809104,0.014915688
0.005343815,0.017795311
0.0028014588,0.017106596
-0.0020599011,0.013227723
-0.008003422,0.007403187
-0.013676156,0.0011952904
-0.017643457,-0.003968274
-0.018446643,-0.0068948204
-0.015570921,-0.007004454
-0.009911888,-0.004563584
-0.0032685252,-0.0005419876
0.0025560334,0.0037375875
0.006294777,0.007113727
0.0067219883,0.008677349
0.0036440024,0.008167124
-0.0018567353,0.005962657
-0.008189362,0.00292898
-0.013778252,-7.183465e-05
-0.017074661,-0.0023809185
-0.017127397,-0.003744451
-0.014195671,-0.004306318
-0.00949518,-0.004485491
-0.0045658695,-0.0048228926
-0.00065160374,-0.0057476726
0.0016224778,-0.007316418
0.0023272305,-0.009102093
0.002220196,-0.010379889
0.0024388053,-0.010432539
0.0039617824,-0.008854577
0.0071522025,-0.005753013
0.011579466,-0.0017301677
0.01610879,0.0022879965
0.018980911,0.0052507236
0.018413698,0.006326789
0.013596593,0.0051923594
0.005245321,0.002149579
-0.0049307863,-0.0018948435
-0.015760243,-0.0057941875
-0.025294943,-0.008404099
-0.031132821,-0.009142699
-0.032013275,-0.008150739
-0.028637765,-0.0060544577
-0.023026666,-0.0037112262
-0.017386723,-0.0019753606
-0.0132859815,-0.001441737
-0.011409723,-0.0021986484
-0.011524444,-0.003781633
-0.012605109,-0.005351894
-0.013218159,-0.0060277944
-0.012158025,-0.005291697
-0.0090747,-0.0032264756
-0.0046571987,-0.0005418072
-0.0002803302,0.0016576591
0.0025959292,0.0022471915
0.0027111329,0.00045275383
-0.00031378822,-0.0037965938
-0.0058166552,-0.009828248
-0.012387332,-0.016275963
-0.01779569,-0.021334767
-0.019585077,-0.023320688
-0.016509693,-0.021336693
-0.00955799,-0.015698545
-0.0012971192,-0.0078052767
0.0057847146,0.00038431524
0.009979052,0.0072537186
0.009395517,0.011287549
0.0035162547,0.011499928
-0.006039124,0.008071145
-0.01722274,0.0021706445
-0.028231008,-0.0048574987
-0.036815956,-0.011612459
-0.040993627,-0.016816271
-0.040324993,-0.019496372
-0.03646475,-0.019255854
-0.032038897,-0.016406536
-0.029050345,-0.011721007
-0.028251657,-0.006030997
-0.029115876,2.7173173e-05
-0.030245073,0.0059585986
-0.029883616,0.011229542
-0.026748393,0.015230072
-0.020714268,0.017546374
-0.012957749,0.018102834
-0.0053183255,0.017011087
0.00031481215,0.014475237
0.002494885,0.010925199
0.00081290735,0.007087381
-0.0038207052,0.0038439308
-0.009661993,0.0019645009
-0.014458189,0.0018885995
-0.016009564,0.003436213
-0.013200208,0.005793353
-0.0066367737,0.007953131
0.0019137021,0.009033899
0.010426332,0.008302261
0.016673798,0.005434886
0.018772155,0.0010711778
0.016304983,-0.0034659929
0.0103805,-0.006815489
0.0028558893,-0.00799805
-0.0044752536,-0.006525975
-0.0102636125,-0.0024086642
-0.013736341,0.0037247322
-0.014951508,0.010777001
-0.014617893,0.017663937
-0.013611513,0.023648825
-0.0124954125,0.028480615
-0.011217741,0.03231947
-0.009117968,0.03547019
-0.005256321,0.038001213
0.001066467,0.039474897
0.009846198,0.038920898
0.02014967,0.035128
0.030287048,0.027149497
0.03829599,0.01482516
0.042552058,-0.00090016646
0.042129785,-0.018015625
0.03688489,-0.033493225
0.027737273,-0.04349056
0.016868647,-0.044747952
0.0066820607,-0.03694722
-0.0017191749,-0.023001963
-0.008387005,-0.0067910203
-0.01361937,0.008920727
-0.01744037,0.021698354
-0.019955596,0.027663346
-0.021463184,0.024701582
-0.021483744,0.014570802
-0.019562516,0.001383322
-0.015826967,-0.010950725
-0.010556627,-0.019268315
-0.0043354416,-0.020791195
0.0010515737,-0.01465643
0.0034362928,-0.0028307706
0.0018580452,0.01153695
-0.0033749908,0.026817454
-0.011535915,0.040625256
-0.020792723,0.050441552
-0.028121036,0.053988557
-0.030271096,0.05039934
-0.025362562,0.042045996
-0.01437275,0.03315186
-0.00037627536,0.02623859
0.0134177,0.021302415
0.024164025,0.017166976
0.028815454,0.013016677
0.026047269,0.008672709
0.01805317,0.0041831313
0.0089238165,1.94922e-06
0.0023450316,-0.0030055768
0.0009928927,-0.0039188173
0.0062247645,-0.0022017027
0.017385745,0.001868654
0.032095812,0.007132196
0.046253107,0.012199929
0.053804424,0.016064527
0.049334474,0.018365111
0.033938117,0.018622966
0.0142091215,0.016757427
-0.0042542303,0.01443932
-0.018499231,0.013649205
-0.024660356,0.014234868
-0.019822733,0.015095313
-0.006336714,0.015554895
0.011133371,0.015317278
0.028970027,0.012523442
0.041819952,0.0059501543
0.044029295,-0.0027854668
0.034713272,-0.010435143
0.018643748,-0.0151475975
0.0010023343,-0.016094789
-0.014772836,-0.012113806
-0.025413902,-0.0026138923
-0.028241934,0.010536147
-0.023759605,0.023632843
-0.015043973,0.03304683
-0.006219195,0.035952542
-0.0012395347,0.031193078
-0.0018448435,0.02017119
-0.0069244667,0.006251131
-0.014773528,-0.0072706435
-0.023220345,-0.017764134
-0.028104473,-0.022324136
-0.025840491,-0.01991581
-0.017411657,-0.012083184
-0.0065610157,-0.0018659242
0.0035183073,0.0076242574
0.010912611,0.014195805
0.012256734,0.015981473
0.006234496,0.013024497
-0.0049336865,0.0068811337
-0.018864354,-7.785665e-05
-0.033534538,-0.005864529
-0.04524389,-0.009044574
-0.04988971,-0.00973092
-0.046318255,-0.009179563
-0.037265994,-0.008522665
-0.02672024,-0.008663569
-0.017540796,-0.010222813
-0.011264036,-0.013147018
-0.008339309,-0.01640673
-0.00831796,-0.018216696
-0.009765151,-0.016854476
-0.011002585,-0.011644152
-0.010929277,-0.0032178166
-0.0094148135,0.0069861994
-0.0066556586,0.01725954
-0.003513176,0.02535373
-0.0016208192,0.029194854
-0.0022803424,0.028027358
-0.0055491137,0.022873461
-0.010490447,0.015914878
-0.015911555,0.009522034
-0.020473843,0.0055015613
-0.022593591,0.0047521554
-0.021217762,0.0069773486
-0.016449997,0.010788138
-0.009206593,0.014282297
-0.0006403983,0.015624298
0.008072817,0.013539356
0.015823046,0.0077921143
0.021778641,-0.0006941741
0.025379967,-0.010087016
0.026336152,-0.017972168
0.024691904,-0.021979038
0.020871362,-0.020833287
0.015538149,-0.015121517
0.009449576,-0.0068235667
0.0034675768,0.001822899
-0.0014839575,0.0093304785
-0.0048189824,0.014378275
-0.005921543,0.015998177
-0.004756162,0.014541897
-0.0017812727,0.011557736
0.0019904422,0.008823329
0.0053557986,0.007692977
0.0071809147,0.008695814
0.0067352713,0.0114774145
0.0039734063,0.014773096
-0.0003193997,0.016835045
-0.0048192916,0.015946832
-0.007954228,0.0111626955
-0.008496174,0.00289902
-0.0062244595,-0.007209093
-0.0018299583,-0.017335303
0.0035232434,-0.02512417
0.008252582,-0.027839469
0.010648082,-0.023907833
0.009559141,-0.014350464
0.005087192,-0.002207891
-0.0011924094,0.009508722
-0.0076368693,0.018948587
-0.012333693,0.023104727
-0.0137144765,0.019942144
-0.011061159,0.010539786
-0.005105516,-0.0017775615
0.0023084925,-0.014375982
0.009566085,-0.025461152
0.014899841,-0.032054126
0.017161855,-0.03204621
0.016068798,-0.026378077
0.012377839,-0.018343
0.0075151073,-0.011316436
0.0029352733,-0.007538595
-0.0004956289,-0.008026227
-0.0027373086,-0.012491437
-0.00449836,-0.019543773
-0.0067565087,-0.026641292
-0.010232907,-0.030787112
-0.015033163,-0.029740646
-0.020664297,-0.023069588
-0.026325108,-0.0122592915
-0.030915866,0.00044059288
-0.032959804,0.012502521
-0.031212546,0.02095069
-0.025655422,0.023397326
-0.017613055,0.01967591
-0.00898365,0.011738587
-0.0015275206,0.0020215765
0.0033234388,-0.007851889
0.004773111,-0.01655203
0.0024028067,-0.022314735
-0.0028725255,-0.024333477
-0.009775178,-0.02305476
-0.01690634,-0.019300783
-0.022992153,-0.01388977
-0.02693463,-0.007358841
-0.028006539,-0.00020040515
-0.025912238,0.0071656476
-0.020991622,0.014205899
-0.013774294,0.020279435
-0.0050916146,0.024449436
0.0038824338,0.025686791
0.011494837,0.023229301
0.015903786,0.017139506
0.015702853,0.00850723
0.010462186,-0.0008932546
0.00071992044,-0.009310045
-0.012854789,-0.015307155
-0.02853931,-0.017388789
-0.04282765,-0.015026918
-0.051178325,-0.009643825
-0.05017017,-0.0042722044
-0.040114798,-0.0015285355
-0.02471467,-0.0019420923
-0.008173129,-0.0048718248
0.0062200525,-0.0099552665
0.016146973,-0.01622723
0.018493475,-0.020646088
0.012717402,-0.020268083
0.0014098115,-0.015150262
-0.011844754,-0.0069755157
-0.023756731,0.0034717368
-0.03038182,0.014576471
-0.028693028,0.022827085
-0.019027939,0.025903845
-0.00456156,0.024797916
0.011230064,0.021720003
0.025516467,0.018079353
0.03508909,0.015275445
0.03728901,0.014955209
0.031993464,0.017380128
0.021660926,0.020981753
0.009363758,0.023738615
-0.0025872106,0.024129692
-0.012776203,0.021246437
-0.020450179,0.015168706
-0.025661122,0.0073656575
-0.028912637,8.93003e-05
-0.030511923,-0.0044324556
-0.03028041,-0.004783739
-0.027934238,-0.0009532647
-0.023503067,0.0056172204
-0.017363112,0.012655084
-0.010260434,0.017787043
-0.0035985035,0.019142836
0.0006337988,0.016133346
0.000790476,0.009803505
-0.003572251,0.002255661
-0.011974985,-0.0044084718
-0.022802489,-0.008356571
-0.03262571,-0.008398358
-0.03690541,-0.00520468
-0.03272705,-0.0009302915
-0.020732196,0.002439404
-0.004367641,0.0040937955
0.012933749,0.0038374038
0.028534833,0.0014104181
0.036949635,-0.0014077924
0.03405225,-0.0011110061
0.020979194,0.0033604964
0.002690862,0.010589425
-0.016846213,0.020796388
-0.034461506,0.03400896
-0.044646468,0.04611313
-0.043149028,0.04871853
-0.031660035,0.040090185
-0.015830362,0.027202632
-0.00040088617,0.014632343
0.011375877,0.0037109377
0.017597092,-0.0046923873
0.01722949,-0.008264643
0.011937733,-0.006480574
0.005219577,-0.0016263452
0.00013572542,0.0035983464
-0.0012213066,0.007020812
0.0018854464,0.0064843036
0.008235597,0.0015083137
0.015644211,-0.0069455127
0.021507068,-0.01697136
0.023557698,-0.025277195
0.02109913,-0.028506344
0.0152576,-0.025264459
0.008219445,-0.016801883
0.0020197385,-0.0056793806
-0.0019670185,0.0057609496
-0.003253822,0.016132668
-0.0022172441,0.023346923
-0.00033624118,0.026310682
0.0010384213,0.025616972
0.0014865871,0.022937749
0.0015124474,0.020137297
0.0022795491,0.018584719
0.005078171,0.018749485
0.010672366,0.020226605
0.018730178,0.021907516
0.02747066,0.022294343
0.03365413,0.020130336
0.03366881,0.015000098
0.025895648,0.007473432
0.011996388,-0.001492072
-0.0050063287,-0.010954344
-0.024031667,-0.019960295
-0.04176467,-0.026641682
-0.0515895,-0.029832985
-0.047857706,-0.029409185
-0.0331328,-0.025373485
-0.01499836,-0.017998887
0.0009683212,-0.008768581
0.012216948,0.00044559833
0.01670553,0.008951719
0.012855991,0.015424869
0.0028823803,0.01865414
-0.008888737,0.01829712
-0.018252522,0.015026735
-0.021366175,0.009774915
-0.016265966,0.0043671676
-0.0044293464,0.0013246973
0.010296379,0.0022551364
0.025607418,0.0069688805
0.0380715,0.014981777
0.044185523,0.024923097
0.04214734,0.033941705
0.033359155,0.038672674
0.021976983,0.03684363
0.012694719,0.028609082
0.008306114,0.016372487
0.00900664,0.003632588
0.012974119,-0.0070695905
0.017749267,-0.014124794
0.020629618,-0.015581401
0.019586653,-0.011462604
0.014411725,-0.004369665
0.0066372766,0.002308655
-0.0014123378,0.00614833
-0.0076211896,0.0058819014
-0.010209087,0.0013618699
-0.008716473,-0.0056140013
-0.004201785,-0.012254882
0.0014825533,-0.015885308
0.006298429,-0.014479306
0.00854556,-0.007789706
0.007726782,0.0021600325
0.0048370506,0.012558938
0.0014096873,0.020696558
-0.0009942765,0.023639
-0.0011913915,0.020023491
0.0012061413,0.011510739
0.0053934944,0.0014340976
0.009724969,-0.007483815
0.012220312,-0.012893036
0.011410271,-0.01269673
0.0070179645,-0.0073813326
4.6096528e-05,0.00027611342
-0.007831195,0.007706746
-0.014976331,0.012882566
-0.019574298,0.013703884
-0.020707034,0.009888556
-0.018701768,0.003641058
-0.014917248,-0.0021404692
-0.010880907,-0.004940143
-0.0077885375,-0.0033404857
-0.0061537838,0.0025335224
-0.0055771056,0.011139646
-0.0046587903,0.02042737
-0.002032045,0.027657336
0.0030980157,0.030576678
0.010658496,0.028809872
0.019859862,0.023961501
0.029272186,0.018169126
0.036784854,0.013336602
0.039941456,0.010930589
0.03701749,0.0112298755
0.028155308,0.01269713
0.015286751,0.012927975
0.0010341755,0.010248351
-0.012635874,0.004625467
-0.024711618,-0.0033256006
-0.033485793,-0.011807112
-0.03693039,-0.017871331
-0.033873245,-0.018402353
-0.025567755,-0.011914237
-0.015153415,0.0004952348
-0.004828569,0.01625836
0.0059944545,0.033054046
0.016915662,0.046944313
0.025027897,0.05313094
0.027016172,0.04901776
0.023588473,0.037178274
0.01813956,0.022555262
0.012647654,0.00923991
0.007893097,-0.00010715271
0.004585,-0.0041255797
0.0037789498,-0.0029085518
0.006036852,0.0017543542
0.011430683,0.0071134176
0.019372176,0.010367894
0.028396232,0.0094183525
0.03653914,0.0036795454
0.042038396,-0.005701919
0.043766554,-0.016377853
0.041528,-0.025644558
0.03595131,-0.03147864
0.0283919,-0.033452716
0.020327237,-0.03280651
0.012943455,-0.031445105
0.006788733,-0.030995995
0.0019013828,-0.032223843
-0.001943446,-0.03484295
-0.004946414,-0.037495807
-0.007022352,-0.038191043
-0.007835132,-0.03519017
-0.007102328,-0.027992915
-0.0048658764,-0.017673954
-0.0013408962,-0.0062498217
0.0034380483,0.004168401
0.00954885,0.012323543
0.016045416,0.016765708
0.021357728,0.017166741
0.024283225,0.014866724
0.024416864,0.011974799
0.021983173,0.010508515
0.017764475,0.011721803
0.012850571,0.015683651
0.008368242,0.021412868
0.005203272,0.027043575
0.003803218,0.030212523
0.0041541196,0.029062187
0.0059321513,0.023356542
0.008736024,0.0145806745
0.012096404,0.0049005174
0.015491083,-0.003844873
0.018389536,-0.010087021
0.02047999,-0.012530014
0.021632077,-0.011112138
0.021891193,-0.0070410823
0.02146695,-0.0021397818
0.020682415,0.001921514
0.019913197,0.0040848004
0.019604875,0.0041468414
0.020229584,0.002732753
0.02211568,0.0009645729
0.025248995,5.8169103e-06
0.029197311,0.0006816648
0.033102915,0.0032368333
0.03578554,0.007272671
0.03600676,0.011879311
0.032926593,0.015898604
0.026618088,0.018306362
0.01820382,0.018628241
0.009387147,0.017100016
0.0017835533,0.014474615
-0.0034379766,0.01166243
-0.00566087,0.009443809
-0.004942877,0.008409214
-0.0021040002,0.008914735
0.0016129538,0.011023322
0.0050060865,0.01450043
0.007178569,0.018891608
0.00777334,0.02354807
0.0070493547,0.027635317
0.005669094,0.0301893
0.0043196636,0.030293934
0.003353786,0.02741821
0.002601384,0.021743495
0.0014276494,0.014200605
-0.0009738691,0.0061990176
-0.0052760597,-0.00068163464
-0.011673673,-0.00509422
-0.019107655,-0.0056591374
-0.02534202,-0.0017845721
-0.02780331,0.0057030274
-0.02471092,0.014802702
-0.01578543,0.022969864
-0.0023339828,0.027924443
0.013202524,0.02801609
0.027379496,0.022432737
0.036160666,0.011939218
0.036568124,-0.0007626105
0.028506763,-0.012193542
0.014636053,-0.019832723
-0.001539186,-0.02249393
-0.016567364,-0.019710004
-0.026656132,-0.012078776
-0.02883972,-0.0021058458
-0.023122089,0.0068109576
-0.012278064,0.012211243
4.568834e-05,0.012967271
0.010532818,0.008852887
0.016327556,0.00056355435
0.015863528,-0.009951003
0.009796542,-0.020361142
0.00035214884,-0.028822562
-0.009398648,-0.0340641
-0.016053334,-0.03564713
-0.017211985,-0.0342252
-0.012903037,-0.031187193
-0.005354977,-0.027905298
0.0025404964,-0.025266977
0.008178201,-0.023434263
0.009571659,-0.021906985
0.005983683,-0.02003435
-0.0016896528,-0.017541219
-0.01161364,-0.014447583
-0.021789622,-0.01067885
-0.030068194,-0.006430388
-0.034649964,-0.002415933
-0.034859102,0.00064279884
-0.031359196,0.0025483714
-0.02559901,0.003658112
-0.018994847,0.0044871457
-0.012469573,0.0053782137
-0.006402364,0.0063806307
-0.0007921482,0.0072561526
0.00451917,0.0075707077
0.009533556,0.0068412325
0.013894161,0.0048165424
0.016980276,0.0017252178
0.018154377,-0.0016967008
0.017076183,-0.004383544
0.013936935,-0.0052814055
0.009497906,-0.0037746723
0.004870039,3.7479946e-05
0.0011730999,0.0054647094
-0.00081808,0.011450949
-0.00074350927,0.016344987
0.0010308445,0.018402468
0.003597972,0.016595101
0.0060080895,0.011029448
0.007668712,0.0027716546
0.008440008,-0.006791358
0.008372189,-0.016283397
0.00793671,-0.023907743
0.007938528,-0.028037619
0.008861529,-0.027856426
0.010427847,-0.023595072
0.01169192,-0.016300613
0.011506435,-0.007323004
0.009030537,0.0021081038
0.0040545636,0.011224504
-0.0031755785,0.019667866
-0.011713319,0.026977668
-0.019895682,0.03234395
-0.025689002,0.03453428
-0.027328497,0.03232052
-0.02412267,0.025546439
-0.016898513,0.0155163
-0.0075453166,0.0039814534
0.0016362835,-0.0079610655
0.009234815,-0.020399913
0.013686932,-0.03160126
0.0141001595,-0.038685933
0.010882726,-0.039585445
0.005224863,-0.034485597
-0.0014973663,-0.02538395
-0.008038705,-0.014670995
-0.013391588,-0.0042129755
-0.016722055,0.004550559
-0.01730476,0.009927251
-0.014864022,0.0106456755
-0.009635812,0.006762521
-0.0022110592,-0.0003397153
0.0066167503,-0.009289839
0.016088542,-0.019156817
0.02470727,-0.028359527
0.030663775,-0.034639668
0.032192677,-0.03607497
0.028468542,-0.032221947
0.02018399,-0.024920046
0.00925456,-0.016607817
-0.0018938312,-0.00891656
-0.011004212,-0.0022306878
-0.016127372,0.0032306085
-0.015418258,0.0068215947
-0.008967803,0.008444261
0.0012871849,0.008893465
0.012987495,0.008869074
0.02351443,0.00861078
0.029674627,0.00849119
0.029120749,0.00880964
0.021976426,0.009131138
0.01066942,0.008440487
-0.00172425,0.0059364527
-0.013121704,0.001455221
-0.022034682,-0.005485399
-0.027198272,-0.014805844
-0.028646948,-0.025701106
-0.02757145,-0.036556363
-0.025412278,-0.04535223
-0.02314309,-0.04969183
-0.020978307,-0.047739975
-0.018845465,-0.03956102
-0.016492637,-0.027378744
-0.013277818,-0.013876071
-0.008432733,-0.0013861108
-0.0016232161,0.008288204
0.0068619666,0.0136843575
0.015269881,0.0133120855
0.021297123,0.007256277
0.023541933,-0.0028291417
0.021816598,-0.014588123
0.016848348,-0.025404686
0.010257483,-0.032539204
0.0044722655,-0.03377578
0.001673573,-0.028542487
0.0023849413,-0.018298743
0.005553954,-0.0055818846
0.009982625,0.007256902
0.014131831,0.0185092
0.015486344,0.02591924
0.011924756,0.02809696
0.0038264925,0.025293479
-0.006540986,0.019295707
-0.016811928,0.0124599235
-0.024871599,0.0066498974
-0.028078616,0.0030743824
-0.02469922,0.0021759593
-0.015475512,0.0036769817
-0.0029825207,0.0065593827
0.010629789,0.009309973
0.023836227,0.009982701
0.033621263,0.007411223
0.037299167,0.0019633204
0.03420645,-0.0048939567
0.02588449,-0.011462236
0.014636943,-0.016295955
0.0024572697,-0.01826891
-0.0089248745,-0.016675286
-0.017821841,-0.011597919
-0.02271979,-0.0041288636
-0.022953065,0.003875604
-0.018846935,0.010515712
-0.0115374625,0.014458199
-0.0026643975,0.015263797
0.006017233,0.013311097
0.012867405,0.00946807
0.01650846,0.004939752
0.016236527,0.0010538318
0.0123871695,-0.0011992014
0.0063311793,-0.0015357893
-8.289842e-05,-0.0002464998
-0.0051702396,0.0022474548
-0.00750964,0.005383268
-0.0063509783,0.008485989
-0.0021340912,0.011104079
0.0038837884,0.013123802
0.010079142,0.014371429
0.014776839,0.014613371
0.016854405,0.013536903
0.016259814,0.010814198
0.014167954,0.006171393
0.012344598,-0.00032352674
0.012308797,-0.008401278
0.014685004,-0.01754012
0.019052733,-0.026754277
0.023827128,-0.034459595
0.02644737,-0.038568944
0.02419697,-0.03732154
0.015560952,-0.03104722
0.0010857506,-0.022383314
-0.017568415,-0.0137028545
-0.03941062,-0.0046487786
-0.062357154,0.005839291
-0.08225816,0.017440658
-0.09205154,0.026337257
-0.08531637,0.025696592
-0.06844488,0.01998655
-0.04991761,0.016348908
-0.033978123,0.015183767
-0.021856382,0.01489363
-0.013922058,0.014229933
-0.009707011,0.012400099
-0.007962633,0.008987582
-0.0071363333,0.0043131732
-0.0059907115,-0.000861532
-0.004051898,-0.0055801347
-0.0016484818,-0.008724968
0.00017004211,-0.009416753
0.00027334344,-0.00754555
-0.0018334654,-0.0040581273
-0.005607514,-0.0005618844
-0.009512256,0.0012321284
-0.011411562,-0.00026757768
-0.009367418,-0.005550111
-0.0025034202,-0.014298671
0.008665002,-0.02587766
0.022662338,-0.039478276
0.036779314,-0.053503282
0.04720317,-0.063988805
0.04984006,-0.06351951
0.043348137,-0.05041141
0.030523788,-0.033626176
0.015582071,-0.018660434
0.0022464169,-0.0063948864
-0.007206048,0.003813646
-0.012034299,0.01204424
-0.011997053,0.017115846
-0.009252602,0.019060338
-0.0068546603,0.018753361
-0.007425109,0.017025223
-0.012491014,0.0147131365
-0.022019157,0.012416165
-0.034305368,0.010585073
-0.04600091,0.009409176
-0.052453127,0.0084654335
-0.049470715,0.007024738
-0.03694009,0.0057317414
-0.018934257,0.0059106536
0.00012731968,0.0077389567
0.018507944,0.01019132
0.034678243,0.012105381
0.044658788,0.013144465
0.04618589,0.013393714
0.04049584,0.012585157
0.031233877,0.0105985375
0.021775095,0.0076440773
0.013941848,0.0043487456
0.008184631,0.0012431609
0.0040701237,-0.0014459625
0.0007066486,-0.003813402
-0.0027609048,-0.0062024714
-0.0066825077,-0.008945981
-0.010670106,-0.012201819
-0.013699849,-0.015792549
-0.0145232715,-0.019227304
-0.012270479,-0.021865651
-0.0070304046,-0.023144078
-2.0621155e-05,-0.022821894
0.0069369436,-0.021126486
0.012120958,-0.018692126
0.014356221,-0.01632176
0.013503474,-0.014772763
0.010624565,-0.014484339
0.007533847,-0.015290909
0.0060118726,-0.016403262
0.007172609,-0.016671546
0.010933741,-0.015031051
0.015833333,-0.010931381
0.019418878,-0.004564166
0.01896927,0.0031077005
0.012553706,0.010461836
0.00010926708,0.015870027
-0.017075425,0.018831242
-0.037344217,0.019788371
-0.057847768,0.019570172
-0.07352646,0.01847256
-0.07663974,0.015175762
-0.06385226,0.010363164
-0.042479057,0.009009193
-0.019861221,0.012294756
0.00083884137,0.017644525
0.019592041,0.021962825
0.033992413,0.022337966
0.03991425,0.016943356
0.03666354,0.0062474804
0.027490316,-0.00778089
0.01534509,-0.023199104
0.0009381641,-0.037782647
-0.015272173,-0.047855712
-0.030768994,-0.049366526
-0.04199314,-0.04092808
-0.04789433,-0.025014563
-0.049642313,-0.0054266346
-0.04770866,0.014707246
-0.04153622,0.032451056
-0.031058844,0.044254754
-0.017797874,0.047215085
-0.0041559837,0.04175896
0.008209014,0.030793237
0.018302694,0.017376132
0.025552012,0.003698771
0.029555907,-0.00823149
0.030343905,-0.015985047
0.028779117,-0.017747981
0.026069708,-0.01353048
0.023132311,-0.004969728
0.02041923,0.005715049
0.017826509,0.016438138
0.014593308,0.02506361
0.009858123,0.029425194
0.0035356183,0.028240684
-0.003228899,0.021934679
-0.008787835,0.0123972725
-0.011912788,0.0021355336
-0.0119215995,-0.006507378
-0.008503044,-0.011361238
-0.0024660742,-0.010747594
0.004054923,-0.0044110687
0.008875642,0.006459685
0.010721636,0.020498365
0.008684357,0.03582097
0.002659728,0.050022602
-0.0062949755,0.06037194
-0.016027957,0.06407433
-0.023506142,0.059392232
-0.025879055,0.047862247
-0.022438876,0.033746112
-0.015108111,0.020723097
-0.0068139355,0.010332755
-0.00017026442,0.0026590102
0.0030528367,-0.0028624772
0.0024127725,-0.00689135
-0.0014216605,-0.0099177435
-0.0064084856,-0.012627574
-0.010196873,-0.015392255
-0.010702606,-0.018245641
-0.0070567774,-0.02095109
-0.00016889247,-0.023130303
0.0077497144,-0.024511939
0.013938625,-0.024863262
0.015850442,-0.023893218
0.012139412,-0.021674454
0.0035349873,-0.018878357
-0.007767057,-0.016212646
-0.019266484,-0.013678343
-0.027963893,-0.011079884
-0.030797342,-0.008784687
-0.026482785,-0.0072670057
-0.016423788,-0.0065224753
-0.0034861823,-0.006353071
0.009957238,-0.007144638
0.022525668,-0.009112976
0.032243837,-0.011846624
0.037741162,-0.014228575
0.038955685,-0.015403174
0.036880404,-0.015147723
0.032880645,-0.013885854
0.028050728,-0.012340451
0.023029763,-0.01132195
0.018182214,-0.011429088
0.013858868,-0.012924246
0.010494675,-0.015402766
0.008710614,-0.017857172
0.009152447,-0.018804988
0.012159442,-0.016741592
0.01736485,-0.010809121
0.02375292,-0.0012241174
0.029926825,0.010887913
0.03397882,0.023567382
0.033438943,0.033878226
0.026562965,0.038426775
0.01464292,0.035083216
0.0018260991,0.024638746
-0.008139195,0.010184738
-0.013828107,-0.004807973
-0.014661235,-0.017929014
-0.009975216,-0.026079196
-0.0011718634,-0.026896413
0.008110518,-0.020555057
0.014308112,-0.009731547
0.015409291,0.0020513036
0.0109730195,0.011482261
0.002159541,0.015910294
-0.008236713,0.014159091
-0.016886849,0.0069704414
-0.02109075,-0.0035022083
-0.019397931,-0.014387038
-0.012128534,-0.02275121
-0.001471331,-0.026555367
0.009369414,-0.025291305
0.01732464,-0.019903364
0.020413052,-0.012368332
0.018513061,-0.005105542
0.0134629,3.0627783e-05
0.008016317,0.0024458724
0.0046537286,0.0027660446
0.004784858,0.0022401214
0.008395509,0.0021208029
0.014051542,0.0031069294
0.019304728,0.0050592753
0.021438738,0.0070048887
0.018625086,0.0073893904
0.011094053,0.0046563908
0.0011440393,-0.0018962267
-0.008883605,-0.011847651
-0.017678443,-0.024256136
-0.023059795,-0.03693878
-0.023423988,-0.04700508
-0.018900042,-0.05142768
-0.011919268,-0.048750997
-0.006279448,-0.040134046
-0.0046238718,-0.02869138
-0.0071317255,-0.0176828
-0.012090119,-0.009433594
-0.01692427,-0.0048897634
-0.018788408,-0.004359047
-0.015452814,-0.0073175402
-0.0066970107,-0.012107859
0.0058272216,-0.017176984
0.019945007,-0.021674264
0.032631546,-0.024805257
0.04020418,-0.025564896
0.040067356,-0.023600854
0.032811638,-0.020402929
0.021680208,-0.018200025
0.010293714,-0.017991332
0.0011779469,-0.019500613
-0.0042394134,-0.021933027
-0.0055435086,-0.024480775
-0.0038106467,-0.026455235
-0.0013510938,-0.027477706
-0.0007113151,-0.027506433
-0.0037636822,-0.026770232
-0.011116914,-0.025654677
-0.022113668,-0.024358256
-0.035119295,-0.022574985
-0.04755332,-0.019746136
-0.056105476,-0.015686488
-0.057903856,-0.010961741
-0.05260704,-0.0064291153
-0.04267365,-0.002554953
-0.031146303,0.000355199
-0.020232517,0.0018880916
-0.01129135,0.0018094738
-0.0050684065,0.00037695133
-0.0018083897,-0.0016120595
-0.0013293462,-0.0029925862
-0.0031284476,-0.0025872297
-0.0065160105,0.00024839182
-0.010711284,0.0054816473
-0.0148632815,0.012271064
-0.01805031,0.01893216
-0.019406918,0.02320595
-0.018321604,0.023039687
-0.01466182,0.017741857
-0.008895007,0.00847552
-0.0021427276,-0.0025667597
0.0040829876,-0.013942063
0.008474527,-0.0239548
0.009576791,-0.029782664
0.007034734,-0.029545926
0.0013783255,-0.023873769
-0.0059534307,-0.015016498
-0.013153661,-0.0052424273
-0.018248577,0.0040607257
-0.019305578,0.01134032
-0.015461001,0.015214973
-0.0074924724,0.015736198
0.0028767209,0.014191281
0.013943989,0.011971634
0.02416738,0.010058829
0.032078043,0.009395198
0.036936477,0.010616003
0.039100695,0.013596983
0.039692152,0.017435888
0.03989198,0.020871826
0.040337335,0.022668008
0.040862072,0.021757625
0.04069631,0.017659295
0.039055366,0.010556073
0.035617996,0.0011912758
0.030694664,-0.009501443
0.02498141,-0.020660086
0.019332854,-0.03137529
0.01475064,-0.04044948
0.012224538,-0.046509765
0.0120944,-0.04842227
0.013475852,-0.045791835
0.014439756,-0.03926321
0.0129482625,-0.03037881
0.007869339,-0.021092111
-0.00054849434,-0.013232201
-0.011004421,-0.007962568
-0.02189551,-0.00548534
-0.030638462,-0.0060293637
-0.034275346,-0.009705651
-0.031090423,-0.0157092
-0.021761345,-0.022325363
-0.008783572,-0.027937198
0.0049911193,-0.03165623
0.01697313,-0.032665733
0.024727901,-0.029963883
0.02677247,-0.023434222
0.023521524,-0.014552052
0.017037783,-0.0053124623
0.009843488,0.0029426415
0.003948454,0.009743744
0.000305639,0.014743846
-0.00097242324,0.017270673
-0.0006843548,0.017007623
-7.6668075e-05,0.014185757
-0.00025026756,0.009297127
-0.0017577955,0.0030305267
-0.0045451443,-0.0038440127
-0.008089037,-0.010662815
-0.011239314,-0.016420774
-0.012666301,-0.020123266
-0.011537964,-0.021018224
-0.007930885,-0.018868959
-0.002733614,-0.014137151
0.0028857512,-0.007865683
0.008129566,-0.0013969894
0.012630375,0.0040726927
0.016014421,0.007317007
0.018050985,0.0073986696
0.018790847,0.0040193615
0.018408183,-0.0023606871
0.016902614,-0.010807543
0.013952727,-0.020162372
0.00918946,-0.029065588
0.0027021354,-0.036121204
-0.004680491,-0.040301874
-0.011483324,-0.041259307
-0.015990656,-0.039359253
-0.01684773,-0.03547569
-0.013625107,-0.030660242
-0.00701731,-0.025824524
0.0014846681,-0.021612758
0.010142618,-0.018402204
0.017197533,-0.016200278
0.020992812,-0.0147218695
0.020707723,-0.013665972
0.016959177,-0.012995902
0.011495789,-0.012852706
0.0063383407,-0.013282008
0.0030942557,-0.014132919
0.0026006007,-0.015114663
0.004661721,-0.015847383
0.008040578,-0.015890026
0.0109019,-0.014810098
0.011468955,-0.012323235
0.008761954,-0.008545109
0.0031134114,-0.0041152923
-0.00394277,7.902499e-05
-0.010568856,0.0034816582
-0.014569292,0.005239334
-0.014195784,0.0044109114
-0.009295273,0.0009202642
-0.0013897442,-0.0044531557
0.0073164534,-0.011151735
0.014450307,-0.018458886
0.017452788,-0.024775634
0.015040769,-0.028301252
0.008010171,-0.028508311
-0.0013246897,-0.026094468
-0.010120943,-0.022055555
-0.015602624,-0.017225754
-0.015650585,-0.012494122
-0.009935057,-0.008610594
-0.0001893958,-0.0058152713
0.011149373,-0.0040769624
0.021543857,-0.0030121082
0.02780471,-0.0018728136
0.027635986,0.00025986353
0.021365905,0.0033398138
0.0116344895,0.006559706
0.00188585,0.009156917
-0.0049011232,0.010650253
-0.006230576,0.010173265
-0.00095883384,0.0073054144
0.009917896,0.0027374567
0.024579044,-0.0032045743
0.0400867,-0.010142667
0.052207254,-0.016278477
0.056318335,-0.018440073
0.050293803,-0.0146203665
0.036807597,-0.0070911404
0.020625683,0.00067649607
0.005777999,0.00714621
-0.0051045218,0.012143413
-0.010243463,0.014404801
-0.008463109,0.012666293
-0.0012375797,0.0075801527
0.008625194,0.00099662
0.018266262,-0.0062831393
0.024397925,-0.012809932
0.024586435,-0.016478935
0.018703677,-0.016234562
0.0090071475,-0.01301342
-0.00136735,-0.008413679
-0.009627734,-0.0034840407
-0.013368599,0.0010222768
-0.0110297445,0.0040459386
-0.0033032375,0.0052337027
0.007644072,0.0052479054
0.01964641,0.0045799096
0.029953912,0.0038660362
0.035920657,0.004045838
0.036373977,0.005550183
0.032316893,0.0078395745
0.026257278,0.009739081
0.020752782,0.010122878
0.01756715,0.008346718
0.017307319,0.0042713466
0.019374369,-0.001739997
0.022152161,-0.008964805
0.023555316,-0.016198529
0.021851512,-0.021928526
0.016520586,-0.025031758
0.0085169505,-0.025427703
-0.00026891744,-0.023857497
-0.0076656197,-0.021288162
-0.011705791,-0.018589184
-0.011179354,-0.016453924
-0.00626712,-0.015216428
0.0015515179,-0.014776628
0.010325865,-0.014821538
0.018065877,-0.01480387
0.022939743,-0.014068432
0.023894483,-0.012333521
0.021115405,-0.010076362
0.015761442,-0.008235655
0.00924879,-0.0076178582
0.0026562572,-0.008510165
-0.0035772633,-0.010572489
-0.009434776,-0.012857861
-0.014820014,-0.013998731
-0.01933676,-0.012590436
-0.022184467,-0.0078050317
-0.022358783,0.00015370664
-0.018958455,0.010030877
-0.011422833,0.019808153
0.00015209496,0.026964521
0.014419071,0.028879596
0.028508302,0.023753764
0.038687363,0.011596492
0.041766293,-0.005479145
0.03633377,-0.023973113
0.022999154,-0.04003919
0.0041241595,-0.05000631
-0.016049365,-0.05082684
-0.03178877,-0.041508026
-0.038537282,-0.024478287
-0.035735577,-0.00423911
-0.025712714,0.015382918
-0.010884221,0.031767692
0.0061461227,0.042006962
0.020542298,0.04320114
0.02698832,0.035221543
0.024520082,0.021452688
0.016466672,0.0059884526
0.006327606,-0.008253965
-0.0041190195,-0.019557832
-0.012594908,-0.025823765
-0.016310139,-0.025732469
-0.015016575,-0.02003932
-0.011210907,-0.010716003
-0.007730041,2.5293979e-05
-0.0064155706,0.010603543
-0.007974743,0.019960197
-0.012308739,0.026876519
-0.017993532,0.030319035
-0.022846201,0.029718153
-0.024699941,0.025087396
-0.022508442,0.01746204
-0.016793726,0.008631569
-0.009314061,0.00032422718
-0.0022747559,-0.0063808663
0.0029018456,-0.010928461
0.0054500867,-0.012531786
0.005700272,-0.011026471
0.0050465693,-0.007393471
0.005166465,-0.0032154904
0.0074165654,-9.9090284e-05
0.012303739,0.0005784154
0.019083679,-0.002017669
0.025871677,-0.007709099
0.030277723,-0.015031863
0.030382017,-0.021319943
0.02574659,-0.023612231
0.017911589,-0.02027392
0.0095778825,-0.011736768
0.0034513422,0.00023932634
0.0018431706,0.014122681
0.006223238,0.027840706
0.016759496,0.03742121
0.03055001,0.03945603
0.0434504,0.03300987
0.05152292,0.019821372
0.0527001,0.0035760726
0.047070418,-0.011836744
0.03638304,-0.023317609
0.0233651,-0.029336084
0.010826689,-0.030034523
0.00097587693,-0.026929906
-0.0050034756,-0.022391826
-0.0071249492,-0.01888784
-0.006406504,-0.01825428
-0.004442326,-0.021152185
-0.0027996192,-0.026936613
-0.0024779453,-0.033744488
-0.0035729124,-0.03895756
-0.0052994248,-0.04024479
-0.0065991622,-0.036619294
-0.006890085,-0.029183807
-0.006290878,-0.020274732
-0.0052029295,-0.012348891
-0.004131393,-0.0072760372
-0.003562309,-0.0060071787
-0.0038185394,-0.008393681
-0.004841533,-0.013191262
-0.006070115,-0.018407375
-0.006543986,-0.021914667
-0.005357512,-0.022233086
-0.0022874533,-0.019201374
0.0020027815,-0.014038989
0.006408725,-0.008722845
0.009854618,-0.005150832
0.011339131,-0.0045991624
0.010296409,-0.0073789726
0.007031903,-0.012663325
0.002450659,-0.018805763
-0.002200682,-0.023690546
-0.005421298,-0.02533501
-0.006113879,-0.022733651
-0.0043255556,-0.016361495
-0.0011402032,-0.00781383
0.002135152,0.0009937594
0.004681038,0.008693417
0.0055103116,0.014290149
0.0040011555,0.017238807
0.00038577383,0.018031085
-0.004394155,0.017742699
-0.009304253,0.017516404
-0.013364244,0.018114267
-0.0158512,0.019645676
-0.01638692,0.021603353
-0.015043593,0.023207769
-0.012149351,0.02374116
-0.008153301,0.022902261
-0.0034756523,0.020904943
0.0014916766,0.018348733
0.0063384576,0.015899945
0.010552905,0.013997046
0.013495874,0.0127073545
0.014475558,0.011727251
0.012966009,0.010509442
0.008946975,0.008549811
0.0029971579,0.005664637
-0.0039353357,0.0022234244
-0.011055876,-0.0010414098
-0.017367395,-0.0033039874
-0.021793697,-0.003857249
-0.023754722,-0.0026409929
-0.023476511,-0.00031152746
-0.0216964,0.0018973686
-0.019249946,0.0025880046
-0.016718447,0.00070380926
-0.014321733,-0.003978297
-0.011951596,-0.010679161
-0.009255852,-0.017767565
-0.0058320453,-0.022968477
-0.001541941,-0.02393562
0.0030642238,-0.019403672
0.0068235504,-0.010045155
0.008809595,0.0018799277
0.008962799,0.014064374
0.0072697,0.02403618
0.0040047118,0.02893377
0.00028816104,0.02720278
-0.0020497632,0.01984509
-0.0017169322,0.00986332
0.0012844725,0.0006779501
0.005739913,-0.0052161315
0.010021451,-0.006170118
0.011989131,-0.001377756
0.0099937655,0.0078662895
0.0037539932,0.019403432
-0.005855092,0.031215418
-0.01690984,0.0411457
-0.026330113,0.04674176
-0.030456144,0.045707196
-0.026687171,0.038408563
-0.015448565,0.028696662
0.00031859704,0.020115927
0.017454859,0.013284826
0.03339384,0.0065995916
0.04391567,-0.0007207618
0.04484333,-0.008087686
0.035961665,-0.014936411
0.021172445,-0.021609904
0.0043526874,-0.028092608
-0.012109895,-0.03297412
-0.025437417,-0.034136582
-0.032255974,-0.030365074
-0.031618547,-0.022543095
-0.026029527,-0.012824535
-0.01874242,-0.003578645
-0.011932414,0.003200966
-0.0067300363,0.006243718
-0.0036002237,0.0053065587
-0.0023003756,0.0015066135
-0.0020034763,-0.0030420886
-0.0018367838,-0.0060499166
-0.0011557747,-0.0055615474
0.00017831595,-0.00089549046
0.0017668065,0.0070143533
0.003398606,0.016522616
0.0045973784,0.024963988
0.004788691,0.029493548
0.003911481,0.028284786
0.0026470672,0.02164865
0.0018668546,0.011821565
0.0019364182,0.0017011425
0.0024279463,-0.006460796
0.0027448437,-0.011250672
0.0022286894,-0.011699916
0.00041782536,-0.008661345
-0.0027854468,-0.004188273
-0.0067982324,-0.00038445287
-0.010558183,0.0012499884
-0.012647922,4.885221e-06
-0.011827678,-0.0036154017
-0.007541166,-0.008004354
-0.00019335501,-0.011323694
0.009173408,-0.012256356
0.019112013,-0.0102618495
0.027890226,-0.005703985
0.03374164,0.0001865239
0.035362598,0.0056835576
0.032426063,0.009128805
0.025950886,0.009630359
0.017859612,0.0075334534
0.009954303,0.004232117
0.0033590628,0.0014019711
-0.0014602734,0.00038534566
-0.004508505,0.0016978518
-0.0059359516,0.004875834
-0.006164673,0.008585949
-0.0057637277,0.011106072
-0.0052446225,0.011009293
-0.004999739,0.0077395113
-0.0052211084,0.0019196845
-0.0060784495,-0.005040063
-0.007716034,-0.011570534
-0.010060796,-0.016034434
-0.012817692,-0.017438062
-0.015766138,-0.015961645
-0.01880303,-0.012828191
-0.02190015,-0.009624888
-0.025074912,-0.007676728
-0.02841043,-0.0075772447
-0.032038696,-0.008913559
-0.036008637,-0.010366717
-0.040094566,-0.010187624
-0.043712292,-0.006922415
-0.04605392,-0.00012858854
-0.04632234,0.009283329
-0.04382252,0.019208018
-0.03817027,0.026810998
-0.029758753,0.02946674
-0.019881597,0.026130905
-0.010221858,0.0179059
-0.0023440758,0.007115109
0.0024262334,-0.0038872703
0.003237888,-0.013326025
-0.0001530965,-0.018587057
-0.0066598603,-0.01814464
-0.01443149,-0.012700099
-0.021819727,-0.004028657
-0.027281484,0.0060257106
-0.029697662,0.015482069
-0.028942443,0.022721285
-0.026011746,0.02728258
-0.022469658,0.03010116
-0.01967881,0.03272458
-0.018200753,0.0363049
-0.017753446,0.04118573
-0.017246405,0.046486184
-0.015294474,0.050128054
-0.010905848,0.049572714
-0.00403187,0.043574564
0.004505113,0.033163004
0.013322113,0.020627495
0.020715324,0.0079980735
0.02476396,-0.0029306842
0.023811273,-0.009722814
0.017735343,-0.0105758775
0.008183132,-0.0061383024
-0.002464471,0.0012217003
-0.012331304,0.009755794
-0.019390238,0.017224634
-0.022007715,0.020715376
-0.020104224,0.018642314
-0.01494727,0.012303389
-0.008365483,0.004232432
-0.0021224173,-0.003283865
0.0026690033,-0.009033252
0.0056805443,-0.011926537
0.007118387,-0.0118907485
0.0077685565,-0.009996946
0.008319776,-0.008002377
0.009286021,-0.0072583924
0.010721289,-0.008423918
0.012227322,-0.011137352
0.013165567,-0.014164788
0.013036754,-0.015759328
0.011723668,-0.014448618
0.009523485,-0.009780661
0.006996457,-0.0026306286
0.004854866,0.0054058027
0.0036420154,0.012664409
0.0035016485,0.01713869
0.004186246,0.017306952
0.005428,0.013182633
0.007261103,0.006300808
0.00990738,-0.0012871051
0.013633366,-0.0077316156
0.018742321,-0.011357237
0.02542836,-0.011195137
0.033341546,-0.0075220596
0.041476604,-0.0015381539
0.04800256,0.0052264994
0.050335143,0.011373147
0.046318814,0.015912572
0.03629144,0.018430008
0.023117857,0.019319186
0.010133228,0.019767333
-1.0437796e-05,0.021042882
-0.005157849,0.023411628
-0.0037053279,0.025941713
0.0040891217,0.027210219
0.015996026,0.025934191
0.028621648,0.020953361
0.037751537,0.011763881
0.03955814,-0.00043955722
0.032920457,-0.0130259
0.020007523,-0.023540348
0.0042419345,-0.030282527
-0.010722526,-0.031662423
-0.020514827,-0.02679131
-0.021793857,-0.016892223
-0.014972223,-0.004821935
-0.0033383977,0.0067572277
0.0104347505,0.016186856
0.023255974,0.021489125
0.030162796,0.021671344
0.028113844,0.017951893
0.018919569,0.01257871
0.0067911074,0.0077717723
-0.0045599123,0.005504144
-0.012696883,0.007132804
-0.015027594,0.01261305
-0.011038073,0.020596085
-0.0025712028,0.02919196
0.0073412033,0.03637103
0.014929655,0.03988222
0.016425109,0.03822008
0.010671745,0.03150627
4.77605e-05,0.021387847
-0.012178862,0.010068223
-0.024163619,-0.0007598138
-0.033609085,-0.010093111
-0.03761232,-0.016804786
-0.034967188,-0.020258477
-0.027703874,-0.02039094
-0.019246377,-0.017932637
-0.012403202,-0.014061012
-0.008558447,-0.0099104615
-0.007707766,-0.006336962
-0.008777077,-0.0038441934
-0.010018641,-0.0026236076
-0.009593206,-0.0026935264
-0.0063662794,-0.0038913426
-0.00043498835,-0.0058585135
0.007101708,-0.008294443
0.014496199,-0.0108116055
0.019408345,-0.01270633
0.019830003,-0.013059228
0.015201601,-0.011452286
0.0066577615,-0.008220999
-0.0036679765,-0.004109776
-0.013820624,0.00052925746
-0.02162659,0.0051116953
-0.024848577,0.008033964
-0.022742735,0.007839037
-0.016301896,0.0042273356
-0.0076252692,-0.0020911542
0.0010135516,-0.010343121
0.007968317,-0.020013394
0.011657761,-0.029406913
0.011426069,-0.036090914
0.007847845,-0.038297176
0.0023386306,-0.03585372
-0.003549702,-0.029999698
-0.008561417,-0.022533525
-0.011887398,-0.015143545
-0.013213973,-0.009135685
-0.012695212,-0.0053325193
-0.0108674755,-0.0037942678
-0.008393266,-0.0038434982
-0.0058563296,-0.0043211607
-0.0035769292,-0.003938615
-0.001594097,-0.0017726172
0.00021796532,0.002349178
0.0020926793,0.0079058
0.004127739,0.013691089
0.0060068076,0.018041858
0.007084454,0.019459179
0.00669734,0.017284516
0.0045586973,0.0120728025
0.00088575657,0.005433158
-0.0038144428,-0.0005544212
-0.008940946,-0.004024935
-0.013192644,-0.0034346667
-0.01510485,0.0016311855
-0.0138530135,0.010137143
-0.009307431,0.020139962
-0.0018256499,0.029022835
0.007269562,0.03381593
0.015660977,0.032287564
0.021109806,0.024263773
0.022817587,0.011722072
0.021289784,-0.0025958177
0.01732355,-0.016208664
0.011873997,-0.026632106
0.0067055617,-0.031454723
0.003810525,-0.029824322
0.003999683,-0.023206629
0.0066721532,-0.014447997
0.010644313,-0.0064287665
0.014593758,-0.0013558845
0.016749369,-0.00064064265
0.01568603,-0.0044330438
0.011306491,-0.011502466
0.004464927,-0.019934332
-0.0036470033,-0.027395593
-0.011049291,-0.031423755
-0.015349172,-0.030378995
-0.015193286,-0.024324529
-0.011210821,-0.014903025
-0.005143444,-0.0043381862
0.0014522116,0.005387345
0.00778146,0.01307461
0.012453232,0.017427536
0.014357065,0.01806569
0.013651001,0.015787015
0.0114031425,0.012036299
0.008760492,0.00838888
0.0064536105,0.006142421
0.0046389033,0.0060628885
0.0029531345,0.008336955
0.000729039,0.012632369
-0.0027355147,0.018241484
-0.007829804,0.024298213
-0.014383542,0.029876199
-0.021566128,0.03408048
-0.027974404,0.03602553
-0.03192022,0.034943737
-0.03202701,0.030613637
-0.027955681,0.023799062
-0.020670412,0.015908819
-0.011863325,0.008212728
-0.0033618065,0.0015098746
0.003220005,-0.0038248906
0.0070285317,-0.007370955
0.0072874315,-0.008205381
0.0042624646,-0.0059939055
-0.0010580093,-0.0012701896
-0.0074557085,0.0051869345
-0.013561854,0.01262816
-0.01794587,0.019515133
-0.019503986,0.023838654
-0.017752532,0.024020813
-0.012900653,0.019899676
-0.005731241,0.0127498135
0.0026329812,0.00450026
0.011034677,-0.0032120254
0.01822643,-0.008997878
0.022457566,-0.010550446
0.022456253,-0.0064905626
0.017797932,0.0025861706
0.0093444595,0.014818029
-0.0015534599,0.028973686
-0.013476311,0.04371144
-0.024487887,0.056260936
-0.032273717,0.0618828
-0.034666255,0.056429137
-0.03058726,0.04221575
-0.021045249,0.025770452
-0.008591989,0.011187589
0.0040995376,-0.00014774759
0.015560928,-0.0087553095
0.02469574,-0.013881833
0.029824642,-0.014586654
0.030831436,-0.011724529
0.028649068,-0.007036161
0.02485802,-0.0024032493
0.020972617,0.00087169773
0.018060913,0.002454276
0.016515598,0.0026492623
0.016253911,0.0020566026
0.016843272,0.001408404
0.017682016,0.0011364991
0.01829339,0.001352656
0.018455233,0.0018264642
0.018085878,0.002055559
0.017140476,0.0015068555
0.015565653,-5.1828356e-05
0.013230137,-0.0024234215
0.009960095,-0.0049242643
0.005638747,-0.006717472
0.00039570284,-0.007096158
-0.005332527,-0.005708391
-0.010793137,-0.002672757
-0.014956616,0.0013894073
-0.016802933,0.005390468
-0.015765883,0.008159256
-0.012007807,0.008980161
-0.006393958,0.0079251025
-0.00016541734,0.005742527
0.005505823,0.003454756
0.009723726,0.002023873
0.011922797,0.002276405
0.012185689,0.0044331346
0.011125238,0.007878035
0.009512032,0.011412194
0.007887579,0.013576437
0.00634924,0.013066305
0.0046004094,0.009297295
0.0022070403,0.0027456363
-0.0012138534,-0.005317589
-0.006083933,-0.013638833
-0.01198932,-0.020378232
-0.017342193,-0.02381508
-0.020002745,-0.023138754
-0.018362658,-0.018768841
-0.012166791,-0.012055319
-0.0024452498,-0.0046379967
0.0095065255,0.0019949214
0.022930928,0.0070446418
0.035522427,0.0098297745
0.044267885,0.010771632
0.047001075,0.010910739
0.04368662,0.011152569
0.036311448,0.011712672
0.027457422,0.012266899
0.019096814,0.012268444
0.012244258,0.011051533
0.007082309,0.008043947
0.0030915893,0.003050297
-0.0005842929,-0.0034804372
-0.0050608967,-0.010902153
-0.0109443655,-0.018025301
-0.017792733,-0.023208916
-0.024189515,-0.02512388
-0.028231675,-0.023226324
-0.028438773,-0.018039769
-0.02458014,-0.010917564
-0.017521022,-0.0034031002
-0.0086420085,0.0032066389
0.0008258562,0.008159992
0.010228804,0.011220249
0.018719753,0.012596064
0.025827345,0.013192049
0.031815905,0.014202091
0.037386015,0.01657322
0.043179728,0.020712337
0.049313914,0.026308127
0.054870594,0.03229727
0.05764955,0.03705117
0.05494602,0.038767554
0.045989268,0.03617983
0.033303775,0.029292429
0.02031618,0.0193433
0.009458658,0.008188491
0.0021872025,-0.0023086949
-0.000935059,-0.010864536
0.0006501833,-0.016644934
0.0065283203,-0.018614944
0.014472845,-0.017097548
0.021669991,-0.012994544
0.02525403,-0.0075918655
0.022962568,-0.0023003041
0.014424325,0.0014161457
0.0014990524,0.0026105535
-0.013351471,0.0016884264
-0.02883738,-0.0004855075
-0.042001206,-0.0032930758
-0.04940209,-0.0066464827
-0.048832577,-0.010463036
-0.041047763,-0.01429645
-0.029194077,-0.017595189
-0.016526163,-0.020534819
-0.005190518,-0.02370119
0.0036118731,-0.027235877
0.00910263,-0.030337645
0.011062176,-0.031633474
0.010096753,-0.030001497
0.007330403,-0.025162714
0.0040184897,-0.017742973
0.0012718354,-0.009080637
-0.000108001106,-0.0008581684
0.00041745775,0.005280949
0.002796774,0.0077360272
0.0064635077,0.0051458846
0.010442697,-0.0022399733
0.013714817,-0.013308468
0.014857274,-0.026090829
0.012821882,-0.03743753
0.0076577105,-0.04366068
0.0007615123,-0.04225614
-0.0059585734,-0.033750962
-0.011061773,-0.020925768
-0.013384792,-0.006717875
-0.0120816175,0.0065922025
-0.0067982436,0.017173888
0.0015245042,0.02322181
0.010461995,0.02416192
0.01711378,0.021034691
0.019127158,0.015783321
0.015496527,0.010444759
0.0070012542,0.006341859
-0.0041689337,0.003861198
-0.015889794,0.0027955566
-0.025252108,0.0022850689
-0.029049883,0.0008749219
-0.025727361,-0.0023127717
-0.016494498,-0.006492847
-0.0043519363,-0.0102391485
0.0076424084,-0.012528529
0.016954403,-0.01211679
0.021013914,-0.007650013
0.018756857,0.0005667624
0.01133897,0.01040489
0.0012126557,0.019849509
-0.00924563,0.027134385
-0.017581625,0.029855937
-0.021645382,0.026191905
-0.020444756,0.017005233
-0.014649254,0.0054392954
-0.006190407,-0.0054619433
0.0029881396,-0.014330696
0.011692152,-0.020196645
0.018580198,-0.02207292
0.022630123,-0.020251272
0.023346307,-0.016374674
0.020914583,-0.012463467
0.016010098,-0.0100641325
0.009590609,-0.009718451
0.0027397932,-0.011085818
-0.0035104824,-0.01323131
-0.0079961,-0.015112617
-0.009472615,-0.016009225
-0.0072215647,-0.015963303
-0.0015595234,-0.015686827
0.006329115,-0.01624601
0.014749176,-0.01858353
0.021466551,-0.022945317
0.024080943,-0.028362062
0.021150861,-0.032748718
0.013098725,-0.034028053
0.002035689,-0.031183638
-0.0092640845,-0.024293926
-0.018157013,-0.0141707985
-0.022544207,-0.0023193327
-0.021342043,0.008938576
-0.015137125,0.016966688
-0.0061668386,0.019918261
0.0026258656,0.01742141
0.008713704,0.010555047
0.01079772,0.0013780168
0.009077463,-0.007788031
0.004997423,-0.014816798
0.0010408467,-0.018116087
-0.00012490706,-0.01731689
0.0029103155,-0.013418592
0.00972108,-0.008210548
0.018715022,-0.0034434835
0.027152933,-0.0003331877
0.031230422,0.00082272186
0.028027324,0.00075217383
0.017784031,0.0003130942
0.003448242,1.3080664e-05
-0.011712992,0.00056847493
-0.025623614,0.002721167
-0.034059163,0.005688184
-0.03414871,0.007272164
-0.026669104,0.00640113
-0.015279974,0.0034649353
-0.0040492057,-0.0007649059
0.003816152,-0.0059004603
0.006136196,-0.011138692
0.0017151523,-0.014809366
-0.0084126135,-0.016079044
-0.022311697,-0.014983455
-0.03787942,-0.0116805155
-0.05279284,-0.0068430123
-0.06495489,-0.0018327105
-0.07283742,0.0015551542
-0.076061,0.002137816
-0.07517716,0.00019517232
-0.07076983,-0.0027940273
-0.062718965,-0.0052954997
-0.050905455,-0.0060789427
-0.035689116,-0.004637024
-0.018230593,-0.0012828021
-0.00016278814,0.0030613663
0.017779835,0.006914306
0.034660112,0.009618076
0.045112163,0.010536734
0.044531107,0.010698757
0.032722577,0.010191388
0.01440271,0.008389661
-0.0053437995,0.005307449
-0.024550563,0.0021510373
-0.040392336,-0.0014324678
-0.047779467,-0.0066166776
-0.044702984,-0.013679595
-0.033892293,-0.020932946
-0.020618167,-0.026751667
-0.009195977,-0.030393802
-0.0024765574,-0.031066708
-0.0019167477,-0.027990524
-0.006964803,-0.021961855
-0.01542084,-0.01485571
-0.024407767,-0.00816923
-0.031091673,-0.0031067196
-0.03299374,-0.0012034795
-0.029629419,-0.0031143518
-0.02257615,-0.007844457
-0.01446911,-0.013646387
-0.007640517,-0.018995296
-0.0035550303,-0.022642383
-0.0026850945,-0.023690678
-0.0043974826,-0.02227657
-0.007303148,-0.01955557
-0.009847281,-0.01693301
-0.010752528,-0.015415243
-0.009436042,-0.015200772
-0.006146538,-0.015527209
-0.0017392202,-0.0148977
0.002748733,-0.01160914
0.006470973,-0.0045306114
0.009247254,0.0062969713
0.011623233,0.020195141
0.014281532,0.03535024
0.017360207,0.048376005
0.019647868,0.05469107
0.019276349,0.05081173
0.016398748,0.03780716
0.012835113,0.020234372
0.009391491,0.0024613957
0.005736229,-0.012676648
0.0018090806,-0.022880593
-0.0007703145,-0.0248843
-0.00053093233,-0.018539378
0.0023089736,-0.006953668
0.0072141895,0.0059542814
0.014156163,0.017165137
0.02175338,0.0230684
0.027337158,0.021275626
0.029312197,0.012451848
0.02814634,-0.00044450903
0.024755003,-0.014117425
0.01957745,-0.025411861
0.013406048,-0.03115025
0.0074759973,-0.029606974
0.0025467796,-0.021822061
-0.0015556874,-0.01079974
-0.005230618,0.00036970567
-0.0086193,0.009728015
-0.011604922,0.015399995
-0.013954982,0.015990904
-0.015224244,0.011854082
-0.014902808,0.0046591773
-0.012895188,-0.003604426
-0.009634955,-0.011412138
-0.0058396095,-0.017759267
-0.002425047,-0.02202608
-0.0004274656,-0.024019541
-0.0005041676,-0.023931136
-0.002762305,-0.02206767
-0.006539031,-0.018671133
-0.010694655,-0.013809154
-0.013927821,-0.00747822
-0.01516424,0.000122664
-0.013839495,0.008396873
-0.009992091,0.016316922
-0.0042425515,0.022438334
0.002279385,0.025228491
0.008262862,0.02371074
0.012728383,0.018025273
0.015388028,0.009477869
0.016433787,-1.9418463e-05
0.016057687,-0.00843759
0.014335781,-0.013697613
0.011403787,-0.01418331
0.0073830504,-0.009697683
0.002340213,-0.0016325471
-0.0034543981,0.0081184935
-0.009610594,0.018104052
-0.015265163,0.026217695
-0.019469248,0.03036547
-0.02122599,0.029699827
-0.020061415,0.025198735
-0.016318962,0.01912523
-0.011158778,0.013707735
-0.0061404067,0.010332539
-0.0027965617,0.009284067
-0.0021062945,0.010006029
-0.004367449,0.011221605
-0.009034094,0.011387772
-0.0148031935,0.009169773
-0.020003932,0.0039486606
-0.023123214,-0.003939017
-0.023251487,-0.013195777
-0.020284748,-0.02187123
-0.014876411,-0.027838696
-0.008248059,-0.029430943
-0.0018578422,-0.026137628
0.003197677,-0.019014195
0.006747806,-0.010213443
0.009651377,-0.0020534233
0.013209149,0.003697383
0.018301135,0.0057237656
0.025131967,0.003436642
0.033128776,-0.0027014
0.04085918,-0.011474463
0.04611631,-0.020984026
0.046525788,-0.028684232
0.040839285,-0.032413036
0.029948337,-0.03220065
0.016134894,-0.03005479
0.0016510566,-0.027901217
-0.0118769705,-0.026693711
-0.023159761,-0.026711969
-0.030972227,-0.027967822
-0.034818012,-0.030046169
-0.03533002,-0.032005608
-0.033912502,-0.032688282
-0.032021396,-0.031177633
-0.030641941,-0.027242415
-0.03001826,-0.021425443
-0.029716555,-0.014773583
-0.028933613,-0.008452613
-0.026961328,-0.0034596808
-0.023601657,-0.000385969
-0.019313022,0.0007476328
-0.015014078,0.00043804565
-0.011667624,-0.0005275151
-0.009891274,-0.0013558292
-0.009727166,-0.0015094418
-0.010605964,-0.0008880899
-0.011562357,0.000116249495
-0.011663492,0.0007574591
-0.010481334,0.00021859759
-0.008397149,-0.0020383715
-0.0065707685,-0.006069361
-0.0065841274,-0.011457671
-0.009972473,-0.017249908
-0.01765357,-0.022039426
-0.029403321,-0.024337549
-0.043627314,-0.022946024
-0.057177555,-0.017330173
-0.065386325,-0.008381433
-0.0637925,0.0010583639
-0.05199337,0.008060531
-0.033825174,0.012000654
-0.013441445,0.013275884
0.0063368212,0.011877033
0.024030073,0.0072561805
0.036383893,-0.00019927586
0.039881136,-0.00794896
0.034432154,-0.013098764
0.023200115,-0.014670592
0.010132179,-0.013002701
-0.0016115657,-0.0087013235
-0.010064765,-0.0023482866
-0.01395431,0.0049969135
-0.013030664,0.011474598
-0.008773446,0.015444124
-0.00330451,0.01610389
0.0013429214,0.013458853
0.0038734528,0.008340229
0.004118853,0.0020707448
0.002893912,-0.0040106745
0.0014198178,-0.00881028
0.0010722688,-0.011450785
0.0027408705,-0.011683327
0.006292375,-0.009929104
0.010676134,-0.0071427375
0.014218059,-0.0043973806
0.014964581,-0.0025516422
0.011445158,-0.002074049
0.0035663683,-0.0029803088
-0.0075348206,-0.004854837
-0.020926373,-0.0065929005
-0.034517962,-0.006814952
-0.04519075,-0.004655973
-0.04992547,-0.00011531012
-0.047629043,0.006080978
-0.03999672,0.013135601
-0.030010521,0.020295275
-0.020106813,0.02650272
-0.011962735,0.030402055
-0.0067456486,0.030726206
-0.004798098,0.026893938
-0.0052451524,0.019398894
-0.0064659053,0.0095752375
-0.0070564714,-0.0009539834
-0.006292992,-0.010939198
-0.0036811281,-0.019178841
0.0005315169,-0.02432684
0.0053933025,-0.02554096
0.009538128,-0.022888951
0.011796045,-0.017309269
0.011627619,-0.010264955
0.009297442,-0.0032230483
0.005666059,0.002742408
0.0018038133,0.007129805
-0.0014802597,0.009878329
-0.0036141712,0.011136983
-0.0044633136,0.01135131
-0.004248673,0.011060039
-0.0033408955,0.010668952
-0.0020074712,0.010339667
-0.00027580626,0.01001215
0.0020670653,0.009547511
0.0053193765,0.008933931
0.009588825,0.008409366
0.0145750735,0.008440464
0.019441266,0.009655648
0.022912389,0.01264432
0.023631303,0.017637728
0.020714398,0.024209099
0.014178685,0.031245802
0.004951825,0.037171997
-0.0053986744,0.040165097
-0.014917824,0.038518257
-0.021701392,0.03160553
-0.024742598,0.020780137
-0.02463703,0.008864904
-0.023276644,-0.0012735219
-0.022786159,-0.0073331203
-0.024745913,-0.0075186426
-0.029909978,-0.0011414014
-0.037899528,0.011192124
-0.046845697,0.028207187
-0.053351294,0.047432017
-0.053156268,0.06289042
-0.044159688,0.065049715
-0.029379405,0.053405017
-0.012555866,0.036707945
0.0031078896,0.019356988
0.014712639,0.0020450254
0.020045547,-0.015470807
0.017072015,-0.030772924
0.006817042,-0.041166868
-0.006606827,-0.046327498
-0.018337138,-0.04714306
-0.02355608,-0.044737756
-0.019283246,-0.040467
-0.006701715,-0.035464972
0.010233734,-0.030543283
0.027758565,-0.026428666
0.041607317,-0.022890508
0.046091553,-0.018821398
0.037992682,-0.014126678
0.020875767,-0.011092739
0.0009238479,-0.011277751
-0.018508468,-0.013755425
-0.034878455,-0.0165151
-0.042673532,-0.018508421
-0.03841598,-0.018329727
-0.02493813,-0.014304916
-0.008611797,-0.006014532
0.0060896184,0.0050895945
0.018384302,0.017584132
0.02636942,0.029381016
0.02812206,0.037413377
0.023956863,0.03915431
0.017249728,0.034344777
0.011844895,0.02520005
0.00991448,0.015136749
0.011607131,0.0072105727
0.015974287,0.003479948
0.021759553,0.0048873974
0.02770908,0.011080404
0.033024322,0.020246759
0.037520356,0.029417746
0.04090788,0.03535981
0.042642847,0.03544968
0.042629804,0.029122127
0.041482124,0.01823194
0.03933145,0.005650714
0.03525737,-0.0060174265
0.028400222,-0.014752063
0.018947111,-0.019472528
0.0083775865,-0.020570636
-0.0012156257,-0.019426934
-0.0076891715,-0.01746121
-0.00928825,-0.015739134
-0.0054403385,-0.014740837
0.0026345057,-0.014193802
0.012516399,-0.013480548
0.021227008,-0.011887909
0.025541114,-0.008840434
0.023208084,-0.004639582
0.014510616,-0.0009027068
0.0021753956,0.0005251873
-0.010494667,-0.00089529186
-0.021388447,-0.004730166
-0.027363349,-0.010113639
-0.026609885,-0.015039048
-0.020022372,-0.016776757
-0.010964275,-0.013647903
-0.0034030213,-0.005851667
-0.00018765734,0.0045158826
-0.0021676566,0.014992153
-0.009085073,0.022447664
-0.019104546,0.02352307
-0.028687453,0.016542329
-0.03413129,0.002726984
-0.03306882,-0.014391366
-0.025035778,-0.030366646
-0.011289377,-0.040755685
0.00504966,-0.04195312
0.019208688,-0.033163715
0.026710413,-0.017472493
0.02561389,-0.00013043205
0.016665634,0.013971355
0.0024340418,0.021727856
-0.013654199,0.022198183
-0.027839161,0.016502677
-0.036378562,0.0074137286
-0.036268085,-0.0011796048
-0.02725346,-0.00535056
-0.0128559675,-0.0031735194
0.0019921688,0.0039067147
0.014936598,0.012414973
0.023518762,0.018440256
0.023641553,0.017896237
0.014981442,0.009232835
0.0018689104,-0.0054882825
-0.0135866515,-0.023415482
-0.03129933,-0.040957585
-0.046546012,-0.051642794
-0.048722897,-0.049236313
-0.035930306,-0.034739587
-0.018968232,-0.014687143
-0.0030216607,0.005342654
0.013243317,0.021942154
0.0287314,0.031578455
0.0367642,0.029846303
0.034203477,0.018988477
0.025400745,0.0044084997
0.014420665,-0.009208625
0.003431649,-0.01845232
-0.0056083435,-0.020621011
-0.009767541,-0.015440459
-0.008495018,-0.0061155907
-0.0032985848,0.003114629
0.0038382502,0.009034561
0.010856399,0.009095096
0.015071774,0.0029012037
0.0150748715,-0.00718414
0.011010894,-0.017634507
0.0043095425,-0.02484786
-0.0023216675,-0.02596874
-0.0060644317,-0.020577919
-0.0055613373,-0.011038129
-0.001026054,-0.000949635
0.0067192013,0.006478238
0.016067505,0.008746708
0.023809962,0.004452857
0.026942965,-0.004798057
0.024337271,-0.015677178
0.016232077,-0.024325572
0.0043668975,-0.027386034
-0.008594379,-0.023287617
-0.020064695,-0.01264689
-0.028327594,0.0026212402
-0.031938512,0.020181982
-0.030032948,0.036721323
-0.023093319,0.048554644
-0.013065134,0.053325906
-0.0023231136,0.051481266
0.007516872,0.045486733
0.015610886,0.03779666
0.021351453,0.029868152
0.024090987,0.022229314
0.023244634,0.014854798
0.018767992,0.0074445913
0.011292928,-0.00027090235
0.0019776407,-0.008217618
-0.008192229,-0.016034652
-0.01752135,-0.022544643
-0.022984898,-0.026138134
-0.021691665,-0.025843684
-0.01320151,-0.02179803
0.00014555898,-0.015285673
0.01570012,-0.008486585
0.031761155,-0.0033439077
0.04469733,-0.0013540898
0.049502477,-0.0027696686
0.044117272,-0.006623576
0.031922106,-0.0121274525
0.018018138,-0.01835829
0.00608934,-0.02381424
-0.0010438256,-0.026771855
-0.001012176,-0.02615683
0.0060088797,-0.022153964
0.017008454,-0.015958719
0.028257048,-0.008929347
0.035296194,-0.0019842703
0.033545244,0.0042955163
0.021823237,0.009006389
0.003770109,0.011329061
-0.016366102,0.012381989
-0.036284234,0.013645585
-0.051046044,0.015097386
-0.05480502,0.014848076
-0.046286643,0.012363644
-0.0309296,0.009920133
-0.014973799,0.008836245
-0.002513478,0.008418297
0.004285979,0.0074801208
0.004454707,0.005272366
-0.00085375126,0.0012843426
-0.008545257,-0.004766371
-0.015450458,-0.012752067
-0.018516984,-0.022136366
-0.015807029,-0.03175538
-0.007913703,-0.039918978
0.0026697782,-0.04482344
0.012427444,-0.044639327
0.01787387,-0.038245898
0.01700627,-0.026721291
0.010592846,-0.01338342
0.0014886726,-0.0010718326
-0.0067212284,0.009268324
-0.01173225,0.017386412
-0.01109507,0.021454282
-0.0050298003,0.021515096
0.0043081883,0.019349366
0.013945057,0.01659579
0.02080941,0.0142368
0.022150533,0.012780323
0.017177865,0.012004897
0.007834925,0.010836399
-0.0026689637,0.008159866
-0.011365464,0.0034012252
-0.01569404,-0.0037438117
-0.013980092,-0.012619858
-0.0065912395,-0.02162121
0.0044675455,-0.02897893
0.016552286,-0.032942444
0.026687972,-0.031685412
0.03212463,-0.024402773
0.03170612,-0.0127295805
0.02655208,0.00023166247
0.019312728,0.012029463
0.012519411,0.021556642
0.007970828,0.028083108
0.0067059468,0.031191178
0.008735102,0.031429067
0.013046333,0.030114988
0.017970385,0.02847597
0.021614859,0.027126675
0.022367438,0.0260207
0.019511487,0.024678543
0.013538063,0.022522021
0.0058720624,0.019246703
-0.0017757574,0.01509791
-0.0079285605,0.010821466
-0.011446052,0.007340695
-0.011551146,0.005554721
-0.008174253,0.0061137625
-0.0020598741,0.009159214
0.005821721,0.014228672
0.014507774,0.020261837
0.022588437,0.0259313
0.028294787,0.029986143
0.030024622,0.031638566
0.027216638,0.03078459
0.020733437,0.02793304
0.012233967,0.023902278
0.0033419908,0.019474177
-0.0047144787,0.015136701
-0.011081105,0.010926831
-0.015188377,0.006508525
-0.016893039,0.0015288776
-0.016640121,-0.004120377
-0.015289456,-0.010230606
-0.013785719,-0.016315969
-0.012853819,-0.021597626
-0.012826937,-0.025110206
-0.013652413,-0.026041398
-0.015057341,-0.02410237
-0.016764756,-0.019658498
-0.018644875,-0.013522749
-0.020750105,-0.0066286298
-0.023261167,0.0002317244
-0.026391583,0.0064825523
-0.030267332,0.01175527
-0.03477398,0.015910136
-0.039419264,0.018999824
-0.04331122,0.021156335
-0.045318883,0.022493698
-0.0444559,0.023124324
-0.04036905,0.023287665
-0.033561606,0.023377057
-0.025126759,0.023732115
-0.016281439,0.024420686
-0.00805607,0.025205629
-0.0012199938,0.025628632
0.0036912742,0.025151873
0.0064390004,0.023341035
0.007166266,0.020029943
0.0063117826,0.015402442
0.0043946914,0.009964596
0.0018294378,0.004426128
-0.0011265207,-0.00046975818
-0.004363609,-0.0041973647
-0.0074771773,-0.006469718
-0.009845746,-0.0072703254
-0.010707457,-0.0070962943
-0.009451973,-0.0066349427
-0.005806822,-0.006505676
-3.27951e-05,-0.0070325336
0.0072016483,-0.008199835
0.014852901,-0.009550779
0.021447223,-0.01023801
0.025493953,-0.009270555
0.026042648,-0.0062218467
0.023179177,-0.001588089
0.018014979,0.0033642764
0.012200069,0.0072269565
0.007334518,0.008879861
0.0045621926,0.007719343
0.0043168613,0.0039922316
0.0061649843,-0.0011372492
0.00890041,-0.0061612776
0.010904472,-0.009356869
0.010700735,-0.009233617
0.0074802376,-0.005498345
0.0014351959,0.0006220005
-0.0064276094,0.007388041
-0.014991998,0.01320994
-0.022538472,0.015977874
-0.02756197,0.014128395
-0.029204026,0.008020785
-0.027600242,-0.00028055537
-0.02363688,-0.008040968
-0.018401457,-0.012841925
-0.0127869565,-0.013101058
-0.007555664,-0.00875166
-0.0031213926,-0.0013938921
0.00061859755,0.0065301447
0.0042268583,0.012825229
0.0074547944,0.015133336
0.009594423,0.012457805
0.010015688,0.0057498813
0.008333774,-0.002722742
0.0042746062,-0.010421789
-0.0020619086,-0.014804962
-0.009498562,-0.014017986
-0.016069585,-0.007979958
-0.019802459,0.0017883681
-0.018991087,0.012857683
-0.012629761,0.022304585
-0.0010425632,0.027584022
0.0142080095,0.027568804
0.031014526,0.02251486
0.04688302,0.01341837
0.05875719,0.0022164213
0.063563935,-0.007875491
0.05996071,-0.013606747
0.049957454,-0.01449094
0.03712482,-0.012799817
0.024381489,-0.0108338315
0.01354814,-0.009978696
0.0055704373,-0.010898852
0.00060987216,-0.013682496
-0.0017984847,-0.017719861
-0.0024504492,-0.021638773
-0.0022393265,-0.023680333
-0.0018737032,-0.022318782
-0.001767606,-0.016919198
-0.001972579,-0.008063711
-0.002150949,0.0027662995
-0.0015162326,0.014440839
0.000670223,0.02549762
0.004509408,0.033658694
0.009202055,0.037154634
0.013606954,0.035396572
0.016648626,0.029193064
0.017654452,0.020296765
0.016239097,0.0105369575
0.012320751,0.0014458919
0.006198073,-0.0059113605
-0.001562375,-0.0110581955
-0.010049358,-0.013793055
-0.017881025,-0.014330233
-0.023628997,-0.013388612
-0.026312629,-0.011899582
-0.025785416,-0.010647334
-0.022827886,-0.0099744685
-0.018877896,-0.009709924
-0.015623824,-0.009389053
-0.014584789,-0.008466611
-0.016751084,-0.0064539425
-0.02231635,-0.0031122868
-0.030527765,0.0015069587
-0.039585195,0.0069130603
-0.046691194,0.011934465
-0.04851524,0.014725749
-0.042739272,0.013879377
-0.02977754,0.010097563
-0.01227536,0.005513284
0.006645996,0.0014865652
0.025893565,-0.0026027209
0.042853642,-0.006613612
0.052468542,-0.008998622
0.05090588,-0.0082255425
0.039025333,-0.005671598
0.021572953,-0.0041694576
0.0033195433,-0.0049896287
-0.0131170945,-0.0073003285
-0.026157856,-0.010036112
-0.03207421,-0.012310589
-0.029236889,-0.013119891
-0.019462818,-0.0113849025
-0.00683899,-0.00703855
0.0050075175,-0.0011847474
0.014187624,0.004490352
0.018443488,0.008451124
0.016290117,0.009102156
0.008833672,0.005970548
-0.0010078724,-0.00016558201
-0.011052594,-0.0074422355
-0.019413933,-0.013877124
-0.0233502,-0.017321885
-0.021106951,-0.016514909
-0.013609021,-0.011707829
-0.0033525545,-0.0045602247
0.0074739167,0.0026207909
0.018209612,0.00786606
0.026902677,0.009479937
0.03189588,0.007163612
0.032897543,0.0022243215
0.03109826,-0.0032641185
0.028003337,-0.0072608143
0.024866205,-0.008333068
0.022476995,-0.0062676496
0.021138137,-0.002183466
0.020725358,0.0019065016
0.020692235,0.0039189733
0.020416323,0.00238486
0.019699544,-0.0028928285
0.018757202,-0.010725124
0.017979056,-0.019006876
0.017849833,-0.025157016
0.018928159,-0.02691384
0.021302434,-0.023566546
0.02418248,-0.016487975
0.026320737,-0.008336651
0.02619644,-0.0019131489
0.022337532,0.00056498416
0.014302501,-0.0017438681
0.003324385,-0.007824282
-0.009297036,-0.01544786
-0.022307837,-0.021514868
-0.03192558,-0.022731472
-0.03372185,-0.017545933
-0.026454978,-0.007146238
-0.012871732,0.005741329
0.004436093,0.018652482
0.025329443,0.02905863
0.046853382,0.03349204
0.06207524,0.030625703
0.06390871,0.023284053
0.05318399,0.016321015
0.036565777,0.0123580545
0.018944424,0.012827665
0.003133834,0.01882886
-0.009193571,0.030891137
-0.015630033,0.04711512
-0.0147132715,0.06296793
-0.007984975,0.07235407
0.0003996928,0.07119444
0.006465242,0.060928043
0.008814259,0.04644097
0.007439135,0.031679098
0.0029396317,0.019087458
-0.0036601173,0.010048337
-0.011157522,0.005181834
-0.017810311,0.004187942
-0.021792429,0.005987501
-0.021972202,0.008750687
-0.018550271,0.011000688
-0.012580311,0.0121966945
-0.0053361706,0.012556003
0.0021531966,0.012748489
0.009275595,0.013320669
0.015565671,0.014497116
0.020597091,0.016089039
0.023966936,0.017452734
0.025269566,0.017678143
0.024177842,0.015914254
0.020625595,0.011775204
0.015062816,0.0055811475
0.008345126,-0.0017947449
0.0013828751,-0.009334774
-0.0051269648,-0.016178714
-0.009906672,-0.021261517
-0.011538202,-0.023861505
-0.009428444,-0.023766946
-0.0041763624,-0.021217607
0.0027672665,-0.0167297
0.009781721,-0.010957575
0.0154739665,-0.0045133755
0.018655758,0.0019762581
0.018570505,0.00762672
0.015266703,0.011290166
0.009618477,0.011869307
0.0030189485,0.00878412
-0.0031417802,0.0023155815
-0.008188334,-0.006498463
-0.011942833,-0.016421704
-0.014067944,-0.025393687
-0.0141531285,-0.031041885
-0.011946885,-0.031599347
-0.0077726278,-0.026966898
-0.0024472391,-0.018826364
0.003411165,-0.009775645
0.00975383,-0.0023025514
0.016629184,0.0019392282
0.023313902,0.0019761967
0.028847186,-0.0017806309
0.03255471,-0.0075504677
0.034149315,-0.012897956
0.03371894,-0.01554634
0.0317778,-0.01436325
0.029059498,-0.010001984
0.026217725,-0.0045126053
0.02361163,-0.00032244387
0.021179512,0.0005995232
0.0185719,-0.0026049057
0.01541732,-0.0092168925
0.011322452,-0.017199619
0.0060188677,-0.023662848
-7.91567e-05,-0.025581248
-0.005959185,-0.021346912
-0.010826181,-0.0119060045
-0.014495415,2.1024238e-05
-0.016849488,0.011511145
-0.017795611,0.01913847
-0.017907763,0.019742643
-0.017925631,0.012933857
-0.01817582,0.001466441
-0.018838057,-0.010944581
-0.019383863,-0.020509098
-0.018156221,-0.023236848
-0.013797428,-0.017157076
-0.007024276,-0.0041390825
0.00082231744,0.012010933
0.010521544,0.028666472
0.02097324,0.04123783
0.028067105,0.044881523
0.028248368,0.038124237
0.023043482,0.024537584
0.01610776,0.009132282
0.009628487,-0.0040975343
0.004631366,-0.012550504
0.0025807421,-0.014216532
0.004449304,-0.0089357225
0.009288931,0.0008656184
0.015778521,0.01241386
0.02203366,0.022966571
0.025177503,0.029916106
0.02295801,0.031802166
0.015963161,0.029065924
0.007180695,0.02356495
-0.00022928114,0.01748054
-0.004111694,0.012317824
-0.0031799204,0.008777515
0.002454161,0.0068846783
0.011420206,0.0061113858
0.02145894,0.00541721
0.029459562,0.0041764607
0.03245334,0.0024125446
0.029314827,0.0005433687
0.021443628,-0.0012710451
0.011713933,-0.0031145634
0.002979807,-0.0050132195
-0.0029173244,-0.006944936
-0.0051079923,-0.00896104
-0.0038724858,-0.011015711
-0.0009476343,-0.012804284
0.0013740071,-0.013757797
0.0011549242,-0.013234485
-0.0024063552,-0.010908073
-0.00856271,-0.0071278787
-0.015386085,-0.0026489457
-0.020158608,0.0013525191
-0.020238006,0.0031915742
-0.014518265,0.0016436608
-0.0041961586,-0.0030474013
0.008190775,-0.010110302
0.020204047,-0.018987093
0.02813083,-0.027585588
0.028791634,-0.03224427
0.021658272,-0.030960495
0.009188192,-0.025383707
-0.0052348156,-0.018458376
-0.01884899,-0.011885602
-0.02909334,-0.0066986657
-0.033470955,-0.004616345
-0.031469744,-0.00651203
-0.02500791,-0.011264574
-0.01704834,-0.016954055
-0.010118422,-0.021971
-0.005801008,-0.02499747
-0.0046077245,-0.025249662
-0.005976143,-0.023127392
-0.00866026,-0.019974183
-0.01130101,-0.017220767
-0.012974488,-0.015669327
-0.013402458,-0.015425709
-0.0130707035,-0.015885103
-0.012872487,-0.016006775
-0.013644858,-0.014762918
-0.015777705,-0.011643396
-0.019069172,-0.0069666174
-0.022808373,-0.0017306041
-0.026009874,0.0027643903
-0.027819006,0.005273471
-0.027938254,0.0052179527
-0.026754398,0.0031619207
-0.025101103,0.00062091294
-0.023818495,-0.0006239378
-0.023370882,0.00081145694
-0.023661451,0.005411435
-0.024053236,0.012511005
-0.02357631,0.02036046
-0.02140152,0.02639525
-0.017418021,0.028045665
-0.012386142,0.024093552
-0.00749107,0.015425499
-0.0038264226,0.0042954297
-0.0023101878,-0.0070117167
-0.0031706218,-0.016799983
-0.0056275693,-0.022669323
-0.007691446,-0.023233015
-0.007522089,-0.019058155
-0.0043357974,-0.011985703
0.0015106676,-0.004115257
0.009078079,0.0028961985
0.016826335,0.008197538
0.021993842,0.01129963
0.022141043,0.012574404
0.016963229,0.012497996
0.00842025,0.011253915
-0.0003008568,0.008812406
-0.0059551927,0.0049230405
-0.0056740064,-0.0008631581
0.0018575824,-0.008589814
0.016132759,-0.018295964
0.03541976,-0.030248739
0.056607183,-0.04426478
0.07468217,-0.05802533
0.08058921,-0.05964289
0.0686692,-0.040024143
0.048216764,-0.01935716
0.026104344,-0.0046943203
0.007850234,0.0045711827
-0.0049714,0.010179854
-0.01070932,0.010422152
-0.008614729,0.0048925923
-0.0012521761,-0.0036625613
0.0076909927,-0.01312011
0.014643724,-0.021660397
0.016240144,-0.02645246
0.011165931,-0.025891129
0.0010562491,-0.021168286
-0.011198143,-0.014686709
-0.022817833,-0.00787731
-0.030931495,-0.0014657832
-0.03322688,0.0035563875
-0.029845694,0.0068118987
-0.023326684,0.008183038
-0.016641578,0.009056133
-0.012028571,0.0095653515
-0.010656612,0.009627261
-0.012168944,0.008504943
-0.01504822,0.00575235
-0.017148353,0.0013910512
-0.0166361,-0.003932274
-0.012758202,-0.008860406
-0.0062846495,-0.011705017
0.0008636789,-0.011257567
0.006368365,-0.0072107827
0.008382469,-0.00034065696
0.006307924,0.007664282
0.0009796967,0.014835299
-0.0057385145,0.019352911
-0.01140432,0.020021781
-0.013828628,0.01696537
-0.012136721,0.012017108
-0.007418772,0.007816577
-0.0021840425,0.006535168
0.0007469649,0.008985508
-0.00082932384,0.014691922
-0.007840882,0.022026274
-0.019346584,0.028579684
-0.032512836,0.031611532
-0.042748988,0.028391896
-0.044620913,0.0177766
-0.03511556,0.0030459007
-0.016301818,-0.009800794
0.0069619874,-0.017856743
0.03249027,-0.02190085
0.05727049,-0.021489646
0.07462486,-0.015052413
0.0752244,-0.001635098
0.058046073,0.012325548
0.033275086,0.018617528
0.009706148,0.016696298
-0.008455783,0.010071924
-0.019907897,0.0017000883
-0.022578446,-0.006311985
-0.016559923,-0.010845866
-0.005851862,-0.0100688
0.004659011,-0.004763953
0.01174221,0.00296781
0.01308631,0.010926395
0.007996484,0.016617632
-0.001702214,0.018536123
-0.01278278,0.017050663
-0.022262074,0.013704235
-0.027762253,0.010316928
-0.028278563,0.008466403
-0.024900889,0.008655766
-0.020323772,0.010212528
-0.01718698,0.011525374
-0.017207397,0.010712736
-0.020720184,0.006576386
-0.026522076,-0.0006593372
-0.032261096,-0.009178098
-0.034716643,-0.01606164
-0.030761285,-0.018041046
-0.02010657,-0.013016669
-0.0062057977,-0.0015167821
0.0075193215,0.0137314135
0.02110861,0.03055288
0.031228954,0.04453678
0.032020595,0.050503112
0.021402696,0.045465365
0.005830396,0.032209504
-0.008514478,0.016068023
-0.020061769,0.0017540286
-0.027733322,-0.008021007
-0.028784743,-0.0106300125
-0.023419995,-0.0056036436
-0.015681688,0.004741502
-0.0090098055,0.017339146
-0.004988326,0.029368728
-0.0052470206,0.038022496
-0.010414754,0.04177094
-0.018885326,0.041375607
-0.027808787,0.039147083
-0.03411071,0.037150417
-0.03557348,0.036299147
-0.031398553,0.03615698
-0.023095625,0.035426885
-0.013245978,0.03247181
-0.0046252473,0.025968207
0.00073207234,0.015768236
0.0020805146,0.0032277382
-0.00022766556,-0.009451236
-0.0053752745,-0.019992802
-0.011382907,-0.02500913
-0.0151054105,-0.02298477
-0.014975662,-0.015435585
-0.011246309,-0.0058194636
-0.0048916303,0.0021926167
0.0031004255,0.00577858
0.011547243,0.0033255394
0.018881729,-0.004908365
0.02407482,-0.016255507
0.026726885,-0.026586287
0.027136065,-0.031054748
0.026221484,-0.026490927
0.024686811,-0.013900116
0.022996161,0.002750015
0.021757754,0.019805778
0.020661423,0.033703543
0.018115064,0.039863333
0.013150761,0.035788797
0.0073897727,0.023890622
0.0028207956,0.009159856
-6.1300605e-05,-0.004044671
-0.0017601586,-0.013326889
-0.0019036755,-0.01654807
-0.0006322376,-0.013475777
0.00063235,-0.0066885003
0.0005159344,0.00047862565
-0.0017376957,0.005360826
-0.0066479687,0.006282257
-0.013969166,0.0032033846
-0.02270031,-0.0022577373
-0.03124936,-0.0076814382
-0.03735211,-0.010712711
-0.0387808,-0.009891393
-0.035141364,-0.0055062124
-0.028156044,0.00077703275
-0.020295288,0.0066484995
-0.013450679,0.010066125
-0.009107301,0.00971839
-0.007999802,0.00565756
-0.00976822,-0.00070672395
-0.013254024,-0.007358333
-0.016548714,-0.012282875
-0.017344004,-0.014066345
-0.014170582,-0.012614769
-0.0073892656,-0.0091434205
0.0013084761,-0.005474774
0.010086275,-0.0033645162
0.016931873,-0.0036790203
0.019455088,-0.006116569
0.016661456,-0.009060231
0.009561617,-0.010664969
0.00039222953,-0.009514827
-0.0083336625,-0.00491487
-0.014289308,0.0030614836
-0.015559252,0.012982188
-0.011681502,0.022176035
-0.0040403,0.027884107
0.0046062893,0.028151326
0.011089661,0.022572024
0.013112736,0.012457924
0.010091417,0.00019519092
0.0028103902,-0.011979593
-0.007740998,-0.022229549
-0.019221622,-0.02833956
-0.027966056,-0.02908419
-0.031099405,-0.024951115
-0.028410824,-0.017800309
-0.022119138,-0.00980545
-0.015071029,-0.0027415683
-0.00959945,0.0021550527
-0.0072213053,0.004223901
-0.008491443,0.003381512
-0.01273606,0.00020746695
-0.01815579,-0.004263103
-0.022243438,-0.008784378
-0.022447366,-0.012096063
-0.01740298,-0.013141636
-0.007901831,-0.011394316
0.0036665967,-0.0072759315
0.015222723,-0.0021021042
0.024928238,0.0027481276
0.030329451,0.005554997
0.03006538,0.0048241103
0.025260104,-0.00024843722
0.01869301,-0.009208102
0.012730747,-0.020653632
0.008395301,-0.03234878
0.006263409,-0.040914003
0.0063983137,-0.042596687
0.007507411,-0.03555413
0.0071432428,-0.021630447
0.0035824773,-0.004919074
-0.0026721652,0.011000383
-0.010761055,0.024571836
-0.0189108,0.032057896
-0.024723941,0.030233297
-0.025601393,0.01983818
-0.020759078,0.005651686
-0.011654238,-0.0072699045
-0.0008043836,-0.015778776
0.009564631,-0.017659925
0.016735606,-0.011702088
0.018863032,0.00023222176
0.016056413,0.014336943
0.009939121,0.027087407
0.002502054,0.03496832
-0.003925177,0.035050906
-0.0070062582,0.027240757
-0.0055839494,0.015094097
-0.0005596635,0.0030839618
0.005766771,-0.005772338
0.0114006195,-0.010271944
0.014423512,-0.009167965
0.014032966,-0.0036339774
0.010977868,0.0034738407
0.007177694,0.009390496
0.0046807397,0.012040457
0.0052640447,0.01046785
0.009671806,0.0054865098
0.017404301,-0.0009850827
0.02677226,-0.007169884
0.035267,-0.011027296
0.040075622,-0.010854432
0.039330862,-0.0064875744
0.033287767,0.00012571539
0.024124106,0.0063134735
0.014597867,0.010269508
0.007023025,0.011414331
0.0028383594,0.010104828
0.002366796,0.007495278
0.0046792417,0.0050605102
0.008025413,0.0039789593
0.010446851,0.0046979203
0.0103841545,0.00686573
0.007307918,0.009317415
0.0019268913,0.010603463
-0.0042085913,0.009626276
-0.00935316,0.0060435096
-0.012104788,0.00044352523
-0.011900889,-0.005761889
-0.009198225,-0.010758924
-0.0052688466,-0.012922237
-0.0017713197,-0.01130657
-0.00020095188,-0.0060951454
-0.0013047296,0.0013522111
-0.004796712,0.009437358
-0.009774056,0.01663679
-0.014981445,0.02105546
-0.019092757,0.021300025
-0.021146832,0.01719224
-0.020814095,0.009833051
-0.018397681,0.0009966829
-0.014532389,-0.007683838
-0.009645396,-0.015021146
-0.0037726937,-0.020114638
0.0032411008,-0.022411862
0.01140775,-0.021945417
0.020394754,-0.019324454
0.029379416,-0.015437855
0.03678361,-0.011180331
0.040227637,-0.00734621
0.03742705,-0.004683329
0.027907377,-0.0039925566
0.013548036,-0.005796171
-0.0028935433,-0.009827586
-0.020329518,-0.0149027
-0.036959186,-0.019319521
-0.04862377,-0.02173153
-0.05126118,-0.021533407
-0.044567738,-0.018689267
-0.032756217,-0.013555715
-0.020403067,-0.007245222
-0.0101663275,-0.0014354
-0.0031152247,0.0024039003
0.0007546283,0.0035116398
0.002290776,0.0019817436
0.0030558244,-0.0012511384
0.0046517155,-0.004684971
0.007837209,-0.0067972355
0.0122009255,-0.0065284166
0.016072389,-0.0036841647
0.016995883,0.00089055183
0.012782792,0.005474075
0.0029140841,0.007997739
-0.0112197315,0.0072595277
-0.027837342,0.0032106424
-0.043780945,-0.003510899
-0.053788133,-0.011738064
-0.05160148,-0.019595277
-0.035889182,-0.02391233
-0.012771318,-0.022240886
0.011233024,-0.015938334
0.03434062,-0.008136209
0.053756934,-0.0004454411
0.06225962,0.00587245
0.054146975,0.009493253
0.035025008,0.0077517903
0.014052057,0.00053822837
-0.00402576,-0.009338922
-0.018940017,-0.019303069
-0.027813157,-0.027075263
-0.027302457,-0.030709052
-0.018530589,-0.029537812
-0.005931877,-0.024795027
0.0068000667,-0.018692873
0.017712189,-0.013177644
0.025485687,-0.009167405
0.02905877,-0.0067520486
0.02830141,-0.0053017023
0.024176521,-0.003951461
0.017775442,-0.0018211122
0.009847406,0.001538806
0.0010405076,0.005938068
-0.008137458,0.010825618
-0.016990226,0.015178866
-0.024061706,0.017562484
-0.027636722,0.01685258
-0.026101138,0.013041497
-0.019216023,0.007525121
-0.008426524,0.0023934464
0.0037287676,-0.0009834254
0.015086123,-0.0027001393
0.022844646,-0.0028466797
0.023794342,-0.0017884705
0.016845798,-0.00078753923
0.0038706053,-0.0015247265
-0.012134289,-0.0046463883
-0.029700598,-0.009427199
-0.045631375,-0.014609138
-0.055187963,-0.018944684
-0.054264322,-0.021118052
-0.043776453,-0.019780649
-0.029119855,-0.014359379
-0.015125934,-0.006063603
-0.004158502,0.0029929194
0.003425321,0.010833726
0.007690412,0.01629162
0.008813632,0.01804119
0.008301933,0.016092928
0.007879496,0.011542354
0.008575511,0.006016105
0.010617268,0.0008518622
0.013215756,-0.0030321297
0.015031558,-0.0051526288
0.014690476,-0.005408493
0.01145083,-0.004203178
0.005385459,-0.0020489148
-0.0026730294,0.00075392175
-0.011993105,0.004677508
-0.021673102,0.010390748
-0.030467572,0.018227406
-0.0373602,0.027878672
-0.041580606,0.038228482
-0.04248123,0.047002003
-0.039658785,0.050986953
-0.033127382,0.04779659
-0.023375198,0.038099106
-0.011116272,0.024910305
0.002634593,0.011122163
0.01677643,-0.0017728873
0.03053241,-0.013273576
0.041316546,-0.020473532
0.046561208,-0.02001375
0.04498866,-0.011567562
0.037947845,0.001120161
0.028329287,0.013663913
0.019059205,0.023138735
0.012128753,0.027119096
0.008870933,0.023794675
0.009592989,0.014137687
0.013289754,0.0013931085
0.017741848,-0.011780626
0.020092987,-0.022427227
0.01837185,-0.026377069
0.012413786,-0.021461107
0.0037248104,-0.009646784
-0.005457889,0.0054244814
-0.013008127,0.022448903
-0.016392523,0.038540278
-0.014656196,0.048235524
-0.00974892,0.04760042
-0.0045566014,0.038120843
-0.001174456,0.024355398
-0.00095715566,0.010344212
-0.0044369227,-0.0011483612
-0.011098807,-0.008465025
-0.018153856,-0.010174503
-0.02167851,-0.006724654
-0.019008525,-0.0009418675
-0.010185276,0.003950616
0.0027346346,0.005366456
0.017095217,0.0013507637
0.028923685,-0.0093816975
0.032843187,-0.025098946
0.025730075,-0.04114257
0.008381861,-0.052729085
-0.01548586,-0.056405745
-0.04046571,-0.050141156
-0.05955317,-0.033790357
-0.065886036,-0.011208688
-0.057974197,0.010762813
-0.040081996,0.027370661
-0.017327087,0.036740787
0.006440629,0.038192686
0.027584368,0.031754047
0.042277332,0.019459225
0.048116732,0.0058246483
0.045704424,-0.0038969233
0.03809293,-0.0064808037
0.028700044,-0.001801117
0.019929819,0.00813787
0.01295739,0.020650271
0.007660534,0.032526698
0.0029268658,0.0393496
-0.0025129435,0.03749573
-0.008224146,0.027052796
-0.012562128,0.011437686
-0.0147487195,-0.0054062414
-0.014512034,-0.021044437
-0.010708142,-0.03281738
-0.0030344515,-0.03829957
0.0063700154,-0.037111092
0.014072258,-0.031188626
0.017306102,-0.023426717
0.014765746,-0.01652356
0.0071797823,-0.01222554
-0.00285244,-0.010809082
-0.012293843,-0.011039521
-0.017833872,-0.011022094
-0.016462902,-0.009220602
-0.008035669,-0.0048487196
0.0044658296,0.0018256302
0.018499443,0.009737451
0.030813904,0.017269857
0.036329057,0.022620646
0.03160019,0.02465855
0.018977134,0.02310133
0.0038477636,0.01891493
-0.009433161,0.014116855
-0.018017612,0.010226551
-0.019293536,0.0077617965
-0.013316974,0.00688335
-0.0035087077,0.0073383255
0.0061107697,0.008343424
0.012160712,0.008655387
0.011712099,0.007799254
0.0046583866,0.0060591465
-0.0060969545,0.004270685
-0.017263941,0.0036575934
-0.024693541,0.0049855867
-0.02443889,0.007836159
-0.01589935,0.0111275995
-0.0021930917,0.01400655
0.0132165635,0.015377437
0.02669794,0.013654666
0.033303957,0.008686932
0.030134974,0.002368459
0.019276151,-0.0030656278
0.0052782907,-0.006031417
-0.007949919,-0.0053150193
-0.017219376,-2.0879916e-05
-0.019050175,0.0088375015
-0.012798286,0.01836239
-0.0006479596,0.025674054
0.014321501,0.028339446
0.028348496,0.02473563
0.037783068,0.015217826
0.04089875,0.0025095919
0.038674507,-0.009608097
0.033490375,-0.017758397
0.02799972,-0.019822007
0.024279715,-0.015681988
0.02320781,-0.007348572
0.02461705,0.0019904186
0.027531473,0.008974622
0.030134942,0.010629471
0.030836172,0.005661036
0.02974026,-0.004755128
0.028048942,-0.018004602
0.026597196,-0.03075921
0.026228262,-0.03892522
0.027695823,-0.038846657
0.03051912,-0.029870477
0.033006437,-0.014995684
0.03378842,0.0017088553
0.03192788,0.016887061
0.02632331,0.027526727
0.016861968,0.03127795
0.0055408687,0.028091077
-0.004912176,0.020450016
-0.0130089745,0.011702848
-0.018545073,0.0045580496
-0.021725561,0.0007355258
-0.023212953,0.0008285044
-0.024153154,0.0040282267
-0.025435427,0.008524998
-0.027048381,0.012158139
-0.028007995,0.012981773
-0.026778648,0.009974734
-0.022104574,0.0036444112
-0.013859554,-0.004208166
-0.0032563342,-0.011687051
0.007935709,-0.017684741
0.0173922,-0.020958904
0.022162577,-0.020257264
0.020267405,-0.0155244535
0.01212864,-0.008580732
0.00038002318,-0.0017389928
-0.011768778,0.003981823
-0.021556787,0.008365608
-0.025276883,0.009913306
-0.021200756,0.0077997693
-0.0107513815,0.003112571
0.0026448898,-0.0024777604
0.016217949,-0.008596477
0.027124446,-0.014410125
0.03215529,-0.017464027
0.030380422,-0.015744861
0.023687273,-0.009628495
0.015259486,-0.0009914811
0.008055181,0.008405688
0.0038558363,0.017201686
0.0031047508,0.022959052
0.0046663303,0.023248078
0.0063981153,0.017418932
0.0065080016,0.0071785385
0.0041342457,-0.0047381185
-0.0011062295,-0.015887812
-0.008427613,-0.022910217
-0.014786444,-0.022641752
-0.017029405,-0.014658483
-0.0141943125,-0.0014659716
-0.0069807577,0.013553805
0.0043231105,0.027231196
0.018099204,0.035130646
0.029937733,0.033579722
0.035716373,0.022911966
0.035224393,0.0072661364
0.030477932,-0.00854307
0.023208294,-0.020257613
0.015289165,-0.02394484
0.009031729,-0.017921187
0.0055008275,-0.004568239
0.0045304503,0.011930049
0.0058127968,0.028131396
0.007731802,0.038557727
0.0071075256,0.03808984
0.0029879007,0.026734695
-0.0027163187,0.0095577855
-0.009054253,-0.007872723
-0.016727757,-0.022279805
-0.023986908,-0.028555728
-0.028013734,-0.023508808
-0.029191382,-0.009227145
-0.029831449,0.009658964
-0.030434553,0.029487928
-0.03050699,0.04577383
-0.0300186,0.05261945
-0.028848894,0.046973437
-0.025638195,0.033161346
-0.019222716,0.018289855
-0.009901647,0.0072099674
0.0010566956,0.002304848
0.01226993,0.0036664184
0.0229657,0.009983779
0.030987062,0.018217774
0.03404208,0.024114436
0.030676845,0.023919199
0.022588141,0.016392794
0.01348854,0.003406183
0.0060263206,-0.011264011
0.00033762,-0.024224296
-0.0026711104,-0.030820502
-0.0021825372,-0.027234117
0.00031809043,-0.014167073
0.0022736443,0.0039482815
0.003656049,0.02409645
0.0046535847,0.04307151
0.004440011,0.05480302
0.0017324844,0.05353905
-0.001712465,0.04032955
-0.0029520397,0.021595808
-0.0015962945,0.0031105287
0.0003660203,-0.012088841
0.0017385595,-0.02237007
0.0014731785,-0.02465997
-0.0009430182,-0.019304156
-0.005946765,-0.009582929
-0.01287548,0.0010144265
-0.020368787,0.010332758
-0.026422491,0.016209863
-0.02930245,0.016898913
-0.028039603,0.012743597
-0.023144456,0.0060824645
-0.01597544,-0.0002217626
-0.008375689,-0.0041579367
-0.0018410593,-0.0045625223
0.00267516,-0.0012320855
0.0049488884,0.0052095777
0.005294908,0.013599675
0.0041718157,0.022146536
0.0020223795,0.028647836
-0.0009897993,0.031111283
-0.0048598936,0.028170494
-0.009435896,0.020061933
-0.014468728,0.008432823
-0.02012409,-0.0046417643
-0.0263299,-0.017322145
-0.03176672,-0.026945118
-0.033803735,-0.030501569
-0.030526815,-0.026270578
-0.022961328,-0.015206372
-0.013781429,-0.00018672395
-0.004525328,0.01585801
0.0050436626,0.030487856
0.013211828,0.039427496
0.016790273,0.03870282
0.014962431,0.027994405
0.010465024,0.010971872
0.0059675435,-0.008071836
0.0016559289,-0.026914883
-0.0017868099,-0.041851696
-0.0018917246,-0.047817253
0.0026709712,-0.042694665
0.00986428,-0.029750321
0.017637942,-0.014283194
0.026006084,-0.00051239406
0.035057724,0.008719525
0.043476935,0.010938149
0.049845614,0.0057925456
0.053925797,-0.004323189
0.05587369,-0.015634468
0.0548346,-0.023754464
0.049866214,-0.024703564
0.040900737,-0.017665396
0.028862428,-0.005861612
0.015314784,0.0065712947
0.0020411082,0.017123079
-0.009694959,0.023874657
-0.017907215,0.02423469
-0.020699956,0.017759364
-0.017597426,0.007548988
-0.010041938,-0.0020244394
-0.00056325,-0.007720462
0.008349539,-0.0077739717
0.01432955,-0.001478167
0.015639134,0.009925619
0.012070595,0.023810357
0.004634241,0.037308726
-0.004967653,0.047441687
-0.014358993,0.05133015
-0.020701127,0.047654644
-0.021655994,0.038464993
-0.016833829,0.028141767
-0.00787682,0.020242803
0.0027924892,0.016101057
0.013201981,0.015014683
0.021587396,0.015200691
0.02599251,0.014482827
0.025323937,0.010865066
0.020277908,0.0034547255
0.0128407525,-0.007221474
0.0045627053,-0.019806536
-0.003973596,-0.032238364
-0.011358284,-0.041371036
-0.015291888,-0.044482846
-0.014364628,-0.04118631
-0.009353561,-0.033948977
-0.0019448717,-0.026458573
0.0067199348,-0.02208758
0.015866045,-0.023236945
0.024273936,-0.031052075
0.030247826,-0.044924926
0.03217317,-0.062169883
0.029199338,-0.077322826
0.022803992,-0.08178828
0.016612954,-0.07137916
0.011574738,-0.05278463
0.0072109085,-0.03306676
0.004092343,-0.016250864
0.0025249596,-0.004880568
0.0020885558,-0.0011454535
0.0015061477,-0.0059280684
-0.0007473126,-0.018088818
-0.0062141004,-0.03451454
-0.015298618,-0.05030544
-0.025726471,-0.058817912
-0.031650137,-0.054005407
-0.029728653,-0.036758386
-0.022970831,-0.0137665495
-0.013732174,0.009674003
-0.000920384,0.031170866
0.015684672,0.046553463
0.030431708,0.049395986
0.03565416,0.03864366
0.031364683,0.020643841
0.021748882,0.001879486
0.009263879,-0.013317937
-0.004833833,-0.021737102
-0.01717666,-0.020399252
-0.023389546,-0.009777303
-0.02229691,0.005952896
-0.014992864,0.022415766
-0.0027177532,0.035348345
0.0116334595,0.040282093
0.02336556,0.034984108
0.029252661,0.021616707
0.029647274,0.0047551426
0.026275303,-0.011672166
0.020597247,-0.024608066
0.014459658,-0.0312483
0.010208999,-0.030471118
0.009060414,-0.0240607
0.010450028,-0.015370043
0.013091571,-0.0073792106
0.015535919,-0.0019486287
0.016296566,0.00032497747
0.014474299,0.00018511355
0.010285939,-0.0005499083
0.0048264656,8.6787295e-05
-0.00061432604,0.0033984703
-0.0051489687,0.009781708
-0.008144646,0.018272128
-0.0095170215,0.026362624
-0.010060683,0.030706875
-0.010942679,0.028558215
-0.012857819,0.019298553
-0.015729386,0.004804526
-0.019771032,-0.012442252
-0.025150673,-0.030421114
-0.030744143,-0.045674615
-0.033469543,-0.053719096
-0.030474337,-0.051454198
-0.023422772,-0.0405427
-0.016119719,-0.02559257
-0.0101982085,-0.010759838
-0.005559859,0.0011610207
-0.0015879661,0.008622948
0.0019672452,0.010717194
0.00532241,0.007669293
0.008970121,0.0015062009
0.013130844,-0.0055178856
0.01745936,-0.011234515
0.021276154,-0.013738927
0.023675779,-0.012126604
0.023978105,-0.0069743143
0.022145154,-2.1631004e-06
0.018893987,0.0067924345
0.015424103,0.011722388
0.013022695,0.013621008
0.012706339,0.012076225
0.014992887,0.007586291
0.019721283,0.0011734158
0.025913626,-0.006135881
0.031976365,-0.013239293
0.036080915,-0.018837925
0.036858648,-0.021706492
0.034037035,-0.021300314
0.028547859,-0.018107578
0.022026347,-0.013078021
0.016115718,-0.007000809
0.011999941,-0.00038377134
0.0102154,0.0063976916
0.010518127,0.012871124
0.011974996,0.018273404
0.013172283,0.021739827
0.012742994,0.022551335
0.009990701,0.020396704
0.005212472,0.015548913
-0.0005060069,0.008839455
-0.0059065414,0.0014982338
-0.010034936,-0.0052884775
-0.011743176,-0.010319643
-0.010165103,-0.012441302
-0.005437825,-0.011131763
0.0013185133,-0.0067538572
0.008854863,-0.0004705705
0.016329916,0.006440276
0.022544317,0.012546441
0.026067724,0.016488506
0.025951652,0.017436117
0.022317149,0.015465933
0.016207982,0.0115112895
0.009004462,0.0069895717
0.0019220606,0.0033485985
-0.0041398825,0.0017395746
-0.008405747,0.0026304114
-0.010004405,0.0057917773
-0.008628979,0.010241199
-0.0045378404,0.014719926
0.0016319542,0.018042702
0.008934289,0.01940242
0.016321892,0.018644031
0.022882685,0.016338222
0.028083565,0.013593143
0.031825807,0.011617163
0.034401413,0.011274954
0.036266968,0.0127479015
0.03778056,0.015450585
0.038897067,0.018224338
0.0390583,0.019739818
0.037431072,0.019038184
0.033477727,0.016036553
0.027353475,0.011661156
0.019808102,0.007516704
0.011829268,0.0053645745
0.004499501,0.0066496287
-0.0012108358,0.012212279
-0.0045187315,0.021892931
-0.0049068546,0.034306034
-0.0028226492,0.046737403
3.4927027e-05,0.05552597
0.00090418034,0.056925353
-0.0022267578,0.04949493
-0.008743806,0.035440553
-0.016899588,0.01851397
-0.026039867,0.0018002614
-0.035575747,-0.01286649
-0.042802088,-0.023125742
-0.04387806,-0.026847005
-0.03779233,-0.02383297
-0.027798286,-0.016060332
-0.017576205,-0.0064872876
-0.009184714,0.0020656332
-0.003390052,0.0075746034
-0.00044462434,0.008793841
-2.8709423e-05,0.005418794
-0.00066796085,-0.0014299058
-0.0008014366,-0.01012711
0.00070426334,-0.018751316
0.0044090743,-0.025145764
0.0097710015,-0.02729585
0.0149252,-0.024120662
0.017467337,-0.015809903
0.015596487,-0.0039708186
0.009219801,0.00919579
-0.00041267325,0.02228923
-0.011593592,0.03398432
-0.021803787,0.04177747
-0.027909061,0.04225278
-0.027534062,0.034027882
-0.02062982,0.020254098
-0.009622419,0.0056701223
0.0019235669,-0.0068532974
0.011520952,-0.016568692
0.016797043,-0.020447288
0.016168911,-0.015911283
0.010368913,-0.004475347
0.00191537,0.01022816
-0.0064617367,0.0265965
-0.0121127665,0.041491922
-0.013313916,0.0491488
-0.010398918,0.04497087
-0.004748131,0.031336732
0.002082774,0.014118153
0.0081039015,-0.0025094356
0.011574245,-0.016724817
0.01162995,-0.024846759
0.009342456,-0.023493858
0.006580327,-0.013849071
0.004717987,-7.4268326e-05
0.005206133,0.014411191
0.00881188,0.026594287
0.014247251,0.0323836
0.018350523,0.029651051
0.018964747,0.020151092
0.015629273,0.0077125053
0.00868518,-0.0039976626
-0.001302219,-0.012406002
-0.013055056,-0.015426754
-0.023613252,-0.012240369
-0.029855127,-0.004229521
-0.030176733,0.005501224
-0.024808029,0.013824278
-0.015425596,0.018615836
-0.0044908854,0.019218177
0.005490033,0.016261078
0.012580283,0.011193932
0.015645243,0.005776515
0.0146753965,0.0015828523
0.0107373195,-0.0007100442
0.0055312314,-0.0014492604
0.0006607014,-0.0016735606
-0.002926312,-0.0025305704
-0.0050244457,-0.0048699044
-0.006152346,-0.008818215
-0.00726321,-0.013609612
-0.0092507,-0.017849354
-0.012573688,-0.019964898
-0.016996138,-0.01883355
-0.021670397,-0.014360376
-0.025475336,-0.0075037368
-0.02732483,7.4009564e-05
-0.026519671,0.0064948937
-0.023122035,0.010117734
-0.018100852,0.01023838
-0.012935682,0.0072840136
-0.009096567,0.0023954923
-0.0076414966,-0.0031799441
-0.008956984,-0.008445041
-0.01256653,-0.012680898
-0.017142493,-0.01570496
-0.02086506,-0.017877435
-0.0220173,-0.01979243
-0.019625565,-0.021836912
-0.013927979,-0.02389282
-0.0062982026,-0.025350412
0.0012508066,-0.025323031
0.0065443483,-0.02288884
0.0077525494,-0.017578818
0.004132567,-0.009971359
-0.0035203616,-0.0015771936
-0.013523744,0.0066818455
-0.023679024,0.014502604
-0.030764962,0.020410838
-0.031803764,0.023015121
-0.02556413,0.022264022
-0.013412099,0.019865464
0.0018685207,0.017652953
0.017890148,0.015895316
0.03207179,0.013542637
0.04049427,0.009875957
0.03995781,0.0047123614
0.030979875,-0.0020546387
0.017239593,-0.010503016
0.0020798985,-0.020044034
-0.01306146,-0.029072357
-0.025874196,-0.03481941
-0.032775085,-0.03468269
-0.03220829,-0.027898524
-0.026845813,-0.016004344
-0.020665627,-0.001690165
-0.016026238,0.0126610845
-0.013615518,0.02512414
-0.013859893,0.033301305
-0.0165492,0.035448857
-0.02005691,0.031813107
-0.022160936,0.02447547
-0.02119684,0.016141122
-0.016626315,0.008962735
-0.0092298305,0.0039985287
-0.0008517587,0.001048996
0.0064413,-0.0012493012
0.011139113,-0.004489656
0.011639405,-0.009664363
0.007921984,-0.016983703
0.0010770261,-0.025748644
-0.0071637356,-0.03425943
-0.01425247,-0.04013771
-0.01718261,-0.041138515
-0.014366745,-0.03656388
-0.007139261,-0.027958266
0.0017314184,-0.01796527
0.010101111,-0.009278131
0.016406998,-0.0037463966
0.018830808,-0.0022366724
0.01652749,-0.004290808
0.0106139025,-0.00806019
0.003178822,-0.011121611
-0.003691684,-0.011095689
-0.007922726,-0.0064453096
-0.008288982,0.002600475
-0.0047820294,0.014395439
0.0020660479,0.02637896
0.010627188,0.03494887
0.017809214,0.036704496
0.020686068,0.030478938
0.018713525,0.018305928
0.01338984,0.0038031363
0.0062103625,-0.009835323
-0.002201412,-0.020326102
-0.010251726,-0.025128929
-0.015686475,-0.023378503
-0.01765918,-0.016951147
-0.01690171,-0.009087039
-0.014615948,-0.0028675548
-0.011958223,-0.00050138304
-0.009890426,-0.0028432258
-0.009021648,-0.009136821
-0.009436831,-0.01741359
-0.010541282,-0.024893789
-0.011066689,-0.028678806
-0.009756935,-0.026951857
-0.006332326,-0.02004613
-0.0015305852,-0.010117005
0.003696883,5.8177677e-05
0.008955345,0.008381926
0.01322019,0.0132625755
0.015281173,0.013814551
0.014899833,0.010973933
0.012956017,0.0067238654
0.010580404,0.003223349
0.0088381665,0.0020962618
0.008403355,0.0038974043
0.009401626,0.007924049
0.011246594,0.012404181
0.012671942,0.015024629
0.012134765,0.013707449
0.008736357,0.007625716
0.0028775749,-0.0023822556
-0.004697941,-0.014749576
-0.0135027915,-0.027554857
-0.02112333,-0.03751132
-0.023785574,-0.04154371
-0.019199647,-0.038270187
-0.008932434,-0.029076632
0.003460604,-0.01700761
0.015688792,-0.0052476544
0.026405806,0.004259859
0.032436647,0.009988356
0.030930512,0.011328251
0.022465713,0.009066774
0.010526626,0.0049330415
-0.001468827,0.0011282371
-0.011470785,-0.00018596742
-0.01735452,0.0020729257
-0.017327864,0.0075561805
-0.0123038925,0.014783961
-0.0046624956,0.022126831
0.002945931,0.027498163
0.0073256902,0.028927032
0.006021088,0.02549195
-0.0011355212,0.01780945
-0.012134719,0.007669
-0.025539154,-0.0032983872
-0.039309822,-0.013824756
-0.049805485,-0.022650693
-0.052450173,-0.029054958
-0.045447297,-0.032734014
-0.03185227,-0.033729214
-0.016404672,-0.03278072
-0.002351156,-0.031070525
0.008421717,-0.029283388
0.014511076,-0.027252827
0.015231906,-0.024629125
0.011429554,-0.021544041
0.0050053056,-0.018593078
-0.0019379086,-0.016293809
-0.007586696,-0.014989698
-0.010584482,-0.014937339
-0.010263843,-0.016259225
-0.006875405,-0.018649194
-0.0013313162,-0.021373548
0.0051173614,-0.023429738
0.011156393,-0.023688793
0.015534802,-0.02122383
0.017361356,-0.015889646
0.016435292,-0.008625869
0.013320828,-0.0010426498
0.009120058,0.0052685672
0.0050787977,0.009095245
0.002364008,0.0096348915
0.0019441604,0.00685517
0.004265286,0.001789456
0.009080685,-0.004051763
0.015411852,-0.009252292
0.021702208,-0.012251726
0.026000265,-0.011838203
0.026526492,-0.007806377
0.022401983,-0.0013054668
0.014105324,0.005666155
0.003252444,0.011383835
-0.008351564,0.015055616
-0.018893369,0.016076569
-0.026219627,0.014001764
-0.028670456,0.009149868
-0.026008207,0.002832954
-0.019607125,-0.0033381784
-0.011712805,-0.008304676
-0.004492552,-0.011843821
0.00052947336,-0.014145374
0.0025778697,-0.015433367
0.0018567096,-0.016014306
-0.00045255153,-0.016175065
-0.0026557797,-0.015992483
-0.0030838128,-0.015283997
-0.0006403371,-0.01377094
0.004793079,-0.0112873055
0.012462198,-0.007940251
0.021110723,-0.0040492984
0.028989179,-0.00010192344
0.034064878,0.0033251876
0.034714665,0.0056493464
0.030578783,0.0063556787
0.022761201,0.005160567
0.013127005,0.0021941236
0.003440629,-0.0020081475
-0.005223677,-0.0067225336
-0.012405243,-0.011433485
-0.017089842,-0.015562216
-0.018662903,-0.018773872
-0.01706944,-0.020849278
-0.012804462,-0.021782285
-0.006751436,-0.021685172
8.855915e-05,-0.020787949
0.0067388015,-0.019319955
0.012274492,-0.017448507
0.015862336,-0.0152745955
0.016961468,-0.012879445
0.015534385,-0.010423696
0.01213136,-0.008116725
0.0076615303,-0.0061108004
0.0030542312,-0.004449608
-0.0010782146,-0.0030983107
-0.00467418,-0.0019899767
-0.008205403,-0.0010957156
-0.01253041,-0.00045137492
-0.018687138,-3.4296747e-05
-0.027423605,0.0002891312
-0.038827475,0.0008125305
-0.05192148,0.0019541034
-0.064191215,0.0039410703
-0.071139835,0.0060819527
-0.06781128,0.0066881436
-0.05380132,0.005583026
-0.03363198,0.0045652417
-0.011869386,0.004216194
0.008513748,0.003319705
0.026770165,9.515335e-05
0.03875596,-0.005580668
0.0399546,-0.011842023
0.030649917,-0.01682216
0.015053198,-0.020398576
-0.0026897022,-0.022568166
-0.019820277,-0.02241509
-0.033285532,-0.0189576
-0.039776437,-0.012891279
-0.038619325,-0.0061596828
-0.03254923,-0.00033309843
-0.025028398,0.003568371
-0.018825257,0.0050369664
-0.015467215,0.004138516
-0.015184815,0.001491874
-0.016977383,-0.0018768131
-0.019007038,-0.0048545166
-0.019176591,-0.0067362585
-0.016291365,-0.0072570797
-0.0105362,-0.006741373
-0.0033438345,-0.0060040066
0.0033722168,-0.0060286005
0.007923131,-0.007423136
0.008933396,-0.010099218
0.006254626,-0.013343825
0.0011130502,-0.016191997
-0.0045398735,-0.017581929
-0.008541577,-0.016641462
-0.009213545,-0.013159631
-0.0062554013,-0.0076771923
-0.0008697073,-0.0011880108
0.0051847426,0.005370556
0.010213293,0.011490988
0.012249246,0.016799109
0.010269343,0.021585306
0.004959026,0.026426606
-0.0019350285,0.031956
-0.008228211,0.038314123
-0.01181167,0.04453369
-0.011363401,0.0483817
-0.0071989154,0.047536474
-0.0010538726,0.041203443
0.004815922,0.030404396
0.008465921,0.017167758
0.008587338,0.0038385703
0.0046127513,-0.007231628
-0.0032914272,-0.013689272
-0.013560055,-0.013186575
-0.023681689,-0.005295696
-0.03148247,0.008406003
-0.035182655,0.025073122
-0.03361297,0.040249
-0.027273197,0.0483397
-0.018758398,0.04572626
-0.010914837,0.034152906
-0.0052718287,0.018421516
-0.0028131434,0.0027766791
-0.004690182,-0.00997176
-0.010825854,-0.017014557
-0.01968796,-0.015527683
-0.028698292,-0.006160563
-0.035921756,0.008337325
-0.03896707,0.024324933
-0.035748437,0.036542073
-0.026025103,0.03981203
-0.0121223,0.033184316
0.0031986497,0.0206544
0.01781934,0.0060112323
0.029809423,-0.009135675
0.03592854,-0.021256542
0.033883587,-0.024750883
0.024580384,-0.017728692
0.011213871,-0.003872255
-0.0026923195,0.013421578
-0.014776686,0.034919288
-0.02157512,0.059317064
-0.019935325,0.08158399
-0.010707851,0.09156036
-0.00012672204,0.08362507
0.009162452,0.06682644
0.016826922,0.047890272
0.02145645,0.029106056
0.022467911,0.011126957
0.020543218,-0.004787222
0.017352775,-0.017593356
0.014917455,-0.025984837
0.015312509,-0.028829023
0.019411823,-0.026158944
0.026197406,-0.019319603
0.033547737,-0.010268714
0.038744975,-0.00073566154
0.038803127,0.00773886
0.03209517,0.013495091
0.020016562,0.015461675
0.0060241986,0.013933838
-0.0065735662,0.010630392
-0.015372054,0.0072688684
-0.01829637,0.0046265176
-0.014743737,0.0032764936
-0.0068693445,0.0033193901
0.0018235618,0.0042347703
0.00827722,0.0048288
0.009628686,0.004160019
0.004453669,0.0021372852
-0.00595718,-0.0005640745
-0.019677445,-0.0024206606
-0.033690695,-0.0013368758
-0.043358844,0.004067969
-0.044545192,0.013363139
-0.036732063,0.024717653
-0.022699907,0.03619335
-0.005460241,0.045576625
0.011970825,0.049715918
0.025184792,0.04579025
0.030419527,0.034008667
0.028020164,0.017921565
0.02084899,0.0016145889
0.011048562,-0.011741756
-0.00026582598,-0.019665511
-0.0114748385,-0.0200187
-0.020770954,-0.012954453
-0.027663069,-0.0012727706
-0.032430764,0.0114797335
-0.03515774,0.021435712
-0.035956033,0.024805726
-0.03503402,0.01997652
-0.032569546,0.009001611
-0.028934333,-0.004140775
-0.024662033,-0.015870191
-0.020038472,-0.023198098
-0.015440828,-0.02393042
-0.011803557,-0.018277256
-0.010109448,-0.009090652
-0.010526877,-2.1269128e-05
-0.01233136,0.005973035
-0.014481061,0.0065272045
-0.015883896,0.000817752
-0.015715415,-0.009717995
-0.013818685,-0.022531796
-0.0102844825,-0.03451229
-0.0052213594,-0.042031795
0.00090227363,-0.042123616
0.0068157455,-0.034602642
0.0111542605,-0.022321131
0.013638275,-0.008958017
0.015002057,0.0027533418
0.015779452,0.011265342
0.015771415,0.015581202
0.014518276,0.015900062
0.0116370525,0.0137013
0.006844903,0.010880859
4.399628e-05,0.008954212
-0.0086010555,0.008664425
-0.018442227,0.009812587
-0.027878504,0.0112911
-0.0347183,0.011279777
-0.036923647,0.008118104
-0.03366868,0.0015272732
-0.02600299,-0.00703926
-0.016317323,-0.015519794
-0.0071646096,-0.022145636
-0.00068176107,-0.02493164
0.0014764535,-0.022047061
-0.0011422851,-0.013475332
-0.007445711,-0.0012732551
-0.015328284,0.013222747
-0.021762555,0.029251425
-0.023596527,0.043801572
-0.01905436,0.05268483
-0.008987491,0.0533459
0.003994639,0.047269277
0.017160734,0.037484072
0.02794618,0.025901169
0.033943705,0.013810931
0.03374365,0.002730132
0.027889872,-0.0060037486
0.018742647,-0.0121070435
0.009079961,-0.01606855
0.0011806496,-0.01858664
-0.0033393998,-0.020341046
-0.003773101,-0.0220269
-0.00068206975,-0.024192939
0.0044603087,-0.026995393
0.00995723,-0.03013093
0.014380124,-0.03281641
0.016928224,-0.033861376
0.017683329,-0.03222344
0.017437391,-0.02754734
0.017160328,-0.020338783
0.017512038,-0.011630737
0.018661648,-0.0025930994
0.020190885,0.0056777294
0.021034569,0.0121124955
0.019879056,0.01585258
0.015972067,0.016715659
0.0096783815,0.015352952
0.002186828,0.01303344
-0.005162244,0.011229887
-0.011219782,0.011094475
-0.014953333,0.013100746
-0.015932988,0.01692932
-0.014712186,0.021587517
-0.012552841,0.025695203
-0.0109322,0.027816622
-0.011014684,0.026976813
-0.013086234,0.023138326
-0.016370807,0.01726159
-0.019380445,0.010843339
-0.020331955,0.0053750193
-0.017648987,0.0019776186
-0.010832551,0.0010632968
-0.0009408227,0.0020913454
0.010318886,0.0035632802
0.021466391,0.0034387666
0.029401423,9.92929e-05
0.03150716,-0.0067883343
0.027292194,-0.016308596
0.018391494,-0.026756942
0.007106478,-0.035842262
-0.0038037086,-0.04052961
-0.010837848,-0.038024034
-0.011708019,-0.027971715
-0.0074814255,-0.012685008
-0.0009544581,0.0044631716
0.006573843,0.021501327
0.013025711,0.03556613
0.014294223,0.04244286
0.0076909815,0.040063936
-0.0042536943,0.030160367
-0.01758683,0.016695786
-0.030126356,0.003253338
-0.039492935,-0.0077192844
-0.041327745,-0.013965884
-0.03377801,-0.014187702
-0.020412868,-0.009058079
-0.0064150346,-0.00082240463
0.0050519607,0.007627321
0.012569797,0.014185393
0.013368955,0.017055089
0.0070344843,0.01581095
-0.0036516169,0.0113637755
-0.015534003,0.005621086
-0.02609825,0.00015050879
-0.032384846,-0.0039614635
-0.032152165,-0.0064326893
-0.026085643,-0.007545653
-0.017026907,-0.0078922
-0.0080702035,-0.008402483
-0.00123172,-0.009925793
0.0026624256,-0.012608024
0.003833948,-0.01563765
0.0036022437,-0.017695142
0.0039466307,-0.017587513
0.006486087,-0.014761595
0.01173822,-0.009542429
0.018953275,-0.0029854723
0.02639762,0.0034370327
0.031100193,0.008093298
0.029855499,0.009749987
0.021512914,0.007959375
0.008023586,0.0032212627
-0.0075335237,-0.0029597867
-0.024264041,-0.008761658
-0.039564356,-0.012370911
-0.04909256,-0.013010311
-0.049974523,-0.011268165
-0.043655194,-0.008234889
-0.034254856,-0.0049560345
-0.025433399,-0.0025320053
-0.019254608,-0.0018182402
-0.016430058,-0.0029297145
-0.016484236,-0.005178766
-0.017890314,-0.007366725
-0.01858231,-0.008266181
-0.016886478,-0.0072006714
-0.012426421,-0.0043344055
-0.006284372,-0.00068436813
-0.0003588631,0.0022480246
0.003478903,0.0029969013
0.0035844499,0.00059195113
-0.00045175917,-0.005002888
-0.0077029145,-0.012892702
-0.016421873,-0.02130559
-0.023705088,-0.027848246
-0.026049647,-0.030259488
-0.021658922,-0.027412096
-0.012271297,-0.019914588
-0.0016562375,-0.009758366
0.0071566557,0.0005113776
0.01239032,0.009024059
0.011641955,0.01397235
0.0042773485,0.014142548
-0.0074433554,0.009866573
-0.021038692,0.0027119033
-0.034579925,-0.005685118
-0.045387756,-0.013695678
-0.050728757,-0.019858325
-0.04965809,-0.023026738
-0.044355366,-0.022671983
-0.038459625,-0.019179778
-0.034507204,-0.013556237
-0.033303197,-0.006832307
-0.034107327,0.0002626102
-0.035231896,0.0071689677
-0.034597274,0.0132429935
-0.030739654,0.017731827
-0.023602305,0.020186082
-0.014636766,0.020616686
-0.005940037,0.019224199
0.0004062303,0.016261052
0.0028261289,0.012214774
0.0009256147,0.007894515
-0.004215908,0.0042740703
-0.010647094,0.002185926
-0.01588545,0.0020969394
-0.01752184,0.0037872472
-0.014370486,0.0063342336
-0.0071754046,0.008638769
0.002093368,0.009770226
0.011266183,0.008947489
0.017955601,0.0058252434
0.020138185,0.0011180589
0.017413748,-0.0037304102
0.011036403,-0.0072709196
0.0030217518,-0.008492392
-0.004732693,-0.006906953
-0.010821126,-0.002542017
-0.014444291,0.0039238357
-0.015680773,0.01132614
-0.01528948,0.018522883
-0.014196471,0.024746679
-0.012991544,0.029741522
-0.011621786,0.03367793
-0.009403744,0.036876064
-0.0053711636,0.039410368
0.0011849366,0.04083272
0.0102409385,0.040150575
0.020816213,0.03613596
0.031166486,0.027845243
0.039288525,0.015143287
0.043544367,-0.0009803463
0.043015458,-0.018464176
0.037574638,-0.034220453
0.028180579,-0.044330966
0.017085968,-0.045495324
0.0067451154,-0.037466563
-0.0017511748,-0.023279898
-0.008480879,-0.0068750484
-0.013749691,0.008983975
-0.017585622,0.021861894
-0.020099191,0.02785337
-0.021595562,0.02484534
-0.021594029,0.014639364
-0.019643849,0.0013889219
-0.015879475,-0.010981566
-0.010583773,-0.019310307
-0.004342256,-0.020823272
0.001053817,-0.014668934
0.0034384641,-0.002827234
0.0018561387,0.011547566
-0.0033793927,0.026829049
-0.011539982,0.040632684
-0.020794258,0.050443176
-0.028120399,0.053986814
-0.030270142,0.05039773
-0.025357414,0.042039048
-0.01436612,0.03314148
-0.0003732186,0.026224554
0.013407925,0.021284971
0.02413315,0.017146721
0.02876184,0.0129965
0.02598314,0.008655821
0.01799817,0.0041729263
0.008892055,2.422527e-06
0.0023371351,-0.0029930118
0.0009922031,-0.0038994625
0.006192742,-0.0021894702
0.017265223,0.0018548173
0.03181502,0.0070758904
0.045746397,0.01209583
0.053086676,0.015914192
0.04859724,0.018157762
0.033413764,0.01836391
0.0139842825,0.016491676
-0.0041838363,0.014185397
-0.018147575,0.013371595
-0.024127388,0.013905513
-0.019354848,0.014732249
-0.0061685443,0.0151819335
0.010863271,0.01493069
0.028144872,0.012190378
0.040459774,0.0058291173
0.042471897,-0.0025872325
0.033458877,-0.009990705
0.017968422,-0.014572312
0.0009754092,-0.015479742
-0.014146805,-0.0116270045
-0.024249427,-0.0025306265
-0.026864188,0.009971717
-0.022553792,0.022352783
-0.014276288,0.03118477
-0.005941373,0.033847302
-0.0012356463,0.029321842
-0.0017631323,0.01894465
-0.0065002604,0.005862655
-0.013790754,-0.0067932755
-0.02149758,-0.016505757
-0.025819998,-0.020646363
-0.023679195,-0.01836298
-0.015985094,-0.011112064
-0.006035061,-0.0016983586
0.0032175165,0.0069991527
0.0098933615,0.012941982
0.01103169,0.014495223
0.005586821,0.011767124
-0.0044628754,0.006188098
-0.016901223,-0.00010484044
-0.029700885,-0.005321462
-0.039553188,-0.008219523
-0.043211594,-0.008870558
-0.04003765,-0.008302127
-0.032280244,-0.007574707
-0.023175549,-0.0075892485
-0.01519423,-0.008882587
-0.009722885,-0.011351316
-0.0071622604,-0.014071679
-0.0070975716,-0.015528963
-0.008291603,-0.014302956
-0.009320143,-0.009848398
-0.00923781,-0.0027079172
-0.007922182,0.0058687264
-0.005591408,0.014359669
-0.003017562,0.020884808
-0.0015036203,0.023849133
-0.0020219136,0.02276734
-0.0046025338,0.018508615
-0.008523157,0.012820344
-0.012793261,0.0076113865
-0.016294872,0.00434117
-0.017825954,0.0037089982
-0.016649155,0.0054465537
-0.012867634,0.008429876
-0.007184501,0.01113659
-0.00052199705,0.012126611
0.006172999,0.010453256
0.012036249,0.0060095764
0.016440665,-0.0004157474
0.019000422,-0.007367864
0.0195699,-0.013055837
0.018246703,-0.015867846
0.015361259,-0.015019798
0.011393642,-0.01093211
0.0069046007,-0.004947854
0.0025290656,0.0013216138
-0.0010712943,0.0066697313
-0.0034455366,0.010128416
-0.004199336,0.0111511685
-0.0033408762,0.010081252
-0.001236738,0.007986338
0.0013851346,0.0060744216
0.0036751581,0.0052661076
0.0048646545,0.005906257
0.004497769,0.0077113397
0.002601224,0.009805878
-0.00025583376,0.011036135
-0.0031715017,0.010335581
-0.0051420326,0.0071698693
-0.005428254,0.0018380102
-0.0039048488,-0.004605032
-0.0010299771,-0.010856969
0.0023746733,-0.015389579
0.0052509643,-0.016738558
0.0065828357,-0.014257548
0.0058015734,-0.008576737
0.003054984,-0.0013259182
-0.00075497595,0.005664381
-0.004567996,0.010977765
-0.0072325254,0.01305819
-0.007900689,0.011153808
-0.006290324,0.005915293
-0.002865828,-0.0010115196
0.0013619264,-0.0079924185
0.0053782687,-0.013681394
0.008204758,-0.016684249
0.009272793,-0.016414318
0.008546472,-0.013521106
0.0065071266,-0.009474936
0.0039174343,-0.0058769477
0.0015189714,-0.0039168503
-0.0002471558,-0.0041342503
-0.0013543094,-0.006321494
-0.0021394412,-0.009658871
-0.0030822519,-0.01285268
-0.004572291,-0.014563381
-0.006733243,-0.013909162
-0.009354494,-0.0107661765
-0.011959884,-0.0057813143
-0.013931652,-5.1503175e-05
-0.014646257,0.0051612286
-0.013716301,0.008660504
-0.011222784,0.009698872
-0.007699309,0.008259834
-0.003928895,0.0049911
-0.0006991152,0.00085612177
0.0013663035,-0.0032686207
0.0019521819,-0.0066701584
0.0010301622,-0.0087886145
-0.0010230326,-0.009460848
-0.0036727977,-0.008883546
-0.006340556,-0.007384112
-0.0085224155,-0.005294792
-0.0098468205,-0.0028555419
-0.010113763,-0.0002448249
-0.009279133,0.00239541
-0.007467743,0.0048766057
-0.0048953183,0.0069504566
-0.0018893486,0.008294248
0.001117374,0.008599956
0.0035988472,0.0076891626
0.005021129,0.005635706
0.004976455,0.002799761
0.0033178397,-0.00024868394
0.00023031088,-0.0028958637
-0.0038317768,-0.004637338
-0.00809902,-0.0051651727
-0.011586503,-0.0045288024
-0.013394776,-0.0031600965
-0.013024212,-0.0016961817
-0.010549457,-0.000732457
-0.006608598,-0.0006075791
-0.0021953196,-0.0013182741
0.0016409697,-0.0026024578
0.0040640305,-0.0039920826
0.0045291907,-0.0048739286
0.0030833238,-0.004781307
0.00033079635,-0.0036282775
-0.002813525,-0.0016631312
-0.0054057925,0.00070645806
-0.006648502,0.0029516406
-0.0061579216,0.0045439946
-0.0040990417,0.0052247173
-0.00106372,0.0050748265
0.0021609366,0.004411054
0.0048275455,0.003625631
0.006370158,0.0030743023
0.0065554297,0.0029672692
0.0055243247,0.003274654
0.003686186,0.003759519
0.001543782,0.0040954775
-0.00046939612,0.0040077344
-0.002082442,0.0033799338
-0.0032007159,0.002297833
-0.003872142,0.0010289198
-0.004204075,-7.658693e-05
-0.0042845123,-0.00071037386
-0.0041420404,-0.00071857526
-0.003760444,-0.00015424956
-0.0031241595,0.00074779405
-0.0022704003,0.0016561686
-0.0013195834,0.002257143
-0.00046986007,0.002356307
5.3976208e-05,0.001937389
8.560709e-05,0.0011556733
-0.00040665513,0.00026899937
-0.0012943454,-0.00046063506
-0.0023057954,-0.0008508957
-0.0030942496,-0.0008512586
-0.0033502295,-0.00055314426
-0.0029165717,-0.00013523037
-0.0018466949,0.00021701411
-0.00039332424,0.00038286505
0.0010746729,0.00034341705
0.0021832136,0.00017399059
0.0026400932,1.8512483e-05
0.0023472055,2.3101536e-05
0.0014251997,0.00026296213
0.00016259818,0.00071707653
-0.0010868025,0.0012823388
-0.0020053938,0.0018042037
-0.002388749,0.002120725
-0.0022088552,0.0021298612
-0.0015979583,0.0018296795
-0.000787211,0.0013085234
-2.2569338e-05,0.0007101972
0.0005109111,0.00018313357
0.00073406927,-0.00016418277
0.00067557866,-0.00028821322
0.00044645666,-0.00022051265
0.00018644618,-4.8014816e-05
1.023404e-05,0.00012480805
-2.5687043e-05,0.00021398197
6.919221e-05,0.0001784955
0.00023656648,3.0690782e-05
0.0003995493,-0.00017629616
0.00049456634,-0.00037136357
0.0004935116,-0.000494113
0.00040667734,-0.000511439
0.00027157168,-0.00042590688
0.00013395787,-0.00026976992
2.9440609e-05,-8.975876e-05
-2.6542406e-05,6.962408e-05
-3.9120438e-05,0.00017882197
-2.6134729e-05,0.00022931832
-7.0732217e-06,0.00023005146
5.526235e-06,0.00020043888
9.097003e-06,0.00016097829
9.291192e-06,0.00012640002
1.4160678e-05,0.000102860395
2.6858736e-05,8.888889e-05
4.4905497e-05,7.92001e-05
6.0353275e-05,6.838545e-05
6.7566085e-05,5.384393e-05
6.243596e-05,3.6559966e-05
4.6728732e-05,1.9592353e-05
2.6726197e-05,6.1690325e-06
9.751326e-06,-1.7542881e-06
4.5471984e-07,-4.2517922e-06
-6.643709e-07,-2.8546083e-06
1.7835838e-06,-8.910081e-07
3.106407e-06,4.253144e-08
1.5777883e-06,-8.3478045e-07
9.174477e-07,7.2525546e-07
6.202651e-07,8.461882e-06
2.3786813e-06,2.3677894e-05
6.7592127e-06,4.264256e-05
1.3245694e-05,5.7496618e-05
1.8879087e-05,5.8947408e-05
1.9601155e-05,4.1735093e-05
1.1757287e-05,8.316215e-06
-6.0101124e-06,-3.0249772e-05
-3.0244772e-05,-5.7380905e-05
-5.445342e-05,-5.926921e-05
-6.769651e-05,-3.1192252e-05
-5.80881e-05,1.9223202e-05
-1.6629863e-05,7.3652925e-05
5.900712e-05,0.000110964305
0.00016058575,0.00011684056
0.00027045907,8.921695e-05
0.0003624995,4.1902065e-05
0.00040675097,-2.0464383e-06
0.00037714577,-2.3215798e-05
0.0002598522,-2.0721875e-05
6.0620587e-05,-1.1350018e-05
-0.00019225897,-2.7262178e-05
-0.00045049284,-0.00010092782
-0.00065348257,-0.00024694344
-0.0007419014,-0.0004489522
-0.0006741625,-0.00065792125
-0.00043990248,-0.000808014
-6.64184e-05,-0.00084320514
0.0003853827,-0.0007453128
0.0008356467,-0.0005507825
0.001205745,-0.0003463661
0.0014393721,-0.0002425717
0.0015188631,-0.00033212896
0.0014689536,-0.0006481077
0.0013455555,-0.0011402766
0.0012126742,-0.0016813043
0.0011168445,-0.0021039445
0.0010676949,-0.0022593874
0.0010307728,-0.002076442
0.0009382794,-0.0015968502
0.00071573135,-0.000968362
0.0003150573,-0.00039527315
-0.0002584313,-6.406241e-05
-0.00093917595,-7.163836e-05
-0.0016114177,-0.00038501635
-0.0021345105,-0.00084487617
-0.0023868475,-0.0012176248
-0.0023035367,-0.0012791908
-0.0018995288,-0.0009046112
-0.0012656654,-0.000120280856
-0.0005356678,0.00090040587
0.00016613785,0.0019009339
0.00075157534,0.002622025
0.0011912045,0.0028976027
0.0015204612,0.0027165571
0.0018165334,0.0022181536
0.0021546423,0.0016244905
0.002567852,0.0011416894
0.003025585,0.0008705761
0.0034394257,0.0007623391
0.003694741,0.0006382967
0.0036970158,0.00027131854
0.0034147939,-0.00050196453
0.0029000647,-0.0016875238
0.0022719037,-0.0031013696
0.0016752307,-0.0044075167
0.0012365431,-0.005221455
0.0010171736,-0.0052565257
0.0009798978,-0.004449999
0.0009976053,-0.0030061342
0.00090596377,-0.0013327954
0.0005715786,9.9995224e-05
-5.5670476e-05,0.0009226588
-0.000925462,0.0009783658
-0.0018798854,0.00037078653
-0.0026973637,-0.00058812724
-0.0031533104,-0.001519027
-0.0030831064,-0.0021377488
-0.0024349377,-0.002377691
-0.0012884396,-0.0024221323
0.00017455596,-0.002616381
0.0017231266,-0.003298857
0.003115059,-0.004615086
0.004120554,-0.0063900603
0.0045583034,-0.008119785
0.0043130843,-0.009111395
0.0033441498,-0.008739386
0.0016892384,-0.006729139
-0.0005277577,-0.0033249666
-0.003087534,0.0007821783
-0.0056735817,0.0047771567
-0.007832337,0.00772006
-0.00910285,0.008821157
-0.00911672,0.00785955
-0.007726273,0.00528591
-0.005107451,0.0019982401
-0.0017648342,-0.0010431515
0.0015821273,-0.0032145667
0.0042114565,-0.00430683
0.0054387357,-0.004507132
0.004907509,-0.004369388
0.002738369,-0.004529714
-0.0004877703,-0.005348214
-0.0039430205,-0.0066805263
-0.0067008035,-0.007870175
-0.007924484,-0.007999599
-0.0071943575,-0.0062820343
-0.004738779,-0.002489533
-0.0013072395,0.0028595969
0.0023607935,0.008736494
0.00556908,0.013662424
0.00754463,0.0160335
0.007929397,0.014938644
0.0070638857,0.010664521
0.0057076863,0.0046047615
0.0045637474,-0.0013046381
0.0039368444,-0.005236273
0.0038490929,-0.005755279
0.004031011,-0.0024488873
0.0039616786,0.0036833982
0.0032287901,0.01091786
0.0015600872,0.017076313
-0.0010959486,0.019975552
-0.004307893,0.018372014
-0.007206904,0.012692448
-0.009011273,0.004774225
-0.00951312,-0.0030904764
-0.008938542,-0.008920438
-0.007764063,-0.011190087
-0.0068259407,-0.009475073
-0.0070982086,-0.004770615
-0.0091972025,0.0011242544
-0.013067482,0.0065112202
-0.01806908,0.0100028785
-0.02310839,0.010866322
-0.026894787,0.009371817
-0.028409932,0.006656697
-0.02729122,0.0042048083
-0.024059454,0.0031825118
-0.019953644,0.0039204997
-0.0164241,0.0057881307
-0.014591612,0.0075233984
-0.014981038,0.007754552
-0.017455906,0.005532621
-0.021230048,0.0007508405
-0.025081726,-0.005787826
-0.02761224,-0.012638171
-0.027532853,-0.018098248
-0.024224432,-0.020761838
-0.018275406,-0.020167852
-0.011259095,-0.017088545
-0.0048462166,-0.013143397
-0.0002116801,-0.010085962
0.0020225977,-0.009171825
0.0017015095,-0.010783952
-0.00082757947,-0.014301747
-0.0047661364,-0.018220574
-0.008981399,-0.020579787
-0.012186481,-0.019645063
-0.013392609,-0.014708419
-0.012328207,-0.006484716
-0.00930697,0.003273871
-0.00463097,0.012581065
0.0014100542,0.01922364
0.007758208,0.020988118
0.012929536,0.017014477
0.01579106,0.008247534
0.015710605,-0.0033049784
0.012163937,-0.015490857
0.0047150496,-0.025970528
-0.0061517865,-0.032293353
-0.01873749,-0.032907564
-0.030669885,-0.027833141
-0.03951511,-0.018428415
-0.043213114,-0.0069385543
-0.040679507,0.00400416
-0.032430448,0.012195589
-0.020448364,0.016637733
-0.0072605168,0.017504318
0.0048847576,0.015548028
0.014147587,0.011718999
0.018991182,0.007382118
0.019010544,0.004222208
0.015457128,0.0034282936
0.01063424,0.005299106
0.0069713383,0.009468465
0.0064232713,0.015135508
0.010134736,0.020969478
0.01801386,0.02541505
0.02864414,0.027247038
0.0395379,0.025939405
0.047552634,0.021928031
0.049823526,0.016695093
0.0452804,0.0121222595
0.03527809,0.009333654
0.022365041,0.008387416
0.008934789,0.008789725
-0.0032833961,0.009972563
-0.013320283,0.011022935
-0.020057106,0.010425758
-0.022869367,0.0071395803
-0.022007015,0.0013905719
-0.018311517,-0.005457748
-0.012788046,-0.011678038
-0.00624492,-0.015574413
0.0007001138,-0.01574102
0.007354837,-0.011619846
0.013010959,-0.0038744274
0.017241623,0.0061262716
0.01958804,0.01680729
0.019435499,0.026363013
0.01635273,0.033094183
0.0107534705,0.03599865
0.004104671,0.03514417
-0.0016124609,0.031467948
-0.0046415506,0.02615607
-0.0039068805,0.020152574
0.0006442387,0.014053083
0.008007977,0.008038027
0.01657131,0.001670056
0.024098244,-0.0055831443
0.02786058,-0.013279511
0.025798196,-0.020022951
0.017619215,-0.024250032
0.004845182,-0.025137912
-0.010238285,-0.022502499
-0.025323957,-0.016150158
-0.037658654,-0.0062075825
-0.0442845,0.005799026
-0.043530546,0.017082326
-0.03620825,0.025115598
-0.02504737,0.028985292
-0.013092111,0.029113809
-0.0027704446,0.026417721
0.0043318924,0.02198825
0.007638524,0.01701763
0.0077490667,0.012532857
0.00620557,0.009092117
0.004922086,0.0067248046
0.005591997,0.0050110496
0.009219805,0.0032915482
0.01588109,0.0008592879
0.024661845,-0.0028420256
0.033773985,-0.007997178
0.04087971,-0.014232019
0.04369493,-0.02055237
0.04099539,-0.025716329
0.033427548,-0.029021084
0.023102524,-0.030466994
0.012494356,-0.03008104
0.0038482698,-0.027499475
-0.0009743757,-0.022237854
-0.0009107506,-0.014196086
0.0038313062,-0.0039032183
0.0126769785,0.007824366
0.02505931,0.020180706
0.039767824,0.03129206
0.053892687,0.03892171
0.062803246,0.041088637
0.06191546,0.037495777
0.05254727,0.029885394
0.039699927,0.020590967
0.026550056,0.01195283
0.01436394,0.005893277
0.004027891,0.0033523582
-0.003727903,0.0044782595
-0.00826172,0.00818212
-0.009090208,0.012554734
-0.0066245105,0.015356469
-0.0019246226,0.015158681
0.0036977066,0.011754469
0.009024655,0.006108154
0.013145183,-0.00020162277
0.015373974,-0.005379962
0.015476261,-0.007804993
0.013883357,-0.0069591505
0.011458171,-0.003755559
0.00926456,-7.4034615e-05
0.008159953,0.0020982926
0.008554719,0.0012986122
0.010406608,-0.0029080196
0.013234055,-0.009722487
0.016185818,-0.017262537
0.018318005,-0.022832792
0.018949715,-0.023757376
0.017811323,-0.018872904
0.015096168,-0.009406665
0.011496834,0.0019130997
0.00805636,0.012523106
0.0053533083,0.01997006
0.003529307,0.021701902
0.0024398158,0.016876636
0.0019431224,0.0071218046
0.0016016176,-0.0047994386
0.0003284898,-0.017037477
-0.002643968,-0.02729457
-0.006949874,-0.03311911
-0.011539466,-0.03347006
-0.015337168,-0.029049497
-0.017528547,-0.021486463
-0.017619401,-0.0124196345
-0.0154354125,-0.0029875082
-0.01121374,0.006179416
-0.005458954,0.014815569
0.0012301067,0.022515023
0.008003933,0.028481418
0.013852512,0.031571094
0.017901774,0.030673634
0.019875318,0.025431838
0.020231554,0.016660867
0.019669335,0.0061376886
0.018523542,-0.003971766
0.016710637,-0.01131623
0.0141806975,-0.0135879535
0.011180958,-0.009679916
0.008158284,-0.00069471623
0.0059259497,0.010967568
0.0054290714,0.02270332
0.0072822114,0.030850483
0.011068183,0.03190623
0.015782736,0.02518684
0.020398337,0.013306437
0.023554403,-0.00015529341
0.023167709,-0.011774227
0.017489329,-0.017770572
0.0066219773,-0.015963838
-0.007616174,-0.007856301
-0.023409693,0.0040902477
-0.03779224,0.018013582
-0.045955822,0.029075205
-0.043524455,0.030357135
-0.030374397,0.020824319
-0.010577741,0.007145147
0.01144822,-0.0059050443
0.034456283,-0.019274674
0.05456467,-0.030346336
0.06504585,-0.031641003
0.060732614,-0.01843985
0.045204643,0.00038208245
0.025458416,0.016651435
0.0066633387,0.02899009
-0.008801979,0.036777247
-0.018257774,0.03706749
-0.019693986,0.029163828
-0.0142321335,0.017518764
-0.005299055,0.0068286285
0.0031991694,-0.0007682113
0.008362446,-0.004838286
0.008177492,-0.004929396
0.00251149,-0.0018289253
-0.006882518,0.0025054854
-0.01788643,0.0071404423
-0.027689423,0.011600308
-0.033428483,0.015515753
-0.03355936,0.019142404
-0.028668396,0.023229944
-0.020910632,0.029040484
-0.012498129,0.037108287
-0.0050559025,0.04684057
0.00029778594,0.056330834
0.0027757024,0.06292406
0.0022350592,0.06387082
-0.00015772504,0.05797122
-0.0020915247,0.046807427
-0.0019148436,0.03344118
0.00038839565,0.020685641
0.0037589953,0.0103606535
0.0068076886,0.0033457973
0.008300208,-0.0002632216
0.0073709204,-0.0009390671
0.003894749,8.6643035e-05
-0.0014027454,0.0011640302
-0.007425602,0.000984493
-0.0128767835,-0.0013120102
-0.016469477,-0.0058454205
-0.01737884,-0.011943733
-0.015559269,-0.018302795
-0.011599782,-0.023374181
-0.006554075,-0.0257565
-0.0017189347,-0.024618473
0.0016604878,-0.020008864
0.002714112,-0.012987859
0.0012783292,-0.0050997813
-0.0021855833,0.002064544
-0.006914256,0.0076364423
-0.012020717,0.010789133
-0.016429769,0.010949884
-0.019120153,0.008290383
-0.019389935,0.0036182345
-0.017032025,-0.0018964974
-0.012392615,-0.0071111103
-0.006274647,-0.011246133
0.00027413055,-0.013968886
0.006112251,-0.015243747
0.010079193,-0.015183516
0.011267714,-0.013981103
0.009336094,-0.01190173
0.0047081104,-0.009179274
-0.0015755827,-0.0059238067
-0.008257636,-0.0020107315
-0.014051118,0.00282531
-0.017585684,0.008373587
-0.018017896,0.013887793
-0.015363917,0.01840713
-0.01047766,0.0211018
-0.004750042,0.021503612
0.00027836778,0.019636603
0.0032868152,0.016059298
0.0035092689,0.011763223
0.00091432745,0.007872529
-0.003872031,0.005266984
-0.009854056,0.004331982
-0.015672226,0.0047936765
-0.019816771,0.0056817215
-0.021085616,0.0056223623
-0.019010974,0.003580262
-0.013963405,-0.0005444934
-0.0069776173,-0.0058704647
0.0006864406,-0.011103376
0.007919304,-0.014648112
0.013526398,-0.014641101
0.016509853,-0.010084941
0.016406106,-0.0018466556
0.013508848,0.007806779
0.008568558,0.016247083
0.0023665607,0.020714076
-0.004129558,0.018956395
-0.009665286,0.010792118
-0.0133755095,-0.0015329492
-0.015411202,-0.015155462
-0.015858853,-0.026855357
-0.014350466,-0.032715287
-0.010879052,-0.03008516
-0.0068095736,-0.019862322
-0.0037653097,-0.005782846
-0.0021043404,0.00815161
-0.001091871,0.019450402
-0.00080778275,0.024704922
-0.0015019338,0.022172274
-0.0026091493,0.01352233
-0.0035232732,0.0024310765
-0.0044299727,-0.0077630193
-0.0055846297,-0.014631674
-0.0068039075,-0.0161828
-0.0079163555,-0.012680264
-0.009019226,-0.006477495
-0.010059436,-0.0004580754
-0.010714414,0.0029594456
-0.010682769,0.0023146109
-0.009974364,-0.0022237494
-0.008907182,-0.008911392
-0.0081400275,-0.015456033
-0.008231471,-0.019412022
-0.009627112,-0.019113168
-0.012751714,-0.014691358
-0.017743379,-0.0077785896
-0.024228364,-0.00029601043
-0.031257488,0.006150741
-0.03749373,0.010325969
-0.04142368,0.01188674
-0.041834358,0.011699593
-0.038408764,0.011391821
-0.03190037,0.012444129
-0.023766696,0.015251051
-0.015535798,0.01884338
-0.008452395,0.021280851
-0.0035929643,0.020450309
-0.0017584374,0.015172895
-0.0029661055,0.00610054
-0.0067297206,-0.0045905868
-0.012682948,-0.0144894775
-0.019759415,-0.020414863
-0.02586949,-0.019833427
-0.029218616,-0.012850101
-0.029336726,-0.0022938277
-0.02632532,0.007854571
-0.020386219,0.01346279
-0.01235243,0.011458799
-0.0036711926,0.0017232591
0.004207853,-0.013483275
0.009784069,-0.032041796
0.011040497,-0.0488377
0.008063105,-0.0558104
0.0026011108,-0.04821877
-0.004312088,-0.030593855
-0.01210513,-0.010407227
-0.019163871,0.008388743
-0.02311426,0.023157926
-0.022325812,0.02852194
-0.017054744,0.022617126
-0.00860145,0.010411018
0.0009967856,-0.0017522391
0.009700799,-0.010140325
0.015874695,-0.010820091
0.018096302,-0.0017287763
0.01640822,0.014460452
0.012257907,0.033889234
0.00705987,0.052075565
0.0011786199,0.0619427
-0.005268988,0.056625288
-0.00977281,0.038268425
-0.010076707,0.016047817
-0.007855878,-0.0038027237
-0.0055901892,-0.018795578
-0.0035514906,-0.025811277
-0.0019758658,-0.022494543
-0.0015799159,-0.011916733
-0.0026678224,0.000663273
-0.0043555205,0.011555911
-0.0057826526,0.01760701
-0.0065399837,0.016805824
-0.006274922,0.010535626
-0.0048861285,0.0024074297
-0.002707225,-0.0041524726
-8.344436e-05,-0.0067405407
0.002664171,-0.0044466876
0.0051799314,0.0013462626
0.0072625796,0.0077334694
0.008712326,0.01165311
0.008695636,0.010275362
0.0068163252,0.0029710692
0.0033601774,-0.008488651
-0.0019489165,-0.021623258
-0.009083649,-0.032866202
-0.016192874,-0.038044468
-0.020363158,-0.034937683
-0.020114336,-0.025212526
-0.015880564,-0.012874022
-0.008575179,-0.0019484853
0.0008462339,0.0044883788
0.011208635,0.004543103
0.020058835,-0.0023757557
0.024654849,-0.014456135
0.023259725,-0.027920637
0.015713198,-0.038328312
0.0038021167,-0.041841317
-0.009240091,-0.037213754
-0.020343361,-0.026174385
-0.027530905,-0.011800067
-0.029767772,0.002784328
-0.026864935,0.014444206
-0.020056078,0.020462738
-0.011823408,0.019909846
-0.00467081,0.013999523
-0.00016277895,0.00509831
0.001236149,-0.0044126897
-0.00024365236,-0.012686774
-0.003539662,-0.01766874
-0.006922886,-0.018200943
-0.009085916,-0.014427489
-0.009738848,-0.0074870414
-0.009405316,0.0011252194
-0.008869991,0.010169602
-0.008754269,0.018543547
-0.009469651,0.025154026
-0.010787064,0.029198647
-0.011700191,0.030394629
-0.010750424,0.029022377
-0.0067748707,0.02594985
0.0005243146,0.022383524
0.010439141,0.019335683
0.02157709,0.01710734
0.03180944,0.015415581
0.038303744,0.013852962
0.038691584,0.011973887
0.032696154,0.009063429
0.022459462,0.0043703443
0.011015525,-0.0022485596
0.0006790502,-0.010165263
-0.0076926034,-0.018482288
-0.01315554,-0.0256735
-0.015140198,-0.029990409
-0.0143310325,-0.030229945
-0.012392598,-0.026349273
-0.011040543,-0.019440323
-0.011168487,-0.011214233
-0.012555054,-0.0032729793
-0.0141932685,0.0033241152
-0.014802046,0.008017123
-0.013379487,0.0107442485
-0.009735374,0.012129671
-0.0044978596,0.013182865
0.0012649846,0.014654272
0.0064990916,0.0166437
0.010397713,0.01855923
0.012710486,0.019320779
0.013959503,0.017776426
0.015281496,0.013277024
0.017827542,0.00602036
0.022149013,-0.0032134717
0.027723543,-0.0134461215
0.032950174,-0.023293264
0.035554606,-0.030929642
0.033477124,-0.034812514
0.02607862,-0.035099063
0.014562742,-0.03392175
0.001130005,-0.033568796
-0.011993096,-0.034974135
-0.02245648,-0.037757874
-0.02761672,-0.040684804
-0.02577226,-0.041832246
-0.017920665,-0.03923517
-0.007587282,-0.032031115
0.0014148797,-0.020998847
0.0066446974,-0.008174391
0.007511264,0.003924948
0.0045677344,0.013332619
-0.0010325211,0.018055618
-0.0071391137,0.016933976
-0.0114003,0.010887364
-0.012444703,0.0025833847
-0.010326374,-0.0048146774
-0.0061601847,-0.008543307
-0.0016914506,-0.006872995
0.0012174847,4.4215678e-05
0.0016637254,0.010246025
-2.7408005e-05,0.02137252
-0.002997966,0.029977567
-0.005963171,0.03248555
-0.007397176,0.027261067
-0.0061680297,0.015931854
-0.002334318,0.0021924514
0.0024609198,-0.010843444
0.0066170674,-0.021427544
0.008451234,-0.026440952
0.0072737504,-0.024484912
0.0032908812,-0.017309986
-0.0021907196,-0.008235638
-0.0074153454,-8.7485e-05
-0.0106110275,0.0054437313
-0.010521001,0.006950173
-0.0071442616,0.0044642617
-0.001786034,-0.0002883521
0.0037923504,-0.0052616266
0.007944885,-0.008752128
0.009452905,-0.009098123
0.008227681,-0.005786146
0.005357777,0.00018215744
0.0026261027,0.0073442664
0.0016629028,0.014354557
0.00352376,0.019611578
0.008064322,0.022045353
0.013932299,0.021649022
0.01903983,0.019224824
0.021224752,0.016047902
0.01904016,0.013509745
0.012501027,0.012607581
0.0030911996,0.013691325
-0.0071287365,0.01685619
-0.015965944,0.021696916
-0.02103837,0.026902648
-0.02083086,0.030576473
-0.015610406,0.031429395
-0.007254694,0.029292814
0.0017996654,0.024689108
0.009369458,0.01827183
0.0138808,0.010801352
0.0146614835,0.003272519
0.012125894,-0.0032032582
0.0075599267,-0.0077555715
0.0025729777,-0.0099178
-0.0013246785,-0.0096460115
-0.0030606298,-0.0073359204
-0.0022806209,-0.0037252742
0.0006512503,0.00038311593
0.005082814,0.004451126
0.010210025,0.008146109
0.015028024,0.01141381
0.018534277,0.014426207
0.019962635,0.017345725
0.018802049,0.020094078
0.0149597945,0.022189079
0.0088158995,0.022778485
0.0012886962,0.020955963
-0.006264887,0.0161438
-0.012231791,0.008401109
-0.015169608,-0.0015848753
-0.013988265,-0.01262385
-0.008215303,-0.023204258
0.0016744761,-0.03176817
0.0140666375,-0.037105244
0.026282234,-0.038523644
0.034813818,-0.035843495
0.036155988,-0.029784232
0.028792243,-0.022622503
0.014475181,-0.017239518
-0.0033069325,-0.014874174
-0.022360114,-0.014226352
-0.04043815,-0.012771272
-0.05263945,-0.008835934
-0.054175127,-0.0022188863
-0.045320645,0.00637047
-0.031248987,0.016410865
-0.0164096,0.02669935
-0.0031687047,0.034847453
0.006019559,0.03780772
0.008706933,0.033765033
0.005416221,0.02380017
-0.00067876204,0.011113804
-0.006825115,-0.0007688316
-0.011464729,-0.00926884
-0.012460741,-0.012019185
-0.009028603,-0.008138052
-0.0028576024,0.0006280186
0.0037323951,0.011416831
0.009548658,0.02127436
0.012158354,0.026720805
0.0097734,0.025583105
0.0031570448,0.018454641
-0.0052725077,0.008260971
-0.013876817,-0.0015978616
-0.021337401,-0.008582737
-0.02534524,-0.01034925
-0.02440386,-0.0065116263
-0.019203262,0.0013160656
-0.011446481,0.0104557425
-0.0023842764,0.018414717
0.0069018775,0.022922985
0.014750129,0.022756176
0.019609489,0.018655501
0.020710483,0.012805965
0.018024167,0.0075911693
0.011983636,0.0045996844
0.0033231964,0.004151981
-0.0069517638,0.005430432
-0.017864367,0.00691215
-0.027713664,0.0065415595
-0.03457222,0.0024223253
-0.03672592,-0.00575953
-0.03335775,-0.01632549
-0.024990452,-0.026417723
-0.013081328,-0.033074457
0.00027577011,-0.03411595
0.01255579,-0.029064637
0.021382377,-0.019652067
0.025398258,-0.009091777
0.024311112,-0.0009717238
0.018914362,0.0016754095
0.011208548,-0.0025031224
0.0036238618,-0.012615892
-0.00300694,-0.026523994
-0.008296634,-0.040788025
-0.011154759,-0.050462637
-0.010322105,-0.050601732
-0.0066051376,-0.040028904
-0.0030049207,-0.02246962
-0.0012080023,-0.0029335509
-7.70665e-06,0.015353417
0.0019968955,0.030955194
0.005305969,0.03927114
0.009614881,0.03783523
0.0153838275,0.028393868
0.022900596,0.014930927
0.03172535,0.0003260612
0.04003365,-0.013800099
0.045274377,-0.02515731
0.04504516,-0.030807344
0.038834237,-0.029843304
0.02799684,-0.02441852
0.015026238,-0.017470133
0.0022939157,-0.010576149
-0.008321481,-0.0040499535
-0.015525575,0.0022600638
-0.017897803,0.007734734
-0.015152624,0.011490143
-0.0085309455,0.013035738
3.7424445e-05,0.011928735
0.008739954,0.008086256
0.016107902,0.0014305508
0.020919617,-0.007522142
0.022557087,-0.017432423
0.021267775,-0.026335748
0.018036967,-0.032198194
0.014208618,-0.033445448
0.011023626,-0.029780118
0.009081576,-0.022283215
0.0083739525,-0.012846921
0.008597224,-0.0034549227
0.009431883,0.004299352
0.010286445,0.009192002
0.010565287,0.010317998
0.010077337,0.007714257
0.009243475,0.0022934396
0.008725153,-0.0046893265
0.009062522,-0.012068881
0.010650011,-0.018727688
0.01370204,-0.02361961
0.017973827,-0.02598135
0.022712518,-0.025449619
0.026757618,-0.022061907
0.02885206,-0.016233185
0.028046649,-0.00878812
0.024092937,-0.00085814536
0.01756599,0.0063606384
0.009618891,0.011947174
0.0015601714,0.015369327
-0.005420613,0.016340107
-0.010316403,0.014900339
-0.012608574,0.011733566
-0.012540334,0.008115368
-0.011067945,0.0054843286
-0.009502287,0.004963531
-0.009053852,0.0070731435
-0.010435485,0.011641738
-0.013627705,0.017833073
-0.017826553,0.024196466
-0.021553911,0.028816747
-0.02297658,0.029779084
-0.020510485,0.026173655
-0.013548742,0.018969646
-0.002809753,0.010437091
0.010121238,0.0025422312
0.024002252,-0.0044354266
0.03642363,-0.0098366365
0.044061936,-0.012391768
0.044143416,-0.011584109
0.03630377,-0.008778935
0.022854168,-0.0065405536
0.007144259,-0.0065869372
-0.0082439305,-0.008935644
-0.02226913,-0.012614458
-0.032494143,-0.016437994
-0.03642283,-0.01908437
-0.03341318,-0.019261515
-0.025586324,-0.016285207
-0.0163211,-0.010456027
-0.008493121,-0.0030381868
-0.003770182,0.004350153
-0.002712944,0.01042266
-0.0052567874,0.014272665
-0.010342701,0.015585593
-0.016059859,0.015031879
-0.02027839,0.013837879
-0.021180118,0.013332266
-0.017922336,0.014619333
-0.011129782,0.0183011
-0.002386271,0.024243772
0.006558723,0.03147168
0.013655176,0.03831981
0.016572602,0.042989463
0.013928624,0.0441666
0.006577993,0.041708123
-0.0028167907,0.03665571
-0.011424876,0.030607417
-0.016995994,0.024981577
-0.01801631,0.020702919
-0.01429287,0.018206106
-0.0072599156,0.017356787
0.00071271864,0.0173448
0.007125806,0.016802086
0.009594603,0.014378794
0.006759673,0.009372623
-0.00069408375,0.0019271068
-0.0111003425,-0.0072035114
-0.022849847,-0.017245727
-0.03297389,-0.026514946
-0.037421864,-0.03346071
-0.033653155,-0.036714505
-0.022876825,-0.03567193
-0.0094008455,-0.030890299
0.0026304668,-0.023856185
0.010345061,-0.016063618
0.011816369,-0.008797207
0.0065827426,-0.0031994462
-0.0036009678,-0.0003643411
-0.016342346,-0.00028205628
-0.029025137,-0.002547463
-0.038090244,-0.007121292
-0.040471848,-0.013534163
-0.035429996,-0.020518608
-0.025149545,-0.026263328
-0.013261674,-0.029443456
-0.0029639055,-0.029433437
0.0034345037,-0.025914092
0.0049253027,-0.019298103
0.002112576,-0.011082105
-0.0028529898,-0.0031170424
-0.0074753473,0.0032454995
-0.009575274,0.007055947
-0.007929572,0.0071580526
-0.003090167,0.0037158586
0.002987043,-0.0019892347
0.007907035,-0.008643804
0.00907059,-0.014429815
0.004867825,-0.017253662
-0.0043067294,-0.016140714
-0.016568651,-0.01159637
-0.029400686,-0.0043059113
-0.03919391,0.004356097
-0.04213907,0.011617866
-0.03650305,0.014670268
-0.024290398,0.013320809
-0.009462631,0.009527448
0.0042643477,0.0051620416
0.014251751,0.0012197094
0.017634114,-0.0007338774
0.012920124,0.000653185
0.0018532018,0.0046418356
-0.012759887,0.009824709
-0.028528603,0.015091252
-0.042109296,0.01782425
-0.050041787,0.0145664625
-0.050588705,0.004015879
-0.045240343,-0.011355875
-0.037520375,-0.028272802
-0.030413793,-0.04465336
-0.025507627,-0.057842467
-0.022573791,-0.06388215
-0.020621788,-0.060396478
-0.01923642,-0.050108567
-0.01806125,-0.037663277
-0.015741942,-0.026219605
-0.011042025,-0.017273178
-0.003725519,-0.0112414695
0.0054317485,-0.0076395962
0.015238918,-0.005147065
0.024032181,-0.0019415751
0.029924812,0.0035791784
0.031606913,0.012106247
0.028844796,0.022849148
0.022271292,0.03413316
0.012830892,0.043751556
0.0015518599,0.04931904
-0.01019767,0.04912387
-0.020642731,0.043434296
-0.028326135,0.034563914
-0.032519877,0.025601482
-0.033003855,0.019270826
-0.029925484,0.017295038
-0.024097769,0.020007098
-0.016770685,0.02625771
-0.009079414,0.03376244
-0.0022532342,0.039471835
0.001985942,0.040344004
0.0022822798,0.0348401
-0.0010634557,0.023900738
-0.006495728,0.010122529
-0.012954741,-0.0038017998
-0.01972001,-0.016223557
-0.024830932,-0.024953285
-0.025906358,-0.028404398
-0.022312518,-0.026698034
-0.015738282,-0.021487204
-0.00857746,-0.014958331
-0.002744371,-0.009001881
0.0005226368,-0.0047068177
0.00063985394,-0.0023115645
-0.0021748005,-0.0013336915
-0.0068728602,-0.0008675588
-0.011871458,-1.54203e-05
-0.015386394,0.0016707531
-0.016074976,0.0040153195
-0.013612643,0.0063541327
-0.008829336,0.007919432
-0.0033278726,0.008168277
0.0011421331,0.0069449423
0.003144917,0.0046195835
0.0018990774,0.0020834564
-0.002420268,0.0004906564
-0.008928463,0.0009184986
-0.016145872,0.0041765776
-0.022223165,0.010377582
-0.025520964,0.018770337
-0.025114859,0.027919445
-0.020951314,0.036016777
-0.013804437,0.04134891
-0.0049323444,0.04274665
0.004383868,0.039909706
0.013283789,0.03343931
0.021433622,0.024446074
0.028806884,0.014095469
0.035306983,0.0034312624
0.04048892,-0.006418891
0.043570697,-0.014014541
0.043725103,-0.017852372
0.04052529,-0.017134532
0.034254264,-0.012426327
0.025888646,-0.005346404
0.016801782,0.0023160211
0.008408052,0.009148679
0.0017742795,0.014044012
-0.0024454354,0.015751358
-0.0039863074,0.0135287335
-0.003260693,0.007850739
-0.0012129938,0.00021013105
0.00090583717,-0.00783386
0.002024758,-0.015015615
0.0016793868,-0.019654334
0.00011910331,-0.020809025
-0.001962055,-0.0187289
-0.003673344,-0.014658891
-0.0042881467,-0.010221296
-0.003456374,-0.0068435394
-0.0013047319,-0.005467576
0.0015409959,-0.006233238
0.0042698705,-0.008638998
0.0060534645,-0.011462352
0.006466339,-0.013251908
0.0056131994,-0.012864494
0.0040822616,-0.009978229
0.0026550686,-0.005187295
0.002016379,0.00024799947
0.0025727937,0.004916019
0.0042169285,0.0074167782
0.0063552437,0.006681698
0.008191481,0.0025938286
0.009197901,-0.0040909536
0.009105669,-0.012160976
0.00800888,-0.01997257
0.0065769223,-0.025638098
0.005873328,-0.027528962
0.006787863,-0.024860056
0.00952122,-0.01793684
0.01368228,-0.007857319
0.01888443,0.0041370755
0.024746956,0.017129933
0.030462379,0.029892353
0.034781016,0.04075736
0.036292743,0.047772255
0.034125667,0.049273867
0.028945277,0.0448552
0.022667056,0.03574798
0.01683713,0.02410799
0.0118807135,0.012132298
0.0075129294,0.0017123801
0.0032732296,-0.0057137674
-0.0010289071,-0.009176313
-0.004985322,-0.00815262
-0.007983545,-0.0034504102
-0.009531986,0.0031535947
-0.009189449,0.009501916
-0.006811112,0.01329584
-0.0028915736,0.012819693
0.0015640175,0.0077746813
0.005519369,-0.0006881837
0.008120424,-0.011075973
0.00851238,-0.021402108
0.0065461565,-0.028960135
0.0029710198,-0.0316099
-0.0011726947,-0.028932296
-0.00515988,-0.022273224
-0.008798414,-0.013836682
-0.012281743,-0.005631208
-0.016011026,0.0010179873
-0.02040044,0.005392549
-0.025703061,0.0073739565
-0.031621363,0.0075385426
-0.037111163,0.0066963052
-0.04046064,0.0053661563
-0.039784,0.0035051988
-0.034055382,0.00070742215
-0.02391821,-0.0033461277
-0.011368595,-0.008771482
0.0012959345,-0.015858958
0.012347355,-0.024537062
0.019436853,-0.032812208
0.020662017,-0.036822
0.016063644,-0.033381753
0.0075652404,-0.022783939
-0.0022840425,-0.0077026268
-0.0112666385,0.009724828
-0.017487211,0.029119842
-0.019129975,0.046174534
-0.017014159,0.05411117
-0.0140294265,0.048676506
-0.012292718,0.03282254
-0.0124974325,0.012498389
-0.016083375,-0.008209726
-0.024831165,-0.027722593
-0.03789238,-0.04214214
-0.050458394,-0.046682548
-0.055638056,-0.040188484
-0.052241556,-0.026827702
-0.043778885,-0.011782374
-0.032829423,0.0012319599
-0.020715186,0.009892312
-0.008816696,0.013324624
0.0013045139,0.012082789
0.008586846,0.008101245
0.012480227,0.0038555963
0.013064112,0.0018443717
0.011124494,0.0035726922
0.0077745323,0.008997527
0.0039892197,0.016803255
0.00042404147,0.024791919
-0.0025033085,0.030093659
-0.0043208953,0.03031295
-0.0042604622,0.02485654
-0.0014838068,0.01544217
0.004286168,0.005114545
0.01285851,-0.0035354532
0.023699757,-0.008871008
0.03534057,-0.008876337
0.04538428,-0.0025932451
0.05089824,0.009315928
0.049477957,0.024608346
0.040227782,0.040006205
0.024490722,0.052368578
0.0052839573,0.05962402
-0.013599856,0.06068327
-0.028027447,0.054812428
-0.03405421,0.042553257
-0.030175196,0.027340278
-0.018772714,0.013394659
-0.0040526167,0.0026138697
0.010118078,-0.005692208
0.022119222,-0.013163328
0.028860124,-0.019061467
0.029087445,-0.022590088
0.024115795,-0.023711272
0.016932344,-0.02307432
0.010539602,-0.021259924
0.007113943,-0.018449137
0.0075585004,-0.014896866
0.011230018,-0.0111575555
0.016619926,-0.007998108
0.02149408,-0.0059318407
0.023644455,-0.005162389
0.02179621,-0.005408069
0.016324673,-0.0060689454
0.008859529,-0.0064073927
0.001402028,-0.005736612
-0.0044075083,-0.0035781234
-0.0074837278,0.000103672704
-0.007539866,0.0047133397
-0.0052427095,0.0091240145
-0.0018613728,0.0122077195
0.0013010908,0.013141644
0.003318345,0.011820403
0.0040370887,0.00897889
0.004010933,0.005958207
0.0041061565,0.0042497036
0.0050901785,0.0050116526
0.007371612,0.008730752
0.010884625,0.015001542
0.015080209,0.022543587
0.019010743,0.029421885
0.021560997,0.03353114
0.022043629,0.033376608
0.020878952,0.028881049
0.019425847,0.021446804
0.018953774,0.013158102
0.019949328,0.005880575
0.022072507,0.0008141439
0.024325984,-0.001577608
0.025322003,-0.0016808249
0.023813233,-0.00071067805
0.019356051,-0.00021972589
0.012681854,-0.0013667793
0.00549666,-0.004316264
-0.00025134755,-0.008159443
-0.002881266,-0.011271492
-0.0009754419,-0.011753298
0.0054529277,-0.008432854
0.014925244,-0.0015746976
0.02550702,0.0074242232
0.034357093,0.016178558
0.037429318,0.021560678
0.031667277,0.02074832
0.018682377,0.012877771
0.0033510374,-0.00027436184
-0.011690082,-0.01563542
-0.026485145,-0.030882183
-0.036343265,-0.04127073
-0.034892503,-0.042694103
-0.022143584,-0.03442932
-0.005070703,-0.020175597
0.011868858,-0.004847837
0.029325947,0.007959217
0.045592953,0.0153720295
0.0556214,0.014827334
0.056087177,0.0074964575
0.049973767,-0.0030602338
0.04128973,-0.013082349
0.032226548,-0.019131374
0.023722231,-0.018861655
0.016241455,-0.012293952
0.009527975,-0.0020773672
0.0031374989,0.008452302
-0.0037365658,0.016568827
-0.011400129,0.019494383
-0.019590087,0.016179256
-0.027225828,0.008317203
-0.033104163,-0.00087381544
-0.035515845,-0.008012676
-0.03273374,-0.010329143
-0.024958346,-0.0069071422
-0.014647281,0.0005405955
-0.0043109884,0.008731121
0.0049299705,0.014101201
0.011309546,0.0133014405
0.012926044,0.00490079
0.010159665,-0.009545735
0.003931196,-0.027686935
-0.005458897,-0.046146587
-0.015849933,-0.059679728
-0.022335127,-0.06255301
-0.02126094,-0.053488962
-0.015642012,-0.037763923
-0.009729968,-0.021217952
-0.0053193606,-0.0077441074
-0.0033118234,0.00039866913
-0.0045024008,0.0023683067
-0.009250889,-0.0010761032
-0.016644025,-0.0075743347
-0.02461357,-0.014068504
-0.029869191,-0.017934343
-0.02901724,-0.017805107
-0.020958459,-0.014216047
-0.0077685188,-0.009126738
0.007338315,-0.0050938483
0.02254174,-0.004239668
0.034285095,-0.007413284
0.037854478,-0.01297763
0.031332005,-0.017465852
0.017092,-0.0184935
-0.0006696103,-0.015274604
-0.01865023,-0.007323879
-0.033974893,0.0062610833
-0.042396262,0.023749148
-0.041200813,0.040076092
-0.031561363,0.049711592
-0.01809828,0.050460912
-0.0056877974,0.043998197
0.0024141842,0.033302918
0.004759965,0.02129307
0.0017987946,0.0104564605
-0.0045464756,0.0024648977
-0.011680584,-0.0021918232
-0.016147552,-0.0039170645
-0.015022837,-0.00420467
-0.0075951684,-0.0048888503
0.0043555098,-0.0070130187
0.01897679,-0.01144634
0.033715717,-0.018125886
0.045160253,-0.025016524
0.05048279,-0.028534105
0.04926411,-0.026123723
0.043901864,-0.018501928
0.038042106,-0.008404766
0.034662705,0.0019816896
0.035351377,0.0110841505
0.03995063,0.017384144
0.04652555,0.01961055
0.051571593,0.017527947
0.051697597,0.012341812
0.045530017,0.005809827
0.034377325,-0.0008368066
0.02102196,-0.0071426914
0.008291084,-0.0131209055
-0.0017157918,-0.018946297
-0.007166001,-0.024595108
-0.0066434736,-0.029787576
-0.0007098999,-0.03391526
0.008314854,-0.036120623
0.017300885,-0.035451517
0.023075119,-0.030926371
0.023357509,-0.022507992
0.017889699,-0.011937238
0.008516916,-0.0017464386
-0.0018670367,0.006467815
-0.011241599,0.012510714
-0.017561255,0.01539716
-0.01934244,0.014480948
-0.016792687,0.010674369
-0.01153073,0.005725366
-0.0057128007,0.001008725
-0.0012731706,-0.0029275604
0.000683415,-0.0063584615
-4.4666565e-05,-0.009822407
-0.0027920566,-0.014047307
-0.0063183517,-0.019603567
-0.009235467,-0.026428316
-0.010368336,-0.033673324
-0.009025547,-0.039661188
-0.005226204,-0.042248897
0.00014256562,-0.039655697
0.005458422,-0.03156178
0.0091489,-0.019387526
0.010578035,-0.0055844304
0.010302953,0.0076473625
0.00897309,0.01890272
0.0068749995,0.026232822
0.004248187,0.028088035
0.0014748537,0.024476193
-0.0011333922,0.01692801
-0.0036584847,0.007540464
-0.0066949306,-0.0018789126
-0.011046531,-0.010389821
-0.016851116,-0.017149732
-0.023606556,-0.021519216
-0.030331766,-0.023329785
-0.035779618,-0.022713546
-0.03871142,-0.020035945
-0.038364083,-0.015805911
-0.03480262,-0.010600022
-0.028905261,-0.0050337375
-0.021990784,0.00022312158
-0.015353609,0.004496486
-0.010121832,0.0071760183
-0.0071329586,0.007923218
-0.0068061813,0.0068434724
-0.008969659,0.0045789448
-0.012868568,0.0021493663
-0.01728222,0.0006569522
-0.0206735,0.0009384723
-0.021587472,0.003271391
-0.019266061,0.007245189
-0.0139336465,0.011969084
-0.00657156,0.016433733
0.0014993332,0.019733023
0.0087084295,0.021234073
0.013412909,0.020860001
0.014544341,0.019160695
0.012158755,0.016958926
0.007375346,0.0148941865
0.001857806,0.0131733855
-0.0027067917,0.0115201725
-0.0049394267,0.009272635
-0.004115113,0.0057844813
-0.0004897957,0.00095787866
0.0047989856,-0.004672261
0.01039542,-0.0104331095
0.0146083925,-0.014643886
0.016214518,-0.015428557
0.014898699,-0.011881319
0.011414804,-0.0047731283
0.0073049925,0.0039557354
0.004350883,0.012290245
0.0038921272,0.017899897
0.006473564,0.018367872
0.011639801,0.013040236
0.018294325,0.0032542942
0.02480568,-0.009084648
0.028907541,-0.021487998
0.028586993,-0.030338641
0.023259731,-0.03249688
0.014120016,-0.02804464
0.0031984865,-0.0200459
-0.0074530635,-0.011802288
-0.01608096,-0.0054535544
-0.020971147,-0.002753205
-0.02098069,-0.0048636394
-0.016492171,-0.010930005
-0.009081692,-0.018683545
-0.0006038477,-0.025712501
0.0072153425,-0.029524053
0.01283322,-0.028184948
0.015256619,-0.02171919
0.014544419,-0.012454311
0.011920698,-0.0033986005
0.00918665,0.0031563477
0.008049885,0.00590775
0.009797167,0.0045139166
0.015104706,-8.023333e-05
0.023795199,-0.006201628
0.034809113,-0.011930757
0.04619613,-0.015195224
0.055080134,-0.014066481
0.058111243,-0.0075001866
0.05312643,0.003339434
0.040836323,0.015189274
0.024153508,0.02534328
0.0062307627,0.03322714
-0.0105737075,0.03918288
-0.023667013,0.042607002
-0.029897455,0.04197342
-0.02740687,0.036752477
-0.017453773,0.028906187
-0.003454528,0.020741055
0.011147141,0.012950506
0.023732364,0.0048876912
0.031229211,-0.0031386646
0.031176154,-0.00911639
0.024040006,-0.011374165
0.01287644,-0.009805097
0.0013394556,-0.0052289944
-0.007558904,0.0014702451
-0.011354378,0.009235512
-0.008252112,0.015728595
0.0010592886,0.01873413
0.014263021,0.017532205
0.0285739,0.012176591
0.040631946,0.0035496736
0.04696296,-0.005857999
0.045521624,-0.012336661
0.037321713,-0.013547812
0.025637357,-0.0099864295
0.013775859,-0.0037069768
0.004189154,0.003296401
-0.0016137947,0.009414631
-0.0030829096,0.012412762
-0.0006667315,0.010675772
0.0039909836,0.0046186186
0.009319541,-0.004058756
0.013750974,-0.013879872
0.016121868,-0.02267006
0.016252737,-0.028324785
0.014858789,-0.030029872
0.012967974,-0.02879963
0.011505275,-0.026583437
0.010973761,-0.025259854
0.011400064,-0.025905835
0.012314091,-0.028465807
0.013012654,-0.03169209
0.012800114,-0.03331955
0.011337741,-0.030988002
0.008636506,-0.023626253
0.004893085,-0.012179636
0.0004926123,0.0010580753
-0.003771304,0.0142842205
-0.007733947,0.025502503
-0.011153029,0.030953504
-0.0142790545,0.028465528
-0.016606089,0.019006778
-0.017782563,0.00565876
-0.01801259,-0.008413929
-0.017471278,-0.02087597
-0.015663994,-0.029336896
-0.012308725,-0.032111038
-0.008244915,-0.029745726
-0.004919807,-0.024404652
-0.003569914,-0.01880957
-0.0048229126,-0.014983263
-0.008764508,-0.013809251
-0.01496924,-0.01484902
-0.022377165,-0.016594432
-0.029120496,-0.01693439
-0.0328617,-0.014043165
-0.03194357,-0.0073103947
-0.026329963,0.0025168099
-0.01732514,0.013710294
-0.0062380293,0.02423179
0.00569148,0.031541318
0.01610106,0.033007715
0.022269998,0.027602006
0.023194237,0.016750606
0.019997083,0.003229126
0.01438363,-0.010385504
0.0075677014,-0.02210274
0.0010649096,-0.029820504
-0.0029282388,-0.032109212
-0.002933239,-0.029377164
0.00091586943,-0.023578487
0.007494015,-0.017107962
0.015566019,-0.011962176
0.023777034,-0.009309739
0.030286703,-0.009391121
0.033311795,-0.011420988
0.032044884,-0.013967385
0.026978407,-0.015744684
0.01950661,-0.016067186
0.01141811,-0.01494131
0.0044412413,-0.012921967
-3.651416e-05,-0.010899314
-0.0011463932,-0.00985613
0.0012422502,-0.01058186
0.0064532785,-0.013382044
0.013144768,-0.017972382
0.019468902,-0.023327442
0.023420613,-0.027642261
0.023449536,-0.02885167
0.019121315,-0.025837276
0.011296302,-0.019233996
0.0016462238,-0.010749088
-0.008034892,-0.0019676702
-0.016445791,0.006384565
-0.022130115,0.012878235
-0.024274131,0.015684545
-0.023347586,0.014206417
-0.020715604,0.009330667
-0.018052323,0.0026401344
-0.01679137,-0.0043439004
-0.017681547,-0.010425899
-0.020528836,-0.014614836
-0.024288889,-0.016368527
-0.027444897,-0.01585278
-0.028604416,-0.013797903
-0.027055426,-0.011222944
-0.023057533,-0.009051497
-0.01768872,-0.007871466
-0.0123754535,-0.007888314
-0.008386338,-0.009020144
-0.006466639,-0.01096917
-0.0066588945,-0.013335343
-0.008287446,-0.01568189
-0.010134169,-0.017655479
-0.010939294,-0.019037303
-0.009952409,-0.019719288
-0.0073414324,-0.0196576
-0.0041841227,-0.018830352
-0.0020559358,-0.01722769
-0.0024412933,-0.014895979
-0.006134663,-0.012015971
-0.01288887,-0.008848894
-0.021413267,-0.0054932055
-0.029370395,-0.0020443976
-0.033735577,0.0010985555
-0.031991318,0.0034381212
-0.023729673,0.005038273
-0.010980237,0.006667154
0.003243072,0.009030025
0.01683672,0.012131732
0.026947191,0.015690332
0.03021457,0.019569837
0.02552132,0.023158563
0.015025427,0.025352953
0.002526848,0.025424534
-0.008349703,0.023162449
-0.014573521,0.018433439
-0.014114448,0.011589983
-0.0071615037,0.0040788054
0.0038009838,-0.0023680779
0.016293364,-0.0074746045
0.027539724,-0.010818914
0.03423195,-0.011143976
0.034323215,-0.007902843
0.02827851,-0.0021087963
0.018584058,0.004431179
0.008243482,0.010456374
-0.00056597416,0.015657738
-0.00657978,0.019550337
-0.009267197,0.021386119
-0.00911362,0.020830585
-0.0074330084,0.018134754
-0.005563202,0.013806729
-0.0043875407,0.008334943
-0.0040434054,0.0022186406
-0.0041026967,-0.0040042526
-0.0037955,-0.009777621
-0.0023841136,-0.0143175125
0.00036504396,-0.016785923
0.0038623614,-0.016503211
0.0068833265,-0.0132714035
0.008077368,-0.0074715847
0.0065698153,-3.34577e-05
0.0024717108,0.0079292795
-0.003360633,0.015547149
-0.0094312765,0.02168271
-0.013835216,0.024996143
-0.014926173,0.024476426
-0.012126767,0.020177599
-0.006272695,0.013244038
0.0007414579,0.0051271403
0.0067598014,-0.00326103
0.009967706,-0.011587227
0.008993336,-0.018736608
0.004069542,-0.023695285
-0.0031275537,-0.026091984
-0.010176298,-0.02595572
-0.014587585,-0.023555852
-0.014632131,-0.019442786
-0.010223633,-0.014399843
-0.0029513233,-0.009220657
0.0049164332,-0.004658362
0.011420669,-0.0012166316
0.014648711,0.0009844796
0.013673278,0.002153932
0.0093901,0.0027542913
0.00399739,0.003400286
-0.00015545406,0.0048581115
-0.0012565837,0.0076978616
0.0015887776,0.011973423
0.007903322,0.017254533
0.016010344,0.022622967
0.023344312,0.02679775
0.027029252,0.02852582
0.025319014,0.027022192
0.019027505,0.022287812
0.011028625,0.015113527
0.004367024,0.006770416
0.001148805,-0.001420991
0.0021268672,-0.00867107
0.007024206,-0.014752955
0.013996536,-0.019550318
0.019886553,-0.0233649
0.02131564,-0.026381303
0.01603821,-0.028748699
0.0041029835,-0.030902492
-0.012685348,-0.033105057
-0.031999685,-0.03432315
-0.050114006,-0.032719515
-0.061093677,-0.027166428
-0.059796482,-0.01867609
-0.048303418,-0.008928712
-0.033096287,0.0012166119
-0.018623685,0.010529407
-0.00701943,0.017533375
0.00033030985,0.020963557
0.0024470822,0.020168515
0.00033148692,0.015825817
-0.003520111,0.00965824
-0.0067248126,0.0035517209
-0.00773782,-0.0010602893
-0.0060860245,-0.0033883734
-0.0027535819,-0.003494271
0.00035223202,-0.0022969837
0.0014611557,-0.0011882745
-0.00033653105,-0.0014718061
-0.0046183574,-0.003960303
-0.009734875,-0.008669828
-0.013138832,-0.014727726
-0.012018702,-0.02067363
-0.0046958183,-0.024918973
0.0083138915,-0.026419044
0.024864547,-0.025207909
0.042030036,-0.021914706
0.055628438,-0.01694427
0.060128476,-0.010190113
0.052466642,-0.0026674143
0.03617021,0.0027450752
0.017458854,0.0047571696
0.0008267322,0.0046201292
-0.011592632,0.00453107
-0.018329062,0.004942066
-0.018074706,0.0057786787
-0.012938117,0.00673076
-0.006385847,0.007427277
-0.0015219386,0.0070505077
-0.00057649397,0.0050304756
-0.0041985014,0.0014130807
-0.011454556,-0.002896381
-0.020293403,-0.006338152
-0.027856234,-0.0072207875
-0.03122942,-0.004394279
-0.0293787,0.0021903617
-0.023622785,0.011414654
-0.016239153,0.021378819
-0.009131721,0.029628444
-0.004071852,0.03326944
-0.0022239692,0.030231047
-0.0028366065,0.02073311
-0.003694999,0.0073568043
-0.0031361484,-0.0065676016
-0.0003771153,-0.018679017
0.005180799,-0.025748283
0.012885149,-0.02501824
0.02046862,-0.016447274
0.025626903,-0.0027952471
0.027259381,0.012293833
0.024904417,0.024952313
0.018645689,0.030953275
0.010247782,0.027282892
0.0031480512,0.014627555
-0.00011808007,-0.003063852
-0.00018680272,-0.022914773
0.0014429861,-0.043026555
0.0038734719,-0.058332555
0.006586731,-0.06265041
0.00849769,-0.05367655
0.007585089,-0.036768436
0.0036242972,-0.018753612
-0.0012555765,-0.0035522564
-0.0046264785,0.0072144005
-0.005404273,0.0125830695
-0.0033136948,0.011600398
0.0005509058,0.0063542407
0.0044601937,-0.00013254394
0.006447954,-0.0054778894
0.0050660484,-0.007564214
0.00014840605,-0.005566567
-0.0070366445,-0.0005002008
-0.014572009,0.0060484563
-0.01989775,0.012036321
-0.020841539,0.015039432
-0.016753457,0.013872808
-0.009011462,0.009529076
-0.000199743,0.004142304
0.007178665,-0.0004380711
0.011166398,-0.0027975568
0.01042942,-0.0016859898
0.005551897,0.0024395676
-0.0014439109,0.00780141
-0.008261736,0.012687881
-0.012681425,0.014880978
-0.013350353,0.012671769
-0.010487655,0.006377067
-0.005785472,-0.0018364451
-0.0015262127,-0.009702145
0.00049819215,-0.0149725
-0.00061305,-0.0152316205
-0.0042231246,-0.009817274
-0.008650084,-0.00031966914
-0.01168242,0.011300914
-0.010836468,0.022527637
-0.004836144,0.029841313
0.0053405724,0.030812273
0.017070524,0.025655443
0.027345305,0.016185123
0.03307034,0.004846594
0.03180612,-0.005292141
0.02331918,-0.011480553
0.010041133,-0.012961414
-0.0046761576,-0.010807096
-0.018162195,-0.0062315003
-0.027420523,-0.0007309325
-0.029752985,0.003080062
-0.02494909,0.0032722084
-0.015400531,2.7480497e-05
-0.0043796785,-0.0053257174
0.0055098226,-0.011876439
0.012477243,-0.01853469
0.015082681,-0.023402434
0.013381869,-0.025062455
0.0086515825,-0.023539403
0.0025710564,-0.019696638
-0.003419967,-0.014482734
-0.008438005,-0.008519778
-0.012090085,-0.002144744
-0.014301119,0.0044251564
-0.015013084,0.010776712
-0.014122052,0.01632699
-0.011354425,0.02017215
-0.0065564527,0.021348365
9.8037344e-05,0.019376308
0.007983696,0.014586542
0.016083514,0.007978188
0.022942888,0.00096774317
0.026747394,-0.0042786766
0.0261175,-0.0052249096
0.0210575,-0.0005766625
0.0130972285,0.008879221
0.0045804577,0.021660395
-0.0022734045,0.035998292
-0.0053234934,0.048061877
-0.0037730471,0.052199993
0.001365531,0.045382682
0.008574046,0.030637085
0.016321376,0.012887625
0.022775233,-0.0049603675
0.025843477,-0.02078027
0.024396745,-0.0303462
0.019543415,-0.030465644
0.013528133,-0.022572089
0.008160314,-0.010899948
0.0045494903,0.00071526965
0.003084115,0.009855037
0.0026590917,0.01450686
0.0012476641,0.013972328
-0.0029591597,0.010019968
-0.010609872,0.0056973095
-0.021733502,0.003787958
-0.034809824,0.0066134525
-0.04618846,0.014879834
-0.050811507,0.026356187
-0.044919834,0.03574452
-0.02904401,0.038515966
-0.007371915,0.03427694
0.016305879,0.024691055
0.03967487,0.009726821
0.05895243,-0.01101892
0.06763128,-0.03346142
0.060682423,-0.046990152
0.04224602,-0.045826174
0.02061702,-0.03697206
0.00032852043,-0.025671897
-0.01597494,-0.013529818
-0.026559731,-0.0014277075
-0.029619614,0.007918897
-0.025869694,0.012053475
-0.018508045,0.011203757
-0.01099047,0.0070861564
-0.005842935,0.0014778174
-0.004233566,-0.0043451465
-0.0058848714,-0.009787512
-0.009155816,-0.014734574
-0.011589045,-0.019577708
-0.010849847,-0.024791406
-0.005581716,-0.030291494
0.004297438,-0.035337783
0.017577212,-0.03894068
0.031960536,-0.039651416
0.044367347,-0.03534522
0.051228628,-0.024959471
0.049961694,-0.010180946
0.040732205,0.0046179867
0.025926456,0.015489761
0.008610745,0.02046314
-0.008716322,0.019443292
-0.024455242,0.013414285
-0.03715482,0.0040493147
-0.045127142,-0.0060968865
-0.046762403,-0.014070613
-0.041716028,-0.017413229
-0.032131024,-0.01536258
-0.021408826,-0.009467592
-0.011986283,-0.0026674888
-0.0049607875,0.002168474
-0.0007513188,0.0031350863
0.0005024864,-0.00030296648
-0.0007737948,-0.0071436153
-0.003733351,-0.015097248
-0.00704626,-0.0212556
-0.008835567,-0.022855038
-0.0077925273,-0.018840414
-0.00394749,-0.010432764
0.0016505748,-0.00045056493
0.008332755,0.008223307
0.015100244,0.013095875
0.019944513,0.01202915
0.021549568,0.0054699113
0.02037513,-0.004248936
0.017443702,-0.014093609
0.01403683,-0.0209014
0.011756049,-0.022019692
0.011971562,-0.016756775
0.014930821,-0.0070187342
0.020361142,0.004209114
0.027518606,0.01393982
0.03440735,0.019006895
0.0382395,0.017351205
0.03776251,0.009469356
0.034191974,-0.0020559463
0.029441372,-0.014161693
0.024983296,-0.023926668
0.02217443,-0.028671818
0.022145323,-0.02702388
0.024944965,-0.0198686
0.029566571,-0.009795889
0.034565408,0.00042619187
0.03793908,0.008337921
0.03744434,0.011985613
0.032277063,0.010532883
0.02406992,0.004634472
0.015470736,-0.0040404988
0.008343421,-0.013731971
0.0034210132,-0.02301106
0.0013099739,-0.030363504
0.0019615744,-0.034566373
0.004079835,-0.03501439
0.00560271,-0.03179185
0.0046493667,-0.025539342
0.00039822812,-0.01729155
-0.0065593855,-0.0081634335
-0.014696244,0.0012957657
-0.021951959,0.011056839
-0.025710369,0.020086264
-0.024233554,0.0266939
-0.017758433,0.029739944
-0.00834371,0.029348943
0.0012094374,0.026339548
0.008092725,0.02152997
0.010068556,0.015761757
0.006325197,0.0100317625
-0.0019915858,0.005138261
-0.0129844835,0.0016237635
-0.024354441,-0.00027277105
-0.033062093,-0.00069917424
-0.036452755,-0.00046122086
-0.03406635,-0.00018812419
-0.027804472,-6.237619e-05
-0.020673946,-5.2129086e-05
-0.015272547,-0.00030225664
-0.013175547,-0.0011278766
-0.014671775,-0.0028241633
-0.018784108,-0.0054980437
-0.023402328,-0.009107816
-0.0258946,-0.013389434
-0.024041427,-0.017704235
-0.017169306,-0.020986913
-0.006554938,-0.022143109
0.0053617572,-0.020620612
0.016055405,-0.016466284
0.023267286,-0.010180987
0.025394756,-0.0029824206
0.02235517,0.003150226
0.01581683,0.00625764
0.008381148,0.0053352215
0.002483166,0.0007321987
-0.00046699928,-0.0060218284
-0.00044996082,-0.0129917655
0.001872677,-0.017641455
0.0050063203,-0.017670404
0.0071559297,-0.0122922985
0.007035051,-0.0028868122
0.0046745026,0.007861655
0.0010590333,0.017319178
-0.0024452806,0.022206945
-0.004301221,0.019783763
-0.0032929026,0.010212996
0.00074702513,-0.0033730355
0.006511309,-0.018342199
0.012101452,-0.031913444
0.01550843,-0.039144497
0.015287935,-0.036127787
0.010776792,-0.024391452
0.002576181,-0.009227775
-0.0074591297,0.0048624184
-0.01760016,0.016371155
-0.025840882,0.022079203
-0.030457616,0.019489298
-0.030816121,0.010196664
-0.027682554,-0.0013650203
-0.022528453,-0.0110108815
-0.016579667,-0.015625186
-0.010612319,-0.013530941
-0.005285746,-0.005628499
-0.0007884337,0.0049546664
0.0038789178,0.0151407765
0.009311138,0.021399708
0.014863576,0.020653334
0.019725315,0.012569201
0.023511125,-0.00070880033
0.025745742,-0.016596051
0.025549661,-0.032085318
0.02266052,-0.043276213
0.018161345,-0.04699278
0.013774257,-0.04324118
0.010503991,-0.03504582
0.008685238,-0.025990969
0.008265272,-0.018662827
0.008842357,-0.01442751
0.009656458,-0.013495615
0.009868455,-0.015052928
0.009042055,-0.01759563
0.007440756,-0.019508602
0.005840469,-0.019754976
0.005202215,-0.018202094
0.00625635,-0.015543498
0.009095426,-0.01294396
0.01307617,-0.011465824
0.016899899,-0.011626523
0.018919265,-0.0131770745
0.01776519,-0.015173129
0.013033697,-0.016456062
0.0055165594,-0.016215438
-0.0031721839,-0.014221289
-0.011216941,-0.010673473
-0.016896155,-0.006125276
-0.019011822,-0.0015514053
-0.017593523,0.0021032349
-0.013954937,0.004494109
-0.01003769,0.0059259688
-0.0076425704,0.007057457
-0.007874545,0.008609151
-0.0108232405,0.011118126
-0.015505658,0.014701743
-0.02013333,0.018884953
-0.022677422,0.022613024
-0.021662638,0.024648268
-0.016879516,0.02433675
-0.009462931,0.022040553
-0.0012508684,0.018720178
0.005980831,0.015282651
0.010940274,0.012354098
0.013061332,0.010317492
0.012776357,0.009184569
0.011340812,0.008549973
0.010181352,0.007859846
0.010248113,0.006727506
0.011617791,0.0051470227
0.013417732,0.0035521886
0.014116209,0.0026777345
0.012159657,0.0032138322
0.0067541553,0.0053274464
-0.00169225,0.008525627
-0.0120274285,0.012023275
-0.022359421,0.014610272
-0.030070892,0.0147035755
-0.032729693,0.011206381
-0.029353345,0.004850527
-0.020969247,-0.0019110482
-0.009909636,-0.0063922447
0.0013527548,-0.0068693813
0.01115695,-0.002765838
0.018668124,0.0057352786
0.023679767,0.017069915
0.026616748,0.028395278
0.027886886,0.036129575
0.027528407,0.03703546
0.025873063,0.030123437
0.023838587,0.017642101
0.0218136,0.0032706857
0.019167721,-0.009830487
0.015129707,-0.019019118
0.010055195,-0.022062803
0.005328129,-0.018935662
0.0023801227,-0.012142984
0.0021841535,-0.0050141355
0.0051126727,-0.00037955277
0.010711426,-0.00010175173
0.017393332,-0.0046864445
0.022795746,-0.012680806
0.02457974,-0.020997852
0.021407122,-0.025874987
0.013676242,-0.02476297
0.0032895543,-0.018074505
-0.007442876,-0.008397132
-0.016690565,0.0017538954
-0.022687307,0.009866952
-0.024307093,0.012586716
-0.0222001,0.008631538
-0.018134339,5.6147863e-05
-0.014169285,-0.009840368
-0.011729358,-0.017893786
-0.010992154,-0.02083832
-0.010998856,-0.016807657
-0.010580669,-0.007088292
-0.008837461,0.0050830757
-0.0046688407,0.016661184
0.0024112046,0.024167636
0.010983903,0.024664402
0.018834138,0.018181125
0.024477853,0.007421845
0.02723801,-0.0040311995
0.027072629,-0.012352243
0.025017139,-0.014277879
0.022945771,-0.00888977
0.022636062,0.0019246185
0.025282642,0.015276467
0.030940225,0.027934272
0.037498455,0.035994567
0.04065079,0.03637715
0.0372666,0.029243022
0.028408328,0.017859973
0.016896056,0.0059996615
0.0049825856,-0.0033625504
-0.005812684,-0.008389223
-0.013502825,-0.008186225
-0.015643433,-0.003255509
-0.012448705,0.003938608
-0.006238507,0.010987021
0.00026739168,0.015837964
0.0040305103,0.01694454
0.0026488765,0.014077063
-0.0040601105,0.008419748
-0.014515931,0.0018126693
-0.026760966,-0.0041477233
-0.037570175,-0.008009834
-0.042971104,-0.009179937
-0.040852312,-0.007877168
-0.032923177,-0.004567174
-0.02314317,0.00020215799
-0.015076273,0.0056564207
-0.010898321,0.011026401
-0.011405515,0.015732778
-0.015996773,0.019249558
-0.02260474,0.021103218
-0.028169291,0.020774655
-0.029729225,0.017856622
-0.025744073,0.012740403
-0.017021386,0.0068803867
-0.0061486913,0.0019291305
0.0038718136,-0.0012072752
0.011090235,-0.0023505683
0.013843736,-0.0010638565
0.011947164,0.0023274766
0.007227351,0.006502253
0.0022923702,0.010159105
-0.00044890097,0.012265571
0.0006766782,0.012113831
0.0058858427,0.009984809
0.014015185,0.00702669
0.023097314,0.0044641253
0.030706262,0.0035833702
0.034632888,0.0053847684
0.033866502,0.009739669
0.029051768,0.015091012
0.021878108,0.019255038
0.01414318,0.020241348
0.0072050113,0.016831877
0.0017951909,0.009194637
-0.0021342894,-0.0009860668
-0.0055773165,-0.011830745
-0.009215249,-0.021624442
-0.012529282,-0.027792899
-0.014110999,-0.028941497
-0.012609751,-0.025481692
-0.007488913,-0.019352192
0.00085307047,-0.013025141
0.011627226,-0.008701239
0.023690805,-0.0077300738
0.034439873,-0.010492593
0.040659808,-0.015837075
0.040130716,-0.021276804
0.033414546,-0.024664732
0.023326192,-0.025273317
0.013332547,-0.023427948
0.0064001055,-0.019827157
0.004492479,-0.015455228
0.008081483,-0.0114576835
0.016099224,-0.008777362
0.026362488,-0.007906588
0.035762977,-0.00865262
0.041083742,-0.009951794
0.040606838,-0.010541242
0.035358906,-0.010071753
0.028380875,-0.009216172
0.022897264,-0.008806972
0.02111514,-0.009428585
0.023783188,-0.0114616705
0.029924653,-0.015013548
0.036815785,-0.019642178
0.0404287,-0.023971811
0.036931682,-0.02605758
0.025123354,-0.025279393
0.0070964405,-0.023343194
-0.014433954,-0.022143012
-0.03823046,-0.021648593
-0.061767843,-0.021470759
-0.08010884,-0.022281902
-0.085757405,-0.025667926
-0.075365916,-0.031214783
-0.056991547,-0.034234982
-0.038904104,-0.032158
-0.025068605,-0.02588676
-0.016501445,-0.017306503
-0.012962463,-0.008923119
-0.012995191,-0.0032977269
-0.0146624725,-0.0024876262
-0.016156778,-0.007641249
-0.016387396,-0.018419223
-0.015236277,-0.03300085
-0.013196676,-0.048257813
-0.010486848,-0.059373684
-0.0064969896,-0.060541175
-0.0015417888,-0.049740817
0.002349781,-0.03151098
0.004522028,-0.0117710335
0.006281432,0.005595581
0.008734765,0.019100018
0.010558599,0.025503112
0.009617518,0.023003856
0.0050601424,0.013852598
-0.0027371363,0.0019717119
-0.014127514,-0.009335667
-0.029411413,-0.017384056
-0.046105802,-0.019580815
-0.05918902,-0.015608861
-0.063387275,-0.007946707
-0.05673339,-0.0006044369
-0.042062227,0.0041495166
-0.023743708,0.006411764
-0.0053797076,0.006838372
0.010950233,0.006252277
0.023744965,0.0055363555
0.030336823,0.0066890377
0.03004055,0.01102251
0.024411257,0.017687079
0.016141403,0.024972966
0.0077117123,0.030833893
0.00058225176,0.03294217
-0.0047292975,0.029495375
-0.008445147,0.02086151
-0.011412809,0.009311453
-0.015165679,-0.0026840987
-0.020972855,-0.013391134
-0.028782178,-0.020819083
-0.036798418,-0.02334592
-0.04222007,-0.020917393
-0.04269129,-0.015110434
-0.03734402,-0.008238967
-0.027052209,-0.002227229
-0.013736922,0.0020099892
0.00035665187,0.004261934
0.013751593,0.0045797112
0.02461839,0.0033911963
0.03033559,0.0018221228
0.029980218,0.0012235104
0.02465963,0.0018548619
0.01684409,0.0034113498
0.009212498,0.00538367
0.00381937,0.00741
0.0018979958,0.009088434
0.0037633018,0.010040519
0.008533473,0.010028311
0.014472487,0.008931415
0.01932313,0.0066735907
0.020890672,0.0033400827
0.017911056,-0.0008476288
0.010701782,-0.0056601116
0.00079823885,-0.010918842
-0.01024602,-0.016234327
-0.020509984,-0.0206783
-0.027353883,-0.023253096
-0.028712725,-0.023251213
-0.024604613,-0.020389047
-0.017204572,-0.014921468
-0.009424675,-0.007657401
-0.003566185,0.00022005283
-0.00074181333,0.0075202375
-0.0011364546,0.013346316
-0.0040207407,0.016579356
-0.007403966,0.016594414
-0.008801358,0.01340415
-0.006264757,0.007835876
0.000768119,0.0013677664
0.011278367,-0.004713715
0.023574162,-0.009835634
0.03416719,-0.012610403
0.038993955,-0.011293523
0.03523397,-0.0052965013
0.023478895,0.0034947514
0.0071955407,0.012434767
-0.010031428,0.020958684
-0.025587086,0.02836502
-0.035359204,0.03172214
-0.036296688,0.027869008
-0.029011125,0.01796126
-0.017552767,0.006119926
-0.0064734826,-0.004903235
0.00069961103,-0.014415372
0.00198862,-0.020780694
-0.0029825054,-0.021837043
-0.011781293,-0.017644329
-0.02087083,-0.00983383
-0.026336094,3.96341e-05
-0.02477689,0.009591932
-0.015395367,0.016454486
-0.00052227866,0.019680707
0.01640854,0.019470239
0.031523958,0.015754744
0.039592724,0.009440875
0.03694747,0.0025937958
0.024942512,-0.0034697067
0.00852608,-0.008983399
-0.008290866,-0.014341766
-0.023069257,-0.019217527
-0.031837247,-0.023348877
-0.03176173,-0.026496781
-0.024117768,-0.027618451
-0.013320077,-0.025698286
-0.0038598531,-0.02038056
0.0012004013,-0.012068003
0.0006427037,-0.0020681263
-0.004395513,0.007553734
-0.01190127,0.015641507
-0.018797396,0.019841183
-0.022001943,0.018094268
-0.019791698,0.010592822
-0.012711201,0.00016077541
-0.0030832945,-0.009945985
0.006546105,-0.017595142
0.013801393,-0.020113965
0.01668576,-0.015433018
0.014891444,-0.0048430674
0.010008972,0.008200192
0.0045087356,0.020997189
0.0004351415,0.030529484
-0.0008083418,0.033040207
0.001092132,0.027003624
0.0055884304,0.014908992
0.0114285825,0.00046944668
0.01686359,-0.014307474
0.019827101,-0.027392205
0.019230263,-0.035618663
0.0154168205,-0.03751582
0.009528186,-0.034523368
0.002781833,-0.029658847
-0.0038008608,-0.025537562
-0.009435323,-0.02356877
-0.013582353,-0.024108192
-0.015819788,-0.02665664
-0.01570993,-0.03009624
-0.012753423,-0.033039793
-0.006746896,-0.034532852
0.0019284016,-0.034427874
0.012299294,-0.03331187
0.022898264,-0.03203894
0.031556237,-0.031052364
0.035453107,-0.029913764
0.032295547,-0.027583843
0.022092335,-0.023663178
0.0072120326,-0.018687574
-0.009324704,-0.013100371
-0.025122326,-0.0064357426
-0.036520705,0.0009946146
-0.039047,0.0065052332
-0.031216089,0.007457639
-0.015971867,0.004132045
0.0020469965,-0.001572806
0.019941323,-0.009519493
0.03454278,-0.018946901
0.040992416,-0.0260787
0.037173,-0.026494617
0.025675192,-0.021087252
0.01114809,-0.013565513
-0.0022994594,-0.006745059
-0.012137297,-0.001886235
-0.01636922,-0.0006649299
-0.014334391,-0.0042988216
-0.007949009,-0.01198534
-6.489643e-05,-0.021836558
0.0066417614,-0.03186155
0.009903024,-0.038868845
0.008782486,-0.03976329
0.0039521167,-0.03406628
-0.0029572465,-0.024392296
-0.010119063,-0.013741363
-0.015929904,-0.0039983317
-0.019228537,0.0037209634
-0.019448752,0.008372887
-0.017065682,0.00979041
-0.0131583465,0.009006946
-0.008865964,0.00744681
-0.00507157,0.0062080785
-0.0023239723,0.0056625023
-0.0009308363,0.0055519077
-0.0010600087,0.005262877
-0.0028123648,0.0041476376
-0.00621554,0.0019168671
-0.011131512,-0.0011592924
-0.017081197,-0.0043974654
-0.023038713,-0.006945709
-0.027390344,-0.008206749
-0.028319443,-0.008189621
-0.024631552,-0.0075771012
-0.016453339,-0.0073365406
-0.0051671006,-0.008280143
0.007421904,-0.011082345
0.01974693,-0.015833937
0.029179875,-0.021170728
0.03299587,-0.024058444
0.029920598,-0.0216518
0.020981394,-0.013713316
0.008636985,-0.0023636636
-0.004402299,0.010388351
-0.016820405,0.024111662
-0.02664464,0.035596613
-0.032348134,0.039746337
-0.03331746,0.03378259
-0.02986849,0.020587847
-0.023097297,0.005549637
-0.014379902,-0.0070359325
-0.004471233,-0.014237026
0.0064679994,-0.013672739
0.01784993,-0.0049022296
0.029534996,0.01010178
0.04168155,0.02846227
0.053407803,0.046083465
0.05971351,0.057002254
0.051951922,0.054685038
0.034821056,0.039479848
0.019796856,0.01761606
0.00990343,-0.005249587
0.0036300418,-0.027205547
0.0012997207,-0.046581257
0.006073866,-0.05808894
0.018390028,-0.058521904
0.034464344,-0.049618173
0.05008293,-0.03601361
0.06186576,-0.021404663
0.0661999,-0.008253271
0.06028171,0.00134752
0.047065422,0.0054091075
0.03261298,0.004449775
0.020861318,0.0011720223
0.013237136,-0.0014871173
0.009828674,-0.0013214335
0.009971678,0.0027795895
0.011923522,0.010918298
0.013521382,0.022412378
0.013036887,0.035897117
0.009754435,0.049521774
0.004405046,0.061045546
-0.0013859159,0.06778486
-0.005308337,0.06713603
-0.00503681,0.05900996
0.0003366656,0.046838935
0.0092675965,0.034246642
0.018840605,0.022811742
0.0259889,0.012723544
0.027860692,0.0044159982
0.023149157,-0.0014516972
0.013394177,-0.005009322
0.001897524,-0.007054184
-0.008282945,-0.0081939
-0.01425773,-0.008675061
-0.013566854,-0.00870669
-0.006371012,-0.008303218
0.004702389,-0.0071697664
0.01697456,-0.0052883266
0.02768746,-0.0023992534
0.034013335,0.0019084342
0.03461672,0.0075910706
0.030712616,0.013631644
0.025134696,0.01888321
0.020635055,0.022331532
0.01895488,0.023219584
0.020336533,0.02116625
0.02349129,0.016501604
0.026114019,0.010051148
0.025622671,0.003030925
0.020334767,-0.0031140149
0.010361673,-0.0072501893
-0.0026148753,-0.0089137945
-0.016865922,-0.0077489517
-0.030016473,-0.0032839207
-0.038915284,0.003884645
-0.041616697,0.012049941
-0.038589384,0.01945061
-0.03217794,0.024925252
-0.025092764,0.0278406
-0.01936739,0.027832955
-0.015942268,0.024914186
-0.014500276,0.019666165
-0.013709146,0.013207583
-0.011993839,0.00693635
-0.00814936,0.0022611106
-0.0018837117,0.0003271011
0.0060200053,0.0016302246
0.014762794,0.005978404
0.02277705,0.012586749
0.02839438,0.02001027
0.030363917,0.026149947
0.028326932,0.028696036
0.023158165,0.025963364
0.016794344,0.017814174
0.010899921,0.00572042
0.005914058,-0.008180616
0.00048025782,-0.022403903
-0.006721383,-0.034571134
-0.01579498,-0.04142524
-0.025594639,-0.040907476
-0.034385674,-0.033414148
-0.04055139,-0.021237811
-0.042528786,-0.007269506
-0.038977567,0.005568887
-0.029837528,0.014675467
-0.016952284,0.018746547
-0.0031213232,0.01799669
0.008844444,0.013376059
0.01649881,0.006086392
0.018029017,-0.0021469833
0.013502185,-0.009411
0.005018038,-0.014602589
-0.004575981,-0.01745695
-0.012476334,-0.018081376
-0.016312188,-0.016965825
-0.015319637,-0.014858904
-0.010921425,-0.012311541
-0.005865636,-0.009494847
-0.0029056405,-0.0063042906
-0.0039035291,-0.0024962714
-0.00930933,0.002132957
-0.018089073,0.0077838455
-0.027783262,0.0141330995
-0.034960013,0.01983433
-0.036385022,0.022563733
-0.030820575,0.02057627
-0.019965926,0.014431263
-0.007160095,0.006044212
0.0042892206,-0.0031312786
0.012309513,-0.012618881
0.014962243,-0.020100346
0.0121295415,-0.022634555
0.0062741777,-0.019302465
0.0005588656,-0.01127846
-0.002292663,-0.0005076105
-0.00047397355,0.011165626
0.006920009,0.021638332
0.018542701,0.027871123
0.030776491,0.027944328
0.03938466,0.021848917
0.041173317,0.0116252005
0.035792794,0.00053809327
0.025396187,-0.008574263
0.012921153,-0.013797301
0.0011600151,-0.014400305
-0.007652242,-0.010652147
-0.01207872,-0.0042574783
-0.012203561,0.0021861924
-0.009540736,0.005913537
-0.0064160735,0.005005236
-0.0049754507,-0.00085152546
-0.006496817,-0.010520542
-0.011260177,-0.02188583
-0.017980222,-0.03155819
-0.023457196,-0.0357813
-0.023965659,-0.032175455
-0.01828929,-0.021470793
-0.008378499,-0.0068241167
0.003562609,0.008162958
0.01771735,0.021153703
0.03178982,0.028436236
0.040707015,0.027084626
0.04122877,0.01781949
0.035323422,0.004048533
0.026311388,-0.010635045
0.016066808,-0.023248821
0.0056434004,-0.03102807
-0.0032455772,-0.031906642
-0.0093004545,-0.026244562
-0.012779534,-0.016737547
-0.014560336,-0.0065776953
-0.015245559,0.0016858259
-0.014929639,0.006280965
-0.013383703,0.0064142235
-0.010179374,0.0028338353
-0.00496689,-0.0025509135
0.002280681,-0.007812695
0.011149625,-0.0116218515
0.020600764,-0.013048723
0.028948477,-0.011865952
0.034176663,-0.008656161
0.034634266,-0.004583762
0.02986271,-0.0011211467
0.021079954,0.00048688767
0.010613034,-0.00025174662
0.00085331145,-0.0029743293
-0.0066693085,-0.006945631
-0.010873076,-0.011604671
-0.010762784,-0.016347619
-0.006742696,-0.020664133
-0.00016390209,-0.024126513
0.00726268,-0.026290588
0.013828749,-0.026445512
0.018110927,-0.023786876
0.019271053,-0.0179121
0.017298039,-0.009396729
0.012906753,0.00039241047
0.0071744933,0.009999992
0.000926022,0.018106492
-0.005255808,0.022883715
-0.010752697,0.022656359
-0.01484826,0.017201321
-0.016930403,0.008114166
-0.01683034,-0.0020653072
-0.014653328,-0.0107945055
-0.010511155,-0.015755657
-0.0049469555,-0.015334211
0.00073289673,-0.009663377
0.0049787303,-0.00071298645
0.0069732345,0.008968477
0.0060548265,0.016869592
0.0017601304,0.020327782
-0.005203172,0.017933011
-0.012971804,0.010347756
-0.019775357,-0.00035797854
-0.02420147,-0.011859192
-0.024802573,-0.02168513
-0.020729046,-0.027523404
-0.012978706,-0.028218104
-0.0041639954,-0.02433112
0.003027065,-0.017695218
0.0068547316,-0.010348468
0.006734692,-0.0038521425
0.0032959068,0.0009567479
-0.0016849146,0.004059277
-0.0060271174,0.006104802
-0.00742339,0.0077033937
-0.0043370253,0.009250877
0.0032008255,0.010856852
0.013962197,0.012184755
0.025715353,0.012391674
0.03502388,0.0108581185
0.038185544,0.007880749
0.033482626,0.004552934
0.022560274,0.0018639938
0.00895398,0.00043968527
-0.0038325738,0.00091344473
-0.013369488,0.0038601083
-0.01663141,0.008497665
-0.012176845,0.012958322
-0.0017436983,0.015717223
0.011653654,0.01609175
0.024592916,0.013406749
0.032728497,0.008018819
0.03246154,0.0019361774
0.023560412,-0.0024861528
0.009283463,-0.00429284
-0.006387656,-0.003502788
-0.020803958,0.00013443897
-0.029797506,0.0057610977
-0.029649956,0.010483943
-0.020505005,0.01203475
-0.005972738,0.010684198
0.0099716885,0.0076580322
0.024301246,0.0035167122
0.032741982,6.0554332e-05
0.031704802,0.000509487
0.021449884,0.0060160407
0.005572463,0.015208237
-0.012741656,0.027824055
-0.031236492,0.043981157
-0.046481904,0.06132675
-0.05470937,0.07178065
-0.053922933,0.06395467
-0.0466677,0.044124193
-0.036528554,0.023801211
-0.027259842,0.006328754
-0.020997025,-0.0077974717
-0.018129729,-0.017479684
-0.017728759,-0.020581651
-0.018144641,-0.016703822
-0.017975803,-0.007597368
-0.016246352,0.0044549936
-0.011970424,0.017324533
-0.0044639516,0.02881809
0.0056693573,0.03663913
0.016560936,0.039007723
0.02597547,0.035325494
0.03234673,0.026427994
0.035220496,0.013915777
0.035038736,-0.00042100306
0.03260697,-0.014602731
0.028394746,-0.026971556
0.022825353,-0.035522766
0.016625844,-0.038416855
0.010408623,-0.03501606
0.0043467516,-0.026436293
-0.0017694826,-0.0149262985
-0.008101524,-0.0027162724
-0.014683799,0.008947665
-0.021301934,0.018794142
-0.02755595,0.0249268
-0.03324476,0.02616417
-0.038184367,0.022756297
-0.042337283,0.01620527
-0.045739025,0.008440118
-0.048319627,0.001084173
-0.049584955,-0.0047873445
-0.048821386,-0.008702005
-0.04534513,-0.010854046
-0.039013825,-0.011747662
-0.03023776,-0.011916781
-0.01991392,-0.01166473
-0.009204848,-0.011015754
0.0005997978,-0.009842964
0.008329311,-0.007901165
0.012765695,-0.0048067262
0.012903385,-0.000637073
0.0086791,0.0038576247
0.001132005,0.0075533395
-0.008263594,0.009668939
-0.018018005,0.009631909
-0.026485167,0.0070832046
-0.032226104,0.0022982345
-0.03451148,-0.0036151872
-0.033615455,-0.009041881
-0.030576056,-0.012458109
-0.026772968,-0.012949218
-0.023415288,-0.010551727
-0.021138702,-0.0062072203
-0.019827174,-0.0013609411
-0.018698268,0.0024545437
-0.016726013,0.0039387615
-0.013111483,0.0024365888
-0.0076725865,-0.0017541895
-0.00094462844,-0.007679286
0.006215437,-0.014343893
0.012570385,-0.020372914
0.016684268,-0.024117315
0.017555485,-0.024372064
0.015043701,-0.021169381
0.009926918,-0.015665578
0.0035829346,-0.009407619
-0.002495816,-0.0036328519
-0.007144619,0.0009958253
-0.009624898,0.004074114
-0.009716344,0.0053415247
-0.007957145,0.0051144687
-0.0052916333,0.004051344
-0.0026958643,0.0027878645
-0.0008509108,0.0017320737
2.3590475e-05,0.00094632036
0.00016909263,0.0001738343
0.00012520613,-0.0010579347
0.00047137638,-0.0032088538
0.0015683866,-0.0065347287
0.0033992985,-0.010900898
0.0055362745,-0.01567658
0.007282343,-0.019737594
0.007914198,-0.021695947
0.0069413246,-0.020416457
0.0042639943,-0.015641712
0.00018904213,-0.008215479
-0.004695598,0.00033672212
-0.009793473,0.008793393
-0.014489585,0.015644409
-0.018381195,0.019078689
-0.021398716,0.018309727
-0.02358582,0.014092582
-0.025021998,0.008304003
-0.025636977,0.0031621216
-0.025025591,0.0005445953
-0.02258448,0.0014359476
-0.018011427,0.0054716123
-0.011469627,0.011010298
-0.003406899,0.015713407
0.005315885,0.01705597
0.01308456,0.013171339
0.018065661,0.003895104
0.019020252,-0.009213176
0.0152488705,-0.023545384
0.0067001544,-0.03549936
-0.00513184,-0.041114185
-0.017180245,-0.038075585
-0.02646232,-0.027445849
-0.03151606,-0.012726383
-0.031915903,0.0021103427
-0.027780622,0.013163477
-0.020314917,0.01708306
-0.011835966,0.012838194
-0.0046157725,0.0024578308
-0.00023701513,-0.011017743
0.00020071742,-0.024887342
-0.0034553437,-0.03484376
-0.009220199,-0.037041202
-0.01461714,-0.03114455
-0.018115962,-0.020179486
-0.019059543,-0.008078878
-0.017145293,0.0018984724
-0.012587479,0.0072366707
-0.006523481,0.006884243
-0.00063164096,0.0017859954
0.0036886246,-0.00573054
0.005301919,-0.013162254
0.0036201626,-0.017601453
-0.0008896036,-0.017152565
-0.0072876923,-0.012110836
-0.014616191,-0.0040882407
-0.021961842,0.005285105
-0.028274126,0.014402528
-0.032561317,0.021667456
-0.034097992,0.02619798
-0.032608774,0.028192336
-0.028152192,0.028704688
-0.021048645,0.02880195
-0.011796168,0.028811596
-0.0010566034,0.028077798
0.010309461,0.025326611
0.021141924,0.019289553
0.029958315,0.009395785
0.035211824,-0.0037589383
0.035631746,-0.01827782
0.030532276,-0.031314705
0.020316396,-0.03977446
0.00670843,-0.041808758
-0.007995239,-0.03786904
-0.021816328,-0.030018782
-0.03308194,-0.020608198
-0.040036045,-0.01199126
-0.0412467,-0.006416667
-0.036560114,-0.0048568365
-0.027353449,-0.006099713
-0.015720362,-0.0076520117
-0.0036374896,-0.007208996
0.007516304,-0.003533874
0.017296651,0.0038527765
0.02540116,0.014384614
0.031717323,0.02605066
0.036032807,0.035844605
0.03774369,0.040501565
0.036497436,0.037856024
0.033438858,0.028485348
0.030294245,0.015199109
0.027662829,0.0010697216
0.024932565,-0.011684459
0.02118774,-0.021212121
0.016066909,-0.025968978
0.0097792875,-0.025716309
0.002881383,-0.02168542
-0.0039798026,-0.01557588
-0.010144789,-0.008656996
-0.014929034,-0.0015171117
-0.017633121,0.0056120493
-0.017859159,0.012406482
-0.015733687,0.018303111
-0.011830965,0.022436153
-0.0069990866,0.023688663
-0.0021248788,0.021086121
0.0021742838,0.0144053865
0.0057270788,0.00454517
0.008738396,-0.006959431
0.0113367215,-0.018404381
0.013725438,-0.026840804
0.016416304,-0.0291014
0.019462496,-0.023753166
0.022278959,-0.012216858
0.0243402,0.0024330416
0.025380794,0.017225342
0.024422128,0.029020838
0.019995281,0.03439957
0.011868944,0.031614866
0.0019940045,0.022190463
-0.0075177443,0.009682411
-0.016200935,-0.0024770831
-0.023806069,-0.012108507
-0.02865523,-0.01701926
-0.029305303,-0.016425585
-0.026189946,-0.011483903
-0.020951167,-0.0045236773
-0.015060363,0.0021242728
-0.009482098,0.006717484
-0.004865255,0.008390746
-0.0016312083,0.0072807595
0.00020467363,0.004316134
0.0010989516,0.0007904294
0.0016896803,-0.0022759747
0.0026250905,-0.0043340684
0.0043917526,-0.0053708428
0.007132728,-0.0058019883
0.010501014,-0.0061569535
0.013707108,-0.006763107
0.015688537,-0.007613862
0.015455313,-0.008362876
0.012381499,-0.008635157
0.0065711583,-0.008308667
-0.001179524,-0.007648583
-0.009719458,-0.0070395134
-0.017576896,-0.0067693065
-0.022797199,-0.0071850484
-0.023692926,-0.008384587
-0.019636016,-0.00984028
-0.011458602,-0.01054805
-0.0010687961,-0.009643925
0.009513784,-0.0069684237
0.01861442,-0.0027309817
0.024429906,0.00245094
0.025780527,0.0074000573
0.02296654,0.010649305
0.017849043,0.01117433
0.01303852,0.00890589
0.010888716,0.0047294623
0.01282039,1.4350581e-05
0.019042296,-0.004009134
0.028566107,-0.0065305675
0.03919898,-0.007193174
0.047695603,-0.0060405177
0.050386693,-0.0033580123
0.045034327,4.375823e-05
0.032813534,0.0027368278
0.017375031,0.0038648406
0.0024193237,0.003968392
-0.009601755,0.004674018
-0.016986294,0.0064719934
-0.017522808,0.008891127
-0.011684893,0.010672884
-0.0019485928,0.010685565
0.008947406,0.0077233776
0.018569298,0.00074662967
0.024620675,-0.010156539
0.025823375,-0.022879403
0.022500906,-0.033765707
0.016395677,-0.038699973
0.009909814,-0.03487318
0.004633819,-0.022860385
0.0005397456,-0.006197161
-0.0028720233,0.011354374
-0.0060509155,0.02743367
-0.0101477085,0.03687142
-0.016617183,0.035300497
-0.024412524,0.02334846
-0.031604264,0.0058367383
-0.037365936,-0.012305367
-0.039765287,-0.026458757
-0.035229087,-0.031353753
-0.023736613,-0.024372708
-0.010922126,-0.008492643
-0.0009617839,0.010833221
0.006784566,0.030824725
0.010980116,0.04722319
0.0081495,0.054388016
-0.0016704976,0.0498532
-0.013354852,0.037342645
-0.022506969,0.022576392
-0.027105745,0.009834941
-0.025886234,0.0015953927
-0.01881935,-0.0009979698
-0.008463467,0.0011175113
0.0018896786,0.00544652
0.010430532,0.009167069
0.015262893,0.010040021
0.015237736,0.007460524
0.011462504,0.0026602836
0.0061460147,-0.0021557333
0.0013904623,-0.0048745573
-0.0011922244,-0.0040471903
-0.0009784863,0.00033880892
0.0015060422,0.006754726
0.0053241537,0.012795579
0.009128438,0.015895145
0.011418784,0.014354986
0.011868345,0.008435428
0.011361135,8.701952e-05
0.011076042,-0.008104648
0.011842405,-0.013599226
0.014221078,-0.0143881915
0.017947793,-0.010273566
0.021798592,-0.0029651204
0.024276212,0.004863732
0.023826817,0.010444311
0.019535672,0.011725896
0.012220019,0.0083851
0.004168807,0.002096732
-0.0024340746,-0.004364829
-0.006347549,-0.008476357
-0.0061068265,-0.008074091
-0.0017422364,-0.0027642553
0.004912578,0.00589289
0.012402059,0.015605034
0.018584386,0.023226865
0.020676536,0.025687171
0.017488139,0.021612193
0.0107408725,0.012203876
0.0032928905,0.00020598512
-0.003249573,-0.011719109
-0.008203657,-0.021630825
-0.010044221,-0.027035818
-0.008426978,-0.027130231
-0.0048547727,-0.022884334
-0.0012953782,-0.016332736
0.00076916296,-0.009427303
0.0007971852,-0.0034254112
-0.00088290754,0.0012991953
-0.0034313381,0.00517067
-0.0059876544,0.0088345315
-0.0076955417,0.012653137
-0.008357887,0.016448418
-0.0083848825,0.019403331
-0.008523077,0.020289037
-0.009394215,0.018012064
-0.011089528,0.01224055
-0.0130554205,0.0036912733
-0.014415989,-0.0062545654
-0.014130045,-0.015995473
-0.011322803,-0.023705596
-0.0059519387,-0.027832605
0.0006164953,-0.027862027
0.0060319435,-0.024520192
0.007933923,-0.019343462
0.004841839,-0.014066702
-0.003185033,-0.010118027
-0.014833244,-0.007951674
-0.02809307,-0.0068140216
-0.039621107,-0.005927258
-0.04528835,-0.0051077353
-0.042401634,-0.0047236676
-0.032126825,-0.0048833555
-0.01845821,-0.005529972
-0.0054539507,-0.0071770353
0.0040096543,-0.010720995
0.007953503,-0.01590404
0.0052873543,-0.021084836
-0.00252528,-0.024148239
-0.012287014,-0.023424648
-0.020178484,-0.017925804
-0.022729991,-0.00806548
-0.01841997,0.0042176126
-0.008021009,0.016443767
0.007056197,0.026346216
0.024807252,0.0312773
0.041531086,0.0292757
0.053120308,0.02079104
0.05758739,0.008892064
0.056023076,-0.0024836771
0.050996393,-0.010306372
0.04488031,-0.013026248
0.0391984,-0.010783508
0.034417573,-0.0052628196
0.030131822,0.0009807476
0.025498377,0.0053182435
0.019751322,0.0057768994
0.012951117,0.0017390723
0.006120138,-0.0058508636
0.00023336723,-0.015288833
-0.0039656316,-0.02444971
-0.0051275073,-0.030763257
-0.002819822,-0.03238723
0.0015757001,-0.028951466
0.0054552234,-0.021663811
0.0063456604,-0.012584268
0.0027796507,-0.0038280156
-0.00518072,0.0030567234
-0.0167695,0.007933539
-0.030059118,0.010791144
-0.04189112,0.011520441
-0.048502773,0.009728835
-0.04725534,0.005269919
-0.03857301,-0.0007227052
-0.025826052,-0.006468434
-0.012877167,-0.011045824
-0.0026618082,-0.01429441
0.0030813925,-0.015650773
0.0035060034,-0.014097618
-0.00062761724,-0.009394257
-0.007275835,-0.002440615
-0.014249935,0.0058669443
-0.019339815,0.014149006
-0.021102307,0.019871203
-0.01962441,0.020679455
-0.016319985,0.015906751
-0.012974409,0.0068017915
-0.011133316,-0.004515627
-0.011752851,-0.016167486
-0.014617402,-0.025718315
-0.018080743,-0.030419983
-0.019826721,-0.02888762
-0.018576672,-0.022146674
-0.014634691,-0.012767738
-0.009141965,-0.0035487325
-0.003498441,0.0033121563
0.0008637488,0.0065015177
0.0023415184,0.00566431
8.009617e-05,0.0018613937
-0.00533563,-0.002853619
-0.012752452,-0.006315139
-0.01998831,-0.006516178
-0.024266625,-0.0025312211
-0.023677345,0.0050417846
-0.018055871,0.014577829
-0.008524378,0.024247516
0.0033720925,0.032248523
0.015318229,0.036776625
0.024144994,0.036876313
0.027146943,0.03308641
0.023845019,0.027248641
0.015973253,0.021465538
0.005977442,0.017471738
-0.004043999,0.016553614
-0.01239498,0.01937975
-0.017288364,0.025697386
-0.017527608,0.034318674
-0.013162396,0.04355372
-0.005275953,0.051583365
0.0041945567,0.05647614
0.012715267,0.056554932
0.017961882,0.051131956
0.01912816,0.041052215
0.017157467,0.028155876
0.013581999,0.014420452
0.0096448865,0.0015957472
0.0060409666,-0.0090247
0.0031322222,-0.016439633
0.0011470123,-0.019460244
-0.00034685107,-0.017992657
-0.002563277,-0.013233912
-0.006832839,-0.0071623004
-0.014098096,-0.0016611282
-0.024617111,0.0020361599
-0.03770153,0.0032008344
-0.0514669,0.0016569666
-0.0625986,-0.0021859834
-0.06623921,-0.0076257475
-0.058480967,-0.013040423
-0.04104099,-0.015468077
-0.019627362,-0.013179159
0.0009464989,-0.0072405445
0.018979227,-0.0003858744
0.03302531,0.0066130096
0.03838324,0.012230802
0.03292879,0.015175794
0.019775202,0.014092782
0.0043197,0.00917075
-0.009292409,0.0019442929
-0.01911226,-0.0061485628
-0.022599345,-0.014057398
-0.018678049,-0.020495582
-0.009400897,-0.024358194
0.0017120073,-0.025468875
0.01144087,-0.024233319
0.017317362,-0.020995772
0.018104274,-0.016211398
0.014586873,-0.01092266
0.008995421,-0.0062300097
0.0038668849,-0.0027872557
0.001020284,-0.00074106484
0.000962285,-5.406486e-05
0.0030413757,-0.0005691797
0.0055631073,-0.0019604852
0.006519155,-0.0035753003
0.0044194963,-0.00463277
-0.0009362367,-0.0045758216
-0.008447656,-0.003272652
-0.016222151,-0.0007356461
-0.021729939,0.002404318
-0.022906037,0.0048532407
-0.019372443,0.0054153944
-0.012739361,0.0036799894
-0.0057476177,-1.3266872e-05
-0.0012032602,-0.004994502
-0.0012087629,-0.010274191
-0.006767054,-0.01415773
-0.01699184,-0.015042241
-0.029379409,-0.011912621
-0.040286236,-0.004591086
-0.045629337,0.005703039
-0.04272319,0.01634739
-0.03216179,0.0248464
-0.017119804,0.030234246
-0.001009087,0.032491144
0.013255452,0.031635467
0.022812724,0.028037928
0.025677709,0.022924917
0.022178788,0.017790552
0.014627653,0.01355675
0.005705828,0.010475993
-0.0026268226,0.008418978
-0.0093984855,0.006998553
-0.014284166,0.005683302
-0.017580552,0.0042188945
-0.019908717,0.0028226175
-0.021630604,0.0020579745
-0.022527069,0.0024982628
-0.02187066,0.004452102
-0.018891307,0.007726022
-0.013428235,0.011567975
-0.006296933,0.014854198
0.0007839976,0.016344052
0.0053168996,0.014926925
0.0046824757,0.01018459
-0.0023717813,0.002673368
-0.015832882,-0.006500909
-0.035585508,-0.016010424
-0.060153164,-0.023544041
-0.08512048,-0.026814159
-0.09782745,-0.02574732
-0.080783814,-0.025325134
-0.05108707,-0.023009475
-0.021568106,-0.016302155
0.00389434,-0.009033147
0.027281886,-0.004066785
0.045773733,-0.00076829095
0.052657623,0.0018175143
0.046591457,0.0045472714
0.033281654,0.0060855225
0.01895388,0.0061896727
0.008158335,0.005583942
0.0031324564,0.0054012965
0.0043297545,0.0061390186
0.010781825,0.007993092
0.02021971,0.010866735
0.029620921,0.014360252
0.036079857,0.017607378
0.037464358,0.019417034
0.03309194,0.019113002
0.025352001,0.01546171
0.016889455,0.008315245
0.009800224,-0.0014260674
0.004221499,-0.012285347
-0.0009292953,-0.022722732
-0.0065161074,-0.03016037
-0.012836102,-0.03200712
-0.01951377,-0.026971335
-0.02566974,-0.015893925
-0.030040968,-0.0006275564
-0.0306719,0.016839974
-0.025420904,0.033995215
-0.013624621,0.047572732
0.002865693,0.05499329
0.020190228,0.05537153
0.03345276,0.0494289
0.03819678,0.039251402
0.03294911,0.02763284
0.02022631,0.016698562
0.004272573,0.0073110494
-0.0116505865,0.00016930471
-0.024996383,-0.004785838
-0.03089687,-0.007790521
-0.026290547,-0.009647119
-0.013179994,-0.010161383
0.0037159293,-0.009283287
0.021274462,-0.0081913695
0.03672804,-0.0074915495
0.045911815,-0.006863707
0.046191223,-0.0060402127
0.03916018,-0.0059356834
0.029273964,-0.0075751566
0.020439247,-0.010965691
0.014866728,-0.015173704
0.013136012,-0.018894268
0.014410199,-0.020716961
0.016751993,-0.01961219
0.017533442,-0.015375786
0.014762058,-0.009019253
0.007993543,-0.0026156253
-0.0015842179,0.0017094357
-0.012154738,0.0029139223
-0.021855569,0.0003496827
-0.028175054,-0.005881914
-0.029699698,-0.014073729
-0.026644018,-0.021229012
-0.020600336,-0.024160724
-0.014081443,-0.020564063
-0.009746777,-0.010174992
-0.009192841,0.005079691
-0.011879668,0.023743154
-0.015798952,0.044343885
-0.018829573,0.06310991
-0.019482397,0.07343014
-0.017881222,0.06892737
-0.013711087,0.05290874
-0.006757656,0.03397113
0.0010701905,0.016905949
0.007461643,0.0035735492
0.011057942,-0.0052537224
0.01150507,-0.008410422
0.009417265,-0.005960522
0.0064265863,-0.00020090198
0.0042107766,0.0062427465
0.003946768,0.0109135
0.0058805407,0.011605502
0.009195863,0.007493332
0.012455666,-0.0005945279
0.014052613,-0.011037033
0.012431578,-0.021534396
0.006965399,-0.02917895
-0.0014316922,-0.03142754
-0.010530964,-0.027348442
-0.018039191,-0.017942306
-0.022311322,-0.005321678
-0.022272725,0.008153848
-0.017552724,0.019955728
-0.008934668,0.027656961
0.0015651553,0.029776994
0.011472362,0.026525918
0.01875993,0.019609554
0.022213351,0.011445617
0.021467723,0.0045170872
0.017065167,0.00075836247
0.0102766305,0.0008785537
0.0026174276,0.004182545
-0.00469671,0.009266529
-0.010729212,0.014076897
-0.014778556,0.016089153
-0.016651226,0.013452745
-0.016523762,0.0062628486
-0.01490716,-0.0037861806
-0.012467143,-0.014506093
-0.009475412,-0.02356756
-0.005758123,-0.02838845
-0.0011123115,-0.027427034
0.004230853,-0.021270132
0.009968076,-0.012329796
0.016259572,-0.0033778315
0.02338002,0.0034464474
0.030749284,0.0065952423
0.03703711,0.0057109036
0.04078188,0.0020610208
0.04077487,-0.0019471083
0.036335558,-0.003835173
0.027660029,-0.0022463242
0.015916277,0.0024542925
0.0029226397,0.008809041
-0.009708619,0.015698574
-0.020275127,0.021233167
-0.026284305,0.022876214
-0.02612605,0.019368093
-0.020070152,0.012533471
-0.010326678,0.005590885
7.9304475e-05,0.0010942636
0.008469757,-2.8368167e-05
0.012813623,0.0024385375
0.011457342,0.007565137
0.004958116,0.0127785355
-0.0045204125,0.015431296
-0.0139695145,0.013625993
-0.020149963,0.0065533663
-0.020617953,-0.0045040604
-0.01494642,-0.016514122
-0.0048306524,-0.025994338
0.00674316,-0.02984928
0.015726617,-0.02564542
0.01799443,-0.013654034
0.011620632,0.0022916296
-0.0017206573,0.018146148
-0.020032942,0.03279215
-0.04036582,0.04428404
-0.057775863,0.04861233
-0.065061085,0.040105686
-0.05803405,0.021055385
-0.040857855,0.0025134338
-0.020665988,-0.010421863
-0.0027059687,-0.018685222
0.010499585,-0.0238635
0.01634427,-0.02544103
0.013830466,-0.023888228
0.005636101,-0.02122251
-0.0039394414,-0.018664405
-0.010827375,-0.015844164
-0.0115254605,-0.011853918
-0.00482911,-0.0059678084
0.0071685673,0.0018620298
0.022161363,0.011040931
0.03672433,0.020016272
0.04504424,0.026785467
0.04147196,0.029425714
0.026925068,0.027022693
0.0079037845,0.020575598
-0.010461895,0.012876694
-0.026280932,0.006848507
-0.036235467,0.004080785
-0.036831755,0.0054051457
-0.029145828,0.010207399
-0.017809777,0.016977906
-0.006586152,0.023144273
0.0018944655,0.025543839
0.0054498534,0.021599153
0.0038652227,0.011167242
-0.0005978721,-0.003406022
-0.0063769636,-0.020018274
-0.012382694,-0.03612255
-0.01651381,-0.04761053
-0.016506296,-0.050818454
-0.012900569,-0.04522671
-0.008584977,-0.033908766
-0.0060261963,-0.020922123
-0.0055980673,-0.009331544
-0.006338001,-0.0009424322
-0.0067227203,0.0035996626
-0.005510677,0.0045041395
-0.0018870959,0.0027631917
0.0038813557,-2.5393689e-05
0.0106192315,-0.002655611
0.016315715,-0.004239111
0.018722273,-0.0041269124
0.016422069,-0.0021561894
0.009763879,0.0012469422
0.0007767396,0.005553018
-0.008100637,0.01084292
-0.014435659,0.016876683
-0.01604117,0.022431435
-0.012619097,0.02575153
-0.006097419,0.025469547
0.00038162887,0.020777121
0.0036450813,0.011669428
0.0017673351,-0.00080412254
-0.005798885,-0.015241109
-0.018874193,-0.029476855
-0.034495044,-0.03925377
-0.045310132,-0.04045832
-0.043549415,-0.03172414
-0.029983684,-0.016147075
-0.011548693,0.0020159702
0.008463807,0.019605318
0.030500915,0.033775985
0.047183264,0.03942121
0.046322983,0.03459291
0.028389659,0.022752106
0.0048863757,0.0085770385
-0.019763885,-0.0031642176
-0.04621119,-0.0086194
-0.066065654,-0.00417597
-0.06554591,0.006703809
-0.045935515,0.017811127
-0.020250482,0.028355539
0.0071072024,0.036326613
0.03384917,0.03744407
0.05244176,0.029014645
0.053761587,0.014679778
0.03968049,0.0014188595
0.01949452,-0.007575316
-0.0012241147,-0.0108550135
-0.019627253,-0.006991664
-0.03085212,0.003930885
-0.030170526,0.017431289
-0.018247973,0.027320284
0.00027232294,0.03059962
0.02088697,0.026438663
0.039622784,0.014741008
0.05188125,-0.0025313008
0.053684723,-0.019739527
0.045021467,-0.029982511
0.03030654,-0.030449748
0.014547994,-0.023276782
0.0010953363,-0.011792354
-0.008017605,0.0012751295
-0.011485512,0.013977139
-0.008671602,0.023066396
-0.0012329535,0.026584586
0.008180256,0.025563369
0.017381057,0.022382122
0.024404159,0.019254683
0.027833614,0.018016148
0.027286494,0.019236222
0.023411777,0.02185175
0.017500924,0.02382718
0.0110733835,0.023149213
0.005405117,0.018696494
0.0014193123,0.010913266
-0.0007316573,0.0016665693
-0.001863261,-0.0066239
-0.0029654037,-0.012079926
-0.0047318656,-0.012581979
-0.007639062,-0.007957055
-0.011988521,5.709474e-05
-0.017387923,0.009294798
-0.0226741,0.017310664
-0.026340067,0.02138961
-0.026990626,0.01994432
-0.023948604,0.013862322
-0.017553162,0.0060107075
-0.009213886,-0.00063102675
-0.00082608487,-0.0040603937
0.005853887,-0.0035405855
0.009458356,0.00084150204
0.009221388,0.0077563208
0.005602024,0.015140423
5.517904e-05,0.020955928
-0.0053319936,0.02354877
-0.008316315,0.02211885
-0.0073615573,0.017125241
-0.0024418016,0.010210663
0.004870504,0.0031459287
0.012213134,-0.0034406285
0.016706536,-0.009416654
0.015541189,-0.014255021
0.0077963932,-0.017925931
-0.0052425996,-0.020980403
-0.021355309,-0.02345139
-0.0370639,-0.024421623
-0.04663731,-0.023092194
-0.04412083,-0.01970299
-0.029320244,-0.0148608275
-0.007824106,-0.008822779
0.015843624,-0.003398407
0.041571468,-0.0010695017
0.0647481,-0.004133249
0.07554768,-0.011225461
0.06649183,-0.016848966
0.045605477,-0.020900076
0.022454109,-0.025253624
0.0011502891,-0.028112117
-0.016083138,-0.026824113
-0.02539017,-0.020095637
-0.02438917,-0.009352332
-0.015726456,0.002824577
-0.0035341512,0.014407885
0.009607356,0.023766635
0.02051373,0.02895072
0.025629243,0.02901084
0.02404441,0.02478463
0.018395903,0.018085293
0.012416294,0.010575556
0.00865591,0.0035444873
0.0084626945,-0.002298406
0.011951696,-0.0069666794
0.01809909,-0.0109921405
0.024596483,-0.014566312
0.028699433,-0.01711216
0.028282303,-0.017548725
0.022967694,-0.014954821
0.014252191,-0.009239611
0.0046384586,-0.00091563794
-0.0032740238,0.009591114
-0.007805168,0.021882122
-0.007317933,0.03355855
-0.0021721106,0.041140467
0.005505229,0.042054545
0.0129447505,0.035918966
0.01810802,0.024620278
0.020176746,0.011052833
0.019248338,-0.0018996007
0.015953839,-0.011571754
0.011533723,-0.015500208
0.0075904313,-0.012458187
0.0051053655,-0.0034797639
0.004153083,0.009041519
0.004481045,0.022917926
0.0050458373,0.034956235
0.0038650625,0.04155602
-0.00039357212,0.040459614
-0.0069838944,0.03234968
-0.013872892,0.020112477
-0.019522766,0.007010417
-0.022889718,-0.004531876
-0.02265418,-0.012658424
-0.018072871,-0.01602548
-0.010163228,-0.014738259
-0.0011010263,-0.010302799
0.00737351,-0.004897597
0.014503921,-0.00031090196
0.019622838,0.0023972797
0.022503972,0.003047394
0.023780836,0.0024284737
0.024477245,0.0019386187
0.025283024,0.0030660485
0.026318073,0.006814932
0.027124828,0.0132517135
0.0268479,0.021348856
0.024532393,0.029096402
0.019510556,0.033859737
0.0120831905,0.03316792
0.0039991834,0.026071068
-0.0023926657,0.01379031
-0.0056582154,-0.0009360283
-0.0062111663,-0.015829494
-0.00448737,-0.02890005
-0.001215829,-0.036606647
0.0019918848,-0.036285557
0.0027504524,-0.02810977
-0.0006149014,-0.015299527
-0.008108014,-0.001839465
-0.018481845,0.010343635
-0.029715087,0.01990371
-0.038836237,0.024358574
-0.042677168,0.022217067
-0.039579697,0.014908944
-0.030421734,0.006406728
-0.017885977,0.00035126662
-0.004981209,-0.0015607681
0.0058950842,0.00049298647
0.0138887875,0.0057153627
0.018204192,0.0127651505
0.018910596,0.019507427
0.017099714,0.024003625
0.01424032,0.025185974
0.011622945,0.02317826
0.009929953,0.019288816
0.008976601,0.01538654
0.008035657,0.0131505765
0.0063395845,0.013424505
0.00361563,0.016128492
0.0003273186,0.0202788
-0.002472601,0.024242168
-0.0035164899,0.026128292
-0.001927373,0.02456808
0.0023184384,0.019571707
0.008270906,0.012515609
0.014309949,0.0051896987
0.01840212,-0.00074397144
0.018660696,-0.00348614
0.014393579,-0.0019301869
0.006614682,0.00337882
-0.0025646028,0.011164408
-0.011068712,0.020352663
-0.01657119,0.028952824
-0.017565649,0.03427928
-0.014353543,0.034756355
-0.008904673,0.030980658
-0.0037913818,0.024747757
-0.0012764964,0.017769352
-0.0026538195,0.011324488
-0.007857769,0.0062593888
-0.015591963,0.0029731656
-0.023434335,0.0014072859
-0.028354723,0.0009364481
-0.028022088,0.0005882889
-0.022236042,-0.00018785303
-0.012985797,-0.0013771042
-0.0032532674,-0.0028038148
0.004303748,-0.0045605977
0.007885323,-0.0065850676
0.0065238513,-0.008618684
0.001300529,-0.010747174
-0.005430453,-0.013395077
-0.011024968,-0.016757652
-0.013076661,-0.020954808
-0.010525407,-0.025889529
-0.004340612,-0.031080985
0.0029363958,-0.03572576
0.008188356,-0.038589012
0.0086381715,-0.038153145
0.0031282154,-0.03377866
-0.007201334,-0.026486218
-0.019760953,-0.017568387
-0.03138897,-0.0073552695
-0.0382451,0.0034996194
-0.0371788,0.013039389
-0.02823146,0.019597262
-0.014647343,0.023222148
-0.00020963539,0.024592755
0.011893501,0.023837084
0.018708933,0.020929703
0.018588537,0.016346462
0.012826688,0.010788121
0.004784121,0.0048584123
-0.0021642095,-0.0007384875
-0.0056957887,-0.005275894
-0.0040906845,-0.007969928
0.0023976888,-0.007934286
0.011724037,-0.0046900916
0.02142393,0.0018853588
0.028896928,0.011662952
0.03195899,0.023930509
0.029785989,0.037138537
0.023096608,0.049197976
0.013692366,0.05776863
0.0037639404,0.060596295
-0.0044614184,0.056312572
-0.009243112,0.04640131
-0.010307086,0.034395635
-0.008825546,0.02355598
-0.0063026934,0.015971271
-0.0037271064,0.012738908
-0.0013274556,0.014020585
0.0013392483,0.018954795
0.0049207974,0.025734404
0.009605835,0.031773936
0.014640215,0.03433931
0.018327987,0.031601947
0.018972985,0.023617739
0.015886912,0.012256189
0.009438136,0.0001430043
0.00045000442,-0.010407307
-0.010168616,-0.017521547
-0.019758986,-0.019134423
-0.0247795,-0.0149323195
-0.023481682,-0.0067808228
-0.016815655,0.0024991878
-0.007165451,0.010264616
0.0029344247,0.014351887
0.010509658,0.013078959
0.012571813,0.006316938
0.008385664,-0.0042370697
-0.00075130985,-0.016636109
-0.01355635,-0.0288082
-0.027181372,-0.038030352
-0.036765642,-0.042046282
-0.037687372,-0.04017974
-0.029969625,-0.033859614
-0.018034624,-0.025417121
-0.006059295,-0.017023465
0.0035393375,-0.010408084
0.009422023,-0.006537926
0.010744404,-0.005542741
0.008148845,-0.007076406
0.0037599439,-0.010489073
-0.00018220363,-0.015039001
-0.0019750986,-0.019953579
-0.0008227888,-0.024643824
0.0027052816,-0.028732128
0.0068951827,-0.03194382
0.009639909,-0.03387767
0.009319625,-0.03408955
0.0054921065,-0.032338396
-0.0008537611,-0.028798828
-0.00784601,-0.023814423
-0.013384676,-0.017664336
-0.015736323,-0.010757491
-0.014276512,-0.0037568596
-0.009854418,0.0026240703
-0.0043336954,0.007858525
0.0002702284,0.011555589
0.002153934,0.013420526
0.00041198617,0.013477739
-0.0042873663,0.012091925
-0.010071413,0.009834568
-0.014558033,0.007290624
-0.0153831225,0.0049450994
-0.0111770565,0.0032886777
-0.0024516124,0.0028631096
0.008929072,0.003925464
0.021345006,0.0060103647
0.031973813,0.0086539695
0.037645932,0.011488305
0.03636462,0.013812481
0.028689837,0.014541697
0.017306767,0.012769149
0.005288218,0.008430575
-0.0052605285,0.002406274
-0.013796354,-0.0041640927
-0.019920483,-0.010096518
-0.023542726,-0.013675794
-0.025309859,-0.013436092
-0.026261171,-0.008719924
-0.027248379,8.911115e-05
-0.028422793,0.012028472
-0.028864896,0.025817394
-0.02705234,0.03956049
-0.021807492,0.05071403
-0.013116825,0.057045307
-0.0022690091,0.057897124
0.008836456,0.0544985
0.018216064,0.048595347
0.023919575,0.041542653
0.024487108,0.03425413
0.019724574,0.027248995
0.010906942,0.020599706
0.00014755555,0.014225871
-0.010628952,0.008332329
-0.019940224,0.003050135
-0.026051765,-0.0012769009
-0.027648376,-0.0039746445
-0.02473806,-0.0042979233
-0.018711993,-0.00189775
-0.011450922,0.0028157064
-0.004394456,0.008764451
0.0019734635,0.01455548
0.007509522,0.01854955
0.012160643,0.01938392
0.01622286,0.01660767
0.020120535,0.010861183
0.024031164,0.0034669754
0.027455706,-0.0040846155
0.029184908,-0.010266409
0.02775099,-0.013787122
0.02218574,-0.014283783
0.012578228,-0.012695524
0.00010847298,-0.010604782
-0.01382513,-0.0090585835
-0.02768537,-0.008080839
-0.038434405,-0.0076264995
-0.042519674,-0.0077158483
-0.03794444,-0.007902464
-0.026151393,-0.0071599823
-0.010898641,-0.004831
0.0040736916,-0.0016126449
0.016720356,0.0008849154
0.023931023,0.0016884676
0.022562403,0.00015778533
0.0129232155,-0.0036976573
-0.0017905915,-0.009497023
-0.019557444,-0.015876984
-0.0381891,-0.020398384
-0.052934498,-0.020965809
-0.05765593,-0.017258389
-0.050529588,-0.01080677
-0.036442,-0.0030976364
-0.020667303,0.0044352403
-0.0062462664,0.01007851
0.005269211,0.012604969
0.012298639,0.011634494
0.013673102,0.008218027
0.010384926,0.0043697143
0.004604371,0.0019385751
-0.0015785644,0.002156033
-0.0066688294,0.0054468396
-0.009547408,0.011069405
-0.010069383,0.01716983
-0.009015901,0.021589363
-0.007606588,0.022690946
-0.006925884,0.019977584
-0.007471221,0.014330901
-0.0091738915,0.0075989356
-0.011671589,0.0017366648
-0.014340012,-0.0018771994
-0.01652894,-0.0026281313
-0.017912881,-0.0010500231
-0.01883276,0.0014265707
-0.01989033,0.0031029691
-0.021648498,0.0026348492
-0.024421452,-0.00037107142
-0.028031634,-0.005119895
-0.031666357,-0.009851392
-0.03388671,-0.012395078
-0.03314803,-0.010960793
-0.02882507,-0.0050468463
-0.021694666,0.0042827395
-0.012977308,0.015035073
-0.0033038415,0.02492824
0.006514614,0.031260066
0.014790738,0.031782083
0.020216452,0.026295817
0.022966899,0.016852202
0.02411101,0.0063674264
0.02454658,-0.0024821092
0.024764616,-0.007522779
0.025011579,-0.007482773
0.02527274,-0.0027005759
0.025325267,0.005033495
0.024929322,0.013362922
0.023849502,0.019943587
0.022045057,0.022881845
0.02003276,0.021404658
0.018858002,0.016206797
0.019502798,0.008917186
0.022336822,0.0011444116
0.026911698,-0.0060273926
0.032050945,-0.011865992
0.036008332,-0.015881421
0.03683604,-0.017863572
0.033103682,-0.017984923
0.024616348,-0.016843498
0.012486879,-0.015119906
-0.0015684711,-0.013088716
-0.01627816,-0.010343481
-0.030306391,-0.006124161
-0.041155815,-0.0005533321
-0.04636901,0.0050210455
-0.044714607,0.00877821
-0.036916476,0.009702158
-0.025057955,0.008082488
-0.011436687,0.0048375935
0.0019965994,0.0009498547
0.014179244,-0.0031356511
0.023844847,-0.006181782
0.028940571,-0.006568388
0.02853771,-0.0033587588
0.022883793,0.0026232568
0.0135346595,0.009745148
0.0026115587,0.016605498
-0.008025328,0.022468971
-0.016350063,0.026281025
-0.02016879,0.027192647
-0.018276583,0.025405232
-0.011074979,0.022494283
-0.00042530653,0.020335982
0.011503766,0.01991596
0.022549326,0.02105304
0.030039165,0.023114122
0.031471,0.02521124
0.02609548,0.026159696
0.01563614,0.024998102
0.0030756595,0.021667985
-0.009008891,0.017025968
-0.0189648,0.012260962
-0.025388634,0.008419522
-0.02742774,0.00643127
-0.02553485,0.0068341345
-0.021280156,0.009398869
-0.016357373,0.01308832
-0.011912922,0.01632788
-0.008450451,0.017407553
-0.006004066,0.015059063
-0.0042280424,0.009080788
-0.0027008755,0.0004762783
-0.0015224346,-0.009270656
-0.0010672804,-0.018583337
-0.00199814,-0.02509551
-0.004657231,-0.026726378
-0.009195733,-0.022927484
-0.015351353,-0.014873344
-0.022469679,-0.004461949
-0.029247515,0.006616173
-0.033923052,0.016307376
-0.035061568,0.022077546
-0.032509763,0.022459053
-0.027435772,0.018131018
-0.02177353,0.011324256
-0.017428469,0.004279879
-0.015767528,-0.0013265073
-0.01716548,-0.0042988085
-0.020819707,-0.0039351
-0.024937501,-0.00038381713
-0.02730236,0.005340252
-0.026092075,0.011759658
-0.020700475,0.017348325
-0.012128274,0.021175079
-0.0024840212,0.02299033
0.0056939255,0.022877255
0.009943211,0.021049343
0.008742695,0.017872177
0.00253898,0.013678485
-0.006471577,0.008706309
-0.015642706,0.0031380304
-0.022007672,-0.0030125591
-0.02270654,-0.0094834035
-0.01670118,-0.015341379
-0.005692346,-0.019201964
0.007177269,-0.020134121
0.018583806,-0.017533485
0.025112739,-0.010943119
0.02430979,-0.0010708518
0.016423088,0.009691505
0.004184071,0.019014042
-0.0092792,0.025697498
-0.020772878,0.028389405
-0.027023135,0.025876
-0.026241068,0.019055856
-0.019482508,0.011325136
-0.009892058,0.006087942
-0.0009345246,0.00513571
0.004987591,0.008691819
0.0067558615,0.015956707
0.004478359,0.024877038
-0.00020925727,0.032160982
-0.004873264,0.03404892
-0.0069777784,0.027820671
-0.004854559,0.014039234
0.0010786304,-0.0037046922
0.00821985,-0.023694836
0.013294637,-0.044658482
0.012403408,-0.060754426
0.0043242346,-0.06415589
-0.009446103,-0.05419463
-0.027294984,-0.038102545
-0.04746437,-0.02001164
-0.06641356,-0.00014239324
-0.07765554,0.018981041
-0.0735329,0.028795375
-0.055535004,0.026165562
-0.032758925,0.019985175
-0.011080065,0.015167966
0.0061576483,0.012234566
0.016833039,0.011217788
0.017851178,0.012714243
0.009134698,0.015952572
-0.005902248,0.018943803
-0.023777856,0.020490354
-0.041026674,0.019346489
-0.05317024,0.013625723
-0.0561823,0.0026836568
-0.049455054,-0.010763476
-0.036457587,-0.02227439
-0.021598903,-0.0290798
-0.008074057,-0.030071102
0.0018360956,-0.025138322
0.0069153584,-0.0154341515
0.0077065923,-0.0035653536
0.0062891864,0.007481659
0.0048981295,0.015791662
0.005316022,0.01901583
0.008519772,0.015959674
0.014755846,0.0074524074
0.023595886,-0.0047875736
0.03370348,-0.019300742
0.042983174,-0.03375055
0.04914741,-0.04403125
0.050429814,-0.04506015
0.046414785,-0.035544112
0.038091492,-0.020261288
0.027220875,-0.004480583
0.0156594,0.00887105
0.004590055,0.018295938
-0.005586885,0.021997796
-0.01410877,0.018735806
-0.020215191,0.0097482
-0.023748178,-0.0018873941
-0.025079643,-0.012916185
-0.024296725,-0.020017698
-0.02142188,-0.020523697
-0.017302409,-0.013955182
-0.013506911,-0.0025347858
-0.010882784,0.010531334
-0.008966587,0.022318188
-0.0075013675,0.029102985
-0.006604497,0.027830737
-0.0058058063,0.018680416
-0.004177323,0.0050030155
-0.0016237146,-0.009457313
0.0014831922,-0.022425508
0.0048988624,-0.030557612
0.00843584,-0.031399716
0.011329422,-0.025695829
0.012861146,-0.016902724
0.013055928,-0.008906956
0.012567455,-0.004677368
0.012107665,-0.0057914895
0.012399318,-0.012087819
0.013712773,-0.021805674
0.015898947,-0.03193302
0.01860386,-0.03860022
0.021219477,-0.038321294
0.022831304,-0.030275116
0.02263769,-0.017155413
0.020780263,-0.0030290398
0.018239748,0.008816594
0.015802069,0.01584982
0.013999392,0.01619877
0.013321418,0.010055344
0.013931865,-0.00020999585
0.0149770845,-0.011993773
0.014679207,-0.02282323
0.011439433,-0.029963028
0.00454757,-0.031806476
-0.00554975,-0.029115478
-0.017629476,-0.024093123
-0.029864958,-0.018546984
-0.03949569,-0.013691362
-0.04316664,-0.010696597
-0.038768966,-0.010124618
-0.027292803,-0.011141699
-0.0119699035,-0.01235638
0.0038857248,-0.013517099
0.0181829,-0.01531766
0.02836867,-0.01784805
0.031874333,-0.020757258
0.02835976,-0.023693405
0.020052867,-0.026729569
0.009994905,-0.029512854
0.00083404675,-0.030955892
-0.0053649843,-0.029733935
-0.0074803596,-0.02524156
-0.0060565113,-0.018125027
-0.0029372028,-0.009983465
-2.633016e-05,-0.002716479
0.0014229469,0.001999874
0.000750392,0.0031972362
-0.0017828367,0.0007442997
-0.005004385,-0.004247836
-0.0075256685,-0.009984939
-0.00787584,-0.01441143
-0.0052149943,-0.015753893
-3.3302378e-05,-0.013358646
0.00611021,-0.008054195
0.011434632,-0.0016570971
0.014323684,0.00381213
0.013314593,0.0064692795
0.0080985725,0.0052258493
-2.6716469e-05,0.00028769046
-0.009431269,-0.006895876
-0.019186664,-0.014592238
-0.027139267,-0.020541513
-0.03091967,-0.022931714
-0.029400485,-0.021072006
-0.023432491,-0.015694637
-0.015038386,-0.008432125
-0.0059830076,-0.0011594229
0.002722984,0.0045434637
0.01071967,0.007812306
0.016919369,0.008181702
0.020336008,0.006138687
0.020579796,0.0027741117
0.01774414,-0.0007526203
0.012318176,-0.0035373794
0.0051702447,-0.005142342
-0.002629911,-0.0055674873
-0.010018877,-0.004962487
-0.015613121,-0.0036122678
-0.01801801,-0.0020311016
-0.016544089,-0.0006819343
-0.011570927,0.00025160576
-0.0044093984,0.00078759337
0.003255633,0.0009600942
0.010047371,0.0006548721
0.014506648,-7.667981e-05
0.015748328,-0.0009760494
0.01405797,-0.0018148213
0.01077474,-0.0024632923
0.0076863794,-0.0028432577
0.006435739,-0.0029312503
0.008074176,-0.0028165334
0.012779361,-0.0027319952
0.019779926,-0.0029967292
0.027444834,-0.003841183
0.033609558,-0.0051960745
0.036204737,-0.0066622347
0.034204252,-0.0077820434
0.028277062,-0.008495714
0.020428063,-0.009184428
0.013045237,-0.010356905
0.008189362,-0.0124615915
0.0072809067,-0.015847428
0.010956666,-0.020695964
0.018844808,-0.02682976
0.029647384,-0.033526234
0.04133289,-0.039232295
0.05120963,-0.041243304
0.056233622,-0.036467094
0.054425977,-0.024680162
0.04634548,-0.009930243
0.034297403,0.0032763411
0.020721663,0.012230301
0.007470412,0.0154625485
-0.0039646025,0.012464868
-0.012502741,0.0043818657
-0.017917076,-0.0061539733
-0.020336062,-0.015624898
-0.01983612,-0.019964311
-0.017008383,-0.016154671
-0.0136119155,-0.0043141255
-0.011478236,0.012803986
-0.010296691,0.032571126
-0.009219931,0.050428066
-0.008752108,0.058905162
-0.009738368,0.05177385
-0.010132483,0.032049783
-0.007395641,0.007923214
-0.002703128,-0.015351849
0.002471109,-0.036971755
0.0075504654,-0.0514291
0.012391864,-0.052310802
0.014931995,-0.040152892
0.013008513,-0.022724073
0.007174234,-0.006691002
-0.00018228535,0.0044515138
-0.0068106693,0.009810341
-0.010412303,0.0090419855
-0.0087484205,0.0042310795
-0.0010472556,-0.0005161599
0.011631851,-0.0021364302
0.02808778,0.0006190883
0.046278287,0.007459165
0.06295809,0.016444955
0.07266663,0.024490034
0.0684312,0.028479444
0.051870596,0.025476368
0.033236664,0.015875911
0.018629547,0.0035410947
0.009792645,-0.0069746803
0.006933987,-0.012720096
0.0105721485,-0.01136155
0.019177789,-0.0031557605
0.029970441,0.009070049
0.039798055,0.021383364
0.043757096,0.029300245
0.037172128,0.028878555
0.022277575,0.019620184
0.005868795,0.0049106022
-0.008465395,-0.01050096
-0.02093447,-0.023889668
-0.027275022,-0.030836202
-0.023676392,-0.028715925
-0.012847231,-0.01907525
-0.00033756008,-0.006121929
0.010970558,0.006210107
0.019609075,0.01548329
0.02222447,0.019239208
0.01763499,0.017379295
0.008557997,0.011881557
-0.0014546735,0.0054882825
-0.010127787,0.00045315808
-0.015746545,-0.0023070904
-0.016688742,-0.0032415478
-0.013346869,-0.0040152567
-0.007433338,-0.006221922
-0.0011756694,-0.010795053
0.0036199624,-0.01764641
0.005888902,-0.024979236
0.0054303682,-0.029398741
0.0033238486,-0.027511526
0.0009888577,-0.018263942
-0.00048477892,-0.0034389945
-0.0003033302,0.014204459
0.002639839,0.033070598
0.008275314,0.048302755
0.013644316,0.054173827
0.015454832,0.048180725
0.013634203,0.03396963
0.010007858,0.017282657
0.005386667,0.0024274173
-0.00013661831,-0.007971248
-0.0057280594,-0.01242852
-0.00946595,-0.010351723
-0.010032343,-0.004027332
-0.00728874,0.0034071375
-0.0014429502,0.009343872
0.006785217,0.011968239
0.015918601,0.010799645
0.02395718,0.0068677454
0.028889593,0.0022080222
0.02916398,-0.0011290341
0.02423019,-0.0021533042
0.014903366,-0.0014859297
0.0031133776,-0.00084072596
-0.009056578,-0.0016101211
-0.020196307,-0.0045932243
-0.027932005,-0.010075293
-0.030147139,-0.017206728
-0.025855204,-0.023712102
-0.015918676,-0.02721085
-0.002821995,-0.026440332
0.010702383,-0.021970643
0.02266025,-0.015744006
0.031533703,-0.01019368
0.036007624,-0.007642602
0.035817552,-0.0096615115
0.032404907,-0.01630142
0.027887404,-0.026026703
0.023622544,-0.03613289
0.020294255,-0.043143608
0.018203307,-0.043870747
0.016797455,-0.037538465
0.014590083,-0.02662083
0.010387742,-0.015014716
0.003971045,-0.0059495694
-0.003982266,-0.0013079582
-0.01272513,-0.001293696
-0.02111038,-0.0049825558
-0.027323177,-0.0101910075
-0.029661478,-0.014007432
-0.027286252,-0.01399921
-0.021033913,-0.009211793
-0.013073756,-0.0006470784
-0.0053066616,0.009444974
0.00176334,0.018852074
0.007672575,0.025213372
0.011774083,0.026844252
0.014270736,0.024055844
0.016152458,0.01873572
0.018297115,0.013113749
0.021042751,0.008795469
0.02408695,0.0063500255
0.026640793,0.0052365893
0.027740907,0.004060702
0.026713697,0.0012529001
0.023627482,-0.00410549
0.01924654,-0.011854473
0.014494282,-0.020779978
0.010096203,-0.028789358
0.006822015,-0.033307966
0.005255183,-0.032451436
0.005112435,-0.026305566
0.005256502,-0.016955301
0.0046093054,-0.0072258753
0.002668876,0.0004432756
-0.00055412535,0.0045964457
-0.004855222,0.0047837105
-0.009397053,0.0017437199
-0.013146631,-0.0028061394
-0.0150705995,-0.007040623
-0.014416775,-0.009689795
-0.011070824,-0.010528033
-0.005701417,-0.010483041
0.000672656,-0.011145473
0.0071048015,-0.013981277
0.012704613,-0.019596823
0.016518604,-0.02718283
0.017813295,-0.03439509
0.016270502,-0.037910044
0.012091334,-0.035001826
0.005761802,-0.025525475
-0.0021890737,-0.011949346
-0.011069658,0.0027367824
-0.020011002,0.017212525
-0.027335962,0.028609434
-0.031350296,0.03291695
-0.030743027,0.028509177
-0.025249178,0.018196426
-0.016026076,0.0065981904
-0.0052007423,-0.0029736378
0.004941385,-0.009562704
0.012790187,-0.013003019
0.01623455,-0.013579562
0.014292646,-0.012901377
0.0076831114,-0.013025802
-0.0015575134,-0.015090506
-0.011293034,-0.018651633
-0.019128125,-0.02173528
-0.022385078,-0.02172206
-0.019629626,-0.01658827
-0.012285772,-0.0062698936
-0.003261929,0.007397933
0.0062402906,0.022267831
0.015304357,0.03502628
0.021141866,0.040960725
0.021442633,0.03721582
0.017771808,0.025511906
0.013568752,0.010526622
0.010688948,-0.0031317794
0.009143475,-0.012027346
0.008828837,-0.013048672
0.00915434,-0.0053549386
0.008894059,0.008123847
0.0074728797,0.02391543
0.00438429,0.037757054
-0.001053064,0.04436685
-0.00828008,0.040155806
-0.014742818,0.026862474
-0.018334243,0.009866116
-0.019200994,-0.0060158353
-0.01814129,-0.017611658
-0.015746294,-0.021974202
-0.013529939,-0.01820691
-0.013666245,-0.008830192
-0.01744902,0.0023727436
-0.024652975,0.012660558
-0.03411171,0.019742949
-0.04377317,0.022103729
-0.05100726,0.019801352
-0.053565595,0.014621852
-0.0505897,0.0094715785
-0.043486826,0.00690294
-0.03515996,0.0076928427
-0.02841863,0.010604712
-0.024959732,0.013351118
-0.025413405,0.01359432
-0.029466664,0.00977759
-0.035816457,0.0018027469
-0.042547394,-0.008959074
-0.047353446,-0.020238178
-0.047546636,-0.029284365
-0.041372713,-0.03356634
-0.030284317,-0.03220791
-0.018058162,-0.026781188
-0.0076700584,-0.020228522
-0.00051978626,-0.015338286
0.0028487076,-0.01387169
0.0023492347,-0.016251108
-0.0014552885,-0.02144906
-0.007375739,-0.027174039
-0.013683157,-0.03047676
-0.018271355,-0.028760679
-0.019594258,-0.021161357
-0.017576978,-0.009106647
-0.013049752,0.0047110477
-0.006396648,0.017723266
0.0022091463,0.026995853
0.011179394,0.029262122
0.018179161,0.023368085
0.021723723,0.0110649755
0.02129505,-0.0046441606
0.016315568,-0.021041553
0.0060401177,-0.035166845
-0.008963676,-0.04360795
-0.026218733,-0.044089206
-0.042268943,-0.036711775
-0.05373878,-0.02355465
-0.057878185,-0.007931273
-0.05346656,0.006355053
-0.041770056,0.016431851
-0.02588748,0.021482663
-0.009081767,0.022155797
0.006098263,0.019493518
0.01758898,0.014590003
0.0235038,0.009098046
0.023357784,0.005150591
0.01884019,0.004182573
0.01289301,0.0064327866
0.008452439,0.011392901
0.00780481,0.018123256
0.012291218,0.025043419
0.021805016,0.030274492
0.034672227,0.032321736
0.04790339,0.030518565
0.05753803,0.025391292
0.05978958,0.018911475
0.0535096,0.013548993
0.04101606,0.010464174
0.025693573,0.009441914
0.010228604,0.009865936
-0.0036245282,0.011180029
-0.014950411,0.012401781
-0.022508567,0.011758615
-0.02559601,0.008051122
-0.02453789,0.0015853206
-0.020337025,-0.0060327915
-0.014164236,-0.012874189
-0.006925058,-0.017104369
0.00071487675,-0.017216897
0.007989963,-0.0126505215
0.014121267,-0.0041997135
0.018689092,0.0066221897
0.021231037,0.01814136
0.021092476,0.02842519
0.017775994,0.035621636
0.011712779,0.038641755
0.0045278473,0.03758645
-0.0016110116,0.03351773
-0.004838956,0.027745722
-0.004056777,0.021288883
0.0007387911,0.014788662
0.008450473,0.008435805
0.017381564,0.0017483828
0.025199095,-0.005852066
0.029052416,-0.013892785
0.02681184,-0.020883523
0.018233914,-0.025190638
0.004967077,-0.026014967
-0.010603652,-0.023222802
-0.02612204,-0.016623689
-0.038770743,-0.006340859
-0.04550778,0.006037692
-0.04462582,0.017605957
-0.037015043,0.025759695
-0.02553609,0.029616823
-0.013315329,0.029667066
-0.0028083338,0.026866315
0.0043973946,0.022326544
0.0077383495,0.01725674
0.007839502,0.012693941
0.006272399,0.009197386
0.004972245,0.0067936764
0.005643198,0.005055853
0.009289944,0.0033170856
0.015980516,0.000864331
0.024789654,-0.0028604502
0.033918634,-0.008039214
0.041022725,-0.0142929265
0.043816004,-0.020621648
0.041080773,-0.025781913
0.03347634,-0.029074851
0.023124605,-0.03050655
0.0125014065,-0.030107807
0.0038494593,-0.027515996
-0.0009743406,-0.022246877
-0.00091069145,-0.014200586
0.003830767,-0.0039059317
0.01267586,0.007822374
0.02505504,0.02017752
0.03975266,0.03128183
0.05385084,0.038897417
0.06271706,0.041047003
0.06179417,0.03744174
0.05242392,0.029827325
0.03959457,0.020538388
0.026471008,0.011913274
0.014316867,0.0058680144
0.0040185936,0.003334611
-0.0036980151,0.004452219
-0.00819845,0.008128176
-0.009012424,0.012458393
-0.0065595554,0.015221847
-0.0019001515,0.015009159
0.00366151,0.0116248205
0.008918087,0.006032988
0.012969048,-0.00019785196
0.015144153,-0.005294044
0.01522115,-0.0076668784
0.013632691,-0.006824527
0.011232478,-0.003676528
0.009066358,-7.152834e-05
0.007970739,0.002046221
0.008340433,0.0012586039
0.010124873,-0.0028378658
0.012845471,-0.00944084
0.015671816,-0.016700586
0.017692573,-0.022009658
0.018257579,-0.022830155
0.017117573,-0.018098783
0.014471647,-0.009009119
0.010991246,0.0018283353
0.00766909,0.011936591
0.005061239,0.018959152
0.0033141465,0.020528397
0.0022940084,0.01592362
0.0018411287,0.0067015495
0.001519513,-0.0045321463
0.0003317715,-0.015968885
-0.0024014136,-0.025425363
-0.0063354755,-0.030688891
-0.0105350185,-0.030902632
-0.014029853,-0.02676344
-0.016056122,-0.019767303
-0.016139619,-0.011413959
-0.014121415,-0.0027570224
-0.010237045,0.005611087
-0.004982627,0.013423747
0.001049838,0.020298738
0.007067026,0.025536
0.012187586,0.028158577
0.015708348,0.027248608
0.017444534,0.022537775
0.017783673,0.014747449
0.017288567,0.0054411334
0.01623844,-0.00344273
0.014593664,-0.009819312
0.012339289,-0.011738727
0.009690693,-0.008336891
0.0070390427,-0.00058979366
0.0050689583,0.00939483
0.0045516063,0.01924935
0.005977181,0.02588517
0.009058466,0.026596703
0.013018536,0.020967193
0.016906757,0.011084783
0.019480709,-7.624948e-05
0.019064527,-0.0095739495
0.014350321,-0.014400623
0.005455743,-0.012956429
-0.0061437082,-0.006387397
-0.018759409,0.0032097285
-0.029816628,0.013844558
-0.035720456,0.021676568
-0.033679146,0.022473881
-0.023651602,0.015837329
-0.008313663,0.005625872
0.008911316,-0.004577362
0.026279112,-0.014299901
0.040338527,-0.02094029
0.04684568,-0.020355426
0.043680903,-0.011632208
0.032874975,0.00080884213
0.018612493,0.012396933
0.004643661,0.021203883
-0.0066595203,0.026160194
-0.013250904,0.02579959
-0.014077224,0.020334389
-0.010117501,0.012399409
-0.0037482781,0.0048956275
0.0022828851,-0.0005119054
0.005865541,-0.0033251955
0.005680808,-0.003359995
0.001732314,-0.0012589175
-0.004727002,0.0016933924
-0.012065869,0.004722435
-0.018327167,0.0074451854
-0.021772373,0.009711697
-0.021652915,0.011857532
-0.018437043,0.0144918095
-0.0134464735,0.018202597
-0.008132711,0.023102645
-0.0036647865,0.02864604
-0.00079462427,0.033633403
0.0002388147,0.036691032
-0.00020097366,0.03670908
-0.0012378116,0.033334322
-0.0018517382,0.02721152
-0.0013969733,0.019687897
0.00011972736,0.012276849
0.0021613783,0.006168333
0.00395465,0.0020141383
0.004788257,-8.477245e-05
0.0042122407,-0.00047096322
0.0022082564,9.979082e-05
-0.0007861995,0.00069178484
-0.0040976447,0.0005582176
-0.006972612,-0.0007382289
-0.008742613,-0.0031933738
-0.009039739,-0.0063772677
-0.007909322,-0.009572384
-0.005731711,-0.011990966
-0.003106414,-0.012989263
-0.0007035668,-0.012253747
0.0008980836,-0.00988722
0.0013466855,-0.006400934
0.00060315675,-0.0025195123
-0.0010979783,0.0009951261
-0.0033570349,0.0036217
-0.0057012145,0.004982435
-0.007628735,0.004929401
-0.008715602,0.0036390068
-0.008702226,0.0015236415
-0.0075439485,-0.000895701
-0.0054202788,-0.0031335945
-0.0026982364,-0.0048570493
0.00014286276,-0.0059189703
0.0025913748,-0.0063254475
0.0041786525,-0.006177366
0.004589823,-0.005610776
0.0037493953,-0.0047493572
0.0018610404,-0.003661628
-0.00064453355,-0.0023573933
-0.003228634,-0.00080290675
-0.0053521534,0.001024405
-0.006553263,0.0030166884
-0.0066047055,0.0049310126
-0.005573114,0.00646492
-0.0037897413,0.007347582
-0.0017525321,0.00742488
5.400551e-06,0.0067192353
0.0010464536,0.005442293
0.0011353618,0.003944991
0.00028557103,0.0026089896
-0.0012611523,0.0017201899
-0.003116247,0.0013779742
-0.0048190253,0.0014590817
-0.005940718,0.0016551296
-0.0061941803,0.0015920758
-0.0055003953,0.0010006748
-0.0039900695,-0.00015460819
-0.0019588375,-0.0016408267
0.00021789182,-0.0030438309
0.0021734084,-0.003878854
0.0035900888,-0.0037376883
0.0042624436,-0.0024897314
0.004135967,-0.00039019153
0.003311292,0.0019930324
0.0020000783,0.0039592646
0.00046360647,0.004865328
-0.0010240201,0.004328673
-0.002218114,0.0024069645
-0.0029664438,-0.0003997498
-0.0032422957,-0.003343632
-0.003091505,-0.0056178994
-0.0026114085,-0.006564005
-0.0019512322,-0.0059135943
-0.0012866375,-0.003895867
-0.0007597086,-0.0011372775
-0.00043096254,0.0015720506
-0.00027691096,0.0035476238
-0.00026492565,0.004311349
-0.00034942548,0.0037811461
-0.00047016208,0.002284995
-0.000588185,0.00040130081
-0.000704142,-0.0012657694
-0.0008336082,-0.0022690839
-0.0009826146,-0.0024209535
-0.0011471631,-0.0018511777
-0.0013093266,-0.0009198184
-0.0014348755,-5.651445e-05
-0.0014838986,0.00039525874
-0.0014320812,0.00028647692
-0.0012894802,-0.00030358654
-0.0011023477,-0.0011173383
-0.000946964,-0.0018381524
-0.0009022028,-0.0022010508
-0.0010287656,-0.0020880802
-0.0013508507,-0.0015587653
-0.0018392578,-0.0008031291
-0.0024144603,-5.3240918e-05
-0.0029636747,0.00050533254
-0.0033693176,0.0007919992
-0.0035385513,0.00084849255
-0.0034270142,0.0008012139
-0.0030497734,0.0007904195
-0.0024751136,0.00090238365
-0.001806346,0.0011291676
-0.0011566678,0.0013742093
-0.000624738,0.0014979577
-0.0002774525,0.0013833488
-0.00014093019,0.0009932421
-0.00019951053,0.00039529198
-0.00040461315,-0.0002577285
-0.0006888747,-0.00078378693
-0.0009770859,-0.0010333308
-0.0011994434,-0.00094902114
-0.0013053158,-0.000587952
-0.0012704013,-0.000100481615
-0.0010981435,0.0003249894
-0.0008175535,0.0005279318
-0.00047855423,0.00043155783
-0.00014190689,6.678788e-05
0.00013360444,-0.00044396363
0.00030327012,-0.0009344028
0.0003458145,-0.0012492073
0.00026965057,-0.0012970634
0.00010777636,-0.0010785704
-9.008132e-05,-0.0006770433
-0.00027051815,-0.00022237515
-0.00038991985,0.00015725881
-0.00042437165,0.00037589666
-0.00037431033,0.00041134463
-0.00026164163,0.00030351352
-0.00012118052,0.0001309645
1.0520323e-05,-2.3217528e-05
0.000105496394,-0.00010096407
0.00015057446,-8.481898e-05
0.00014799394,3.4526463e-06
0.00011207687,0.00011840885
6.2233834e-05,0.00021274074
1.6153253e-05,0.00025458413
-1.4903732e-05,0.00023756588
-2.7823791e-05,0.00017741439
-2.633334e-05,0.00010146301
-1.6924801e-05,3.561886e-05
-6.542801e-06,-4.926147e-06
5.2131907e-07,-1.8897088e-05
3.2985286e-06,-1.5292386e-05
3.0665353e-06,-5.6347244e-06
1.1631237e-06,1.0385343e-06
-1.3730662e-06,1.8637993e-06
-5.5459896e-07,-5.003174e-07
2.6971415e-07,-1.9619124e-06
8.352165e-07,-1.685048e-06
3.6575257e-06,-2.6365603e-07
1.0678284e-05,3.9527345e-06
2.2058737e-05,1.09514585e-05
3.576159e-05,2.1494485e-05
4.5609762e-05,3.4438694e-05
4.5252535e-05,4.439553e-05
3.14643e-05,4.7199177e-05
5.7828147e-06,4.1166717e-05
-2.573383e-05,2.8660685e-05
-5.5580243e-05,1.5413412e-05
-7.649811e-05,7.407669e-06
-8.453847e-05,6.073833e-06
-8.0319915e-05,4.3612877e-06
-6.705634e-05,-1.364593e-05
-4.779279e-05,-6.776828e-05
-2.3115797e-05,-0.00017256066
8.746326e-06,-0.0003266391
4.9395603e-05,-0.0005053048
9.61161e-05,-0.0006619912
0.00013865149,-0.0007393706
0.00015940616,-0.00068779336
0.00013882309,-0.0004853307
6.485387e-05,-0.0001514531
-5.803377e-05,0.00025259552
-0.00020389102,0.0006392474
-0.0003290302,0.00091735955
-0.00038525352,0.0010223195
-0.00033811096,0.00093855005
-0.00018538511,0.00070589955
3.363331e-05,0.00040656907
0.00024380321,0.00013663505
0.00035583775,-2.71733e-05
0.00029639993,-5.1544328e-05
3.9205395e-05,4.2884152e-05
-0.00037725968,0.00019021666
-0.00085571525,0.00030507692
-0.0012648366,0.0003143949
-0.0014851305,0.00018026639
-0.0014516753,-8.828196e-05
-0.001182252,-0.00044303513
-0.0007746039,-0.0008191147
-0.0003711288,-0.0011565412
-0.000103586106,-0.0014193399
-3.7160793e-05,-0.0015949901
-0.00013509029,-0.0016854268
-0.0002623292,-0.0016910431
-0.00023171585,-0.0015986654
0.000120461096,-0.0013825916
0.0008562879,-0.0010203107
0.0018895433,-0.00051567535
0.0029876651,8.359059e-05
0.0038247113,0.00068193837
0.004085564,0.001154715
0.003590267,0.0013844089
0.002384224,0.0013059113
0.0007497499,0.0009408065
-0.00087408326,0.0004048767
-0.0020349517,-0.00013328956
-0.0023798775,-0.0005145741
-0.0018018698,-0.0006464743
-0.0005120625,-0.0005451178
0.0010267567,-0.00034306454
0.0022616019,-0.00024162921
0.0026947372,-0.00041926128
0.00208137,-0.00094604515
0.0005518401,-0.0017374998
-0.0014349209,-0.002557642
-0.003229684,-0.0030717412
-0.0041508027,-0.0029757097
-0.0037425852,-0.0021361834
-0.001980087,-0.0006709505
0.0007162752,0.0010564037
0.0036943255,0.0025337536
0.006153951,0.0032128927
0.0073453444,0.002724214
0.0069118566,0.00104117
0.0050298707,-0.0014978478
0.0022768236,-0.004287244
-0.00062296545,-0.0066099176
-0.00294279,-0.0077848937
-0.004126127,-0.0074134176
-0.004046156,-0.0055478355
-0.0030310238,-0.0026649944
-0.0016653212,0.00050792296
-0.0005085759,0.003231569
6.8311085e-05,0.004897675
-3.3458742e-05,0.0051559885
-0.00054438756,0.00405421
-0.00094438216,0.0019710194
-0.0007066702,-0.0005434485
0.00047908045,-0.0029694028
0.0026170223,-0.004915679
0.0053531593,-0.0061549875
0.008059071,-0.0066301804
0.010054638,-0.0064138467
0.010833515,-0.0056391554
0.010263425,-0.004476644
0.008637597,-0.0031167387
0.0065472377,-0.0017570473
0.004646608,-0.0005984066
0.0033979632,0.00015857734
0.002918037,0.00033539598
0.002930019,-0.00016636605
0.0028676426,-0.001288936
0.0020956735,-0.0027790423
0.0001660953,-0.0042281505
-0.0029897762,-0.005183457
-0.0069909985,-0.0052832086
-0.011059161,-0.0043949396
-0.014218982,-0.0027145436
-0.01561735,-0.000734795
-0.014839778,0.0009505948
-0.01206984,0.0019283814
-0.00800369,0.0021701625
-0.0035805204,0.0020445066
0.00032913216,0.0021626158
0.0031856236,0.0031473027
0.0048039835,0.0054069315
0.005368992,0.008852633
0.0053345626,0.0127653815
0.005143651,0.015902935
0.0050145425,0.016843367
0.004878446,0.014564009
0.00450147,0.009023523
0.0036528662,0.0012858177
0.0021313836,-0.0070271357
-0.00024730567,-0.014244915
-0.003023815,-0.018300653
-0.005197052,-0.017990094
-0.0059588193,-0.013721747
-0.0050631613,-0.00730096
-0.0027828007,-0.0010898061
0.00026700858,0.002790183
0.0031268357,0.0029553398
0.0045420886,-0.00077263167
0.003660368,-0.007002419
0.0002428578,-0.013357549
-0.005061776,-0.016974697
-0.010571372,-0.015538696
-0.014300825,-0.008521827
-0.01491414,0.0026145224
-0.011866641,0.015375226
-0.0051117577,0.0266401
0.0040157856,0.03272632
0.012645831,0.031124735
0.018002698,0.022226728
0.019023038,0.008931823
0.016105168,-0.0053382847
0.010086347,-0.017760172
0.002430997,-0.025697883
-0.0041477685,-0.027374698
-0.0071048606,-0.02335258
-0.005688537,-0.016147364
-0.0008929884,-0.008668383
0.0054998836,-0.0031463348
0.011498249,-0.00071757915
0.0145792635,-0.0013447433
0.012997626,-0.0036768287
0.0069797733,-0.0059129987
-0.0016266449,-0.006849727
-0.010590875,-0.005927261
-0.01727033,-0.0032789665
-0.019139707,-0.00027670863
-0.015441251,0.0013198731
-0.007664648,0.0006732996
0.0014294928,-0.0019290483
0.009201004,-0.0057856436
0.013070737,-0.009337647
0.011397499,-0.010325934
0.00498489,-0.0075780703
-0.0035595372,-0.0018166238
-0.0112537425,0.0058896043
-0.014729125,0.013926728
-0.01133889,0.019280167
-0.0010574624,0.019842803
0.013952048,0.015947934
0.03109924,0.00835598
0.046637896,-0.0021064903
0.05552965,-0.012659873
0.053633302,-0.018708432
0.04191926,-0.018372273
0.025483022,-0.01452559
0.009185461,-0.010127399
-0.0036284786,-0.006467429
-0.010964021,-0.0040700804
-0.011318815,-0.0037328477
-0.0054715555,-0.0053760633
0.0035211174,-0.007959382
0.012512069,-0.010773944
0.018364277,-0.0130767645
0.018758193,-0.014387282
0.013540851,-0.015283507
0.004787698,-0.017188502
-0.0047959234,-0.021170083
-0.012735852,-0.02722658
-0.01674189,-0.03439515
-0.015389878,-0.040700905
-0.009053962,-0.043704778
-8.537299e-05,-0.041582532
0.008211507,-0.033966813
0.013100191,-0.022469485
0.013553802,-0.0099696405
0.010450163,0.0005772043
0.0057379804,0.0072540455
0.0015443432,0.0092152525
-0.00013998909,0.006774861
0.0017536479,0.0018895415
0.0068397657,-0.0028342674
0.013529473,-0.0054049264
0.019389512,-0.0044467477
0.021691684,0.000108978806
0.018679649,0.006561923
0.010496217,0.012207223
-0.00093740044,0.014814453
-0.012903662,0.013494001
-0.022386618,0.008423097
-0.026228772,0.00096199854
-0.022583123,-0.006420983
-0.012244433,-0.01102892
0.0015543501,-0.011696262
0.01542032,-0.009467375
0.02621605,-0.006152635
0.03013448,-0.0038565225
0.025026482,-0.004606248
0.012869794,-0.009644287
-0.002366041,-0.018587515
-0.018486839,-0.029264746
-0.03195345,-0.037988
-0.036407735,-0.040791657
-0.027907021,-0.035693236
-0.01108893,-0.024395736
0.0075256024,-0.010798022
0.026333595,0.0008526331
0.043350473,0.007742647
0.051854357,0.0071078725
0.046715204,-9.538926e-05
0.0320798,-0.010946405
0.013855004,-0.022251114
-0.0055401563,-0.030268205
-0.023945877,-0.03058979
-0.036700327,-0.020785913
-0.041078083,-0.003061223
-0.03849284,0.018067056
-0.031031752,0.038611874
-0.02020511,0.05374094
-0.009124868,0.058026142
-0.0014371359,0.049937006
0.0023678588,0.03425764
0.0039627627,0.016839167
0.004402782,0.0015180568
0.003895614,-0.009662374
0.0029441346,-0.015003064
0.002041226,-0.013750271
0.001198974,-0.00801224
-7.542412e-05,-0.0007436808
-0.0018592793,0.0056193885
-0.0038659268,0.009284596
-0.0053914734,0.009276929
-0.005464303,0.005872504
-0.0030654906,0.0003877738
0.0020247712,-0.00563268
0.009699252,-0.01126507
0.019013362,-0.015855528
0.028326796,-0.018858086
0.03544281,-0.020008873
0.03840941,-0.019118115
0.036140375,-0.016594293
0.029349398,-0.013477709
0.02013538,-0.0109586
0.010927059,-0.009705791
0.003675857,-0.009929468
-0.00038851556,-0.011479807
-0.0006887799,-0.01396217
0.0025031294,-0.01656856
0.008096482,-0.018184243
0.0146241095,-0.017525965
0.02065249,-0.0135804545
0.0251442,-0.0061443266
0.02781468,0.0038600003
0.02899264,0.014691622
0.029099297,0.024089824
0.028196516,0.029535763
0.026152337,0.029160693
0.0232311,0.023043217
0.0201077,0.0133543825
0.017186405,0.003107185
0.014458214,-0.0049389815
0.011955416,-0.008586122
0.010100296,-0.006696436
0.009309708,-0.00012009546
0.009732698,0.008847225
0.011045052,0.017433349
0.012099752,0.022605795
0.011160101,0.022236219
0.007156104,0.016520437
0.0002936295,0.007812816
-0.008785681,-0.0007158851
-0.019844737,-0.0065642702
-0.031032931,-0.0074247266
-0.039292824,-0.0027411098
-0.042292345,0.0055891974
-0.039606355,0.014277025
-0.032509185,0.020115519
-0.023343604,0.021189513
-0.014623877,0.017544795
-0.008352852,0.01104919
-0.0056109778,0.0044656745
-0.0065359515,0.0005461794
-0.010274748,0.001480419
-0.01516784,0.008178545
-0.019239925,0.01978787
-0.02074031,0.03381188
-0.018742502,0.046285845
-0.013870818,0.052546255
-0.008143379,0.0498155
-0.0031712176,0.039666276
0.0006359748,0.02621946
0.003287517,0.013120989
0.004914192,0.002768906
0.0059045935,-0.0036069325
0.006863282,-0.005641842
0.008039249,-0.0040927557
0.009064197,-0.0007923282
0.009012384,0.0025085388
0.0067623635,0.004715409
0.0015445361,0.005674905
-0.006561414,0.006182722
-0.016873622,0.0073382184
-0.027723743,0.009858183
-0.036477808,0.013335394
-0.040189814,0.015813472
-0.03705184,0.014804555
-0.027613692,0.009378468
-0.014387692,0.0007219832
-0.00042188354,-0.009423169
0.012309814,-0.020227173
0.02168194,-0.02863097
0.02545054,-0.029745856
0.023094606,-0.021343945
0.015767874,-0.006788249
0.005880939,0.009199238
-0.0042811544,0.02423886
-0.013354971,0.0346543
-0.020029183,0.03500736
-0.023064649,0.023920756
-0.02167877,0.006359658
-0.0168952,-0.012097104
-0.010018496,-0.027963927
-0.0013114772,-0.037253454
0.008525463,-0.036385335
0.017114429,-0.026363505
0.021997066,-0.012235414
0.022242345,0.00075011357
0.017398518,0.008742337
0.00782091,0.009448882
-0.004181583,0.0035954386
-0.01638342,-0.005357529
-0.026957871,-0.013566465
-0.031952377,-0.016511068
-0.028279271,-0.011509593
-0.01783699,0.0005005564
-0.00499648,0.016394524
0.008763604,0.032950897
0.020737559,0.04492329
0.024284879,0.046403125
0.016230004,0.036050815
0.0024666162,0.018614661
-0.011478915,-0.00020309878
-0.024939071,-0.017154986
-0.0336874,-0.028920235
-0.030845199,-0.032053795
-0.01645387,-0.027192542
0.0020789953,-0.018484036
0.02052844,-0.01092298
0.036542617,-0.008118797
0.04483216,-0.01169474
0.04146122,-0.019954722
0.029710835,-0.029871171
0.015129937,-0.038497794
0.002372592,-0.042037465
-0.004105235,-0.03717932
-0.0022160842,-0.023975937
0.0052348287,-0.0060200347
0.015325762,0.01309008
0.02563552,0.031153662
0.030338217,0.043750245
0.022962969,0.046929806
0.0058113593,0.040248107
-0.013494414,0.027314527
-0.030516326,0.0121730175
-0.04205124,-0.0033452995
-0.042830374,-0.017850664
-0.030928753,-0.028914576
-0.0116800405,-0.034666173
0.008148482,-0.03577909
0.02357459,-0.03301408
0.029757515,-0.025567407
0.02424055,-0.013908648
0.010314697,-0.0014920195
-0.0057596057,0.009378521
-0.019796249,0.019485105
-0.026402526,0.02632838
-0.02180251,0.025666472
-0.0077691483,0.017761294
0.010657019,0.0065584546
0.029881716,-0.0071729077
0.04472804,-0.022841565
0.04852923,-0.034272127
0.03910005,-0.033791758
0.02191968,-0.023395367
0.0031492845,-0.009375809
-0.013041441,0.0059556295
-0.024118524,0.022897832
-0.026338017,0.036771104
-0.020064913,0.041777547
-0.009565158,0.037786875
0.00085603347,0.029241143
0.008162185,0.020168085
0.010524383,0.013301844
0.007716553,0.010760507
0.0013745745,0.0131876515
-0.00610139,0.019875366
-0.012413956,0.028529992
-0.016134068,0.035711154
-0.017185979,0.037998363
-0.016819183,0.034006838
-0.016618697,0.025203124
-0.017759243,0.014752397
-0.02067568,0.005509833
-0.024772169,-0.0006713273
-0.028111156,-0.0031288096
-0.028398672,-0.0026313707
-0.024188196,-0.0014118918
-0.01568311,-0.0020016616
-0.0043554874,-0.006148262
0.008102001,-0.01496909
0.020434022,-0.028904807
0.030357452,-0.046503477
0.036084373,-0.063593976
0.03705584,-0.073133826
0.034570925,-0.06851666
0.029835245,-0.053317674
0.022812946,-0.035579637
0.013958117,-0.01999486
0.00358717,-0.008860171
-0.008082261,-0.0032588607
-0.02166214,-0.0031435806
-0.036862444,-0.0077038216
-0.052138075,-0.014945184
-0.06438356,-0.02237806
-0.068103656,-0.027878365
-0.05892235,-0.029730938
-0.040791597,-0.027017199
-0.020911686,-0.020794334
-0.0034390448,-0.013615652
0.010101947,-0.0077657425
0.01857638,-0.0038595896
0.020164233,-0.0017101598
0.015493117,-0.0009890647
0.0076388703,-0.0011447665
2.4544343e-05,-0.0016369807
-0.0048341914,-0.0019869374
-0.0054566707,-0.0020980919
-0.002071548,-0.002381994
0.0033302752,-0.0030666722
0.008300628,-0.0040672477
0.010309816,-0.004757796
0.007886555,-0.0041126357
0.0015207324,-0.0013995543
-0.006816329,0.0035610045
-0.014636756,0.0107631
-0.018736884,0.018903494
-0.016636847,0.025249558
-0.008234306,0.02739154
0.004406707,0.024707312
0.01859816,0.01788581
0.03160283,0.007858105
0.040307816,-0.0036481856
0.04216178,-0.013340148
0.03697424,-0.018155629
0.027054919,-0.01762489
0.015545519,-0.013804484
0.00497692,-0.009385977
-0.0030644047,-0.00671629
-0.00790832,-0.007693475
-0.009547477,-0.013568118
-0.008780695,-0.024174934
-0.0067897374,-0.037952222
-0.0045112353,-0.052261624
-0.0022003276,-0.063041516
0.0007296871,-0.06546849
0.0041615255,-0.057591096
0.006201559,-0.043007623
0.0053921402,-0.026903152
0.0018143174,-0.012811991
-0.0038153487,-0.0026428413
-0.0106296,0.0031025081
-0.017670283,0.004738534
-0.022959504,0.0032519393
-0.024413949,0.0007385394
-0.020630557,-0.00071655045
-0.011898136,0.0003824033
-0.00022003932,0.0042878296
0.012378426,0.00994476
0.023921771,0.015595625
0.030620925,0.019278768
0.029223917,0.019782607
0.01987688,0.016942695
0.0058874544,0.011606533
-0.009290976,0.0056397594
-0.024041789,0.0009470392
-0.0354676,-0.0013423895
-0.04003014,-0.0011169821
-0.03674505,0.0006488594
-0.02793376,0.0030067472
-0.016892709,0.0049940315
-0.006244974,0.0057965056
0.002499012,0.0050103436
0.008734942,0.0029339495
0.012275913,0.00064134155
0.013626093,-0.00048741704
0.013683429,0.00048401812
0.013026186,0.0037500968
0.01187705,0.008647468
0.00997973,0.013842539
0.00678858,0.017611513
0.0018744888,0.018369198
-0.0045585386,0.015321523
-0.011654959,0.00878388
-0.018530328,-0.00011888207
-0.024388945,-0.009964339
-0.028210904,-0.019007254
-0.029002264,-0.02543163
-0.026468465,-0.027847107
-0.02138825,-0.025889512
-0.015130335,-0.020364935
-0.008728246,-0.012818269
-0.002447806,-0.0049551814
0.0040853675,0.0016613326
0.011611193,0.0060092336
0.020021452,0.0070198854
0.028424729,0.004070512
0.03534532,-0.0026813098
0.03900015,-0.012344872
0.037880175,-0.023189433
0.03152262,-0.032933816
0.020954376,-0.039319083
0.0085407,-0.04065837
-0.0027262503,-0.036141485
-0.010196864,-0.026051985
-0.012418678,-0.011861519
-0.009655672,0.004343184
-0.0027423142,0.02112765
0.007364115,0.03647652
0.017833095,0.047219276
0.024134545,0.050769
0.023260372,0.046765137
0.016566819,0.037661105
0.0078034475,0.026879467
-0.00018065464,0.017235097
-0.0057288962,0.010559173
-0.007918451,0.00765168
-0.0066217324,0.008172794
-0.0031549977,0.010886679
0.00045846158,0.013984189
0.0021720438,0.015651466
0.0006223708,0.014713918
-0.00405744,0.011137505
-0.010349925,0.0060069268
-0.016186852,0.00089870906
-0.019244239,-0.002636763
-0.01772628,-0.0034599965
-0.011684911,-0.001354238
-0.0031007035,0.0028500652
0.005742833,0.007598814
0.012978501,0.011010057
0.016137308,0.011454292
0.014152115,0.008391113
0.008359588,0.002485099
0.0013085529,-0.004737546
-0.0050258925,-0.011618481
-0.008750371,-0.016372172
-0.008246175,-0.017714055
-0.0037243431,-0.015626557
0.0030348266,-0.011277282
0.010114954,-0.006417832
0.016044015,-0.0025883305
0.01968571,-0.0007751018
0.02075533,-0.0010961128
0.02012747,-0.0027557218
0.019112268,-0.00436044
0.018769328,-0.004488982
0.019452538,-0.0021819384
0.020670502,0.0026670329
0.021383088,0.009222706
0.020407308,0.015978873
0.016947892,0.02119821
0.011181331,0.023506366
0.004564411,0.022480393
-0.0007496886,0.018811109
-0.0028114177,0.013943925
-0.0005190888,0.00943675
0.0059751063,0.006391327
0.015502408,0.004767647
0.025995217,0.0034402974
0.034385692,0.0009273457
0.037430998,-0.0040024403
0.033569064,-0.011773937
0.023981404,-0.022039516
0.010973699,-0.033686493
-0.003629013,-0.044286814
-0.017149204,-0.04986993
-0.025311051,-0.046577256
-0.025751187,-0.033900775
-0.021083724,-0.015224007
-0.014869414,0.0054562576
-0.007897168,0.025843926
9.6771255e-06,0.0428645
0.00681324,0.050921034
0.009984806,0.0465401
0.01053174,0.032430146
0.011303343,0.014451373
0.013472679,-0.002967164
0.0165837,-0.017718073
0.019905556,-0.027071197
0.022568243,-0.028524065
0.023282787,-0.022926737
0.0208851,-0.013834071
0.015273246,-0.0052402234
0.0071862284,-1.6850716e-05
-0.0019676436,0.0006469992
-0.010850111,-0.002609988
-0.018311756,-0.008346468
-0.02267728,-0.014118946
-0.022745298,-0.01738845
-0.018688217,-0.016530668
-0.012045169,-0.011431659
-0.0049475185,-0.0035259153
0.0009119512,0.00491191
0.004795589,0.012030479
0.005701824,0.015993545
0.0032826066,0.015891042
-0.0016304716,0.012283147
-0.007618113,0.0067114253
-0.013465482,0.0008488533
-0.017958062,-0.0040242434
-0.019911865,-0.0072097755
-0.018804338,-0.008811345
-0.015179466,-0.009601194
-0.010291697,-0.010608498
-0.0055300957,-0.012707352
-0.0021565834,-0.016319674
-0.0010874728,-0.021164525
-0.0026830242,-0.026356516
-0.006535595,-0.0307894
-0.011486421,-0.03357218
-0.015931958,-0.03431387
-0.01838073,-0.033213172
-0.017922081,-0.030887406
-0.014598628,-0.028016277
-0.009320178,-0.024976952
-0.0034464402,-0.02171613
0.0016547313,-0.01784229
0.004922592,-0.012877379
0.005880081,-0.006629065
0.0048351153,0.0005305703
0.0028120063,0.007878661
0.00094629853,0.014535547
0.000278523,0.019108204
0.0013149334,0.020484546
0.003910016,0.018573135
0.0073403167,0.014419633
0.010580342,0.009666687
0.012603689,0.005960307
0.012738416,0.0045829755
0.011046302,0.0060528805
0.008305142,0.009806939
0.005723702,0.014490104
0.004467766,0.018282868
0.0052599497,0.019414194
0.008088142,0.01703118
0.012242761,0.011731312
0.016560175,0.0051096007
0.019632401,-0.0008984016
0.020175276,-0.0042817374
0.017651692,-0.0037334973
0.012552985,0.00042520504
0.00615861,0.0064172326
-5.8130674e-05,0.012062557
-0.004836738,0.014880815
-0.007196051,0.012605346
-0.0067977016,0.0047660917
-0.0041616005,-0.006915118
-0.00048529758,-0.020684972
0.0030396972,-0.03397573
0.005656373,-0.042687636
0.0072165774,-0.042842027
0.007514467,-0.033731136
0.006172969,-0.018465355
0.003428706,-0.001104782
0.0007997209,0.016196921
-0.0008818859,0.032654878
-0.0011035315,0.045128733
-0.00026523307,0.051037822
0.0015281042,0.04989905
0.0043979827,0.04363107
0.008480075,0.035018273
0.013330646,0.025941944
0.01809169,0.017226493
0.021635843,0.008953185
0.022896865,0.0010958161
0.021131609,-0.0062584705
0.016400028,-0.012650652
0.009525763,-0.017437726
0.0018624425,-0.019773398
-0.0048909816,-0.018812492
-0.008981561,-0.01414394
-0.009361767,-0.0062234406
-0.006299114,0.0037443615
-0.000730887,0.0144259175
0.006111524,0.02427019
0.012039756,0.03133103
0.014459271,0.034218356
0.012046332,0.03265454
0.005656347,0.027588485
-0.0024112505,0.020617016
-0.009831673,0.013302002
-0.01470921,0.0067103175
-0.015595842,0.001408869
-0.0121410275,-0.002302339
-0.0057029333,-0.004285017
0.0013420617,-0.0045921863
0.0066823983,-0.003352466
0.008308683,-0.00036846544
0.0051542125,0.0045340355
-0.0021916109,0.011248825
-0.012229308,0.019678261
-0.022784838,0.029184172
-0.031238707,0.0378023
-0.03525623,0.042099543
-0.033852074,0.039007165
-0.027968729,0.028996527
-0.019709283,0.015341738
-0.011348284,0.0010275827
-0.0048301513,-0.012281421
-0.00073692953,-0.023186974
0.0010318233,-0.028751519
0.001482021,-0.027271653
0.001503314,-0.019992342
0.0016016031,-0.009973921
0.002117503,-0.0004776858
0.00328857,0.005966227
0.004567463,0.0074078897
0.005044671,0.003084308
0.004460671,-0.0056800535
0.0027653016,-0.016903868
-5.177923e-06,-0.027937336
-0.002901179,-0.035611015
-0.0045290627,-0.037600957
-0.0041710543,-0.033771466
-0.0024185549,-0.026384633
-0.0003922348,-0.01848073
0.0010388825,-0.012710593
0.0013250253,-0.010589954
0.0002538007,-0.012386707
-0.0019625593,-0.016948076
-0.004498361,-0.021928314
-0.0059898244,-0.024454413
-0.005078335,-0.022236116
-0.0013916646,-0.014780143
0.004212009,-0.0037190584
0.011006041,0.008307802
0.01817545,0.018746316
0.023448795,0.023872897
0.024093479,0.02115532
0.019827168,0.010964473
0.012590703,-0.0038968436
0.0036525147,-0.020618606
-0.007420291,-0.036421075
-0.019147072,-0.046913505
-0.027880536,-0.048239507
-0.031044537,-0.040283237
-0.029800273,-0.026884465
-0.026466437,-0.01242939
-0.022065826,-0.00010582625
-0.016840972,0.008031531
-0.011106491,0.011044213
-0.005444882,0.0096727
-0.00021473243,0.0062559536
0.0044354834,0.0035490838
0.008415238,0.003752737
0.011817976,0.008124594
0.014965744,0.016421713
0.018326107,0.027005551
0.022173544,0.03713066
0.026124254,0.043442905
0.029251747,0.04319438
0.03098896,0.03604887
0.0317047,0.024457509
0.031647623,0.011757348
0.030384665,0.00086491066
0.02731945,-0.0058039073
0.022362808,-0.0066664326
0.01613803,-0.0019270111
0.009716735,0.0066111214
0.0042349417,0.016996123
0.0004426278,0.027114471
-0.0013037302,0.034376387
-0.0013940547,0.03663903
-0.0006217022,0.03352243
0.0002777655,0.026352711
0.00084273703,0.017084464
0.00092815614,0.0073788185
0.00080954336,-0.0015904764
0.0010604283,-0.009343861
0.002812945,-0.01534493
0.006982715,-0.018975755
0.013791186,-0.01995714
0.022501985,-0.01814032
0.031666815,-0.013599918
0.039140075,-0.006681065
0.042435423,0.0018285121
0.039578952,0.010363668
0.030450867,0.016671687
0.017081268,0.018892176
0.0024576243,0.01654199
-0.010866658,0.010711818
-0.021452112,0.0030385314
-0.027811589,-0.004578066
-0.02876875,-0.009712009
-0.024706777,-0.010259959
-0.017867263,-0.0056465752
-0.011020816,0.002758634
-0.005906194,0.012475469
-0.0030202395,0.020617018
-0.0028274118,0.02383211
-0.0051897666,0.019962437
-0.008829817,0.009689456
-0.012567016,-0.004022097
-0.016190995,-0.018171778
-0.019066341,-0.02893941
-0.01979961,-0.03188631
-0.017799726,-0.024920058
-0.014598556,-0.010296558
-0.011866117,0.007927592
-0.009082828,0.027229683
-0.0053670467,0.044216324
-0.0017598737,0.053699996
-0.000112588816,0.052325856
-0.0004942916,0.042239737
-0.0014262856,0.028762167
-0.0021254732,0.016280755
-0.002484178,0.0073028845
-0.0022825403,0.002726692
-0.0011009265,0.0019137852
0.001298547,0.0028725532
0.0046518557,0.0029196176
0.008246421,-0.00017140203
0.011101971,-0.0073182276
0.012156388,-0.017824076
0.0105331,-0.029302118
0.006231781,-0.037914626
0.0006621131,-0.039654348
-0.0041177846,-0.032877985
-0.0068858787,-0.019572113
-0.0074340617,-0.0035796233
-0.0056560263,0.011899162
-0.0014691377,0.02415013
0.0033802965,0.029181397
0.005995066,0.02546971
0.005085303,0.015375063
0.0010653766,0.003058727
-0.005316099,-0.0077708093
-0.0130933635,-0.0142586995
-0.01908955,-0.013820215
-0.020033952,-0.0069324467
-0.015124213,0.0033997295
-0.0052566365,0.013618082
0.008473755,0.020400494
0.023882905,0.020500729
0.03707082,0.012331064
0.04468962,-0.002541496
0.045521054,-0.020678498
0.04036276,-0.03784483
0.031407163,-0.049706977
0.022052255,-0.05271607
0.015664324,-0.046382584
0.013271372,-0.0337979
0.013812389,-0.018995013
0.015719946,-0.0051582707
0.017330317,0.0056505646
0.016436191,0.011846968
0.0115026785,0.012712361
0.0032568222,0.0091530895
-0.0060313237,0.0031827393
-0.014559933,-0.003094968
-0.02015378,-0.00795957
-0.020533849,-0.010124236
-0.0153648425,-0.00900865
-0.006677302,-0.004807561
0.0027792708,0.0014636243
0.011354899,0.00859287
0.0175188,0.015385686
0.019831456,0.020467922
0.018324755,0.022661608
0.014491426,0.021224054
0.010371502,0.016247384
0.0076030903,0.00850096
0.0067318357,-0.0007741993
0.007251444,-0.010512082
0.008106772,-0.019665722
0.008460198,-0.0266849
0.007991498,-0.030259755
0.0072023207,-0.030045466
0.007064861,-0.026839102
0.008498457,-0.022113597
0.011966035,-0.017431207
0.01710588,-0.0140223745
0.022494473,-0.012495224
0.025688354,-0.0125850355
0.024127759,-0.013178357
0.016660387,-0.012869613
0.004364916,-0.010794752
-0.010327349,-0.0065919524
-0.024990246,0.00064983923
-0.03543403,0.010862978
-0.037015203,0.021369012
-0.028204296,0.028605191
-0.011955983,0.031163989
0.0071493164,0.02941212
0.024802929,0.023212992
0.035815604,0.012575339
0.03533744,-0.00021339935
0.023316445,-0.01199854
0.0041117244,-0.021555042
-0.0188657,-0.028343353
-0.04203674,-0.030486964
-0.057851683,-0.027098844
-0.05765488,-0.02050521
-0.042514164,-0.01372806
-0.021647668,-0.00712068
-0.0014990846,-0.0012129694
0.015424533,0.0022169831
0.02616621,0.00304516
0.026139066,0.0018654377
0.01629773,-2.8399307e-05
0.0016236551,-0.0026797922
-0.014025529,-0.0053323046
-0.027655654,-0.0067440756
-0.034961104,-0.0068607554
-0.033235125,-0.0064960327
-0.02428524,-0.0057627023
-0.012151144,-0.004774277
-0.0007345208,-0.003787507
0.0077114315,-0.0035763395
0.01137184,-0.0041031195
0.009559945,-0.004969337
0.0033556095,-0.005644002
-0.0049044876,-0.0059984843
-0.013262388,-0.0056090057
-0.019549266,-0.0042118
-0.022220237,-0.0020222792
-0.020593354,0.00037494168
-0.015336792,0.0025064421
-0.007667551,0.0041983416
0.001107103,0.005542217
0.010254862,0.0067140493
0.018976327,0.008074438
0.026214557,0.010270615
0.031009415,0.013844544
0.03262677,0.018810675
0.030703366,0.024460623
0.025388476,0.02950151
0.017422007,0.032332167
0.008142517,0.031588074
-0.0007203043,0.026759231
-0.0075284597,0.018516585
-0.011215656,0.008486947
-0.011588533,-0.0012913485
-0.009104584,-0.00898334
-0.004632473,-0.013092318
0.0004785836,-0.01293614
0.0046430244,-0.009242652
0.0066585937,-0.0040179193
0.0060642413,0.0002300426
0.0031189811,0.0012325215
-0.0012451741,-0.0023474141
-0.0059769554,-0.010466909
-0.010276824,-0.021803124
-0.013236355,-0.033628516
-0.013722571,-0.04199584
-0.010754244,-0.042818256
-0.0048495503,-0.034257267
0.0016955145,-0.018366234
0.007320351,0.000707037
0.013401713,0.02031443
0.020777341,0.038198575
0.028426556,0.049209397
0.033426326,0.049053174
0.035086595,0.03833632
0.03545405,0.021935698
0.03566697,0.0044090794
0.034644425,-0.011200971
0.030784775,-0.021980306
0.023436958,-0.025445294
0.013149419,-0.021926155
0.0011621132,-0.014444911
-0.011175577,-0.0061262324
-0.02267434,0.0013822521
-0.031215504,0.006446905
-0.03440701,0.007538873
-0.031064989,0.004802979
-0.021970103,0.00039501901
-0.00943402,-0.0031885577
0.003730931,-0.00480157
0.015604256,-0.0045231655
0.023907784,-0.0024000774
0.02621769,0.0009918198
0.021778872,0.0044146087
0.012028766,0.0065580457
-0.00021061502,0.0070629166
-0.012565383,0.0068896213
-0.023144402,0.0071276063
-0.029591199,0.008648296
-0.030575596,0.011830806
-0.0268545,0.016664505
-0.020493062,0.022550121
-0.013631565,0.028296698
-0.007822542,0.032216735
-0.0039963787,0.03266466
-0.0020329615,0.028866844
-0.0006714327,0.021459403
0.0018185407,0.012023134
0.00653879,0.0024634155
0.013690428,-0.006102871
0.022498008,-0.013108177
0.030818373,-0.017806208
0.035665043,-0.019730844
0.034275908,-0.018978858
0.025891908,-0.016740406
0.012418041,-0.014799367
-0.0029769368,-0.01410838
-0.017716445,-0.014064792
-0.028557617,-0.013557089
-0.03150753,-0.012089784
-0.02524839,-0.0095640775
-0.01277953,-0.0058073583
0.0012388652,-0.0011747424
0.01357843,0.0030831874
0.020966355,0.006151883
0.019908864,0.007336106
0.01068434,0.0065021957
-0.002652555,0.0038192435
-0.016434062,0.00064134167
-0.026763843,-0.0018156109
-0.028614284,-0.0028916716
-0.019733744,-0.0023561176
-0.003338391,0.00036604196
0.016386025,0.004553206
0.03792831,0.008491832
0.056131963,0.010691923
0.06311371,0.011655382
0.054648243,0.012348361
0.036420044,0.011887883
0.016460033,0.00975162
-0.0005569695,0.0074686245
-0.012590231,0.0068870746
-0.017537571,0.007946191
-0.014377776,0.01004577
-0.0059694815,0.012532316
0.0037332072,0.0149734095
0.011100021,0.01627341
0.0126337195,0.015631042
0.0067290887,0.012997664
-0.005120429,0.008996236
-0.020514557,0.004713007
-0.037007578,0.0011739687
-0.050449643,-0.0009202261
-0.055567626,-0.0020271235
-0.049718242,-0.002840607
-0.035667736,-0.0030514956
-0.018643262,-0.0021055269
-0.0025874346,-0.00042212024
0.010345262,0.0008236233
0.018798167,0.0014629529
0.020454088,0.0017600872
0.015618328,0.0020422952
0.006548152,0.0019488785
-0.0039962395,0.0013285808
-0.013982022,0.0002770056
-0.021255527,-0.0014007584
-0.023825835,-0.0040973853
-0.020998146,-0.007622751
-0.013560296,-0.011174354
-0.0032123805,-0.013871004
0.008346103,-0.015166806
0.019652478,-0.014491019
0.029037168,-0.01124547
0.034855925,-0.005371438
0.035932783,0.0022804907
0.032030493,0.010016647
0.023877377,0.015968682
0.012858548,0.01875526
0.0007629354,0.017844884
-0.010828497,0.013683121
-0.02062824,0.007239738
-0.027236922,-0.00023143286
-0.029047022,-0.0071188295
-0.025030347,-0.011647691
-0.015650488,-0.012373768
-0.0028540043,-0.008895517
0.011278968,-0.002236335
0.02622952,0.0063726646
0.040533982,0.015549251
0.05130257,0.023604266
0.05483378,0.028810527
0.04926775,0.029772256
0.037296332,0.02593011
0.023695908,0.01814165
0.011756513,0.008296238
0.0030121354,-0.0015533585
-0.0022712376,-0.009871246
-0.0040100366,-0.015765607
-0.0024678693,-0.018049272
0.0006950796,-0.016780052
0.003465937,-0.012848784
0.0042270874,-0.0077380426
0.0022460853,-0.0029822837
-0.0019385829,0.00023323175
-0.0070009264,0.001592488
-0.011247155,0.0014174673
-0.0128933,0.00059688545
-0.011059922,0.00043324265
-0.0063074077,0.0021430172
-0.00044657875,0.006292429
0.0043604774,0.012608625
0.0057808217,0.019872606
0.0017816095,0.026075395
-0.0081128245,0.028987935
-0.022460671,0.027110891
-0.038786367,0.020163024
-0.05419575,0.008770222
-0.06507347,-0.005699565
-0.06698547,-0.020826593
-0.057297934,-0.032478817
-0.039492674,-0.036369964
-0.020677818,-0.031549044
-0.006030744,-0.020505695
0.0023852182,-0.006742045
0.004850756,0.0064505483
0.0026906552,0.017444614
-0.0024676137,0.024032889
-0.0077390177,0.024770264
-0.01011489,0.019978601
-0.007835775,0.011700935
-0.0009306765,0.0026147808
0.008822796,-0.0055052177
0.01958858,-0.012642403
0.028474027,-0.018414687
0.03280707,-0.022366948
0.031249529,-0.024544874
0.024561685,-0.025549471
0.0147197815,-0.02600698
0.0039334656,-0.02588184
-0.0061526513,-0.024492731
-0.014281555,-0.021099785
-0.019973425,-0.015703635
-0.023304706,-0.00907906
-0.024803953,-0.002684832
-0.02472954,0.0019613316
-0.022965306,0.0037045402
-0.019133547,0.0023566228
-0.013016937,-0.0010412561
-0.0049470966,-0.0046024495
0.004118464,-0.006577609
0.012838061,-0.0056710155
0.01921135,-0.0012983312
0.021048222,0.005792445
0.017075509,0.013404265
0.0077584726,0.018806746
-0.004800148,0.020004937
-0.017683575,0.016445851
-0.02766791,0.008904539
-0.031513043,-0.00052553177
-0.02717374,-0.0085771475
-0.015508692,-0.011881755
-0.00019330067,-0.008980926
0.015119982,-0.0014270506
0.02867884,0.008400419
0.037386734,0.017162545
0.037927113,0.020925442
0.030445818,0.016904997
0.019794958,0.005632205
0.010780037,-0.009707429
0.004736898,-0.02583527
0.0021741083,-0.038597785
0.0043154024,-0.042666018
0.01015471,-0.035689205
0.016000472,-0.020929245
0.019229418,-0.004153489
0.019390456,0.00990279
0.016237058,0.01718609
0.010488948,0.014626939
0.0049670753,0.0031743727
0.0023516803,-0.01295578
0.0025203736,-0.030493375
0.005604612,-0.0443756
0.011478728,-0.04873837
0.018032437,-0.04105049
0.021744141,-0.025403151
0.02078435,-0.00849924
0.015690112,0.0044258935
0.007912861,0.01000305
-0.000298432,0.0066636405
-0.0061559514,-0.003960811
-0.008472114,-0.018669907
-0.0066036554,-0.033691164
-0.00020119235,-0.044349384
0.009592462,-0.04669765
0.019685807,-0.04021705
0.026577609,-0.028261874
0.02826307,-0.015744489
0.024467925,-0.0066713113
0.01642945,-0.0032071213
0.0065344004,-0.005156823
-0.0029725106,-0.010238892
-0.011175587,-0.015253226
-0.016653832,-0.016887411
-0.018504558,-0.0131267635
-0.017536767,-0.004557002
-0.015480802,0.006258578
-0.013457858,0.016269842
-0.012120918,0.022089675
-0.011943425,0.021120787
-0.012660624,0.013678488
-0.013446619,0.0029025038
-0.013783244,-0.007447905
-0.01297474,-0.01383449
-0.010069926,-0.013250805
-0.004962896,-0.0051722387
0.0015061672,0.007898181
0.010246147,0.023385806
0.022136709,0.0375638
0.03613608,0.045638736
0.04937329,0.044045247
0.059178095,0.0332136
0.06524607,0.01688395
0.06793243,-0.0008853545
0.06636541,-0.016478207
0.059689086,-0.02648427
0.048664022,-0.02953916
0.035386298,-0.027487205
0.022085872,-0.023358015
0.010587888,-0.019188711
0.0022478658,-0.015819844
-0.0020838925,-0.013243846
-0.0022433407,-0.01093783
0.0009809248,-0.008193109
0.0060547804,-0.0045660893
0.011151026,-0.00029317557
0.01442566,0.0037899928
0.014384576,0.006403663
0.010548794,0.0062967036
0.0038168351,0.0029266346
-0.0041555692,-0.0031476032
-0.012436405,-0.010759072
-0.019853277,-0.018238619
-0.024996195,-0.023800518
-0.027093172,-0.02625268
-0.02658899,-0.02562301
-0.024847988,-0.023045499
-0.023318565,-0.020182779
-0.02276827,-0.018429913
-0.023135526,-0.018354548
-0.023686014,-0.019489398
-0.023223054,-0.020470567
-0.020558737,-0.019613529
-0.015265934,-0.01574952
-0.008094735,-0.008921761
-0.0005536078,-0.00048671706
0.006159324,0.0073994035
0.010860558,0.012861056
0.011541622,0.013451187
0.0076226243,0.008616055
0.00063594035,-0.00035288185
-0.0077407695,-0.011140499
-0.016385106,-0.021260949
-0.022542316,-0.02747216
-0.023190875,-0.027586618
-0.017903341,-0.021800129
-0.009232619,-0.012488825
-4.0314662e-06,-0.0026676587
0.008157638,0.0050038723
0.013696309,0.009003152
0.014667669,0.00849395
0.010917082,0.0046907403
0.004273705,-0.00033002358
-0.0032931573,-0.0045147613
-0.010280553,-0.0063175433
-0.01518869,-0.005190499
-0.017224088,-0.0021002665
-0.017158423,0.0010715546
-0.01646969,0.0025410024
-0.016851451,0.001191532
-0.019435117,-0.0029789472
-0.024614802,-0.008891619
-0.03160949,-0.014680954
-0.038434234,-0.018351866
-0.042067487,-0.018607276
-0.04008197,-0.015623661
-0.03249355,-0.010850498
-0.021409387,-0.0061268103
-0.009264207,-0.0029923255
0.0018512275,-0.0023502074
0.010699548,-0.0043046107
0.015998948,-0.0075172833
0.017331036,-0.009872959
0.01602852,-0.009476373
0.014115169,-0.005911381
0.013500344,3.093486e-05
0.01542958,0.006660168
0.019925376,0.0117910355
0.02549154,0.013219754
0.029574197,0.010019404
0.029812165,0.0032458098
0.025226198,-0.0045137038
0.01639094,-0.010215467
0.00509525,-0.011406276
-0.00625782,-0.006964977
-0.01539169,0.0029003609
-0.02006697,0.016640658
-0.018800562,0.030740596
-0.012274061,0.04070556
-0.0032927387,0.04308434
0.0045213588,0.03748915
0.008732941,0.026657095
0.008722403,0.014471875
0.0051650167,0.004360223
-0.00036708094,-0.001315495
-0.005787729,-0.0015748237
-0.008407548,0.0030828505
-0.0063863415,0.010233042
0.0005612569,0.016557088
0.011223343,0.019151602
0.023174064,0.016240582
0.03335388,0.008001036
0.039099395,-0.0032912528
0.038979124,-0.013860368
0.033524226,-0.019852292
0.024938397,-0.019142427
0.016019715,-0.012356458
0.008954187,-0.0019239787
0.005171367,0.009524807
0.0051138755,0.019462738
0.008088839,0.024521796
0.012107782,0.022712989
0.015461887,0.014910622
0.017382557,0.003721709
0.017499492,-0.008141148
0.015650256,-0.018121526
0.012346143,-0.023768755
0.008672588,-0.023885556
0.005521161,-0.019238804
0.0032876357,-0.011941789
0.0020533786,-0.0042717126
0.001889927,0.002012934
0.0028679036,0.005951756
0.0049475534,0.007112495
0.008117257,0.0059132595
0.012313592,0.0033101349
0.01717932,0.00023291724
0.021842169,-0.0026640391
0.024987334,-0.0050112535
0.025158742,-0.0068240613
0.021328127,-0.008479358
0.01351008,-0.010604143
0.002725355,-0.013799524
-0.009901009,-0.01824517
-0.023250582,-0.023452964
-0.035429526,-0.02857948
-0.0441333,-0.032677524
-0.04756276,-0.03476625
-0.045764096,-0.034006685
-0.041021556,-0.029973952
-0.036350634,-0.022960294
-0.033800583,-0.013831311
-0.033972975,-0.003633874
-0.036149997,0.006694798
-0.03867322,0.016047673
-0.039471358,0.022839813
-0.036912724,0.025467316
-0.030654777,0.02346475
-0.021750446,0.017937854
-0.012032787,0.010597901
-0.0033971393,0.0027964874
0.002674372,-0.004812308
0.0057159923,-0.011847601
0.005710305,-0.017471578
0.0038179616,-0.021210972
0.0016470363,-0.023074208
0.0005256521,-0.023170374
0.0010397455,-0.021574955
0.002787552,-0.018209675
0.004480097,-0.012944676
0.004592016,-0.0058302693
0.002002283,0.0026812674
-0.0034486202,0.012197471
-0.011368711,0.022193998
-0.020359123,0.031356044
-0.028492818,0.037682924
-0.0337671,0.038983587
-0.0349407,0.034306034
-0.032197893,0.025315506
-0.027103111,0.015099949
-0.021704677,0.006162894
-0.017596688,-2.9520017e-05
-0.015437936,-0.0027890375
-0.014885921,-0.00207015
-0.014886789,0.0012708235
-0.0141101265,0.005757123
-0.011545863,0.00976901
-0.007028701,0.012015969
-0.0014054623,0.011984921
0.0037900296,0.010008186
0.006892676,0.0069211624
0.00673657,0.0037241608
0.0032633394,0.0012316074
-0.0023181208,-0.00026860466
-0.008178197,-0.0009006738
-0.012085837,-0.0010152514
-0.012213707,-0.0011434057
-0.008205115,-0.0014410492
-0.0014653745,-0.0014226317
0.005633415,-0.00043329105
0.01066141,0.0021082324
0.011136405,0.006568369
0.0059798327,0.012471718
-0.0039830515,0.018482655
-0.016875498,0.02303077
-0.030070657,0.024036394
-0.0404002,0.019221189
-0.045154184,0.0077727833
-0.04379511,-0.00820467
-0.038155556,-0.02522392
-0.030680085,-0.040234897
-0.022934375,-0.049876053
-0.015630169,-0.05062961
-0.009590655,-0.04201526
-0.0053856513,-0.027765404
-0.0021133914,-0.012243613
0.0019680823,0.0015965604
0.008696191,0.012621031
0.017911887,0.02007565
0.02755305,0.023528814
0.034773562,0.024726413
0.03729514,0.025771879
0.034118686,0.02837209
0.02644184,0.032991726
0.016860249,0.038729686
0.008232958,0.043723606
0.0030650022,0.04519679
0.002790919,0.040961422
0.007417484,0.03135176
0.015314991,0.019203914
0.024012418,0.006920818
0.030619746,-0.003917982
0.032482162,-0.010999253
0.028667634,-0.012645805
0.020660805,-0.01005155
0.011138454,-0.0063845464
0.0026898896,-0.004576966
-0.003076335,-0.0066665914
-0.00584469,-0.013844051
-0.00658006,-0.025964798
-0.007415034,-0.041361187
-0.010669098,-0.0567859
-0.017282376,-0.06714669
-0.025204165,-0.066740796
-0.03128113,-0.054562088
-0.034733493,-0.03545359
-0.03521928,-0.014088112
-0.03147524,0.0069116917
-0.022516247,0.025739297
-0.00868998,0.040403962
0.007632784,0.049050197
0.02242833,0.050927065
0.031504314,0.046758384
0.0327984,0.03849207
0.027655823,0.028241223
0.01934365,0.017375866
0.010860408,0.0066846777
0.004122771,-0.0031571505
-0.00030044117,-0.011620432
-0.0024343359,-0.017910393
-0.003113323,-0.020598464
-0.0040023695,-0.018862372
-0.0067557376,-0.012873318
-0.012089766,-0.0038874783
-0.019555775,0.0067600464
-0.027289238,0.017722154
-0.03248014,0.02664769
-0.03247019,0.030692827
-0.026192982,0.029016549
-0.014825702,0.023816656
-0.00090222026,0.018382743
0.013149049,0.014581578
0.025252253,0.012821071
0.032827448,0.013218004
0.03413634,0.015033841
0.029591203,0.01616009
0.021704525,0.01420982
0.013621213,0.007917101
0.007856205,-0.002346678
0.0053465045,-0.01518329
0.0056605525,-0.02883614
0.008137631,-0.039930828
0.011840897,-0.04455375
0.015411439,-0.040481593
0.017179437,-0.029359378
0.016268391,-0.01549191
0.013212516,-0.0031294269
0.009085644,0.0047796364
0.0045488314,0.0063432846
9.874379e-05,0.0013752161
-0.004019512,-0.007999159
-0.00870697,-0.018941293
-0.014304762,-0.027526224
-0.020322058,-0.029678717
-0.025791088,-0.02342001
-0.030316636,-0.010042402
-0.033842895,0.0076077217
-0.0353508,0.026753677
-0.033154577,0.043466765
-0.026786411,0.05233293
-0.017722392,0.049949728
-0.0077801575,0.03885082
0.0019986192,0.0241779
0.010558795,0.009566242
0.01677606,-0.003230738
0.019384239,-0.012677164
0.017512422,-0.01687902
0.011501719,-0.015785847
0.0024582485,-0.011341917
-0.008159689,-0.0057565095
-0.019077193,-0.00030609843
-0.028406769,0.0040931106
-0.03383876,0.0063708145
-0.033510853,0.005984842
-0.027193649,0.003551815
-0.016366681,0.0004783387
-0.003564979,-0.0020918425
0.008751218,-0.004077623
0.01878153,-0.005533322
0.023649052,-0.0061183497
0.021629337,-0.005523168
0.013328158,-0.004337223
0.0013801373,-0.003363003
-0.011409213,-0.0028635028
-0.02266627,-0.0024386218
-0.028909188,-0.0022778339
-0.027712688,-0.0025811575
-0.019539863,-0.0027876836
-0.0072678146,-0.0018734409
0.0057240385,0.0006470423
0.017508224,0.004673625
0.025610829,0.010198808
0.028036622,0.016702136
0.024758745,0.02286882
0.01776818,0.026845004
0.009838663,0.02704683
0.0035358455,0.022571461
0.0005481185,0.013572107
0.0011259457,0.0015214244
0.003930581,-0.01184714
0.0070363507,-0.026045026
0.008342458,-0.03857278
0.006579862,-0.04660971
0.0016880764,-0.048178643
-0.005368969,-0.04374138
-0.013388498,-0.035642724
-0.0210527,-0.026266554
-0.027141897,-0.017144563
-0.030858874,-0.009271922
-0.0320266,-0.003234843
-0.031125762,0.00095689844
-0.0289975,0.0038904757
-0.026370052,0.006417925
-0.023577418,0.0092230635
-0.020540142,0.012553846
-0.017020123,0.016135925
-0.012918257,0.019217378
-0.008505411,0.020757113
-0.0045093563,0.019869508
-0.0018565739,0.01597859
-0.0012768549,0.009122652
-0.0029108215,-0.00012076944
-0.0065872674,-0.011148927
-0.011503511,-0.023289463
-0.01609374,-0.03511126
-0.01785192,-0.04491511
-0.014572634,-0.050920613
-0.005542665,-0.05178094
0.0075944923,-0.04740107
0.022178812,-0.038908016
0.03602842,-0.027854966
0.047563784,-0.015655251
0.055134885,-0.0035667375
0.057297274,0.006830179
0.05394107,0.013758071
0.046941217,0.016032623
0.039013647,0.013829017
0.032175515,0.008514331
0.027102891,0.0018864796
0.023442997,-0.00442257
0.02040568,-0.009185206
0.017289741,-0.011776587
0.013794056,-0.012338649
0.010101113,-0.011752785
0.006737537,-0.011205802
0.004285334,-0.011706233
0.0031166286,-0.013750245
0.0031374109,-0.017149549
0.0036982014,-0.021035576
0.003759946,-0.02407829
0.0022888032,-0.024973553
-0.0012996431,-0.023093678
-0.006862704,-0.018897243
-0.01357336,-0.013639278
-0.02011487,-0.008748881
-0.024871636,-0.005653426
-0.026458897,-0.0055939904
-0.024474543,-0.008882555
-0.019794002,-0.014587518
-0.014120548,-0.021081708
-0.009254336,-0.026490165
-0.006606245,-0.028804937
-0.0068146097,-0.02661723
-0.009506706,-0.020084983
-0.013423908,-0.010704438
-0.016785484,-0.00013005997
-0.01760267,0.010255815
-0.014318433,0.018844487
-0.0066849543,0.024312986
0.0042061186,0.02643716
0.01661709,0.0258043
0.028546114,0.023120424
0.03777607,0.01912219
0.042384908,0.014681902
0.041706417,0.01055476
0.036758196,0.006997196
0.02950084,0.0038779867
0.021800863,0.0011367393
0.014910243,-0.0010133282
0.0093921805,-0.0021966735
0.005223741,-0.002092194
0.0019843397,-0.0006319615
-0.0009145895,0.001891832
-0.004054412,0.004786005
-0.007771513,0.006995331
-0.012098763,0.0073590507
-0.016796881,0.00499273
-0.02146361,-0.00034644987
-0.025684476,-0.008175052
-0.029053805,-0.017359806
-0.031041065,-0.02624001
-0.030956369,-0.032846857
-0.028285448,-0.0354328
-0.023343137,-0.03326623
-0.017431876,-0.027070912
-0.012058332,-0.018661225
-0.008262956,-0.010133125
-0.006553973,-0.0033224833
-0.0070580216,0.00047525502
-0.00955859,0.00059278833
-0.013372477,-0.0029499868
-0.017352004,-0.009329322
-0.020074155,-0.017175296
-0.020073509,-0.024771962
-0.016362214,-0.030314963
-0.009148352,-0.032371785
-5.4267683e-05,-0.03039056
0.008550833,-0.02485573
0.014461089,-0.01696734
0.016191268,-0.008259586
0.013366706,-0.00038704247
0.0070128213,0.0052038035
-0.0007573426,0.0077616647
-0.0076292944,0.007283646
-0.011425241,0.0041910154
-0.0107103735,-0.00046871422
-0.0056319856,-0.005078842
0.0021390654,-0.008160105
0.010378546,-0.00880281
0.016644917,-0.006452746
0.018866152,-0.0012465365
0.01636309,0.0056079226
0.010220635,0.012252246
0.0025318942,0.016982507
-0.0044556074,0.018388432
-0.008851179,0.015511982
-0.009818047,0.008629741
-0.008123075,-0.0006014346
-0.005828545,-0.010286987
-0.0050947615,-0.01874312
-0.0074983514,-0.023714872
-0.013169456,-0.023451563
-0.020688398,-0.017791083
-0.027629815,-0.007814376
-0.031099662,0.004814558
-0.028563367,0.017769285
-0.019330453,0.028399233
-0.005242709,0.034838248
0.010202852,0.036266036
0.022509562,0.03250744
0.02696833,0.024501976
0.021326786,0.0144723635
0.007607829,0.0046617244
-0.010383105,-0.0033366878
-0.030820088,-0.007962524
-0.04852162,-0.0073857415
-0.05520749,-0.0023455536
-0.046388347,0.00446559
-0.027290389,0.012125286
-0.004786596,0.020697134
0.01878314,0.028963476
0.041203246,0.034428682
0.055499077,0.03547602
0.054159854,0.032631118
0.039620936,0.027235687
0.02070275,0.01998805
0.0027416504,0.012404289
-0.012530167,0.006313337
-0.024534022,0.002200605
-0.031805318,2.7682268e-05
-0.034598336,-0.00064953964
-0.03503336,-9.6866344e-05
-0.03499108,0.0011978243
-0.035505835,0.0027378222
-0.036284477,0.0043268166
-0.035896156,0.0060247094
-0.032500535,0.0078100227
-0.025295718,0.009758966
-0.0149243465,0.011934977
-0.00330569,0.01426281
0.007547079,0.016156089
0.01536245,0.016533125
0.017514698,0.014656673
0.013049527,0.010565866
0.003675227,0.0048089162
-0.007849649,-0.0015502581
-0.019671181,-0.0072782775
-0.02905648,-0.0108699845
-0.03316035,-0.011305389
-0.03134087,-0.00833319
-0.025858851,-0.0024466482
-0.019866565,0.005242693
-0.015690064,0.01334373
-0.0144046275,0.020438096
-0.016021583,0.025088592
-0.019369777,0.026295071
-0.022240588,0.023784982
-0.02230434,0.018076874
-0.01821574,0.010459263
-0.010319056,0.00251749
-0.0004987498,-0.004658419
0.009072886,-0.011227789
0.016307062,-0.017067948
0.01879153,-0.021419736
0.015877113,-0.023690358
0.008863827,-0.024053704
0.00021488998,-0.022892945
-0.007405739,-0.020395802
-0.011620842,-0.016621929
-0.011048589,-0.011966759
-0.006074529,-0.0071505797
0.0014050902,-0.0028852394
0.009339223,9.955528e-05
0.015535585,0.0014178742
0.017882086,0.0010617786
0.015569867,-0.00034880658
0.009609395,-0.0020537127
0.0019026344,-0.003228629
-0.005694728,-0.003155263
-0.0117705865,-0.0012131132
-0.015082715,0.0025350023
-0.015413554,0.0073769595
-0.013504467,0.01230915
-0.010494458,0.016354661
-0.007490401,0.018707456
-0.005239243,0.01895782
-0.0039478973,0.017216569
-0.0033078012,0.014112431
-0.002805206,0.01054278
-0.0019735948,0.007363294
-0.00064811454,0.00520499
0.0010184892,0.004364034
0.0026921872,0.0047559016
0.0040003425,0.005977918
0.004689567,0.0074452003
0.0047385795,0.00851625
0.0043499107,0.008639727
0.003812479,0.0074629104
0.0032808913,0.004933581
0.0026602875,0.0013015082
0.0015767019,-0.002970149
-0.00053344766,-0.007357803
-0.0041030594,-0.011194762
-0.009100542,-0.013861515
-0.01488193,-0.01501827
-0.020212512,-0.014742495
-0.023498228,-0.013602231
-0.023298727,-0.012589681
-0.018986868,-0.012805451
-0.01113826,-0.015078241
-0.0012248139,-0.019935468
0.009058315,-0.027646715
0.017677473,-0.03760803
0.02243265,-0.047701832
0.021963721,-0.0543398
0.016746048,-0.054300804
0.008819332,-0.047344957
0.00047324,-0.035830148
-0.0063936203,-0.02234692
-0.010421448,-0.008982021
-0.010944109,0.0024872932
-0.0080462685,0.01035014
-0.0027854426,0.0130393915
0.0030520326,0.010366512
0.007967577,0.0036804012
0.011195851,-0.005144172
0.01247133,-0.014182632
0.012286229,-0.021496745
0.0118467165,-0.025793854
0.012412234,-0.026972204
0.014697969,-0.0260608
0.01868996,-0.024604507
0.023704352,-0.023946637
0.028486123,-0.024747316
0.031507444,-0.0266324
0.03150328,-0.028348604
0.028034432,-0.02836316
0.021657169,-0.025790343
0.0135328,-0.020803299
0.0048870295,-0.014392422
-0.003303154,-0.007876506
-0.010518355,-0.0024480391
-0.016520845,0.0009126372
-0.021027027,0.0014014131
-0.023895893,-0.00083443976
-0.024864847,-0.0046165404
-0.02347061,-0.008238337
-0.019124528,-0.010027847
-0.011523979,-0.008953306
-0.0010473947,-0.005075762
0.011730429,0.0002898069
0.027084475,0.005735032
0.044042207,0.009316337
0.060283866,0.009552895
0.07233524,0.0061962213
0.0766022,0.0009717427
0.07235699,-0.00359284
0.06284526,-0.0063336906
0.051794045,-0.007240979
0.04162967,-0.0065401243
0.033475265,-0.0048231105
0.027627327,-0.0030760157
0.023649022,-0.0024652975
0.020477436,-0.0037798795
0.016821852,-0.007076372
0.01161535,-0.011545241
0.004401893,-0.015846888
-0.0045023304,-0.01853916
-0.013923793,-0.018446404
-0.022048274,-0.0152502265
-0.026988054,-0.009770277
-0.027602987,-0.0037952627
-0.023986986,0.00067413674
-0.017401274,0.0021975508
-0.009780375,0.00039500158
-0.0031268091,-0.0040450073
0.0010393017,-0.00989354
0.0017721369,-0.015198452
-0.00094916526,-0.017766964
-0.006015962,-0.016337097
-0.011921441,-0.011236515
-0.017275382,-0.0038399037
-0.020980358,0.003904121
-0.022444723,0.0096351225
-0.021861186,0.011183751
-0.020057745,0.007713141
-0.018019471,2.439825e-05
-0.016538678,-0.010162405
-0.015915535,-0.020958668
-0.015647413,-0.030105434
-0.014498807,-0.035302375
-0.0113020595,-0.03523378
-0.0059407265,-0.030319996
0.0007119032,-0.022328174
0.0075965794,-0.013352359
0.013960507,-0.005088858
0.019046133,0.0014483059
0.021817328,0.0056295944
0.021707904,0.007277917
0.019110698,0.0066381795
0.015066289,0.004177676
0.010673524,0.00042000422
0.0066901646,-0.004208406
0.0033009357,-0.009450609
0.00020953496,-0.015050461
-0.0030289465,-0.020502359
-0.006748182,-0.025021741
-0.010859676,-0.027624244
-0.014723642,-0.027366858
-0.017294785,-0.023697155
-0.01755963,-0.016755134
-0.015046785,-0.0073995646
-0.01004703,0.003090789
-0.0032657492,0.013552918
0.0044267946,0.022803597
0.011094323,0.029232437
0.014181507,0.031755824
0.012093474,0.030362
0.0052840277,0.026149359
-0.0042972174,0.020847157
-0.014524858,0.016244212
-0.023308976,0.0135704605
-0.028207872,0.013259393
-0.027508857,0.014857036
-0.0215534,0.017371671
-0.012392872,0.019608488
-0.0025089597,0.02017174
0.005799753,0.01766924
0.010616809,0.011356719
0.01114149,0.0016733056
0.008023148,-0.01016424
0.0022986971,-0.022749165
-0.0047110184,-0.033884965
-0.010837389,-0.040930193
-0.013855273,-0.041875497
-0.013030124,-0.036580116
-0.0096904235,-0.026967477
-0.005795306,-0.015839107
-0.0025957017,-0.00582825
-0.00052484137,0.0009901257
0.00046121902,0.0033512444
0.00043588268,0.0008310277
1.7363187e-06,-0.0058075786
-0.00056451,-0.014903442
-0.0011775875,-0.02433833
-0.001854606,-0.0315402
-0.0026609062,-0.034303397
-0.0037428932,-0.031753298
-0.0052240854,-0.024889415
-0.0068922895,-0.015900815
-0.007959178,-0.00707487
-0.0073144813,-9.174691e-05
-0.004122018,0.0038690348
0.0017114556,0.0043552867
0.009437919,0.0017641417
0.017499,-0.003064003
0.023607148,-0.008881551
0.025416125,-0.014068793
0.021604339,-0.017351171
0.012737791,-0.018554082
0.00089599413,-0.018475132
-0.011467422,-0.017828684
-0.021660134,-0.016698856
-0.026505347,-0.015159233
-0.023912335,-0.013272285
-0.014500304,-0.0106254
-0.0011039833,-0.0066762324
0.013680099,-0.0016872529
0.028420102,0.004016399
0.040599097,0.00969273
0.0475298,0.014429821
0.048012786,0.01688006
0.04340068,0.01586506
0.036797862,0.011039826
0.030976543,0.0032643252
0.027208831,-0.005888726
0.025301056,-0.01452858
0.024290085,-0.020709753
0.022938348,-0.022495022
0.020315412,-0.019084925
0.016123665,-0.0115644215
0.01087348,-0.002232362
0.0057314597,0.006620106
0.0018586308,0.013117765
9.381614e-05,0.015180015
0.0007344414,0.011670206
0.0032834108,0.00341203
0.0067926273,-0.007682903
0.0097900545,-0.020161862
0.011063285,-0.031398784
0.010415835,-0.038187414
0.008742119,-0.03831656
0.007351943,-0.03213712
0.007188519,-0.022102665
0.00874418,-0.011116876
0.012169862,-0.0015944251
0.01686597,0.0048096464
0.021011746,0.006824421
0.022357158,0.00443492
0.019662598,-0.00090447674
0.013252451,-0.007075274
0.004455825,-0.012109476
-0.004919542,-0.014499595
-0.012538747,-0.013466228
-0.015996555,-0.009618468
-0.014269717,-0.004844613
-0.008233034,-0.0013620403
-0.0001006266,-0.0009374907
0.007668349,-0.0046728924
0.012421022,-0.012806034
0.011701185,-0.023877803
0.00468574,-0.03502803
-0.0076004737,-0.04316571
-0.022459472,-0.045463398
-0.03589184,-0.04046994
-0.044137206,-0.029116955
-0.04554172,-0.014514888
-0.04113392,-0.0002295808
-0.032939073,0.010953077
-0.023242367,0.01725037
-0.014261273,0.018093355
-0.007786997,0.014417626
-0.004652025,0.008422359
-0.0047006933,0.002713224
-0.0071782954,-0.00049619836
-0.0109248,0.0001981154
-0.014798785,0.0049008415
-0.018096458,0.012416985
-0.020567382,0.020570219
-0.02235724,0.026698615
-0.023760315,0.028433306
-0.024822572,0.02482231
-0.02511418,0.01691214
-0.023975084,0.0071096336
-0.020914102,-0.0019752816
-0.015646683,-0.00819006
-0.00849238,-0.010188755
-0.0006242786,-0.007912404
0.0063644247,-0.0027140314
0.011269718,0.003450151
0.012947127,0.008476254
0.010752944,0.010394427
0.0054481314,0.0081354175
-0.00097995,0.0019917514
-0.0066436934,-0.006679915
-0.010285505,-0.016475579
-0.010602514,-0.025364777
-0.00707047,-0.03131005
-0.000667108,-0.032891545
0.006482549,-0.02977362
0.011931732,-0.022733534
0.013858929,-0.013304005
0.011621304,-0.0032555072
0.005985032,0.0058740373
-0.0015693936,0.013449199
-0.009492001,0.019106278
-0.01592667,0.022292623
-0.019350944,0.022663686
-0.01915776,0.020456815
-0.015847087,0.016540667
-0.01075758,0.012023646
-0.0055130813,0.007784415
-0.0015058735,0.004356511
0.00040404516,0.0020702013
-0.0001149796,0.0011198148
-0.0028759143,0.00156359
-0.007312297,0.0033129253
-0.012676038,0.0061445516
-0.018171277,0.009678185
-0.023099402,0.013394046
-0.02690986,0.01666521
-0.029236,0.018839616
-0.029924039,0.019338038
-0.02903388,0.01780627
-0.026868373,0.014247858
-0.02393886,0.009046693
-0.020892376,0.002864815
-0.01839524,-0.0034644555
-0.016945837,-0.008979144
-0.016687594,-0.012562489
-0.017335285,-0.013142995
-0.01827254,-0.010161599
-0.018800197,-0.00390902
-0.018354036,0.0045615267
-0.01657896,0.013732431
-0.013522869,0.021701327
-0.009994422,0.026410364
-0.0074842125,0.02643003
-0.007451901,0.021780336
-0.01064349,0.01398619
-0.017164376,0.0053537567
-0.026707085,-0.0018241975
-0.03779172,-0.005258097
-0.04738751,-0.0032342852
-0.051944274,0.0042413813
-0.049614575,0.015322294
-0.04119058,0.027520565
-0.028802823,0.038662955
-0.014717956,0.046858042
-0.0014456778,0.050521422
0.008339444,0.04901957
0.0130630415,0.043216925
0.013319696,0.034995798
0.011262405,0.026153838
0.009320325,0.017779069
0.009416302,0.010206541
0.012529259,0.0032169353
0.01846369,-0.0037644727
0.025686406,-0.011070101
0.031489924,-0.0179143
0.032794397,-0.022091646
0.027579525,-0.020926446
0.016206196,-0.0134779755
0.0010969527,-0.0010676048
-0.0149910655,0.01605636
-0.03022829,0.03997512
-0.039475214,0.07026108
-0.037414607,0.10215885
-0.024545314,0.110423274
-0.014187703,0.08245706
-0.0018789594,0.055607677
0.01108914,0.030152287
0.02083748,0.008506071
0.026458941,-0.0118001085
0.027188573,-0.025591148
0.024623232,-0.029651308
0.02127101,-0.02437531
0.019402739,-0.013838032
0.019746142,-0.0025669532
0.022345513,0.0059083076
0.025574196,0.008950815
0.026985731,0.0059288037
0.024894446,-0.0017058637
0.019664226,-0.01087908
0.012438484,-0.018517902
0.004877357,-0.02226199
-0.00024182758,-0.020198649
0.00036109655,-0.012512319
0.006359117,-0.0024232205
0.017769743,0.008035525
0.033164203,0.015958177
0.048960388,0.01926371
0.05859911,0.017290609
0.056487013,0.012444936
0.043394793,0.00748633
0.024947697,0.0037459112
0.005944907,0.0018712722
-0.0107037285,0.0027865868
-0.023065412,0.0061718784
-0.027041234,0.009625657
-0.021818843,0.009847074
-0.010430807,0.0060111904
0.0030218211,-0.0012864509
0.015586472,-0.01232241
0.024192823,-0.026837572
0.026100539,-0.04154789
0.021529818,-0.052060615
0.0131551,-0.055781573
0.004839348,-0.052670367
-0.0006229822,-0.044836737
-0.0021623003,-0.034855437
-0.00024129178,-0.025076767
0.0034329256,-0.01707297
0.006948933,-0.011791872
0.0082885055,-0.009194791
0.00641865,-0.008564308
0.0017879196,-0.008850724
-0.0039367992,-0.008853144
-0.008380047,-0.0075150607
-0.009163366,-0.0044374475
-0.0050641517,-4.0028528e-05
0.0032099222,0.0049246224
0.014165042,0.009592472
0.025188103,0.012698377
0.032309063,0.013418936
0.032095436,0.011818115
0.02417181,0.00846261
0.011394555,0.0040184036
-0.002447973,-0.0005634726
-0.015083473,-0.0039792
-0.023734666,-0.0054467227
-0.025386918,-0.0047911615
-0.020176208,-0.0025025615
-0.011172229,0.0010008077
-0.00201284,0.004894297
0.004477795,0.0082675
0.006132376,0.010356088
0.0019672562,0.01099143
-0.0065787216,0.01059726
-0.017064353,0.010158404
-0.026544312,0.010639103
-0.031723697,0.012481756
-0.030403515,0.015397377
-0.02300943,0.018764196
-0.012071705,0.021815334
-0.00034878848,0.023325227
0.009713513,0.021722106
0.01607654,0.015887788
0.018002437,0.0061135315
0.016563738,-0.0060970285
0.01349965,-0.018785143
0.010375197,-0.029366052
0.008932147,-0.03454629
0.010272929,-0.031813573
0.0136967255,-0.0212678
0.017402092,-0.0055824006
0.020454599,0.012351283
0.022240918,0.030293263
0.021404399,0.044750344
0.01639623,0.05130012
0.007846306,0.04737413
-0.00071234803,0.03487181
-0.0061459676,0.018290993
-0.0076737804,0.001792068
-0.006184405,-0.012146475
-0.0018508424,-0.021959843
0.0048993803,-0.025563942
0.012658626,-0.022731027
0.019653771,-0.015138205
0.024746442,-0.0053293575
0.027047392,0.0042966027
0.025729641,0.01177466
0.020296026,0.015724406
0.011290309,0.015747588
6.4397354e-05,0.012491293
-0.0121901,0.0073537785
-0.02487934,0.0014143154
-0.036487035,-0.004633473
-0.044425018,-0.010447913
-0.04598576,-0.015881272
-0.040020682,-0.02052865
-0.027934885,-0.023642946
-0.01253677,-0.024702996
0.0036488571,-0.023748128
0.019011315,-0.020964703
0.032147326,-0.016037289
0.041551474,-0.008752907
0.046393845,0.00034418722
0.04704868,0.009788283
0.044740494,0.017832287
0.040793557,0.022964666
0.03604398,0.024287017
0.030763516,0.021833546
0.024821999,0.016640464
0.017899737,0.010333687
0.009776944,0.004562194
0.00073045987,0.00065833057
-0.008619196,-0.00037479348
-0.017113376,0.0016807284
-0.022429148,0.006456103
-0.022977216,0.012225406
-0.018680174,0.017249625
-0.011039354,0.02007555
-0.002581544,0.01989874
0.003921064,0.016528983
0.006163527,0.010498632
0.0031649603,0.0031329505
-0.0041548745,-0.0041302447
-0.014255861,-0.010016825
-0.024096733,-0.013157067
-0.029548774,-0.013152701
-0.027636843,-0.010811827
-0.018728582,-0.0075311097
-0.0059164553,-0.004704075
0.0071687996,-0.0038268834
0.017783696,-0.006238036
0.0220041,-0.012002886
0.01752152,-0.019622946
0.0055964817,-0.027468752
-0.010923838,-0.034085985
-0.028427701,-0.037248958
-0.04115071,-0.03489951
-0.04262858,-0.026971111
-0.031822838,-0.015725724
-0.013811545,-0.0033832435
0.0070096785,0.008288114
0.031344544,0.017686531
0.05747679,0.022070644
0.07974026,0.019668536
0.089033075,0.012714935
0.08165759,0.006397373
0.0666705,0.0016070458
0.051180955,-0.0022129691
0.03747072,-0.0040882654
0.025749454,-0.0035872422
0.016046943,-0.0011442463
0.0079774335,0.0020602802
0.0011719577,0.004966995
-0.004666116,0.0066831103
-0.009649652,0.0067434544
-0.01339434,0.0054072076
-0.0153334765,0.0034189322
-0.015123773,0.0017246883
-0.012995437,0.0010759867
-0.009977893,0.0017314886
-0.0074411,0.00335563
-0.006629839,0.005218469
-0.008103993,0.0063441936
-0.011579258,0.0057505346
-0.016176052,0.003210671
-0.020276042,-0.0008978444
-0.022115717,-0.005661328
-0.020317525,-0.0097954525
-0.014710484,-0.012006043
-0.0065481206,-0.01149776
0.0020184505,-0.008374044
0.008964213,-0.0034803161
0.012700057,0.0021783032
0.012114445,0.007451329
0.0073771696,0.011264854
3.8438706e-05,0.013056171
-0.007776686,0.012942649
-0.013943899,0.011315222
-0.01662514,0.00855776
-0.014876547,0.005008443
-0.00911915,0.0009406443
-0.0008440453,-0.0036199554
0.008404669,-0.00936326
0.017416228,-0.016941505
0.024709014,-0.026107758
0.029301735,-0.035489164
0.030860025,-0.042732663
0.029721381,-0.04495763
0.026683824,-0.0403326
0.022427632,-0.029386286
0.017351396,-0.014529893
0.0119725065,0.0014495496
0.007242755,0.01676103
0.0032639776,0.02944163
0.00010209927,0.035936575
-0.0022547895,0.033858377
-0.0031023608,0.02440017
-0.0019322746,0.011451047
0.00091330777,-0.00084133435
0.00440995,-0.009717413
0.008012477,-0.012628285
0.011176584,-0.007757453
0.013467661,0.0034855194
0.015166238,0.018413648
0.016821716,0.03392862
0.018030304,0.04555817
0.017223395,0.048442487
0.013523392,0.040619098
0.008552075,0.02542254
0.0038428244,0.0077835512
-0.00078345154,-0.008389875
-0.0061327773,-0.021378797
-0.010738423,-0.027885726
-0.012098363,-0.026379086
-0.009377377,-0.01883691
-0.0033883296,-0.008947592
0.004650433,-0.00023407128
0.0138656,0.0048277737
0.021864953,0.0046397108
0.025244826,-0.00042237694
0.022083715,-0.007786607
0.012829937,-0.014395526
-0.0007354956,-0.017747944
-0.0162149,-0.01611649
-0.030437246,-0.008639934
-0.039359808,0.0035604532
-0.040119663,0.016962046
-0.03275877,0.027366465
-0.020368438,0.03196335
-0.00706608,0.030237881
0.0032930218,0.023139825
0.008041985,0.0127120735
0.0063708685,0.0015814953
-0.0006006962,-0.007928764
-0.010745462,-0.014113004
-0.020466575,-0.0156089235
-0.025467286,-0.012736597
-0.023310216,-0.0073576868
-0.014870287,-0.0016045371
-0.0032684845,0.0029863808
0.008247635,0.005561661
0.016716339,0.0055489773
0.018534731,0.0034198544
0.012668165,0.0004141783
0.0013970686,-0.002767038
-0.012233787,-0.0057549546
-0.025561223,-0.007807917
-0.03440034,-0.009055763
-0.03535607,-0.01029932
-0.028559243,-0.011655356
-0.017293254,-0.012454606
-0.005640297,-0.012213538
0.0033216092,-0.010848107
0.007521216,-0.0082351705
0.006242587,-0.0045198216
0.0006702839,-0.0006793951
-0.00657614,0.002061889
-0.012922007,0.002923614
-0.015780069,0.0008496691
-0.013931691,-0.0042539975
-0.008071538,-0.011343473
-0.00023047604,-0.01903402
0.007214155,-0.025726298
0.011836543,-0.029262695
0.0119894035,-0.027905997
0.007613645,-0.021946725
9.297301e-05,-0.013523914
-0.008398569,-0.004891163
-0.015823027,0.0026989714
-0.02011011,0.007954124
-0.019943224,0.009555735
-0.015536582,0.0076771937
-0.008307208,0.003831449
-7.2763716e-05,-0.00020138914
0.0077078403,-0.003354269
0.014099874,-0.004919833
0.01834142,-0.004559095
0.020458063,-0.002761532
0.020976737,-0.0006900495
0.020622795,0.0004610944
0.02000247,-0.00019394945
0.019386336,-0.0028906611
0.018658252,-0.0072878213
0.017447634,-0.012435958
0.015226339,-0.017264966
0.011603835,-0.02056273
0.0065008593,-0.021581987
0.00016634283,-0.020148423
-0.0069079488,-0.016635193
-0.014131294,-0.011652436
-0.020825893,-0.005818981
-0.026178049,0.00018510854
-0.029385056,0.00553532
-0.029938025,0.009339189
-0.027813705,0.010923308
-0.023500158,0.010041744
-0.017829737,0.006923953
-0.011739903,0.0021361518
-0.006062027,-0.003577774
-0.0013291554,-0.009516842
0.0024270173,-0.014786617
0.0054992144,-0.018334143
0.00858586,-0.01943998
0.012461745,-0.018155128
0.017751802,-0.01525224
0.024741778,-0.011936839
0.033164628,-0.009443893
0.041932307,-0.008712269
0.04913189,-0.0099579785
0.052482076,-0.012342639
0.050413392,-0.014211933
0.04313513,-0.014120933
0.032467876,-0.011567018
0.020740964,-0.006784772
0.010058827,-0.00037449045
0.0021083432,0.0069261165
-0.0021686752,0.014233303
-0.0022930861,0.01979463
0.0012023754,0.02217477
0.0068355817,0.02123622
0.013027039,0.018018154
0.018417874,0.014008363
0.022138504,0.0107521685
0.023965724,0.009413634
0.02428134,0.010338648
0.023748081,0.012832628
0.022890229,0.015409914
0.021700665,0.016336173
0.019708216,0.014223545
0.016325975,0.008755701
0.011311096,0.0008994702
0.0048462814,-0.0075747
-0.0027372092,-0.01475704
-0.0102391,-0.018424144
-0.015170669,-0.01692031
-0.015254352,-0.010332938
-0.0098403515,-0.0003673136
0.00032223723,0.01077731
0.014977857,0.02109539
0.032785412,0.027698975
0.049686823,0.028060779
0.059601568,0.021705285
0.05820373,0.011026865
0.047118284,-0.00074171746
0.031067373,-0.011654099
0.01347876,-0.020406386
-0.0037350522,-0.025824694
-0.018407565,-0.02678707
-0.02727975,-0.02311538
-0.02844585,-0.01625271
-0.022914989,-0.008276527
-0.0133887725,-0.00091893726
-0.0025829,0.004684239
0.007827481,0.007890876
0.016393684,0.008368152
0.021638904,0.0065693995
0.023129024,0.0038211734
0.021514036,0.0016215856
0.017945115,0.0013211634
0.013664542,0.003750229
0.009630126,0.009041454
0.006412661,0.016733892
0.0042170924,0.025740767
0.0030685603,0.034113187
0.0026771994,0.03951803
0.0027802093,0.03996809
0.003351476,0.035027552
0.0047657858,0.026180608
0.0073706224,0.015926156
0.011177947,0.006643905
0.015929233,-3.2237185e-05
0.021142634,-0.003007329
0.026190717,-0.0018587161
0.030362735,0.0025019064
0.032944407,0.0081398785
0.033241123,0.0127888955
0.030744305,0.014577471
0.025623301,0.012802073
0.018842408,0.0082983095
0.011596972,0.0030003383
0.0048014605,-0.00094065577
-0.0008892464,-0.001898724
-0.0049303034,0.00071449875
-0.0067415074,0.0061623724
-0.0060330057,0.012375376
-0.0030744837,0.016550848
0.0013351262,0.01627017
0.006127843,0.010702833
0.010477882,0.0010860213
0.013777943,-0.010331103
0.015277686,-0.020442715
0.014816901,-0.025187783
0.012965759,-0.021836625
0.010308613,-0.0111977905
0.0073773735,0.0031604564
0.0051254146,0.018041225
0.0038514184,0.02983492
0.0028830306,0.033613708
0.0013073008,0.027000029
-0.00041529073,0.012703204
-0.0018790904,-0.004327529
-0.0042036553,-0.020941637
-0.007667811,-0.03323236
-0.01046042,-0.036091935
-0.010857601,-0.028332248
-0.009258582,-0.013695963
-0.00617762,0.0028868022
-0.0007514205,0.0182441
0.008071395,0.029111313
0.01903691,0.031794976
0.030069524,0.02607516
0.039938435,0.014568515
0.047620576,0.0006337853
0.05153258,-0.012401843
0.049888324,-0.021038283
0.042313054,-0.023004424
0.030294303,-0.01949047
0.016157417,-0.01354499
0.001954004,-0.007543887
-0.010615478,-0.002285808
-0.020271396,0.0020619954
-0.024956005,0.0048998334
-0.023831714,0.0059052454
-0.017860254,0.00543979
-0.009310146,0.003986358
-0.00081774313,0.0016931602
0.0053282715,-0.0017681608
0.007369996,-0.0063149845
0.0041905893,-0.011112521
-0.0036205242,-0.014811195
-0.014512191,-0.016021356
-0.026166929,-0.013382414
-0.03567478,-0.0065299924
-0.04049734,0.0032997762
-0.039471336,0.0132892765
-0.033403885,0.02018677
-0.02445671,0.021521224
-0.015169901,0.016669033
-0.007499406,0.006937042
-0.002557368,-0.0050490783
-0.0006722091,-0.01680233
-0.0012393488,-0.024445899
-0.0024164682,-0.02434963
-0.0023494125,-0.016051888
-0.0006624372,-0.0025500488
0.0027825055,0.012454853
0.0086548515,0.026016867
0.015340252,0.033327304
0.019592721,0.031262256
0.01993438,0.021037519
0.01705629,0.0069403946
0.011917728,-0.006730214
0.0047959685,-0.016685413
-0.0034491182,-0.019980442
-0.0110239815,-0.015967518
-0.016997142,-0.0069779116
-0.02123274,0.0033669455
-0.023734892,0.011615907
-0.024666304,0.014876889
-0.024384119,0.0123381475
-0.0231558,0.0060589006
-0.021089002,-0.00036596565
-0.018099051,-0.0034916208
-0.0140707,-0.001094297
-0.009549022,0.0067768483
-0.005104286,0.01815589
-0.00092412235,0.029681908
0.0019237316,0.036606345
0.0018131243,0.03471462
-0.0013693529,0.023582546
-0.005842805,0.0069204536
-0.010940562,-0.010840969
-0.016920138,-0.026850754
-0.0221499,-0.03614216
-0.023730297,-0.034864422
-0.02177365,-0.024196561
-0.018911283,-0.009065706
-0.016708713,0.0059565613
-0.015142073,0.017660026
-0.014297262,0.02302294
-0.014382313,0.020832662
-0.014954905,0.013377052
-0.015442261,0.004588641
-0.015747447,-0.0021099795
-0.015953036,-0.0044097225
-0.016431388,-0.0016872612
-0.017918175,0.0046379324
-0.020868115,0.012032324
-0.025148787,0.017704478
-0.029986726,0.019272424
-0.033703946,0.015974976
-0.034288052,0.009081415
-0.030304631,0.0013940195
-0.02159475,-0.0041488903
-0.009502295,-0.005760858
0.003497315,-0.0037488719
0.015556678,-0.0002302029
0.024757577,0.0025579466
0.028364604,0.0022364338
0.025527315,-0.0024406384
0.018307513,-0.011100016
0.009653251,-0.021964695
0.0017089349,-0.032208037
-0.0031670688,-0.037999183
-0.0028157511,-0.036194228
0.0021648007,-0.026770668
0.008604564,-0.012749614
0.014108052,0.0020576695
0.017342977,0.014868751
0.016446505,0.02267941
0.0108693885,0.023289265
0.00302946,0.017260807
-0.0035479933,0.0074829794
-0.0065566115,-0.0026992562
-0.0048788516,-0.010798949
0.0018161231,-0.015003548
0.012073797,-0.014891066
0.023237512,-0.011611764
0.032352183,-0.006968613
0.03630196,-0.002657012
0.033227462,-1.1634178e-06
0.024136636,0.00030051282
0.012239447,-0.0014340658
0.00072939054,-0.003979544
-0.008500277,-0.0058775074
-0.013972074,-0.0062264637
-0.01454823,-0.0050603896
-0.011010481,-0.0032246711
-0.0051297965,-0.001767873
0.0013173389,-0.0016187862
0.0071469215,-0.0033661867
0.011614186,-0.006968433
0.014510997,-0.011625028
0.016095657,-0.016161151
0.01667917,-0.019569306
0.016369088,-0.021207288
0.014956182,-0.020994753
0.012072053,-0.019351278
0.007579623,-0.0169219
0.0018175136,-0.014213182
-0.004355267,-0.011398187
-0.009797124,-0.008284126
-0.013204051,-0.0047276644
-0.013660275,-0.0010310853
-0.011278551,0.0020204643
-0.007284082,0.003310177
-0.0036069134,0.0016990877
-0.0022577224,-0.003609117
-0.004875267,-0.012878488
-0.012544796,-0.02545552
-0.025429131,-0.03962064
-0.042450584,-0.052738316
-0.060255792,-0.061356258
-0.06995865,-0.061793964
-0.06251077,-0.053969875
-0.04571265,-0.042284895
-0.02829518,-0.029894829
-0.012912939,-0.019811558
-4.7371308e-05,-0.013469033
0.009558633,-0.0113793295
0.015060561,-0.012258562
0.016630957,-0.0138914585
0.015794478,-0.013695573
0.01446999,-0.010092335
0.0140065085,-0.0028434696
0.0149220405,0.00690757
0.016641622,0.017085873
0.017501364,0.024701796
0.015308033,0.026867306
0.009182511,0.022540387
0.00063593325,0.013306103
-0.00817948,0.0024601005
-0.016342876,-0.006656403
-0.021569075,-0.011060505
-0.021369359,-0.008615584
-0.016093265,0.0001372853
-0.008691075,0.012632793
-0.0011605892,0.02587321
0.004379124,0.03580735
0.0048200306,0.038309056
-0.00083514623,0.03193388
-0.009704811,0.01936215
-0.018497696,0.0049335174
-0.02518047,-0.00773493
-0.026639843,-0.015265861
-0.020449258,-0.01499035
-0.008525913,-0.0071649873
0.0048160474,0.0050957636
0.018574512,0.018661143
0.030880883,0.029777056
0.03725509,0.034245923
0.03485886,0.02991365
0.026861332,0.01833249
0.018346896,0.0030591188
0.0118510015,-0.012774921
0.00722441,-0.027294312
0.004329947,-0.03804548
0.0027466223,-0.042984504
0.0010790372,-0.041963775
-0.0025084978,-0.036942028
-0.008963899,-0.030424885
-0.017721329,-0.024147647
-0.026921744,-0.01845758
-0.033652797,-0.012991579
-0.03481759,-0.00754238
-0.028829586,-0.002207402
-0.017136686,0.002849142
-0.0029307178,0.007200531
0.0113125,0.009813165
0.023213923,0.009135146
0.029038807,0.004337645
0.027017014,-0.0036160464
0.018887058,-0.013060381
0.0076950854,-0.022201791
-0.0040176813,-0.02891311
-0.013368519,-0.03081859
-0.017506484,-0.02679981
-0.015827252,-0.017929157
-0.010379289,-0.006874226
-0.0035349263,0.0036921669
0.0033824048,0.011712086
0.009105514,0.015335119
0.01238438,0.013666895
0.013300942,0.0079070795
0.012983871,0.0003767271
0.0124325575,-0.0065169907
0.012166055,-0.010649884
0.012191899,-0.010579825
0.01214236,-0.006330197
0.011377292,0.00058647816
0.00959049,0.007975688
0.006684542,0.0137036275
0.0030039607,0.015881745
-0.00065229886,0.0135843605
-0.0032925997,0.0074020945
-0.0044186786,-0.0008680948
-0.004387867,-0.00931022
-0.0039200005,-0.016127799
-0.0039557745,-0.019486513
-0.005458503,-0.018476192
-0.0090558315,-0.013595677
-0.0147415465,-0.0063261455
-0.02183585,0.0018731711
-0.028911956,0.009657327
-0.034135677,0.015324974
-0.03591494,0.017220806
-0.03360612,0.014681775
-0.027763322,0.008546019
-0.01978916,0.00042985362
-0.01130717,-0.008315983
-0.0035783544,-0.016991293
0.0027833462,-0.024713244
0.007400439,-0.029988436
0.0102465935,-0.031378075
0.011449845,-0.02827389
0.01109667,-0.0211521
0.009209104,-0.011406476
0.005887088,-0.00076583173
0.0015604029,0.0093327025
-0.0035022732,0.017807636
-0.008685418,0.022935294
-0.012977032,0.023412785
-0.015049263,0.019191701
-0.013986799,0.011734619
-0.009777103,0.003380243
-0.0034555034,-0.0036649492
0.003337169,-0.008076225
0.008907613,-0.009038626
0.011408866,-0.006399171
0.00980286,-0.0013306927
0.004464952,0.004086318
-0.0029626766,0.007968574
-0.010355123,0.009017532
-0.015200393,0.0064610336
-0.01536468,0.0006675526
-0.010221118,-0.006620634
-0.0009914885,-0.013349864
0.010268768,-0.018130511
0.020957962,-0.019784741
0.028015833,-0.017474085
0.028991459,-0.011586343
0.0234894,-0.0041246563
0.013376275,0.002444308
0.0016473912,0.0067393067
-0.009161665,0.009012917
-0.017164841,0.009712138
-0.020576328,0.009416223
-0.019103099,0.009082814
-0.014090785,0.009631946
-0.0076752664,0.011204271
-0.0017651006,0.013035483
0.0023186016,0.013702856
0.0038281519,0.011768204
0.0028408929,0.0065120496
0.00014931166,-0.0016331964
-0.0036996133,-0.011627203
-0.00860348,-0.021910751
-0.014324388,-0.030130826
-0.02028155,-0.034207474
-0.025897643,-0.03341745
-0.030567868,-0.028825894
-0.033654902,-0.02269882
-0.03412939,-0.017540775
-0.030849172,-0.015311303
-0.02342251,-0.016768962
-0.012710609,-0.021116808
-0.00043050983,-0.026872465
0.011251477,-0.03205119
0.019554202,-0.033953935
0.02159659,-0.030268503
0.01606879,-0.02167651
0.0042893505,-0.011800348
-0.010842284,-0.0040056915
-0.027116925,0.0009999075
-0.041179158,0.002036056
-0.04857029,-0.002329533
-0.04613179,-0.0109736575
-0.034698732,-0.01979135
-0.018239202,-0.02452966
-0.0011544109,-0.023024965
0.013131965,-0.015171691
0.022504946,-0.0023679242
0.026117943,0.012896746
0.024309928,0.027239485
0.018380472,0.036808927
0.010539535,0.03840207
0.0037700525,0.031381074
0.0005593702,0.018445358
0.001354791,0.0037752807
0.0045322175,-0.00948594
0.008192846,-0.020233609
0.010591346,-0.026424918
0.010505431,-0.027564662
0.0076297694,-0.02526685
0.0027277828,-0.022081975
-0.0029246665,-0.020054463
-0.007863098,-0.019999519
-0.010914405,-0.021440221
-0.011427435,-0.022907985
-0.009712843,-0.02264873
-0.006804669,-0.019319264
-0.0042020753,-0.012805891
-0.0031301277,-0.004314462
-0.004009177,0.0041825436
-0.0064839004,0.011012441
-0.009818819,0.014251463
-0.012955106,0.012769163
-0.01467867,0.0071870247
-0.014212197,-0.00035937992
-0.011386972,-0.007343669
-0.00646985,-0.011427259
-0.00010295151,-0.011055401
0.0067220842,-0.0061311317
0.0132627655,0.0018922704
0.01920016,0.010961496
0.023989877,0.01849641
0.026742252,0.021882499
0.026865043,0.01955552
0.024762558,0.011822807
0.021583416,0.00049892947
0.018199703,-0.012265408
0.014816258,-0.024469106
0.011789351,-0.033756856
0.010032364,-0.03783827
0.010269193,-0.035694882
0.01231851,-0.028157309
0.01530725,-0.017230352
0.018423788,-0.0049925824
0.021113178,0.0070426604
0.022534115,0.017661719
0.02169017,0.025543282
0.018129695,0.029643087
0.012430546,0.029621476
0.005939095,0.026060587
7.8686906e-05,0.020225763
-0.0041905004,0.013628892
-0.006511222,0.0076698554
-0.0070116026,0.0034230377
-0.0060985186,0.0015028276
-0.0043041515,0.0019664976
-0.0021024435,0.004282951
0.00030520925,0.007497026
0.0029620593,0.010477571
0.0059470874,0.012227668
0.009192683,0.01221765
0.01230605,0.010575548
0.014486342,0.007986405
0.01463992,0.0054166694
0.011753064,0.0037749396
0.0054256236,0.0035301915
-0.0038127394,0.0046175136
-0.015017061,0.006820184
-0.026326535,0.009634545
-0.03481982,0.012084384
-0.037407268,0.013015318
-0.032536212,0.012208429
-0.021402055,0.010877435
-0.007151339,0.010646453
0.0071305824,0.012197057
0.019251911,0.015084027
0.026051385,0.018613989
0.025077986,0.021730082
0.016855596,0.022775836
0.0048027425,0.020484999
-0.0070550404,0.014729464
-0.015575057,0.0062296796
-0.018528065,-0.0039033438
-0.015114006,-0.013895112
-0.0067944205,-0.02186408
0.0033406606,-0.026604915
0.011661563,-0.027605359
0.014715382,-0.024989845
0.0106265,-0.020064771
0.0002395795,-0.015157759
-0.013828225,-0.01194929
-0.028804647,-0.010202427
-0.040602077,-0.00939584
-0.044434216,-0.00933154
-0.03792163,-0.009444433
-0.023637222,-0.008387454
-0.006503703,-0.0053863274
0.00961606,-0.0014502491
0.022990456,0.0022858616
0.030045321,0.005084186
0.028286634,0.0066218595
0.018975018,0.0065459013
0.0058349734,0.00494716
-0.007745014,0.0027816512
-0.020039983,0.0011525406
-0.02856181,0.00022270462
-0.031256977,-0.00073523214
-0.028044311,-0.0027060627
-0.020630851,-0.0062327734
-0.011156342,-0.011554317
-0.0013713894,-0.018733166
0.007713853,-0.027157564
0.015313013,-0.03476385
0.020921003,-0.038408063
0.024422789,-0.03555629
0.025923813,-0.026205497
0.025688188,-0.012827821
0.024595924,0.0013231705
0.023622124,0.0134498775
0.023025682,0.020756567
0.02258923,0.020811133
0.022368789,0.013528612
0.022763744,0.0012901014
0.023331625,-0.012937784
0.022536596,-0.026082197
0.018949328,-0.034290228
0.01215555,-0.034572713
0.0026405766,-0.027492862
-0.008727671,-0.01653612
-0.02091875,-0.0047000623
-0.032402284,0.006563807
-0.04070313,0.015150264
-0.0435368,0.018780343
-0.040203948,0.017324233
-0.032122273,0.013488789
-0.021796186,0.010541974
-0.011664326,0.010447402
-0.0033608708,0.013753415
0.0025704026,0.02008012
0.006354351,0.028316118
0.008679071,0.03669988
0.010497162,0.043308906
0.012592623,0.046684396
0.015190666,0.04631293
0.017799253,0.04282981
0.019292727,0.037561942
0.018255828,0.031767964
0.013611202,0.026198125
0.005199426,0.021075996
-0.006113313,0.016477484
-0.01917821,0.012575523
-0.03256864,0.009523028
-0.044187643,0.0074658347
-0.051774733,0.0064338497
-0.05412116,0.0063721146
-0.051978845,0.0072507695
-0.047478408,0.008799901
-0.042575896,0.010232734
-0.0381238,0.010378274
-0.03384793,0.00822689
-0.02868997,0.0035116845
-0.02146419,-0.003007986
-0.011584497,-0.009790763
0.00060523726,-0.0153455185
0.014320755,-0.018620113
0.027863145,-0.018646875
0.03854134,-0.01480265
0.043328024,-0.0075070877
0.04082762,0.0013676315
0.032058842,0.0089437235
0.020458762,0.013410328
0.009319546,0.014288194
0.0013422219,0.012749385
-0.0023458765,0.010009608
-0.0019201641,0.007613538
0.0009362285,0.006557134
0.0038173043,0.0070533617
0.0045676427,0.0084037585
0.0021261408,0.0093959225
-0.002762867,0.008885764
-0.00769921,0.00632055
-0.009444213,0.0021781398
-0.005141004,-0.0020175907
0.006278679,-0.0041277837
0.024224736,-0.0026702336
0.04807226,0.0028678172
0.075009055,0.012073361
0.10634101,0.023381619
0.14212914,0.030670505
0.16053547,0.0380076
0.042824276,0.07045384
0.019748902,0.05893648
-0.01810673,0.0452691
-0.027435321,0.03364678
-0.039762445,0.019900503
-0.02770037,0.006833284
-0.012209066,0.00010263673
0.0050339913,9.592433e-05
0.019641364,0.0021456226
0.026633725,0.008253403
0.023728903,0.011154991
0.011072968,0.012462242
-0.0042068446,0.009135116
-0.019752746,0.004597062
-0.029987562,-0.0009812943
-0.031835046,-0.0050963094
-0.023905845,-0.005814763
-0.012523691,-0.00015415138
0.004009305,0.0042627514
0.0154166315,0.013772412
0.026029306,0.020583594
0.027937237,0.026019763
0.025648188,0.026916368
0.019320332,0.025134478
0.014602905,0.021462679
0.0126074,0.018005798
0.014664446,0.016255751
0.019335097,0.01628217
0.024866432,0.017635535
0.028593676,0.018395511
0.02833547,0.017215341
0.023736883,0.012714311
0.016613878,0.0052209054
0.009662939,-0.0039847554
0.0046630185,-0.012789436
0.0027925966,-0.019339941
0.004603522,-0.020767206
0.009386186,-0.016897662
0.014721575,-0.008323753
0.01902828,0.0019492003
0.020791184,0.011585234
0.019517962,0.017539766
0.015536282,0.017991355
0.011019798,0.012803744
0.008201221,0.004106219
0.008342903,-0.0052761757
0.01108622,-0.012934682
0.015311494,-0.016486693
0.01896502,-0.014585693
0.019741159,-0.007946518
0.01618824,0.00078891043
0.008381534,0.008405259
-0.0022522705,0.012301369
-0.013618934,0.0109433
-0.02321612,0.0037623497
-0.028690238,-0.008304148
-0.028732294,-0.023170315
-0.023440562,-0.038081635
-0.014127395,-0.050306894
-0.0029677176,-0.057064176
0.007192357,-0.056139126
0.013236902,-0.047376614
0.013288988,-0.033676516
0.007877908,-0.018759646
-0.0007092746,-0.0049793203
-0.0097833285,0.0072637005
-0.017488997,0.018842546
-0.021153184,0.028388504
-0.019101469,0.034363847
-0.011170327,0.035991713
0.0013733037,0.03385898
0.016880205,0.029064035
0.033700146,0.021998256
0.049604468,0.012715016
0.061284475,0.0024048695
0.06493372,-0.0059403814
0.0587554,-0.009151266
0.045051344,-0.0071250345
0.027919056,-0.0021843852
0.010864944,0.0038719967
-0.0034503445,0.010579339
-0.013293173,0.01729204
-0.016156266,0.021756463
-0.011311276,0.022420833
-0.00051164,0.019979276
0.013456377,0.016301498
0.027853027,0.012358718
0.039294865,0.0090037305
0.04421435,0.007548364
0.040826023,0.00845812
0.030870933,0.010276601
0.01810016,0.010735743
0.005970975,0.008432602
-0.0030517145,0.0029637786
-0.007962299,-0.005226246
-0.008755102,-0.0152343195
-0.0063090282,-0.024864065
-0.002164109,-0.031219728
0.0020475215,-0.031594623
0.0050150845,-0.025076326
0.0060434523,-0.013294063
0.005644573,0.00047428167
0.0054740286,0.013583055
0.0064350395,0.023685176
0.008427164,0.027716624
0.01028954,0.024656668
0.011057108,0.016478922
0.010041852,0.0065360335
0.0068852617,-0.0018914005
0.001802541,-0.006279635
-0.0038424283,-0.0051838346
-0.007854653,0.00091301743
-0.008209729,0.009775555
-0.0036932041,0.01807794
0.005211429,0.022109056
0.016062897,0.019330138
0.025378417,0.009524881
0.02986437,-0.005325462
0.027293233,-0.021631984
0.01740009,-0.034731664
0.0026953663,-0.040211134
-0.012007954,-0.03601085
-0.02175707,-0.023409609
-0.023645876,-0.0061309747
-0.017415006,0.011645936
-0.004398771,0.026467385
0.012535434,0.034938794
0.02754486,0.034584805
0.033670582,0.026406487
0.028152768,0.014867822
0.01407407,0.004499027
-0.0036326523,-0.0019170821
-0.022042545,-0.0024661806
-0.035819534,0.0039601643
-0.037922952,0.014468372
-0.026939938,0.023700593
-0.007804115,0.029402103
0.014493241,0.030769104
0.03503053,0.02658194
0.046733875,0.0176137
0.04359455,0.008467011
0.028016571,0.0033453929
0.007135697,0.0027444507
-0.013823954,0.006853387
-0.032031417,0.016377928
-0.040959474,0.028116196
-0.036477264,0.03425771
-0.021756904,0.031074915
-0.0032647725,0.02143335
0.014432904,0.008262819
0.028826728,-0.007977485
0.03665202,-0.024844218
0.036428586,-0.036008716
0.030614804,-0.036716234
0.02355535,-0.028632967
0.01811905,-0.016559344
0.015658183,-0.0047502993
0.016049933,0.003546198
0.017345622,0.0056244656
0.016565492,0.0004799418
0.011847468,-0.009967789
0.0027098672,-0.022399407
-0.010654598,-0.033096537
-0.025979334,-0.037594657
-0.038310718,-0.032885056
-0.043200932,-0.020032205
-0.04056721,-0.0034575842
-0.03314824,0.012468781
-0.023600984,0.024336152
-0.014670063,0.029324088
-0.009388556,0.026347293
-0.009170887,0.017308109
-0.0131397145,0.0060274005
-0.019587707,-0.0039805863
-0.025758862,-0.009853281
-0.02790574,-0.009827949
-0.023955617,-0.0045236233
-0.015346654,0.0035612106
-0.005002271,0.011560048
0.0046320003,0.016931508
0.010607077,0.017573526
0.010180964,0.013170601
0.0035887086,0.0054788245
-0.006766699,-0.003001766
-0.019035762,-0.010138382
-0.02993578,-0.013862524
-0.035154354,-0.013546052
-0.032551233,-0.010361538
-0.023886593,-0.0061616255
-0.012658018,-0.002574946
-0.0020937792,-0.0008021078
0.0056667468,-0.0014199906
0.009208711,-0.003857043
0.007876223,-0.006568331
0.002908407,-0.007818953
-0.0036304747,-0.0067163133
-0.009847757,-0.0030464875
-0.014285785,0.0026192972
-0.01632654,0.008867163
-0.016294181,0.013911786
-0.01527664,0.016432667
-0.014358329,0.016112389
-0.014095194,0.013663642
-0.01431138,0.010477131
-0.014288755,0.008074523
-0.013099631,0.0075450665
-0.010105307,0.009150068
-0.0053710365,0.012231224
0.00032107174,0.015439037
0.0056027356,0.01711643
0.008743985,0.015912546
0.008468898,0.011406367
0.004743019,0.0043535708
-0.0012735564,-0.0037350962
-0.008393802,-0.011441395
-0.014799281,-0.01711027
-0.018049674,-0.019497585
-0.016657028,-0.01852799
-0.011148511,-0.015133027
-0.0033998212,-0.0107198255
0.0044399854,-0.006674668
0.010624231,-0.0038133268
0.01346042,-0.00208659
0.012036738,-0.00077277503
0.0069163158,0.0011128149
-0.00023384606,0.0043069543
-0.007670855,0.009444943
-0.01364481,0.016447889
-0.016507696,0.023951877
-0.015583279,0.029688524
-0.011447984,0.03155461
-0.005654428,0.02854415
-2.8934157e-05,0.02113066
0.0038943437,0.010804601
0.005036358,-0.0005817272
0.0026946287,-0.011612401
-0.003528493,-0.020769719
-0.012919234,-0.026384689
-0.0238317,-0.027926274
-0.034385648,-0.025843838
-0.042544167,-0.021218529
-0.04652397,-0.015424663
-0.045415502,-0.009563397
-0.039752014,-0.003955485
-0.031306498,0.001857932
-0.022255175,0.008562176
-0.014412606,0.01654265
-0.008905257,0.025694737
-0.0063513364,0.035084505
-0.006897286,0.04277878
-0.009825267,0.04614377
-0.013308458,0.0428809
-0.014668724,0.032644458
-0.011598786,0.017749013
-0.0034825008,0.0018008498
0.0082044955,-0.012840984
0.022959227,-0.025894973
0.03827395,-0.034655124
0.050687704,-0.03571531
0.055906553,-0.027159018
0.05182274,-0.012003302
0.04010185,0.0034258054
0.024810104,0.01485299
0.009653362,0.02103345
-0.0025374112,0.021960923
-0.009699981,0.01836633
-0.010745298,0.012236166
-0.006559,0.0065737586
0.00045253022,0.0037950892
0.007699816,0.0048071966
0.0131326495,0.009202074
0.015310945,0.015462372
0.014051612,0.021011334
0.010585075,0.023209728
0.007054032,0.020543614
0.0056346026,0.013286122
0.007459197,0.0036752794
0.01213563,-0.0056368914
0.01793568,-0.012152766
0.022372833,-0.012936862
0.022779819,-0.0063783787
0.017719844,0.005987803
0.007860189,0.021120563
-0.0053069782,0.036826216
-0.019870693,0.0502551
-0.033163637,0.056530245
-0.041825585,0.050578028
-0.043213755,0.034143522
-0.03791374,0.015086923
-0.029252648,-0.0007576922
-0.020539586,-0.010878988
-0.013824685,-0.013958085
-0.01031822,-0.009799603
-0.01024493,-0.0005744875
-0.012471705,0.010691628
-0.014835423,0.02128802
-0.0154633,0.028066542
-0.013512083,0.028899128
-0.009552417,0.024480015
-0.005153841,0.017776996
-0.002306075,0.011975033
-0.002779465,0.009285896
-0.00739063,0.010783064
-0.015516189,0.01629687
-0.024974072,0.024488572
-0.032440756,0.03237884
-0.03435718,0.035440523
-0.028667832,0.03041054
-0.016362907,0.019047583
-0.00063488726,0.005824861
0.015115831,-0.0069621135
0.028473968,-0.018942721
0.034747627,-0.025681736
0.031393647,-0.023155177
0.019893417,-0.013617728
0.004529677,-0.002382986
-0.010573518,0.0077466527
-0.022778513,0.015786847
-0.028253753,0.018265733
-0.025375849,0.013407448
-0.016009022,0.004347741
-0.0040291557,-0.004683106
0.0070222104,-0.011470716
0.014595036,-0.013996903
0.016558709,-0.010256423
0.0130749205,-0.0014973028
0.0064524906,0.009080131
-0.00043372734,0.018853834
-0.0051742257,0.024957133
-0.00621059,0.024875037
-0.0035910562,0.018580034
0.0010038005,0.00914071
0.0051387157,-0.00012623487
0.0063446923,-0.0066751125
0.0029415272,-0.008182875
-0.0048428834,-0.0041018426
-0.015385516,0.003965881
-0.026020985,0.014075345
-0.033201642,0.022493958
-0.033890836,0.024198089
-0.0274661,0.016942455
-0.016239015,0.0035817057
-0.0040108613,-0.011967175
0.0060717105,-0.028575558
0.011069345,-0.042680066
0.00908192,-0.047791623
0.0013017535,-0.040966798
-0.009717765,-0.026677672
-0.021290736,-0.00983397
-0.03050627,0.0073878453
-0.034035645,0.022247612
-0.03026102,0.029951196
-0.02119544,0.028455542
-0.010805894,0.020623125
-0.002650451,0.010385173
0.0006065048,0.00058086077
-0.002543957,-0.0068881647
-0.011989856,-0.0102011245
-0.025580078,-0.008497396
-0.039495807,-0.002467829
-0.049330153,0.0057527795
-0.050746642,0.012836402
-0.042383794,0.01584411
-0.027328655,0.0150679555
-0.010300952,0.012603634
0.005081992,0.010055362
0.016460396,0.007891035
0.021085275,0.007050716
0.017517358,0.008183265
0.0075799553,0.010527853
-0.0054438817,0.012992935
-0.018820861,0.014923722
-0.02971457,0.015202438
-0.035464592,0.012830517
-0.034882706,0.008139953
-0.029085046,0.0030197743
-0.020623062,-0.0005307641
-0.011958399,-0.0014437685
-0.004752944,0.00023306963
0.0003712231,0.0035567882
0.0038727487,0.007162221
0.006642946,0.0093895625
0.009702517,0.008697054
0.013860095,0.00448639
0.01932585,-0.0027128786
0.025488652,-0.011688708
0.030906714,-0.02047285
0.03370856,-0.026314087
0.03239735,-0.026713843
0.026689857,-0.021389084
0.0176101,-0.012550213
0.0070162723,-0.003053983
-0.0029753062,0.00520779
-0.011032887,0.011413157
-0.015691549,0.0140228355
-0.016215945,0.012435482
-0.013257502,0.007920424
-0.008470614,0.0025843405
-0.0038976534,-0.0018260287
-0.0013555357,-0.004313616
-0.0019992387,-0.004527669
-0.0061464533,-0.002913847
-0.013231585,-0.0004378744
-0.022014141,0.0019441281
-0.03082686,0.003478947
-0.037875265,0.0038097166
-0.041781228,0.003243538
-0.042093992,0.002709982
-0.039592214,0.003403643
-0.035886656,0.0060587088
-0.032622136,0.01047548
-0.030793507,0.015421153
-0.030511014,0.019046253
-0.031046875,0.019263547
-0.03104641,0.014625849
-0.028947659,0.0052867103
-0.023687253,-0.006924677
-0.015122107,-0.019546118
-0.0037022016,-0.030234683
0.009580871,-0.036472417
0.02272208,-0.035948876
0.032808796,-0.02802569
0.03709054,-0.01478909
0.03431033,-0.00023704385
0.025093954,0.011487476
0.0115332175,0.017412452
-0.0034803043,0.016479596
-0.017379696,0.009666163
-0.028456975,-0.0010070277
-0.035136707,-0.012753751
-0.03608215,-0.022071555
-0.03122188,-0.025579723
-0.022880943,-0.021653133
-0.014775614,-0.011467743
-0.009541464,0.0019187825
-0.0075285174,0.015829619
-0.0078511005,0.028167253
-0.009693634,0.035995584
-0.01157074,0.037353687
-0.011601927,0.032680593
-0.008416436,0.024675256
-0.0019458432,0.016568221
0.0065476513,0.010672135
0.01525801,0.007762554
0.02192264,0.007680675
0.024122603,0.009731611
0.020494979,0.012523653
0.011753443,0.014506788
0.00021320698,0.014907447
-0.011564287,0.01414539
-0.021131892,0.013084053
-0.025841419,0.012622071
-0.02415305,0.013546471
-0.017013531,0.016424607
-0.007072663,0.021122914
0.0030068061,0.026527435
0.010614296,0.030699175
0.013070251,0.03171633
0.009291261,0.028668724
0.0010075339,0.022265082
-0.0087168645,0.014446235
-0.017367074,0.0075192563
-0.022629343,0.003391844
-0.022560755,0.0033947772
-0.017418103,0.00764828
-0.009746442,0.015003176
-0.0022759095,0.023394775
0.0023373526,0.029970098
0.0013798788,0.03186669
-0.0059432858,0.027695687
-0.01759682,0.018540943
-0.030974617,0.0069812215
-0.043418624,-0.0044021853
-0.05046974,-0.012893696
-0.047180332,-0.016053617
-0.034131184,-0.01267666
-0.017511642,-0.0038312187
-0.0025395732,0.00747478
0.00903954,0.01825015
0.014597067,0.025431836
0.01046861,0.02608858
-0.0021234732,0.019700337
-0.019033415,0.008475983
-0.0384873,-0.004923294
-0.058452684,-0.018077107
-0.07374059,-0.028289746
-0.0742983,-0.033728063
-0.05806537,-0.03331355
-0.037086647,-0.02686552
-0.01865115,-0.01704857
-0.00459247,-0.007070599
0.005272537,0.0010763379
0.011435081,0.006928463
0.014115975,0.010520675
0.014955275,0.012321599
0.015957251,0.013339128
0.018191306,0.014479576
0.021595666,0.016310658
0.024992563,0.018725008
0.026124107,0.021075787
0.022846986,0.022454921
0.014622339,0.022067819
0.002848544,0.019560682
-0.009895632,0.015242789
-0.02127558,0.009825931
-0.028495476,0.0037722047
-0.028619513,-0.0026676357
-0.021154806,-0.008784629
-0.008646374,-0.013932086
0.0053210356,-0.018573884
0.01780379,-0.023611924
0.025463577,-0.028822815
0.025596568,-0.032906186
0.018297527,-0.035057772
0.006378213,-0.035676952
-0.006705297,-0.035130076
-0.017699165,-0.03318613
-0.0236208,-0.029784895
-0.022971481,-0.025570106
-0.016904524,-0.02142621
-0.008372502,-0.01797609
-0.00038540352,-0.015532093
0.0048081623,-0.013958337
0.005877991,-0.0125320945
0.0029502988,-0.010322329
-0.002334264,-0.0066945255
-0.0076955487,-0.0013912768
-0.010931221,0.005598958
-0.010345968,0.013547683
-0.0054945434,0.0210807
0.002671425,0.026741952
0.012221814,0.029381363
0.020737298,0.028518427
0.026038634,0.02465553
0.027061531,0.019200247
0.02419472,0.013930381
0.01873003,0.010332601
0.012109762,0.009242433
0.0054589207,0.010744525
-0.00064443017,0.014259828
-0.0060853045,0.018568253
-0.010991563,0.022022968
-0.015490363,0.023096155
-0.019354867,0.021053232
-0.021871874,0.016279027
-0.022055551,0.01014933
-0.019060893,0.0046159644
-0.012679893,0.0016525945
-0.003764801,0.0026461522
0.0060811336,0.0079353
0.0158204,0.017036023
0.023561468,0.028679335
0.02700173,0.040740896
0.024138894,0.0503267
0.014661267,0.054442704
0.0010245049,0.051352028
-0.012692419,0.041741468
-0.02334207,0.028004592
-0.02966581,0.012958311
-0.03183441,-0.0009031879
-0.030753981,-0.011416003
-0.02790365,-0.016752599
-0.02513621,-0.016069619
-0.023959082,-0.010035114
-0.02476073,-0.00039254222
-0.026393585,0.010966755
-0.026480805,0.022065852
-0.022495251,0.030444318
-0.013198366,0.034088112
0.0007774656,0.03283687
0.01769392,0.027983446
0.03542888,0.020315561
0.050680134,0.010133641
0.05871217,-0.0010387261
0.0558701,-0.010262579
0.04346465,-0.016093755
0.026397336,-0.019824145
0.008943202,-0.022655062
-0.0062573734,-0.024596589
-0.016865207,-0.025091805
-0.020474365,-0.023808155
-0.016898949,-0.020680042
-0.008729281,-0.015688987
0.00053757126,-0.00907341
0.008214448,-0.0013834866
0.012681424,0.0069680205
0.012911938,0.015329018
0.009136792,0.022658316
0.0027931412,0.027910134
-0.00421391,0.030284882
-0.010156834,0.029373655
-0.0138983,0.02536176
-0.015203265,0.01911292
-0.014750217,0.012009524
-0.013596807,0.0053912792
-0.012639851,0.0002081056
-0.012164433,-0.002958088
-0.011796445,-0.0039123585
-0.010777712,-0.0028897722
-0.008364084,-0.00056764495
-0.004209429,0.0021107846
0.0014729217,0.004191544
0.008061474,0.0048546083
0.014342535,0.0034890666
0.018791009,2.8232202e-05
0.020292562,-0.004984884
0.018626116,-0.010602358
0.014501957,-0.01573487
0.009260641,-0.019368287
0.004488967,-0.020712554
0.0016325403,-0.019439166
0.0015180737,-0.015880698
0.00406374,-0.010963851
0.008516179,-0.0059457994
0.013861358,-0.0020477455
0.018845867,-0.00026405804
0.022222245,-0.0011290908
0.023305485,-0.0044662594
0.022253584,-0.009464484
0.019790374,-0.014916064
0.01680783,-0.01946344
0.014147335,-0.021859366
0.012435796,-0.02133458
0.011895765,-0.017917266
0.01233491,-0.012424621
0.013345968,-0.006117222
0.014514119,-0.0003066223
0.015413103,0.003862197
0.015638681,0.005532355
0.014968117,0.0043571517
0.01345403,0.00058925484
0.011324912,-0.005087095
0.008776639,-0.011847249
0.005945039,-0.018829653
0.00311775,-0.02512922
0.00077121606,-0.029942853
-0.0005929293,-0.0327326
-0.00069620396,-0.03333596
0.00031245468,-0.03199331
0.0018105741,-0.02928579
0.002836962,-0.025997654
0.0023305751,-0.022959886
-0.0005996837,-0.02089725
-0.0064382767,-0.02026037
-0.015185428,-0.021013675
-0.026297318,-0.02245815
-0.03845177,-0.02327988
-0.049320858,-0.021842806
-0.05583635,-0.016806895
-0.05583895,-0.0078102606
-0.050111838,0.004563821
-0.041405883,0.019304886
-0.03185,0.035037473
-0.022504486,0.04954688
-0.014688572,0.059243437
-0.010342649,0.060101762
-0.009948712,0.05095508
-0.0111421505,0.035029806
-0.011272912,0.016833145
-0.009294216,-8.349557e-05
-0.0053931917,-0.013691975
0.0007988788,-0.02221643
0.008390586,-0.023875248
0.015381018,-0.01914471
0.019553417,-0.010623995
0.019711753,-0.0016677147
0.015662044,0.0045984406
0.008493728,0.0060092467
0.00040875166,0.0019979698
-0.0062691295,-0.0062462837
-0.010576954,-0.017152784
-0.011519399,-0.028478388
-0.008993051,-0.03775066
-0.0040402277,-0.043009117
0.0013526786,-0.043491594
0.00493274,-0.039874885
0.0052535026,-0.034010474
0.002386985,-0.027863659
-0.0022000244,-0.022699645
-0.0065201637,-0.01868351
-0.008686325,-0.015309909
-0.007524062,-0.011894682
-0.0031613384,-0.007997266
0.0029338587,-0.0036772552
0.008882228,0.00050190376
0.012621274,0.00384593
0.012375858,0.0056043337
0.007819785,0.00555672
0.0005376061,0.0042090975
-0.0072059953,0.0029262844
-0.013236217,0.0032851133
-0.015314928,0.0064948886
-0.01257266,0.012837468
-0.0060797115,0.021691496
0.0021543282,0.031362467
0.0093367575,0.039084073
0.011835177,0.041628886
0.0072683,0.036957655
-0.0029053201,0.025858123
-0.015292158,0.011332425
-0.028167864,-0.003549879
-0.03941075,-0.016253678
-0.04451706,-0.02339733
-0.03986565,-0.022519903
-0.028425736,-0.013857682
-0.016235763,-0.00020401788
-0.0067417636,0.015200724
-0.00049339683,0.030012423
0.0009779534,0.041009035
-0.0033957919,0.045080192
-0.011674422,0.04131436
-0.019953368,0.031600498
-0.024951836,0.018927759
-0.02498125,0.0060453955
-0.020101482,-0.0049176933
-0.012160188,-0.012658251
-0.0038596895,-0.016808666
0.0021087162,-0.017474318
0.003804615,-0.01491859
0.0009156233,-0.00976435
-0.005048379,-0.0029660275
-0.011602382,0.0050070887
-0.01562984,0.013742799
-0.014125749,0.02166933
-0.005866663,0.026832428
0.008002605,0.028050242
0.02525587,0.024869211
0.04305753,0.01693847
0.0575316,0.004787748
0.06431599,-0.008700477
0.061190512,-0.018616652
0.05047044,-0.021748615
0.036836933,-0.018777186
0.024128228,-0.011845872
0.014750269,-0.0030770993
0.0100169,0.0053970516
0.010140185,0.011183446
0.014085324,0.011800303
0.019939613,0.00643404
0.025893603,-0.0038482214
0.030562142,-0.01703211
0.03289138,-0.030191308
0.03269283,-0.039729476
0.030711155,-0.042761732
0.027904127,-0.039168004
0.02461108,-0.031710804
0.020663539,-0.023819353
0.01569149,-0.018005265
0.009371094,-0.015475805
0.0016582513,-0.01593924
-0.0070654065,-0.017658018
-0.015714472,-0.01796913
-0.022188444,-0.014302737
-0.024275424,-0.005528139
-0.021093678,0.0074615856
-0.012990116,0.022612648
-0.00030389178,0.037088692
0.015646499,0.046665184
0.030910429,0.04700089
0.04031859,0.036859196
0.0420518,0.019637667
0.037924886,0.00010401526
0.029622886,-0.018001366
0.018030405,-0.031388246
0.0048097777,-0.03689933
-0.0074046943,-0.033490438
-0.016894804,-0.023518981
-0.023503296,-0.010829525
-0.02752851,0.0012214236
-0.02912559,0.009788449
-0.028556183,0.012769715
-0.026178282,0.010052997
-0.022220466,0.0037249294
-0.01681478,-0.0032784895
-0.010216796,-0.008402746
-0.0029525133,-0.009921247
0.0040287105,-0.007278086
0.00952463,-0.0012460952
0.0123705305,0.0066230404
0.011442492,0.01444932
0.006185175,0.020413326
-0.0027876925,0.023350878
-0.013823751,0.02309283
-0.024816431,0.020228064
-0.033403933,0.015620307
-0.03723852,0.010142911
-0.035004158,0.004768835
-0.027488079,0.0005670783
-0.017151637,-0.001813807
-0.006780654,-0.0024917684
0.001367781,-0.002097805
0.0059678913,-0.0012612639
0.006267762,-0.00014194839
0.0026529396,0.0010730524
-0.003158183,0.0022210053
-0.009196491,0.0033934235
-0.013295664,0.004633685
-0.013597313,0.005801272
-0.009382025,0.00682107
-0.0013107436,0.0078120483
0.00934675,0.008891843
0.021312503,0.009750278
0.03261522,0.010058327
0.040934317,0.009853812
0.04433506,0.009471389
0.04212351,0.009276014
0.035231896,0.009385313
0.02553365,0.009828199
0.014849243,0.01076122
0.004512442,0.012457276
-0.0047035627,0.015028433
-0.01229773,0.017937517
-0.01776674,0.02007157
-0.020851204,0.020074327
-0.02159504,0.017002035
-0.0203212,0.010789407
-0.017533718,0.0022533492
-0.0138204135,-0.007365149
-0.009657051,-0.016861334
-0.005215023,-0.02487301
-0.0005038081,-0.029974984
0.0044436557,-0.031383652
0.009440168,-0.029461509
0.014273456,-0.025496382
0.01880106,-0.02097032
0.02287693,-0.016902968
0.02619936,-0.013535031
0.028316615,-0.010344781
0.028777784,-0.006369032
0.027294246,-0.00079105323
0.023871573,0.006473266
0.018811416,0.014565653
0.012533135,0.021764979
0.0054612956,0.02558341
-0.0018068848,0.023440724
-0.008350608,0.014287362
-0.01352837,-0.00038255317
-0.018151194,-0.018345699
-0.023265906,-0.037129935
-0.028768312,-0.05195599
-0.032139804,-0.056315385
-0.031197188,-0.04679595
-0.028680999,-0.027775325
-0.027338346,-0.005643915
-0.026250824,0.015845027
-0.022928422,0.033554077
-0.016369773,0.04192341
-0.0074341083,0.037638787
0.002946052,0.024561714
0.01421246,0.009002991
0.025397437,-0.0056010406
0.03440978,-0.016286546
0.03852764,-0.018813854
0.036002293,-0.0118887825
0.027120735,0.00033690047
0.013866615,0.012523362
-0.0013494877,0.02182901
-0.016728548,0.026581716
-0.029748628,0.025425866
-0.037270438,0.018896885
-0.03699932,0.010024881
-0.028745301,0.0028843249
-0.014825627,0.00035901717
0.0012545263,0.0026620412
0.017646365,0.0075443476
0.033507362,0.012312924
0.04530514,0.014047943
0.049388662,0.011025391
0.045113668,0.0037715805
0.035593692,-0.005629611
0.0241807,-0.014670068
0.01274733,-0.020660648
0.0026669472,-0.021503426
-0.004791516,-0.016792355
-0.009202354,-0.0084658135
-0.011073941,0.0004946419
-0.011112029,0.007224498
-0.010153463,0.00945772
-0.009072504,0.0064847
-0.008377325,-0.00024142966
-0.008261775,-0.008214237
-0.008522643,-0.014888158
-0.008492106,-0.01801289
-0.007644876,-0.016780816
-0.005974201,-0.012370324
-0.0038583642,-0.007190974
-0.0016755221,-0.003648227
0.0001481278,-0.0032757935
0.0012388367,-0.0062733428
0.0013915212,-0.011407561
0.0007942307,-0.016384311
7.748409e-05,-0.018644638
0.00010986111,-0.01653011
0.0014653864,-0.010217591
0.0041902913,-0.0016090164
0.008269764,0.006885109
0.013219922,0.01304505
0.017584447,0.014881826
0.019652227,0.012219508
0.018613392,0.0068226075
0.014515155,0.0013476203
0.008090048,-0.0017574638
0.0006451473,-0.0010818924
-0.006257081,0.0033937665
-0.010911539,0.010463245
-0.01159852,0.01751967
-0.0078331735,0.021446057
-0.0005463338,0.020593777
0.008353214,0.015457219
0.016608631,0.007918018
0.021763746,0.00030336785
0.021470437,-0.004606891
0.014875958,-0.004801513
0.0031093846,-0.00076222915
-0.011834806,0.0057019363
-0.028541971,0.013703543
-0.04415607,0.021345465
-0.055319786,0.025560547
-0.059078865,0.024246303
-0.05505107,0.018699486
-0.04603771,0.013242603
-0.0357497,0.011070432
-0.027018964,0.012705045
-0.02126222,0.016675906
-0.018561032,0.02044329
-0.017874137,0.020868734
-0.0174038,0.015583348
-0.015014666,0.0046722484
-0.009384373,-0.009282362
-0.00026517586,-0.023411589
0.012077618,-0.034116272
0.026047384,-0.036638692
0.038544774,-0.027829634
0.045994017,-0.009540222
0.046693806,0.012946113
0.04071813,0.03426822
0.028428804,0.049241085
0.0115077635,0.05285874
-0.004983539,0.044255894
-0.015760945,0.028691696
-0.019122712,0.012845725
-0.01586059,0.0016967095
-0.0077359173,-0.0018324029
0.002246244,0.0025200464
0.0117109055,0.0120811295
0.019243468,0.022808027
0.022647765,0.029497942
0.020688185,0.027661717
0.015359873,0.017008478
0.010504332,0.0012502008
0.008184864,-0.01524722
0.008386947,-0.028832357
0.011642821,-0.034257144
0.01717539,-0.02886016
0.022200288,-0.015649237
0.024494968,-0.00039025946
0.023013158,0.011802499
0.016775439,0.016342435
0.006704753,0.010705426
-0.0036150054,-0.003063809
-0.012764459,-0.021199228
-0.02032646,-0.040237322
-0.023160866,-0.054309845
-0.017695738,-0.05743362
-0.0057560983,-0.048703026
0.006266421,-0.03339892
0.014656816,-0.017519765
0.018431053,-0.004858774
0.016668055,0.0028146175
0.009531164,0.0053329826
-0.00058649597,0.0046179234
-0.011022948,0.0040420843
-0.019504772,0.00641797
-0.023036897,0.012968318
-0.020198034,0.022480046
-0.011692176,0.031929146
0.00030076844,0.03758993
0.012164305,0.036309596
0.01988696,0.027404893
0.021197237,0.013729252
0.016253037,1.896712e-05
0.0062346747,-0.009321753
-0.006900549,-0.010769955
-0.019974085,-0.0023646897
-0.029118324,0.015305097
-0.030714028,0.03882914
-0.022240315,0.06186256
-0.0046924176,0.074944764
0.014749931,0.07042653
0.02875848,0.051886477
0.03571545,0.028131332
0.034776427,0.00499523
0.025053455,-0.013099697
0.007680496,-0.022309022
-0.013839254,-0.021220958
-0.035410985,-0.0108464165
-0.05191084,0.006463495
-0.057496794,0.024975238
-0.04936074,0.036144402
-0.03184888,0.036615223
-0.012127221,0.030933322
0.0048756776,0.023551354
0.015588723,0.016820833
0.016862767,0.013079613
0.008012968,0.014068977
-0.007989782,0.019423086
-0.027522976,0.028707841
-0.046109322,0.04054828
-0.057735946,0.049925737
-0.05644509,0.048382256
-0.04339155,0.036981612
-0.025401155,0.02578058
-0.00822173,0.018813208
0.0045832396,0.016099215
0.010992655,0.017070573
0.009566653,0.020944066
0.0015964599,0.025647867
-0.009385647,0.028791323
-0.019402117,0.028332844
-0.024654651,0.02285809
-0.022839995,0.013377909
-0.014677386,0.0033981255
-0.0033643066,-0.0036323864
0.007518508,-0.0062384973
0.015429157,-0.0038520398
0.017869735,0.0032790455
0.014380685,0.0128728915
0.006686279,0.02233952
-0.0025551065,0.029730055
-0.010657295,0.0331733
-0.015254351,0.031861033
-0.015358465,0.026857788
-0.011971946,0.02075252
-0.007316683,0.015690284
-0.0037581397,0.012531624
-0.0028722389,0.0110557275
-0.004972926,0.010397989
-0.008942788,0.009583573
-0.012631171,0.007985776
-0.013572619,0.005595643
-0.009954147,0.0031643335
-0.0015834871,0.0020344877
0.010158567,0.0033031888
0.023974458,0.006905759
0.03722227,0.0123113105
0.046430968,0.0184145
0.04816772,0.023498695
0.041407205,0.025725411
0.028987186,0.024001429
0.015284509,0.018925443
0.0033294216,0.012419492
-0.0055396254,0.00659256
-0.011057456,0.0027741014
-0.013153115,0.0011950849
-0.012510282,0.001135289
-0.010357793,0.00089447096
-0.0076858453,-0.0014239973
-0.0050406354,-0.007159758
-0.0025704813,-0.016719492
-0.00024539387,-0.029197346
0.0019500421,-0.042081255
0.0040519317,-0.05124671
0.0060744784,-0.05206503
0.0072601913,-0.042593002
0.0060719084,-0.025898248
0.0020017682,-0.0069484413
-0.0034435175,0.010832769
-0.008722217,0.026777303
-0.01227894,0.03719065
-0.013069946,0.03878519
-0.010457923,0.032256085
-0.005018882,0.0218266
0.0015643869,0.011584713
0.007050798,0.003922782
0.00940981,-0.00023253913
0.0072989706,-0.0006774834
0.0009724264,0.0014856763
-0.008004494,0.0043975892
-0.017513204,0.0066429656
-0.024950216,0.006835768
-0.028001709,0.004114279
-0.025940312,-0.0010197847
-0.019973023,-0.0071154367
-0.012524238,-0.012800528
-0.0059853327,-0.017366221
-0.0020344376,-0.02056821
-0.0012195297,-0.022290902
-0.002595836,-0.022622839
-0.0040997635,-0.021750525
-0.0034055563,-0.01969866
0.0010837915,-0.016363611
0.0095022665,-0.011754047
0.02074304,-0.0061690756
0.0326294,-0.000159996
0.04156474,0.0054900246
0.04333518,0.009967966
0.036003374,0.012220957
0.022127759,0.011373644
0.006476854,0.007728747
-0.0070769815,0.003018626
-0.016453415,-0.0011791922
-0.018829498,-0.004005114
-0.013477636,-0.004933842
-0.0033386068,-0.004028834
0.0075262613,-0.0024434861
0.015952433,-0.0018162794
0.01842666,-0.0031335892
0.013471002,-0.006446739
0.0031284387,-0.01115833
-0.009375999,-0.015993265
-0.020608928,-0.018750735
-0.025900885,-0.01752826
-0.022101076,-0.012019356
-0.010774924,-0.0035207472
0.003977516,0.005761651
0.020156076,0.013441309
0.034188814,0.01646363
0.040178113,0.013012545
0.035650898,0.0040236483
0.024256952,-0.008073033
0.010404101,-0.020761093
-0.0036194946,-0.031337976
-0.0150524685,-0.036392853
-0.020166954,-0.033616208
-0.01833103,-0.024000201
-0.012758274,-0.010950271
-0.0068070944,0.0021593324
-0.0021116205,0.012996426
0.00034171087,0.019520137
-4.1332503e-05,0.020135632
-0.002099575,0.015356361
-0.0035575733,0.0072153183
-0.0025225475,-0.0019514484
0.0017124087,-0.010518418
0.009104278,-0.017445968
0.018492559,-0.022084422
0.027687883,-0.024158439
0.034307223,-0.023673793
0.036387607,-0.0207186
0.033591755,-0.016001018
0.027400568,-0.010727484
0.020136068,-0.0059319427
0.013938291,-0.0021941753
0.009996842,0.00010933508
0.008474327,0.0006486067
0.008392855,-0.00074537453
0.008062348,-0.0038288962
0.00575646,-0.007820059
0.0003664091,-0.011574093
-0.0082203,-0.013910323
-0.01902101,-0.013887741
-0.02996904,-0.011109461
-0.03829694,-0.0061419825
-0.041447487,-0.0005901609
-0.038370162,0.0036295848
-0.030197116,0.0055729933
-0.019397281,0.0056640944
-0.008481761,0.0051079164
0.00069195585,0.005287831
0.007270666,0.007449207
0.011017004,0.012491155
0.012446192,0.020205723
0.01268319,0.028973695
0.012604526,0.0359347
0.012337391,0.037611146
0.011469521,0.031655855
0.009867319,0.018826885
0.007666558,0.002389857
0.004440411,-0.014507344
-0.0008451855,-0.029502016
-0.00716012,-0.03790807
-0.011569065,-0.03661881
-0.012325652,-0.027067434
-0.009900752,-0.013959913
-0.005362499,-0.0020219267
0.00033470563,0.0051932107
0.0056544538,0.0054251067
0.00818622,-0.0015424583
0.0064898515,-0.012914963
0.00012151216,-0.024442188
-0.009766311,-0.030850917
-0.019651104,-0.02773099
-0.025627425,-0.014635433
-0.025965033,0.0050320085
-0.020267155,0.027228069
-0.007823146,0.04731058
0.009383126,0.05825213
0.024685297,0.054205146
0.031999588,0.03700431
0.031757724,0.014086192
0.026191853,-0.009045614
0.01615182,-0.029048579
0.0032691215,-0.041986138
-0.007653859,-0.044271946
-0.011865552,-0.036919285
-0.008942208,-0.02495247
-0.0013635508,-0.013201324
0.008201686,-0.004797618
0.017198378,-0.001195041
0.021737203,-0.0022253739
0.019079484,-0.005633796
0.00997824,-0.008665504
-0.0024552373,-0.0098520545
-0.015271714,-0.008461748
-0.024852535,-0.0045195334
-0.027346734,-0.000107005166
-0.021696348,0.0020361503
-0.01055436,0.0009566007
0.001982983,-0.002632491
0.012569961,-0.007928817
0.017799815,-0.012857574
0.015350579,-0.014079737
0.006581618,-0.0100813955
-0.0047562635,-0.0023320524
-0.014876699,0.007848172
-0.019371478,0.018572917
-0.014692024,0.025539402
-0.0011094264,0.025839115
0.01827876,0.020492459
0.04059126,0.0104323365
0.061508406,-0.0040502534
0.07405098,-0.019647803
0.07058319,-0.027739055
0.05331535,-0.024868673
0.031518444,-0.018459052
0.011135324,-0.012692951
-0.004433555,-0.008210178
-0.013334312,-0.0051915245
-0.013658954,-0.0047259573
-0.006503823,-0.006652475
0.0042331214,-0.0096473815
0.014882935,-0.0129731875
0.021771763,-0.015692858
0.02210388,-0.017141897
0.015787683,-0.017997144
0.005469721,-0.020047622
-0.005690772,-0.024593107
-0.014967796,-0.031607162
-0.019788167,-0.039942842
-0.018385407,-0.047165748
-0.011013355,-0.050436076
-0.0005335655,-0.047747504
0.00907565,-0.0386782
0.014620746,-0.025350198
0.015043731,-0.011139783
0.011515041,0.0006369101
0.0062707397,0.008007398
0.0016456697,0.010130253
-0.00018844446,0.0073965597
0.0019071326,0.0020259272
0.0074571017,-0.003110356
0.014715995,-0.005892139
0.021041594,-0.0048485976
0.023465058,9.104501e-05
0.020121908,0.0070525603
0.011252757,0.013087165
-0.0010025233,0.015826538
-0.013740328,0.014386264
-0.023792636,0.008983908
-0.027806703,0.0010647402
-0.023857053,-0.006753362
-0.01286944,-0.011589217
0.0016452165,-0.012251627
0.016141614,-0.009903209
0.027395789,-0.0064533823
0.031422894,-0.0040656496
0.025991295,-0.004820029
0.013293594,-0.0100088855
-0.0024755187,-0.019231092
-0.01913995,-0.030227331
-0.03310433,-0.039183713
-0.03769039,-0.041987274
-0.028740812,-0.0366224
-0.011346984,-0.024947707
0.0076739443,-0.011005715
0.026833432,0.00086416624
0.044192806,0.0078479545
0.052826095,0.0071535213
0.04744597,-0.00016367125
0.0324775,-0.011121985
0.013994678,-0.022525575
-0.0056083915,-0.030596409
-0.024183117,-0.030880537
-0.037012164,-0.020944925
-0.041364662,-0.0030616059
-0.038712826,0.018195223
-0.031181272,0.038834803
-0.02028109,0.054007117
-0.009142836,0.058258116
-0.001431218,0.050081313
0.002374274,0.034329686
0.0039693634,0.016870214
0.0044111977,0.001527726
0.003905229,-0.0096616065
0.0029517745,-0.015003117
0.0020444603,-0.013746068
0.0012010781,-0.008008616
-7.435797e-05,-0.0007426571
-0.0018589788,0.0056190277
-0.0038661766,0.0092829885
-0.005390249,0.009273668
-0.0054610507,0.0058688694
-0.0030617625,0.00038720103
0.002023795,-0.0056250812
0.00968436,-0.011244044
0.018969696,-0.015815318
0.02823895,-0.01879341
0.03530091,-0.019918554
0.038218573,-0.019010738
0.03592645,-0.016486699
0.029149499,-0.013383926
0.019980451,-0.010880014
0.0108327335,-0.009632105
0.003640801,-0.009845305
-0.0003815915,-0.011367102
-0.0006750993,-0.013802698
0.0024756205,-0.016349968
0.007979397,-0.017909605
0.014380588,-0.017224785
0.020264342,-0.013315463
0.024617048,-0.0060030287
0.027166657,0.003789573
0.028237779,0.014344017
0.028248988,0.023445934
0.027285753,0.028663235
0.025257656,0.02823218
0.022426475,0.022271046
0.019409953,0.012886444
0.016574305,0.002989514
0.013918095,-0.0047505777
0.011484639,-0.008230248
0.0096797915,-0.006400013
0.008896689,-0.00010974261
0.009265298,0.0084206415
0.010459393,0.016522402
0.011394637,0.021335097
0.010472914,0.020915987
0.0067134486,0.015501589
0.00028660294,0.0073097437
-0.008199553,-0.00068664394
-0.018425176,-0.0061290297
-0.028618842,-0.0069230483
-0.03602246,-0.0026416618
-0.038622014,0.004940066
-0.036094435,0.012839332
-0.029596938,0.018158158
-0.021235473,0.019156713
-0.013285649,0.015867677
-0.007571967,0.009984492
-0.005072599,0.0040297233
-0.005880962,0.0005059247
-0.009185404,0.0013491559
-0.013471837,0.007284427
-0.016983902,0.017425606
-0.018227702,0.029424187
-0.016495133,0.03978709
-0.012357397,0.04477616
-0.0074027847,0.042403616
-0.0029626153,0.03390864
0.00045237906,0.022499744
0.0027798235,0.011270106
0.004172233,0.002388679
0.0050059175,-0.0030273777
0.0057982136,-0.004716735
0.006757629,-0.0033961239
0.0075727724,-0.00063158775
0.00748076,0.0020987254
0.005578097,0.0038944522
0.0012653047,0.0046523088
-0.005358307,0.0050235074
-0.013639122,0.005872094
-0.022133432,0.007713657
-0.028750857,0.010191395
-0.03136561,0.011902363
-0.028804502,0.011147098
-0.021491282,0.0071566943
-0.011217838,0.0005614393
-0.0003112913,-0.0073097846
0.009491374,-0.015398437
0.016475394,-0.021262484
0.019140365,-0.021745535
0.017264407,-0.01564594
0.011749939,-0.0050283135
0.0043344526,0.0068612704
-0.0032774028,0.017734148
-0.009918652,0.0246693
-0.01457831,0.024450958
-0.016506474,0.016682489
-0.015381917,0.004399456
-0.01184094,-0.008630985
-0.00671604,-0.019483387
-0.0004586804,-0.025335718
0.0061736633,-0.024368227
0.011738929,-0.017562795
0.014854081,-0.008069376
0.01486025,0.0006323143
0.011500263,0.00587153
0.005148072,0.0062421323
-0.0027645398,0.0023244314
-0.01065811,-0.0036083288
-0.017034207,-0.008874714
-0.019731555,-0.010646669
-0.017477937,-0.0074052974
-0.011214178,0.0002457808
-0.0031787427,0.010231516
0.0050564175,0.020077284
0.011373994,0.026569553
0.012935802,0.027016237
0.008925355,0.021121848
0.0014357329,0.011031402
-0.006778939,-0.0001529982
-0.014101575,-0.009990233
-0.017993912,-0.016314955
-0.016086973,-0.017760504
-0.008770913,-0.014988327
0.0012004565,-0.010127387
0.011256848,-0.005765695
0.019276526,-0.003868512
0.022884803,-0.0053191297
0.021082291,-0.0094846515
0.015302503,-0.01476144
0.007981508,-0.019193888
0.0016470251,-0.020826006
-0.0016091567,-0.018363886
-0.0009552958,-0.011919194
0.0026049137,-0.003016704
0.007391222,0.0064112362
0.01149841,0.014664554
0.01254021,0.019828005
0.009086616,0.020827644
0.0020505271,0.017807873
-0.006262704,0.011993532
-0.013526134,0.004962955
-0.017725797,-0.0020534447
-0.017268918,-0.008055816
-0.0122001935,-0.012252602
-0.0043482883,-0.014294653
0.003748486,-0.0143609755
0.009731006,-0.012728024
0.011826416,-0.009581395
0.009561949,-0.005305819
0.0041116136,-0.00064806256
-0.0023182433,0.0036555335
-0.007618143,0.007220966
-0.009834808,0.009249915
-0.008058878,0.00899107
-0.0029131253,0.0064799143
0.0038975563,0.0024532226
0.010492743,-0.0023253425
0.014899884,-0.0068804245
0.015673468,-0.009754333
0.012742487,-0.009938225
0.0072975582,-0.007461448
0.0010889764,-0.003153577
-0.0042152996,0.0019133277
-0.007454826,0.0068011493
-0.007966754,0.0102778915
-0.006134287,0.011537537
-0.003031239,0.010658873
0.00010118108,0.0084004225
0.0022543166,0.0058002244
0.0029074491,0.003792627
0.0020995513,0.0030156425
0.00034902038,0.0036032016
-0.0016370389,0.0052134516
-0.0032288162,0.0071283393
-0.0040980503,0.008527977
-0.0042770645,0.008806982
-0.0040849894,0.007792143
-0.003925624,0.0057813283
-0.0040918444,0.003378457
-0.004643213,0.0012402172
-0.005378098,-0.0001616865
-0.0059078783,-0.000695441
-0.005834245,-0.0005763312
-0.0049138064,-0.00028933954
-0.0031668516,-0.00037138976
-0.0008586062,-0.0011952482
0.0016066497,-0.0028516285
0.003822695,-0.0051087267
0.0054321857,-0.0074383444
0.0062680696,-0.009190538
0.0063547357,-0.009861002
0.005841772,-0.00926194
0.0049095745,-0.007585018
0.0036928032,-0.005317432
0.0022566116,-0.0030621048
0.00062074844,-0.0013509275
-0.0011838755,-0.0004919756
-0.0030852845,-0.00051737746
-0.0049027572,-0.0012213703
-0.0063571134,-0.0022368524
-0.007150072,-0.0031631112
-0.0070699384,-0.0036936537
-0.0060873246,-0.003691784
-0.004394793,-0.0032073641
-0.0023592843,-0.0024246364
-0.0004148897,-0.0015770443
0.0010672532,-0.0008647236
0.0018632248,-0.0003918301
0.0019335658,-0.00016052142
0.0014415545,-0.00010406846
0.00068514596,-0.00013078899
-1.6788337e-05,-0.00016768978
-0.0004280398,-0.00018183269
-0.00045573048,-0.0001813221
-0.00016566172,-0.0001945145
0.0002608138,-0.00023766454
0.00061048794,-0.0002978909
0.000716453,-0.00032992318
0.0005189328,-0.00027534552
8.171049e-05,-9.27408e-05
-0.00043968405,0.00021760998
-0.000858689,0.0006071438
-0.0010229392,0.0009841109
-0.0008636457,0.0012432787
-0.00041759803,0.0013053284
0.00019385507,0.0011454222
0.0008106496,0.00080090296
0.0012845093,0.00035930856
0.0015190115,-6.7992594e-05
0.0014912364,-0.00038511684
0.0012484909,-0.00053746195
0.00088120194,-0.0005292837
0.00049032125,-0.00041569112
0.00015784978,-0.0002782833
-6.9900205e-05,-0.00019443202
-0.00018458287,-0.00021126212
-0.00020562527,-0.00033275882
-0.00016591686,-0.00052157714
-9.867313e-05,-0.00071711984
-2.8783985e-05,-0.0008569268
2.8697043e-05,-0.0008988405
6.6785266e-05,-0.0008328383
8.2802784e-05,-0.000680493
7.61535e-05,-0.00048406573
4.861705e-05,-0.00029035786
5.202786e-06,-0.0001357022
-4.5397333e-05,-3.719571e-05
-9.175481e-05,7.691893e-06
-0.00012251681,1.4799857e-05
-0.00012992472,5.195463e-06
-0.00011342642,-3.9756387e-06
-7.9212965e-05,-4.36314e-06
-3.820455e-05,3.5691535e-06
-2.1138378e-06,1.4709715e-05
2.066432e-05,2.2735254e-05
2.7790777e-05,2.408325e-05
2.2982342e-05,1.9369214e-05
1.2811511e-05,1.17642985e-05
4.103182e-06,4.7054114e-06
3.183676e-07,6.4717733e-07
8.845363e-07,-3.3185822e-07
2.3187556e-06,3.3032848e-07
1.1309704e-06,8.103458e-07
-3.6143078e-06,6.6744064e-07
-8.495885e-06,1.4616388e-06
-8.41752e-06,4.1934286e-06
1.8965732e-06,9.270474e-06
2.4184976e-05,1.5708089e-05
5.6365618e-05,2.1532282e-05
9.0038135e-05,2.3910872e-05
0.00011582614,2.0772912e-05
0.00012608455,1.2847874e-05
0.00011754333,4.4600883e-06
9.190543e-05,2.338624e-06
5.4386317e-05,1.3479938e-05
1.026626e-05,4.254142e-05
-3.7324968e-05,8.332637e-05
-8.787619e-05,0.00012155834
-0.00014243794,0.00013833087
-0.00020068102,0.00011718046
-0.00025839527,5.2640284e-05
-0.00030772566,-4.2902742e-05
-0.0003399394,-0.00013818489
-0.0003503008,-0.00018972563
-0.00034211035,-0.0001564622
-0.0003279149,-1.5742018e-05
-0.00032571398,0.00022267536
-0.00035075052,0.0005126788
-0.0004067099,0.0007783554
-0.00048061262,0.00093511073
-0.00054427714,0.0009154389
-0.0005632431,0.0006935918
-0.0005113927,0.0002989428
-0.00038484886,-0.0001886742
-0.00020773968,-0.0006616452
-2.5288573e-05,-0.0010141003
0.00011250232,-0.0011736797
0.00017316155,-0.001124064
0.00015948917,-0.00090766995
0.0001142103,-0.0006069565
0.000104625324,-0.00031166928
0.00019339181,-8.425807e-05
0.00040458984,6.248995e-05
0.0007006431,0.00016721257
0.0009845977,0.0002998701
0.0011316963,0.0005270621
0.0010431526,0.00087469496
0.0007029793,0.0013041358
0.00021177687,0.0017155461
-0.0002219815,0.0019756714
-0.00033817498,0.0019639358
8.1533566e-05,0.0016229706
0.0011136716,0.0009924582
0.0026336294,0.00019779049
0.004311588,-0.0005899582
0.005678902,-0.0011866557
0.006271198,-0.0014616426
0.005806865,-0.0013942524
0.0043254886,-0.0010896414
0.00221885,-0.0007332372
0.00013297307,-0.0005039675
-0.0012318942,-0.0004920108
-0.0013222403,-0.0006740178
7.136654e-05,-0.0009049894
0.0026783703,-0.0009618488
0.0058390507,-0.0006368143
0.00863434,0.00020095638
0.010145896,0.0015404277
0.009803916,0.0031685594
0.007636682,0.004710709
0.0042955303,0.005762337
0.00082335464,0.006053685
-0.0016926224,0.0055194832
-0.0024330888,0.0043067615
-0.0011430545,0.0027691782
0.0017218775,0.0013688434
0.005188878,0.00043615236
0.0080115795,9.206419e-05
0.008996971,0.0002819688
0.0074871606,0.0006991501
0.0036712983,0.0008797267
-0.0014987334,0.00044115254
-0.0068326276,-0.0006796295
-0.011057865,-0.0022838884
-0.013036119,-0.003912327
-0.012350725,-0.0049161073
-0.009509867,-0.004667209
-0.0056802295,-0.002869073
-0.0022188618,0.00028692943
-0.00013658378,0.0041584824
0.00016806039,0.007883657
-0.0011600078,0.010431999
-0.0033471694,0.0109974425
-0.0052707302,0.009297064
-0.0059073074,0.005752656
-0.0047369283,0.0013624944
-0.001960081,-0.0026410148
0.0016541093,-0.0052489485
0.0050594723,-0.0058077406
0.0071610305,-0.0042395964
0.0072361296,-0.0012053
0.00523901,0.0020970888
0.0017827856,0.0044086757
-0.0021191004,0.004821061
-0.005364959,0.003006825
-0.007055192,-0.0006383357
-0.00676992,-0.0050794
-0.0046429336,-0.008985658
-0.0012544058,-0.011136232
0.0025464783,-0.01080726
0.0058712093,-0.008084112
0.008060049,-0.0038504095
0.008805743,0.00057348213
0.008064055,0.0038811688
0.005950457,0.0051469356
0.0027307586,0.0041795066
-0.001223907,0.0016338398
-0.0056084893,-0.0012658524
-0.010068849,-0.0032337764
-0.013848488,-0.0032150846
-0.015977127,-0.0009411881
-0.015579724,0.002885994
-0.012143005,0.0068205562
-0.005734511,0.00918911
0.0029567743,0.008681204
0.01284161,0.004660549
0.022408726,-0.002834086
0.029656112,-0.012627379
0.03279032,-0.022201627
0.031062538,-0.028399983
0.025331061,-0.028997893
0.017673638,-0.024059923
0.010353074,-0.015475689
0.0051443293,-0.00561849
0.0031391312,0.0033990042
0.004521014,0.009944893
0.0082579125,0.012294011
0.012329712,0.010026475
0.014658329,0.0043562073
0.013927991,-0.002676997
0.009771104,-0.008871864
0.0029994277,-0.012448385
-0.0046072523,-0.012578725
-0.010831281,-0.009560948
-0.013749923,-0.004698151
-0.012446461,0.000120225886
-0.0075160726,0.0032116224
-0.00079157314,0.00375007
0.0054484997,0.0018879493
0.008978609,-0.0014816871
0.008115284,-0.004599792
0.0027867872,-0.0056427587
-0.0055455402,-0.003750418
-0.014860541,0.0012399966
-0.022478567,0.008751057
-0.025661062,0.01671565
-0.022956569,0.02229356
-0.015030211,0.02355322
-0.0040876037,0.020484634
0.007343137,0.014412746
0.017216355,0.006866554
0.023742793,-0.00044836433
0.02571771,-0.00523648
0.023389637,-0.005840702
0.01827196,-0.0024257908
0.012229039,0.003389023
0.006761827,0.009610022
0.0026205056,0.014299402
-0.00017348657,0.015579579
-0.0021159416,0.012629764
-0.0037800842,0.0063067917
-0.00560626,-0.0014393434
-0.007927199,-0.008677167
-0.010410536,-0.013415508
-0.012079913,-0.014107285
-0.012100436,-0.01064242
-0.0103970645,-0.004331905
-0.0074672136,0.0028150138
-0.0040270896,0.008858833
-0.0009686028,0.0121873375
0.0005576567,0.011915556
-0.0001357827,0.008482704
-0.002892894,0.003342705
-0.0071049393,-0.0017218859
-0.011865433,-0.005200901
-0.015851287,-0.0060685277
-0.017823284,-0.0043249438
-0.017278725,-0.00096822635
-0.014467866,0.0025071742
-0.010123588,0.0046578324
-0.0051223496,0.0045793382
-0.00028656138,0.002171069
0.003829188,-0.0019111211
0.0068868864,-0.0066287434
0.0086091,-0.010608373
0.008893271,-0.012690007
0.0075858515,-0.012513791
0.0044648475,-0.010610684
-0.00060964335,-0.008135036
-0.0076420596,-0.006313292
-0.01646049,-0.0058486955
-0.02639029,-0.0068860613
-0.03611305,-0.0090316925
-0.04371941,-0.011479269
-0.047085583,-0.013330824
-0.044924688,-0.013903808
-0.037941616,-0.012971919
-0.028500687,-0.010988564
-0.019187521,-0.00904879
-0.01193964,-0.008395226
-0.007932434,-0.009847832
-0.0075993123,-0.013369493
-0.010507028,-0.017949775
-0.015262728,-0.02180291
-0.019709656,-0.022904225
-0.02163943,-0.019817054
-0.01994506,-0.012447095
-0.015234993,-0.0021239147
-0.00903859,0.009135132
-0.0025194464,0.019359201
0.0029758648,0.026181707
0.005678967,0.02766153
0.0050169826,0.023752643
0.0021803249,0.016384026
-0.00098646,0.008346825
-0.002998149,0.0022060815
-0.002980492,-0.00031641024
-0.0007321478,0.0013335423
0.0028538455,0.0062712636
0.0063880715,0.012422006
0.0079278,0.017067172
0.005729232,0.017624078
-0.0005109846,0.01286257
-0.009416315,0.0035887011
-0.019732816,-0.008279351
-0.03000713,-0.02046518
-0.03736671,-0.029792918
-0.03832505,-0.03333976
-0.032323953,-0.029927006
-0.022884931,-0.021061413
-0.014122477,-0.0098436745
-0.008238678,0.000562155
-0.005878378,0.007874132
-0.0069576968,0.010655172
-0.010447665,0.008429096
-0.014120298,0.0024048588
-0.015628282,-0.0053941556
-0.013251007,-0.012853465
-0.00642819,-0.018311698
0.003627874,-0.021165628
0.014499804,-0.022000097
0.023197876,-0.021901248
0.026731722,-0.021809205
0.023412969,-0.022310883
0.01421095,-0.023778154
0.0019573043,-0.025941717
-0.010234077,-0.02747086
-0.018809836,-0.026525084
-0.020226186,-0.022077013
-0.01358233,-0.0145821255
-0.0014631471,-0.0055734534
0.013201785,0.0027942287
0.028661838,0.008695916
0.040751513,0.009925298
0.04464849,0.006192687
0.03954631,-0.0010977597
0.029136304,-0.0099863345
0.017655315,-0.018564
0.007976763,-0.024792505
0.0025257033,-0.026882416
0.0029067944,-0.024220157
0.008432811,-0.018156003
0.016790261,-0.010990513
0.025556287,-0.004923942
0.031966314,-0.001564586
0.033650056,-0.0015798102
0.030435309,-0.0044204635
0.02463975,-0.008692407
0.019325621,-0.012660561
0.017032469,-0.014657944
0.019206835,-0.013664585
0.025958197,-0.009782135
0.035854626,-0.0042541376
0.045978516,0.0011384067
0.051652525,0.0047882884
0.048059255,0.005797181
0.034627866,0.0037738266
0.015554162,-0.0009917564
-0.0047905208,-0.006825496
-0.025783077,-0.011100938
-0.044816338,-0.011106206
-0.055616852,-0.00569476
-0.054447643,0.0035092488
-0.044579003,0.014568655
-0.03180125,0.026127277
-0.02006065,0.036420636
-0.012053144,0.042920206
-0.010298819,0.043351647
-0.015268821,0.037396763
-0.024542782,0.026905589
-0.035206657,0.014565171
-0.044503946,0.0025662114
-0.048907366,-0.007294469
-0.045319673,-0.013390134
-0.034392502,-0.01463814
-0.020232761,-0.0113230655
-0.0067618066,-0.005113816
0.00398742,0.001702111
0.011752423,0.0074962624
0.01562378,0.011102172
0.015452562,0.01183069
0.012639167,0.009782785
0.008897845,0.005680193
0.0055006887,0.0006090619
0.0029872656,-0.0044189524
0.0012272837,-0.008701774
-6.857837e-05,-0.011771213
-0.0010626748,-0.01345367
-0.0016543589,-0.0138637535
-0.0013928405,-0.013317158
0.00027012275,-0.012063869
0.003637939,-0.010241205
0.008491646,-0.007903221
0.014012918,-0.00508722
0.018742269,-0.0018374552
0.0209198,0.0017019045
0.01914007,0.0051791226
0.013322201,0.0080083
0.0049305893,0.009695375
-0.003690549,0.010228006
-0.010050004,0.009884318
-0.011651167,0.008955534
-0.007112688,0.008027333
0.0028054207,0.00807524
0.016284939,0.009622113
0.030983267,0.012248545
0.043171644,0.015486167
0.04844199,0.01885712
0.044232123,0.021479435
0.032530673,0.021877743
0.018259892,0.019146906
0.005768027,0.013777608
-0.002290283,0.007047941
-0.004865333,0.00039366368
-0.00245781,-0.0048719505
0.0028167095,-0.007608408
0.007814843,-0.007133162
0.009394001,-0.0034093317
0.005709192,0.0026482726
-0.0028513232,0.009591138
-0.014429642,0.016447704
-0.02576783,0.022092788
-0.032559246,0.024702437
-0.03119661,0.022776294
-0.02132015,0.017265858
-0.0060312795,0.011040599
0.010666565,0.00591987
0.026094133,0.0015938272
0.036011167,-0.0011715841
0.036626834,-0.000690979
0.02821601,0.0029229
0.014929547,0.007811468
0.001374709,0.012818385
-0.009188951,0.017687686
-0.014021581,0.021010458
-0.011790327,0.020989304
-0.0040744133,0.017244514
0.0059344284,0.0107374545
0.015279283,0.0020679606
0.021345211,-0.008325911
0.022301244,-0.018746508
0.018403629,-0.026752735
0.011852513,-0.030383684
0.005513786,-0.028784202
0.0016967761,-0.022414153
0.0012320564,-0.012728719
0.0035147918,-0.0019597623
0.007432794,0.007704744
0.011288452,0.01406474
0.012875517,0.014972491
0.010974835,0.009936941
0.0065884273,0.00022631313
0.001339785,-0.012044897
-0.004056456,-0.024698455
-0.008100939,-0.034632742
-0.008983826,-0.038795896
-0.006395059,-0.03576582
-0.0019840975,-0.026818313
0.0021306493,-0.01495679
0.004898716,-0.0032843573
0.006610727,0.005931584
0.00773764,0.011352954
0.008914618,0.012071697
0.010969305,0.008837169
0.014456497,0.0034583185
0.01900307,-0.0021619801
0.023368035,-0.0064474246
0.02587456,-0.008314877
0.025111109,-0.0076581943
0.020739863,-0.005486564
0.013848876,-0.0033513778
0.0064706677,-0.0023684253
0.0008029151,-0.002703517
-0.0015237683,-0.0036507905
0.00025273318,-0.004028886
0.005624005,-0.0025471428
0.0129215745,0.0015559919
0.019899737,0.008193408
0.024081256,0.016250642
0.023459496,0.02350112
0.017531954,0.02712502
0.007946089,0.024843711
-0.002127843,0.01624971
-0.009908148,0.00308731
-0.014725688,-0.0122388145
-0.016628109,-0.027501294
-0.01573448,-0.039115548
-0.012590967,-0.043259326
-0.008783099,-0.038299445
-0.006344462,-0.026514912
-0.006005026,-0.012230518
-0.0065339957,0.0007720857
-0.0058225337,0.010299639
-0.0023431478,0.014402874
0.0040539275,0.012303289
0.01223113,0.0059143133
0.020120878,-0.0021756378
0.02479521,-0.009176351
0.023585679,-0.011983024
0.015808713,-0.009246997
0.0034639195,-0.0026664517
-0.01024344,0.0051917485
-0.022551483,0.013026222
-0.02918898,0.01764987
-0.027209176,0.015738891
-0.017333858,0.008113078
-0.0034294522,-0.0014964594
0.010362885,-0.010825931
0.020956887,-0.018302053
0.024403308,-0.019925844
0.019617531,-0.0136826085
0.009187462,-0.002478502
-0.0023962779,0.01025057
-0.011477015,0.023321517
-0.014182123,0.033124313
-0.008731385,0.03487102
0.0028464117,0.028268533
0.016963273,0.016765742
0.03004803,0.002748152
0.037907764,-0.011733787
0.036828756,-0.022436913
0.027037479,-0.025467535
0.01283719,-0.02139123
-0.0010890136,-0.013064424
-0.011373178,-0.0026817324
-0.0156204365,0.008189321
-0.012543292,0.017025806
-0.003897524,0.021767348
0.0066789263,0.022318931
0.015643077,0.01977536
0.020240735,0.015969917
0.019495308,0.012910803
0.014813474,0.012194789
0.009191137,0.014492198
0.005675042,0.019689167
0.0065175756,0.026769143
0.012516096,0.033942
0.022505622,0.03925565
0.03344004,0.041064154
0.040987503,0.038521506
0.041461367,0.032278057
0.03460521,0.02405363
0.02339559,0.015402552
0.011321333,0.0073581473
0.0009877188,0.0006534362
-0.0062739984,-0.004298041
-0.009601267,-0.008104511
-0.0091991285,-0.011055921
-0.007084087,-0.013852246
-0.0057107187,-0.016806971
-0.006952347,-0.020031894
-0.011640044,-0.023134174
-0.01905945,-0.025458565
-0.027156841,-0.026137365
-0.03309979,-0.024644196
-0.03437276,-0.020834154
-0.030354751,-0.01520452
-0.022717832,-0.008436866
-0.014130504,-0.0013171432
-0.0069019385,0.0054026484
-0.0023667905,0.011211169
-0.0010399324,0.015771734
-0.0023994616,0.018823002
-0.0046616215,0.020283127
-0.005707882,0.020177692
-0.003948222,0.018525427
0.0009872717,0.01540912
0.008059809,0.010937959
0.015333049,0.0050280094
0.020451182,-0.0024292076
0.021301601,-0.010964775
0.017164003,-0.01957348
0.009048981,-0.027171198
-0.0009648058,-0.032636408
-0.010215184,-0.034700785
-0.015952481,-0.032429703
-0.016657796,-0.025885755
-0.013138407,-0.01621077
-0.0077432124,-0.0050727185
-0.0027111976,0.0058655064
0.0006935187,0.0154968565
0.0012726703,0.022391291
-0.00142004,0.02540349
-0.0063689766,0.024475122
-0.011794587,0.020602994
-0.0161564,0.015355736
-0.018634513,0.010338094
-0.019279053,0.006828964
-0.018857164,0.00550611
-0.01840636,0.0062806066
-0.018601347,0.008302156
-0.019331764,0.010350781
-0.0196599,0.011095565
-0.018192733,0.009611537
-0.013779287,0.0058605922
-0.00622513,0.0008428673
0.003428937,-0.0040103
0.013814051,-0.007756176
0.022663105,-0.0091319475
0.027234538,-0.0069207326
0.02588668,-0.0012234977
0.019212462,0.0061610937
0.00971854,0.0130134225
0.0004903373,0.017705634
-0.005626068,0.018793423
-0.006373466,0.015227663
-0.0013252546,0.0077472157
0.007720393,-0.0014640094
0.018076586,-0.011503754
0.02597972,-0.021013027
0.027507551,-0.027287966
0.020783648,-0.028452301
0.0073585035,-0.025654964
-0.009582819,-0.021398826
-0.027198618,-0.016617479
-0.041925155,-0.01115211
-0.04899493,-0.0058560227
-0.045655504,-0.0018220932
-0.03416446,0.0015148369
-0.019558461,0.005632669
-0.0060087577,0.010959078
0.0041848603,0.016893176
0.009255948,0.022187617
0.007860703,0.025141753
0.0008992374,0.024296945
-0.009032072,0.019149896
-0.019389484,0.010588042
-0.02855389,0.00013095188
-0.035410676,-0.010283009
-0.039045338,-0.01826156
-0.03903019,-0.021546071
-0.03609216,-0.01923367
-0.03178699,-0.012321332
-0.027328048,-0.0032241354
-0.022921339,0.005437761
-0.018202992,0.011410097
-0.013062243,0.013149131
-0.007980698,0.010489566
-0.0038481294,0.004836348
-0.0017353506,-0.0016696308
-0.0026213916,-0.0071676127
-0.0068471604,-0.010046325
-0.013844887,-0.009664085
-0.021987611,-0.0066799982
-0.028940368,-0.0027062558
-0.031959787,0.00016900385
-0.02890752,0.00015837181
-0.019470965,-0.002876011
-0.0054286215,-0.0073507535
0.010856476,-0.011917473
0.0277852,-0.015602477
0.04231638,-0.016556064
0.050667834,-0.012722077
0.050117847,-0.0042977543
0.041222658,0.0054836343
0.027304044,0.012799211
0.012129399,0.01570166
-0.0014196255,0.014156013
-0.0115605,0.009294598
-0.01728172,0.0027364804
-0.018313263,-0.0033583778
-0.015495065,-0.0069402703
-0.01060089,-0.0070695607
-0.005600638,-0.0043621445
-0.0018965813,-0.0006227921
9.998523e-05,0.0019165889
0.00083407067,0.0014746668
0.001318755,-0.0026246128
0.002801472,-0.009547352
0.006306924,-0.017236894
0.012431917,-0.02279969
0.021040943,-0.023405325
0.031018583,-0.017592367
0.04076208,-0.006009405
0.048738416,0.009052239
0.053281493,0.024421792
0.05195454,0.036240943
0.043300573,0.04072039
0.030211514,0.036727536
0.017879412,0.026992297
0.009288998,0.015832314
0.005100512,0.0069047567
0.0050049843,0.0025360952
0.008216555,0.0035025638
0.013437808,0.008895636
0.018856946,0.016323928
0.022338009,0.022581344
0.02197299,0.024666755
0.01730222,0.021115659
0.010051332,0.012905686
0.0027294555,0.0027905623
-0.0031082751,-0.0061254976
-0.0067806523,-0.011709637
-0.0072317966,-0.012077074
-0.0047680163,-0.007568355
-0.0010570238,-0.00046003566
0.0024399792,0.006456657
0.0047313096,0.010738661
0.004969133,0.010572155
0.0035257202,0.0061091073
0.0019619141,-0.00061252306
0.0017641829,-0.0070246416
0.0040102033,-0.010773428
0.009215709,-0.010255256
0.016641429,-0.0057673627
0.024494924,0.0006944823
0.03044052,0.006362612
0.031463534,0.008455347
0.025844175,0.0053417236
0.015026555,-0.0025228632
0.002220231,-0.012887082
-0.011065733,-0.022881327
-0.022224631,-0.028575508
-0.026562134,-0.02671831
-0.022055572,-0.017257709
-0.011742066,-0.003291901
0.00071516534,0.011514127
0.014487731,0.024230503
0.026593829,0.03059981
0.031796016,0.027807213
0.028472837,0.017362507
0.020196125,0.00352477
0.010541258,-0.009680997
0.0013379515,-0.019003954
-0.0051669246,-0.021320265
-0.006422635,-0.015507862
-0.0024996542,-0.003965409
0.0049140295,0.009721494
0.015345137,0.02282236
0.026874652,0.031560086
0.035742547,0.033025984
0.038944613,0.027126089
0.036640752,0.016609019
0.030975858,0.004848773
0.023718996,-0.005588754
0.015668906,-0.01303212
0.0074416446,-0.016755361
-0.00022419063,-0.01704883
-0.006782566,-0.015095457
-0.0120016765,-0.012246109
-0.015732564,-0.009495967
-0.017768102,-0.0072564227
-0.018004555,-0.0054105534
-0.016668646,-0.003516071
-0.014262134,-0.0011735788
-0.011498679,0.0016450544
-0.009225028,0.0044787154
-0.008074251,0.006603241
-0.008293297,0.0072246552
-0.009631961,0.0058311806
-0.011400859,0.0024515921
-0.012671491,-0.002317921
-0.012541997,-0.007537132
-0.010432452,-0.012196965
-0.006382067,-0.015515851
-0.001139951,-0.01719035
0.004078833,-0.017422521
0.007978095,-0.016708396
0.009544957,-0.015560662
0.00838197,-0.0143321585
0.004871444,-0.01313036
-1.5362502e-05,-0.011812188
-0.0051389593,-0.010072129
-0.009512236,-0.00764268
-0.012489283,-0.004537839
-0.01393358,-0.0011220131
-0.014165796,0.0020598988
-0.013676447,0.004530843
-0.012805707,0.0060766875
-0.011549637,0.0068309926
-0.0095657725,0.0072120633
-0.006396468,0.0077151996
-0.0017965777,0.008650747
0.0040538604,0.009935147
0.010443814,0.0110043995
0.016011093,0.0110114785
0.019033572,0.009266701
0.01823191,0.005647435
0.0135639105,0.00074133393
0.006275542,-0.004330166
-0.0018422907,-0.0082502
-0.008974638,-0.009689568
-0.012970009,-0.0077749207
-0.012547554,-0.0028704556
-0.008320931,0.003659257
-0.0021689998,0.010157679
0.0037360995,0.014997306
0.006826537,0.016893275
0.0051573,0.015754864
-0.0011483487,0.0128023205
-0.010242709,0.009989944
-0.01964952,0.009083506
-0.02598768,0.010902979
-0.02587061,0.01457897
-0.018213037,0.017901564
-0.0048699533,0.018667674
0.011165893,0.015173664
0.026975168,0.0058172
0.038819164,-0.0099101765
0.04287813,-0.029496271
0.037456132,-0.04737464
0.024518237,-0.05684843
0.009283161,-0.054172795
-0.0032662295,-0.041338775
-0.010828457,-0.023348758
-0.012840964,-0.005097748
-0.009443416,0.009343945
-0.0016128124,0.015750194
0.007717241,0.010951841
0.015784556,-0.0037077598
0.021043243,-0.025288865
0.021586249,-0.049580336
0.017330099,-0.06835296
0.012466505,-0.069686435
0.0114707425,-0.05102414
0.012113491,-0.023905657
0.013415819,0.0032224052
0.018273896,0.028163655
0.02582825,0.046348557
0.030246677,0.048254658
0.027513014,0.032444842
0.023679938,0.008095115
0.021674868,-0.018855363
0.019838544,-0.046138655
0.01801669,-0.06859883
0.01945385,-0.076771855
0.025977418,-0.06578113
0.03231299,-0.04534227
0.034641974,-0.025013214
0.032446336,-0.009493762
0.024827827,-0.00096862216
0.01246032,-0.00022039645
-0.0018563124,-0.0053190645
-0.016379565,-0.0128153805
-0.029555887,-0.019200515
-0.037359912,-0.021433067
-0.037303276,-0.01865459
-0.030620674,-0.012034866
-0.021124873,-0.003981515
-0.012518875,0.0029850875
-0.0069127,0.007048014
-0.005458086,0.0075701177
-0.008143856,0.005407216
-0.013686267,0.0021623047
-0.020056818,-0.00031672997
-0.02426146,-0.00080993545
-0.02370947,0.0006763708
-0.017655771,0.0030058345
-0.0074309153,0.0045679985
0.004632074,0.0040248036
0.016647391,0.0002529196
0.026011445,-0.007001253
0.030021474,-0.01598707
0.027621962,-0.023735326
0.019836195,-0.02779211
0.009030825,-0.027328834
-0.00214295,-0.023133324
-0.011561974,-0.016825467
-0.017722558,-0.010307602
-0.01979036,-0.0055507044
-0.017963812,-0.00393711
-0.013485174,-0.005455347
-0.008060539,-0.008794198
-0.0032713083,-0.0120864
-0.0002292253,-0.013345901
0.00060362456,-0.011135494
-0.00049854885,-0.005481537
-0.002651881,0.0021098747
-0.004582599,0.0100070825
-0.0048654163,0.01631414
-0.0025710464,0.019103207
0.0024576795,0.01793767
0.009680646,0.014113514
0.018003166,0.009586604
0.025748828,0.0062106503
0.030765407,0.005613177
0.031096207,0.008537158
0.025972381,0.014029641
0.016254693,0.01987904
0.003987627,0.023838714
-0.008392045,0.024263864
-0.018186055,0.02015686
-0.022717185,0.011741222
-0.020459592,0.00097114005
-0.012010742,-0.009281955
0.00036986626,-0.016981892
0.014211888,-0.02134996
0.026644228,-0.021770388
0.03436097,-0.018012261
0.03495228,-0.011098011
0.028601127,-0.003460543
0.018063061,0.0024939887
0.0069926432,0.0057680113
-0.0015221653,0.0066856835
-0.0055213245,0.005793348
-0.004074817,0.0034994779
0.0017755331,0.0004921913
0.009545291,-0.002894209
0.016121084,-0.006829453
0.018101797,-0.010955473
0.01333406,-0.014628818
0.0022101717,-0.017452648
-0.013380542,-0.01914936
-0.031092169,-0.018667893
-0.04698888,-0.014856368
-0.055513665,-0.008138877
-0.052680764,-0.00085722195
-0.040093016,0.004931008
-0.022778556,0.008814808
-0.0049523977,0.010455032
0.010996371,0.009233566
0.023128346,0.0047914926
0.028740905,-0.0015891502
0.027404133,-0.0072945585
0.021303907,-0.010357657
0.013523542,-0.009930019
0.006814826,-0.0060599693
0.003032461,0.00036437603
0.0029066855,0.008040016
0.006134623,0.015291543
0.011255503,0.020288685
0.015912922,0.022010712
0.018037442,0.020581853
0.016454931,0.017125674
0.011295041,0.013274896
0.0037522803,0.0104024
-0.0046412135,0.009311904
-0.012446958,0.010053292
-0.018088633,0.011914878
-0.020253757,0.013572017
-0.018478835,0.013826101
-0.013287432,0.012302091
-0.0058287852,0.009529043
0.0025723446,0.006543968
0.010903684,0.0042815125
0.018226748,0.0034602412
0.0234976,0.004612304
0.02598313,0.0075163767
0.025384136,0.011107555
0.021941472,0.0138660455
0.016382203,0.014394358
0.009815055,0.011996111
0.0034819415,0.007000446
-0.0015684972,0.00067191315
-0.0049026185,-0.005382139
-0.0062035588,-0.0097698
-0.005231529,-0.0110862
-0.0023984574,-0.008973867
0.0013589073,-0.0042024767
0.0051334267,0.0016326007
0.008277638,0.0068115843
0.010060621,0.009565354
0.009918004,0.008705065
0.007912161,0.0041931067
0.004710255,-0.0029189587
0.00091941113,-0.0111452695
-0.0029514492,-0.018684084
-0.0058185156,-0.023424374
-0.0063853716,-0.023802346
-0.0038585467,-0.019497762
0.0016774789,-0.01148377
0.009736203,-0.0015283577
0.020427786,0.008846467
0.033174235,0.018038068
0.045767646,0.024179637
0.05425949,0.026081746
0.05454604,0.023818556
0.045790225,0.018616993
0.031128448,0.011916712
0.014181391,0.005173301
-0.002405059,-5.270293e-05
-0.017663138,-0.0021434715
-0.029030133,-0.00067564106
-0.032706488,0.003946727
-0.028060935,0.009800178
-0.017676204,0.015665166
-0.0050996477,0.02033762
0.006309146,0.022575779
0.013205235,0.021257577
0.012768107,0.01653275
0.0049859956,0.009716725
-0.0076047042,0.0026298368
-0.023204904,-0.0029140941
-0.038949754,-0.005091298
-0.050137036,-0.0030326783
-0.052493576,0.0021864683
-0.046153717,0.0087046465
-0.035046346,0.015179611
-0.023332221,0.020558061
-0.013619155,0.02357322
-0.0075023538,0.023325723
-0.005410982,0.019819513
-0.0060948483,0.014124351
-0.007159827,0.007691354
-0.0062008565,0.0019100036
-0.0015854156,-0.0022331134
0.0068853116,-0.0043787975
0.018517952,-0.0048179566
0.031231243,-0.004010701
0.041911114,-0.0021152857
0.047330208,0.001133868
0.045795273,0.0059354156
0.03858049,0.011745626
0.029157432,0.017820895
0.020997271,0.02380403
0.0165455,0.029126128
0.016835263,0.03249547
0.021187391,0.032300636
0.027183091,0.027638553
0.031625494,0.018741604
0.031743996,0.006912136
0.02630361,-0.0057703825
0.015964607,-0.017135123
0.0025951047,-0.02532793
-0.011073769,-0.028621405
-0.021181406,-0.025952665
-0.024295151,-0.018143147
-0.019877149,-0.0076420465
-0.0102251265,0.0029269669
0.0018556583,0.01174163
0.014338649,0.017427118
0.023994457,0.018927941
0.027792593,0.016837463
0.025380535,0.012882048
0.018974831,0.008784273
0.011507174,0.0056990725
0.0054086116,0.004017441
0.0021730408,0.0033068017
0.0021494732,0.0024476512
0.0045781173,9.6880176e-05
0.007813829,-0.0047943504
0.009938598,-0.012502788
0.009368624,-0.022306928
0.005361538,-0.032486632
-0.0016626046,-0.040602297
-0.010058056,-0.04411676
-0.017475905,-0.041467935
-0.022209654,-0.032985676
-0.024141697,-0.020554006
-0.024161955,-0.006415739
-0.023178527,0.007700188
-0.021676565,0.020559067
-0.019958872,0.030849347
-0.018214298,0.03741854
-0.016258014,0.039809167
-0.01355191,0.038430665
-0.009544532,0.034300435
-0.004088451,0.028549297
0.0023684173,0.022044377
0.008923732,0.015302163
0.014534217,0.008573896
0.018188499,0.002082713
0.019130616,-0.0037269273
0.017195873,-0.008373374
0.012820887,-0.011679195
0.0067299963,-0.013923468
-0.0004316357,-0.015744762
-0.008325656,-0.017873997
-0.016856987,-0.020865016
-0.025934681,-0.024867153
-0.035128865,-0.029370302
-0.04315101,-0.033101812
-0.047431905,-0.034239743
-0.044951163,-0.03113111
-0.03496062,-0.023263386
-0.019796504,-0.011598959
-0.0023024497,0.0017900558
0.017414784,0.014401397
0.040321868,0.024166333
0.061873045,0.02631699
0.0728541,0.019181216
0.06719733,0.0053859
0.051631477,-0.011396133
0.033470813,-0.029189542
0.014532406,-0.045079205
-0.0038363251,-0.05492419
-0.016707005,-0.054139808
-0.019929202,-0.04241997
-0.015683638,-0.024474187
-0.008488912,-0.0055921576
-0.0005780913,0.010872418
0.007028261,0.022777388
0.011657185,0.026678065
0.011365751,0.02164686
0.007705468,0.010342957
0.0035540971,-0.0033530167
6.506083e-05,-0.016735107
-0.0017210257,-0.026819611
-0.00023924069,-0.030788144
0.0044999,-0.02779621
0.010654126,-0.019582165
0.016286515,-0.009030051
0.020241437,0.0012730475
0.021738818,0.009338406
0.020146472,0.013686444
0.01589337,0.0139817465
0.010087087,0.011106779
0.0040096054,0.00680459
-0.0017494783,0.0028937154
-0.0073341555,0.000790522
-0.01285792,0.0012375736
-0.018078316,0.004275055
-0.022511138,0.009113846
-0.025301436,0.01441922
-0.025225013,0.018522706
-0.021233367,0.019921692
-0.013118217,0.018089684
-0.0016813928,0.013701671
0.011794118,0.007930125
0.026161715,0.001143774
0.039246563,-0.0060326387
0.048051964,-0.011893801
0.050045244,-0.014448509
0.044788174,-0.013177988
0.03434968,-0.009789673
0.021715948,-0.0064743324
0.009437662,-0.00445829
-0.00072109734,-0.0040352605
-0.0079848245,-0.004889702
-0.011993531,-0.006484763
-0.012699161,-0.007723147
-0.010941359,-0.0073809233
-0.007847232,-0.0047048787
-0.0045360173,0.0001622102
-0.0017421838,0.006155505
0.00030782333,0.011463419
0.0013750343,0.013603818
0.001145082,0.010456821
-0.0003173449,0.0014677106
-0.0030130814,-0.012396958
-0.0077703157,-0.03009815
-0.015399886,-0.048721135
-0.025146808,-0.06325731
-0.033161614,-0.067095
-0.034657266,-0.0569171
-0.031711403,-0.037676275
-0.028225498,-0.015910199
-0.02463016,0.004178468
-0.019890595,0.019639693
-0.0139540685,0.02647605
-0.008095771,0.021810122
-0.002989695,0.007810874
0.001411338,-0.011029389
0.0044269473,-0.032816242
0.005341399,-0.053920556
0.0048975977,-0.068291485
0.0052911583,-0.06964131
0.0067443764,-0.058909196
0.0067909006,-0.04356112
0.004709933,-0.029539438
0.0013346734,-0.019741224
-0.0023005086,-0.015083171
-0.005512158,-0.015095328
-0.007601301,-0.017754741
-0.007834992,-0.020128313
-0.0060808742,-0.019284533
-0.0031584643,-0.013618454
-0.0007487326,-0.0036004048
-0.00032796996,0.008643565
-0.0027529735,0.02121708
-0.008771598,0.030814352
-0.01843474,0.034310915
-0.030183157,0.030338338
-0.041621815,0.020023992
-0.050748724,0.005906966
-0.055948015,-0.00894239
-0.055531856,-0.021429269
-0.049103323,-0.0286041
-0.039327703,-0.029183587
-0.030195763,-0.024246762
-0.024411775,-0.016331451
-0.022663804,-0.007852836
-0.024169926,-0.00033610602
-0.027214041,0.0054748966
-0.029546075,0.009197952
-0.028991839,0.010702033
-0.024354251,0.010176238
-0.016112879,0.00802727
-0.005934386,0.004549762
0.00403287,-0.00041094306
0.012161144,-0.0075245434
0.016578507,-0.016639816
0.016012067,-0.026335787
0.010890477,-0.034458794
0.0028749523,-0.038807794
-0.0056632864,-0.03771894
-0.012333578,-0.03098097
-0.015686534,-0.020055948
-0.015413763,-0.007483964
-0.011846934,0.0040869103
-0.005415009,0.012403552
0.0031728775,0.015527019
0.012638324,0.01276514
0.021799428,0.0052664448
0.029578114,-0.0047100307
0.03467682,-0.014146711
0.035794,-0.019540522
0.03223475,-0.018426813
0.024368059,-0.011272693
0.013601693,-0.0010593566
0.0020396214,0.009261657
-0.00848381,0.018189177
-0.015856834,0.023251384
-0.017705498,0.022143383
-0.013048899,0.015354294
-0.0030252503,0.0061997995
0.009747426,-0.0022292084
0.022829277,-0.008961878
0.03248309,-0.012059311
0.03473204,-0.009552215
0.027823592,-0.0022165799
0.013813637,0.0064764745
-0.0035120745,0.013948187
-0.021660343,0.019801442
-0.03767236,0.022576129
-0.04758653,0.020038307
-0.04886062,0.011503636
-0.042852223,-0.0001307937
-0.033577796,-0.011369083
-0.025069825,-0.02056345
-0.019853028,-0.027061101
-0.018929796,-0.030184872
-0.021709384,-0.02979745
-0.026238224,-0.026707757
-0.029949866,-0.022230128
-0.03061889,-0.017509654
-0.027374255,-0.01356912
-0.021244267,-0.011016223
-0.014551324,-0.009980777
-0.009781028,-0.0102602625
-0.008730271,-0.011400901
-0.011971865,-0.012771778
-0.018487213,-0.013597414
-0.025711395,-0.013127494
-0.030150972,-0.01091499
-0.02875731,-0.0071565015
-0.020829054,-0.0023989778
-0.008486985,0.0029085325
0.0050932392,0.00834816
0.017700229,0.0133162355
0.025701199,0.017172495
0.025779597,0.01997258
0.0180748,0.021816565
0.005966693,0.02283891
-0.0067100204,0.023593962
-0.016794726,0.024311587
-0.021641066,0.024221104
-0.020354854,0.02234036
-0.014865998,0.018612863
-0.008625439,0.013508117
-0.0048430096,0.007414013
-0.005599473,0.000825918
-0.011399785,-0.0055361553
-0.020914264,-0.010536651
-0.030886725,-0.012933036
-0.03667401,-0.012327284
-0.03456774,-0.009432125
-0.02449686,-0.005405094
-0.0098237395,-0.0012867848
0.0053704195,0.001782813
0.018629398,0.0025569082
0.025895162,0.00075953227
0.023841202,-0.0023587253
0.01356867,-0.0053935247
-0.0009890962,-0.007675468
-0.016947463,-0.008205231
-0.031509254,-0.005732984
-0.04100049,-0.0007721122
-0.043664936,0.004501088
-0.0412432,0.008002384
-0.037339564,0.008611201
-0.0352559,0.0059616514
-0.03702961,0.00042059628
-0.043104447,-0.006854759
-0.05208414,-0.014029787
-0.060579073,-0.018914597
-0.06311533,-0.01997324
-0.056154083,-0.01702268
-0.04237923,-0.010745597
-0.026888449,-0.0026012764
-0.013147776,0.005156452
-0.0030450458,0.010488172
0.0021877603,0.011981148
0.0019881309,0.008976872
-0.0018484138,0.0022164995
-0.006274152,-0.0067390553
-0.0084595615,-0.016192263
-0.005808522,-0.024373911
0.0026805447,-0.029908113
0.01539398,-0.032503527
0.0291747,-0.032762963
0.03993978,-0.031289477
0.043325223,-0.028221129
0.03706328,-0.024251118
0.023577176,-0.02135347
0.0073738787,-0.020538455
-0.007869144,-0.020904098
-0.019391512,-0.020600338
-0.023935935,-0.018257957
-0.020428777,-0.013390263
-0.011553545,-0.0062181335
-0.001323838,0.0022950182
0.007813312,0.010878248
0.014129128,0.018035842
0.01623053,0.021588862
0.014767895,0.02014682
0.012523299,0.013565925
0.01242163,0.0030308082
0.016151072,-0.00998169
0.02342197,-0.024449652
0.032423496,-0.038699884
0.039818615,-0.049392845
0.041761648,-0.051854134
0.035789974,-0.04367834
0.022971474,-0.029834555
0.0069209775,-0.016039057
-0.008190312,-0.004415318
-0.019340983,0.0053324415
-0.022996144,0.0114893885
-0.017032562,0.011818119
-0.004081604,0.007533414
0.011430521,0.0010109849
0.02579429,-0.0073469337
0.033658065,-0.0158303
0.030564485,-0.021076323
0.017155206,-0.021864282
-0.0017298906,-0.020444352
-0.022081263,-0.018411977
-0.040037613,-0.01557231
-0.049423385,-0.013325251
-0.045738176,-0.013839839
-0.0317689,-0.016886916
-0.014430528,-0.020515839
0.00083223544,-0.024137551
0.010133677,-0.026911436
0.010197157,-0.026771788
0.00089644385,-0.022951461
-0.014378736,-0.016800493
-0.03171816,-0.0087359175
-0.046185784,0.001446843
-0.051718853,0.011779924
-0.0450473,0.018870048
-0.029593475,0.022054242
-0.0115477815,0.02311163
0.004477366,0.022764048
0.014929907,0.020657895
0.016486928,0.016932236
0.008971255,0.01238866
-0.003967451,0.007758796
-0.018582067,0.0039741904
-0.031102339,0.0014996907
-0.03682588,9.7355856e-05
-0.033123534,-0.0008338663
-0.022238916,-0.0011919498
-0.008936565,-0.00095535786
0.0025495952,-0.00077368884
0.009801066,-0.0017169497
0.010818472,-0.0039563547
0.0058595263,-0.0072147
-0.0023002739,-0.011022403
-0.010382191,-0.014596894
-0.014855106,-0.016963517
-0.012888784,-0.017595185
-0.00445792,-0.016457645
0.007995988,-0.014379132
0.021700064,-0.012864874
0.033489656,-0.013260012
0.03942788,-0.016153518
0.03718894,-0.02124828
0.028068598,-0.028043883
0.015285023,-0.035732083
0.0016531027,-0.04257796
-0.010186374,-0.04583489
-0.017320035,-0.042888712
-0.018532112,-0.03298887
-0.015737832,-0.0178748
-0.011859038,-0.00016592206
-0.008201408,0.018599488
-0.0044653835,0.037568517
-0.0006401605,0.05393866
0.0027211034,0.06426433
0.0050530504,0.065848805
0.0067561013,0.05922924
0.009083891,0.04786001
0.012284268,0.03512025
0.01550243,0.022849787
0.01756015,0.011906083
0.017832447,0.0025609443
0.016331531,-0.0049948026
0.01386922,-0.010688527
0.011614322,-0.014554453
0.010516545,-0.016653717
0.010783516,-0.017109035
0.011721103,-0.016170332
0.011854071,-0.014218105
0.009480074,-0.011755373
0.003537617,-0.00937982
-0.0057449434,-0.0075161285
-0.017174317,-0.0058751944
-0.028192233,-0.003503383
-0.034694966,0.00031589597
-0.032879874,0.0057525067
-0.022122283,0.0128478
-0.0051963953,0.021900846
0.015622643,0.03256848
0.03842766,0.042601325
0.057304148,0.04860553
0.060387548,0.047700234
0.04322618,0.03977569
0.018587077,0.026424946
-0.0049340045,0.010623061
-0.027177766,-0.0035608301
-0.04747821,-0.015040118
-0.05826493,-0.021085752
-0.053248838,-0.021204825
-0.038840424,-0.01575111
-0.024438526,-0.007254635
-0.014922111,0.00055825955
-0.012197782,0.004438211
-0.01678637,0.0024401923
-0.027271457,-0.005745534
-0.04076066,-0.01860184
-0.05258069,-0.03370673
-0.05557608,-0.047408033
-0.042245027,-0.05479689
-0.015943423,-0.052679747
0.013288345,-0.043354817
0.041445367,-0.03165799
0.067955464,-0.020488054
0.08712051,-0.0103367595
0.08516927,0.0013216286
0.06302901,0.009972438
0.037705258,0.0104390355
0.016298225,0.0062173703
0.0009907827,0.0015922036
-0.008079348,-0.00072186894
-0.01026341,-0.0006251842
-0.006374271,0.0014774298
0.00011336234,0.004160733
0.0065242955,0.0057577994
0.010505054,0.0045842067
0.010549026,9.5786934e-05
0.0069939415,-0.0068927743
0.001096896,-0.014618518
-0.00563737,-0.020752292
-0.011625275,-0.022872942
-0.01566804,-0.019319749
-0.018018195,-0.010311963
-0.019701222,0.0020444505
-0.02131955,0.0155412415
-0.022951072,0.027991766
-0.024106167,0.036121678
-0.024006296,0.037053205
-0.02144576,0.03020738
-0.015600361,0.018215328
-0.006662962,0.0047389762
0.0039101294,-0.0077465815
0.014944645,-0.018765297
0.024407623,-0.026376523
0.029777132,-0.028238066
0.029220672,-0.023681516
0.022756381,-0.014788719
0.012092936,-0.004685526
-0.00024024367,0.004497522
-0.012407968,0.012767202
-0.022957604,0.019582916
-0.029909179,0.0237714
-0.032315016,0.02484571
-0.030413585,0.023545858
-0.025531111,0.021411726
-0.019309321,0.019899841
-0.013174695,0.01967604
-0.008130539,0.020618428
-0.004815922,0.021950742
-0.0035350688,0.02246149
-0.00432463,0.02084547
-0.0068299547,0.016219083
-0.010326403,0.008489783
-0.0140278675,-0.0015956209
-0.017170226,-0.012897411
-0.018569397,-0.023662796
-0.016671717,-0.031503778
-0.010393275,-0.034288395
-0.00023413253,-0.03124735
0.011883371,-0.023567671
0.024193726,-0.01361457
0.035300232,-0.0036267282
0.042839002,0.0044409567
0.04377443,0.0090089785
0.037045788,0.009415731
0.02503368,0.006306392
0.011209443,0.0015593544
-0.0019334803,-0.0024096405
-0.013532244,-0.0034415163
-0.0221469,-0.00038771005
-0.026203593,0.006364199
-0.026113486,0.014891726
-0.023215933,0.022881066
-0.019056788,0.027882002
-0.01510529,0.02812992
-0.012118912,0.023399718
-0.009902204,0.0152248535
-0.007605768,0.0060872543
-0.004415344,-0.0017399723
0.000258786,-0.0066632233
0.006737029,-0.00791575
0.014612507,-0.005852626
0.022903848,-0.0019223472
0.030090475,0.001979859
0.034316033,0.004148794
0.034069523,0.0036454313
0.029302366,0.00061473536
0.02138134,-0.0038029705
0.01209992,-0.00797041
0.0029130816,-0.01030401
-0.0050812485,-0.009760131
-0.010873769,-0.006145456
-0.013740517,-0.00037755392
-0.013543658,0.0058766254
-0.010592012,0.010858279
-0.005516436,0.01327191
0.00086611515,0.0127449995
0.00772283,0.009909641
0.0142397825,0.0059692995
0.019480981,0.0023014424
0.022432843,0.00022426619
0.022281032,0.0005219808
0.018742682,0.0030400786
0.0122711,0.006816256
0.003928213,0.010737015
-0.005038485,0.014121961
-0.013335176,0.01653542
-0.019469958,0.017690275
-0.022200879,0.017570816
-0.021120751,0.016497232
-0.016899655,0.014893344
-0.010969638,0.012939114
-0.0049658315,0.010384464
-0.00027515658,0.0067339856
0.0022289143,0.0016367873
0.0023467902,-0.0048808027
0.00042325034,-0.012349408
-0.0027500798,-0.019639205
-0.005927577,-0.025295995
-0.00786738,-0.027981294
-0.007818,-0.026994826
-0.0058961916,-0.02260746
-0.002948847,-0.01591411
2.4055505e-05,-0.008333293
0.0023292745,-0.0011261393
0.003812892,0.0050073704
0.004464004,0.009953923
0.0046252897,0.013794435
0.0049544703,0.016949946
0.006223796,0.01974262
0.00902841,0.022126973
0.013674996,0.023533164
0.020051755,0.022960462
0.027678214,0.019355008
0.03587892,0.012110839
0.04396492,0.0012550614
0.051116128,-0.012459196
0.056219365,-0.027356299
0.057825565,-0.040344063
0.05469143,-0.04695123
0.046800382,-0.04419087
0.035341207,-0.034042574
0.021713397,-0.020791689
0.007413034,-0.007484099
-0.0058778618,0.004516325
-0.017527865,0.015218812
-0.025862971,0.022611797
-0.02903166,0.02458956
-0.026642941,0.02105186
-0.019776747,0.014101544
-0.010540907,0.00623345
-0.001259645,-0.00093784556
0.0061931396,-0.0072106896
0.010656824,-0.012178923
0.011216734,-0.01514292
0.008463798,-0.01606212
0.0036820355,-0.015178019
-0.0014335327,-0.012879337
-0.005529513,-0.0095578795
-0.007819918,-0.0055135363
-0.008312443,-0.0012960904
-0.007762292,0.0024202357
-0.0073085893,0.0048474898
-0.00794345,0.0053302487
-0.010119533,0.003583825
-0.013489954,-7.800094e-05
-0.016936138,-0.0048519443
-0.018795332,-0.009586296
-0.017377872,-0.013044527
-0.011896179,-0.014284371
-0.0030987056,-0.013053996
0.0071204836,-0.010065273
0.016750226,-0.006602666
0.023266865,-0.0038543555
0.023998255,-0.0027667445
0.017925862,-0.0038228934
0.006650891,-0.0069615007
-0.007270744,-0.0114221135
-0.022153407,-0.015487919
-0.03484026,-0.017192245
-0.041166507,-0.01549027
-0.038899004,-0.010604366
-0.029996714,-0.003508259
-0.018544422,0.0045399545
-0.007954162,0.012058384
-0.0004536088,0.017583273
0.0018856599,0.019792048
-0.0019575744,0.0182276
-0.010644766,0.01356113
-0.021785589,0.007086952
-0.032703683,-6.9283743e-07
-0.03988041,-0.006797477
-0.03977408,-0.012625769
-0.0313591,-0.016678939
-0.017199708,-0.01819784
-0.0011475288,-0.017235253
0.014105734,-0.014601731
0.026530638,-0.010431437
0.033466816,-0.004330934
0.033221766,0.003549737
0.026603734,0.011881544
0.01630334,0.019096047
0.0052616927,0.02417909
-0.0041704383,0.02624151
-0.010098258,0.02424997
-0.011377732,0.017998816
-0.008157867,0.008836625
-0.0018112095,-0.0011985512
0.005788606,-0.010954043
0.013277423,-0.019910011
0.01907731,-0.026539462
0.022142043,-0.029765023
0.022039939,-0.029628271
0.019129058,-0.027275233
0.0142330965,-0.024227614
0.008259724,-0.021518975
0.0020027785,-0.019519115
-0.0040253685,-0.017961403
-0.00943069,-0.016341666
-0.01400605,-0.0140734315
-0.017583497,-0.010967057
-0.020125067,-0.007351023
-0.021644173,-0.0040074214
-0.02219847,-0.0019054966
-0.021919794,-0.0018903752
-0.021027617,-0.004320376
-0.019778425,-0.00883904
-0.018450456,-0.014475761
-0.017194372,-0.019940637
-0.016013911,-0.02390529
-0.014808033,-0.025461007
-0.013540133,-0.024554688
-0.012292318,-0.022061693
-0.011189719,-0.019392159
-0.010305413,-0.017915038
-0.009643316,-0.018511143
-0.009140651,-0.021286765
-0.008624158,-0.02550622
-0.007759205,-0.02970762
-0.0060861697,-0.032098018
-0.003278635,-0.031204965
0.0004915202,-0.026591193
0.0044735977,-0.019093746
0.007663548,-0.010391518
0.009129424,-0.002309137
0.008018072,0.0036867156
0.003674638,0.006621765
-0.0037197634,0.0063580615
-0.0132626165,0.0037817454
-0.02356653,0.00021831095
-0.032308042,-0.002988506
-0.03650653,-0.0049382313
-0.033942357,-0.005401122
-0.024894748,-0.004616097
-0.012002568,-0.0031185308
0.0014817144,-0.001797801
0.013281846,-0.0018912073
0.020782273,-0.0035439087
0.020977741,-0.0058994233
0.01379516,-0.007605927
0.0018495509,-0.008112951
-0.011715182,-0.0069245314
-0.02369845,-0.0031692667
-0.029736781,0.0028038803
-0.026634946,0.009108219
-0.015028785,0.014234272
0.0018635382,0.01804939
0.021435613,0.0203403
0.040544126,0.020246852
0.053595114,0.018164262
0.05477652,0.016187653
0.04355502,0.01571835
0.025404202,0.01571097
0.0058462387,0.015170357
-0.012098801,0.014427106
-0.026723566,0.012908635
-0.035174817,0.009037728
-0.03613068,0.0021336486
-0.031172467,-0.0062188287
-0.0234507,-0.01380966
-0.015842287,-0.018986017
-0.010196987,-0.02035683
-0.0071706944,-0.017030697
-0.0063094194,-0.009575696
-0.006413335,0.00017268279
-0.0058593736,0.01040242
-0.0031353445,0.019409223
0.002145417,0.025018565
0.009048604,0.026042754
0.015896767,0.022899538
0.020956427,0.017339915
0.02286695,0.011640102
0.021000227,0.00791352
0.015857385,0.0074918224
0.008869147,0.010526012
0.0017223557,0.016289249
-0.004133667,0.023246203
-0.007622231,0.028893681
-0.008512402,0.030438503
-0.0074882815,0.026343025
-0.0056915493,0.017176136
-0.0042629787,0.004948702
-0.0044022594,-0.008218768
-0.0070677814,-0.021166699
-0.012297492,-0.03154446
-0.018763054,-0.037190013
-0.024599403,-0.03744507
-0.028288636,-0.033409536
-0.029054059,-0.02724004
-0.026767798,-0.021124018
-0.021688836,-0.016538503
-0.014484393,-0.013944461
-0.0060570897,-0.012851364
0.002615682,-0.012112704
0.010624009,-0.01029318
0.017062942,-0.0060129347
0.02121194,0.0013266777
0.022839563,0.011119839
0.022221029,0.02169396
0.01985746,0.0305405
0.016351683,0.03459524
0.0126889255,0.03149896
0.010385614,0.021258822
0.010679013,0.006475635
0.013549982,-0.009922551
0.017583871,-0.02617334
0.021156952,-0.03843216
0.02292578,-0.04164805
0.021687271,-0.033568308
0.016666021,-0.017729614
0.008407198,0.00027649448
-0.00089539785,0.017365564
-0.010025086,0.031866197
-0.017216416,0.039254617
-0.02113981,0.035929427
-0.02078514,0.023826357
-0.016792925,0.008525137
-0.01129595,-0.0052686734
-0.006612162,-0.0149169825
-0.0040136804,-0.01790515
-0.004335124,-0.013253709
-0.0075319777,-0.003308526
-0.012778609,0.008372201
-0.018103775,0.018830722
-0.02161753,0.023915563
-0.022108493,0.020521242
-0.019474743,0.009367927
-0.014880749,-0.0057628145
-0.010354998,-0.021763619
-0.0074418737,-0.035647027
-0.0068031414,-0.04297245
-0.007887345,-0.04048099
-0.01009348,-0.029714787
-0.012918544,-0.015208472
-0.015334412,-0.0009018241
-0.015989352,0.010694603
-0.014121032,0.017079193
-0.010397005,0.01675128
-0.0061920034,0.010944162
-0.002705665,0.002626093
-0.0006967178,-0.0053614634
-0.0003087786,-0.010817451
-0.0007292848,-0.011840533
-0.00051990343,-0.008202327
0.0014001586,-0.0013997888
0.005583729,0.0064690113
0.012156567,0.013533437
0.019907534,0.017858528
0.026463179,0.018464226
0.029529132,0.015820019
0.028035384,0.011406725
0.022724917,0.007059916
0.015597651,0.0041645505
0.008968188,0.0034251667
0.004878884,0.004844152
0.0046170712,0.00790475
0.008418217,0.011502044
0.015150547,0.014398869
0.022524219,0.015642209
0.027781688,0.014874512
0.028677087,0.012391989
0.024742693,0.008936242
0.017580641,0.0052219317
0.009772519,0.0017908699
0.0036525785,-0.0009450973
0.0006876802,-0.0027022858
0.0012112521,-0.0034237942
0.004220593,-0.0031381955
0.007558125,-0.0019217925
0.008742207,0.00016159525
0.0059885737,0.0029386343
-0.0008261552,0.0060090395
-0.010299429,0.0090229735
-0.019983565,0.011512879
-0.026487352,0.01255739
-0.026855921,0.011147684
-0.020481318,0.007397834
-0.009644774,0.002697021
0.0019076524,-0.0015932256
0.010923753,-0.0052094376
0.014325131,-0.007364258
0.010219034,-0.007260626
0.00023180866,-0.005705333
-0.012342071,-0.004228309
-0.023990393,-0.003531693
-0.030212592,-0.005084517
-0.027900435,-0.010041365
-0.017957304,-0.017631648
-0.0044745146,-0.026219891
0.008247317,-0.03456831
0.015825592,-0.039973874
0.014663288,-0.03854395
0.0047546667,-0.029895898
-0.010371185,-0.017769761
-0.02669084,-0.0042402
-0.03966799,0.010593599
-0.04352007,0.023375908
-0.03556504,0.029143782
-0.019657176,0.027692797
-0.0020050844,0.022667961
0.012593052,0.016212901
0.020044476,0.009445714
0.01721095,0.0043038027
0.0053717815,0.0021125004
-0.010854591,0.0024814114
-0.027765121,0.0055630496
-0.039898366,0.010289895
-0.04194354,0.013552543
-0.033455286,0.013610197
-0.019580575,0.011848695
-0.006299675,0.009919418
0.0020228566,0.008505802
0.002575134,0.007974671
-0.0051198946,0.008598076
-0.018604767,0.010224969
-0.03357765,0.0124012735
-0.044025384,0.013300157
-0.043816432,0.009922284
-0.031651326,0.0020278112
-0.012398371,-0.0070617585
0.007907941,-0.01589516
0.026110638,-0.025128242
0.036744602,-0.031710353
0.03516924,-0.030533537
0.022971362,-0.022304166
0.006417394,-0.0123451995
-0.008930593,-0.003213199
-0.019233076,0.004933996
-0.020460038,0.00991363
-0.012003889,0.009672402
0.0020083666,0.0057507097
0.017230202,-8.0254234e-05
0.029431613,-0.0072192526
0.033588544,-0.012960421
0.027730701,-0.014624925
0.014941879,-0.012765873
0.0001970388,-0.00962092
-0.012807872,-0.0066183885
-0.021117043,-0.0047244406
-0.022408,-0.005489787
-0.017673297,-0.009236196
-0.010496107,-0.015055087
-0.0046664122,-0.021846801
-0.0031136647,-0.027985226
-0.0071593244,-0.031526223
-0.015670896,-0.031579986
-0.02565659,-0.028584301
-0.033270426,-0.02353366
-0.034778193,-0.018109206
-0.028548768,-0.014040139
-0.016150812,-0.012014524
-0.0008940337,-0.011987406
0.014714343,-0.014317483
0.028642692,-0.018694457
0.03833886,-0.023746016
0.04270929,-0.027459845
0.042943843,-0.028903313
0.04148454,-0.028079767
0.040515773,-0.025413537
0.040852517,-0.021110764
0.041660797,-0.015143268
0.040835403,-0.0074968846
0.036026523,0.0013293052
0.02600787,0.010190786
0.011562689,0.017674617
-0.0053472063,0.023078226
-0.022832839,0.025984762
-0.037961304,0.025209393
-0.046789665,0.01931806
-0.046462268,0.008872887
-0.03779941,-0.0023803918
-0.024573516,-0.010391034
-0.010853445,-0.012990169
0.00033100002,-0.00961188
0.0072336737,-0.0009230248
0.009846128,0.011328363
0.009298922,0.024857908
0.007106395,0.036233835
0.004564108,0.04139453
0.0025006009,0.03754709
0.0015975512,0.025608076
0.0019283302,0.009478974
0.002335428,-0.0069729323
0.0010403437,-0.022200093
-0.0024345275,-0.0332122
-0.0065628733,-0.03706365
-0.009052679,-0.03383554
-0.008516656,-0.026247066
-0.0046121627,-0.017654067
0.0022120043,-0.010815311
0.010883818,-0.0073339934
0.01943448,-0.007543571
0.024847776,-0.010447122
0.024621127,-0.013690404
0.018216105,-0.014986752
0.007312346,-0.013394879
-0.005392475,-0.009241469
-0.017514965,-0.0030224614
-0.026477959,0.004400097
-0.02989684,0.010746846
-0.027386714,0.013978908
-0.020618094,0.013937642
-0.012161938,0.011896314
-0.004300618,0.009513455
0.0016174823,0.008168788
0.005303273,0.00873038
0.0073117963,0.011341934
0.008704196,0.0152201345
0.0104281055,0.018860286
0.0127054835,0.02058294
0.014912993,0.019183336
0.015889548,0.014502208
0.014633902,0.007518588
0.01087467,-0.00013913811
0.0052469843,-0.0068921256
-0.0009036632,-0.0116764065
-0.0055057015,-0.013954615
-0.006258974,-0.014023319
-0.0020009996,-0.0129909385
0.006659722,-0.012160982
0.018039566,-0.012553872
0.029506052,-0.01439034
0.03741476,-0.016494473
0.03843404,-0.01645186
0.031883907,-0.012620564
0.020302407,-0.005580194
0.007480767,0.0031362232
-0.0032404119,0.012803305
-0.009823717,0.02241912
-0.010480889,0.028903658
-0.006097989,0.029672276
0.00038126696,0.025048964
0.005573112,0.01718601
0.0066902083,0.008642649
0.0022750094,0.0019249246
-0.0073317857,-0.00094908604
-0.020470051,0.0013383259
-0.033775423,0.009290294
-0.04288194,0.021226278
-0.044233654,0.033385545
-0.037088763,0.041296482
-0.024391145,0.042798277
-0.01057992,0.038959637
0.00068673794,0.031764764
0.0070330207,0.023145206
0.0076719997,0.014856417
0.00368663,0.008320784
-0.0023723051,0.004195019
-0.007549199,0.002278191
-0.008955481,0.0015982726
-0.005006886,0.00083075586
0.0036945553,-0.0007970512
0.015597508,-0.0035920513
0.028484756,-0.0074540866
0.039265938,-0.010920396
0.045207676,-0.011750713
0.045212355,-0.008442301
0.040509354,-0.0016249273
0.03374824,0.0067006648
0.027440896,0.0145158935
0.022988645,0.020085016
0.020581137,0.021953667
0.019525964,0.01971948
0.018663693,0.014399851
0.016993476,0.008051187
0.013944734,0.0028156629
0.009672382,0.00037848027
0.0051087285,0.0014880523
0.0015999404,0.005778991
0.00033398,0.011956551
0.0019728185,0.017947963
0.006118676,0.021444686
0.011270315,0.020868083
0.015509673,0.016046772
0.017267916,0.008142817
0.015809003,-0.000850282
0.011273592,-0.008789048
0.0045411405,-0.013810461
-0.0028768005,-0.014702302
-0.0092411665,-0.011294027
-0.013278553,-0.004534123
-0.01453208,0.0040015243
-0.013210746,0.01262255
-0.009959495,0.019753
-0.0057076975,0.024216324
-0.0013045095,0.025582073
0.0028527044,0.024236908
0.006878948,0.021105109
0.011138201,0.017244758
0.015912147,0.013501517
0.02112309,0.010344281
0.026196795,0.007906019
0.030126205,0.006104074
0.031775307,0.00474122
0.03039052,0.0035620406
0.026029106,0.002296186
0.019564789,0.00078506366
0.012272077,-0.0008569446
0.005341689,-0.0021954281
-0.00044212065,-0.0025765738
-0.004857717,-0.0012899248
-0.008036613,0.0022217734
-0.010389029,0.008177076
-0.0124441115,0.0162959
-0.014438234,0.025734805
-0.016194783,0.03491614
-0.017195493,0.04148898
-0.01681242,0.04281001
-0.014555152,0.037423555
-0.0102696465,0.026364528
-0.004405271,0.012304064
0.0017987282,-0.0020941326
0.0067402245,-0.015771344
0.009255022,-0.026823733
0.008389208,-0.031972915
0.004653041,-0.030044086
-0.0010297198,-0.022844685
-0.0073580877,-0.013487827
-0.013094762,-0.004793594
-0.017141322,0.0012490648
-0.018942133,0.002909966
-0.018813625,-0.00031421942
-0.017828982,-0.0070648226
-0.017171467,-0.015192937
-0.017597198,-0.022167122
-0.018953297,-0.025462236
-0.020296399,-0.023502747
-0.020575806,-0.016626509
-0.01917056,-0.006702282
-0.015822237,0.003942113
-0.010447563,0.013328554
-0.0034300382,0.019823942
0.0040861475,0.022265919
0.010621354,0.020666007
0.015212324,0.016107978
0.017700303,0.0101490365
0.018591497,0.0042035296
0.018652722,-0.00077443063
0.018553127,-0.004327856
0.018498633,-0.006436701
0.018017568,-0.007360768
0.016065001,-0.0074328855
0.011486472,-0.0069751544
0.0036549913,-0.006340538
-0.0072313403,-0.005925275
-0.020658707,-0.0058411006
-0.0348744,-0.006201071
-0.04663966,-0.007704262
-0.051891197,-0.011454155
-0.047749203,-0.01779691
-0.034990598,-0.025208924
-0.017389802,-0.031584065
0.0012426224,-0.03581087
0.017914753,-0.036737364
0.029292755,-0.032198634
0.03225612,-0.021180896
0.026403168,-0.0063203224
0.014640278,0.008306331
0.00078405,0.020954033
-0.012699812,0.031054266
-0.023191638,0.03638027
-0.028327363,0.034930855
-0.027263723,0.027946888
-0.02138758,0.01939933
-0.013255495,0.012755667
-0.005247675,0.00975022
0.0011595486,0.010664348
0.0055747866,0.014731825
0.008169751,0.020351985
0.009522208,0.025228698
0.010232934,0.02719661
0.010655431,0.025154153
0.010824942,0.019512508
0.010471254,0.011915039
0.009130853,0.0044463826
0.006455742,-0.0011010582
0.0026012524,-0.0036796988
-0.0015169948,-0.003212183
-0.0044526276,-0.0005587909
-0.0046580043,0.0028388633
-0.001128852,0.0054187137
0.006119837,0.006094162
0.016139712,0.004437996
0.02697403,0.00061420776
0.035768665,-0.0044018915
0.039466828,-0.008948171
0.03622963,-0.011542315
0.026728421,-0.012110465
0.013647081,-0.011866687
-1.784452e-05,-0.011915711
-0.012178694,-0.012474268
-0.020866612,-0.013179083
-0.024137203,-0.013508753
-0.0218598,-0.0124844555
-0.015981523,-0.008988436
-0.009399279,-0.0025361348
-0.0045743636,0.0065196096
-0.0025711264,0.01749735
-0.0035304155,0.029133467
-0.006816649,0.039424915
-0.010906453,0.046241835
-0.013839118,0.048009127
-0.013820267,0.044698756
-0.010063577,0.038231824
-0.0033040645,0.031198548
0.004599312,0.025258679
0.011496976,0.020659136
0.015380012,0.01666137
0.01489212,0.012228815
0.010176922,0.0064446568
0.002920951,-0.00091470854
-0.004948466,-0.009234149
-0.011867049,-0.017265094
-0.01562325,-0.02242484
-0.014450732,-0.022316355
-0.008880878,-0.015972039
-0.0013900688,-0.0047097476
0.0057867486,0.008679837
0.0119047975,0.021692744
0.014943773,0.03023036
0.012722192,0.030277925
0.0059907525,0.021062555
-0.0021128962,0.0055671236
-0.009872201,-0.0119602885
-0.017320639,-0.028751219
-0.022040615,-0.03942067
-0.02030412,-0.03881674
-0.01237562,-0.026596688
-0.002356651,-0.0075320373
0.00809301,0.013325071
0.021375606,0.034095645
0.036699872,0.049599152
0.048460525,0.05370918
0.04995253,0.044316288
0.043931365,0.026779685
0.03592563,0.0066879014
0.027016636,-0.01268488
0.016512053,-0.02963244
0.0043468745,-0.04255208
-0.007611467,-0.050228816
-0.017150385,-0.05310602
-0.022746174,-0.05279314
-0.02373819,-0.050743762
-0.020765983,-0.047510184
-0.015368624,-0.042602465
-0.009444528,-0.03518044
-0.0047332095,-0.024886537
-0.0024010453,-0.012405156
-0.002902039,0.00043629823
-0.005650601,0.01202723
-0.009935401,0.020764807
-0.014464644,0.023507224
-0.018104393,0.018928446
-0.019861178,0.008543142
-0.01974288,-0.0043523572
-0.018568275,-0.016436966
-0.017099934,-0.024399456
-0.015882013,-0.025289161
-0.015628558,-0.018508138
-0.017338902,-0.0067624985
-0.02096295,0.0066699763
-0.02530222,0.018856235
-0.02881754,0.026176777
-0.030257236,0.025523014
-0.028906846,0.017142987
-0.024948828,0.004686016
-0.019456819,-0.007741228
-0.013715067,-0.017105632
-0.008622479,-0.02092891
-0.0049248813,-0.017910799
-0.0032159162,-0.009381448
-0.003477709,0.0015555553
-0.004748542,0.012339013
-0.0057462975,0.020741047
-0.0057389294,0.024414383
-0.004268094,0.022831531
-0.001242138,0.017543295
0.00303755,0.011054614
0.007966467,0.005512664
0.012829822,0.0020091843
0.016906578,0.0007895523
0.019645303,0.0011226205
0.02075588,0.0015496392
0.020187166,0.0003164461
0.018117653,-0.0037907476
0.0149404695,-0.011024462
0.010917429,-0.020644832
0.006089494,-0.03100328
0.00081225415,-0.039528888
-0.0038451494,-0.043258082
-0.0065222327,-0.040185038
-0.006651045,-0.030614257
-0.00468914,-0.016792402
-0.0012835654,-0.0015315042
0.0038278212,0.013080748
0.010728305,0.025506636
0.018165842,0.03235702
0.023776479,0.031645104
0.026433943,0.02358681
0.026503317,0.010396347
0.02503794,-0.0052856067
0.022328988,-0.021385677
0.01830914,-0.0354787
0.013494017,-0.04417654
0.009105251,-0.044829115
0.005776482,-0.037315324
0.0031395452,-0.024361683
0.00059298176,-0.009379572
-0.0018275896,0.0049139773
-0.0037373556,0.01729006
-0.005173726,0.025413059
-0.006290768,0.027173106
-0.0071163625,0.022625005
-0.0075242533,0.01366568
-0.0075923973,0.003021377
-0.007802778,-0.0071521015
-0.008430471,-0.015412496
-0.009206874,-0.020422522
-0.009582362,-0.021743214
-0.009039616,-0.020204647
-0.007235933,-0.017222555
-0.004025394,-0.014280908
0.0004087236,-0.01232621
0.005550053,-0.011612262
0.010573233,-0.011633349
0.014434099,-0.011412875
0.016261477,-0.009832105
0.015664328,-0.006389715
0.01298546,-0.0014740664
0.009205387,0.0037790642
0.0055166096,0.007927042
0.0029058545,0.009467684
0.0019384982,0.0072314343
0.0026342496,0.0011761588
0.004468559,-0.0076675583
0.006355274,-0.018021237
0.007293687,-0.027579186
0.0069344463,-0.033499625
0.0057667624,-0.033635892
0.0047234315,-0.027836183
0.004642287,-0.017969709
0.006160418,-0.0066874176
0.009854169,0.0036685322
0.015680887,0.011423157
0.02223317,0.014777636
0.027150024,0.013101169
0.028508533,0.0073837517
0.02568746,-0.00037478335
0.01931204,-0.008018841
0.010818466,-0.013817379
0.0020169104,-0.016655432
-0.0051542027,-0.016116155
-0.009109651,-0.012614596
-0.009374084,-0.0072898217
-0.0068623545,-0.0014835555
-0.0033682643,0.0037383793
-0.00080963434,0.0077580065
-0.0008945405,0.010327438
-0.0045461594,0.011677101
-0.011477563,0.012374156
-0.020524591,0.013056897
-0.029991861,0.014157601
-0.037910998,0.015715063
-0.04264054,0.017333778
-0.043612406,0.018548608
-0.041602325,0.019229716
-0.038085576,0.019526398
-0.034321267,0.019574152
-0.030759366,0.019315345
-0.026980838,0.018514458
-0.022018014,0.016879646
-0.014955497,0.014259282
-0.00554467,0.010811535
0.0055721803,0.0069497577
0.017398389,0.0028683918
0.027959218,-0.0010581518
0.034127146,-0.0034948108
0.03339413,-0.0029259457
0.025496474,0.0008274819
0.0126498295,0.0063896053
-0.0019751554,0.012403696
-0.016131815,0.018245768
-0.027246496,0.021896038
-0.032677103,0.020420205
-0.031691533,0.0127198035
-0.026044339,0.0008040237
-0.018865367,-0.012568533
-0.012970502,-0.025537563
-0.009954999,-0.035569366
-0.010005967,-0.03898869
-0.011969724,-0.03377323
-0.014485356,-0.021599252
-0.016446708,-0.0058151977
-0.01674096,0.010990662
-0.0141268885,0.026690792
-0.008703616,0.037752464
-0.0025551508,0.040907342
0.0018838042,0.03570231
0.0036166923,0.024750084
0.002972207,0.011509105
0.00068762415,-0.0010464931
-0.0027583695,-0.01113508
-0.0061959703,-0.017105887
-0.008301957,-0.017872272
-0.008679082,-0.014329028
-0.008217538,-0.008273295
-0.007983542,-0.0017017496
-0.008902322,0.003768285
-0.011355643,0.0072471704
-0.015142294,0.008526386
-0.01922131,0.008219142
-0.022330021,0.007473572
-0.023228275,0.007581312
-0.021397825,0.009677
-0.01721086,0.014429077
-0.011646806,0.021892233
-0.005517564,0.03149125
0.0008094563,0.041974086
0.0072676516,0.05131717
0.0139919,0.056856446
0.021061342,0.05608535
0.028680129,0.048157956
0.037233092,0.03442496
0.04636533,0.016657973
0.054076497,-0.004074531
0.05667561,-0.026229648
0.050193667,-0.045740664
0.033749312,-0.057179153
0.010929507,-0.05906167
-0.013853365,-0.05397011
-0.03691065,-0.04365359
-0.053298835,-0.029088795
-0.056960113,-0.01345249
-0.046179928,-0.0015549083
-0.026323723,0.0049771303
-0.0038149222,0.007083612
0.018038448,0.00492436
0.036181893,-0.0018559129
0.044391375,-0.010882915
0.03970715,-0.017153991
0.025975738,-0.018941987
0.009359902,-0.017410757
-0.005498873,-0.013532105
-0.015532682,-0.0075983796
-0.018136136,-0.0009763692
-0.013328673,0.0044889585
-0.0041668005,0.007670628
0.005665176,0.0088050375
0.01308738,0.008134858
0.015482054,0.0065785814
0.0123908315,0.005303444
0.005899572,0.0049175792
-0.00074723735,0.0054014893
-0.004527608,0.0063631414
-0.0030658056,0.006903151
0.0042584958,0.006366816
0.01650926,0.0045296433
0.031832006,0.0009833769
0.047151573,-0.004047175
0.0584163,-0.009045134
0.061656468,-0.011433511
0.055566248,-0.00979229
0.042935096,-0.005878386
0.027790053,-0.0022753354
0.013169632,-0.0003093876
0.00091329066,-0.00042740523
-0.008142385,-0.002289365
-0.013845128,-0.006088624
-0.015780807,-0.0110396175
-0.01468469,-0.016069455
-0.011556397,-0.020094741
-0.0076369885,-0.022611065
-0.0041770744,-0.023588028
-0.0021752627,-0.023624193
-0.0022423016,-0.023443492
-0.0045430223,-0.023600768
-0.008529145,-0.024058798
-0.013113125,-0.02405885
-0.016625935,-0.022408757
-0.017307084,-0.018009728
-0.014120315,-0.010364319
-0.007391293,5.2296942e-05
0.0017706004,0.012217983
0.012877349,0.025132658
0.024010357,0.036442608
0.03135293,0.043619707
0.03099547,0.04495978
0.022631913,0.040769905
0.009969401,0.033143427
-0.0030824433,0.024768459
-0.014186945,0.017798562
-0.021521566,0.01323099
-0.023470024,0.010985376
-0.020189568,0.010266184
-0.013941676,0.009979963
-0.007580636,0.008989771
-0.0033894326,0.0064373794
-0.0025718238,0.002222739
-0.0048752837,-0.0028785444
-0.008708391,-0.0075785764
-0.011495857,-0.01042168
-0.010605296,-0.0105300965
-0.0049417214,-0.00800857
0.0044031427,-0.0039558066
0.015600953,-2.496217e-05
0.025965808,0.002217449
0.031398285,0.0018679505
0.028901523,-0.0006563394
0.01933009,-0.0043242616
0.006305609,-0.007927305
-0.0064676427,-0.010070173
-0.015746076,-0.009222261
-0.017557386,-0.0050634
-0.010620617,0.0010550469
0.0024555787,0.007563863
0.01901462,0.01282197
0.035492864,0.014551731
0.04572706,0.011806461
0.04431695,0.0060300264
0.032113373,-0.00057426386
0.014529159,-0.0067659435
-0.003877635,-0.011465847
-0.021152085,-0.013115186
-0.033523574,-0.010585514
-0.03694423,-0.0049139527
-0.031458635,0.0018156229
-0.020763196,0.008321202
-0.00870751,0.013925331
0.0021495314,0.018145962
0.010092479,0.020521283
0.013814448,0.021079587
0.013414903,0.020239413
0.010284099,0.018358229
0.006024635,0.015609886
0.0017838681,0.012179325
-0.0019176067,0.008240338
-0.0051427777,0.0041246503
-0.008282032,0.00037166127
-0.011610171,-0.002352268
-0.015038308,-0.0033658855
-0.0179594,-0.0024108067
-0.019651072,0.00014319352
-0.019620609,0.0033706352
-0.017793339,0.006016462
-0.014570432,0.00689876
-0.010681462,0.005398781
-0.006862557,0.001740038
-0.0035287342,-0.003096016
-0.00058506394,-0.007819609
0.0025264958,-0.010979392
0.0065077115,-0.011470468
0.011794657,-0.009175707
0.018236218,-0.005046799
0.025010495,-0.0006230117
0.030452361,0.0024210708
0.032375053,0.0028725762
0.029293416,0.0005248044
0.021623394,-0.0037689498
0.01126735,-0.008508643
0.00035325388,-0.01207034
-0.00934854,-0.013054293
-0.015831571,-0.010818008
-0.017766077,-0.006230848
-0.015689297,-0.0012572668
-0.011489443,0.0020314464
-0.0073433323,0.0021301855
-0.0049902326,-0.0014397623
-0.0052282927,-0.007990855
-0.007702234,-0.015810672
-0.010761015,-0.022437328
-0.011761651,-0.025527218
-0.008554536,-0.023966867
-0.0010210538,-0.018488916
0.009113027,-0.011293594
0.019830015,-0.0048626335
0.028347982,-0.0010369356
0.030868188,-0.0006365735
0.025423748,-0.0028641536
0.01384355,-0.005995555
-0.00027634783,-0.008035969
-0.014128069,-0.006854022
-0.02459032,-0.0007580366
-0.027968118,0.009387753
-0.02339933,0.020394435
-0.013021832,0.02869665
-0.00029318465,0.031130439
0.0108291665,0.025726335
0.017182276,0.013008896
0.01794328,-0.0041864826
0.013817703,-0.022710837
0.005633634,-0.03874187
-0.0038069165,-0.04711326
-0.01031035,-0.044291414
-0.012255753,-0.031800404
-0.011687171,-0.014782945
-0.010969918,0.002046792
-0.011216498,0.015911631
-0.0133737,0.023852987
-0.017959643,0.023419838
-0.023480555,0.015307665
-0.027386276,0.0025701665
-0.027444577,-0.011458488
-0.021765476,-0.02387313
-0.009957663,-0.032516968
0.0059842793,-0.036818933
0.022729473,-0.0378534
0.036676053,-0.037035763
0.043692756,-0.03484835
0.041037753,-0.031506527
0.0302161,-0.028423209
0.015802639,-0.026832549
0.0019423863,-0.026144536
-0.008316753,-0.024771431
-0.012443006,-0.021559812
-0.009715434,-0.016448231
-0.0023364434,-0.010144668
0.0062671066,-0.0036664682
0.013132925,0.0021971338
0.015200913,0.0070419726
0.010721116,0.010664784
0.00067341333,0.01325457
-0.012427709,0.015595354
-0.025963822,0.018502796
-0.036419626,0.021920646
-0.04020239,0.02460184
-0.035723887,0.02520064
-0.024760306,0.023846095
-0.010706618,0.02143955
0.0034276398,0.018410945
0.01558166,0.014482876
0.02386078,0.009504846
0.02677384,0.0040101977
0.02444968,-0.0012541446
0.0185355,-0.0058715423
0.011132036,-0.00962368
0.0039735907,-0.0121823875
-0.0017138828,-0.013023338
-0.0051331515,-0.011612619
-0.006099639,-0.0077332645
-0.0051328675,-0.0017090284
-0.0030601001,0.0056380616
-0.00048132552,0.013164524
0.0021136566,0.019175895
0.004265901,0.021850064
0.0058484566,0.020043878
0.0071959756,0.014051888
0.008831144,0.005559339
0.010915534,-0.0031309288
0.012915974,-0.009633934
0.013822321,-0.011309128
0.012434551,-0.0065661306
0.0077107465,0.0038238359
-0.00055416237,0.017970752
-0.01215976,0.034366816
-0.025979344,0.050602216
-0.03973535,0.062360108
-0.04937095,0.06240234
-0.049679697,0.046630554
-0.038484704,0.024210311
-0.018744575,0.0049565495
0.004343437,-0.008348262
0.029141014,-0.018693976
0.05411471,-0.025920473
0.07228034,-0.02721649
0.07384782,-0.018450638
0.057187937,-0.0046702363
0.03198802,0.0037862214
0.0064976094,0.004498843
-0.015132432,0.0007180883
-0.03259548,-0.005803667
-0.04090107,-0.0140082305
-0.037102014,-0.021164134
-0.024070175,-0.023702707
-0.008148787,-0.020497244
0.005848742,-0.012345183
0.015648847,-0.0012174001
0.02065456,0.010818548
0.02134872,0.021019742
0.019505797,0.026726509
0.017764574,0.0260472
0.018092528,0.019221561
0.02114983,0.008045677
0.025611764,-0.005780825
0.02865556,-0.020897506
0.026930304,-0.034854546
0.01874715,-0.044736195
0.0051856874,-0.04910613
-0.0102478545,-0.048917897
-0.023383332,-0.04541319
-0.029507205,-0.039683554
-0.025429294,-0.033146635
-0.012172799,-0.026886322
0.006003334,-0.021297345
0.0255549,-0.016726939
0.042620182,-0.012383569
0.05096253,-0.00600229
0.045752544,0.004186135
0.02953291,0.01606614
0.008791034,0.027550526
-0.012323417,0.039652135
-0.031140441,0.05205287
-0.04378334,0.059642192
-0.04704735,0.054161016
-0.04203518,0.037312247
-0.033170413,0.017863635
-0.024741014,-0.00020160932
-0.019446995,-0.015968088
-0.01730322,-0.027906766
-0.016381223,-0.032672215
-0.014017978,-0.0289334
-0.009016469,-0.018922638
-0.0018103933,-0.006205254
0.0069643655,0.005905312
0.01711145,0.015305851
0.025803393,0.019481754
0.029396769,0.017811388
0.027011273,0.011877145
0.020751705,0.004300797
0.013431079,-0.0025532518
0.0073687565,-0.007097909
0.0040849005,-0.008554876
0.0038931041,-0.007705877
0.0054072416,-0.006345038
0.0061307745,-0.0065473947
0.0035716784,-0.0097778775
-0.003742008,-0.016393546
-0.015925754,-0.025553012
-0.031374276,-0.03508892
-0.04562683,-0.041940004
-0.050577797,-0.043286007
-0.040079523,-0.038400736
-0.01910799,-0.028954148
0.004491189,-0.017761296
0.028462691,-0.008729085
0.051334206,-0.0037331188
0.064905934,-0.0034171545
0.06009267,-0.0045731217
0.04176828,-0.0062433104
0.020607965,-0.009019778
0.0023976883,-0.010967207
-0.009953146,-0.009875609
-0.013388881,-0.0053636655
-0.007110538,0.00059958344
0.0048908237,0.0057871677
0.018644167,0.008057403
0.029270217,0.005402684
0.031684205,-0.0017836354
0.024986811,-0.011086312
0.012698589,-0.019825518
-0.0007982052,-0.025698218
-0.011185888,-0.026402064
-0.014103312,-0.020879004
-0.008738511,-0.010625861
0.00148636,0.001504105
0.013628402,0.012837721
0.02415901,0.020752259
0.027267622,0.023111356
0.020057922,0.020062866
0.006256946,0.013380997
-0.009159109,0.005894684
-0.023394724,0.00038480584
-0.032126732,-0.0014781022
-0.030811172,0.0005673837
-0.020314824,0.0056362934
-0.005460416,0.012585924
0.010186609,0.019707287
0.02362142,0.024583073
0.029998725,0.02547384
0.02643168,0.022205058
0.015176815,0.015745347
0.00077650556,0.0076051326
-0.0139038125,-0.00034363696
-0.027757995,-0.0070973057
-0.0382561,-0.011634325
-0.043237727,-0.013779159
-0.042599563,-0.013706868
-0.038150966,-0.011821693
-0.032135718,-0.008680316
-0.025891067,-0.005077203
-0.019927962,-0.0017514395
-0.014303783,0.00066707726
-0.009133103,0.0018327325
-0.004560646,0.0016083901
-0.0010224472,0.00020607602
0.0009750974,-0.0017727611
0.0012102252,-0.0034134896
-0.000116321535,-0.0036816911
-0.002213304,-0.0016766143
-0.0039961194,0.0030431696
-0.004352464,0.010435776
-0.0024229693,0.019826187
0.0018941073,0.029901888
0.007710033,0.038982496
0.013175512,0.04534763
0.015974175,0.047779646
0.014591781,0.046086226
0.009333851,0.041240893
0.0019328573,0.03472184
-0.005707999,0.027779726
-0.012110693,0.021012075
-0.016320415,0.014357251
-0.018062128,0.0073714927
-0.01791268,-0.00037542955
-0.016975846,-0.009071065
-0.016220076,-0.018559791
-0.015910875,-0.028014848
-0.0152858,-0.035792567
-0.012710123,-0.03987471
-0.0067648278,-0.038883466
0.0024591037,-0.033052657
0.013430213,-0.024159752
0.024285886,-0.014484327
0.032718718,-0.0058532106
0.03535921,0.00036565837
0.029769804,0.0033494073
0.017330954,0.00309605
0.00227473,0.0007199578
-0.011519188,-0.0015067591
-0.02116876,-0.0016310789
-0.021790003,0.0008553314
-0.0121890195,0.005014092
0.0042312928,0.009839745
0.024547936,0.013322071
0.044810124,0.0121713085
0.057250347,0.004830538
0.054432005,-0.006359338
0.038772147,-0.018102657
0.017880611,-0.029607287
-0.0038957684,-0.039251402
-0.023018667,-0.043796893
-0.032697286,-0.040586002
-0.02871837,-0.030587807
-0.015883641,-0.017315567
-0.0012419011,-0.0038929733
0.01182741,0.0072400323
0.020365214,0.0150363045
0.020329038,0.018296758
0.0118298475,0.017868742
-0.00029431513,0.015408344
-0.011531937,0.01308237
-0.018082356,0.012262363
-0.016914506,0.013135936
-0.007881905,0.015107504
0.0057922755,0.017620241
0.021129277,0.019149855
0.034060013,0.01814898
0.04016775,0.014328642
0.037668522,0.008740562
0.029238824,0.002637997
0.019115416,-0.0030253904
0.010764167,-0.0074566295
0.006207264,-0.010273858
0.0060470793,-0.011567927
0.009263659,-0.011947228
0.013679558,-0.012220992
0.01679072,-0.01293872
0.016720602,-0.01402908
0.013188273,-0.015064742
0.0076585263,-0.015502973
0.0024913638,-0.014795997
1.8254705e-05,-0.012567559
0.0017544391,-0.008972991
0.0076997983,-0.00468511
0.016735634,-0.0006396812
0.026878158,0.002188761
0.035370007,0.003134209
0.039539024,0.002368444
0.03840039,0.0007079175
0.033174586,-0.00089676416
0.026254214,-0.0016371381
0.019735463,-0.00087338284
0.01479074,0.0016926783
0.0115489885,0.0058360547
0.009270492,0.010812916
0.006744954,0.015473665
0.0029161377,0.018542096
-0.0024385746,0.01899915
-0.008366628,0.016400961
-0.0130573055,0.0109826485
-0.014514194,0.0035898306
-0.011361818,-0.0044606803
-0.003624811,-0.011740646
0.0074014976,-0.017307611
0.019655935,-0.020512704
0.030274179,-0.020699563
0.03615229,-0.017452667
0.03536622,-0.011458327
0.02855082,-0.0048270705
0.018518608,0.00014947983
0.008580534,0.002287119
0.0013392776,0.0015070082
-0.0017827674,-0.0015527804
-0.00071795034,-0.005947703
0.0034582026,-0.010331461
0.008750169,-0.013248131
0.013044293,-0.013558221
0.014842848,-0.010956565
0.013857807,-0.006307278
0.011122728,-0.0013540154
0.0084077595,0.0021210162
0.007386735,0.0028784378
0.00900375,0.0005070823
0.01316361,-0.004430043
0.01870495,-0.010584298
0.02378977,-0.015990939
0.026548387,-0.018493896
0.025910854,-0.016888203
0.022187563,-0.012005029
0.016916484,-0.0062821102
0.012103311,-0.0023484458
0.00942,-0.002137235
0.009641496,-0.0065175034
0.012301065,-0.015024576
0.015705563,-0.02568726
0.017517278,-0.034806296
0.015729846,-0.037569486
0.00964095,-0.031022124
-4.387571e-05,-0.017053083
-0.011668524,-6.48796e-05
-0.02325404,0.0181268
-0.03153894,0.03425325
-0.0334165,0.040632285
-0.028263528,0.032336257
-0.017852286,0.014649201
-0.0052248384,-0.004796619
0.0061382223,-0.023574838
0.014070937,-0.038514096
0.016278818,-0.041949812
0.012573461,-0.031009817
0.0037260575,-0.0129714515
-0.007971633,0.0050871912
-0.020127526,0.021209747
-0.030199153,0.030986642
-0.035934042,0.028446672
-0.03593482,0.014432006
-0.031008253,-0.004000896
-0.023277646,-0.020698454
-0.014204773,-0.031146163
-0.0046745287,-0.030782185
0.0033775405,-0.018752627
0.00793504,3.667355e-05
0.010093528,0.02092187
0.0111302715,0.040885814
0.010572423,0.05376778
0.0071448404,0.05381716
0.0026113712,0.04151794
0.00048675158,0.023479545
0.0020721194,0.005909622
0.0065368535,-0.007768494
0.013290515,-0.016478559
0.021543158,-0.018624257
0.0295686,-0.014739556
0.03514543,-0.007160848
0.036243197,0.0015166679
0.03138085,0.009198252
0.020833058,0.014932621
0.006560109,0.019260101
-0.009120864,0.024210067
-0.0245871,0.031751145
-0.037330326,0.042657502
-0.044362906,0.054997955
-0.043592863,0.06383512
-0.035842583,0.06397542
-0.024687823,0.05594419
-0.013461809,0.04358578
-0.004412707,0.029861808
0.0011425063,0.016852815
0.0027998162,0.0065844418
0.0011042213,0.0006636577
-0.0024738961,-0.0003276114
-0.0057663363,0.002787045
-0.0067066043,0.007776256
-0.004001327,0.0115570575
0.0022162949,0.011572234
0.010538458,0.0068827323
0.018826844,-0.0018970246
0.02437363,-0.012886827
0.02440044,-0.022524482
0.017685613,-0.026751585
0.005403786,-0.023782851
-0.009797641,-0.015138517
-0.025525225,-0.0029407751
-0.03868137,0.011294311
-0.04477046,0.023398003
-0.040642094,0.02736025
-0.027522665,0.021636067
-0.009695837,0.010686859
0.008817998,-0.0015650574
0.026004324,-0.015218229
0.038131498,-0.027920537
0.04114143,-0.03379893
0.034708377,-0.029508362
0.022585561,-0.018954558
0.009349204,-0.006778066
-0.0010643712,0.0048889993
-0.006106599,0.015865127
-0.004016223,0.024048526
0.004680403,0.02776362
0.01700423,0.027374728
0.02951161,0.023912646
0.03809839,0.018213766
0.039215513,0.011809215
0.032192912,0.006184084
0.019899013,0.001919571
0.00637947,-0.0010393675
-0.0051934836,-0.0024448708
-0.012773806,-0.0019633593
-0.0141176395,0.00019554584
-0.009369804,0.0032303797
-0.0010950854,0.0063792756
0.007961939,0.008822257
0.015258936,0.009482626
0.018513063,0.007849002
0.017229818,0.004020728
0.013109203,-0.0012305687
0.008808596,-0.006696929
0.0067017097,-0.011051437
0.008389144,-0.013060874
0.014326393,-0.012031457
0.023483539,-0.008208658
0.03400249,-0.0026226994
0.043297417,0.0033561387
0.048392523,0.008319465
0.0471916,0.01102367
0.04035172,0.010677482
0.030797292,0.007483216
0.021448286,0.0027603817
0.013902334,-0.0016785543
0.008515399,-0.0041538635
0.0048503364,-0.0034776835
0.0021300158,0.0007016617
-0.00026592764,0.00794437
-0.0032894416,0.017248241
-0.006404801,0.027021872
-0.0077967206,0.03499657
-0.0062939324,0.03885688
-0.0012501996,0.03718728
0.006917288,0.03053356
0.016655061,0.020730752
0.02554814,0.009360145
0.030392209,-0.0021643087
0.028169144,-0.011598691
0.018042896,-0.016633222
0.0021434834,-0.016755449
-0.016617272,-0.012609023
-0.035587575,-0.0038093582
-0.050357677,0.009397688
-0.055901024,0.023844918
-0.050296012,0.034448072
-0.037236266,0.038797848
-0.0223846,0.038033415
-0.010112562,0.033519335
-0.0032344675,0.026331114
-0.0028178093,0.017991452
-0.007786188,0.010457823
-0.01572608,0.0054459497
-0.023461828,0.004078474
-0.027487963,0.0064705396
-0.025768284,0.011522587
-0.019134678,0.017681351
-0.0102325175,0.023455782
-0.0020574424,0.027477728
0.0026396639,0.028668089
0.0023080143,0.02663759
-0.002206388,0.021853244
-0.008136062,0.015321229
-0.012215358,0.008109623
-0.011546928,0.00089806755
-0.004764534,-0.005885236
0.007078406,-0.012322719
0.02189908,-0.019217778
0.035981204,-0.026876727
0.044137217,-0.033840522
0.04175865,-0.036953907
0.02880295,-0.035194613
0.009642453,-0.031225486
-0.011427358,-0.026852535
-0.031636745,-0.021416925
-0.047117434,-0.014489239
-0.053005993,-0.0078029684
-0.047807235,-0.0035762887
-0.035506353,-0.0017192265
-0.021338066,-0.0009035656
-0.008924329,-0.00034591687
-0.000275435,0.00031769634
0.0040104557,0.0011751091
0.0043177684,0.0025247997
0.0021254965,0.003720728
-0.00061483466,0.0039002975
-0.0025139798,0.002235157
-0.0029957802,-0.001701257
-0.0024443024,-0.007850061
-0.0019429841,-0.015483891
-0.00268811,-0.023138816
-0.0052855737,-0.028831717
-0.009455421,-0.031048426
-0.014059535,-0.029228738
-0.01778035,-0.024141623
-0.019561075,-0.017345859
-0.018874982,-0.010694239
-0.015910141,-0.0057250946
-0.011524811,-0.0032445204
-0.006925072,-0.0031942632
-0.0032514017,-0.0047825086
-0.0012612474,-0.00689644
-0.0011528439,-0.008350781
-0.0025932558,-0.008411557
-0.004939793,-0.007086317
-0.007621827,-0.0050420123
-0.010348056,-0.0032071245
-0.013150571,-0.0024042868
-0.016271466,-0.0030024666
-0.019917378,-0.0047293557
-0.02394974,-0.0067524794
-0.027707867,-0.008016672
-0.03002351,-0.0076549533
-0.029675158,-0.0054117697
-0.026060583,-0.0017541476
-0.019577067,0.0023816521
-0.011409961,0.0060181
-0.0030499462,0.008469405
0.0041292696,0.009490981
0.008903619,0.009294211
0.010498778,0.008548144
0.00924367,0.007980174
0.006422284,0.007844138
0.0036740617,0.007777929
0.0024048623,0.0069021336
0.0033350813,0.004180057
0.006247112,-0.0009921754
0.010109202,-0.008556062
0.01330847,-0.017466359
0.014274985,-0.02528757
0.012316492,-0.0287236
0.008077474,-0.025279392
0.0031199893,-0.014970885
-0.00082859944,-8.0664104e-05
-0.0018500387,0.017411297
0.0020635438,0.035773896
0.011753059,0.05025492
0.024578692,0.05608496
0.036215127,0.051726904
0.04327918,0.04023795
0.044874687,0.02689301
0.04108027,0.016207978
0.03278753,0.011398492
0.022003183,0.013555641
0.011290252,0.021961227
0.0028961257,0.034993246
-0.001183919,0.049461808
-0.00015890336,0.05980353
0.0043191407,0.060051814
0.009564151,0.04942883
0.01422537,0.03255035
0.017415019,0.013992204
0.017930906,-0.0036846658
0.014647626,-0.019089447
0.007295035,-0.030121863
-0.0026833485,-0.03533528
-0.013067013,-0.03530105
-0.021802315,-0.03175466
-0.027297521,-0.026479356
-0.028453857,-0.020766018
-0.024964198,-0.015220426
-0.01749219,-0.009868592
-0.007390125,-0.004616174
0.0039060027,0.00019879594
0.015772695,0.0036953497
0.02680868,0.004760288
0.03487475,0.0022405428
0.038187556,-0.0039401124
0.03635414,-0.012837406
0.030317672,-0.022560466
0.02168048,-0.030727116
0.0123172775,-0.034667138
0.0045151412,-0.032490022
0.00019796593,-0.024344506
-0.00012181318,-0.012580136
0.0030624815,-0.00031840574
0.009285485,0.009806388
0.017012076,0.015229934
0.023535166,0.014018677
0.026188122,0.007017145
0.024259703,-0.002921639
0.018181192,-0.012440842
0.009127468,-0.018521156
-0.0011019649,-0.019259298
-0.010131122,-0.014558352
-0.016061798,-0.006284661
-0.017646203,0.0026530211
-0.014697449,0.009215211
-0.0081985,0.011233028
-7.565328e-05,0.008534629
0.0077206152,0.0028069676
0.013550269,-0.0036117958
0.016013721,-0.007752156
0.014777217,-0.0069380063
0.0106497165,-0.0006802199
0.0051773805,0.0094257435
7.251125e-05,0.021593578
-0.0031401752,0.033180438
-0.003645156,0.040609494
-0.0016654703,0.04138251
0.002061673,0.036242206
0.006617468,0.028286928
0.010899609,0.02074858
0.01381635,0.015787639
0.014621712,0.014400334
0.013194924,0.016268749
0.0100821685,0.019838255
0.0062496657,0.02283246
0.0027175264,0.023076609
0.00039123915,0.019465763
-0.0001814386,0.01261757
0.0009102701,0.0045443857
0.0029373309,-0.0024099892
0.0049283085,-0.0065807574
0.0059948326,-0.006709372
0.005572701,-0.0029898882
0.0036178473,0.0027545234
0.00074154034,0.0082851425
-0.0021695355,0.011444305
-0.0041163038,0.010636874
-0.004241268,0.0058736866
-0.0022230798,-0.0010403567
0.0014722921,-0.007705882
0.0059918566,-0.011806724
0.010098741,-0.011124678
0.012461535,-0.004973927
0.012225491,0.0052546253
0.009499386,0.017352823
0.004819115,0.028792141
-0.0009957625,0.036435485
-0.006762667,0.037349172
-0.010841173,0.030772794
-0.011859188,0.018841393
-0.009641871,0.0050462806
-0.0053717643,-0.007741354
-0.0004150195,-0.01812314
0.0041287574,-0.02431054
0.007088538,-0.024982106
0.0075654364,-0.02059016
0.005330566,-0.013114981
0.0009695021,-0.004873413
-0.0044025425,0.002419216
-0.009759894,0.008050639
-0.014057971,0.011268066
-0.01649996,0.011730421
-0.016742831,0.009870006
-0.014955943,0.0065995697
-0.011623045,0.0029789591
-0.00736252,-0.00013784716
-0.002764023,-0.0022529052
0.0016628038,-0.0033184465
0.0056030583,-0.0035648954
0.008740058,-0.0034658266
0.010789751,-0.0035736028
0.011536329,-0.004404593
0.010925012,-0.006244716
0.00912493,-0.00901879
0.0065410216,-0.012243145
0.0037763102,-0.015089145
0.0016068401,-0.016567787
0.0008346697,-0.01590032
0.0020071664,-0.012818415
0.005188903,-0.007770562
0.010057614,-0.0017851589
0.016060652,0.0039155204
0.02208779,0.007999225
0.02648322,0.0093772635
0.027640289,0.0077337255
0.024796119,0.0036995981
0.018266704,-0.0014346106
0.009104234,-0.006202598
-0.0014738251,-0.009396958
-0.012448717,-0.010178243
-0.022224244,-0.008217721
-0.028812382,-0.0042961095
-0.030821847,-8.3953244e-05
-0.028022788,0.0027046443
-0.021444814,0.0031046963
-0.012950801,0.0012085476
-0.004639192,-0.0021129022
0.0015867605,-0.005738797
0.004250522,-0.0082565425
0.0023490402,-0.008141631
-0.0038656392,-0.004877011
-0.013297556,0.00096016
-0.02422193,0.008724972
-0.034132905,0.016806109
-0.0402382,0.022506583
-0.040411748,0.02307505
-0.034520917,0.018038815
-0.024546362,0.00976699
-0.013356621,0.0011466811
-0.0036889801,-0.005925996
0.0025184727,-0.010362237
0.0040526674,-0.010709496
0.00080794154,-0.0066438005
-0.0057372297,0.00032266232
-0.013474688,0.008691038
-0.01972071,0.016775496
-0.022040714,0.021974288
-0.019310566,0.02229118
-0.012458559,0.017906485
-0.0038284895,0.010842726
0.0037976443,0.0032622605
0.008003803,-0.0033647516
0.0068607233,-0.007398276
1.5093401e-05,-0.0074591697
-0.011024542,-0.0036863703
-0.024039648,0.0035034919
-0.035762146,0.013289422
-0.042299874,0.023330146
-0.040768277,0.030339018
-0.031448692,0.032375474
-0.017616788,0.030697735
-0.0030208405,0.027568184
0.009329228,0.024253022
0.016814103,0.021449229
0.017498596,0.019923279
0.011578016,0.019956805
0.0015056477,0.021016695
-0.009532718,0.022252902
-0.01831735,0.022354273
-0.021765944,0.019748764
-0.0181809,0.0139421765
-0.008447553,0.0064435597
0.004611151,-0.00044258984
0.018677488,-0.0059512905
0.03104198,-0.008935954
0.038089134,-0.0071287085
0.03756987,0.00010409499
0.030072095,0.0105718635
0.01845153,0.02113141
0.0059020994,0.02936508
-0.0048915334,0.03290199
-0.011391642,0.029296253
-0.0118825175,0.018573856
-0.00657478,0.0039841747
0.0020740936,-0.011032543
0.011665161,-0.025654586
0.019455273,-0.03695673
0.022926329,-0.040626064
0.020676993,-0.034707967
0.013249403,-0.022389663
0.0028132314,-0.008501304
-0.0077232085,0.004167362
-0.016103484,0.015131611
-0.019751122,0.021898467
-0.017343694,0.022222165
-0.0097197415,0.016950294
0.00080274564,0.008920695
0.011827405,0.0003668542
0.021230083,-0.007781505
0.026650136,-0.013649775
0.026901316,-0.015308657
0.022763956,-0.012472997
0.016318396,-0.0066343374
0.009854904,0.0005200195
0.0051857964,0.0076462235
0.0030931598,0.013544886
0.0033429388,0.016749425
0.004695545,0.016256107
0.005621482,0.0121924365
0.0050651846,0.0056216824
0.002802079,-0.0019836319
-0.00066827674,-0.009057554
-0.0040963953,-0.013807428
-0.005381681,-0.014562299
-0.0029637008,-0.010784011
0.0030716325,-0.0032548
0.01180436,0.0064550117
0.022122351,0.016603721
0.031302173,0.024683012
0.035294972,0.028342681
0.031567797,0.02639042
0.021767857,0.019401502
0.010031001,0.009379946
-0.00018005993,-0.0011706748
-0.0073393984,-0.010110952
-0.009756822,-0.016095186
-0.006315403,-0.017771823
0.0010193015,-0.015578933
0.008812096,-0.0109330425
0.013985525,-0.0056981836
0.013891567,-0.001422828
0.00756543,0.00075879344
-0.0032948088,0.0004383329
-0.016076962,-0.0017094687
-0.027949978,-0.0046303086
-0.034744784,-0.0076965583
-0.0333881,-0.010619894
-0.024440393,-0.012983829
-0.011522018,-0.014491973
0.0013111914,-0.0155296195
0.011043098,-0.016476635
0.015094247,-0.01653692
0.012499271,-0.014530613
0.004975993,-0.010059334
-0.0043242043,-0.0035156023
-0.012551267,0.004868681
-0.017116245,0.014315729
-0.0164724,0.022140982
-0.0115297865,0.02535105
-0.004964902,0.022393951
0.0003395706,0.013785932
0.0025050456,0.001611943
0.0009652755,-0.011776449
-0.0040986063,-0.023689637
-0.01033132,-0.0300187
-0.01372067,-0.028113209
-0.011866264,-0.01870445
-0.0054245535,-0.00518147
0.0036565422,0.008625297
0.014359516,0.01988751
0.022847248,0.024640044
0.023746613,0.021052161
0.015829494,0.0109023405
0.0023986993,-0.0020674465
-0.014317107,-0.014734422
-0.033622805,-0.023892635
-0.04990069,-0.026084373
-0.055322483,-0.021499747
-0.047996465,-0.013637403
-0.03362046,-0.0060611703
-0.017930891,-0.0012008625
-0.004305922,-0.00072824064
0.004945497,-0.0052633206
0.00830895,-0.01344637
0.005007981,-0.022103708
-0.0026592638,-0.027306855
-0.01093177,-0.026654454
-0.01617554,-0.01965799
-0.016041713,-0.008089829
-0.010454729,0.004972048
-0.00050392357,0.016883885
0.012307253,0.025348783
0.024890764,0.02845681
0.033475205,0.02635139
0.035939645,0.02127439
0.03282792,0.016212385
0.026528342,0.013363472
0.019896831,0.0134843895
0.015247287,0.016053164
0.013988514,0.019538024
0.016354484,0.02185128
0.021250905,0.021224778
0.026653754,0.017110033
0.030268263,0.010449645
0.030310074,0.003283707
0.026067229,-0.002026087
0.018261509,-0.0037853806
0.008727689,-0.00172191
-0.00039387596,0.003211957
-0.0074442346,0.009898388
-0.01086314,0.016448025
-0.009801153,0.02068958
-0.0049917013,0.021535479
0.0019189488,0.01973986
0.009005016,0.016782606
0.01445985,0.014148414
0.016899424,0.012875872
0.015778137,0.01326885
0.011650518,0.014573705
0.005951671,0.0154639315
0.00030984136,0.014622224
-0.003811772,0.011347736
-0.005544035,0.0059885345
-0.004878883,-2.489252e-05
-0.0026511757,-0.0048686755
-3.271449e-05,-0.0069416133
0.0017671123,-0.005214469
0.0018901936,-5.9433496e-05
0.00030011035,0.0069112
-0.002288242,0.013719074
-0.004649133,0.017963184
-0.00544144,0.01763563
-0.0036523363,0.012400809
0.00086764415,0.0038345316
0.0072726733,-0.005871462
0.014042786,-0.015444874
0.018971294,-0.022798017
0.020045904,-0.025937697
0.016349055,-0.024472607
0.008609292,-0.019868873
-0.0011922995,-0.0140906125
-0.01067653,-0.008188757
-0.017463438,-0.0021381925
-0.019213246,0.004042454
-0.015044262,0.010129913
-0.0060877274,0.015996804
0.0056369808,0.021194637
0.017925005,0.024326796
0.02793547,0.02356316
0.033050604,0.017861065
0.032849614,0.007891109
0.029427662,-0.0042642443
0.025233569,-0.01594657
0.021916136,-0.023878068
0.020652862,-0.024663765
0.021601567,-0.016815228
0.023544697,-0.0022554642
0.025240185,0.015451889
0.025387635,0.03238949
0.021792628,0.04299974
0.013069653,0.041439507
0.0025186825,0.026989937
-0.0045306897,0.0050246567
-0.0069932053,-0.018910794
-0.0055968594,-0.043486446
0.0011213571,-0.06311094
0.014467329,-0.06994191
0.030994123,-0.059569083
0.04357966,-0.038001638
0.04848651,-0.013922545
0.04543957,0.0068021663
0.034859702,0.020203069
0.019590532,0.023974804
0.0046765725,0.019383052
-0.0060098623,0.010807874
-0.011081092,0.0025858134
-0.010363557,-0.002160114
-0.004967437,-0.0018081435
0.0022814332,0.002849076
0.008953291,0.009177368
0.012941872,0.0137134995
0.012556047,0.013055052
0.008456405,0.0059382
0.0031515413,-0.006057882
-0.0018197994,-0.020458367
-0.0057013812,-0.033820607
-0.006756491,-0.041035384
-0.004140803,-0.03791839
-9.736046e-05,-0.024809184
0.0021486462,-0.0059733833
0.0017440359,0.014486448
-0.00059661205,0.035759356
-0.0045604743,0.05447957
-0.009903503,0.06596716
-0.015513161,0.06630849
-0.01909598,0.056499586
-0.018522486,0.042155657
-0.014241467,0.028243419
-0.008260654,0.017093271
-0.0028529898,0.0093574915
0.00037648826,0.00499623
0.0005057679,0.003661005
-0.0024546897,0.0050158706
-0.007531158,0.008773343
-0.013204885,0.014643615
-0.017790433,0.022027923
-0.019781083,0.029664064
-0.018364523,0.035619356
-0.013767361,0.037748262
-0.0071237735,0.03454256
0.0002816729,0.02604408
0.007530137,0.013643372
0.014205287,-0.00081531703
0.019884896,-0.016197352
0.023598652,-0.030363403
0.02468392,-0.039828148
0.022929868,-0.041734666
0.018307177,-0.036206406
0.010942672,-0.026392471
0.0014592238,-0.015872464
-0.009070556,-0.0068865623
-0.019655703,3.997048e-05
-0.028856728,0.0047355094
-0.03481978,0.0071323095
-0.036323197,0.0077871317
-0.033544756,0.007693378
-0.028025541,0.0076965927
-0.021903396,0.007924077
-0.017153783,0.0077057392
-0.015121086,0.0061383597
-0.016312983,0.002787258
-0.020261832,-0.0019167721
-0.025634281,-0.0066693146
-0.030280476,-0.009627132
-0.031741723,-0.009109624
-0.028453518,-0.0044789347
-0.020758139,0.003417483
-0.010235832,0.01263209
0.0019033811,0.020776803
0.014459079,0.024964878
0.024862297,0.022792572
0.030590372,0.014205772
0.030887924,0.0016284871
0.026331507,-0.011555576
0.017671678,-0.02201708
0.0059560207,-0.026879257
-0.007112546,-0.02483419
-0.019775733,-0.016904714
-0.030632215,-0.0053750197
-0.038046777,0.0070880447
-0.04024619,0.017237095
-0.03637654,0.02228455
-0.027335016,0.02205409
-0.015326901,0.019086901
-0.0027529502,0.016207853
0.008477879,0.014926419
0.016742501,0.015432945
0.020338159,0.016991215
0.018603915,0.017844511
0.012653177,0.015865307
0.004968501,0.009860412
-0.0018250273,0.00031209821
-0.006513592,-0.011021911
-0.008632858,-0.02217827
-0.008125516,-0.029742332
-0.0058912504,-0.03100493
-0.004115264,-0.025711244
-0.00501,-0.01655979
-0.00956171,-0.007496699
-0.017199835,-0.0017254723
-0.02637247,-0.0012162009
-0.034729622,-0.0068263314
-0.039795402,-0.016835542
-0.03959445,-0.02738833
-0.03340672,-0.03327701
-0.02298132,-0.030182645
-0.0128809605,-0.017564168
-0.0073241666,0.0008365989
-0.0070882575,0.021032654
-0.0109249735,0.040513482
-0.018277725,0.052749336
-0.027086522,0.05075499
-0.032697655,0.03392603
-0.031265453,0.010202006
-0.023173992,-0.01291666
-0.010701116,-0.031838875
0.004636989,-0.043336585
0.01992316,-0.04359362
0.030602349,-0.032813728
0.033401083,-0.016496513
0.02858328,-0.001262262
0.018713428,0.0085205985
0.007170865,0.011175646
-0.002756664,0.007753434
-0.009024833,0.0013487716
-0.011061888,-0.0045097987
-0.009266977,-0.006574705
-0.0054536983,-0.0033678594
-0.0018416614,0.0041310545
0.0004939851,0.013465563
0.001510664,0.021431452
0.0015223876,0.02434174
0.0016006121,0.02021019
0.0032133467,0.010347181
0.0069281394,-0.0018505661
0.011802072,-0.013807975
0.015776621,-0.022851914
0.016499631,-0.025982566
0.0120954905,-0.022750119
0.0023094416,-0.01625603
-0.011586631,-0.010340495
-0.028142126,-0.0068415394
-0.045090757,-0.00641727
-0.058897402,-0.009261603
-0.0655215,-0.014277018
-0.062705204,-0.01868713
-0.05264003,-0.01883165
-0.04097351,-0.01281899
-0.032288827,-0.0018883682
-0.028208548,0.011245202
-0.027927317,0.023921557
-0.029443698,0.033093106
-0.03010843,0.03550534
-0.027148848,0.03041598
-0.019202033,0.021167982
-0.0071078883,0.012506367
0.0066374247,0.0077168215
0.0197241,0.007865638
0.029042482,0.013302912
0.031075511,0.02308538
0.024488794,0.034205593
0.011024621,0.043114316
-0.005743103,0.047260378
-0.021602333,0.045218874
-0.032167673,0.03679228
-0.034086775,0.024005948
-0.027320474,0.011098746
-0.015147405,0.0015823933
-0.0017297488,-0.0036761044
0.009752836,-0.0061394675
0.017572425,-0.007225501
0.019928763,-0.008075361
0.017326098,-0.00997707
0.01198256,-0.013582047
0.0064505744,-0.018512482
0.0026324869,-0.023542065
0.0015650111,-0.027004628
0.0031351126,-0.027699545
0.005931444,-0.025528204
0.008121798,-0.021566447
0.008161425,-0.017464606
0.0055523072,-0.014830553
0.0008998223,-0.014581739
-0.004435221,-0.016554076
-0.008817824,-0.019563511
-0.010631259,-0.021856256
-0.008967214,-0.02175629
-0.004313867,-0.018428914
0.0015297394,-0.0124520445
0.0066150962,-0.0056084995
0.009514065,-9.634052e-05
0.00928665,0.002030874
0.0059878184,-0.00061578007
0.0010958415,-0.008007611
-0.003846275,-0.018990597
-0.007252584,-0.031408045
-0.0071245343,-0.04223487
-0.0019105745,-0.0481545
0.008092148,-0.047059055
0.020305924,-0.039367255
0.031564474,-0.027524654
0.03933775,-0.014251485
0.04130091,-0.0018924564
0.035858274,0.0073428275
0.023883855,0.011782826
0.008646808,0.011242552
-0.006412258,0.007194828
-0.019567426,0.001450121
-0.028544715,-0.0051253266
-0.0304456,-0.011827583
-0.024413785,-0.01783795
-0.012536754,-0.022338377
0.001858439,-0.025293892
0.015794022,-0.026986927
0.026267394,-0.026842838
0.030174503,-0.023599252
0.02612991,-0.017106103
0.015757585,-0.009284788
0.0025308344,-0.0022445188
-0.0101353675,0.0031082418
-0.019933175,0.0064131203
-0.02354363,0.0058118924
-0.019684037,0.00061760686
-0.009860318,-0.007559395
0.0027411857,-0.017061153
0.015331249,-0.027003316
0.024580238,-0.035184722
0.027308816,-0.03796428
0.022523662,-0.03370099
0.011977798,-0.025006143
-0.0010877906,-0.015559515
-0.013782238,-0.007269953
-0.023821663,-0.0007635509
-0.028770782,0.0024429574
-0.027650239,0.0011719605
-0.02181573,-0.0037622259
-0.013955452,-0.010543903
-0.0066867294,-0.017712645
-0.0019012025,-0.024138754
-0.00069653825,-0.028330086
-0.003003292,-0.0292955
-0.0077704396,-0.027069705
-0.013476218,-0.02243552
-0.018691458,-0.01613242
-0.022341376,-0.008773217
-0.023966169,-0.00094941154
-0.023746647,0.006757283
-0.022282945,0.013830067
-0.020315526,0.019817127
-0.018507631,0.024262985
-0.017399417,0.026728202
-0.017410357,0.027067345
-0.01885969,0.025534851
-0.022059225,0.022731218
-0.027340522,0.019449329
-0.034985956,0.016507685
-0.04501669,0.014637067
-0.056919437,0.014354985
-0.06934044,0.015822513
-0.079660736,0.018419322
-0.08385918,0.02015735
-0.07891112,0.01893248
-0.06663645,0.015910048
-0.051272266,0.013697309
-0.036209457,0.013188744
-0.023547947,0.014000999
-0.014706103,0.015423691
-0.010502287,0.016632248
-0.010944661,0.016668612
-0.015024425,0.014629558
-0.020871483,0.009909158
-0.026330424,0.002403072
-0.02954019,-0.007352009
-0.029439954,-0.018145714
-0.026030727,-0.028240766
-0.020271825,-0.035696518
-0.013747756,-0.038816493
-0.008258908,-0.0368029
-0.005266508,-0.030291483
-0.0052830046,-0.02110263
-0.0076744575,-0.01144368
-0.011155981,-0.002985695
-0.014341553,0.0033969097
-0.016070753,0.0070417314
-0.015786158,0.0077280453
-0.013675468,0.0060379496
-0.010447144,0.0029783496
-0.006966118,-0.0005135388
-0.0039784773,-0.0038722465
-0.0019249439,-0.0069246837
-0.000944454,-0.009676639
-0.0009983842,-0.01216456
-0.0019980024,-0.014311502
-0.0038856938,-0.015798919
-0.006640172,-0.016072
-0.010186511,-0.014499978
-0.014288502,-0.010632914
-0.018485574,-0.0044014254
-0.022084376,0.0038446246
-0.02420772,0.013290523
-0.024054239,0.022566853
-0.021327954,0.029944055
-0.01654576,0.033881906
-0.010949188,0.033671048
-0.006011386,0.029688576
-0.0029082429,0.023098018
-0.0021995218,0.015368699
-0.0037380415,0.007932423
-0.0068009673,0.0019759466
-0.010207968,-0.0016955676
-0.012383435,-0.0026079451
-0.012025425,-0.00083690573
-0.008756563,0.003017893
-0.0031775523,0.008124848
0.0037834991,0.013579689
0.0109461015,0.018319277
0.016725352,0.021331491
0.019692287,0.021908544
0.019199753,0.019837067
0.015587176,0.015478688
0.009771321,0.009630034
0.002631141,0.0033459088
-0.005477834,-0.002223688
-0.014846639,-0.0062524597
-0.025177456,-0.007833524
-0.035619814,-0.0066124056
-0.044744164,-0.0029782937
-0.050451178,0.0018067926
-0.050443307,0.0057164244
-0.043520972,0.006889549
-0.030623997,0.0048942063
-0.014286267,0.0005939029
0.0025255855,-0.0051569664
0.018039301,-0.0128104165
0.029422758,-0.021129614
0.03267663,-0.027021417
0.02660342,-0.027609969
0.013606895,-0.02367509
-0.0023267202,-0.017429989
-0.017885702,-0.010045582
-0.030103428,-0.0015287123
-0.035352852,0.006571538
-0.032032758,0.012036778
-0.02229993,0.01443789
-0.00997888,0.014825578
0.0015572282,0.014241789
0.0100728385,0.01322037
0.0141146565,0.012193763
0.013791893,0.011522804
0.010997467,0.011211852
0.0083198305,0.010909534
0.00784135,0.010369566
0.010543714,0.009512453
0.016082829,0.008400365
0.022851352,0.0072639277
0.028571412,0.006530856
0.031092178,0.0066700475
0.029521229,0.007764162
0.024788901,0.009110052
0.019093826,0.009644692
0.014810603,0.00840897
0.013579288,0.004763282
0.015732229,-0.0014722007
0.020038838,-0.010033784
0.023888063,-0.019985192
0.024075268,-0.029296162
0.018232264,-0.03521149
0.0062991604,-0.035948496
-0.009605491,-0.03181646
-0.026514275,-0.023798382
-0.04069595,-0.012414764
-0.047358196,0.0007724291
-0.043131527,0.012477697
-0.029421955,0.020373726
-0.010927819,0.024778776
0.008292585,0.026473554
0.024899846,0.025322983
0.03445985,0.021660179
0.03378721,0.017117016
0.024501264,0.013125277
0.011479133,0.010140621
-0.0007996298,0.008601458
-0.009337672,0.0090650935
-0.011654812,0.011207032
-0.007089757,0.014366481
0.0023360928,0.018018583
0.013655494,0.021527804
0.023484869,0.023733994
0.028114242,0.023566524
0.02542033,0.020350428
0.016634468,0.013997941
0.0053360914,0.0050453865
-0.0053360984,-0.005230556
-0.014092564,-0.0159049
-0.018753832,-0.025170824
-0.017476907,-0.030766603
-0.010607399,-0.030879078
-0.0006870878,-0.025175191
0.009325942,-0.014862503
0.017739655,-0.0019755794
0.024151701,0.0118198395
0.02799552,0.024762038
0.028542683,0.034755133
0.025502006,0.040080212
0.019489722,0.04020223
0.011961661,0.03619355
0.0042733564,0.029972086
-0.0028175456,0.023380594
-0.008948303,0.017641598
-0.013726054,0.013252304
-0.016631281,0.010070149
-0.01710065,0.007588031
-0.01501946,0.0052789524
-0.01092194,0.0028901885
-0.005884431,0.000486493
-0.0012434402,-0.0016574003
0.0017345255,-0.0032454734
0.0020521258,-0.00393924
-0.0008384219,-0.003634036
-0.006713042,-0.0026969318
-0.014835285,-0.0015841307
-0.023956273,-0.00069569563
-0.03245721,-0.0003164301
-0.03866413,-0.00036565273
-0.041237216,-0.00021858585
-0.039726704,0.0012390581
-0.034862738,0.0052469815
-0.028203899,0.012528992
-0.021228181,0.023017818
-0.014612553,0.035902105
-0.008520107,0.04938725
-0.0034093263,0.060387567
-0.00035724047,0.064876944
-0.00011706539,0.06007212
-0.0013521556,0.047234587
-0.0017779047,0.030351555
-0.00034824017,0.013112526
0.002724697,-0.0018930625
0.0067913625,-0.013683866
0.011821919,-0.020832906
0.01684945,-0.021678139
0.020661654,-0.016723923
0.021979881,-0.0077950936
0.020209325,0.0028513295
0.015453212,0.013344517
0.008526469,0.022658506
0.0006330876,0.030305846
-0.0065548057,0.035967484
-0.011296927,0.03960597
-0.012318296,0.040971234
-0.009375813,0.04018506
-0.0034406944,0.037582804
0.0035363026,0.03350028
0.009256522,0.028061502
0.011684763,0.021462528
0.009697955,0.014213988
0.0036255994,0.007136806
-0.005095457,0.0011543562
-0.014975525,-0.003122524
-0.023617873,-0.0052110455
-0.028214972,-0.005142856
-0.027108071,-0.0036470431
-0.02094752,-0.0014758336
-0.011991756,0.00077707565
-0.0029580102,0.0026391707
0.0039330106,0.003727455
0.007006275,0.003891897
0.005236518,0.0032927692
-0.00059403013,0.0021813633
-0.008666659,0.0006677316
-0.016866822,-0.0010605329
-0.022585362,-0.0030517187
-0.02358617,-0.005376095
-0.019145062,-0.0077034975
-0.010388061,-0.009288944
0.00047026473,-0.009501437
0.011435313,-0.008209287
0.02079769,-0.00526457
0.026800998,-0.0007403367
0.028407704,0.004683112
0.02587431,0.009652556
0.020489562,0.012761234
0.013977409,0.013099336
0.007822991,0.010578716
0.0028946192,0.005932461
-0.0006759202,0.00045210545
-0.003545598,-0.0044695595
-0.0066144736,-0.007817307
-0.010574758,-0.008781886
-0.01589069,-0.007417621
-0.022544648,-0.004397853
-0.02991969,-0.00070474885
-0.03678585,0.002627141
-0.04141613,0.0047517396
-0.042066883,0.00536962
-0.03782373,0.00507138
-0.029115194,0.0051552104
-0.017501296,0.006841625
-0.004895094,0.010538065
0.007499248,0.015764384
0.0188944,0.021297764
0.0274879,0.02539421
0.031482857,0.026470931
0.030358914,0.02373334
0.025565974,0.017589953
0.019484648,0.00945203
0.014064145,0.0011334904
0.010384314,-0.005739712
0.008918364,-0.010088501
0.009675845,-0.011498322
0.012094459,-0.010506849
0.0151272295,-0.008464791
0.017602226,-0.0069056954
0.018488677,-0.007011526
0.017232737,-0.009237765
0.013982702,-0.013196872
0.009421062,-0.017852174
0.004427918,-0.02186113
-4.7314454e-05,-0.02399248
-0.003139539,-0.023629298
-0.004413537,-0.021046905
-0.003995477,-0.017224442
-0.002412077,-0.013319255
-0.00032943144,-0.010184506
0.0016205589,-0.008092533
0.0029361593,-0.006685628
0.003300778,-0.0051681907
0.0026170101,-0.0027084567
0.001014445,0.0011253888
-0.0011970304,0.0062442054
-0.0036437865,0.0120717995
-0.005829635,0.017431406
-0.0073001366,0.02105181
-0.0076431823,0.022180993
-0.0066021513,0.021021018
-0.0041851983,0.01870193
-0.0007528013,0.016741626
0.0030123626,0.016342908
0.006251949,0.017922308
0.008038469,0.020856583
0.007597671,0.023559825
0.004609651,0.023870818
-0.00039866546,0.01996326
-0.0060169343,0.011346446
-0.010715251,-0.00077859394
-0.013704554,-0.014623921
-0.014107174,-0.027766963
-0.010947201,-0.036585756
-0.00409936,-0.037735593
0.004515431,-0.030427754
0.012074587,-0.017162936
0.017056586,-0.0018688538
0.019481473,0.012295792
0.019115746,0.022481507
0.015957454,0.026021015
0.011384187,0.022468835
0.0075899432,0.014198927
0.0058825384,0.0048539727
0.006222874,-0.0023634331
0.0077362442,-0.005352376
0.00929705,-0.0030847648
0.00978006,0.003530026
0.008646907,0.012186727
0.006135821,0.020148758
0.0031106523,0.02466663
0.0010039248,0.02390291
0.0014071738,0.018104108
0.005220786,0.009541984
0.012116649,0.00092924904
0.020729428,-0.0060898387
0.028600425,-0.010024905
0.03263991,-0.009870431
0.030342277,-0.0062393122
0.021336887,-0.0015633823
0.007568325,0.0013201018
-0.007897,0.0010504012
-0.023415307,-0.002169941
-0.036100328,-0.007947749
-0.04217209,-0.015340328
-0.039099876,-0.022453954
-0.02777398,-0.026975634
-0.011840026,-0.027608776
0.0049743676,-0.0249224
0.020576565,-0.020421674
0.03354569,-0.015256256
0.04227536,-0.010188019
0.045639884,-0.005807907
0.04372067,-0.0024790603
0.037768308,-0.00026835068
0.029243296,0.0011339786
0.019218683,0.0022135568
0.008339456,0.0033310887
-0.002871257,0.0046729557
-0.014336294,0.006426551
-0.025356388,0.008182254
-0.03436998,0.009317728
-0.03971993,0.009158867
-0.040273707,0.0075208163
-0.036190804,0.004778845
-0.028897922,0.0017036888
-0.020333974,-0.0011313908
-0.01222816,-0.0035816666
-0.0057109036,-0.0057976353
-0.001047641,-0.008026656
0.0021987879,-0.010250857
0.004925847,-0.012301386
0.0080921855,-0.01390901
0.012201222,-0.014850674
0.016931837,-0.01505285
0.021062618,-0.014634545
0.022725578,-0.013890818
0.020195138,-0.013320588
0.012908995,-0.013563122
0.0018630812,-0.0151750585
-0.011301165,-0.018121058
-0.024591122,-0.021483632
-0.03464909,-0.024119083
-0.037631728,-0.025166536
-0.031887103,-0.024122048
-0.019780649,-0.020869019
-0.0055422466,-0.01602282
0.007465614,-0.011010133
0.017181769,-0.0070480113
0.021457039,-0.004597271
0.019481452,-0.0037474672
0.013058783,-0.0042023356
0.005320247,-0.005224604
-0.000966452,-0.0056689456
-0.0038790696,-0.0044490416
-0.0025518066,-0.001133354
0.002166314,0.003926296
0.008590183,0.009897222
0.014557012,0.015497241
0.017705027,0.019485738
0.01666046,0.021084324
0.011891489,0.020288395
0.0053007975,0.017858872
-0.00087304384,0.014962273
-0.0048788423,0.012621985
-0.0057024513,0.011387532
-0.0033900647,0.011293814
0.0011049322,0.011882049
0.006427686,0.01241486
0.0112771345,0.012199345
0.014749213,0.0109840995
0.016671628,0.009115641
0.017542059,0.0073939925
0.01807296,0.0067192074
0.018736346,0.007673864
0.019450888,0.010218859
0.019550407,0.01356026
0.018031131,0.016252682
0.014102252,0.01662954
0.007840923,0.013470485
0.0004328248,0.006629045
-0.006518128,-0.0027815937
-0.011999472,-0.013496322
-0.014519738,-0.023517946
-0.012685841,-0.030320577
-0.006614752,-0.031891063
0.0015901843,-0.027820913
0.009013531,-0.019482426
0.01332064,-0.0092705
0.013323468,0.00036811025
0.00892547,0.007380276
0.0012867909,0.010432027
-0.0075147063,0.009338707
-0.015322298,0.0049041407
-0.020250011,-0.0015158767
-0.021101225,-0.008268013
-0.017852074,-0.013745239
-0.011710852,-0.01686091
-0.0045110937,-0.017337387
0.0020801628,-0.015600592
0.007115591,-0.012397659
0.010401658,-0.00848768
0.012347636,-0.004495751
0.013635189,-0.00086892216
0.014828707,0.0020691163
0.016065093,0.004004036
0.016960816,0.0045666723
0.016788518,0.0033738145
0.014901643,0.00018109946
0.01113005,-0.0049352753
0.005817178,-0.011536409
-0.00053244305,-0.01880953
-0.007216684,-0.025407348
-0.013223862,-0.029669644
-0.017661992,-0.030187009
-0.020346481,-0.026451346
-0.021973945,-0.019133272
-0.023532396,-0.009689091
-0.025503783,0.0003241633
-0.027484624,0.00954316
-0.028353045,0.016636483
-0.026747433,0.020511901
-0.02175218,0.020964509
-0.013510192,0.01896172
-0.0032915904,0.01599253
0.0069891815,0.013105723
0.015129677,0.010554525
0.018510912,0.008358104
0.0152864335,0.0065353964
0.0059167976,0.004819556
-0.007214673,0.0030748465
-0.022020549,0.0018393704
-0.035280287,0.0017392301
-0.042475022,0.0027805874
-0.0401405,0.004381963
-0.029029977,0.0064420234
-0.013048312,0.009191706
0.004152929,0.012165068
0.021028806,0.013941517
0.03500157,0.0131676635
0.042626213,0.009975014
0.042589106,0.005735938
0.036612686,0.0019026416
0.027685028,-0.0004648993
0.018214459,-0.00067506765
0.009573705,0.0014247363
0.0023031747,0.0052418853
-0.0036785307,0.009619551
-0.00874683,0.012821718
-0.013177144,0.013243344
-0.01700423,0.010157513
-0.019949269,0.004269294
-0.021713043,-0.0026318997
-0.022024274,-0.008221612
-0.020749493,-0.010253731
-0.018312408,-0.0073769973
-0.015899533,0.00015585005
-0.014588461,0.0107941395
-0.014552393,0.022388646
-0.015456073,0.031955726
-0.01682041,0.036072735
-0.017792773,0.032609094
-0.017217426,0.022449918
-0.014435654,0.008847728
-0.010016127,-0.004833204
-0.0052299243,-0.016614415
-0.0009359293,-0.024645189
0.0020208915,-0.02722096
0.0032121118,-0.024463259
0.0028252543,-0.018418483
0.0018501896,-0.011558695
0.0015922568,-0.005711827
0.0030668264,-0.0016718556
0.0064840554,0.000724746
0.01101622,0.0022996343
0.015024342,0.004196671
0.016675038,0.007381924
0.014824977,0.012032534
0.009756257,0.017415628
0.0032105811,0.022212155
-0.0021326533,0.024788238
-0.003352919,0.023591293
0.0015502757,0.018302131
0.012651793,0.010493061
0.028595777,0.0015181066
0.046607736,-0.008360893
0.06167258,-0.01757905
0.06674883,-0.022036107
0.057607498,-0.018559797
0.038912714,-0.011774494
0.01812937,-0.006988019
0.0008062672,-0.004990434
-0.009630485,-0.0047026626
-0.009992443,-0.005883556
0.00092743884,-0.0074056033
0.019846248,-0.0077375146
0.043493044,-0.006569365
0.067258716,-0.003549174
0.08268897,0.0032662007
0.07849341,0.01602547
0.056246612,0.029390031
0.029442076,0.03611918
0.0065034237,0.03673103
-0.008680545,0.03274199
-0.012853738,0.024513507
-0.005137393,0.014567646
0.010048363,0.006849182
0.028026113,0.0017844429
0.043224435,-0.0010894132
0.047922358,-0.0006415154
0.037604876,0.0024088572
0.016673723,0.0041250056
-0.007298771,0.0020120167
-0.031807538,-0.0024708176
-0.053825058,-0.008191519
-0.06556887,-0.014194412
-0.06022055,-0.018861063
-0.042591956,-0.018331995
-0.02331189,-0.010768754
-0.008804819,0.0019026098
-0.00080640294,0.01655079
0.00094195415,0.031034293
-0.0034977202,0.04120131
-0.011531974,0.043225173
-0.01865769,0.035500515
-0.020660767,0.02097642
-0.015958197,0.0047199912
-0.006240824,-0.008782513
0.005602078,-0.017474951
0.01663768,-0.019530876
0.023249896,-0.014257694
0.022923905,-0.0040698797
0.016122697,0.0063813725
0.0053924727,0.01317108
-0.0062170587,0.014227554
-0.015698928,0.008838791
-0.020518519,-0.0017520816
-0.019670676,-0.014413792
-0.013703981,-0.025376104
-0.00423716,-0.031273853
0.00637977,-0.029999696
0.015434105,-0.022062628
0.02109001,-0.010426198
0.022832172,0.0011950986
0.020707374,0.009646049
0.014975946,0.012678473
0.0066093705,0.010020852
-0.003008188,0.003724215
-0.0133645255,-0.0030347104
-0.024138696,-0.007446034
-0.03329323,-0.0069667646
-0.03799708,-0.0011762956
-0.036140993,0.007753185
-0.027225576,0.016180553
-0.01232508,0.020619811
0.0066726813,0.018862156
0.028080257,0.009754088
0.04977468,-0.007865123
0.067793325,-0.034063328
0.07676476,-0.06587725
0.069980636,-0.087679066
0.05184575,-0.07487153
0.034844402,-0.053114265
0.019117879,-0.031336684
0.009223698,-0.012099829
0.00526275,0.00525855
0.008451601,0.018104335
0.01575629,0.022583617
0.023283899,0.018044306
0.027022263,0.00738757
0.025198102,-0.0053228727
0.017324524,-0.016194707
0.0050458466,-0.02202251
-0.008376601,-0.021852247
-0.019063892,-0.01627438
-0.02379081,-0.0077607785
-0.021187749,0.00025874152
-0.0126448935,0.005291709
-0.0012450883,0.0063883746
0.008928101,0.0031031913
0.014572203,-0.0023904468
0.012998285,-0.007510739
0.004285684,-0.0089037325
-0.008805077,-0.0058106515
-0.023476716,0.0021612316
-0.0355914,0.014506115
-0.040513203,0.027850255
-0.035558637,0.036542717
-0.022510061,0.037161786
-0.00565478,0.03113471
0.011255276,0.021460066
0.025747063,0.010071429
0.03535005,-0.0010394151
0.038024608,-0.008293102
0.034116577,-0.008930792
0.026253708,-0.0036345506
0.01734979,0.0047278637
0.009569381,0.013410734
0.0037848381,0.01990178
-8.834453e-05,0.021568883
-0.002816376,0.017243847
-0.0051189116,0.008442961
-0.0075423857,-0.0019839427
-0.0106642945,-0.011610905
-0.014055138,-0.017882038
-0.016247,-0.018663144
-0.01605004,-0.013899415
-0.013577005,-0.0055432403
-0.009653969,0.0036944486
-0.005181622,0.011400743
-0.0012258963,0.015582361
0.00071901135,0.015123585
-0.00019029151,0.01067377
-0.0036417914,0.004172979
-0.008848638,-0.0021252632
-0.014729514,-0.0063996124
-0.019616043,-0.007404136
-0.02192558,-0.005197193
-0.021081377,-0.0010766902
-0.017498413,0.0031074537
-0.012153714,0.0056353407
-0.006117339,0.005479677
-0.0003585519,0.0025812762
0.004499159,-0.0022477363
0.008076692,-0.007800438
0.010051031,-0.012452737
0.010332049,-0.014830066
0.008765961,-0.014537169
0.0051211165,-0.012242062
-0.0007213053,-0.009327869
-0.008744367,-0.007209737
-0.018777288,-0.006639351
-0.030096445,-0.007733643
-0.041235432,-0.010025254
-0.0499876,-0.012623408
-0.053761266,-0.014585934
-0.050954062,-0.01520777
-0.042587314,-0.014198788
-0.03167279,-0.012001934
-0.021181464,-0.009838429
-0.013142312,-0.009097627
-0.008726128,-0.01067073
-0.008341004,-0.014489958
-0.01148002,-0.019433431
-0.01660858,-0.02355368
-0.021361113,-0.0246644
-0.023325441,-0.021247225
-0.021351986,-0.01327211
-0.016205564,-0.0022342026
-0.0095756315,0.009708162
-0.0026478188,0.020509943
0.0031870685,0.02768137
0.0060356087,0.029161267
0.0053026453,0.024941947
0.0022999677,0.017133927
-0.0010105432,0.008698821
-0.0030945593,0.0022954005
-0.003066371,-0.00032080698
-0.0007316569,0.0013923111
0.002969442,0.006490848
0.0066061243,0.0128169535
0.008176261,0.017569
0.0058926446,0.01809896
-0.0005255558,0.013174098
-0.009632277,0.003663411
-0.020158842,-0.008453221
-0.030646935,-0.020861797
-0.038156472,-0.030329986
-0.039080963,-0.033887386
-0.032868333,-0.030356886
-0.023203902,-0.021315843
-0.014297205,-0.009936199
-0.008341321,0.0005817052
-0.005953341,0.007951888
-0.0070340824,0.0107415905
-0.010536918,0.008486101
-0.014213683,0.002418648
-0.015709274,-0.005419164
-0.013305234,-0.012902651
-0.0064474205,-0.018368173
0.003639461,-0.021216992
0.014530205,-0.022042083
0.02323129,-0.02193374
0.026755046,-0.021833273
0.023421971,-0.02232755
0.014211841,-0.023789939
0.0019566505,-0.025949668
-0.0102339415,-0.027474951
-0.018808533,-0.026526788
-0.020224629,-0.02207796
-0.013579469,-0.01458028
-0.0014621137,-0.0055715395
0.013194589,0.0027932005
0.028634544,0.008688565
0.040690288,0.009913129
0.04455351,0.0061838618
0.039439462,-0.0010923352
0.029042026,-0.00995525
0.017588122,-0.018495793
0.007943402,-0.024681019
0.0025193223,-0.026736192
0.0028972724,-0.024064783
0.008377568,-0.01802153
0.016650796,-0.01089624
0.025301568,-0.0048726285
0.031591315,-0.0015402948
0.03320002,-0.001551045
0.02998831,-0.0043526017
0.02424966,-0.008558164
0.018996801,-0.012449909
0.016721703,-0.01438935
0.018825786,-0.013386453
0.025385005,-0.009554741
0.034958076,-0.004121507
0.04466271,0.001168423
0.049985304,0.0047383634
0.04641005,0.0056920913
0.0334443,0.003671465
0.015034903,-0.0009731662
-0.004616763,-0.0066022137
-0.024745664,-0.010706392
-0.04271763,-0.010737345
-0.052687608,-0.005661683
-0.051480986,0.0030579008
-0.0421861,0.013617239
-0.030100083,0.02459564
-0.018986236,0.034245983
-0.011452961,0.040210895
-0.009800523,0.040466733
-0.014366284,0.03480638
-0.02289383,0.024950784
-0.032628078,0.013386602
-0.040918477,0.0021926458
-0.044599283,-0.0069001224
-0.041148882,-0.012392891
-0.03126089,-0.013409471
-0.018448878,-0.010315327
-0.006186501,-0.004636796
0.0036094186,0.0015702577
0.010586384,0.0068068327
0.013979784,0.010015841
0.01376864,0.010618337
0.011237538,0.008741206
0.00790417,0.005055801
0.0048855357,0.00053984334
0.0026526614,-0.0038992425
0.0010993618,-0.007634557
-3.318985e-05,-0.010268123
-0.0008964472,-0.0116739245
-0.0014072529,-0.011973516
-0.0011823644,-0.0114499
0.00023797165,-0.010324598
0.0030991095,-0.008722083
0.007192031,-0.0066910866
0.011788764,-0.0042661554
0.015647937,-0.0015003314
0.017336212,0.0014616974
0.015766768,0.004313985
0.0109256795,0.0065938174
0.0040167947,0.007927746
-0.0030280983,0.008302667
-0.008141257,0.007945768
-0.0093584955,0.0071433717
-0.00567711,0.006397716
0.00225331,0.006432301
0.012848722,0.0076226294
0.023989296,0.009688707
0.032695293,0.012258644
0.03601912,0.014837025
0.03269074,0.01663374
0.024170242,0.01668642
0.013671844,0.014496243
0.004339068,0.0104006855
-0.0017008227,0.005305847
-0.0035932723,0.00030405883
-0.0017726987,-0.0035951093
0.002116376,-0.005563006
0.005725348,-0.0051503526
0.0067991596,-0.0024190783
0.0040906784,0.00192284
-0.002065843,0.006821148
-0.010192302,0.011440184
-0.017855566,0.014902325
-0.022187933,0.016208945
-0.021093315,0.014856011
-0.014441327,0.011474404
-0.00410736,0.0074856235
0.007189808,0.0040073167
0.017188236,0.0012230969
0.02316107,-0.00033489586
0.023262389,1.8409779e-05
0.017927395,0.0020944865
0.009503761,0.005036911
0.0008353874,0.008138717
-0.005789099,0.010986083
-0.008667311,0.012770717
-0.0072238636,0.012671792
-0.0024807914,0.010477038
0.003630952,0.0065486473
0.009187984,0.0012978936
0.0126018105,-0.0047640707
0.0129969,-0.010604753
0.010689939,-0.01498574
0.006945499,-0.016945673
0.0033272335,-0.016045108
0.0010966717,-0.012506086
0.00074982253,-0.007109627
0.0019873648,-0.0011033848
0.004068029,0.004186761
0.00597962,0.007514584
0.0066877007,0.0079059005
0.005711882,0.0052088397
0.003456474,9.531115e-05
0.000708659,-0.006238783
-0.0018872471,-0.012425749
-0.0035580273,-0.016924238
-0.003756692,-0.01855734
-0.002606697,-0.016968692
-0.00074924453,-0.012746543
0.0010543874,-0.007141714
0.002323755,-0.0015838967
0.0030507718,0.0027512468
0.003466182,0.0051670787
0.003939981,0.0054150242
0.0048452294,0.0039209747
0.006345335,0.0015204736
0.008216848,-0.0008926088
0.009909099,-0.0026146024
0.010762899,-0.0032813416
0.010290655,-0.0029758248
0.008422115,-0.0021414403
0.005592394,-0.0013413979
0.0025998517,-0.0009745671
0.00032301276,-0.0011067372
-0.00058322586,-0.0014653709
0.00012132981,-0.0015817675
0.0021505612,-0.000980728
0.004780048,0.0005881272
0.0070927828,0.0030136956
0.008235561,0.0057933875
0.0077144094,0.008118135
0.0055943765,0.009129415
0.0024767513,0.008226983
-0.000740149,0.0053315344
-0.0032324835,0.00095480966
-0.004598,-0.00401425
-0.004799569,-0.008556634
-0.004106702,-0.011605263
-0.0030268496,-0.012425416
-0.0021093371,-0.010908459
-0.0016848263,-0.007616817
-0.0017283489,-0.0035520275
-0.0018816964,0.00020632891
-0.0016507818,0.0028345878
-0.0006793294,0.0038489115
0.0010489755,0.0032454333
0.0031813441,0.001542093
0.0051001697,-0.00050642155
0.006102592,-0.0021276802
0.0056810607,-0.0027289805
0.0037693162,-0.0021360414
0.0008110191,-0.0006423828
-0.0024021848,0.0011812819
-0.005006373,0.002743368
-0.0062121265,0.0034648585
-0.0056663514,0.0030375991
-0.003592908,0.0016149174
-0.0006981142,-0.00030847877
0.0021127646,-0.0021414496
0.004034512,-0.0033338547
0.004525192,-0.0034386346
0.003569132,-0.0023704483
0.0016460903,-0.0004442707
-0.0004663669,0.0018108726
-0.0020002222,0.0038420572
-0.002391022,0.005105284
-0.0014986881,0.0052545774
0.00035250705,0.004306234
0.0025395334,0.002567518
0.0043626996,0.0004963709
0.005252087,-0.0014079207
0.0049514794,-0.0027011065
0.0036176662,-0.0031357282
0.0017294139,-0.0027235444
-0.00011387264,-0.0016856369
-0.0013969201,-0.0003559815
-0.0018321396,0.00092407945
-0.0014215324,0.0018748974
-0.00044289252,0.002347281
0.00068468787,0.0023560028
0.0015662025,0.0020416626
0.0019557662,0.0016127793
0.0018264595,0.0012706203
0.0013509067,0.0011548478
0.00081173424,0.0013093826
0.0004796566,0.0016831113
0.00051449967,0.0021551037
0.0009136307,0.0025778182
0.0015258517,0.002824584
0.0021186771,0.002821718
0.0024694465,0.0025631902
0.002446644,0.0021040796
0.0020509087,0.0015362652
0.001402893,0.00095803326
0.00068751944,0.00044787282
8.2902494e-05,5.0373466e-05
-0.0002988269,-0.0002271736
-0.0004360186,-0.00040821946
-0.00039257098,-0.00052857434
-0.0002815176,-0.0006216662
-0.00021399876,-0.00070766575
-0.00025694343,-0.00078858563
-0.0004141479,-0.00085109624
-0.00063290657,-0.0008752699
-0.0008325368,-0.00084373285
-0.0009398778,-0.0007499042
-0.00091741874,-0.00060034887
-0.0007746672,-0.0004139323
-0.00055986276,-0.00021598896
-0.00033764457,-3.19036e-05
-0.00016369131,0.00011874212
-6.663929e-05,0.00022532209
-4.2236465e-05,0.0002866663
-6.1443316e-05,0.00030830994
-8.615044e-05,0.00029912757
-8.629633e-05,0.00026842757
-5.0271316e-05,0.0002235005
1.3383037e-05,0.00016941455
8.277085e-05,0.00010980147
0.00013398366,4.8263584e-05
0.00015120844,-1.061614e-05
0.00013366141,-6.121754e-05
9.168574e-05,-9.815213e-05
4.1748408e-05,-0.00011743756
-3.1939177e-07,-0.00011822114
-2.5681338e-05,-0.000103195365
-3.265835e-05,-7.796193e-05
-2.6893977e-05,-4.9547518e-05
-1.6489003e-05,-2.4395293e-05
-7.830582e-06,-6.7042124e-06
-3.8785365e-06,2.3193886e-06
-3.4834934e-06,4.3145124e-06
-3.35613e-06,2.4751946e-06
-2.244023e-06,2.6486052e-07
-8.88436e-07,-5.5362744e-07
-8.0361207e-07,-2.9578294e-07
-8.7736134e-07,-2.342635e-06
-2.6287262e-07,-5.138997e-06
2.4810752e-06,-9.39608e-06
8.69219e-06,-1.3800475e-05
1.8795876e-05,-1.7094932e-05
3.2188767e-05,-1.7117256e-05
4.852545e-05,-1.2274282e-05
6.752397e-05,-1.5680178e-06
9.01917e-05,1.5385534e-05
0.00011775965,3.826899e-05
0.00015045905,6.579908e-05
0.00018630014,9.54812e-05
0.00022079545,0.00012301317
0.00024870562,0.0001440333
0.00026670238,0.00015466791
0.00027626316,0.0001534161
0.00028478968,0.0001422753
0.0003035618,0.00012634693
0.00034288722,0.00011192375
0.00040500422,0.000103377926
0.00047820644,9.978042e-05
0.0005354781,9.2813425e-05
0.00053963147,6.867462e-05
0.00045468778,1.31080105e-05
0.00026080848,-8.090468e-05
-3.30162e-05,-0.00020583333
-0.00038489632,-0.00033645506
-0.00072388665,-0.00043312885
-0.00096738886,-0.00045269748
-0.0010466699,-0.00036480767
-0.00093209004,-0.00016707164
-0.00064915896,0.00010656454
-0.00027872628,0.0003893184
6.0901053e-05,0.0005978593
0.0002439256,0.00065740023
0.00017217705,0.00052854617
-0.00019172301,0.00022664866
-0.0008104414,-0.00017801268
-0.001578466,-0.00057964394
-0.0023431804,-0.00087019143
-0.002943062,-0.0009805079
-0.0032527752,-0.0009107627
-0.003217126,-0.00073912216
-0.0028643243,-0.00060050754
-0.0022948761,-0.0006420396
-0.0016503967,-0.0009686802
-0.0010730267,-0.0015979311
-0.00066699815,-0.0024396891
-0.00047320197,-0.0033070701
-0.0004613273,-0.0039642323
-0.0005442781,-0.00420024
-0.000612999,-0.0039026246
-0.0005782159,-0.0031020194
-0.00040391233,-0.001970891
-0.00012348234,-0.0007750916
0.00017270229,0.00020501557
0.0003656048,0.00076016906
0.00034255278,0.0008029928
5.2870342e-05,0.00040138818
-0.00045552445,-0.00024767054
-0.0010393788,-0.0008928775
-0.001478725,-0.0013070334
-0.001535634,-0.0013605783
-0.0010368917,-0.0010621356
5.277398e-05,-0.00054172205
0.0016051427,7.318615e-06
0.0033495177,0.00041027257
0.0048972983,0.0005773626
0.0058512543,0.0005525222
0.00593642,0.00049242144
0.0050967666,0.00059879886
0.0035277451,0.0010290368
0.0016263747,0.0018258472
-0.00012846953,0.0028962088
-0.0013143228,0.0040114946
-0.0016721493,0.004853672
-0.001210109,0.0051343734
-0.00020124091,0.004720022
0.0009117145,0.003686024
0.0016687263,0.0022993956
0.0017468854,0.0009473061
0.0010704183,2.8996397e-05
-0.00016102483,-0.0001686069
-0.0015544723,0.0004340006
-0.0026529573,0.001685764
-0.0030992837,0.0032221114
-0.0027800836,0.004564519
-0.001867063,0.005281675
-0.00073567475,0.005119163
0.00019565248,0.004078912
0.00064831524,0.0024130598
0.00060468056,0.0005370897
0.00031509527,-0.0011110633
0.00018748468,-0.0021993713
0.0006179783,-0.0025827086
0.0017688214,-0.0023760996
0.0034266622,-0.0019009716
0.005020982,-0.0015593624
0.0057670283,-0.0016847512
0.00495744,-0.0024036914
0.0023069358,-0.0035707245
-0.0018799066,-0.0047993218
-0.006816617,-0.0055069327
-0.011277076,-0.0050544464
-0.013885436,-0.003040365
-0.013720131,0.0005230585
-0.010779267,0.0052187736
-0.005925025,0.010361317
-0.0004339337,0.015080431
0.004218395,0.018350895
0.0066098627,0.019308014
0.0060869693,0.01762468
0.003207194,0.013649959
-0.0005775462,0.008294688
-0.0036589392,0.002762117
-0.0048456686,-0.0017879212
-0.0035029952,-0.0044375886
6.6407985e-05,-0.0046317438
0.0046144254,-0.0024769355
0.008591782,0.0013500919
0.010589142,0.0058099264
0.009768984,0.009655639
0.0063860095,0.011715422
0.001775463,0.011273971
-0.0022352433,0.0083067445
-0.0040961406,0.0034660434
-0.0031707645,-0.0021275294
-2.2143802e-05,-0.0072986395
0.0038876883,-0.011007728
0.0065099266,-0.012360486
0.005954055,-0.011000532
0.0014278353,-0.0074658403
-0.0063317097,-0.0029845622
-0.015609614,0.0015420303
-0.023713902,0.005310602
-0.02746163,0.007096763
-0.024769356,0.0061480626
-0.01607571,0.0030999149
-0.0039649163,-0.00054740824
0.008429543,-0.0039136745
0.018849902,-0.006666341
0.024296517,-0.007724667
0.023404576,-0.006215189
0.017516451,-0.0027320422
0.009697917,0.0015083937
0.0031217004,0.005600495
4.5442404e-05,0.0090859765
0.0014605768,0.011322011
0.006574551,0.012062774
0.013080562,0.011533386
0.01805398,0.010259262
0.018890845,0.008922329
0.0145901535,0.008103326
0.0064523825,0.007895221
-0.0027811138,0.008114377
-0.010357131,0.008456503
-0.013672938,0.008101876
-0.011379699,0.0061834985
-0.004645115,0.0027241646
0.0035987636,-0.0016394147
0.010364998,-0.0066063707
0.012595751,-0.011066676
0.0086256955,-0.0132128745
-0.00045519788,-0.012124862
-0.0118408585,-0.007906978
-0.022281732,-0.00054816215
-0.02797589,0.009074348
-0.026255246,0.018541368
-0.017609527,0.025245473
-0.0052664327,0.027802771
0.0067888624,0.025677303
0.014635788,0.018956043
0.015539731,0.0088977385
0.009491235,-0.002314693
-0.001292465,-0.012743284
-0.01453754,-0.020539576
-0.026475342,-0.0235025
-0.03251101,-0.020854576
-0.030715477,-0.0136281205
-0.023354368,-0.00393357
-0.0142851835,0.0060243024
-0.0063777957,0.014387606
-0.0014595884,0.019442432
-0.0007344966,0.019813083
-0.0034798356,0.015401856
-0.0071842195,0.0074618417
-0.009333372,-0.0021336498
-0.00828619,-0.011675976
-0.0034346795,-0.01954315
0.004188767,-0.02425385
0.012097196,-0.024806758
0.017329741,-0.020986954
0.01761739,-0.013566912
0.01265699,-0.0043863202
0.0043314444,0.0044496357
-0.0044466495,0.011977983
-0.011127316,0.017469222
-0.013151754,0.019586291
-0.009693308,0.017778406
-0.0022664764,0.013106277
0.0062470525,0.007124152
0.012944458,0.0008180027
0.01510467,-0.0048541753
0.011344089,-0.008539208
0.0028072447,-0.009694441
-0.007877959,-0.008647451
-0.017882833,-0.0056588114
-0.023995297,-0.001378851
-0.02388559,0.0028221852
-0.017721519,0.0058080484
-0.007955449,0.0072564855
0.0023793457,0.007258047
0.010806583,0.005833344
0.01494658,0.0031837272
0.013444068,-3.356378e-05
0.006985922,-0.003287571
-0.0025036565,-0.006437519
-0.013449373,-0.009320524
-0.024107734,-0.011636401
-0.032443825,-0.013322213
-0.036684237,-0.014415253
-0.03581978,-0.014936828
-0.029847128,-0.014809721
-0.019614112,-0.013926312
-0.0063445587,-0.012511159
0.008885036,-0.0114596095
0.025770966,-0.01192643
0.042836644,-0.014738487
0.056731794,-0.019953486
0.06257962,-0.025613772
0.056815233,-0.02843784
0.041355934,-0.027738811
0.021319795,-0.025198163
0.0008294091,-0.021192718
-0.017502012,-0.014761498
-0.030791534,-0.0051045395
-0.035090793,0.006292728
-0.029310752,0.016422527
-0.016563393,0.023432592
-0.0012074834,0.02692213
0.012878993,0.026704906
0.021891288,0.022908887
0.023159157,0.01689329
0.017291022,0.010655357
0.0076127346,0.005562997
-0.002199248,0.0022229888
-0.009548896,0.0007836031
-0.01213239,0.0004418598
-0.009429078,-0.0001006877
-0.003409535,-0.0017334094
0.0029036375,-0.004616585
0.0068650334,-0.008546867
0.0063526393,-0.012224158
0.0011936544,-0.01393974
-0.0068250867,-0.012514022
-0.014836788,-0.007568054
-0.019751115,0.00054761325
-0.019041767,0.010164341
-0.012143277,0.018891627
-0.0005930617,0.024563294
0.012852711,0.025693258
0.024644742,0.021617949
0.031166418,0.013240935
0.03050052,0.0030242559
0.023465095,-0.0062319683
0.0126092015,-0.012454041
0.0007721748,-0.014486827
-0.009546162,-0.011951071
-0.016266583,-0.0054315827
-0.018424848,0.0034006236
-0.0166139,0.012372563
-0.01248708,0.01954081
-0.008097598,0.023494788
-0.005322604,0.02366398
-0.005185704,0.02048358
-0.0075731627,0.015205959
-0.011607501,0.009374414
-0.016196644,0.0043744887
-0.020174652,0.0012657315
-0.022532161,0.0007428865
-0.022896187,0.0029767554
-0.02172095,0.0075976774
-0.019956805,0.013809282
-0.01860343,0.020484649
-0.018510971,0.026181677
-0.020303136,0.029274806
-0.02417287,0.02841586
-0.029671421,0.023148779
-0.03578403,0.014157481
-0.041153852,0.0029621087
-0.043944657,-0.008427394
-0.04177146,-0.017591402
-0.032906037,-0.022043083
-0.018256774,-0.020410096
-0.00094416057,-0.013545383
0.016689273,-0.004387109
0.034223914,0.004600313
0.048013546,0.010745913
0.051499356,0.011995195
0.041295286,0.007759694
0.02227948,-0.0012114377
0.0004647276,-0.012779526
-0.023811724,-0.024000578
-0.050055776,-0.030596063
-0.07105966,-0.02865925
-0.07505492,-0.019055858
-0.062111262,-0.0070005776
-0.044202797,0.004879275
-0.027281228,0.014118128
-0.013775209,0.017762555
-0.0056585865,0.014125617
-0.0042498363,0.0040608956
-0.008670014,-0.009524592
-0.017258786,-0.023387067
-0.026946917,-0.033375252
-0.03222734,-0.035693564
-0.029225044,-0.029513653
-0.019409116,-0.017678425
-0.007011095,-0.0041350047
0.0052195513,0.007994484
0.016704794,0.017140808
0.02453948,0.021789772
0.02628827,0.02255009
0.022505114,0.021984907
0.015654381,0.022927875
0.008266862,0.02725635
0.0020452365,0.035668574
-0.0020600483,0.04685003
-0.004177405,0.05707246
-0.0056839096,0.06096131
-0.008353824,0.054428123
-0.011852325,0.038797352
-0.01459037,0.018972456
-0.016205495,-0.00040192687
-0.017100416,-0.016425489
-0.015891867,-0.025495574
-0.011301233,-0.023993555
-0.004828734,-0.012746291
0.00042697895,0.0036737213
0.0041332315,0.021536617
0.006355576,0.036969896
0.0055805943,0.044319954
0.0016446287,0.03989037
-0.0022974913,0.025850002
-0.0029734797,0.007879806
9.2199676e-05,-0.009150941
0.0061341478,-0.023416985
0.014359677,-0.03163688
0.02255059,-0.03152693
0.027605124,-0.023839641
0.027247176,-0.0123797655
0.021357419,-0.0013698874
0.011918173,0.0061619226
0.0019915572,0.0093044145
-0.005404334,0.008777035
-0.007934451,0.006103668
-0.0043946803,0.0034443513
0.0041601956,0.0028949487
0.015527128,0.005168669
0.027050445,0.00982609
0.03537857,0.015699632
0.037369423,0.020961374
0.032147024,0.023523629
0.022152392,0.021855704
0.01158243,0.01600318
0.0037535687,0.0073086875
0.00030864516,-0.0023026695
0.0010282961,-0.011428147
0.004883658,-0.01908487
0.009789299,-0.02389757
0.013083091,-0.025035294
0.012790787,-0.02232127
0.008422993,-0.01643244
0.0011546055,-0.008521641
-0.0067867767,0.0006013477
-0.013248266,0.011264746
-0.015996914,0.023250991
-0.013709414,0.03536935
-0.0068637836,0.046164125
0.0026743163,0.054199822
0.012104366,0.05799869
0.018311035,0.056548886
0.019404622,0.050045088
0.016027315,0.0400508
0.01042353,0.028573735
0.004633585,0.0173156
-1.7162045e-05,0.0076341503
-0.0028616977,0.00042674065
-0.0037606754,-0.003948401
-0.0027496286,-0.005525765
-0.0004008378,-0.0045942203
0.0026682606,-0.0018689308
0.0061768866,0.0019058037
0.010197813,0.0060018
0.014805284,0.009756425
0.019835459,0.012523033
0.024632003,0.013732606
0.028020896,0.0129831275
0.02867784,0.010240297
0.025671344,0.0058016335
0.019124806,0.00035825523
0.010156745,-0.005209766
0.0003416974,-0.009951372
-0.008878734,-0.012927425
-0.015521783,-0.013286835
-0.017730214,-0.010991588
-0.015215137,-0.006902186
-0.009413337,-0.0023402774
-0.0025349532,0.0013072244
0.003419515,0.0029243222
0.006878766,0.0019132878
0.0068732193,-0.001396767
0.003909787,-0.005738919
-0.00048089877,-0.009474809
-0.0043976083,-0.010862077
-0.005917749,-0.008657523
-0.0041164705,-0.0027326492
0.00047635968,0.005965284
0.0069591915,0.016222652
0.013908645,0.026148122
0.0189475,0.03366335
0.019946577,0.037202436
0.016464947,0.036379445
0.01011684,0.03211451
0.0033986298,0.026014507
-0.0016465482,0.019493872
-0.003805934,0.01328255
-0.0028156918,0.007381813
0.0006492554,0.0012369256
0.0052179005,-0.0061173574
0.009511001,-0.016041383
0.011928619,-0.02891681
0.011380157,-0.04429984
0.007359762,-0.060669567
0.00025486387,-0.07521423
-0.007871802,-0.083496206
-0.013235959,-0.081155375
-0.014405972,-0.069086514
-0.014043862,-0.052697495
-0.013963999,-0.036087252
-0.014361369,-0.021630563
-0.015004936,-0.01071052
-0.015686002,-0.0041603283
-0.016135689,-0.0019823257
-0.016027214,-0.0032202562
-0.0150830755,-0.0059980145
-0.013101094,-0.008130286
-0.010023676,-0.007733128
-0.0059950156,-0.0038145175
-0.0012440082,0.003359736
0.004482258,0.012851941
0.011841111,0.023200959
0.020852305,0.03203051
0.030669592,0.036917802
0.03934326,0.036102496
0.04447996,0.029420584
0.04471424,0.018508786
0.03994038,0.005849183
0.030869568,-0.006167839
0.018726196,-0.015682958
0.0050462205,-0.02142904
-0.008113893,-0.022568775
-0.018078338,-0.018962748
-0.022377558,-0.011767128
-0.02030122,-0.0032018488
-0.013281644,0.004451821
-0.003876918,0.00948357
0.005333174,0.010802091
0.011797937,0.007971819
0.013635212,0.0018661681
0.0109588755,-0.005507094
0.005616995,-0.011918181
0.00023009111,-0.015208515
-0.002238303,-0.013746823
0.00020643196,-0.0073024184
0.00743547,0.002836862
0.018742742,0.015149738
0.032456093,0.027382452
0.044547785,0.0367538
0.04888872,0.04078703
0.041780107,0.03848434
0.027056394,0.030905096
0.01112676,0.020349152
-0.0022952785,0.009359361
-0.01184495,-0.00016879235
-0.016445404,-0.0077713514
-0.015363392,-0.012921713
-0.010488428,-0.015715672
-0.005125252,-0.016614914
-0.0021038628,-0.016227752
-0.0031372807,-0.014782484
-0.008102187,-0.012174259
-0.015051517,-0.008043456
-0.020788226,-0.002073165
-0.02186493,0.0053273696
-0.016079007,0.012837361
-0.00376617,0.018898886
0.013254729,0.02212237
0.032451272,0.020616308
0.049325593,0.012961583
0.058060788,0.00028729506
0.055226173,-0.013298553
0.043097604,-0.023750288
0.026839335,-0.02915392
0.010946469,-0.028579298
-0.0009948881,-0.021863066
-0.0065479847,-0.010398794
-0.0053225295,0.0030132357
0.0015574315,0.015664319
0.012030239,0.024328379
0.021921696,0.026237037
0.026428517,0.02110076
0.023413172,0.011396982
0.013905778,0.0007403931
0.00034623334,-0.007841106
-0.015905496,-0.012357523
-0.032627523,-0.010878928
-0.045830086,-0.0035058686
-0.052092392,0.00679745
-0.0504364,0.015767189
-0.042549793,0.020061348
-0.031752188,0.01887742
-0.021107454,0.013458437
-0.012869845,0.0059517515
-0.008431429,-0.0013466118
-0.008384673,-0.0064058937
-0.012177882,-0.0075199706
-0.018277213,-0.0042116814
-0.024326488,0.0024233898
-0.027641105,0.010090714
-0.02577318,0.015721919
-0.017710324,0.016766245
-0.0044624177,0.012939308
0.012003735,0.00581098
0.030267444,-0.004168003
0.04722469,-0.016448049
0.05800265,-0.027899569
0.057808645,-0.03320432
0.04647878,-0.0305047
0.029087454,-0.024642874
0.010859231,-0.01971399
-0.0045344657,-0.01657942
-0.01449268,-0.014841615
-0.016244799,-0.014234508
-0.009273194,-0.013964014
0.003467581,-0.01263456
0.01820075,-0.009612858
0.031234145,-0.0044440767
0.038211033,0.0030575886
0.035890654,0.011776027
0.025047144,0.0189028
0.0100098485,0.021834202
-0.0044399933,0.019644538
-0.014581226,0.012469726
-0.0177062,0.0012097951
-0.013362393,-0.011984907
-0.0037098553,-0.025039744
0.008066137,-0.036278386
0.01830703,-0.043403413
0.023425449,-0.04356371
0.021540042,-0.036232244
0.0137837855,-0.024819855
0.0035437571,-0.013213177
-0.005449824,-0.0032527847
-0.010455618,0.0047699786
-0.009698333,0.009955836
-0.003376406,0.011420281
0.0060558384,0.0096601015
0.015725711,0.005292
0.022644442,-0.001135603
0.024393534,-0.008503322
0.020589095,-0.015618223
0.013022052,-0.021752818
0.0042918706,-0.026632134
-0.0032202338,-0.03002279
-0.007678787,-0.03173685
-0.008473787,-0.031878546
-0.0066164625,-0.03090452
-0.0040679984,-0.029483328
-0.0026255744,-0.028125113
-0.0032259843,-0.027066
-0.005619034,-0.026239602
-0.008517258,-0.02533596
-0.010219472,-0.023787534
-0.009428081,-0.020988757
-0.0060860426,-0.016636277
-0.0016204712,-0.0108231185
0.0016948741,-0.004106801
0.0017125808,0.0025820367
-0.002948807,0.008375538
-0.012561943,0.012500877
-0.025782488,0.014427864
-0.039701786,0.013859393
-0.050070863,0.010436126
-0.05217413,0.0039611217
-0.043903835,-0.0041318214
-0.028196674,-0.010821561
-0.010381589,-0.014323658
0.0052407198,-0.015045212
0.015934609,-0.013373964
0.018956052,-0.0089624645
0.01384248,-0.0025605492
0.0036022014,0.0040620053
-0.0076731015,0.010269557
-0.016614484,0.016111398
-0.019801117,0.02055895
-0.016049257,0.022722218
-0.0074273823,0.022996211
0.002337531,0.022254055
0.009414396,0.020859523
0.010499812,0.018876785
0.004225306,0.016552735
-0.0077753835,0.0141721275
-0.022854744,0.012389642
-0.037648015,0.011532257
-0.04751474,0.011185424
-0.048242584,0.0103529245
-0.039904542,0.009283503
-0.026871491,0.0093898475
-0.01399062,0.011351696
-0.0044871955,0.014844625
-7.816283e-05,0.019225659
-0.0013083307,0.023704212
-0.006838456,0.027322387
-0.013697879,0.02895083
-0.018482696,0.02736355
-0.018440576,0.021694768
-0.012783491,0.01250216
-0.0031257605,0.0016435613
0.007441958,-0.009580192
0.016636921,-0.021087496
0.021091089,-0.030377137
0.019119078,-0.034128163
0.011536475,-0.031189566
0.0010168547,-0.023125328
-0.009559954,-0.012205099
-0.017777966,0.00014458796
-0.021606544,0.012704547
-0.019984443,0.022992013
-0.014032061,0.028783223
-0.00630755,0.029289614
0.00046188978,0.025205366
0.0043134294,0.018024448
0.0044223755,0.009524311
0.0011758563,0.0014520162
-0.0043813568,-0.004860764
-0.010851799,-0.008378312
-0.016341925,-0.008400075
-0.019284543,-0.0050047147
-0.019235762,0.0010352383
-0.016725104,0.008546943
-0.012733153,0.016149482
-0.008299289,0.022339351
-0.0045153406,0.025403826
-0.0022721246,0.023872063
-0.0019227052,0.01715807
-0.003004862,0.005939219
-0.004999479,-0.008377777
-0.007900059,-0.025053576
-0.01139479,-0.042060263
-0.014094225,-0.055822432
-0.013430357,-0.061603878
-0.0077036223,-0.056168072
0.0010006422,-0.041196395
0.009482434,-0.021351662
0.0169631,-0.0007526588
0.024546344,0.018844869
0.030975377,0.035240542
0.032840677,0.04443417
0.027444031,0.04385696
0.017157475,0.034994815
0.0061640404,0.021964544
-0.0031885756,0.008807135
-0.010537908,-0.0016957262
-0.01543629,-0.008387926
-0.016782997,-0.010596999
-0.014917727,-0.009295518
-0.011403358,-0.0065819034
-0.0077350186,-0.0046947566
-0.004935217,-0.0052837217
-0.0033201824,-0.008876608
-0.002382218,-0.014663232
-0.000948407,-0.020657055
0.002354407,-0.024399916
0.008365618,-0.023838788
0.016649703,-0.018424207
0.02584,-0.009292271
0.03413655,0.0014323405
0.038810167,0.011163651
0.036597937,0.017033087
0.0264634,0.0167826
0.011467999,0.010084911
-0.004022898,-0.0010900735
-0.018842706,-0.014326432
-0.0317263,-0.027901532
-0.038499396,-0.039082702
-0.035811197,-0.045574993
-0.02511433,-0.04630303
-0.011756718,-0.042334247
-0.0006218244,-0.0358174
0.005537065,-0.028562773
0.0055546323,-0.021529853
0.00017193558,-0.015226574
-0.0082649775,-0.009746591
-0.016894843,-0.0043452317
-0.022614438,0.0014788588
-0.022787904,0.007157341
-0.016840674,0.0115099
-0.006465116,0.013591937
0.0056580137,0.012909402
0.016880235,0.00904806
0.02447944,0.0021400312
0.026499674,-0.006262282
0.023012133,-0.013828603
0.015840188,-0.018616997
0.0075573013,-0.019601244
0.00065916387,-0.016784355
-0.0031267854,-0.011163504
-0.0032935932,-0.0044613252
-0.00053745357,0.0014603322
0.003841986,0.0052761966
0.00814355,0.006223432
0.010711041,0.0045685656
0.010718983,0.0015223848
0.008438727,-0.0014535036
0.0048618587,-0.0032366551
0.0013226877,-0.0034631772
-0.0009980121,-0.0026632021
-0.0013941724,-0.002015512
0.00013294135,-0.0029022745
0.002984735,-0.006374766
0.0060977307,-0.012728085
0.008271458,-0.021225614
0.008535805,-0.030049063
0.0065724445,-0.036665265
0.002877731,-0.03873809
-0.0015357889,-0.035433028
-0.005768194,-0.027992614
-0.009288417,-0.018872516
-0.011788233,-0.010562742
-0.013130975,-0.0050168675
-0.013445293,-0.003466596
-0.013167239,-0.006039747
-0.012903067,-0.011568524
-0.013200835,-0.018025132
-0.014313598,-0.022996785
-0.016113013,-0.024321841
-0.018317955,-0.021027511
-0.020813005,-0.013787441
-0.023588361,-0.0043104473
-0.026422553,0.0055909236
-0.028818458,0.014203395
-0.030262146,0.019943614
-0.030367795,0.021900756
-0.028892366,0.020313669
-0.025738146,0.016370103
-0.020983296,0.011499057
-0.0149056455,0.006781932
-0.007981073,0.00275774
-0.0008448563,-0.00045068914
0.0058145495,-0.00307638
0.011518689,-0.005028318
0.015178116,-0.0057873344
0.016038997,-0.0045641907
0.013721489,-0.0008594703
0.008521208,0.0052399347
0.00135339,0.013205281
-0.0066254535,0.022303991
-0.013842626,0.03082709
-0.018350981,0.035945732
-0.018453352,0.03502231
-0.013303431,0.027644977
-0.0034390532,0.016318742
0.009530856,0.0041344063
0.024115134,-0.00810898
0.038010895,-0.01978395
0.047567725,-0.028097216
0.049274273,-0.029989775
0.04210264,-0.02562196
0.028584605,-0.019176621
0.012606445,-0.014366865
-0.002501643,-0.012177434
-0.014670619,-0.011767974
-0.021621209,-0.011843103
-0.021406565,-0.01078447
-0.014837469,-0.006795673
-0.0052127596,0.0009864285
0.0041896426,0.012200702
0.011575119,0.025918666
0.014669386,0.039537083
0.011347738,0.049256783
0.0016330426,0.051352125
-0.0110804485,0.04469043
-0.022060819,0.031483646
-0.028037038,0.01578692
-0.027538016,0.0014934676
-0.020579822,-0.0077782874
-0.009032945,-0.009697845
0.0035457003,-0.0042198296
0.014530063,0.0062917517
0.022723049,0.01923894
0.026290694,0.031002194
0.024055656,0.037478752
0.017188542,0.03593756
0.009484455,0.026923852
0.00472321,0.013717317
0.0043081744,0.00024114073
0.0075988444,-0.0109624425
0.013260504,-0.018422203
0.01919144,-0.020469937
0.022456339,-0.017447045
0.020729488,-0.011498697
0.013407617,-0.0056977984
0.0018252687,-0.002574368
-0.011592832,-0.0028669366
-0.025124341,-0.0058045094
-0.035211816,-0.010086482
-0.038083658,-0.0139286965
-0.0319491,-0.01532469
-0.018960577,-0.012827766
-0.0034195648,-0.006507314
0.011360586,0.0016675831
0.024124354,0.010137123
0.031436045,0.016924687
0.030319167,0.02043184
0.021260368,0.019732088
0.008036024,0.0154022295
-0.0055763656,0.00914296
-0.01759278,0.0030143932
-0.02608491,-0.001857264
-0.028909216,-0.004675895
-0.025819387,-0.0053755497
-0.018988462,-0.0042557763
-0.011155403,-0.0021671979
-0.004667224,-6.169718e-06
-0.0008606446,0.0016160802
-0.00010638826,0.002653177
-0.0017509197,0.0035181546
-0.004289597,0.0047799507
-0.005725834,0.0068402425
-0.0045007668,0.009696365
0.0001778053,0.012848586
0.007991792,0.015384981
0.017626395,0.016157722
0.02676114,0.014134194
0.032598913,0.008993345
0.033058263,0.0014027759
0.027966635,-0.0072528813
0.018917521,-0.015568815
0.008146142,-0.022362752
-0.0020854357,-0.026570175
-0.009294283,-0.027397433
-0.011456149,-0.02498227
-0.008340006,-0.020464936
-0.0015580271,-0.015461597
0.0066446704,-0.011564856
0.01425824,-0.009973069
0.019350309,-0.011176279
0.020697042,-0.014843216
0.018627562,-0.019988274
0.014805631,-0.025363881
0.011369455,-0.029571395
0.010328799,-0.031290047
0.012838527,-0.029722128
0.018579,-0.024922919
0.025921991,-0.017663207
0.03254089,-0.008927929
0.035713892,0.00038853276
0.033129092,0.009357827
0.024345415,0.017030096
0.01126816,0.02302304
-0.0033379681,0.028056884
-0.017017141,0.033145837
-0.027023872,0.038369857
-0.030712143,0.042582374
-0.027174868,0.04439923
-0.018101629,0.043575436
-0.0065096244,0.040518574
0.0047267783,0.035276342
0.013395581,0.027786259
0.01823784,0.018645233
0.01928514,0.009253923
0.0176973,0.0013957208
0.015094567,-0.003229933
0.012975973,-0.0034130947
0.01231608,0.0010708815
0.013360367,0.009285434
0.015687963,0.019411115
0.01815745,0.028815951
0.019011023,0.034345962
0.016868943,0.033430878
0.012155927,0.025706748
0.006904878,0.013347809
0.0029642852,-0.0002780249
0.0008049104,-0.01231297
0.0006132346,-0.020267615
0.0027254282,-0.020927787
0.0060283565,-0.013741927
0.008435717,-0.0009863002
0.009042697,0.0142170675
0.0074269413,0.029058386
0.003325162,0.0395356
-0.0027587384,0.041501842
-0.008370945,0.03364457
-0.010297176,0.0188854
-0.006913408,0.001993637
0.000887601,-0.013520859
0.012187689,-0.026396839
0.025066653,-0.034163333
0.03632576,-0.034815498
0.041909497,-0.028386287
0.039212186,-0.01799403
0.028711945,-0.008551247
0.013763345,-0.0035707785
-0.0015938126,-0.0038413745
-0.014721405,-0.007852881
-0.023543658,-0.014000128
-0.024926348,-0.019874705
-0.018484497,-0.022762578
-0.007132886,-0.021000598
0.0048428583,-0.014870055
0.013906162,-0.005951315
0.017489415,0.0037145303
0.013896636,0.011809586
0.0037835222,0.016152823
-0.009978802,0.016083345
-0.024276687,0.012247741
-0.035769984,0.005666776
-0.040810045,-0.0024819942
-0.037154447,-0.010526003
-0.026127703,-0.016568143
-0.011807879,-0.01983484
0.0017794751,-0.021142289
0.011716285,-0.021579131
0.0155201,-0.021355823
0.011926864,-0.020324556
0.002145149,-0.01864036
-0.0113331685,-0.016401442
-0.026127445,-0.012919325
-0.039332617,-0.007661067
-0.04763461,-0.0016333475
-0.048773345,0.0026393498
-0.043059666,0.0028282886
-0.0330181,-0.0016624029
-0.021554464,-0.010216331
-0.010937177,-0.02209561
-0.002514369,-0.036284104
0.002749038,-0.049685966
0.004797921,-0.056815077
0.004684241,-0.052710366
0.002871164,-0.038133834
-0.00082828297,-0.018123234
-0.005671454,0.0028336733
-0.009912119,0.023884226
-0.012049328,0.043058522
-0.011523557,0.054432075
-0.008941439,0.05367502
-0.0041879443,0.04275832
0.0029423248,0.027825886
0.011706371,0.013696764
0.020679228,0.0023815227
0.028134147,-0.0051831147
0.032111555,-0.007884841
0.031323586,-0.0061488682
0.026061049,-0.0022102022
0.01808397,0.0013606022
0.009717698,0.0029389216
0.0031622022,0.0022694017
0.00011910009,0.00026921456
0.0014086163,-0.0015842167
0.0067484286,-0.001974644
0.014868153,-0.00017827745
0.02367866,0.003483765
0.030660365,0.007908886
0.033420198,0.011410773
0.030632319,0.012320376
0.023162538,0.009696634
0.013641312,0.004045258
0.0047253394,-0.002791203
-0.0021140731,-0.008501461
-0.0061242,-0.011004138
-0.0066712685,-0.008790802
-0.004591904,-0.002231218
-0.001521179,0.0067801257
0.0016291862,0.01584199
0.0041225087,0.02190462
0.0054695182,0.022263382
0.006186973,0.016273687
0.007589521,0.0058752717
0.010644411,-0.006017358
0.015174846,-0.017040694
0.020274801,-0.024225757
0.024409436,-0.025060814
0.02561959,-0.019543277
0.022607544,-0.0105779525
0.015538644,-0.0021923648
0.006063392,0.002288649
-0.0032133402,0.0012552943
-0.009838924,-0.005128461
-0.011683439,-0.01550016
-0.0072152135,-0.026966514
0.003527359,-0.03596365
0.01872365,-0.03949172
0.03517996,-0.035973996
0.048969686,-0.025806759
0.056276534,-0.011494327
0.05451528,0.0026552978
0.044217657,0.011584866
0.02961362,0.012037537
0.01594734,0.0043547084
0.006726259,-0.008456331
0.0022539769,-0.023578815
0.002108774,-0.03798369
0.0059672073,-0.047266617
0.012019852,-0.047593553
0.017134393,-0.03852375
0.018354565,-0.023570433
0.014985952,-0.007455651
0.0086721685,0.0064437543
0.0017362328,0.016855214
-0.0039621857,0.022808919
-0.006427822,0.02379096
-0.0046516326,0.021104237
0.00083124026,0.017176008
0.008325992,0.013993508
0.01574561,0.012398064
0.020796772,0.012268902
0.02158349,0.012871482
0.017584173,0.0130439205
0.010041793,0.011741173
0.0011565962,0.008733143
-0.007043988,0.004786068
-0.0131510915,0.0010984862
-0.015919356,-0.00092220964
-0.014858529,-2.6862013e-05
-0.010749301,0.0042543323
-0.0050996495,0.011416076
0.00090026465,0.020118523
0.0061807204,0.028201152
0.009304701,0.033095393
0.00903819,0.032776948
0.0053324304,0.02699172
-0.00058761507,0.017394833
-0.007344231,0.0066761887
-0.014261286,-0.0025661436
-0.020174922,-0.008226476
-0.022957804,-0.008481051
-0.020989634,-0.0033029255
-0.014422503,0.005504498
-0.0042059273,0.015314702
0.009169703,0.023203045
0.024338963,0.025748182
0.038148824,0.020543048
0.047315154,0.00789541
0.050320797,-0.009327808
0.04728542,-0.027033253
0.03916322,-0.04032021
0.028139582,-0.044246607
0.017251726,-0.03687075
0.008262835,-0.020982973
0.0011904343,-0.0012511135
-0.003839096,0.019878551
-0.0074189245,0.040286224
-0.010565034,0.05399475
-0.016077207,0.05518445
-0.02332989,0.044340298
-0.029799718,0.027670879
-0.033787884,0.011631506
-0.03410808,0.00061291916
-0.028856536,-0.0017518259
-0.01894466,0.0058619995
-0.007428348,0.021841321
0.0048500625,0.043761674
0.01777717,0.068108335
0.028113633,0.08858248
0.024516445,0.092598945
0.0038414493,0.07472065
-0.015300343,0.048090883
-0.027736412,0.021006608
-0.035114907,-0.0025058968
-0.03616444,-0.021600144
-0.02758286,-0.032481566
-0.0118192155,-0.033567693
0.004417834,-0.027544778
0.016835507,-0.018940182
0.022628624,-0.011308556
0.020000378,-0.0071580918
0.010192716,-0.007617713
-0.0026945476,-0.011925343
-0.015511806,-0.017748496
-0.02464971,-0.021958847
-0.02617628,-0.02212831
-0.019677902,-0.017550275
-0.008695033,-0.009430455
0.002725056,-0.00013745327
0.011722075,0.007927596
0.01570062,0.012994569
0.012556529,0.013591413
0.0040211766,0.010327143
-0.006316718,0.0049959873
-0.015729696,-0.00025929042
-0.021151384,-0.0039729644
-0.020073634,-0.0054134266
-0.012704227,-0.004911838
-0.0019496208,-0.0034367084
0.009290323,-0.0025985008
0.018777104,-0.003477612
0.02368495,-0.006039565
0.02257576,-0.008837668
0.016377583,-0.01024605
0.007260696,-0.009211826
-0.0023783846,-0.005560944
-0.010868513,0.00015375103
-0.016966678,0.00653067
-0.019960416,0.010763898
-0.020086192,0.010112762
-0.018304517,0.003597439
-0.015773209,-0.0076435423
-0.01357941,-0.021684067
-0.01230706,-0.035885315
-0.0117011275,-0.046169613
-0.010680225,-0.04832356
-0.008998981,-0.041336544
-0.007885927,-0.028509235
-0.008360676,-0.014406853
-0.010280317,-0.0025201298
-0.013066857,0.0052485936
-0.016169615,0.0078487
-0.018973585,0.005711664
-0.020846002,0.001367202
-0.02143462,-0.0019893653
-0.020806773,-0.001671282
-0.019473873,0.0036154555
-0.018349068,0.013312166
-0.017992806,0.025528401
-0.018497532,0.037349407
-0.019835435,0.04516368
-0.021718169,0.046016544
-0.023200529,0.039797854
-0.02312039,0.029578608
-0.021070534,0.019274808
-0.017489126,0.011741876
-0.0132253645,0.008287698
-0.009247152,0.0086267255
-0.0062899203,0.0110841505
-0.004561089,0.013290709
-0.0038134456,0.013045982
-0.003409204,0.009333726
-0.0025470832,0.0029403085
-0.00087738,-0.004005519
0.0012948336,-0.009216928
0.0030765818,-0.010411394
0.003130054,-0.0066606933
0.00015007504,0.00054145535
-0.006323237,0.008341848
-0.01583282,0.013901448
-0.026879508,0.0139598
-0.036888834,0.006515165
-0.042944092,-0.0076855333
-0.04290183,-0.02536322
-0.03563528,-0.041670263
-0.021320174,-0.050785482
-0.0030087172,-0.04786172
0.013278776,-0.033128485
0.02321394,-0.011702242
0.026744934,0.011177171
0.024954876,0.03225303
0.018236473,0.047165915
0.008050838,0.05118429
-0.0014842137,0.043604307
-0.006090805,0.029586408
-0.004882431,0.015655393
0.00014082258,0.006419649
0.0059688045,0.003984674
0.010067427,0.008502298
0.010438379,0.0185005
0.0064236526,0.030827193
-0.0010409115,0.041599594
-0.009669744,0.046788238
-0.016134242,0.04337881
-0.016961256,0.032090668
-0.010663869,0.017648986
0.0011912881,0.005162578
0.0156085715,-0.0031611617
0.03041844,-0.0072558103
0.04152827,-0.005740187
0.045086123,0.0011563518
0.03973796,0.010706695
0.027722804,0.019101707
0.012830379,0.023753487
-0.001409196,0.024023486
-0.012564912,0.02028244
-0.01919116,0.013559055
-0.021311644,0.005512881
-0.020419741,-0.0020502408
-0.018723851,-0.007916278
-0.018118115,-0.011566275
-0.019522525,-0.012959345
-0.02265318,-0.012376054
-0.026115557,-0.010338337
-0.027848152,-0.0075187157
-0.025900507,-0.0046874825
-0.019451724,-0.0024113983
-0.009213414,-0.001142212
0.0030605518,-0.0011965289
0.016141487,-0.0032871354
0.028324103,-0.0076924
0.037088357,-0.013764094
0.040811386,-0.019704008
0.039508827,-0.023729129
0.034648295,-0.02463333
0.028442625,-0.02235725
0.02282974,-0.017617917
0.019079259,-0.011625076
0.017720463,-0.0058046104
0.01846209,-0.0015079546
0.02032386,0.00025653618
0.021742992,-0.00076776766
0.02108833,-0.0038411096
0.017144743,-0.007456269
0.009490335,-0.009963261
-0.0014477405,-0.0102991825
-0.014915487,-0.008149285
-0.029783003,-0.0034375621
-0.043613646,0.0029598929
-0.05297197,0.008785848
-0.054284003,0.010968608
-0.04615967,0.008097647
-0.030774012,0.0022745465
-0.011817075,-0.0033955502
0.0074989027,-0.007715898
0.02628896,-0.010928014
0.042003557,-0.0118203405
0.05107611,-0.0090244785
0.051480073,-0.0028387045
0.044659954,0.0041345856
0.034444366,0.009262088
0.02467597,0.011547396
0.01788629,0.011579328
0.015179217,0.010763798
0.016347544,0.010666984
0.019934403,0.0124984
0.023826346,0.01667673
0.025764199,0.022606501
0.024137676,0.028687902
0.01867674,0.03272421
0.010794548,0.032696348
0.0031207711,0.027771156
-0.00163595,0.01884178
-0.0019627973,0.008233207
0.0019689517,-0.0014076113
0.008712562,-0.008526534
0.016424026,-0.012234117
0.022512697,-0.011793379
0.024617562,-0.0079792105
0.021741686,-0.002711247
0.014701018,0.001844161
0.0056305565,0.0043958263
-0.0029786495,0.005208793
-0.0092857545,0.0056173964
-0.011792471,0.0071948213
-0.009892157,0.011431278
-0.0042701815,0.019112827
0.0041827783,0.029912783
0.014837864,0.042143103
0.026830364,0.052748725
0.03817761,0.057671864
0.045710333,0.0537364
0.048320673,0.04167649
0.04813099,0.025326783
0.046420325,0.008433273
0.042508263,-0.006055666
0.03535515,-0.015506038
0.025077911,-0.018348001
0.013186951,-0.015478548
0.0018947198,-0.00964151
-0.0066634645,-0.0035575877
-0.010642518,0.00061229436
-0.008609813,0.0009492826
-0.0010820037,-0.0028041762
0.00974253,-0.00938855
0.020950427,-0.017471002
0.02879659,-0.024210319
0.029742608,-0.02585594
0.022732215,-0.020840822
0.010128974,-0.011411932
-0.0040091714,-0.00078246393
-0.016455878,0.010330822
-0.023671115,0.02064859
-0.022280006,0.02649992
-0.012703699,0.026134087
0.0015027793,0.021385903
0.01649089,0.014139106
0.02862241,0.0050306567
0.03389217,-0.0047679194
0.030128999,-0.013022641
0.01927159,-0.018643051
0.005389311,-0.022065409
-0.007975907,-0.023683326
-0.017687697,-0.0233039
-0.021098293,-0.021099435
-0.017919205,-0.017624967
-0.010641741,-0.013503005
-0.0025872332,-0.009287061
0.0037405698,-0.0054390677
0.007041916,-0.0022885134
0.007196297,1.376988e-05
0.0054998663,0.0015172688
0.004019253,0.0023997368
0.0044773277,0.0028447926
0.007572251,0.002907451
0.01263867,0.0024539388
0.017760579,0.0011714884
0.020356627,-0.001239445
0.0183244,-0.004813405
0.011259891,-0.009355609
0.00055550516,-0.014572872
-0.011909421,-0.019830517
-0.023623778,-0.023897005
-0.031090487,-0.025746534
-0.031560346,-0.025119819
-0.025265954,-0.022517076
-0.015142319,-0.018926485
-0.0044230563,-0.015653
0.004769327,-0.013957459
0.011337448,-0.0143559305
0.01493365,-0.016368417
0.016364388,-0.01871058
0.01718149,-0.019740839
0.018739607,-0.018016532
0.021492444,-0.012865416
0.024785707,-0.0047502937
0.027100049,0.0048602307
0.026454706,0.013801243
0.021226883,0.019602595
0.011519415,0.02035017
-0.00036758743,0.015770752
-0.011507461,0.0075153676
-0.019901894,-0.0021201316
-0.023540113,-0.010804553
-0.021004759,-0.016086405
-0.0134437205,-0.016431034
-0.0043496834,-0.012215111
0.0027870198,-0.0055412664
0.0058995904,0.00094221556
0.004245842,0.0050597265
-0.0012905597,0.005404363
-0.008056178,0.0021284313
-0.012960561,-0.0032640516
-0.013114558,-0.008457734
-0.0070030554,-0.010957876
0.0041497434,-0.009232864
0.017615637,-0.0037214095
0.030506315,0.0039920406
0.038669266,0.0114366505
0.037592128,0.015662262
0.026610663,0.014015549
0.0104481615,0.005873409
-0.0056079547,-0.0066495314
-0.02076051,-0.021156758
-0.032750305,-0.03453943
-0.036836106,-0.042552255
-0.030704716,-0.04189643
-0.019036837,-0.033058982
-0.008298583,-0.019682283
-0.0018222309,-0.0060423966
-0.00016508279,0.0043756953
-0.0029729824,0.009561527
-0.009327584,0.008073861
-0.01700101,0.0005249455
-0.023923859,-0.010963419
-0.028746786,-0.023738647
-0.030280078,-0.03479778
-0.027917443,-0.04125229
-0.022328665,-0.04143417
-0.015674284,-0.035871547
-0.009962741,-0.026850907
-0.0056274133,-0.01685931
-0.0019608075,-0.0076424563
0.001983588,-0.00019436522
0.0069598407,0.005259914
0.012822997,0.008779106
0.018598786,0.010318553
0.02267137,0.010171702
0.023455279,0.008512511
0.020117046,0.005550167
0.013289052,0.0015971812
0.0046980907,-0.0028578537
-0.0036894467,-0.007051947
-0.010157019,-0.009993477
-0.012741688,-0.010715446
-0.010504512,-0.008868681
-0.004451301,-0.0048233895
0.003311334,0.00028794722
0.011058756,0.0049982886
0.016849384,0.0077959173
0.0188179,0.0075775613
0.016572576,0.0042409794
0.01143935,-0.0012694463
0.005304869,-0.007327217
-0.0003154764,-0.012087301
-0.0041398676,-0.013736745
-0.0052065817,-0.011258481
-0.003655818,-0.005117745
-0.00040154322,0.0030040338
0.0039184024,0.011232103
0.008802544,0.017307078
0.013563973,0.019054446
0.017876636,0.015599252
0.022126408,0.0077583925
0.026828961,-0.0027501907
0.03203039,-0.01400198
0.037033334,-0.023689331
0.04065512,-0.029079722
0.04151943,-0.028078416
0.038625456,-0.02090721
0.031743024,-0.010150989
0.021658061,0.0009857354
0.009787768,0.010197854
-0.0024960754,0.016332988
-0.014247857,0.018319322
-0.024037845,0.015175636
-0.030449312,0.0070302086
-0.032727536,-0.0046695787
-0.030988276,-0.017869748
-0.025793767,-0.03037979
-0.01782525,-0.03999538
-0.007982714,-0.04452743
0.00224266,-0.042600185
0.010939285,-0.034663156
0.016598625,-0.022877416
0.018707525,-0.010003838
0.017599301,0.0015197676
0.013916854,0.009883851
0.008482994,0.013820627
0.0025148916,0.013039264
-0.002622628,0.0086345095
-0.006045841,0.002712256
-0.0076258006,-0.0024368376
-0.007697094,-0.004800298
-0.007011051,-0.0030820959
-0.0067031733,0.0027068057
-0.0076855225,0.011507775
-0.01014557,0.021615176
-0.013708167,0.030625086
-0.01743062,0.035824783
-0.01985835,0.035168912
-0.019397158,0.028622234
-0.01509038,0.018475387
-0.0072371424,0.00791734
0.0026857525,-0.0005227327
0.013111255,-0.0059960186
0.022582605,-0.007700745
0.028909525,-0.0049500004
0.030855827,0.001483219
0.028586213,0.009726407
0.023582732,0.017763099
0.01783586,0.023941018
0.013243743,0.027120126
0.011155071,0.02661936
0.012134841,0.022560397
0.015746241,0.015800625
0.020877657,0.007246903
0.026076853,-0.0024060768
0.029889531,-0.012356416
0.03132032,-0.021255642
0.030245261,-0.027408775
0.027394963,-0.029378982
0.023859994,-0.02661496
0.020481672,-0.019617975
0.017534688,-0.009761235
0.014828395,0.0011207033
0.011910695,0.011235552
0.007960715,0.018665848
0.0023049875,0.02147112
-0.004877302,0.018743223
-0.012480603,0.0113267675
-0.019389858,0.0013253625
-0.024688946,-0.008838741
-0.027108474,-0.01644049
-0.025572533,-0.01882445
-0.020578515,-0.014618121
-0.01433702,-0.00462322
-0.0090692565,0.0089341495
-0.005267787,0.024153532
-0.0028825344,0.03850952
-0.0023541746,0.048393983
-0.0037353213,0.05047207
-0.005832512,0.043979354
-0.0065224534,0.031513084
-0.004550081,0.016921299
-0.0002059434,0.0033162823
0.005084122,-0.007621583
0.010386601,-0.015284801
0.014250539,-0.018306358
0.015663372,-0.016751181
0.014386255,-0.012146306
0.0112397885,-0.0066642747
0.007543441,-0.0022791394
0.0048008193,-0.00022049203
0.0040727057,-0.00092891516
0.0057705706,-0.0040802606
0.009276198,-0.008713228
0.013271601,-0.013354357
0.015997859,-0.016232828
0.015901536,-0.01582682
0.01225389,-0.011748236
0.005523064,-0.0050996104
-0.002748962,0.0021787665
-0.010839602,0.008686332
-0.01667715,0.012453335
-0.01826725,0.0113651315
-0.014964258,0.005119377
-0.0077777137,-0.0042679575
0.0011689645,-0.014496842
0.00978755,-0.02330529
0.015685651,-0.027041255
0.016976044,-0.022413526
0.013135759,-0.009971238
0.0055982787,0.006561115
-0.0029525298,0.02518803
-0.009967507,0.043943696
-0.012752625,0.05695791
-0.010446772,0.056800276
-0.0033673362,0.043563917
0.0077147027,0.025024287
0.020984713,0.006776136
0.034053735,-0.009975443
0.043660346,-0.022361893
0.04670931,-0.024997184
0.042363517,-0.016664926
0.032800265,-0.003065558
0.021294806,0.00986841
0.01056589,0.018709365
0.002138594,0.020616025
-0.0029253722,0.014064791
-0.004403364,0.0012215287
-0.0037588805,-0.013890523
-0.0031791974,-0.028483197
-0.0040243124,-0.037829388
-0.006480878,-0.0377049
-0.010213772,-0.028143937
-0.014928377,-0.013397706
-0.019760983,0.0021251962
-0.022874648,0.015294283
-0.022556901,0.022052584
-0.018738374,0.019397214
-0.012553373,0.008495487
-0.00590409,-0.0068304725
-0.00087959337,-0.024487363
0.0008036593,-0.04197876
-0.0015963546,-0.0548
-0.0063631283,-0.05852852
-0.01085858,-0.05281195
-0.013508515,-0.0412611
-0.013496044,-0.02789
-0.010041032,-0.015085447
-0.0031426954,-0.004325476
0.006533844,0.0037521105
0.017864259,0.009074334
0.028425038,0.011561819
0.035328425,0.01195438
0.036478292,0.011162801
0.03164563,0.009920694
0.022593545,0.008667446
0.011823003,0.007555799
0.001569402,0.0067557115
-0.0065890006,0.0065914188
-0.011411166,0.0068270275
-0.0119624445,0.0067645186
-0.008441525,0.0056520174
-0.002021953,0.0030427596
0.005823781,-0.0012542538
0.013828946,-0.0075104623
0.020391542,-0.015104636
0.024056084,-0.022216639
0.023925152,-0.026374193
0.01997808,-0.025543932
0.013094776,-0.019340727
0.004599821,-0.009204217
-0.004008901,0.0027296157
-0.011562062,0.015429959
-0.016673198,0.026750356
-0.01838486,0.033305574
-0.016951663,0.033132263
-0.013325761,0.027398724
-0.008981412,0.019185835
-0.005534667,0.011623186
-0.004319743,0.0068325293
-0.0059790635,0.005838213
-0.010219559,0.008419426
-0.015777145,0.013079249
-0.020735163,0.017195413
-0.023063459,0.017732384
-0.021385355,0.012808873
-0.01569521,0.0031300846
-0.0075626015,-0.008690647
0.0007773212,-0.020426719
0.0071375035,-0.029206814
0.009216956,-0.03122132
0.0057606185,-0.024955941
-0.0029095176,-0.013353122
-0.015127789,-0.00043468233
-0.028793579,0.012335862
-0.040664133,0.022602268
-0.047044184,0.026525566
-0.04548239,0.022478512
-0.03691346,0.014207553
-0.02476186,0.007177756
-0.012868463,0.004598919
-0.004333374,0.0073270802
-0.0010139459,0.014662481
-0.00358972,0.024810791
-0.011682458,0.03464392
-0.023565134,0.040254034
-0.03632526,0.038211074
-0.04617113,0.02723549
-0.04979952,0.009646137
-0.04608152,-0.009586487
-0.03586966,-0.025506476
-0.021088213,-0.034323726
-0.004701396,-0.034191757
0.00985276,-0.026146682
0.020291537,-0.013676693
0.026124073,-0.0004947097
0.027425904,0.010302171
0.024554446,0.016276607
0.018938188,0.016635366
0.012842102,0.012832858
0.0080933105,0.007672002
0.0054756775,0.00387912
0.0050500087,0.003209567
0.0065075452,0.0060427594
0.0093564065,0.011363194
0.01291864,0.017164381
0.016288053,0.021093564
0.018516028,0.021323498
0.019104226,0.01745504
0.018250905,0.0106942495
0.016531495,0.0030987302
0.014499777,-0.0033630417
0.0126611255,-0.007337138
0.011567653,-0.008450954
0.011720166,-0.007575806
0.013414395,-0.006473227
0.01665777,-0.007028327
0.021076681,-0.010580812
0.02592581,-0.017439852
0.030195598,-0.026616639
0.032793313,-0.03579957
0.032898735,-0.041696504
0.030392906,-0.041386154
0.025902728,-0.034509733
0.020446202,-0.023524465
0.01528262,-0.0115884645
0.011793531,-0.0011560577
0.01109462,0.0061654416
0.013501303,0.009213654
0.018615099,0.0077364123
0.025314583,0.0028703643
0.031877797,-0.0035279251
0.03602332,-0.009311539
0.035479892,-0.012449324
0.029031858,-0.012165739
0.017287465,-0.009681727
0.0022541443,-0.00719316
-0.014203117,-0.0060537644
-0.031012783,-0.0063626077
-0.045051523,-0.00832776
-0.052357092,-0.011983778
-0.049787287,-0.016226172
-0.03795145,-0.018750833
-0.020928819,-0.017488291
-0.0030795636,-0.012412058
0.01317445,-0.005459708
0.027121488,0.0017100861
0.036589976,0.007344166
0.03939253,0.009471978
0.035694487,0.0067594596
0.028356636,-0.00074456044
0.020555053,-0.011772555
0.013871878,-0.02454512
0.008530577,-0.036788654
0.0048114974,-0.045403223
0.0030270107,-0.047458522
0.0027029691,-0.04195952
0.0025184983,-0.030624444
0.0014347087,-0.01642108
-0.00056038133,-0.001971197
-0.002372442,0.011296309
-0.0034505518,0.022675667
-0.0032736962,0.03011536
-0.0022349418,0.03261948
-0.0010324349,0.030486898
-0.00054758,0.024992066
-0.0013690387,0.01774427
-0.0038225818,0.010072395
-0.007666417,0.0029333297
-0.012296953,-0.0030965274
-0.016292589,-0.0077677765
-0.018064767,-0.010930608
-0.016502645,-0.0126989065
-0.011736333,-0.013321444
-0.004913625,-0.013216714
0.0023810726,-0.012971859
0.0087521,-0.013192771
0.013167834,-0.014335095
0.015268748,-0.016764447
0.015639761,-0.020808958
0.015499524,-0.02656426
0.01606677,-0.033822685
0.017964436,-0.041896243
0.020853033,-0.04947722
0.023324164,-0.05440816
0.02328636,-0.054041274
0.018795859,-0.047121383
0.009186744,-0.035504673
-0.0044652405,-0.022422262
-0.020184943,-0.009820262
-0.03596278,0.0023103897
-0.04804903,0.012416623
-0.05179792,0.016445318
-0.045195576,0.011901229
-0.031108497,0.0017583432
-0.014248545,-0.0096731065
0.0015704904,-0.020952689
0.01428657,-0.030993672
0.021455973,-0.036125306
0.022150928,-0.03312018
0.017846132,-0.023567742
0.011328071,-0.011624708
0.0053305556,-0.00061916554
0.0017076383,0.0074221226
0.000599086,0.01068989
0.000812044,0.007905574
0.0004554341,9.9627396e-05
-0.0019505373,-0.010442548
-0.0077414955,-0.02165844
-0.016476715,-0.030436352
-0.02544519,-0.03396471
-0.030601433,-0.030959377
-0.029203273,-0.022597572
-0.021910248,-0.01150667
-0.011456323,-0.00019734546
-0.0009025097,0.009646152
0.0071885777,0.01712939
0.009099803,0.021310315
0.0025144122,0.022589471
-0.011108464,0.02230822
-0.0287954,0.02221589
-0.04685417,0.023502965
-0.05937491,0.025281377
-0.05930596,0.02382626
-0.045907605,0.017852833
-0.026253654,0.010945333
-0.0068433075,0.0046527996
0.008139096,-0.0019292508
0.016346948,-0.0093760155
0.014565103,-0.015357743
0.003978831,-0.017976003
-0.011174339,-0.01742898
-0.026924953,-0.01365062
-0.03863531,-0.006874431
-0.042170815,0.0009990495
-0.03699094,0.007423636
-0.026872171,0.011248125
-0.016458496,0.012627018
-0.009141565,0.011785124
-0.006671231,0.0089896135
-0.0088662105,0.004816422
-0.013662245,2.646694e-06
-0.017820394,-0.0048808097
-0.017895874,-0.00980613
-0.012053163,-0.014833779
-0.0012421795,-0.019951325
0.011784078,-0.025144806
0.023464438,-0.029971207
0.029307142,-0.032369383
0.025985403,-0.029644867
0.014131993,-0.021930391
-0.0024391038,-0.011713204
-0.020214437,0.00017246332
-0.036446612,0.015279149
-0.046354827,0.031930003
-0.046367843,0.044878315
-0.03734676,0.0493024
-0.024078853,0.045943953
-0.010864561,0.03820921
-0.00032689483,0.028366676
0.006436298,0.017914917
0.009729185,0.008345616
0.010863593,0.0010448731
0.011492788,-0.0030921323
0.012881042,-0.0037498893
0.015351679,-0.0013197408
0.018165452,0.0032633715
0.019882582,0.008754634
0.019035557,0.013894129
0.015016471,0.017631687
0.0087035475,0.019216882
0.0021200227,0.018212216
-0.0025672822,0.014657326
-0.0038296834,0.009029823
-0.0014594336,0.0022534349
0.0030978413,-0.004699838
0.0075133718,-0.011437074
0.009029892,-0.017002556
0.0056685335,-0.020365264
-0.002582825,-0.021285368
-0.013792072,-0.020350441
-0.024761437,-0.018191228
-0.031239795,-0.015604779
-0.02939548,-0.013791335
-0.018729504,-0.013361515
-0.0025692526,-0.013839801
0.015245173,-0.015141934
0.031314164,-0.016793616
0.040361546,-0.016700562
0.03812786,-0.0123162465
0.025913857,-0.0047205365
0.009190962,0.0029112028
-0.006789931,0.009297707
-0.01900872,0.014099123
-0.023605954,0.014491591
-0.019320592,0.0085525215
-0.0090897055,-0.0017837671
0.0024272408,-0.014246444
0.01165528,-0.028254652
0.014942563,-0.0406631
0.010981151,-0.046517115
0.0022373078,-0.04368449
-0.00729616,-0.034701735
-0.014007071,-0.023214005
-0.01522143,-0.012222049
-0.0100441,-0.004397039
-5.724793e-05,-0.0016010273
0.012054036,-0.0045203655
0.02293084,-0.012924969
0.028778931,-0.02446865
0.027559105,-0.03441757
0.020577734,-0.038705397
0.01144504,-0.035415605
0.004109741,-0.02564482
0.00093337387,-0.012191505
0.0025678424,0.0017943791
0.008670282,0.01418304
0.017225007,0.022014493
0.023984836,0.022697033
0.024835702,0.016663592
0.019418055,0.006774656
0.009793423,-0.0035305244
-0.001505872,-0.011242712
-0.012289557,-0.013853915
-0.018973943,-0.00971782
-0.019342985,0.000105967934
-0.014250648,0.013066639
-0.005513483,0.026508475
0.0049220924,0.037220042
0.0138515225,0.041858833
0.018041687,0.038758595
0.017132238,0.029454866
0.013611799,0.017383013
0.010012242,0.0059453812
0.007641062,-0.0023406479
0.006864295,-0.005775026
0.0073509086,-0.003574376
0.007861873,0.003396581
0.00692878,0.0131948395
0.0034358227,0.023546329
-0.0030922298,0.031974565
-0.01185093,0.036162518
-0.02079765,0.034652125
-0.02724144,0.027477633
-0.029025197,0.016291704
-0.025641346,0.0036691043
-0.01844278,-0.0081190355
-0.009736189,-0.0179717
-0.0015357544,-0.025609992
0.004512145,-0.030725937
0.0074157473,-0.033118166
0.0073537184,-0.033117812
0.005544668,-0.031431805
0.0035317307,-0.028647939
0.0024311473,-0.025010576
0.0024687827,-0.020544015
0.0028777062,-0.015317073
0.0023144605,-0.009635333
-0.00043224724,-0.0040754965
-0.005834802,0.0006531786
-0.013598183,0.004171324
-0.022344917,0.0060222694
-0.029802132,0.005763569
-0.033476576,0.0032598437
-0.031831056,-0.0009475119
-0.025249738,-0.005546961
-0.015962914,-0.0090761315
-0.0068723317,-0.010708922
-0.0005071737,-0.010247696
0.0014213776,-0.0078049186
-0.0015691303,-0.0039257947
-0.008474183,0.00047587013
-0.01743008,0.004952721
-0.02598499,0.008909558
-0.03163749,0.011509351
-0.032826807,0.012097491
-0.0296977,0.010740519
-0.023889551,0.008200378
-0.017550992,0.0052810395
-0.0124067245,0.002470043
-0.009345323,4.0596184e-05
-0.00837394,-0.0017447784
-0.008759671,-0.002597433
-0.009401349,-0.0022742124
-0.009305061,-0.00068587216
-0.007997106,0.0020507441
-0.005641012,0.0055700676
-0.0028021543,0.009236407
-0.00015286221,0.012130042
0.0017395108,0.013197877
0.002672477,0.011544308
0.0029157652,0.0068146596
0.0029863284,-0.0005974477
0.0031493504,-0.009940863
0.0031151562,-0.020199338
0.0023937612,-0.029548524
0.0006243987,-0.035819065
-0.002203221,-0.03724923
-0.0055644475,-0.033384394
-0.008536048,-0.025329692
-0.009898377,-0.014981692
-0.008410629,-0.0042278725
-0.003305518,0.0053950693
0.0054825167,0.012941607
0.016742608,0.017405702
0.027449591,0.018223776
0.03348919,0.015899029
0.031490557,0.011727458
0.021078931,0.0070821736
0.0050502843,0.0027250901
-0.013321511,-0.0004947837
-0.03241629,-0.001373022
-0.047196776,0.0008425464
-0.051384524,0.0047666086
-0.042804357,0.0089440765
-0.026099434,0.013687099
-0.007078402,0.019353649
0.011230241,0.024782423
0.026149308,0.027665684
0.03315518,0.026093647
0.030065687,0.019437233
0.020274037,0.008310714
0.008897167,-0.0057147653
-0.0015629962,-0.021140143
-0.010360668,-0.036049005
-0.015622481,-0.04671182
-0.015830692,-0.04922542
-0.012325409,-0.042241197
-0.009046359,-0.028339736
-0.008611461,-0.011942188
-0.011110959,0.0032165158
-0.015086819,0.015179473
-0.018593105,0.021148043
-0.019658016,0.019119829
-0.0167893,0.010480374
-0.010227047,-0.0005511294
-0.0016812528,-0.009979024
0.0070742513,-0.014933179
0.014078421,-0.01277791
0.017593725,-0.003112598
0.017534707,0.011381358
0.015429851,0.027232548
0.013007612,0.040300056
0.011324809,0.04504555
0.01090742,0.037711
0.012688524,0.020683011
0.016696263,-0.0006405229
0.020711992,-0.024075814
0.020987332,-0.047624726
0.015075929,-0.06482172
0.0044765435,-0.067899674
-0.0070148157,-0.05725352
-0.0177618,-0.0408165
-0.026327211,-0.023887865
-0.03046079,-0.009006816
-0.028406894,0.0017497314
-0.02048416,0.0068192314
-0.00921284,0.0068829968
0.0023911835,0.0040716436
0.012143201,0.00010700977
0.018051326,-0.0033860456
0.01899891,-0.0050157933
0.01578354,-0.00458937
0.0105035,-0.0032350577
0.005408264,-0.0023595763
0.0022368548,-0.0029618691
0.0018867957,-0.0053027165
0.004287714,-0.009102665
0.00844866,-0.013448053
0.012760166,-0.017150562
0.015816191,-0.018727742
0.016621051,-0.017385485
0.014940367,-0.013351758
0.011277775,-0.007825502
0.0065713003,-0.0022479373
0.0017612907,0.0021781197
-0.0025906567,0.0047964035
-0.006426683,0.0052859215
-0.009906392,0.0037597485
-0.013394495,0.0007895933
-0.017177504,-0.0028924677
-0.021250082,-0.006602354
-0.025167532,-0.009784946
-0.028095972,-0.012065394
-0.02907673,-0.01321534
-0.02746068,-0.013087733
-0.02323802,-0.011603258
-0.017042028,-0.008785478
-0.009927302,-0.0048844703
-0.0029723842,-0.00040788035
0.0030490896,0.0039072116
0.007781755,0.0074634
0.010649629,0.009554593
0.0114209885,0.009913152
0.0103089595,0.008795299
0.0077808932,0.0070250137
0.0043620355,0.00570588
0.00049463,0.005891531
-0.0034572587,0.008235033
-0.0070347306,0.012700032
-0.009635429,0.01841057
-0.010572362,0.023700595
-0.009229867,0.026552487
-0.005283885,0.025439229
0.0011881142,0.020217368
0.009731646,0.012191016
0.019681487,0.003002718
0.02987886,-0.0060203527
0.038390845,-0.012892971
0.042984918,-0.015348385
0.041984748,-0.0124373995
0.035274696,-0.0058032083
0.024389133,0.0013893625
0.011693749,0.0065210275
-0.0004037523,0.008405379
-0.010069162,0.006953568
-0.015657425,0.0024510866
-0.01591479,-0.0037283844
-0.011056157,-0.009481757
-0.0027571593,-0.013016058
0.006613385,-0.013591748
0.014593747,-0.011351992
0.018852416,-0.0071770977
0.017815137,-0.0025642293
0.011516889,0.0008236466
0.0017070529,0.0019698166
-0.00932674,0.0011923477
-0.02000108,-0.0004808172
-0.028004544,-0.0019563057
-0.03148054,-0.0023906664
-0.03017172,-0.001424514
-0.025615573,0.0005935209
-0.020139333,0.002712927
-0.015726577,0.0036024998
-0.01353211,0.0021852308
-0.013796648,-0.0018817065
-0.01592484,-0.007942721
-0.01860256,-0.014570241
-0.020101737,-0.019839946
-0.0188818,-0.021960333
-0.014556936,-0.020078383
-0.008237553,-0.014794261
-0.0017362292,-0.007850819
0.0034670918,-0.0013812726
0.006657872,0.0029030573
0.0074088103,0.0039739036
0.006122952,0.0017985747
0.004156955,-0.0023746178
0.0028568865,-0.0067209373
0.0030503967,-0.009308341
0.0049072388,-0.008693479
0.0075412327,-0.004572954
0.009392626,0.002114049
0.008918875,0.009768537
0.0050099674,0.016577415
-0.00243311,0.020966966
-0.012137309,0.022203373
-0.021768214,0.020554164
-0.028508069,0.016912052
-0.02968774,0.0124541065
-0.024137687,0.008521511
-0.013194824,0.0062058927
0.00014570168,0.005607734
0.013506607,0.0055644116
0.024981685,0.0044880775
0.031647287,0.0016707075
0.032211363,-0.0026472155
0.027889688,-0.0077256295
0.021259176,-0.012622156
0.014659138,-0.01634832
0.0094948495,-0.018029366
0.0060716663,-0.017358484
0.003518238,-0.014882037
0.00021147596,-0.01176141
-0.0054527684,-0.009233818
-0.014450548,-0.008058195
-0.026788322,-0.00813331
-0.041018385,-0.008644916
-0.053897616,-0.00851761
-0.06039211,-0.0072764927
-0.056007404,-0.0053908057
-0.04157063,-0.002964089
-0.022205755,0.00027277437
-0.0023773306,0.0034467832
0.015929429,0.004618433
0.031104846,0.002752599
0.038303193,-0.001639656
0.035576377,-0.005845214
0.025135007,-0.007951448
0.010837381,-0.0069071567
-0.0039827605,-0.0022669
-0.017859662,0.0068921237
-0.029081607,0.020583235
-0.035861768,0.036479637
-0.037839483,0.050575975
-0.035598535,0.058380123
-0.03056841,0.056864116
-0.023937432,0.047750324
-0.01594765,0.035416026
-0.006823484,0.023480693
0.0029234628,0.013969756
0.012495705,0.0077369944
0.020968275,0.004675869
0.02640361,0.0045249625
0.027037114,0.0062958947
0.022160316,0.008523202
0.012864003,0.009919815
0.001529111,0.0101216175
-0.009330232,0.0100346785
-0.017370341,0.010638632
-0.020071896,0.012546779
-0.016410459,0.015796807
-0.0076680793,0.020044226
0.0037069093,0.024268562
0.015002532,0.026637282
0.02279918,0.025048753
0.024032539,0.018507939
0.018465567,0.007772257
0.008681334,-0.0052854028
-0.0031037058,-0.019034294
-0.015753929,-0.031421077
-0.025933562,-0.03929676
-0.029211579,-0.040359475
-0.02403337,-0.034632623
-0.013299124,-0.02441482
-0.00069617626,-0.012591404
0.012056055,-0.0018449405
0.024687193,0.006404823
0.035146065,0.010917933
0.040942296,0.0114744315
0.041058563,0.009008814
0.036388543,0.004963514
0.028654622,0.00074875297
0.019510675,-0.002603001
0.010238246,-0.0046033254
0.0018283634,-0.0052916645
-0.004968428,-0.0050583147
-0.009595135,-0.004482719
-0.011496667,-0.004239426
-0.010762854,-0.0048429803
-0.008080607,-0.006372538
-0.0045224866,-0.008613907
-0.0011192614,-0.011200346
0.0013638048,-0.013674717
0.002585175,-0.015528255
0.002663587,-0.016435942
0.002229598,-0.016352478
0.0020923077,-0.015534645
0.0028690628,-0.01444859
0.0046888697,-0.013659525
0.0070931404,-0.013691522
0.009148408,-0.014877168
0.009749825,-0.017200032
0.0080778245,-0.020194516
0.004028882,-0.022985892
-0.0016261756,-0.024434648
-0.007387122,-0.023328815
-0.011430408,-0.018772112
-0.012373275,-0.010623296
-0.009976093,0.00038546338
-0.0049638334,0.013221984
0.0019572247,0.026761722
0.0092697535,0.03877792
0.014251229,0.04653849
0.014230094,0.04776763
0.008812313,0.04207219
0.0003627735,0.031271536
-0.008415585,0.01813673
-0.016257389,0.005180236
-0.022895327,-0.0059803473
-0.02772557,-0.013949822
-0.030466802,-0.017543966
-0.03177078,-0.016580526
-0.0328279,-0.011987748
-0.034316085,-0.0053018387
-0.03587313,0.0018729327
-0.036122054,0.008013243
-0.033402957,0.011714172
-0.026844906,0.012132079
-0.017065221,0.009472665
-0.005956589,0.0046172524
0.004011288,-0.0016961258
0.0107192015,-0.009286914
0.011721124,-0.01694158
0.0058611347,-0.022776747
-0.0055345865,-0.025462892
-0.019785604,-0.024305256
-0.033350706,-0.018659241
-0.042073026,-0.008766468
-0.042860366,0.0035009808
-0.035925116,0.015374311
-0.024426114,0.024725093
-0.012107079,0.030041764
-0.002384041,0.029992925
0.0019649605,0.024321556
0.00044684525,0.014497549
-0.0048494893,0.0031195297
-0.011277815,-0.007363785
-0.015451885,-0.014710767
-0.013466243,-0.016893063
-0.0038614846,-0.013371059
0.011081153,-0.005483065
0.029956006,0.0045888377
0.05135502,0.014700541
0.071433574,0.022731045
0.08220702,0.027822895
0.07557907,0.030767312
0.057452273,0.031149315
0.038360476,0.028796064
0.022525094,0.025693048
0.010731803,0.023097748
0.0027057417,0.020849265
-0.0025273624,0.017962996
-0.0068400763,0.013228493
-0.012143798,0.0059907576
-0.01989741,-0.0038668704
-0.0307736,-0.016062427
-0.0442369,-0.029378805
-0.057851918,-0.04171723
-0.06608727,-0.05037871
-0.061393984,-0.05284328
-0.045130007,-0.048635263
-0.026613716,-0.03965005
-0.011083942,-0.0290719
-1.8521807e-05,-0.019796055
0.006013527,-0.013298259
0.0068435865,-0.010144903
0.0038720656,-0.010191544
-0.00022633282,-0.0125039
-0.0026378701,-0.015629688
-0.001085192,-0.018133963
0.0051884693,-0.019056045
0.015007906,-0.018362863
0.025917083,-0.016754227
0.03458406,-0.0150265135
0.03735646,-0.013649679
0.032225844,-0.012963659
0.020567728,-0.013527359
0.0056088404,-0.015460879
-0.009982459,-0.018036552
-0.024149392,-0.019956697
-0.033785976,-0.020452166
-0.036501795,-0.019810123
-0.03276276,-0.01885619
-0.025452543,-0.018438706
-0.017801452,-0.019307647
-0.012231462,-0.02198164
-0.0101874545,-0.026309969
-0.012170282,-0.03121427
-0.01760719,-0.03493656
-0.024888098,-0.035575278
-0.03182784,-0.031728577
-0.0364202,-0.023148127
-0.037573453,-0.0109241335
-0.035109255,0.0030210637
-0.029180938,0.016515784
-0.019995214,0.027201347
-0.008203281,0.03263745
0.004768924,0.031143814
0.017138133,0.022774547
0.027401498,0.008926575
0.034105834,-0.008737463
0.035389036,-0.028018383
0.0297374,-0.045239497
0.01755265,-0.055807166
0.0017539337,-0.05682649
-0.013930805,-0.049129702
-0.026745476,-0.035667975
-0.034802783,-0.01940514
-0.03682897,-0.0031782005
-0.032677036,0.010000853
-0.023925524,0.01761459
-0.013467885,0.01876081
-0.00430696,0.014363445
0.0014293275,0.006537582
0.0029169917,-0.0021999998
0.0005021871,-0.009592218
-0.0042696153,-0.013446448
-0.008690494,-0.012817404
-0.010213055,-0.008517965
-0.007622147,-0.0026109847
-0.0012367673,0.0024828105
0.007602164,0.004799651
0.016796613,0.0029578442
0.023183025,-0.0029412468
0.02424837,-0.010813879
0.019243842,-0.017687414
0.0094022695,-0.020889781
-0.0028328593,-0.019079424
-0.01482255,-0.012390248
-0.024245363,-0.0020543016
-0.029146368,0.009342817
-0.028688245,0.017992847
-0.02389504,0.020378295
-0.017102633,0.015489867
-0.010652233,0.005046092
-0.006331842,-0.008140919
-0.0052700443,-0.02184804
-0.007563916,-0.032513462
-0.011615472,-0.0363058
-0.015131626,-0.031997547
-0.016970497,-0.021853987
-0.016832529,-0.009592879
-0.014588502,0.0013553909
-0.010148353,0.008331362
-0.0039654863,0.009554535
0.0031161942,0.0051050414
0.010603671,-0.0032456794
0.018121071,-0.013473866
0.02517254,-0.023004204
0.03146196,-0.029116783
0.036615267,-0.030218782
0.04007017,-0.02668525
0.041188557,-0.02066602
0.039478566,-0.014872866
0.034860533,-0.011373021
0.027906373,-0.011081603
0.019685844,-0.013640602
0.011298898,-0.017696755
0.0036276088,-0.021484315
-0.0024832988,-0.023295889
-0.006198368,-0.02212124
-0.0072293775,-0.018119765
-0.006017453,-0.012412186
-0.0033952957,-0.006450459
-0.00020147946,-0.0014312533
0.003017692,0.002060456
0.005818294,0.004168101
0.007943985,0.0055003655
0.009413301,0.0069822567
0.010482079,0.009284508
0.0114815235,0.012496957
0.012723589,0.01596715
0.014349133,0.018370336
0.016312432,0.01809787
0.018442394,0.013982517
0.020683205,0.0057833167
0.02299461,-0.005861902
0.025011119,-0.019947937
0.025896242,-0.034840263
0.02481527,-0.047854315
0.021420846,-0.05551297
0.016087819,-0.055180315
0.009393234,-0.047379714
0.0017442972,-0.03516029
-0.006141239,-0.02142802
-0.013180514,-0.007895198
-0.018218247,0.0047401343
-0.019991696,0.015630655
-0.01765466,0.023287935
-0.0115707265,0.026829256
-0.003055131,0.026475923
0.0061966414,0.023143293
0.014489965,0.017805168
0.02023103,0.011314584
0.02221979,0.00465347
0.020180846,-0.0010876833
0.01498488,-0.0051617534
0.008217466,-0.0073176688
0.0016419238,-0.0077339886
-0.003239205,-0.006880831
-0.0053028385,-0.005401854
-0.004082145,-0.004022553
-2.6753882e-05,-0.003266293
0.0058439597,-0.003291165
0.012356038,-0.0039200503
0.018249381,-0.0045507634
0.022559285,-0.004301211
0.024994634,-0.002500052
0.026004346,0.0009744189
0.026572458,0.005620476
0.027777286,0.01047806
0.030358758,0.014352151
0.03437676,0.016054524
0.0391412,0.014768998
0.04329067,0.010394431
0.045224767,0.0036461854
0.043634012,-0.0041726767
0.03805923,-0.01165544
0.029112658,-0.017818041
0.018205164,-0.022306437
0.007032594,-0.025182817
-0.0027269486,-0.0265492
-0.009408195,-0.026382055
-0.011723174,-0.024595907
-0.009508444,-0.02105571
-0.003997138,-0.015610333
0.0027479036,-0.0083025405
0.00880612,0.00043962366
0.0127565805,0.010092595
0.013268086,0.019569974
0.0096315425,0.027139457
0.0022670082,0.030993832
-0.0072646267,0.030071601
-0.01687553,0.024598958
-0.024725376,0.01606043
-0.029623436,0.006674673
-0.0309757,-0.001072048
-0.028825156,-0.004921747
-0.024154,-0.0035636802
-0.018652147,0.0027872073
-0.0137904165,0.012663637
-0.009941291,0.024218403
-0.0069505456,0.035211142
-0.004809973,0.043164134
-0.0035033242,0.04630184
-0.0027068832,0.044604078
-0.0018357744,0.03978962
-0.0005444395,0.034136202
0.0009858916,0.029344248
0.0021912945,0.026101729
0.002406686,0.024127312
0.0010738488,0.022484066
-0.0020689296,0.020083541
-0.0068332884,0.016294183
-0.012657022,0.011342933
-0.01880352,0.006260322
-0.024288539,0.0025574912
-0.027807217,0.0018116516
-0.028179724,0.004937462
-0.025047978,0.011616538
-0.018841209,0.020344293
-0.010189757,0.028786262
3.5567646e-05,0.034089725
0.010251679,0.03373544
0.018615115,0.026989851
0.024120046,0.015445613
0.026717393,0.0018828507
0.026567435,-0.010819125
0.023956232,-0.01972787
0.019797461,-0.022509294
0.015402448,-0.01899883
0.011778216,-0.011435138
0.009486664,-0.002960496
0.008830078,0.003729555
0.009651952,0.0067262677
0.011432127,0.005314656
0.013717998,0.0006491217
0.016297761,-0.004833852
0.019091172,-0.0082999505
0.022221996,-0.0073081693
0.025928402,-0.0009567818
0.030476842,0.009722692
0.03597203,0.022357512
0.041692134,0.03359594
0.045186795,0.03940286
0.043391917,0.0368086
0.03651054,0.026409999
0.02759606,0.011713116
0.018612424,-0.0034911034
0.009868626,-0.016363075
0.0015239062,-0.024516178
-0.0050286544,-0.025852123
-0.008678147,-0.020726709
-0.009761202,-0.011831905
-0.00928059,-0.0023016543
-0.008049072,0.005503305
-0.006471335,0.010126318
-0.00466219,0.011251481
-0.0022410525,0.010118742
0.001613716,0.008877319
0.007780356,0.009557173
0.016918419,0.0133406045
0.029302116,0.020207277
0.044609092,0.028799228
0.0613313,0.03660646
0.0752758,0.040506527
0.07795271,0.038271233
0.06644453,0.030383175
0.04990675,0.018500462
0.03453198,0.00502804
0.02203177,-0.0070951576
0.012677987,-0.015811639
0.0072030835,-0.019446569
0.0058226627,-0.017237341
0.0072235805,-0.010203271
0.009261859,-0.000507292
0.010093849,0.009941165
0.008262454,0.019501999
0.0033405868,0.026849458
-0.0036952442,0.03132347
-0.010767161,0.0330002
-0.015500216,0.032311313
-0.016173217,0.029817017
-0.012569582,0.026242986
-0.0058988743,0.022207607
0.0017153135,0.017931223
0.0080287075,0.013424713
0.011401952,0.008703273
0.011256977,0.0041805003
0.008535247,0.00053210615
0.0051703127,-0.0016389815
0.003178253,-0.0020338532
0.003966249,-0.0008379393
0.007850872,0.0011865933
0.013845327,0.0027821579
0.01982162,0.0025473332
0.023155257,-0.000509898
0.022005063,-0.006508846
0.016382312,-0.014727272
0.00781569,-0.02390377
-0.0016027371,-0.03217016
-0.009070388,-0.03706336
-0.0116028385,-0.036468532
-0.008288386,-0.029859196
-0.0013877954,-0.01863017
0.005732876,-0.0051833997
0.011036636,0.008260289
0.012755814,0.020277048
0.009358069,0.028784966
0.0013976463,0.03248348
-0.008141171,0.03149411
-0.015782664,0.027234107
-0.018681468,0.021638503
-0.015604348,0.016765663
-0.007610098,0.014353591
0.0025045013,0.015172152
0.012112636,0.018581513
0.018608123,0.023164919
0.019871036,0.027216824
0.015789943,0.028973393
0.008658491,0.02733093
0.0017736064,0.022293225
-0.0021049893,0.014881501
-0.0017043535,0.0067311465
0.0023459347,-0.00036811593
0.0081123775,-0.005457064
0.013319147,-0.008119647
0.015646284,-0.008128478
0.014093968,-0.006323904
0.009643809,-0.0043050526
0.004676142,-0.0035850434
0.0018392089,-0.004982045
0.0030616843,-0.008518311
0.008873906,-0.01352729
0.017944211,-0.018696073
0.027316544,-0.022077866
0.03299769,-0.02125935
0.03152411,-0.01461463
0.02226943,-0.0034261348
0.008116157,0.009177907
-0.006950418,0.022128196
-0.019745983,0.03473656
-0.025731971,0.043221377
-0.022209346,0.043052644
-0.010785445,0.035444576
0.004119369,0.02534967
0.018156053,0.015472818
0.02723867,0.006608123
0.02757874,0.0005040123
0.01876513,-0.0015714882
0.0046576364,-0.0009833601
-0.010148421,0.00037552355
-0.022352098,0.001311511
-0.027741516,-0.00033156847
-0.02445162,-0.006177722
-0.014859164,-0.015186764
-0.0032076475,-0.025952954
0.0069121253,-0.03715755
0.01242474,-0.045788296
0.012053806,-0.04782638
0.0073476,-0.042383026
0.0014885742,-0.03240434
-0.0024364572,-0.021367485
-0.0023912096,-0.011941418
0.0019176012,-0.0061612055
0.008887992,-0.0053234114
0.015369761,-0.009804662
0.01749747,-0.018570218
0.012574528,-0.02888535
0.0005241462,-0.037740685
-0.016407605,-0.042775862
-0.03401501,-0.04214372
-0.046268135,-0.035436198
-0.047836773,-0.02489952
-0.038855672,-0.014168278
-0.024283323,-0.005472199
-0.009091862,0.00013288533
0.003114761,0.0020051163
0.009920711,0.0002872437
0.009266695,-0.0033841901
0.0025076175,-0.0067312308
-0.0066094724,-0.007925508
-0.014156703,-0.005477833
-0.016236367,0.0010309143
-0.011197038,0.01060492
-0.00032069563,0.021960758
0.01416951,0.03352788
0.028716948,0.043131415
0.037809834,0.048619416
0.03646997,0.04884676
0.025847305,0.044276502
0.012194926,0.036559135
0.0008146201,0.027630562
-0.0052518575,0.018824127
-0.004636044,0.010825843
0.0017045763,0.004192005
0.010721226,-0.0010179623
0.01905042,-0.005699358
0.022580171,-0.009687094
0.018863594,-0.012496867
0.008878096,-0.014188315
-0.0041285334,-0.015228312
-0.016738722,-0.015411811
-0.024965862,-0.014275503
-0.025337154,-0.012091538
-0.017955167,-0.0094181085
-0.006432905,-0.006418848
0.0050007375,-0.0035941491
0.013225934,-0.0014952614
0.015064339,4.947311e-06
0.009485042,0.0011957275
-0.0010254101,0.0020883237
-0.013074456,0.003196793
-0.023561917,0.0052529336
-0.028716601,0.007872664
-0.026845789,0.010193231
-0.019709924,0.011766544
-0.011026174,0.012392432
-0.0044615413,0.011621811
-0.0028085108,0.009055512
-0.0073443293,0.0047663734
-0.01746596,-0.00055054156
-0.03144625,-0.005654417
-0.046028543,-0.008925389
-0.056368828,-0.009186648
-0.057662334,-0.0062416056
-0.049410827,-0.000494152
-0.03611949,0.007667889
-0.02236074,0.017248183
-0.010454209,0.02655376
-0.001697068,0.033369534
0.002408925,0.03523149
0.0015477447,0.030761143
-0.0023945412,0.02064517
-0.006804108,0.0070917374
-0.01032614,-0.00760502
-0.012426319,-0.02201026
-0.01248046,-0.033718664
-0.010068365,-0.039977074
-0.0058019757,-0.0391435
-0.0013985358,-0.031834017
0.0013162493,-0.020465842
0.0014106008,-0.00787534
-0.0011428094,0.0036784266
-0.00595029,0.013280636
-0.012890795,0.019939946
-0.021206839,0.022808822
-0.029627195,0.021939175
-0.036525916,0.017991353
-0.040031936,0.01191016
-0.038511332,0.0048529664
-0.031535245,-0.0018899839
-0.020383349,-0.0072072465
-0.007457714,-0.010665748
0.004875148,-0.01267357
0.014729442,-0.013464113
0.019759007,-0.012645672
0.018438723,-0.009936661
0.011363422,-0.005909898
0.00095425866,-0.0016332256
-0.010018947,0.002365569
-0.019281682,0.006077088
-0.024128284,0.008468467
-0.023275677,0.008577892
-0.017622503,0.0066101216
-0.009628239,0.0036196185
-0.001973107,0.0007413505
0.0033527159,-0.0012159882
0.005381305,-0.001421875
0.0043277624,0.0006882935
0.0017442759,0.005016628
-0.000257908,0.010930264
0.00019549814,0.017428553
0.004084497,0.023106651
0.01092662,0.026715113
0.01887977,0.02750538
0.02528957,0.025492458
0.027671106,0.021415357
0.024836672,0.01651686
0.017640904,0.011892288
0.008334023,0.00824385
-0.0005618412,0.0059026373
-0.0070449957,0.004885109
-0.009497605,0.0045736856
-0.007376199,0.0042114495
-0.0018664458,0.0033146343
0.004959881,0.0018306029
0.011114819,-0.00034061112
0.014622002,-0.0027445315
0.014370123,-0.00453611
0.010563568,-0.005077743
0.0044015627,-0.004217181
-0.002659756,-0.0021710363
-0.009621446,0.00071936345
-0.015725302,0.0038395496
-0.020557815,0.0061409916
-0.024100343,0.006624154
-0.02642639,0.0046918555
-0.027446805,0.00030699815
-0.026862612,-0.005978638
-0.02429964,-0.013169731
-0.019642392,-0.019950945
-0.013356672,-0.024893116
-0.006595602,-0.026678897
-0.0010550711,-0.024465865
0.001512496,-0.018264132
0.00012940112,-0.009227943
-0.004801883,0.0007050552
-0.011706375,0.010219976
-0.018150765,0.017795408
-0.021139547,0.020757243
-0.01834179,0.01727936
-0.009543734,0.008171081
0.0031953556,-0.0038540794
0.017443212,-0.018153805
0.030014405,-0.033963818
0.03628796,-0.047113933
0.033389088,-0.051115867
0.02268982,-0.044723965
0.008442399,-0.03341156
-0.004982515,-0.021680865
-0.01372541,-0.011219956
-0.014547791,-0.0035065175
-0.0061334833,-0.0002958276
0.009494401,-0.0015618848
0.0300707,-0.007010195
0.052180402,-0.016410599
0.070682414,-0.027296258
0.07847236,-0.03274983
0.07146873,-0.02554412
0.056008272,-0.011496855
0.039381903,0.0018252553
0.026002863,0.01285772
0.017635368,0.02123794
0.01493086,0.025430467
0.017110474,0.024232188
0.022191081,0.018891864
0.0280338,0.011803158
0.032701146,0.005361635
0.03489779,0.0017800085
0.034579244,0.0022834784
0.0328655,0.006509669
0.03110725,0.012736722
0.030000072,0.018794797
0.02922843,0.022571279
0.027550433,0.022668956
0.023771703,0.018987456
0.017530521,0.012531799
0.009444959,0.005368012
0.00078008213,-0.00060966687
-0.007281309,-0.004123093
-0.013187136,-0.0048909974
-0.015017303,-0.003339846
-0.0125867715,-0.0010364503
-0.007459629,0.00069229025
-0.0019836712,0.000997807
0.0014722032,-0.00018968209
0.0011663735,-0.0020888727
-0.003454463,-0.003127379
-0.011401292,-0.0015846861
-0.02036408,0.003807218
-0.027286237,0.013273669
-0.029224684,0.025377013
-0.024731783,0.03719894
-0.01464368,0.045295488
-0.0019504951,0.047085427
0.009497153,0.041867338
0.016581267,0.031086288
0.018134953,0.017639332
0.014843414,0.0047375434
0.008423289,-0.0048720543
0.0010183506,-0.0091885235
-0.004969947,-0.007200066
-0.0077169547,0.00030126676
-0.0069955466,0.011066481
-0.0034787944,0.022298962
0.0011194856,0.030645562
0.0042560035,0.033151414
0.0041798493,0.028724266
0.001314557,0.018786466
-0.0024015051,0.0062365034
-0.005376431,-0.0060613086
-0.0065606865,-0.016284764
-0.004713167,-0.022207312
7.85634e-05,-0.022553984
0.005705706,-0.017752705
0.009474359,-0.009513807
0.009388545,5.8773232e-05
0.004764071,0.0092210695
-0.0037013514,0.017033232
-0.014026875,0.02305352
-0.02311444,0.026916483
-0.027445763,0.02810937
-0.024667313,0.026373575
-0.015198704,0.022592181
-0.0019395151,0.01806843
0.011686122,0.01306292
0.022508424,0.006712823
0.02699499,-0.001148506
0.02335293,-0.009621119
0.013332324,-0.01790795
0.00029658544,-0.025608819
-0.012426984,-0.031792037
-0.02065435,-0.03509509
-0.020404575,-0.03465594
-0.0112699,-0.030579472
0.0031333577,-0.023833806
0.018936604,-0.015914718
0.03328224,-0.007857086
0.042135697,5.3660366e-05
0.04141486,0.007617069
0.03092567,0.013911116
0.014823883,0.01796957
-0.002324491,0.020293785
-0.01763095,0.022019416
-0.028068468,0.022853617
-0.030345732,0.021421518
-0.023575593,0.017215572
-0.010091141,0.011426037
0.006808385,0.005184398
0.025676852,-0.0023989717
0.04492882,-0.012552382
0.061509136,-0.024322266
0.07175288,-0.03426166
0.072191775,-0.036586676
0.06315129,-0.02929059
0.048584204,-0.017254984
0.031909972,-0.0045267176
0.015493546,0.0074518193
0.00078394264,0.018691152
-0.011647203,0.028433073
-0.020474976,0.034107327
-0.024398735,0.03344059
-0.02302133,0.026642771
-0.017246641,0.016567132
-0.009020333,0.0065046665
-0.0005670423,-0.0014191153
0.006293712,-0.006488175
0.010336547,-0.00784248
0.010531815,-0.005206741
0.0071903523,-8.2317805e-05
0.0015781609,0.005472532
-0.0045248833,0.009606881
-0.00935168,0.01052137
-0.011309381,0.0072714877
-0.009639001,0.00029052515
-0.004916794,-0.008740137
0.0014549163,-0.018373843
0.007669326,-0.026904091
0.011667186,-0.032177847
0.011725759,-0.032563053
0.0071787434,-0.02839865
-0.0013200751,-0.021853236
-0.012225267,-0.015359643
-0.023734001,-0.010237268
-0.03350534,-0.007288678
-0.038881756,-0.0073834113
-0.03800355,-0.010612518
-0.0309739,-0.01563458
-0.019692238,-0.020450512
-0.0066702627,-0.023609204
0.00595036,-0.02442679
0.016413745,-0.022510013
0.023195548,-0.017860064
0.025442312,-0.011313172
0.023361132,-0.004356136
0.018041827,0.0015527883
0.010918409,0.005505307
0.003276333,0.007304266
-0.0040144105,0.00740082
-0.010520054,0.006559138
-0.015865676,0.0056547406
-0.019641377,0.0055262437
-0.02141983,0.0067390716
-0.020857176,0.009434625
-0.017857483,0.013280607
-0.01267668,0.017531665
-0.0059488975,0.021171713
0.0012880126,0.023101104
0.007585318,0.022405714
0.011389849,0.018698793
0.011699954,0.012361807
0.008607943,0.0044406173
0.0032214567,-0.003721943
-0.0030669384,-0.010947998
-0.008438876,-0.015921367
-0.010533947,-0.017530307
-0.00787321,-0.015671996
-0.0009226277,-0.011188751
0.008551735,-0.0056279395
0.018749295,-0.0006353977
0.027119458,0.0023895295
0.030538278,0.0026479068
0.027410906,0.0002613435
0.019006982,-0.003933128
0.008208758,-0.0086665945
-0.0023409524,-0.012406488
-0.010557988,-0.013544231
-0.014277964,-0.011146424
-0.01291798,-0.0056716213
-0.0081552155,0.0013816585
-0.002534926,0.008145229
0.0017810958,0.012675809
0.002840014,0.013120228
-3.4257395e-05,0.008788592
-0.005435854,0.00056099996
-0.011476612,-0.009914051
-0.016019832,-0.020647801
-0.016483,-0.029022133
-0.011364086,-0.032559086
-0.0020229835,-0.03010425
0.008156391,-0.022486748
0.015815487,-0.011810148
0.01863884,-0.00031131814
0.0154618705,0.00994038
0.0070146834,0.017225571
-0.004204506,0.020851007
-0.01497421,0.02116518
-0.022031495,0.018942028
-0.022942878,0.015317891
-0.017577888,0.011890236
-0.008333624,0.010106262
0.0014167507,0.010368978
0.008927773,0.011978615
0.011987275,0.013852366
0.009755824,0.014961789
0.003788984,0.014450883
-0.0028811418,0.012035066
-0.0071939095,0.007916586
-0.006883918,0.0025991688
-0.0014506358,-0.0030530042
0.007533752,-0.008410445
0.017591892,-0.0133213075
0.025151102,-0.017063504
0.026818838,-0.018362014
0.021385219,-0.016456082
0.01077323,-0.011767751
-0.0013159753,-0.0050234287
-0.011349688,0.0040166206
-0.016085139,0.015883707
-0.01253169,0.029158171
-0.0005994072,0.04182033
0.01763954,0.051954553
0.03849201,0.0571253
0.055237014,0.054723896
0.059018157,0.044507153
0.04895417,0.030288072
0.032893162,0.015463932
0.016292254,0.0022857573
0.0015001855,-0.007203973
-0.01030838,-0.0115783
-0.01643953,-0.010102555
-0.015795536,-0.0038448698
-0.010698037,0.004375854
-0.004133474,0.011946638
0.0015080895,0.016444994
0.0040721227,0.016173644
0.0029689318,0.011215218
-0.00044890496,0.0036428387
-0.004046943,-0.0037588829
-0.005931103,-0.008352213
-0.0042707976,-0.007939182
0.0012325497,-0.0019899409
0.009322064,0.007988875
0.019061122,0.019794619
0.027984267,0.030113911
0.032148305,0.035369676
0.028630257,0.033331867
0.018935248,0.024800241
0.007154587,0.012928459
-0.0038344797,0.0014807419
-0.013295725,-0.006584889
-0.019358778,-0.009327974
-0.020090519,-0.005788617
-0.016126843,0.00207477
-0.009667569,0.011268197
-0.0023154,0.018542172
0.0041040895,0.02075658
0.0077569466,0.016372591
0.007962371,0.006770173
0.0055283774,-0.0047187065
0.0011431584,-0.014803598
-0.0042609684,-0.019674795
-0.00879988,-0.016436573
-0.011351176,-0.0055550584
-0.012155315,0.010082987
-0.010984325,0.027637493
-0.00790316,0.042715743
-0.004792767,0.04959982
-0.0041144183,0.044806752
-0.0061161937,0.030938752
-0.009585745,0.013737924
-0.014311778,-0.0020320667
-0.020390723,-0.013419321
-0.025786815,-0.017137704
-0.027892945,-0.011973667
-0.026147228,-0.00049619813
-0.0215217,0.0132584665
-0.014631342,0.02535626
-0.0065592993,0.031778358
0.00040043928,0.029910821
0.0042401645,0.020726454
0.00464067,0.0080376575
0.0022184874,-0.0041044927
-0.002485839,-0.012738076
-0.007868919,-0.014784443
-0.011510775,-0.009214779
-0.012136631,0.001943455
-0.009723974,0.015749307
-0.0044287145,0.029062662
0.002189272,0.038026143
0.007201611,0.03974794
0.008100373,0.034152485
0.0047635473,0.02407616
-0.0013888396,0.013096445
-0.008754537,0.00406414
-0.01595911,-0.0013567569
-0.02075762,-0.0024638812
-0.021425428,-2.417927e-06
-0.018207686,0.004001329
-0.0130037265,0.00741766
-0.008164107,0.008542019
-0.0058441213,0.0065258234
-0.0074446937,0.0016681516
-0.01323784,-0.0047774967
-0.022277012,-0.011063196
-0.032235418,-0.015260201
-0.0395387,-0.016004689
-0.04084094,-0.013131007
-0.035262447,-0.0075876955
-0.02497016,-0.0007222502
-0.013164058,0.0061721434
-0.0023072215,0.012012064
0.0061189276,0.015993383
0.010799258,0.017588949
0.011536581,0.016923659
0.009946112,0.014557242
0.008383701,0.011162544
0.008827576,0.007305531
0.012191175,0.0033060098
0.018009648,-0.00081048405
0.024455847,-0.005065817
0.028785497,-0.009133904
0.028359218,-0.012269568
0.022100262,-0.013789128
0.011187667,-0.013601901
-0.0017971512,-0.011916827
-0.014340662,-0.00850793
-0.023778293,-0.0029365676
-0.027389452,0.0042244038
-0.024609648,0.011717922
-0.01750259,0.018573418
-0.00916137,0.024079004
-0.0025429854,0.027367627
-3.8177237e-05,0.027576836
-0.0024438917,0.024375059
-0.008246791,0.018196497
-0.014547528,0.010050493
-0.01835259,0.0010771767
-0.017067913,-0.007527604
-0.009658829,-0.014485438
0.0024916187,-0.019017765
0.016681608,-0.021339422
0.02954107,-0.021941815
0.03692157,-0.020999605
0.035538085,-0.018885693
0.025715375,-0.017190192
0.011239285,-0.01772886
-0.003888616,-0.02078003
-0.016946303,-0.025036635
-0.024596324,-0.028765175
-0.024011621,-0.030362017
-0.015850939,-0.028635927
-0.004115107,-0.023542132
0.006960524,-0.016240068
0.014465802,-0.00834389
0.016495066,-0.0013074001
0.012593216,0.003500213
0.0046034832,0.0053684
-0.0043231635,0.004861979
-0.0115477275,0.0035400817
-0.014667327,0.0030140975
-0.012356125,0.004591212
-0.0054011648,0.008818398
0.0043284595,0.015160705
0.015265143,0.021833062
0.02535021,0.026152814
0.032352235,0.025502175
0.035351038,0.018843265
0.035766304,0.0074337223
0.035832927,-0.0061504967
0.036753327,-0.018882805
0.038514715,-0.027036143
0.040335387,-0.026764749
0.040694434,-0.016917508
0.03807735,-0.00047137006
0.032040633,0.018022204
0.022792296,0.034612622
0.010608829,0.0450058
-0.0030521918,0.044946723
-0.014626926,0.03389074
-0.020689491,0.016422732
-0.02065007,-0.0015807213
-0.015794167,-0.015790114
-0.007489628,-0.02258407
0.0018334569,-0.019432647
0.008640643,-0.0075792135
0.010828767,0.00865308
0.008340958,0.025577828
0.0012353383,0.03891604
-0.009689346,0.043795433
-0.021838157,0.037638202
-0.03173852,0.02279068
-0.03770596,0.004317376
-0.04004988,-0.01325954
-0.03911567,-0.026177963
-0.035157613,-0.03111698
-0.029769957,-0.027255774
-0.025492474,-0.017419633
-0.023386238,-0.0058865137
-0.022439346,0.0038048427
-0.020671545,0.008982826
-0.016410666,0.008071597
-0.009021555,0.0018162115
0.0007856915,-0.007258712
0.011788423,-0.017294992
0.021877855,-0.026010605
0.028029058,-0.03029699
0.027756592,-0.027904423
0.020718496,-0.020026391
0.008922634,-0.010086383
-0.004424626,-0.00082591025
-0.016690025,0.007540023
-0.024960177,0.014285456
-0.026186133,0.017503439
-0.020256897,0.016688956
-0.009722064,0.013148096
0.0017149751,0.008203313
0.010791621,0.002215246
0.014543996,-0.0048989574
0.010981119,-0.012348619
0.0008109555,-0.019477913
-0.013739398,-0.025878578
-0.0296581,-0.030594682
-0.04232538,-0.032558996
-0.046186727,-0.031484704
-0.038794734,-0.028100768
-0.02374095,-0.023285018
-0.0063834307,-0.01814383
0.009935828,-0.014406322
0.023349443,-0.01339132
0.030901775,-0.01523179
0.03076777,-0.019087167
0.02447691,-0.02401911
0.015409374,-0.029268254
0.0067752055,-0.03367324
0.0012598586,-0.035753775
0.0006614672,-0.034371324
0.0049471115,-0.02944471
0.012239107,-0.021901261
0.020202812,-0.013153993
0.026827091,-0.0045371046
0.030247705,0.0027327458
0.029292438,0.007505839
0.024392866,0.008982497
0.017500918,0.0070382645
0.010886248,0.002335409
0.006182964,-0.0039059038
0.0039485744,-0.010386078
0.00411276,-0.015797816
0.006231174,-0.01881314
0.009367752,-0.018547196
0.012485943,-0.014905548
0.0148358075,-0.008681427
0.016195038,-0.001242307
0.01677922,0.0058926214
0.016885802,0.011266756
0.016689925,0.013656622
0.016235605,0.012474738
0.015521784,0.008044352
0.014533886,0.0013876107
0.013229706,-0.006256896
0.011551752,-0.013757189
0.009649502,-0.020093413
0.007982257,-0.024546275
0.0070597227,-0.026908666
0.0071317046,-0.027422387
0.008002177,-0.026507987
0.009027519,-0.024488663
0.0093114,-0.021455819
0.007998384,-0.017352287
0.0046285014,-0.012215594
-0.00062257086,-0.006388547
-0.007000915,-0.00047442352
-0.013504415,0.0049849525
-0.018619614,0.008837428
-0.020871859,0.009600565
-0.019469067,0.0065375054
-0.014665722,0.00030888303
-0.0076715574,-0.007413281
-7.778511e-05,-0.0149185825
0.0066756145,-0.02021631
0.011161561,-0.02090049
0.012441659,-0.015667293
0.0104205785,-0.0055365004
0.0061203586,0.0070915837
0.0011430075,0.020544926
-0.0031177977,0.032752294
-0.0055467132,0.040562753
-0.0056408765,0.041543875
-0.0032878479,0.036086947
0.0012025082,0.027080692
0.007033556,0.017715136
0.013166262,0.010128019
0.018689316,0.0053860415
0.022909852,0.0038997289
0.025524177,0.005232144
0.026711227,0.007989983
0.026975585,0.01049239
0.026917981,0.011387355
0.027025225,0.010057458
0.02757256,0.0068093156
0.028546425,0.0026610603
0.029588465,-0.0010880019
0.030068597,-0.0033101505
0.029334424,-0.0034041593
0.026936615,-0.001501747
0.022825096,0.0016012603
0.017330071,0.0048386552
0.011052738,0.007311032
0.00470806,0.00857165
-0.0010440241,0.008678082
-0.00573089,0.008004588
-0.009078531,0.0069886507
-0.011058686,0.005955945
-0.011916223,0.004984512
-0.012089263,0.0038818873
-0.0120533,0.0023137997
-0.012173291,1.9371897e-05
-0.012611439,-0.0029895017
-0.013294188,-0.006331581
-0.013931167,-0.009304281
-0.014096805,-0.011079324
-0.013389862,-0.011007067
-0.01161425,-0.008918464
-0.0088649765,-0.0052425517
-0.0054592593,-0.00087799446
-0.0018025157,0.0031044488
0.0017234824,0.005769358
0.0045760237,0.00641537
0.006098627,0.0048358315
0.0058201314,0.0014173457
0.0035418002,-0.003134157
-0.0007348455,-0.008116884
-0.006813812,-0.012913237
-0.014004104,-0.01702769
-0.021036236,-0.020201419
-0.026191453,-0.02234928
-0.027656779,-0.023415716
-0.024209917,-0.0232317
-0.015981788,-0.021482116
-0.004486893,-0.017934363
0.0082013095,-0.012817686
0.020345367,-0.0066418704
0.02977736,0.00022011627
0.033720233,0.0070467126
0.030398639,0.012653852
0.020724824,0.015648315
0.007880813,0.015394192
-0.004586153,0.0124716945
-0.013966484,0.008000623
-0.017811282,0.0028619182
-0.0146511085,-0.001874516
-0.0056144334,-0.005076165
0.0061798207,-0.0064717997
0.017813474,-0.006860429
0.025686892,-0.0068318374
0.026334463,-0.0066499133
0.018879278,-0.006769556
0.0058398326,-0.007840733
-0.009356178,-0.00985109
-0.024385368,-0.011485863
-0.035465278,-0.0114968
-0.038785547,-0.009604386
-0.033834733,-0.0060323975
-0.024054239,-0.0010308455
-0.013860028,0.004846023
-0.006529698,0.010646115
-0.003975538,0.01541753
-0.007025877,0.018425485
-0.014658693,0.019556664
-0.024253383,0.019165091
-0.032454696,0.017650232
-0.035932098,0.015278343
-0.032812495,0.012495374
-0.02408743,0.010279793
-0.012929066,0.009583621
-0.002680692,0.010650447
0.0043445667,0.013197816
0.0066668917,0.016815156
0.0039725485,0.021011585
-0.0021893312,0.02506346
-0.009283623,0.028057357
-0.014649967,0.028752279
-0.016289951,0.025935391
-0.013770093,0.019476024
-0.008460057,0.010671846
-0.0026861655,0.001362674
0.0011793723,-0.0070227273
0.0017794749,-0.013208564
-0.0012911917,-0.015209672
-0.006637859,-0.012393741
-0.01217476,-0.0057629147
-0.015794232,0.0029198264
-0.015804224,0.011279918
-0.011761471,0.016553981
-0.0050539565,0.016751686
0.001783023,0.011698998
0.0063687395,0.0027923477
0.0070694024,-0.008060298
0.0029818877,-0.0187043
-0.0052844672,-0.026529439
-0.015246138,-0.029757243
-0.023563635,-0.028303672
-0.027359389,-0.02375295
-0.025452944,-0.018600842
-0.018758664,-0.0150167085
-0.009553954,-0.014028934
-0.00036890403,-0.015622814
0.0066856383,-0.018776204
0.010034327,-0.02135364
0.009388988,-0.021025537
0.006071885,-0.016841225
0.0022507668,-0.009687174
5.3501488e-05,-0.0015021595
0.0010523967,0.005524284
0.005798919,0.009261273
0.01337271,0.007709956
0.021713095,0.000688601
0.028539542,-0.010545804
0.031511236,-0.023462301
0.029048966,-0.034306087
0.021332541,-0.03944441
0.01029757,-0.037702266
-0.0016501264,-0.031081047
-0.012841874,-0.022594234
-0.022108639,-0.014712541
-0.028593548,-0.009417386
-0.031841464,-0.008155272
-0.032157272,-0.0108791115
-0.030344957,-0.015802605
-0.02721606,-0.02023771
-0.023272997,-0.021502182
-0.018920079,-0.017920047
-0.014833006,-0.009738091
-0.011712371,0.0011373417
-0.0097848475,0.012375664
-0.008889471,0.02156983
-0.009308457,0.02572966
-0.011170694,0.022991203
-0.013784777,0.013816884
-0.016192019,0.0004472283
-0.018015286,-0.01491194
-0.01881289,-0.030383518
-0.017801616,-0.043447666
-0.014243145,-0.051230904
-0.008593179,-0.05161991
-0.0028884592,-0.044584077
0.00034685124,-0.032250762
-0.000228326,-0.017458733
-0.004406527,-0.0026762674
-0.010944056,0.010955276
-0.018617801,0.023004573
-0.025452783,0.030902192
-0.029430322,0.03212948
-0.029045407,0.025871832
-0.023990177,0.014479986
-0.015201184,0.0017976227
-0.0045803366,-0.009163585
0.006418807,-0.016836956
0.01681015,-0.019225331
0.025306797,-0.015188788
0.031089846,-0.006131571
0.03404891,0.004523156
0.034352977,0.012768095
0.031967536,0.014730019
0.02736332,0.008190154
0.022095451,-0.00599962
0.017086245,-0.025407549
0.011085018,-0.04735277
0.0032761216,-0.06679009
-0.0040371483,-0.07511893
-0.006288517,-0.065659
-0.0051443437,-0.044160154
-0.0047884914,-0.019768802
-0.0054499474,0.0023447818
-0.005771523,0.020702086
-0.0063413996,0.032188922
-0.008530341,0.032827485
-0.012429904,0.02438641
-0.016757548,0.011956652
-0.021031972,0.000123907
-0.024274047,-0.007714692
-0.024659026,-0.009433034
-0.020751694,-0.0052881693
-0.013145483,0.0020450123
-0.0029364354,0.009134975
0.009299826,0.013163219
0.022657726,0.011858563
0.035015672,0.0046978104
0.044134907,-0.0065174093
0.048479624,-0.018299352
0.047543086,-0.026505293
0.042168036,-0.028119806
0.03421972,-0.023476379
0.02574513,-0.015525754
0.018475939,-0.007484319
0.013593466,-0.0017179865
0.011615142,0.00031503488
0.012455272,-0.0017091725
0.015465448,-0.006737358
0.019488584,-0.012721293
0.023089567,-0.017084453
0.024917437,-0.017521687
0.023966748,-0.013171756
0.019850448,-0.005216226
0.012964153,0.004018914
0.0042677545,0.012560097
-0.005452125,0.019348657
-0.015438893,0.023666974
-0.024771221,0.02546839
-0.032617632,0.02554238
-0.038420927,0.02509843
-0.04191011,0.025107333
-0.04305514,0.025872344
-0.041981813,0.02687634
-0.0389046,0.027102444
-0.03410177,0.025646826
-0.027934575,0.0222351
-0.020940352,0.017389523
-0.0138957165,0.012101452
-0.007805643,0.0073147295
-0.003771268,0.0035381678
-0.0027531532,0.00068877655
-0.005322449,-0.0018643201
-0.011445721,-0.0050345296
-0.020414662,-0.009640397
-0.030768305,-0.015981626
-0.040322717,-0.023539012
-0.046100497,-0.030843271
-0.044904336,-0.03562322
-0.03574009,-0.035537336
-0.021700568,-0.029666
-0.007355553,-0.01932334
0.0042398195,-0.0072281095
0.012106348,0.0038581993
0.015185251,0.012295395
0.012318375,0.016069205
0.0046916143,0.014864429
-0.00477679,0.0103776315
-0.013722007,0.0054864846
-0.020264674,0.0028513067
-0.022737475,0.0044043683
-0.020832963,0.010437908
-0.01590487,0.019536661
-0.009596605,0.029084148
-0.0034029824,0.035558075
0.0010947906,0.035596695
0.0031897689,0.028158924
0.0039219633,0.015524241
0.0048223087,0.0015680721
0.0065898546,-0.010499308
0.009451503,-0.017782396
0.013267714,-0.017072715
0.01697381,-0.008176193
0.01927511,0.006228206
0.01985133,0.023148892
0.018425863,0.039612252
0.014685453,0.052000396
0.008848618,0.056898236
0.0028350544,0.053525597
-0.00063840876,0.044888042
-0.00017978066,0.035031304
0.0035950472,0.026772622
0.008941793,0.021016106
0.013706114,0.017110126
0.015761876,0.0135196475
0.013608676,0.008589344
0.0072806473,0.0013011979
-0.001809412,-0.008259407
-0.01268543,-0.019281927
-0.023821121,-0.029467234
-0.03208707,-0.035490792
-0.03403805,-0.034576982
-0.02913783,-0.026376756
-0.020355081,-0.013206133
-0.010655009,0.0015233003
-0.0007061505,0.014920944
0.009975058,0.024444187
0.020212172,0.026874628
0.028642178,0.021281768
0.035187315,0.009499057
0.04027167,-0.005585561
0.043430865,-0.02115329
0.043352053,-0.03373661
0.03899494,-0.03945596
0.03064531,-0.036711
0.019718705,-0.028004631
0.008021277,-0.016881809
-0.0023182356,-0.005624468
-0.009404644,0.005061534
-0.011666241,0.014673519
-0.00788197,0.021990301
0.0010982209,0.026674675
0.01330982,0.029201621
0.026165657,0.0298087
0.036395654,0.028417582
0.04066533,0.025065066
0.03748015,0.02006539
0.028513731,0.0136947455
0.017304616,0.006202454
0.0068146023,-0.001850209
-0.0011666825,-0.009747854
-0.005769212,-0.017136188
-0.0062418124,-0.023322983
-0.0031157176,-0.027884113
0.002015063,-0.030714236
0.0073406766,-0.032021906
0.011415527,-0.03207552
0.013651481,-0.031209974
0.014347727,-0.029640574
0.014540493,-0.02764367
0.01539012,-0.025305847
0.017702466,-0.022639023
0.021559574,-0.019630482
0.026339283,-0.016326455
0.030810485,-0.012811939
0.033469077,-0.009164316
0.033046268,-0.0054925466
0.029136648,-0.0020417718
0.022394635,0.00086653966
0.014166448,0.00301592
0.0058497274,0.0044185664
-0.0014594482,0.005291657
-0.0072378768,0.005829786
-0.011156059,0.0060046213
-0.0131435655,0.0057770386
-0.013395166,0.0051563284
-0.012113705,0.004135509
-0.00937724,0.0026314717
-0.005137874,0.0004893735
0.0006386269,-0.0024826855
0.00796616,-0.0066474425
0.0166208,-0.012259686
0.025787884,-0.019187355
0.034197405,-0.026612537
0.040280256,-0.032909386
0.042602796,-0.035683516
0.040559858,-0.03301569
0.03481089,-0.025081817
0.026933927,-0.013872989
0.018760191,-0.0015843066
0.011962733,0.010237735
0.007489742,0.020301796
0.0055666887,0.026391719
0.0057779597,0.026533995
0.007251339,0.020681312
0.009162653,0.010695834
0.010690523,-0.0010559807
0.010893701,-0.012847183
0.008968692,-0.022948949
0.005021738,-0.029547485
-0.00016429849,-0.03200944
-0.005653583,-0.031224037
-0.010648256,-0.028845726
-0.014558756,-0.02645191
-0.016982758,-0.02495737
-0.017706785,-0.024359968
-0.016753945,-0.023805914
-0.014382879,-0.021969795
-0.011081193,-0.017635673
-0.0075243902,-0.01041826
-0.004350225,-0.0009665266
-0.0017245173,0.009472874
0.0007167658,0.019711979
0.003063386,0.027481085
0.005172517,0.030797284
0.0071384674,0.028993703
0.009314601,0.023134673
0.011979965,0.0152984075
0.014950019,0.0075903875
0.017530594,0.0014977537
0.018746516,-0.0020248578
0.017651642,-0.0028123602
0.013802149,-0.0015716181
0.0075120376,0.00041235157
-0.00018070704,0.0020298203
-0.007986674,0.0030056199
-0.01449455,0.003491516
-0.017935166,0.0040787198
-0.017197907,0.005437347
-0.012480021,0.008125449
-0.005148255,0.01208511
0.0031106626,0.016568258
0.010564461,0.020015834
0.015246601,0.020658901
0.01583511,0.017317092
0.012835512,0.010113259
0.008157242,0.00030832549
0.0038254184,-0.010368241
0.0011061145,-0.020247132
0.0013732361,-0.027114447
0.0052951085,-0.029356856
0.011889276,-0.026856974
0.019091642,-0.020968068
0.024765158,-0.01365157
0.027190262,-0.0067496593
0.025379404,-0.001616743
0.01985034,0.0011312332
0.012453381,0.0018863396
0.0054013813,0.0018416587
0.00040862683,0.0024280173
-0.0016295154,0.0047690016
-0.0005884874,0.009192518
0.0028276271,0.015243413
0.0072544506,0.02186744
0.011152178,0.027773762
0.013255369,0.03184148
0.013254856,0.033570874
0.012008281,0.033285584
0.01110958,0.031926382
0.012057612,0.030528987
0.01561096,0.029697664
0.021477494,0.029314913
0.028194921,0.028473102
0.03327987,0.025815189
0.034030743,0.020220166
0.029195549,0.011424364
0.019933451,7.8286896e-05
0.008625449,-0.012665379
-0.0032414019,-0.025679355
-0.013899559,-0.03687954
-0.019743308,-0.04340327
-0.017847303,-0.043284547
-0.009384441,-0.036679804
0.0012849851,-0.025676087
0.010239182,-0.012901279
0.015109974,-0.00046253955
0.014134743,0.010313649
0.0067105135,0.018237082
-0.0053737178,0.022863258
-0.01900568,0.02449208
-0.030477377,0.023368131
-0.035719022,0.019138133
-0.032035634,0.01182823
-0.020389553,0.002936601
-0.0047019552,-0.0059200656
0.011277986,-0.015470374
0.025368892,-0.026673658
0.033763148,-0.037844677
0.03415299,-0.045136288
0.0275808,-0.045926385
0.017832631,-0.0409374
0.008849637,-0.03233296
0.0034570235,-0.021683678
0.0028917505,-0.01039962
0.00665316,-1.6975468e-05
0.013232398,0.0082653845
0.01950039,0.013297851
0.021653274,0.014730757
0.017260958,0.013465177
0.0070489417,0.010956234
-0.0064075263,0.008953335
-0.020815937,0.00912405
-0.03289404,0.012073034
-0.03836041,0.016686
-0.03517769,0.020746678
-0.02523284,0.022890102
-0.012615508,0.022855075
-0.0013348565,0.020613473
0.0053389887,0.016408721
0.00527904,0.011371151
-0.0013870276,0.0072901226
-0.012601958,0.005898691
-0.025438434,0.008637164
-0.035742544,0.015965356
-0.03916295,0.026258942
-0.033768628,0.036353175
-0.021229355,0.043497793
-0.005319602,0.046374403
0.009925402,0.044405732
0.020732732,0.03763912
0.024605785,0.027527042
0.021692742,0.016559167
0.0144312475,0.0070270393
0.0058289864,0.00039792917
-0.0016635089,-0.002727464
-0.0064739524,-0.0025819559
-0.007866672,-0.00018577934
-0.0069003897,0.0028779088
-0.005784545,0.0052311243
-0.0067481506,0.006169183
-0.0112480745,0.0058047795
-0.019456288,0.005075204
-0.030008998,0.0054366407
-0.039956372,0.008187815
-0.0452851,0.013554346
-0.042716898,0.020256748
-0.032205734,0.026416197
-0.016712729,0.030786028
0.00025244153,0.032180157
0.015283537,0.029126763
0.024543254,0.020949999
0.025300039,0.008994375
0.018165248,-0.004096197
0.005952943,-0.016044822
-0.008974241,-0.024980688
-0.023483574,-0.028620712
-0.03300076,-0.025836732
-0.034442153,-0.017979879
-0.028789278,-0.007923827
-0.01931287,0.0016824784
-0.008903183,0.008872492
0.0005231674,0.012314919
0.007459135,0.011361282
0.010990145,0.006587328
0.011587646,-0.00030217267
0.010547181,-0.0074952515
0.009082461,-0.013394758
0.008086518,-0.016772002
0.007877461,-0.017108
0.00811157,-0.014784585
0.008080227,-0.010837235
0.007215343,-0.006520283
0.005467456,-0.0029654573
0.0033420192,-0.0010543624
0.001643484,-0.0013264471
0.0010997925,-0.003996911
0.00198238,-0.0090809325
0.003889533,-0.01643122
0.0056525175,-0.025620012
0.0055821324,-0.03573815
0.0020686956,-0.04518522
-0.005620074,-0.0517582
-0.016742239,-0.053281717
-0.029102685,-0.04850993
-0.03982294,-0.037623517
-0.04629945,-0.022041723
-0.046909988,-0.003977402
-0.04134609,0.01404025
-0.030467903,0.029556507
-0.016038787,0.04031244
-0.0007205004,0.04446922
0.01223826,0.041424263
0.020273242,0.032535907
0.022704244,0.020615771
0.020474287,0.008618629
0.015150197,-0.0011756512
0.008309436,-0.007369745
0.0013463558,-0.009496376
-0.004691904,-0.008104581
-0.00938556,-0.0046484633
-0.012944123,-0.00094538426
-0.015919719,0.0014047502
-0.018890899,0.0014826729
-0.022168612,-0.0006692032
-0.02563498,-0.0041213464
-0.028723868,-0.007414747
-0.030562587,-0.009039556
-0.030372499,-0.007969748
-0.02797793,-0.0040771877
-0.02390585,0.001828566
-0.018960178,0.0083214
-0.013824729,0.013762941
-0.009032612,0.01660284
-0.0050372365,0.015785469
-0.0020469958,0.011226414
5.517924e-05,0.0038452938
0.0014592389,-0.004995098
0.002195827,-0.014222156
0.0021771519,-0.022357838
0.0014721638,-0.027944757
0.00018832106,-0.030145645
-0.0015690918,-0.029011812
-0.0036696424,-0.025325192
-0.0058972756,-0.02019452
-0.007968571,-0.014606363
-0.009580173,-0.009234565
-0.010590793,-0.0043837694
-0.0110065,-5.725182e-05
-0.010940962,0.003881095
-0.010540764,0.007592305
-0.009858409,0.011094322
-0.008778567,0.014162278
-0.0070622326,0.016310496
-0.004509227,0.016911207
-0.001144663,0.015441229
0.002646606,0.011773417
0.006110877,0.0062641795
0.008239083,-0.0003364534
0.007922602,-0.007010778
0.0042958213,-0.012408812
-0.0027346953,-0.015225909
-0.012373135,-0.014751906
-0.023126792,-0.010956633
-0.032893438,-0.004467086
-0.039190713,0.0032142636
-0.039954834,0.00982594
-0.034692932,0.0133876875
-0.024888052,0.013516914
-0.013041168,0.011362325
-0.0015706811,0.008554992
0.007812506,0.006558414
0.014004924,0.0067026564
0.016368778,0.010113795
0.015614275,0.016781216
0.013371677,0.025438067
0.01139662,0.033931196
0.010883298,0.039272953
0.012047575,0.03858169
0.014348552,0.031010812
0.017066985,0.01851079
0.019310903,0.0040210783
0.019913709,-0.010012301
0.01784788,-0.021013519
0.013314955,-0.026007967
0.007876722,-0.023799501
0.0033430364,-0.015997313
0.0010285596,-0.005644237
0.0017652116,0.0044070217
0.0059428983,0.012180526
0.012774106,0.01574678
0.020245448,0.014635022
0.026110819,0.010163794
0.028540215,0.0045860996
0.02639946,0.00027807726
0.019737134,-0.0011857953
0.009750705,0.0003048945
-0.0018210259,0.003714042
-0.013834413,0.008214171
-0.025075799,0.012585754
-0.03401239,0.01539679
-0.039524693,0.015827864
-0.04113576,0.014446285
-0.039108165,0.012614062
-0.0342715,0.011857303
-0.027578842,0.012889925
-0.019912384,0.015282085
-0.012035479,0.01763381
-0.00455692,0.018269792
0.0017608291,0.01579105
0.0060289283,0.009885138
0.007536183,0.0015864877
0.0058328076,-0.0072379634
0.00059532304,-0.014364308
-0.00789349,-0.017453006
-0.018511776,-0.015273335
-0.02978841,-0.008368382
-0.04006168,0.0014003767
-0.04740919,0.0109975515
-0.05000779,0.016496405
-0.047137763,0.014887245
-0.039834745,0.0067325043
-0.030224668,-0.0045360536
-0.020492397,-0.015552271
-0.012221698,-0.023653107
-0.0063589625,-0.026105898
-0.003564422,-0.021495454
-0.0040349364,-0.011495724
-0.0071920413,0.00031622767
-0.011688714,0.011232306
-0.015941318,0.018650947
-0.018875444,0.019836599
-0.019792221,0.014501693
-0.018674932,0.0051322514
-0.016346453,-0.0048453617
-0.013915375,-0.012503858
-0.0121869035,-0.015485991
-0.011707239,-0.012664249
-0.012829862,-0.00502873
-0.015518791,0.0053521115
-0.018961312,0.016509512
-0.022083785,0.026326578
-0.024010913,0.032801427
-0.02432356,0.03499317
-0.023113562,0.033511084
-0.020866519,0.02998463
-0.0182543,0.025949914
-0.015940795,0.02208419
-0.014340156,0.01824254
-0.013449501,0.013843211
-0.012944974,0.008325063
-0.012366686,0.0015455964
-0.011355519,-0.0060856882
-0.009705395,-0.0136869615
-0.007391856,-0.019950457
-0.0046080174,-0.02345065
-0.0017413442,-0.023262655
0.0007426564,-0.01950173
0.0025571766,-0.013258272
0.0038325847,-0.0060271127
0.005113571,0.00091485406
0.007090878,0.006951594
0.0101051675,0.011871956
0.014077515,0.015816405
0.018462593,0.019227043
0.022339555,0.022484357
0.024557823,0.025641188
0.024095828,0.028343247
0.020507867,0.029975113
0.0142488675,0.030061333
0.0065428144,0.028692648
-0.0011857684,0.026622172
-0.0077552404,0.024983423
-0.012387623,0.024847692
-0.014752758,0.026797602
-0.015034235,0.030591037
-0.013828738,0.0349877
-0.011899916,0.037882093
-0.009918505,0.03694394
-0.008119105,0.030801067
-0.0060832193,0.020017868
-0.003153262,0.006806779
0.00075880095,-0.0061804177
0.0054248883,-0.017353922
0.010418477,-0.024067461
0.014790853,-0.024158457
0.017073425,-0.018073052
0.016063418,-0.008710206
0.011586845,0.00035570972
0.0044317185,0.006238633
-0.0040136063,0.0074950764
-0.0121094305,0.0042259805
-0.018096248,-0.0019058891
-0.020445552,-0.008066114
-0.01833319,-0.011241175
-0.012375694,-0.00940933
-0.0046864296,-0.0027276408
0.0023959347,0.0065261326
0.007827314,0.015529627
0.010045291,0.020594463
0.007773075,0.01870054
0.0018619619,0.009708861
-0.0056200614,-0.0035436463
-0.014332704,-0.018031225
-0.023611652,-0.029762974
-0.03086357,-0.03368281
-0.033416484,-0.027077502
-0.032214765,-0.0121581685
-0.029746022,0.006858264
-0.026537137,0.026558328
-0.021767767,0.043128986
-0.01580202,0.05135104
-0.010038724,0.048364285
-0.0048427107,0.03734985
0.00042547847,0.024043282
0.005865076,0.01264255
0.011164261,0.0053138766
0.016169796,0.0027214459
0.0207665,0.004143732
0.024823021,0.007282012
0.027890142,0.009200584
0.029347181,0.0076603875
0.028626285,0.0020542818
0.025376858,-0.0063205245
0.01934942,-0.014783385
0.010572664,-0.020237572
-0.0002254969,-0.020262256
-0.011602461,-0.014320044
-0.021986548,-0.0037622286
-0.029456938,0.009110423
-0.03175217,0.020635534
-0.027824273,0.026344184
-0.018942058,0.024044598
-0.00792297,0.015606186
0.00226001,0.0046205735
0.009109799,-0.006283197
0.010388898,-0.0147013115
0.0050114156,-0.017476518
-0.005402148,-0.014275325
-0.018310716,-0.0073752454
-0.030720802,0.0011259064
-0.03887015,0.008168332
-0.03964225,0.009978794
-0.03273822,0.005171459
-0.021093268,-0.003597718
-0.008698456,-0.013064709
0.001394097,-0.021152383
0.0069303955,-0.025040025
0.0066178516,-0.022171678
0.0012611772,-0.013377316
-0.0068614515,-0.0021286935
-0.015361849,0.009131462
-0.02184715,0.01786851
-0.024933394,0.020173807
-0.025083808,0.014322443
-0.024220794,0.0020850159
-0.025008263,-0.0136476485
-0.029762706,-0.030518418
-0.039245095,-0.045258157
-0.050563205,-0.053127207
-0.05595177,-0.05018126
-0.050071243,-0.037473977
-0.0365975,-0.020037478
-0.020086443,-0.0017401763
-0.0025443838,0.014777965
0.015890902,0.027965879
0.030498289,0.034367304
0.032601148,0.031696774
0.020193975,0.021658354
6.553286e-05,0.007423113
-0.023844654,-0.007480554
-0.05239376,-0.020164646
-0.080893,-0.026054945
-0.09098072,-0.023876775
-0.06809594,-0.018124878
-0.039183583,-0.006905358
-0.014164184,0.008178754
0.0058863917,0.022291362
0.02119127,0.032998387
0.024369186,0.036827393
0.013365317,0.032699205
-0.004298512,0.022747362
-0.022803575,0.011151301
-0.039334517,0.0007678461
-0.048503477,-0.00629544
-0.044762973,-0.008754925
-0.030426152,-0.00618216
-0.013029392,0.00028787876
0.0022161992,0.007885107
0.01426119,0.013655681
0.0207241,0.014987902
0.020202158,0.010980905
0.014627515,0.0034246985
0.008125093,-0.0056810044
0.0027625212,-0.013855753
-2.724373e-05,-0.018635405
-0.000236949,-0.01805635
0.00083329703,-0.012181982
0.0009068291,-0.0030640026
-0.0015669927,0.006764539
-0.0072475797,0.015386011
-0.015596033,0.0206974
-0.024768345,0.021221738
-0.031966433,0.016844904
-0.03464048,0.008843076
-0.031311806,-0.000592623
-0.022590768,-0.009021988
-0.010920406,-0.014917459
0.0008883512,-0.018259862
0.01070131,-0.019712202
0.016715497,-0.019908365
0.017909365,-0.019425606
0.014822589,-0.018983262
0.009098965,-0.01895714
0.0025685397,-0.01924242
-0.0033802965,-0.01929427
-0.007919043,-0.018538572
-0.0108801145,-0.016747013
-0.01267374,-0.014217618
-0.013899472,-0.011580551
-0.014947897,-0.009553892
-0.0157907,-0.008691506
-0.015995283,-0.009220943
-0.014971354,-0.010943436
-0.01228931,-0.01330217
-0.007926572,-0.015573464
-0.0023127447,-0.017086882
0.0038007747,-0.017381808
0.009611261,-0.016270518
0.014508298,-0.013823078
0.018255536,-0.010295851
0.0210484,-0.006052037
0.023379883,-0.0014486598
0.025760135,0.0032084999
0.028428366,0.0076444526
0.031193292,0.011554734
0.03346537,0.014590715
0.034507085,0.016417788
0.033851556,0.016831262
0.031661164,0.015866727
0.028742485,0.013846479
0.026190944,0.011314393
0.024928771,0.008867986
0.025351882,0.0069476953
0.027123323,0.005679422
0.02912756,0.0048343427
0.029670386,0.003925355
0.027065774,0.0023960308
0.020492213,-0.00016783207
0.010510327,-0.003825376
-0.0013376987,-0.008128156
-0.013851538,-0.012112221
-0.025057187,-0.014303857
-0.03179547,-0.013567216
-0.03189859,-0.009783954
-0.025906593,-0.003714152
-0.0165129,0.003316017
-0.0067008073,0.009710623
0.0012411539,0.013845022
0.005072667,0.014324149
0.003141693,0.010823433
-0.0040664854,0.004428051
-0.015221344,-0.0030451214
-0.02899802,-0.009697183
-0.0428477,-0.013616988
-0.05298794,-0.013939532
-0.056128647,-0.011528353
-0.051811215,-0.008478038
-0.042745832,-0.00671598
-0.03206982,-0.007566058
-0.022082366,-0.011789499
-0.014228827,-0.01936168
-0.009340108,-0.0293355
-0.0075211627,-0.039419603
-0.007896271,-0.046373732
-0.008674988,-0.04730959
-0.008380703,-0.0415111
-0.0067189718,-0.030871976
-0.0041694874,-0.018442491
-0.0013596683,-0.0069611287
0.0011433511,0.0015605155
0.0027653796,0.0060967323
0.0025193503,0.006252644
0.00017639967,0.0028876609
-0.003577407,-0.0020408211
-0.007762643,-0.0066569904
-0.01078884,-0.009352848
-0.010840281,-0.009364601
-0.0069670454,-0.0070256987
0.00043073104,-0.0034483587
0.010246623,5.173349e-06
0.021238573,0.0022620002
0.030952292,0.002749524
0.03645307,0.0021047941
0.035876255,0.001672977
0.029494615,0.0026056701
0.01952311,0.0052644648
0.008777431,0.009458362
-0.0003705424,0.014900075
-0.00627943,0.020613575
-0.0077967267,0.024694152
-0.005267284,0.025412364
-0.0004210803,0.022496957
0.0045360723,0.01692893
0.0076383506,0.010243816
0.00767166,0.0041520284
0.004544899,0.00022819894
-0.0006535638,-0.00055270264
-0.006309256,0.0019010066
-0.010618999,0.0069426186
-0.012152744,0.013023552
-0.010580688,0.018061245
-0.0068109026,0.020378426
-0.0024599568,0.019178985
0.0008751756,0.014813918
0.002347992,0.008519831
0.0021035052,0.0018932514
0.0010978518,-0.0036891876
0.00064016605,-0.007276846
0.002032729,-0.008426799
0.005727952,-0.007651598
0.010910714,-0.006111024
0.015771816,-0.0050777975
0.017824832,-0.0054860422
0.014924108,-0.0075373296
0.00663116,-0.010710422
-0.005705624,-0.014027986
-0.020189678,-0.015816571
-0.033477284,-0.013977126
-0.04082715,-0.0074920296
-0.039041363,0.0028236979
-0.029346494,0.015310288
-0.015409086,0.028623933
-5.9367278e-05,0.04111798
0.013564023,0.049933653
0.020592958,0.051946655
0.018005872,0.04605875
0.008919857,0.0343248
-0.0010546691,0.020104524
-0.008287787,0.006531154
-0.011005155,-0.004130383
-0.007830695,-0.010210373
0.0004492279,-0.010498058
0.010608123,-0.00557359
0.019381395,0.0028470166
0.023884112,0.012580662
0.022033287,0.02095871
0.014322112,0.025270985
0.004036016,0.02395833
-0.0045589954,0.017274361
-0.008289734,0.006989257
-0.0062485053,-0.0043713404
-7.367427e-06,-0.014670931
0.0075802114,-0.022149758
0.012597265,-0.024828777
0.011331846,-0.021670254
0.0024985545,-0.014171919
-0.012076901,-0.00549782
-0.029621894,0.00327042
-0.045525186,0.011471907
-0.052899636,0.015888743
-0.0465009,0.013202424
-0.0288274,0.0059793666
-0.006689836,-0.00087696576
0.014657624,-0.006704948
0.033206638,-0.012241056
0.043108918,-0.0149605805
0.040864915,-0.011876791
0.029681886,-0.0049366863
0.016015172,0.0024647259
0.005106477,0.009051723
0.00015012904,0.014681057
0.00254777,0.018212121
0.01085373,0.019249938
0.021247348,0.018183986
0.02907415,0.015955277
0.030064428,0.013714584
0.022755014,0.012421094
0.009841329,0.012019719
-0.0041668243,0.012255633
-0.015510671,0.012844692
-0.020395903,0.012349066
-0.016704466,0.009215024
-0.0066248546,0.0038813206
0.0052316193,-0.002363659
0.014887343,-0.009528584
0.017970452,-0.016035333
0.012066153,-0.018882612
-0.0008424629,-0.016953848
-0.016653636,-0.010905322
-0.03118619,-0.0004836682
-0.039074674,0.013290683
-0.036237843,0.026575858
-0.023702603,0.03527331
-0.0066226856,0.038006183
0.009588563,0.03455463
0.019814769,0.025155634
0.020564318,0.011644764
0.0123114195,-0.0029796995
-0.0017199777,-0.016441645
-0.019093592,-0.02654313
-0.035091013,-0.030252727
-0.0429495,-0.026505329
-0.039704487,-0.016983993
-0.02943842,-0.004715922
-0.01775476,0.00761379
-0.007898536,0.017879076
-0.0017743686,0.024063334
-0.0008781041,0.024404379
-0.0042674476,0.018813865
-0.008710583,0.009026776
-0.011226354,-0.002552076
-0.009957333,-0.013951579
-0.004183446,-0.023330031
0.0048582046,-0.028940547
0.01420108,-0.029564155
0.020325374,-0.024921672
0.020532299,-0.015979283
0.014599214,-0.005111338
0.004916016,0.0050991364
-0.005110068,0.013710982
-0.012706908,0.02002692
-0.014942725,0.022413047
-0.01091964,0.020186016
-0.0024889559,0.014743247
0.007040581,0.007965314
0.014482877,0.0009028949
0.01682438,-0.0054201162
0.012553166,-0.009462419
0.003064345,-0.010667874
-0.008679316,-0.009478378
-0.019626683,-0.0061687888
-0.026260026,-0.0014460438
-0.026018683,0.0031354746
-0.019182906,0.0063243536
-0.008556431,0.00783185
0.00256176,0.0078005423
0.011578637,0.006252499
0.015965654,0.0034018622
0.014298335,-3.2814954e-05
0.00738641,-0.003480388
-0.002663516,-0.0068025948
-0.014210957,-0.009827717
-0.025438145,-0.01223265
-0.034197778,-0.013953953
-0.038596556,-0.015045122
-0.037569813,-0.01555048
-0.031179486,-0.015390437
-0.020408584,-0.014438799
-0.0065902015,-0.012934028
0.009159785,-0.011827707
0.026584128,-0.012332098
0.04419732,-0.015308877
0.058549125,-0.02082197
0.064516336,-0.026738739
0.058346793,-0.029476276
0.042264473,-0.028485846
0.021702629,-0.02573948
0.0008289829,-0.021606054
-0.017786644,-0.015035361
-0.031252943,-0.0051970608
-0.035562128,0.0063777133
-0.029646508,0.016619502
-0.016720437,0.02367207
-0.001207316,0.027161872
0.012989938,0.026917731
0.022047436,0.023071608
0.023293192,0.016999258
0.017370904,0.010715716
0.0076431725,0.005591779
-0.0022002147,0.0022308503
-0.009565948,0.00078433676
-0.012149299,0.00044552863
-0.009436084,-9.7536045e-05
-0.0034087994,-0.0017340272
0.0029075672,-0.00461937
0.006867562,-0.008549519
0.0063517787,-0.01222447
0.0011923725,-0.01393878
-0.0068250415,-0.012513368
-0.014836288,-0.0075682458
-0.019748028,0.00054760993
-0.019034516,0.010161023
-0.012135094,0.018880496
-0.0005919236,0.02454049
0.012835284,0.025658362
0.024597049,0.02157767
0.03108611,0.013209606
0.030402415,0.0030174407
0.023374919,-0.006205932
0.012552602,-0.012396422
0.000770141,-0.014408406
-0.009481428,-0.011875571
-0.016140029,-0.0053931572
-0.018261014,0.0033677905
-0.0164472,0.012245617
-0.012348452,0.019316383
-0.00800186,0.023193207
-0.005257541,0.023328444
-0.0051144375,0.020166235
-0.007450984,0.014950316
-0.011395852,0.009203587
-0.015866842,0.0042879363
-0.01971918,0.0012383944
-0.021975651,0.0007241552
-0.022286737,0.0028976195
-0.021104187,0.0073834406
-0.019354587,0.01338996
-0.018007495,0.019808037
-0.017881833,0.025237931
-0.019565297,0.028124355
-0.02322161,0.02720393
-0.028401207,0.02207719
-0.03411829,0.013424773
-0.03906283,0.0027222808
-0.041502036,-0.008083636
-0.03927165,-0.016686019
-0.03087137,-0.020789571
-0.017138116,-0.019185504
-0.0008925944,-0.012699844
0.015627168,-0.0040564258
0.0317984,0.004406266
0.044152778,0.010179413
0.047033645,0.011333851
0.037801523,0.00730032
0.020516848,-0.00109271
0.00044571987,-0.011753378
-0.021643998,-0.021944162
-0.044617172,-0.027837578
-0.061828647,-0.02628436
-0.06490696,-0.018014925
-0.05461559,-0.006936111
-0.03932492,0.0040508728
-0.02434421,0.0124205705
-0.012250916,0.015666913
-0.0050352034,0.012420215
-0.0037534926,0.003541947
-0.007606517,-0.008368051
-0.014933175,-0.02032881
-0.022886992,-0.028712938
-0.027031422,-0.030493295
-0.024564624,-0.025184063
-0.016509268,-0.015092777
-0.006038462,-0.0035166754
0.0043953196,0.006815669
0.013916599,0.01443963
0.02016898,0.018184565
0.021432454,0.01871079
0.018288802,0.018159717
0.0126730325,0.018809676
0.0065922705,0.022184841
0.0014606906,0.028671728
-0.0020034497,0.037005186
-0.0039426372,0.04420793
-0.0052939146,0.046596408
-0.0071391673,0.041650686
-0.0094665745,0.030004166
-0.01144083,0.014794631
-0.012638889,-0.00034482963
-0.013068791,-0.012690506
-0.011847523,-0.019387785
-0.008364253,-0.018124655
-0.0036469537,-0.009632956
0.00030894612,0.0028216126
0.0030178311,0.016130542
0.0043000327,0.027053645
0.0033956151,0.03180978
0.00070519577,0.028497733
-0.0017799953,0.018614814
-0.0021439102,0.0057517095
9.394779e-05,-0.0065654526
0.0044971714,-0.016443813
0.010279882,-0.021647347
0.015758744,-0.021128552
0.018945787,-0.015792025
0.018510716,-0.008134481
0.014429003,-0.0008305351
0.00801174,0.0041637886
0.0013138456,0.006208562
-0.0036021017,0.005774202
-0.0052029593,0.003963729
-0.0028332039,0.0022355155
0.0027536151,0.0018843014
0.009974426,0.003357814
0.01690278,0.0063460893
0.02145495,0.009996497
0.02213915,0.01308868
0.018877778,0.01441444
0.0130757345,0.0132352915
0.0069132377,0.009643906
0.0022745759,0.0043992465
0.00021079098,-0.0013778692
0.0006820281,-0.006740218
0.0029683367,-0.010987993
0.005752279,-0.013452885
0.00752378,-0.013854969
0.007243148,-0.012267991
0.0047195284,-0.009065329
0.0006442882,-0.004747533
-0.0037321441,0.0002858538
-0.0071460824,0.005950713
-0.0084972335,0.011966136
-0.007316209,0.01774999
-0.0040146573,0.022651201
0.00037776597,0.026056474
0.00455826,0.027452037
0.0073498297,0.026585327
0.008121654,0.023591118
0.0069996277,0.01901129
0.0046969336,0.0136367325
0.002099184,0.008283192
-6.277045e-05,0.0036591818
-0.0013707436,0.00023590097
-0.001728295,-0.0017955047
-0.0012326416,-0.0024811814
-0.00016567773,-0.0020271693
0.0011961588,-0.00078551867
0.0027097466,0.0008787647
0.0043663583,0.0026234544
0.006173271,0.0041569294
0.008053487,0.0052302326
0.009764435,0.0056485827
0.01090515,0.005291291
0.01103878,0.0041574235
0.009856477,0.002369856
0.007361565,0.00020168911
0.003919676,-0.0019748702
0.00016340376,-0.0037555608
-0.0032052814,-0.0047861426
-0.005473315,-0.0048412313
-0.00615728,-0.0039656027
-0.005257356,-0.0024720447
-0.0032456294,-0.00083635066
-0.00086247193,0.00043945914
0.0011525876,0.00097539014
0.002250611,0.0006234311
0.0022062385,-0.00045627798
0.0012316055,-0.0018342423
-0.00015340929,-0.0029629925
-0.0013266926,-0.0033254311
-0.0017558233,-0.0026067973
-0.0012168225,-0.0008124791
0.00013702092,0.0017432312
0.0019124849,0.0045745894
0.0035751667,0.0071003377
0.0045791394,0.008823629
0.0046166526,0.009480998
0.0037306168,0.009096579
0.0022664003,0.007932207
0.0007234157,0.006360331
-0.00043075287,0.004714999
-0.00090148236,0.003181545
-0.0006385954,0.0017618386
0.00017708262,0.00031266725
0.0012148435,-0.0013687626
0.0021237526,-0.0034491809
0.0026155743,-0.0059091253
0.0025622104,-0.008533015
0.0020050986,-0.010939103
0.0011205529,-0.012681242
0.00014147922,-0.013384952
-0.00073225226,-0.012877601
-0.0013914221,-0.0112524945
-0.001831078,-0.008856089
-0.0021065914,-0.0061757164
-0.0022887222,-0.003706041
-0.0024210915,-0.0018255388
-0.0025105793,-0.00071993587
-0.00253378,-0.00036145642
-0.0024552771,-0.0005405154
-0.0022483992,-0.0009330023
-0.0019061011,-0.0012048645
-0.0014393105,-0.0011053781
-0.0008697125,-0.0005325118
-0.00021532452,0.00045211628
0.00052092614,0.0016606121
0.0013370502,0.0028350344
0.0022019797,0.0037063244
0.0030433696,0.004076624
0.0037486493,0.0038638222
0.004181755,0.003114543
0.004220309,0.0019865725
0.0037979851,0.00070533686
0.0029392182,-0.00048952474
0.0017709795,-0.0013953453
0.00050000945,-0.001885118
-0.0006319314,-0.0019234986
-0.0014080977,-0.0015700951
-0.0017009589,-0.0009620381
-0.0015111134,-0.00027847875
-0.00096447725,0.00030520468
-0.00026776138,0.00065821654
0.00035879336,0.00071874185
0.0007460371,0.0005072959
0.00082292035,0.00011583368
0.0006339525,-0.0003200518
0.00031122012,-0.000659896
2.0379408e-05,-0.0007972539
-9.890856e-05,-0.00068557425
1.819523e-05,-0.0003484607
0.0003428852,0.00013119687
0.00077164033,0.00063902437
0.0011639717,0.0010593977
0.0013910704,0.001308078
0.0013815344,0.001349008
0.0011423783,0.0011990359
0.0007493978,0.0009156195
0.0003156189,0.00057516736
-4.9587503e-05,0.0002497566
-0.00027512366,-1.0084852e-05
-0.0003441871,-0.0001831667
-0.0002903289,-0.00027320543
-0.00017858739,-0.00030116414
-7.678752e-05,-0.00029025812
-3.057451e-05,-0.00025855892
-5.0975897e-05,-0.0002150254
-0.00011724569,-0.00016133746
-0.00018877958,-9.719357e-05
-0.00022614827,-2.5236177e-05
-0.00020742728,4.6228623e-05
-0.0001335344,0.000104682025
-2.6130368e-05,0.00013808592
8.2711245e-05,0.00014012655
0.00016334913,0.00011257886
0.00019910657,6.5883796e-05
0.00018983505,1.4990517e-05
0.00014899374,-2.6307578e-05
9.6307595e-05,-4.8724265e-05
4.9396484e-05,-5.1537874e-05
1.8127681e-05,-4.0158022e-05
3.6163394e-06,-2.3543793e-05
8.0550245e-07,-9.753699e-06
2.3431874e-06,-2.5211593e-06
2.8101324e-06,-7.096899e-07
1.1539746e-06,-1.5686034e-06
-1.0705667e-06,-1.8923887e-06
-1.3706895e-06,-5.861186e-07
-4.2424967e-06,1.9950128e-06
-9.338961e-06,3.971072e-06
-1.38312425e-05,1.3725112e-06
-1.3683312e-05,-7.882058e-06
-6.0085495e-06,-2.4547417e-05
1.0380712e-05,-4.546894e-05
3.3532946e-05,-6.621689e-05
5.9213617e-05,-8.428948e-05
8.125428e-05,-0.00010117754
9.64327e-05,-0.00012106507
0.000101681304,-0.00014780385
9.6576405e-05,-0.00018108852
8.2415536e-05,-0.00021309273
6.128837e-05,-0.00022885729
3.423417e-05,-0.0002111753
5.723048e-07,-0.0001490769
-4.159217e-05,-4.6525372e-05
-9.374971e-05,7.204014e-05
-0.0001547347,0.00016498768
-0.00022056734,0.00018286903
-0.0002840677,8.6194064e-05
-0.00033675748,-0.00013625035
-0.00037214675,-0.00045537812
-0.00038874347,-0.00080133317
-0.00039125033,-0.0010738532
-0.00039008583,-0.0011679211
-0.000398823,-0.0010037108
-0.00042971905,-0.0005534497
-0.0004897507,0.00014485193
-0.00057596044,0.0009941666
-0.00067598606,0.0018560754
-0.0007726189,0.0025777174
-0.0008481802,0.0030300852
-0.00088688085,0.0031389932
-0.00087728706,0.0029009965
-0.00081257813,0.0023805096
-0.00068878214,0.0016909124
-0.00050449505,0.00096491014
-0.0002612101,0.00032395017
3.3574728e-05,-0.00014721784
0.00036296764,-0.00041390385
0.00069622113,-0.00049476756
0.000987612,-0.00045288855
0.001183665,-0.0003811778
0.0012410843,-0.00038001296
0.0011441738,-0.0005330328
0.00092233805,-0.0008844448
0.00065497425,-0.0014211377
0.00045993226,-0.0020635754
0.000466389,-0.002669449
0.0007728798,-0.0030546014
0.0014031715,-0.003031669
0.0022765854,-0.0024601817
0.0032118005,-0.0012962322
0.003964075,0.0003756664
0.0042867064,0.0023371647
0.004002298,0.004256646
0.0030714278,0.0057482524
0.0016319102,0.006454172
-1.5944961e-05,0.006147119
-0.0014848114,0.0048076385
-0.0024187677,0.002649779
-0.0026163608,7.894689e-05
-0.0021080023,-0.0024175048
-0.0011416975,-0.004381367
-0.00013350046,-0.005468196
0.00043628755,-0.005551946
0.00017720704,-0.004785952
-0.0010653902,-0.0035663997
-0.0031447022,-0.0024052206
-0.0056444793,-0.0017623239
-0.007957735,-0.0019502251
-0.009443268,-0.0030607567
-0.009632291,-0.0049082036
-0.008393755,-0.007069993
-0.005987339,-0.009014934
-0.0029891199,-0.010263547
-0.00012772763,-0.0105114635
0.0019104226,-0.00970102
0.002671671,-0.008040926
0.0020714032,-0.005948797
0.00041482225,-0.003913531
-0.0017158394,-0.0023320063
-0.0036586681,-0.0013919215
-0.004830133,-0.0010818325
-0.00488298,-0.0012323464
-0.003825721,-0.001552789
-0.002004807,-0.0017457644
2.5399377e-05,-0.0016209425
0.0016832008,-0.0011491432
0.002502706,-0.00043895916
0.0022348354,0.00029996567
0.0009214144,0.0008346072
-0.0011389249,0.0010037565
-0.0035197951,0.0007842355
-0.0057434565,0.00027417328
-0.007364607,-0.00033409178
-0.008057955,-0.00080903136
-0.0076689813,-0.00095125585
-0.00621301,-0.00065228064
-0.003842917,8.46745e-05
-0.00079937413,0.0011503138
0.002671737,0.0023702986
0.0063519673,0.0035427476
0.0099187,0.0044643846
0.013026518,0.004973596
0.015356031,0.004926838
0.016667323,0.004198276
0.016851151,0.0026784935
0.01595889,0.00030642594
0.01418642,-0.0028807896
0.011820374,-0.0066960477
0.009151797,-0.010782548
0.006431215,-0.014591293
0.003910351,-0.017426288
0.0018623405,-0.01860547
0.0005383749,-0.017705657
9.67911e-05,-0.014763272
0.00056267664,-0.010324322
0.001840998,-0.0053141583
0.0037555895,-0.00080042664
0.0060185073,0.0022830998
0.008049196,0.0032466797
0.009121043,0.0018956083
0.0086197145,-0.0012759977
0.00625353,-0.0052685626
0.0020916695,-0.008866318
-0.0033766094,-0.010910889
-0.0091755,-0.010602289
-0.0139876,-0.0078205485
-0.016556086,-0.003230256
-0.016111076,0.0019231486
-0.012661257,0.00623878
-0.0070425957,0.00862033
-0.00068149995,0.008608505
0.0047993646,0.0064330804
0.007915658,0.0029088275
0.0077032545,-0.0006984753
0.0041787014,-0.0030963689
-0.0016401481,-0.0035391469
-0.008247831,-0.0019481215
-0.013838974,0.0011703098
-0.016686361,0.004497247
-0.015917916,0.0063754944
-0.011922016,0.0056620445
-0.0061211837,0.0022187713
-0.00038354416,-0.0032088233
0.003662981,-0.009624454
0.004781888,-0.01534512
0.0026828256,-0.018340776
-0.0016418792,-0.017456016
-0.0065056775,-0.013012616
-0.010134111,-0.00637777
-0.011100906,0.0005275296
-0.00868292,0.0055912696
-0.0032661778,0.0069901412
0.0037288081,0.004089725
0.010639128,-0.0025560786
0.015702963,-0.011590505
0.01744134,-0.02041982
0.015535836,-0.02575838
0.0110692615,-0.025194794
0.005918583,-0.01849432
0.0018541553,-0.0074738315
0.00018571714,0.005292932
0.0019691978,0.018027494
0.00742359,0.027771879
0.01504163,0.03152345
0.022403907,0.028425189
0.02776504,0.020105032
0.030253384,0.00945496
0.029669208,-0.00042996352
0.02634,-0.006871054
0.021309737,-0.0081873555
0.01603006,-0.0044999504
0.011806591,0.002464117
0.009543878,0.01037905
0.009504637,0.016674777
0.011147533,0.018795026
0.013333206,0.015450753
0.015042897,0.0073857047
0.015620692,-0.0033996361
0.014448191,-0.014713624
0.011026445,-0.024220971
0.0056633772,-0.029655857
-0.0006237077,-0.03007964
-0.0067375475,-0.02639927
-0.011930546,-0.020605778
-0.015787601,-0.014662019
-0.018142533,-0.009874827
-0.019095076,-0.006647819
-0.019026073,-0.004413528
-0.018449955,-0.0018814155
-0.017792463,0.0023633204
-0.017218368,0.009197481
-0.016470686,0.018562607
-0.0148146795,0.029227605
-0.011402655,0.038601425
-0.005930323,0.04317385
0.0010269922,0.04024654
0.008536447,0.030022621
0.01580753,0.015194896
0.021880513,-0.0014746715
0.025091158,-0.017933602
0.023613099,-0.030702734
0.017245868,-0.03572742
0.0077678473,-0.0320491
-0.0023773366,-0.02256777
-0.010929743,-0.0109107895
-0.01578588,0.0003933901
-0.0150371445,0.009222539
-0.00814026,0.013752718
0.0033742976,0.01419931
0.017261235,0.012239433
0.030956393,0.00932347
0.041206867,0.00712459
0.045020554,0.0071371943
0.041462626,0.009284665
0.032566298,0.011533042
0.021860458,0.01149753
0.012501285,0.007901956
0.0065938337,0.00096385315
0.004790533,-0.007874354
0.0061639487,-0.016885575
0.008980124,-0.023365995
0.011001667,-0.024538511
0.01016359,-0.019434232
0.0054613966,-0.010048872
-0.0025093306,-6.648633e-05
-0.012094691,0.0076991976
-0.0213458,0.010788878
-0.027680907,0.006729164
-0.029561715,-0.0039945436
-0.027304327,-0.018096337
-0.022593161,-0.031665865
-0.01723338,-0.04037646
-0.0129467305,-0.04006169
-0.011542299,-0.029950963
-0.014277567,-0.014289111
-0.020283818,0.0021472794
-0.027066978,0.016784335
-0.03149719,0.025785059
-0.031108921,0.025107086
-0.025118796,0.0155086
-0.014901242,0.0023531255
-0.0031153066,-0.00971393
0.00807504,-0.018582538
0.01679995,-0.02168289
0.021158138,-0.01784278
0.020717274,-0.009541508
0.01668435,-0.0013036025
0.011101974,0.0031422155
0.005946042,0.001511617
0.0027074425,-0.0063536484
0.0015663345,-0.018974414
0.0017186655,-0.033622622
0.0023710052,-0.04604821
0.0033576863,-0.051117867
0.004641145,-0.045960862
0.0054894397,-0.032677278
0.0054324395,-0.016245209
0.005239689,-0.00082589797
0.006394323,0.011329426
0.008884154,0.018544622
0.01187156,0.01940094
0.014083203,0.015160102
0.014797962,0.00842644
0.013476126,0.0016582893
0.010140743,-0.0033284032
0.0054204757,-0.005872053
0.00061258255,-0.0064540654
-0.002880799,-0.00627972
-0.0039136335,-0.006595256
-0.0020075215,-0.008221716
0.0024836739,-0.01119388
0.008556274,-0.014837919
0.01486723,-0.017963279
0.020139731,-0.019171333
0.02358014,-0.017525544
0.025116019,-0.013175992
0.025297511,-0.007264755
0.02498362,-0.0012451712
0.02482909,0.0037579369
0.024895847,0.007088618
0.02460156,0.008720637
0.023026232,0.009151269
0.019348579,0.009067691
0.013325944,0.008909581
0.005501356,0.008646436
-0.002924142,0.007906054
-0.010522514,0.006140576
-0.015561889,0.0027335915
-0.016424347,-0.002424069
-0.012475182,-0.008501551
-0.004362333,-0.01403059
0.006535156,-0.017724354
0.018661955,-0.018630426
0.030291328,-0.016205108
0.039687343,-0.01072759
0.045455683,-0.003532145
0.04683122,0.0033538514
0.043815814,0.007939103
0.037277237,0.009056351
0.028606111,0.0069405003
0.019021457,0.0030694383
0.009193246,-0.00060073874
-0.00054776034,-0.0023935717
-0.010145751,-0.0012756699
-0.019079968,0.0028767027
-0.025975915,0.009126952
-0.02970301,0.015478028
-0.029540388,0.019963622
-0.02567806,0.021397647
-0.019254649,0.020106778
-0.011907294,0.01752963
-0.0052723135,0.015205492
-0.00064497686,0.014105553
0.0013236654,0.014262429
0.0006219429,0.0148368785
-0.0020087662,0.014183614
-0.005346039,0.010536329
-0.008109099,0.0029080652
-0.009660104,-0.0084584085
-0.010098332,-0.022579582
-0.009924638,-0.037216492
-0.009423704,-0.048606027
-0.0082466835,-0.05225029
-0.0062139994,-0.045821223
-0.00422023,-0.03164806
-0.0028560406,-0.014369061
-0.0013030319,0.0022143708
0.0023013102,0.016415475
0.008565695,0.026447697
0.016620003,0.030134665
0.024743732,0.028322797
0.03155627,0.023308428
0.03562088,0.017425543
0.035925,0.012335842
0.032116506,0.008302586
0.024965785,0.0042445143
0.016022768,-0.0015295175
0.0068459255,-0.010198714
-0.0020461623,-0.022152057
-0.0109532615,-0.036496647
-0.019799111,-0.0502605
-0.027281912,-0.058443457
-0.030472215,-0.055651557
-0.028763385,-0.041176267
-0.025451096,-0.019805193
-0.022365851,0.0034466938
-0.018182289,0.02589402
-0.011145337,0.04388819
-0.0023652161,0.050747085
0.0050118016,0.04339682
0.010071292,0.026826547
0.013355865,0.007844493
0.0145575255,-0.009400958
0.012826776,-0.021633638
0.008708066,-0.024733633
0.0040433467,-0.01813212
3.854534e-05,-0.005810981
-0.0026708704,0.007848099
-0.0033190337,0.02007889
-0.0022069514,0.02727124
-0.0010564479,0.027474778
-0.0012711826,0.02227531
-0.0035145823,0.015225738
-0.007897337,0.009780713
-0.0141478665,0.008204311
-0.021152433,0.011345974
-0.026938576,0.018175447
-0.029376457,0.025915794
-0.027145894,0.030704292
-0.020483714,0.029613955
-0.010906736,0.022688558
-0.0003684202,0.012457912
0.009243943,0.0017420566
0.01637596,-0.0075489166
0.019286552,-0.012609148
0.017243378,-0.011156302
0.010914391,-0.0040676277
0.0019734404,0.0058040754
-0.007692494,0.016524484
-0.016237324,0.025977079
-0.021529442,0.031182908
-0.021860672,0.030108409
-0.016602866,0.02381525
-0.006671599,0.015376397
0.0060416195,0.007508629
0.019836165,0.00087848294
0.032516304,-0.004637373
0.0405269,-0.008381169
0.04063871,-0.0096248975
0.032079607,-0.00880474
0.017283294,-0.0073946607
-2.834019e-05,-0.0063380706
-0.017357754,-0.0050425758
-0.032325283,-0.0026139407
-0.040115878,0.00026626646
-0.03760939,0.0015907544
-0.026186407,0.00042483857
-0.010318655,-0.003094787
0.005662552,-0.009274841
0.019243091,-0.019409252
0.026620269,-0.032497637
0.025019376,-0.04486976
0.015429669,-0.05245126
0.0018771532,-0.05368638
-0.01093264,-0.04891705
-0.019008381,-0.03977934
-0.020198073,-0.028774342
-0.015023471,-0.018735252
-0.0061073136,-0.011867321
0.0033127128,-0.00933218
0.010266804,-0.0112784
0.011962381,-0.016578678
0.007368793,-0.022869987
-0.0019609493,-0.027782498
-0.012853877,-0.029723393
-0.021320455,-0.028069863
-0.02373559,-0.02366079
-0.018988747,-0.018342415
-0.009079647,-0.013977781
0.00250923,-0.011811147
0.012615835,-0.012529589
0.017906766,-0.015449693
0.015959125,-0.018701153
0.0073940703,-0.020523017
-0.0048018186,-0.020411342
-0.017201472,-0.01824279
-0.026077786,-0.0143145155
-0.028176036,-0.010036353
-0.022857253,-0.0070975437
-0.012615458,-0.0060962886
-0.001096499,-0.006712149
0.008794686,-0.008498582
0.0147588365,-0.010234706
0.015422909,-0.01032711
0.011745436,-0.008132726
0.0062754815,-0.0045678015
0.0016986602,-0.0011026437
-4.76866e-05,0.0007134262
0.0016075611,-0.00038786707
0.00573934,-0.005000362
0.010230607,-0.012565453
0.012615779,-0.021237284
0.011096851,-0.02791976
0.005649917,-0.029558148
-0.001937159,-0.024927178
-0.009106005,-0.015202616
-0.013609449,-0.0028246513
-0.013891592,0.009650193
-0.00938824,0.019178748
-0.0016107914,0.022820553
0.0062465915,0.019679412
0.011064963,0.011334978
0.010967644,0.00073477405
0.0055860397,-0.008986981
-0.0041699647,-0.015148765
-0.015911222,-0.015786825
-0.026135415,-0.010717325
-0.031752072,-0.0018953363
-0.0314166,0.0074051637
-0.025980169,0.013973667
-0.01793112,0.015930125
-0.010154875,0.013263169
-0.004775461,0.0075612892
-0.0025334572,0.0012965733
-0.0027693443,-0.0030268198
-0.003616005,-0.0033153815
-0.0026900675,0.0012637066
0.0017697946,0.009861825
0.010790891,0.020712202
0.023971794,0.03097081
0.03864681,0.03734961
0.049543127,0.03729883
0.050891947,0.03063808
0.042290486,0.019927155
0.028524887,0.008024938
0.013885404,-0.0027993715
0.00095026736,-0.010876242
-0.0086374525,-0.015171862
-0.01236282,-0.015174912
-0.009713274,-0.011770751
-0.0032352838,-0.006552277
0.0037121885,-0.0010211567
0.008441965,0.003736336
0.008619054,0.007170433
0.0035846496,0.00927782
-0.005064569,0.010402281
-0.014868016,0.011106824
-0.022935579,0.011733502
-0.02640201,0.012031993
-0.023861535,0.011653943
-0.016285475,0.010724724
-0.006312253,0.009699868
0.003416293,0.00881297
0.010976461,0.0079734605
0.01496146,0.007198118
0.015157805,0.006559492
0.012742791,0.005842532
0.009504774,0.0046615037
0.006964784,0.00264258
0.005819356,-0.00042551372
0.005732214,-0.004490064
0.0055996347,-0.009222761
0.0040946743,-0.013992858
0.00033066006,-0.018034913
-0.0056133466,-0.020814199
-0.012599009,-0.02222534
-0.018656157,-0.022556674
-0.02150082,-0.022427246
-0.019491825,-0.022580557
-0.012595304,-0.023497706
-0.002413914,-0.02522426
0.008702655,-0.02748328
0.018101957,-0.029426578
0.02296596,-0.02952702
0.02140399,-0.026586937
0.013729152,-0.02119496
0.0022004677,-0.015283387
-0.010501366,-0.010475669
-0.022192955,-0.0073991073
-0.03023948,-0.007020967
-0.03243044,-0.010279018
-0.028416626,-0.016627826
-0.01980119,-0.024265096
-0.008907434,-0.03124575
0.0021769726,-0.035690967
0.011674042,-0.035647355
0.018131781,-0.03000764
0.02084208,-0.019679092
0.020260332,-0.007037199
0.017754238,0.005701115
0.014767615,0.017215803
0.0121895885,0.026363106
0.010496168,0.031922
0.009890664,0.033292793
0.010401179,0.030853027
0.011814905,0.025609601
0.013646736,0.018566404
0.0152120935,0.010483605
0.01578647,0.0019080208
0.014719699,-0.006653838
0.011553656,-0.014494379
0.0062484224,-0.020562897
-0.0006569834,-0.02362003
-0.008092106,-0.022671618
-0.014745533,-0.017430348
-0.019456143,-0.008495184
-0.021452658,0.002856442
-0.020305496,0.014927252
-0.015972747,0.02555118
-0.009144706,0.032305174
-0.001299961,0.033392623
0.005903905,0.028556226
0.011371465,0.019103942
0.014737611,0.0070063956
0.01603523,-0.0060757897
0.015275307,-0.018958434
0.01268396,-0.030300926
0.009017437,-0.03892177
0.0052697924,-0.044257876
0.0023107238,-0.04638551
0.00066078175,-0.045744903
0.0004684825,-0.04279663
0.001600382,-0.037852887
0.0037440783,-0.031172602
0.006465533,-0.023159865
0.009314307,-0.014476998
0.011917704,-0.006051768
0.013980617,0.0011293463
0.015130569,0.0061015957
0.015075356,0.008055618
0.013927613,0.006836209
0.012326918,0.0031736395
0.011158988,-0.0015523466
0.011204707,-0.005790905
0.012976678,-0.008198981
0.01660532,-0.008009911
0.021651115,-0.0053785257
0.027091876,-0.001316051
0.031412587,0.0027179068
0.032840025,0.0052982704
0.03006201,0.0055412697
0.023101516,0.003479864
0.01328247,8.632137e-05
0.0023308164,-0.0030902792
-0.008567909,-0.0044025555
-0.018619906,-0.0025741232
-0.026240962,0.0027374488
-0.030650742,0.010328317
-0.031994008,0.018153967
-0.030981934,0.023824057
-0.028558886,0.02535671
-0.025474686,0.022022784
-0.021972673,0.0147738075
-0.017866382,0.0057291305
-0.012820816,-0.00285671
-0.0065453793,-0.009159616
0.001088181,-0.011992498
0.009768262,-0.011094691
0.018775735,-0.007262298
0.0271226,-0.001956256
0.03355456,0.0031929195
0.036756255,0.0068040187
0.036027484,0.008067485
0.03187356,0.0069195447
0.025695516,0.003927778
0.01902007,-4.3033433e-05
0.012957305,-0.004263285
0.008167867,-0.008364422
0.0049588666,-0.012309883
0.003454581,-0.016141217
0.0036494825,-0.01971229
0.0054063895,-0.022490688
0.008460844,-0.023532743
0.012340112,-0.021768924
0.016269866,-0.016557047
0.01924898,-0.008194576
0.02028889,0.0020302522
0.018528942,0.012172835
0.0133006,0.019867497
0.004623166,0.022810722
-0.0062437095,0.019901684
-0.017270178,0.012075656
-0.026681038,0.0016844345
-0.03263217,-0.008290499
-0.032963023,-0.0143658
-0.026922803,-0.013592833
-0.017045109,-0.0053981803
-0.0073700133,0.00796819
0.00022964465,0.02358772
0.004716948,0.037655655
0.0034340068,0.044570964
-0.004542298,0.039978534
-0.015739301,0.024821764
-0.026274491,0.0039831544
-0.035407014,-0.018686092
-0.041743312,-0.039669912
-0.040851276,-0.05288983
-0.02917846,-0.052003097
-0.013366222,-0.037948422
-0.0015408094,-0.01760755
0.0045200265,0.002552151
0.006641809,0.019440137
0.004384116,0.030034168
-0.0019359906,0.03044253
-0.008985454,0.021474745
-0.013172089,0.0076308423
-0.013331543,-0.0062869503
-0.0092875045,-0.016528625
-0.0016773465,-0.019909289
0.0072469576,-0.0152218295
0.014440255,-0.0044419193
0.018163525,0.009074704
0.017513948,0.021815965
0.0122629525,0.030089134
0.0035996628,0.03105025
-0.0056914296,0.024576014
-0.01263211,0.013281079
-0.01568128,0.0008272162
-0.014574694,-0.009548809
-0.009733679,-0.015136099
-0.0025492157,-0.014385143
0.0047629885,-0.0078011374
0.010408337,0.0022616724
0.0136200115,0.013277269
0.013687797,0.022420704
0.010186864,0.026975106
0.0036650086,0.025550798
-0.0043634153,0.018975262
-0.012487023,0.009755859
-0.020286592,0.000723676
-0.027365267,-0.005644387
-0.032653004,-0.00715794
-0.035113398,-0.0029091188
-0.034666896,0.006241556
-0.03184702,0.018197186
-0.026965996,0.030222092
-0.020238135,0.039062142
-0.012479475,0.041682165
-0.0048711426,0.037094
0.0019782016,0.027187357
0.0080941245,0.015281493
0.013494776,0.0043993187
0.018012708,-0.0031704989
0.021247791,-0.0053269155
0.0227731,-0.0012257288
0.02220713,0.0076747593
0.019299874,0.018493898
0.0138446065,0.027812818
0.0058521507,0.032057017
-0.003662213,0.028763214
-0.012422315,0.018333668
-0.0183266,0.0037846228
-0.020504931,-0.011473205
-0.018182093,-0.024174223
-0.010944619,-0.030659461
-0.00040606802,-0.028699635
0.009780959,-0.019354668
0.016397214,-0.0061956006
0.017780699,0.006938112
0.013058486,0.016607214
0.0028612565,0.019988386
-0.009884696,0.016420888
-0.021607636,0.007732329
-0.02924789,-0.0031924827
-0.02986473,-0.012971133
-0.02213685,-0.018126355
-0.008470173,-0.01662864
0.006460226,-0.0093423845
0.019635782,0.0010192704
0.028942348,0.012147339
0.031555533,0.021317003
0.026615752,0.02620545
0.017141523,0.026103247
0.0077820662,0.022476597
0.002167326,0.01782346
0.0021593685,0.0144438185
0.007793642,0.013676278
0.01747424,0.015386757
0.028482364,0.01801651
0.036859617,0.019346464
0.038437888,0.017414149
0.031826343,0.011393344
0.019876655,0.001894921
0.006678893,-0.009309577
-0.0057040467,-0.020208485
-0.015473495,-0.028304402
-0.019403711,-0.031027589
-0.01646985,-0.02787996
-0.009198972,-0.020652032
-0.0009352181,-0.012251642
0.0061766007,-0.0053410213
0.011183079,-0.0016115231
0.013555794,-0.0015329414
0.013861586,-0.004205138
0.013502341,-0.0075541204
0.013668119,-0.009302312
0.014812639,-0.007621375
0.01647282,-0.0019432416
0.017446376,0.006822026
0.016297068,0.016747924
0.011748953,0.025419606
0.0033324044,0.030550249
-0.007911279,0.030944522
-0.019735252,0.027052147
-0.029797336,0.020570258
-0.036009043,0.013588101
-0.03688499,0.008066617
-0.032521892,0.00545907
-0.024923947,0.0061519123
-0.016649745,0.009271252
-0.009388853,0.013232516
-0.0037184309,0.016466675
0.00055197446,0.017875193
0.00424379,0.01723034
0.0085277455,0.0151973
0.014314241,0.012848883
0.021789111,0.011028921
0.030160403,0.010040649
0.037652075,0.009657937
0.041934464,0.009320099
0.04120005,0.008395997
0.0354511,0.006387007
0.026650056,0.0031820377
0.017417544,-0.0006928812
0.009821659,-0.0042816917
0.004963155,-0.0067548873
0.0029717563,-0.0078520235
0.0029916884,-0.0080446
0.0033133118,-0.008446503
0.002105921,-0.010361119
-0.0018153607,-0.014720625
-0.008622226,-0.021629758
-0.017311545,-0.03007039
-0.025511732,-0.03787677
-0.029573366,-0.04213553
-0.026324179,-0.040355224
-0.016478918,-0.03214024
-0.004303039,-0.01947937
0.006348912,-0.005552866
0.013815684,0.006794117
0.015901346,0.015589372
0.010782687,0.018443238
0.00033746957,0.01508769
-0.011115996,0.007530856
-0.020249084,-0.0013675202
-0.02348338,-0.00899962
-0.01806912,-0.012994698
-0.0052338545,-0.0121740345
0.010517387,-0.0076548113
0.025828984,-0.0019024136
0.03617693,0.0028832168
0.03588875,0.005061185
0.023698343,0.0035919363
0.004842179,-0.0017057472
-0.015708359,-0.0092218
-0.036558423,-0.01648794
-0.051192176,-0.021340802
-0.050996687,-0.023580875
-0.035223287,-0.023525408
-0.012250834,-0.021384155
0.011688968,-0.01947589
0.03508324,-0.020764839
0.054154288,-0.02555579
0.062168617,-0.030014448
0.055806812,-0.028357467
0.040763535,-0.021425178
0.023796413,-0.01214773
0.009050468,-0.0011784696
-0.0011694094,0.011588971
-0.0060166335,0.02534347
-0.0049355384,0.03601102
-3.258543e-05,0.039747085
0.005582482,0.035891037
0.009985358,0.026382215
0.012166552,0.014631444
0.012025322,0.0039086537
0.010068925,-0.0033923788
0.007553948,-0.0059726434
0.005787293,-0.004000815
0.0056451974,0.00061362155
0.007311897,0.005324009
0.010327266,0.007493961
0.013472466,0.005154821
0.015374931,-0.0017207399
0.015174218,-0.011553502
0.012394781,-0.021842977
0.0072213532,-0.029490024
0.00083611894,-0.031814598
-0.0050692963,-0.02785238
-0.009201529,-0.01900901
-0.01103592,-0.007898893
-0.010507449,0.0029821792
-0.007765965,0.011756095
-0.0034732434,0.016905487
0.0010679405,0.017891148
0.004527226,0.015522823
0.0060218866,0.011263298
0.0052319444,0.006493439
0.0023971493,0.0020533155
-0.0018033208,-0.001861602
-0.006538709,-0.005518207
-0.010765956,-0.009210628
-0.013548685,-0.013009035
-0.014374891,-0.016420389
-0.01331832,-0.018413566
-0.011033096,-0.017806595
-0.008605088,-0.013806227
-0.007171798,-0.006509499
-0.0074617956,0.0030502218
-0.009407339,0.013729256
-0.012292817,0.024043953
-0.015119618,0.03186236
-0.016707735,0.035290133
-0.01598925,0.03367567
-0.012374506,0.028126819
-0.0060705175,0.020770343
0.001967929,0.013440718
0.0105171325,0.0069261794
0.01849995,0.0009619652
0.024724592,-0.0048932596
0.028287733,-0.01084496
0.029063698,-0.016791409
0.027641563,-0.022075439
0.024916915,-0.025419915
0.02174337,-0.025176888
0.018661572,-0.020080164
0.015735997,-0.01014891
0.0127696935,0.0031805239
0.009816479,0.018263167
0.0066754688,0.033086058
0.003042985,0.044155702
-0.0014402233,0.047549203
-0.0060647805,0.041744538
-0.009153864,0.02929185
-0.009648842,0.014661922
-0.007887546,0.0016334899
-0.004940526,-0.0075212335
-0.0014699639,-0.011568483
0.0017397859,-0.010324746
0.003832989,-0.005715331
0.0044580367,-0.00068690453
0.00396003,0.002168791
0.0029514125,0.0012895144
0.0022753086,-0.0031767827
0.0026119906,-0.009460536
0.0042939745,-0.014678938
0.007388914,-0.015626123
0.011480544,-0.010266979
0.015864152,0.001003522
0.020459814,0.01624789
0.02548264,0.032731585
0.030338118,0.046215717
0.032612972,0.051409513
0.030212171,0.045418628
0.024859995,0.031090286
0.019012857,0.013866094
0.012749571,-0.0018557647
0.0049667116,-0.013217141
-0.0046831965,-0.017890612
-0.014843198,-0.014803611
-0.023727378,-0.0059514064
-0.02955434,0.00522297
-0.030353028,0.01473202
-0.025008328,0.01871303
-0.014308518,0.015854992
-0.0005690296,0.0083731795
0.013936706,-0.000678064
0.027246887,-0.009668208
0.036065392,-0.015280457
0.037769355,-0.014117094
0.032166664,-0.006660068
0.021855166,0.0030706984
0.010234889,0.01124651
4.2074396e-05,0.01545283
-0.0067920503,0.01369836
-0.009029482,0.0057583447
-0.0071234577,-0.0058729667
-0.0031724737,-0.018334629
0.00051904283,-0.028640322
0.0019193985,-0.033064265
-0.00014125586,-0.029621046
-0.0056999377,-0.020204404
-0.013588777,-0.008815235
-0.021776356,0.0014662025
-0.027503887,0.007952643
-0.028189847,0.007839111
-0.022874963,0.0009285439
-0.012747929,-0.009798726
-6.27178e-05,-0.021339027
0.013461577,-0.031290937
0.025824677,-0.03615288
0.034834083,-0.032695863
0.03891511,-0.021318432
0.038218036,-0.0061292145
0.034240883,0.008476809
0.028512623,0.019406283
0.021858402,0.024401516
0.015063272,0.022614667
0.00916553,0.015599276
0.0049291616,0.0065332325
0.0026124988,-0.0013457242
0.0022863662,-0.0057050483
0.0044606514,-0.005038408
0.009730965,0.000713101
0.018474746,0.010083436
0.03090731,0.020841477
0.04633332,0.030004045
0.062006216,0.03443212
0.07192964,0.032033075
0.069703795,0.023624849
0.05734719,0.012053699
0.041056972,-0.0007307247
0.024244253,-0.012915048
0.008278322,-0.02311613
-0.0056616673,-0.03020205
-0.014961409,-0.03312867
-0.01726422,-0.031894855
-0.012883463,-0.027682759
-0.0044876467,-0.021946067
0.004833944,-0.015939644
0.012671504,-0.010547712
0.017140273,-0.0059878114
0.01702253,-0.0021933625
0.012514588,0.0008627615
0.0051978976,0.0031483772
-0.0030440288,0.0048749275
-0.010888812,0.0064698574
-0.017097894,0.00786529
-0.021040522,0.008809585
-0.022842705,0.009245825
-0.023051701,0.009225012
-0.022237355,0.008851554
-0.020602774,0.008208404
-0.017960653,0.0073471647
-0.0139084915,0.0063374015
-0.00820044,0.0052875043
-0.0010190369,0.0043413853
0.0070793754,0.0035776806
0.015280607,0.002902211
0.022031521,0.002299719
0.02574097,0.0018284029
0.025535591,0.0013527484
0.021837637,0.0004684902
0.016239112,-0.0013521995
0.010855224,-0.0044604978
0.0075504915,-0.008854822
0.0074964855,-0.014234769
0.010953024,-0.01995429
0.017092727,-0.02506278
0.024023699,-0.028364558
0.029186225,-0.028577264
0.030101411,-0.024923842
0.025538413,-0.018093128
0.01629525,-0.010209673
0.0047202953,-0.0034470698
-0.0063858433,0.0011138805
-0.015148575,0.0033080743
-0.01909996,0.0024850552
-0.01700899,-0.0011145859
-0.009882276,-0.0058326414
-0.00028862464,-0.009897882
0.009058368,-0.01213428
0.015418,-0.011373125
0.016485337,-0.0069521256
0.011657377,0.0003454244
0.0024942302,0.008756631
-0.008739271,0.017435355
-0.019703062,0.025623217
-0.027584812,0.031700585
-0.030230286,0.033912573
-0.027363366,0.031977117
-0.020780377,0.02740392
-0.013279571,0.022045977
-0.007499702,0.016850274
-0.0052452614,0.01202493
-0.00717753,0.0076629673
-0.0127322,0.0039256806
-0.020280227,0.001066171
-0.027379425,-0.00058354106
-0.031307105,-0.00074828294
-0.03023403,0.00067043776
-0.024328446,0.0035339375
-0.01559099,0.0074064313
-0.006578724,0.011435185
0.00060343964,0.01432309
0.004212087,0.014633284
0.0032695786,0.01151249
-0.0013977725,0.00524024
-0.007837634,-0.0028513523
-0.014145826,-0.01104077
-0.017867347,-0.016971448
-0.016699348,-0.018285649
-0.010407673,-0.01372013
-0.0012131729,-0.003925768
0.008504748,0.008974049
0.018145636,0.023241168
0.025631381,0.035599742
0.02798882,0.04215816
0.023970947,0.040061522
0.01633777,0.029846868
0.009395689,0.014771763
0.0054893093,-0.001327168
0.004513664,-0.015991522
0.0059185857,-0.027142545
0.009070554,-0.031515867
0.012041213,-0.027897174
0.012335801,-0.017913677
0.008588748,-0.005043114
0.0011507736,0.0075186477
-0.008742464,0.018538687
-0.019418262,0.026621675
-0.028089391,0.030087227
-0.032024167,0.028199367
-0.029869685,0.02209962
-0.02253333,0.014488668
-0.012601186,0.0077526206
-0.0030533103,0.00286881
0.0035464817,-0.0003019109
0.0056934,-0.0021318765
0.0027385936,-0.0028437888
-0.0041790837,-0.0029650503
-0.012989626,-0.0026562782
-0.021193564,-0.0017942986
-0.026093451,-0.00043751273
-0.02594048,0.0012297089
-0.02097027,0.003090188
-0.013156821,0.0050979564
-0.005046797,0.0069564776
0.0013140303,0.008125819
0.0045022448,0.008012403
0.003931736,0.0063308533
0.00039667002,0.0032161302
-0.00442389,-0.0009051205
-0.008894339,-0.0054473765
-0.0114990715,-0.009725451
-0.011390344,-0.013077032
-0.008898919,-0.015008753
-0.005284041,-0.015427746
-0.0021029057,-0.014608434
-0.0005665817,-0.013090335
-0.0011177021,-0.011534454
-0.0032852388,-0.010559105
-0.0059404187,-0.010542412
-0.007732826,-0.011521625
-0.007603227,-0.013244225
-0.005318644,-0.015179882
-0.001697493,-0.016633179
0.0016525099,-0.016912946
0.002878644,-0.015513652
0.00055753184,-0.012358732
-0.0056463266,-0.007987644
-0.014955679,-0.0031261295
-0.025675878,0.0018329629
-0.035024576,0.00610264
-0.039732836,0.008427342
-0.03750009,0.007915688
-0.028610054,0.005196483
-0.015720723,0.0020240813
-0.0022150213,-0.00023161576
0.009148552,-0.0014326896
0.016488196,-0.0013319561
0.017512748,0.00022924601
0.012301638,0.0025707402
0.0030210577,0.0041658087
-0.007514397,0.0041048075
-0.017074348,0.0018944364
-0.023433156,-0.002703396
-0.02526631,-0.009161372
-0.02292283,-0.015794648
-0.018193739,-0.020640125
-0.013252245,-0.0219001
-0.009982517,-0.018518168
-0.009381324,-0.010654199
-0.0111542605,0.0002675022
-0.013808682,0.013000774
-0.014917476,0.026225893
-0.012223283,0.03752057
-0.004685393,0.04448066
0.0068898457,0.04624821
0.02061046,0.04369137
0.033929333,0.03826393
0.043683015,0.031305205
0.04656024,0.024315769
0.041155826,0.01871995
0.029192979,0.014915025
0.014049667,0.01253363
-0.0012088567,0.011557152
-0.01474568,0.012536632
-0.02453303,0.015269263
-0.028428257,0.019198852
-0.02606355,0.02350867
-0.019046588,0.027841846
-0.009674307,0.03161634
-8.8774446e-05,0.033739556
0.007888454,0.032792147
0.012890346,0.027853921
0.014632273,0.019150719
0.014025205,0.008103745
0.012247839,-0.0034371465
0.010043618,-0.013611141
0.007918205,-0.02021635
0.0064962986,-0.021128107
0.0060530566,-0.015830396
0.006296912,-0.005832648
0.0070381467,0.006393417
0.008493108,0.018803095
0.010447999,0.028733935
0.011989259,0.033418305
0.012200168,0.031653006
0.010865655,0.024700139
0.008186753,0.015256753
0.0042126607,0.006089997
-0.0011474949,-0.00070313324
-0.008046154,-0.0040460047
-0.015801573,-0.0036963427
-0.023206126,-0.0005654511
-0.029017882,0.0031957761
-0.032192927,0.0052204556
-0.032116633,0.0035515379
-0.0290717,-0.0023709778
-0.024086548,-0.011533182
-0.018523542,-0.022229673
-0.013483964,-0.03248288
-0.009627681,-0.039841074
-0.007095905,-0.04189783
-0.0057974565,-0.037981335
-0.005608933,-0.029790396
-0.00619264,-0.020150542
-0.006962086,-0.01164051
-0.007392045,-0.0061073788
-0.0072773877,-0.0045978655
-0.0067176223,-0.0072281207
-0.0060248026,-0.013069274
-0.005397399,-0.020339005
-0.004671425,-0.026675057
-0.003206763,-0.02959825
-0.0002483357,-0.027393898
0.0044625844,-0.019983165
0.010602705,-0.008900037
0.01809922,0.0038091755
0.026859181,0.016540414
0.03544252,0.027020898
0.04075402,0.03276506
0.03964168,0.032152276
0.03192406,0.025439085
0.020471532,0.014453457
0.008185299,0.0015197782
-0.0035935736,-0.011394415
-0.014985782,-0.023414204
-0.023957692,-0.03264072
-0.02801535,-0.037674583
-0.026339347,-0.038002327
-0.020610973,-0.03431526
-0.01379038,-0.028015427
-0.008358039,-0.020617818
-0.0057066255,-0.013318463
-0.006173495,-0.0069342987
-0.009280881,-0.001885756
-0.013826171,0.0018796695
-0.018133307,0.004458533
-0.020355485,0.0058968198
-0.01919214,0.006280197
-0.014451746,0.0058875196
-0.007179014,0.0051660896
0.0008358704,0.0044701416
0.007857356,0.0038300047
0.012283311,0.0031561346
0.012747125,0.0024193465
0.00918706,0.001454004
0.0028662565,-0.00012691556
-0.004256361,-0.0026472867
-0.010330937,-0.0062519335
-0.013284977,-0.010888349
-0.011646975,-0.01620034
-0.0053340546,-0.021396553
0.0044357767,-0.025643157
0.015749432,-0.028164085
0.02621383,-0.02813386
0.033153296,-0.024796313
0.034439392,-0.018318124
0.029643353,-0.0103683425
0.02032645,-0.0033342214
0.009082694,0.0010090157
-0.0014790135,0.0020205157
-0.009648012,8.652715e-06
-0.014178701,-0.0047319494
-0.014229925,-0.011125725
-0.010412266,-0.017449712
-0.00422643,-0.022006078
0.0024533523,-0.02351409
0.007794127,-0.021209102
0.010500141,-0.015281501
0.010218898,-0.0068869595
0.007671853,0.0024095927
0.0041980906,0.011536018
0.00095313,0.019810332
-0.0011912207,0.026234964
-0.0019882992,0.02995837
-0.0018563331,0.030578688
-0.0016651234,0.028183544
-0.0023128272,0.023212465
-0.004322929,0.016294975
-0.0075858836,0.008186491
-0.011467902,-0.00021872306
-0.01488559,-0.00802111
-0.016127411,-0.014046945
-0.013552952,-0.017080188
-0.006687775,-0.016423764
0.0033896856,-0.012411667
0.0151216565,-0.006448185
0.027166517,-0.000184542
0.03720739,0.004636306
0.04211917,0.006537965
0.039924953,0.004832497
0.03171111,-7.876157e-05
0.02055177,-0.0068279104
0.009200231,-0.0134233255
-0.00060886703,-0.017760895
-0.007158921,-0.01807057
-0.008902144,-0.013903837
-0.005978019,-0.006682004
3.2633405e-05,0.0010813406
0.0076719476,0.006906138
0.015167352,0.00836393
0.020164456,0.004008392
0.021076778,-0.0054376596
0.01776954,-0.017771022
0.010537563,-0.03007135
0.0002681925,-0.038782068
-0.011016641,-0.04060551
-0.020530302,-0.0344451
-0.0266013,-0.02232997
-0.02873471,-0.0077807494
-0.026858013,0.0059232824
-0.020937975,0.015778221
-0.011716421,0.019532729
-0.0007707724,0.016934901
0.010217922,0.009850813
0.019924143,0.00060675136
0.026785187,-0.008396402
0.029321868,-0.014216409
0.027022101,-0.014724162
0.020792678,-0.010192017
0.012434629,-0.0028122214
0.004007688,0.0051336656
-0.002708639,0.012387204
-0.006354592,0.017566293
-0.005973783,0.019444011
-0.0018288909,0.017947286
0.004930863,0.014059995
0.012664206,0.008650621
0.019573573,0.001990817
0.023797628,-0.005897365
0.024012305,-0.014796503
0.020018965,-0.024391953
0.012605617,-0.034211747
0.0029712606,-0.043321766
-0.0073034363,-0.049974844
-0.016131304,-0.051965885
-0.02153558,-0.047759525
-0.023211079,-0.037791077
-0.022752639,-0.024169445
-0.02197612,-0.00934582
-0.021853901,0.004738261
-0.022499917,0.016671145
-0.023616739,0.024875026
-0.024545247,0.028161054
-0.024186445,0.026739687
-0.02134616,0.0222443
-0.015317602,0.016866993
-0.0062555894,0.012390576
0.004908766,0.009602571
0.017229559,0.008070898
0.029279497,0.0067185313
0.03858538,0.004698811
0.042683173,0.001804969
0.04045663,-0.0015522236
0.032923885,-0.004781791
0.022515595,-0.0073055006
0.011779748,-0.008518644
0.002767188,-0.00802426
-0.0030779375,-0.005973107
-0.00497613,-0.0031702013
-0.003034423,-0.00088867126
0.0015209568,-0.00021204133
0.0070466786,-0.0016314962
0.011722319,-0.004915416
0.014044883,-0.008791037
0.013433329,-0.0113945315
0.010518985,-0.011118176
0.0067787007,-0.0073220744
0.003943823,-0.00055175903
0.0035152263,0.007948794
0.006384437,0.016599305
0.012387627,0.023143684
0.019871283,0.025747877
0.026291627,0.02402331
0.029231107,0.019143678
0.027337303,0.013339127
0.020874994,0.008887086
0.011478454,0.007259711
0.001497514,0.008881374
-0.006883426,0.013451009
-0.011474252,0.01950265
-0.010673637,0.02458605
-0.0047619725,0.02655099
0.004358427,0.02498947
0.014165114,0.020817481
0.02216745,0.015586524
0.026320847,0.011274654
0.02579273,0.00985018
0.021564258,0.012136162
0.015890682,0.01752714
0.011174936,0.024529923
0.009166876,0.030935043
0.010378141,0.034080364
0.013715973,0.0322084
0.017059283,0.025681987
0.018240144,0.016530672
0.015724024,0.0073012128
0.009194136,0.0002517461
-0.00013114895,-0.0032171416
-0.010181765,-0.0028421178
-0.017942684,0.00070136506
-0.020019691,0.0052189687
-0.014947556,0.0076523386
-0.0041629826,0.0062712315
0.009242137,0.0009148947
0.022225711,-0.008783339
0.030254591,-0.021707
0.029183695,-0.033797637
0.018456383,-0.04067989
0.001562207,-0.041210875
-0.016890747,-0.03655703
-0.032185227,-0.027885422
-0.03912727,-0.016971618
-0.03441797,-0.0070386063
-0.019942632,-0.00030886853
-0.00093311036,0.0032996484
0.019032866,0.004092852
0.036483,0.002007323
0.044968247,-0.0010854808
0.04057155,-0.0017781215
0.026356986,-7.133922e-05
0.008510753,0.0023200319
-0.008002918,0.0048112455
-0.020821745,0.007747932
-0.026328092,0.009619828
-0.023635486,0.009375517
-0.015758831,0.007849074
-0.007307234,0.0067161885
-0.002174078,0.0068988185
-0.0029330214,0.008928096
-0.010243867,0.012933531
-0.022472695,0.018595962
-0.03627434,0.025039375
-0.046736173,0.030051889
-0.04856221,0.03001988
-0.039670825,0.02392549
-0.023291998,0.015618717
-0.004800922,0.00892738
0.011541718,0.0048664287
0.023010746,0.0034509825
0.025331212,0.006003449
0.017456483,0.011993985
0.0027450246,0.018830853
-0.014483954,0.024999984
-0.030012429,0.028669845
-0.03826891,0.026440952
-0.034643915,0.016475193
-0.019823391,0.002830437
0.0011260813,-0.009382096
0.025038524,-0.020710757
0.050213777,-0.031789225
0.0714025,-0.03986888
0.07980987,-0.036846034
0.06972358,-0.020001888
0.04880396,-0.0029370517
0.025189606,0.0079709655
0.0038494936,0.013819452
-0.013871703,0.017199889
-0.026227392,0.017834822
-0.030401448,0.015629115
-0.026221659,0.012165118
-0.016179638,0.009483555
-0.0035375014,0.008363767
0.0091787465,0.008462634
0.020541817,0.008319306
0.02880682,0.0067365156
0.032776885,0.0033276507
0.032688197,-0.0013956333
0.029878167,-0.006223747
0.025847703,-0.00955422
0.021643305,-0.0101130875
0.017859137,-0.0075381943
0.0145264035,-0.0019615847
0.0113778245,0.005151643
0.007846742,0.01208875
0.0034168884,0.016829375
-0.0020692484,0.017803667
-0.008172475,0.014623401
-0.014004814,0.00833308
-0.018715601,0.00072486396
-0.021486815,-0.0063387896
-0.021616453,-0.011325706
-0.019075047,-0.013519062
-0.014822714,-0.013435083
-0.010378099,-0.012587656
-0.007173116,-0.0127668055
-0.0062531345,-0.01527287
-0.008200944,-0.02037355
-0.013017052,-0.02704544
-0.01992406,-0.033068888
-0.02721544,-0.035632983
-0.03254734,-0.032479346
-0.034309734,-0.023416433
-0.032670412,-0.010489301
-0.02865284,0.0032518655
-0.022926498,0.014682767
-0.01605034,0.02065879
-0.00909495,0.018908558
-0.0031249006,0.009811715
0.0013690392,-0.003778162
0.0038141473,-0.019474449
0.0033477482,-0.033872537
-8.303383e-05,-0.04205676
-0.005382174,-0.040341828
-0.011947409,-0.029767027
-0.019738225,-0.014366823
-0.028331768,0.0026946703
-0.036045365,0.019838145
-0.040458675,0.034123424
-0.039485794,0.041627478
-0.032922335,0.040820815
-0.022229007,0.0347746
-0.009860357,0.027719297
0.0016336974,0.021902267
0.009863614,0.017796863
0.012691496,0.015177677
0.009043011,0.013546448
-2.5194959e-05,0.012068299
-0.0119957,0.0104109235
-0.023957828,0.008773893
-0.03221005,0.007385507
-0.033091895,0.006507029
-0.025489219,0.0067265327
-0.0120038185,0.008776649
0.0034913872,0.012565537
0.018595818,0.016611142
0.029867716,0.018936852
0.032944012,0.01834037
0.026626274,0.014625535
0.01430062,0.008403066
0.0005425758,0.0010715601
-0.011993317,-0.005307571
-0.021303793,-0.009287847
-0.024501076,-0.009560664
-0.021367952,-0.0064507085
-0.0147672715,-0.0010665718
-0.008020251,0.0048512938
-0.003606833,0.00963643
-0.0029272204,0.011957857
-0.006319856,0.011424008
-0.0123081645,0.008670043
-0.01870906,0.0051756776
-0.022857603,0.0022231136
-0.0225846,0.000801574
-0.017252339,0.0012179291
-0.008217012,0.003032697
0.0022615024,0.005222329
0.012614713,0.0064984635
0.021097869,0.005822389
0.02604717,0.0031168615
0.027314965,-0.0007449506
0.025966413,-0.0045482744
0.023528993,-0.0071498025
0.021309095,-0.007920206
0.019954788,-0.006902301
0.01936331,-0.004855099
0.018898236,-0.0029331706
0.017803842,-0.0022306032
0.015586785,-0.0033290498
0.012390924,-0.0060758605
0.008910641,-0.00962756
0.0060448106,-0.012770464
0.0046319286,-0.014307771
0.005144695,-0.01359109
0.007336242,-0.010859758
0.010285543,-0.0071007586
0.012834097,-0.0035924239
0.013894877,-0.0014286306
0.01282949,-0.0011228707
0.009836647,-0.0023585984
0.005840744,-0.0041079023
0.0019618075,-0.0050426587
-0.0009195371,-0.004031998
-0.0024302516,-0.00062678236
-0.0029666845,0.0047458
-0.0034874966,0.011017941
-0.005248802,0.016714526
-0.00943518,0.020571271
-0.016508352,0.02220846
-0.025953308,0.022415392
-0.03638893,0.02284409
-0.04561675,0.025323404
-0.050844297,0.030960854
-0.049862936,0.039516885
-0.042579547,0.04967765
-0.03077263,0.05954813
-0.016932657,0.06653831
-0.0041544572,0.06772291
0.004287985,0.061660063
0.007001862,0.04998085
0.005102728,0.036193643
0.0003922439,0.02363581
-0.0056167627,0.014758525
-0.011493719,0.011020836
-0.01542319,0.012634442
-0.015772851,0.018340666
-0.011851583,0.02560569
-0.0040080673,0.031615805
0.0065389364,0.03414681
0.017872194,0.03231446
0.027773175,0.026903577
0.034028627,0.019988282
0.034817483,0.014159763
0.029402684,0.011479526
0.018672487,0.012379838
0.0047745635,0.015846575
-0.009994337,0.020723993
-0.023185303,0.025256237
-0.031297524,0.026681067
-0.031116936,0.022772081
-0.022070361,0.014874674
-0.0068065505,0.0067993305
0.010799053,0.0011334859
0.028496094,-0.0024205532
0.04186223,-0.003082896
0.045159318,0.00013112451
0.035620153,0.0055148033
0.016721034,0.008847694
-0.005631815,0.007761919
-0.028888483,0.0032488653
-0.050955042,-0.0042650816
-0.06624094,-0.013986565
-0.06724821,-0.024584288
-0.05261293,-0.031954337
-0.030899774,-0.032209188
-0.010525694,-0.02591878
0.0046490887,-0.016294366
0.013527424,-0.006248093
0.01582202,0.002096284
0.012413326,0.0070420722
0.00617075,0.0077679763
0.00029148828,0.0053814226
-0.0031342746,0.0019144425
-0.0033923993,-0.0006298804
-0.0011647459,-0.0008350869
0.0016863274,0.0015797712
0.0032312355,0.0056133615
0.0021619007,0.009293673
-0.0016683473,0.010372551
-0.0069877175,0.0072333785
-0.011804902,-0.00019419687
-0.014464451,-0.010715742
-0.013895021,-0.022311071
-0.009932461,-0.032171536
-0.0035848496,-0.037212674
0.0028776543,-0.035341647
0.0067910617,-0.026868772
0.0065520843,-0.0145414565
0.002592316,-0.0018515572
-0.0028427872,0.008770088
-0.007637614,0.016295515
-0.0094796745,0.018952996
-0.0071574496,0.016575947
-0.0011978544,0.010951973
0.0063065025,0.004342044
0.0128914,-0.0019423122
0.015914278,-0.007011288
0.0137364995,-0.010016466
0.007021607,-0.011075903
-0.0017012238,-0.010957308
-0.009508788,-0.010072867
-0.013480092,-0.008355417
-0.01170396,-0.005672277
-0.004810401,-0.0017240389
0.0043295906,0.003749124
0.012868831,0.010613699
0.01745146,0.018325066
0.015284029,0.025982881
0.006332932,0.032203406
-0.006558549,0.036045585
-0.019328047,0.037034974
-0.0275184,0.034510642
-0.027447583,0.028185518
-0.018861244,0.019857911
-0.005430849,0.012269724
0.008077849,0.006332594
0.017881803,0.0011503922
0.01982245,-0.0032721125
0.012150312,-0.006365441
-0.0022715367,-0.008601491
-0.019774169,-0.009941828
-0.03623745,-0.008958649
-0.045146164,-0.0051936824
-0.04150794,0.00035298933
-0.02755929,0.006975989
-0.0098503465,0.014587798
0.0072847586,0.022140598
0.020643093,0.027247613
0.025054736,0.02775345
0.018543936,0.022987567
0.0056173154,0.014116999
-0.007998776,0.003595003
-0.019412417,-0.006060053
-0.02502057,-0.012710057
-0.02199929,-0.014153529
-0.012248667,-0.009693954
-0.0010054441,-0.0008097121
0.008067973,0.0098175155
0.013159476,0.0197433
0.012143697,0.025806395
0.005843318,0.025741631
-0.0016536529,0.019595487
-0.0061550103,0.009840078
-0.0049168086,-0.00033857033
0.0022989197,-0.007933509
0.014097744,-0.010985856
0.027185842,-0.008410776
0.037340876,-0.0004728673
0.04009956,0.011016793
0.033287723,0.022622006
0.018873155,0.030400744
0.0018713395,0.03227656
-0.012534819,0.028333195
-0.019807413,0.019902755
-0.017107612,0.009782548
-0.0053091613,0.0020109944
0.011320102,-0.0007667528
0.030105853,0.0009827897
0.0469987,0.0068274844
0.056507252,0.015734907
0.053957168,0.025067803
0.040236752,0.030650632
0.021649595,0.029409684
0.0043953583,0.021829821
-0.008419174,0.010525199
-0.016491368,-0.0015455023
-0.020460824,-0.012212313
-0.021357924,-0.01888684
-0.02102674,-0.019767126
-0.021407401,-0.014996345
-0.02336587,-0.0064813164
-0.026178962,0.0034595283
-0.02761511,0.01259055
-0.025068706,0.018674063
-0.017161705,0.020393105
-0.0047238395,0.018701876
0.010153931,0.01562359
0.02522761,0.012316805
0.037276052,0.009467472
0.042425204,0.0082558
0.038781747,0.009175905
0.028379172,0.010971959
0.015456738,0.011947467
0.0039385078,0.011399998
-0.0034584275,0.009506368
-0.0051828735,0.006670852
-0.0013280034,0.0039567742
0.006060698,0.002859076
0.01440499,0.0042466354
0.020869501,0.008714626
0.023123903,0.016277568
0.020429943,0.025943436
0.013864426,0.03611974
0.0055036554,0.044896424
-0.0023842657,0.049880393
-0.007899927,0.048531946
-0.009953026,0.040029403
-0.008690563,0.026296929
-0.005563484,0.010080572
-0.0028115537,-0.0066466318
-0.0025043949,-0.024044031
-0.005611925,-0.040630676
-0.011516017,-0.053064395
-0.017283818,-0.057915904
-0.019528456,-0.05332006
-0.017077528,-0.040710583
-0.011332868,-0.023475282
-0.003873186,-0.004703498
0.0050861645,0.013475134
0.016236087,0.030331098
0.027945682,0.04219584
0.036447056,0.045793872
0.039139137,0.040068492
0.037248358,0.027581258
0.033900753,0.012181229
0.030502211,-0.0031468142
0.02681388,-0.016260881
0.022106944,-0.025158187
0.016069595,-0.028275711
0.008558651,-0.025966853
-0.0002325817,-0.020362057
-0.009879834,-0.013976533
-0.019669803,-0.008447358
-0.028186193,-0.0046659214
-0.033299476,-0.0032781283
-0.033151887,-0.0043401546
-0.027195113,-0.006949186
-0.016689733,-0.009881201
-0.0038625165,-0.012346944
0.009264474,-0.014725079
0.021058774,-0.017413355
0.029240629,-0.020270845
0.03186706,-0.02241724
0.028570265,-0.02285359
0.020855654,-0.0209176
0.011183662,-0.016294459
0.0019859963,-0.0088621015
-0.004761843,0.0010991538
-0.007709922,0.013195319
-0.0056651398,0.025666298
0.0014159906,0.03548724
0.01188263,0.03995543
0.023241753,0.038071
0.032897312,0.031034885
0.03886799,0.02176037
0.039932515,0.013816104
0.03585975,0.010444471
0.027711086,0.013259984
0.017409634,0.021745125
0.006949836,0.03436868
-0.002027602,0.048398543
-0.008316814,0.05858026
-0.011751274,0.057971008
-0.012332325,0.044715617
-0.009667821,0.024640553
-0.0045728106,0.004015559
0.0006848674,-0.013928832
0.0054713283,-0.027691737
0.009924977,-0.032156356
0.014450658,-0.025661929
0.018378116,-0.0119566135
0.022006176,0.0038166558
0.025844142,0.017690338
0.02857057,0.025654906
0.027396016,0.024690151
0.021193199,0.015695957
0.011474332,0.0026534845
-0.0007802885,-0.01030943
-0.016563695,-0.020431723
-0.03495457,-0.024397675
-0.052075848,-0.02063502
-0.06330183,-0.011039623
-0.06556568,-0.00030983135
-0.059008338,0.006596072
-0.046706427,0.007440998
-0.03229411,0.0031241134
-0.01883716,-0.0042863204
-0.008476282,-0.012704944
-0.002348038,-0.020116108
-0.00074367394,-0.023698058
-0.0028025692,-0.022041406
-0.006838895,-0.016290525
-0.0110742645,-0.009034984
-0.0140088005,-0.0027686874
-0.014849114,0.0004637342
-0.013800253,-0.00043245428
-0.011786211,-0.004911866
-0.009984389,-0.0113178035
-0.009282526,-0.017601693
-0.009771281,-0.02169405
-0.010617648,-0.022296976
-0.010483364,-0.01966525
-0.008192126,-0.015439649
-0.0031807432,-0.011750785
0.0043713334,-0.010467772
0.01365847,-0.012724645
0.023004426,-0.01859566
0.029993793,-0.026780486
0.032429535,-0.034408446
0.029545335,-0.038055602
0.02266309,-0.035746634
0.014476475,-0.028083757
0.0077688354,-0.01700629
0.0047431476,-0.004537831
0.0069771735,0.0076772026
0.015051987,0.018154768
0.028000064,0.0242046
0.04253428,0.023672678
0.0541155,0.015747018
0.058473367,0.0014669332
0.05413915,-0.016661312
0.04278952,-0.036568355
0.026403898,-0.05704263
0.005988216,-0.07636628
-0.016692054,-0.090805225
-0.03441926,-0.0932472
-0.03605344,-0.07946466
-0.027703796,-0.057982523
-0.018762331,-0.034952495
-0.011232863,-0.014020066
-0.005023405,0.0030425317
5.2940148e-05,0.014675238
0.0026471177,0.019189395
0.0025564597,0.015683116
0.00093922374,0.0068165786
-0.00063413125,-0.003868505
-0.001663337,-0.013305408
-0.0015358706,-0.018424222
-0.00015005475,-0.01743792
0.0018592718,-0.01093403
0.0033856549,-0.0015797744
0.004002425,0.0073854574
0.003665681,0.01353223
0.002294526,0.014546239
-0.00011995025,0.010223981
-0.0026196328,0.0026491128
-0.0050544012,-0.005476893
-0.007612076,-0.011639335
-0.010493832,-0.013661169
-0.014060018,-0.010897595
-0.01893556,-0.0047360887
-0.025349947,0.0027511895
-0.03289546,0.009396911
-0.04051507,0.013398524
-0.04647421,0.013906424
-0.048821088,0.0116928145
-0.046250455,0.009035164
-0.038914472,0.00875545
-0.028566116,0.012730923
-0.01755465,0.021042071
-0.007386034,0.032248475
0.0010860427,0.043730833
0.0062517854,0.05172275
0.006322556,0.052654188
0.0017601954,0.045714926
-0.004353169,0.03372275
-0.009146856,0.020680385
-0.011218762,0.009966388
-0.009896517,0.003784099
-0.0050956565,0.0030493294
0.0021233128,0.007045499
0.010656423,0.013694797
0.019016951,0.020287009
0.024955275,0.024235446
0.026451798,0.024040293
0.023106728,0.020038422
0.016356714,0.013983009
0.008209629,0.007995827
0.00019184212,0.0036554679
-0.006853955,0.0015675242
-0.012251268,0.0010672641
-0.01540316,0.00075688364
-0.016440475,-0.0010244108
-0.016025512,-0.0049669407
-0.014932141,-0.010522314
-0.0137542095,-0.015956003
-0.012635792,-0.018682687
-0.011411966,-0.016253447
-0.010028185,-0.007993124
-0.0088211475,0.0045245104
-0.007662938,0.019047365
-0.0060701934,0.03226384
-0.0046374146,0.039152604
-0.004474117,0.035838626
-0.0054052416,0.023125445
-0.006186088,0.0056985207
-0.006782146,-0.011903178
-0.007382487,-0.026906874
-0.006825535,-0.034521047
-0.0037691018,-0.031751484
0.00061467185,-0.020808533
0.004327696,-0.0070048454
0.0065894444,0.0047988677
0.006872216,0.011226149
0.003906596,0.009523841
-0.0020382241,0.0003142697
-0.009899282,-0.013210809
-0.01948546,-0.02771779
-0.028514149,-0.03847399
-0.032534517,-0.04111047
-0.02860314,-0.03475198
-0.018847696,-0.02280303
-0.0069980463,-0.009785551
0.0048831548,0.00065822626
0.016209839,0.0066379746
0.024278656,0.0076559396
0.026236713,0.005335688
0.021802234,0.0033689127
0.012867784,0.004624864
0.0019914294,0.010680418
-0.0086127035,0.022275327
-0.01674133,0.038334377
-0.0200283,0.05445286
-0.018104695,0.06289768
-0.01320522,0.05743045
-0.007458706,0.04049161
-0.0016317209,0.019181341
0.0030525357,-0.0015947099
0.00486992,-0.02027695
0.003725076,-0.033622444
0.00126365,-0.03635513
-8.8761924e-05,-0.028772464
-0.00021643538,-0.015570629
0.0010488158,-0.0014600523
0.0040173093,0.010203799
0.008181247,0.017209025
0.011339723,0.017887184
0.011548001,0.0135667175
0.008336199,0.0070383255
0.0018571392,0.0010287159
-0.007322027,-0.002526938
-0.01861037,-0.0026957865
-0.030207833,0.0006150127
-0.040341523,0.005804716
-0.04769072,0.011097138
-0.05182039,0.014699508
-0.05306258,0.016082287
-0.052339572,0.015961709
-0.050765976,0.015542652
-0.048919566,0.015785867
-0.046763852,0.016589498
-0.043656934,0.016887557
-0.0389275,0.01499209
-0.032366775,0.009699554
-0.024293069,0.0010075634
-0.015696019,-0.009996624
-0.0077716615,-0.02188512
-0.0014188024,-0.032411087
0.0025857484,-0.037991636
0.0040792576,-0.035660613
0.0032197703,-0.02610836
0.0006150359,-0.013080977
-0.0025308796,-0.0006928917
-0.0047689453,0.008192449
-0.0053714397,0.010949512
-0.0044848435,0.005790379
-0.0028132796,-0.0053868266
-0.0015994963,-0.019903142
-0.0023404448,-0.034278665
-0.005366577,-0.04327254
-0.009384242,-0.042248342
-0.012995367,-0.03117853
-0.015924567,-0.014459119
-0.017856888,0.0035788289
-0.017490072,0.02023248
-0.01395224,0.031770926
-0.008336782,0.034418236
-0.0027069815,0.02813476
0.0016132094,0.016581565
0.0039516613,0.0039079324
0.0039176727,-0.0069181877
0.0015129531,-0.013805169
-0.0021710903,-0.01507145
-0.0054256953,-0.011315317
-0.0072161388,-0.004958465
-0.0071124686,0.0013304285
-0.005166769,0.005213344
-0.0021046298,0.005062768
0.00088202266,0.00063152064
0.002936734,-0.0069888234
0.0034751089,-0.016281499
0.0026934422,-0.024878455
0.0016935401,-0.030358411
0.0019134401,-0.031080086
0.0043106363,-0.026759187
0.008757898,-0.018554645
0.014317085,-0.008365094
0.019880353,0.0020973021
0.023826601,0.011497197
0.02416991,0.01850166
0.019704858,0.022101836
0.011299573,0.022033535
0.0013691842,0.01890376
-0.0074560996,0.013877638
-0.012954317,0.0080729555
-0.013348275,0.0023675992
-0.008108963,-0.0023945393
0.0013499152,-0.005607484
0.01292622,-0.0075541944
0.024263414,-0.008706037
0.03216533,-0.009117063
0.03375317,-0.008556704
0.028133476,-0.007142873
0.016973475,-0.0055264835
0.00321854,-0.004202603
-0.010768279,-0.0028589366
-0.023765335,-0.00074255484
-0.033374496,0.001985399
-0.037816193,0.004281839
-0.036865547,0.0051315925
-0.03177098,0.0040419693
-0.024382515,0.0010892103
-0.016298736,-0.0033809769
-0.008593232,-0.008799007
-0.0018053334,-0.014484484
0.0038834894,-0.019349355
0.008377555,-0.022119302
0.011543815,-0.021849366
0.013237177,-0.018540278
0.013418797,-0.013118704
0.012332878,-0.007065372
0.010510854,-0.0018535304
0.00868638,0.0013823069
0.007655619,0.001973997
0.008114171,-0.00022770981
0.010361242,-0.0048338925
0.01413879,-0.011200067
0.018593915,-0.01854106
0.022452125,-0.025959622
0.024341766,-0.032488935
0.023316525,-0.037242714
0.019343626,-0.03974332
0.013428168,-0.0400683
0.007266912,-0.03859048
0.002736855,-0.035663728
0.00136732,-0.031653438
0.0038313358,-0.027093407
0.009683952,-0.022733005
0.017576009,-0.019371036
0.025487032,-0.017528819
0.030799061,-0.017104715
0.030977309,-0.01721181
0.024918761,-0.016615631
0.013600193,-0.01446531
-0.000798107,-0.010415327
-0.016515717,-0.004059638
-0.032289922,0.005449443
-0.045525745,0.017142406
-0.05372197,0.027621172
-0.0553992,0.032019604
-0.051201783,0.027414046
-0.043521166,0.015771924
-0.034821775,0.0011430158
-0.026904114,-0.013324
-0.020458542,-0.024992626
-0.01511163,-0.030515855
-0.010252615,-0.027403304
-0.0060801506,-0.016858716
-0.0031066788,-0.0029853613
-0.0010091534,0.009979742
0.0010216094,0.018772723
0.0021358763,0.019217636
0.0017437822,0.010451266
0.00064171344,-0.0043598106
-0.0011199354,-0.02184468
-0.0037992133,-0.037787236
-0.0055877585,-0.045668967
-0.0037803142,-0.04044894
0.0011971429,-0.024285058
0.007066626,-0.003423767
0.014664607,0.017375808
0.024988431,0.035139255
0.035197884,0.043376997
0.03974292,0.03838649
0.038181257,0.023758527
0.03392189,0.0062466543
0.028479213,-0.008859303
0.022006286,-0.017271541
0.015456172,-0.01595234
0.0102518005,-0.005820303
0.007277859,0.00891537
0.0071766987,0.024344351
0.0096987765,0.035314903
0.012858068,0.036462035
0.014630518,0.026860345
0.014999043,0.011023477
0.0142348455,-0.0058233305
0.011684023,-0.019885348
0.007191062,-0.02661624
0.002095318,-0.023055017
-0.0026769852,-0.011248059
-0.006937731,0.003962076
-0.010300367,0.019325107
-0.012461373,0.03072717
-0.014238155,0.033768274
-0.016227957,0.027737726
-0.018029606,0.01636276
-0.019199768,0.0043738037
-0.01919463,-0.004449103
-0.016812539,-0.0074771484
-0.011114337,-0.003862703
-0.0027043468,0.0045703608
0.007855561,0.015042593
0.020287655,0.024380244
0.0318087,0.02906279
0.038268283,0.02733821
0.037011057,0.020323439
0.029083101,0.010934055
0.017581955,0.0020578215
0.005454413,-0.0042559206
-0.005017235,-0.007115253
-0.011469995,-0.006743092
-0.011449471,-0.004579523
-0.0048882705,-0.002946298
0.006023578,-0.0034001598
0.01907109,-0.0071101454
0.031083055,-0.014298241
0.03838961,-0.023087848
0.038544726,-0.030007606
0.032221932,-0.03239103
0.022648493,-0.03025523
0.013504761,-0.025255626
0.0076983725,-0.01914419
0.0068702702,-0.013515711
0.011129471,-0.009685496
0.01905818,-0.008414752
0.027803771,-0.009616558
0.033747066,-0.012053132
0.033840604,-0.0136955185
0.027411755,-0.013216642
0.016515976,-0.010949219
0.0045843055,-0.008235949
-0.005239006,-0.0063613616
-0.010697961,-0.006315869
-0.010158809,-0.009168524
-0.004239466,-0.015058359
0.004560876,-0.023188125
0.013071549,-0.032207694
0.017955694,-0.039526034
0.016913442,-0.041892968
0.010095292,-0.038232967
-7.2155635e-05,-0.030873533
-0.010413592,-0.022832861
-0.01791277,-0.01597389
-0.02011343,-0.011696434
-0.016233122,-0.010898058
-0.008031679,-0.012965565
0.0012424509,-0.016253367
0.008227821,-0.018639455
0.009873915,-0.01748636
0.004752313,-0.011279746
-0.006014495,-0.0012135854
-0.020382954,0.0117222555
-0.035615534,0.027499432
-0.04766811,0.043313574
-0.05249865,0.05306226
-0.048441637,0.050428208
-0.03818635,0.03831936
-0.025779914,0.024123637
-0.014552184,0.01127282
-0.0065403283,0.00081751455
-0.0025069178,-0.006873773
-0.0017433368,-0.0113706365
-0.00257655,-0.012705897
-0.0028145611,-0.012130185
-0.0008468541,-0.011065795
0.0039700414,-0.010541598
0.0112177655,-0.011085748
0.019460943,-0.012475323
0.026448192,-0.01373374
0.02990677,-0.013508613
0.028462041,-0.010999301
0.02233436,-0.0065836515
0.013129997,-0.0015977331
0.003033317,0.0027663563
-0.006156712,0.005855219
-0.013510541,0.0070510637
-0.018055968,0.005872256
-0.01975628,0.0026932345
-0.019235885,-0.0012655047
-0.017454747,-0.0047423826
-0.015268944,-0.006731756
-0.013197264,-0.006745981
-0.0114187235,-0.0049224207
-0.009943688,-0.0019181073
-0.008768454,0.001437159
-0.007939095,0.0044575664
-0.0076336614,0.006760157
-0.008076328,0.008321935
-0.009359784,0.009417693
-0.01127247,0.010397898
-0.01324332,0.011458856
-0.014451563,0.0124559635
-0.014074157,0.01288989
-0.011596431,0.012143911
-0.007082441,0.00987331
-0.0011492885,0.0062212
0.0052822814,0.001767893
0.011394609,-0.0028107062
0.01630817,-0.006450262
0.019454451,-0.007863941
0.020837221,-0.006333569
0.020881688,-0.002092468
0.020141125,0.0038499145
0.018952195,0.010119817
0.017155692,0.015287556
0.014137861,0.01815177
0.009271518,0.018175846
0.0024054737,0.015732951
-0.00602536,0.011895049
-0.015316749,0.007907709
-0.024293927,0.0045784805
-0.030937474,0.0021054214
-0.033093754,-0.000104106504
-0.029789347,-0.0030062434
-0.02194341,-0.0073092994
-0.011822374,-0.013339586
-0.0019001291,-0.0214117
0.005661757,-0.031236732
0.008705766,-0.040836357
0.006124564,-0.0468419
-0.0012511581,-0.046453062
-0.011198636,-0.039399996
-0.021375425,-0.027400332
-0.029840661,-0.012437723
-0.03495872,0.0037196942
-0.035523385,0.018752728
-0.03147264,0.029714823
-0.024308672,0.034453716
-0.016298411,0.032969527
-0.009302173,0.027128326
-0.00429763,0.019351596
-0.0014755249,0.011696627
-0.0004161955,0.005519298
-0.0002873499,0.0013579282
-0.00012945532,-0.0010838817
0.0009083959,-0.002730292
0.0032945233,-0.0048226807
0.0070155435,-0.008524708
0.011601133,-0.014534124
0.016220767,-0.022847468
0.019818908,-0.03265675
0.021301424,-0.042357568
0.019789392,-0.04973405
0.014981162,-0.05267824
0.0072556,-0.050431326
-0.0025453425,-0.04404485
-0.013348819,-0.03524943
-0.023824206,-0.02525814
-0.032255694,-0.014684898
-0.036539033,-0.004198879
-0.034931112,0.0051234243
-0.027238652,0.012344641
-0.015048126,0.017260812
-0.00069168344,0.020122793
0.013644833,0.020908488
0.025245,0.019279433
0.030806342,0.015542487
0.028501842,0.010848487
0.019558396,0.006344244
0.007215773,0.002763124
-0.0052376823,0.00077974
-0.015530298,0.0009945199
-0.020533923,0.0031306366
-0.018256865,0.005962423
-0.009609959,0.00829915
0.002700206,0.009586923
0.01624359,0.009157003
0.02818822,0.0063997395
0.035095766,0.0020942672
0.034862757,-0.0018863524
0.028120924,-0.00397673
0.017487606,-0.003713994
0.005824878,-0.0014437241
-0.004666229,0.0022690832
-0.0128444275,0.006668201
-0.01755065,0.00995415
-0.01865919,0.010202397
-0.017112492,0.0067481594
-0.014181778,0.00035009923
-0.0110297175,-0.007565633
-0.008414993,-0.015351549
-0.006466153,-0.021045204
-0.004845382,-0.022931661
-0.0032698005,-0.020569304
-0.0017719324,-0.015094596
-0.0005648099,-0.008582331
0.0002155874,-0.0032806215
0.000528492,-0.00097426533
0.00039568427,-0.0025950565
-8.242875e-05,-0.008008537
-0.0006969092,-0.01601014
-0.0011104776,-0.024546523
-0.00088809436,-0.031180363
0.00027751704,-0.03371077
0.0022444788,-0.031156503
0.004262784,-0.024371937
0.0054703164,-0.015548218
0.00544673,-0.0071242354
0.0042847986,-0.0010431019
0.002330724,0.0015296289
1.9213798e-05,0.00028820286
-0.002091936,-0.0040710787
-0.0037705263,-0.010206892
-0.004821325,-0.016449755
-0.005150256,-0.021112198
-0.0047237133,-0.023030201
-0.0035664581,-0.02189015
-0.0016974149,-0.018238584
0.00092825067,-0.013110594
0.004409713,-0.0075391643
0.008791863,-0.002191937
0.013790806,0.0027247218
0.018510675,0.0073112515
0.021590158,0.011793411
0.021686485,0.016309379
0.018097185,0.020638172
0.01120736,0.024178954
0.0024626679,0.026126632
-0.006017423,0.025631903
-0.011850586,0.021972684
-0.012989333,0.0150657715
-0.008687937,0.0059806905
-7.788697e-05,-0.0034540484
0.010708298,-0.012450527
0.021425735,-0.020428449
0.028819488,-0.025513468
0.030247295,-0.026008142
0.025155213,-0.022197478
0.015550275,-0.01641143
0.004651868,-0.011059853
-0.004535263,-0.0073663867
-0.009854678,-0.0057459082
-0.009967669,-0.0064928597
-0.0052579143,-0.009244738
0.0021031217,-0.013030167
0.009549013,-0.016822044
0.014635929,-0.019365318
0.015839811,-0.01949993
0.013412139,-0.017028293
0.009275463,-0.01285573
0.005983834,-0.008254762
0.0056896736,-0.004279082
0.009395938,-0.0016752218
0.016588232,-0.0009877308
0.025076317,-0.0024351552
0.03138763,-0.005565223
0.031949747,-0.009152243
0.025064033,-0.011943164
0.012079384,-0.013662236
-0.0039268015,-0.014800544
-0.020451268,-0.015278792
-0.034228206,-0.014721717
-0.041008856,-0.013800538
-0.038788266,-0.013404949
-0.029934349,-0.013386531
-0.019174332,-0.013085874
-0.010725182,-0.012239489
-0.0073669865,-0.010780045
-0.010201805,-0.008652605
-0.018325921,-0.005986691
-0.028966244,-0.002956841
-0.037852958,-0.0001852861
-0.040111806,0.0010020878
-0.032805897,-0.00040895314
-0.017275361,-0.0036723642
0.002293293,-0.007511413
0.023267671,-0.012885604
0.043037813,-0.020323614
0.055774435,-0.028230296
0.05587067,-0.032322597
0.043570854,-0.03170175
0.02462256,-0.03016318
0.0039623873,-0.03011339
-0.01620264,-0.031006487
-0.034132306,-0.031225143
-0.04636124,-0.029489625
-0.049565688,-0.025141966
-0.043705087,-0.017988274
-0.032442916,-0.008174908
-0.019409822,0.0035863495
-0.0064334576,0.016028555
0.006410356,0.027630495
0.017916223,0.03562161
0.024938282,0.036844146
0.024782384,0.029953089
0.017916134,0.016461741
0.0071900776,-0.0007618659
-0.006143314,-0.019843036
-0.023310218,-0.039777298
-0.04293298,-0.05705359
-0.05861566,-0.067449436
-0.057548802,-0.066908136
-0.039455302,-0.057253774
-0.018329497,-0.04341116
0.00037106217,-0.029349599
0.015471901,-0.017958866
0.025858445,-0.010118726
0.027975176,-0.0060420637
0.021340175,-0.0055723093
0.0093608005,-0.008230392
-0.0039828317,-0.012928102
-0.015978996,-0.017857622
-0.023218777,-0.021429066
-0.023161635,-0.022883976
-0.016519364,-0.02197746
-0.006840852,-0.018934155
0.0020358884,-0.014524875
0.007382243,-0.00957479
0.0077380342,-0.004652143
0.003149901,-0.00024474965
-0.004321407,0.0033144446
-0.01194612,0.0061132233
-0.016824335,0.007925497
-0.016843274,0.008264459
-0.012224871,0.007028196
-0.005195325,0.00447015
0.0011238239,0.00081476243
0.0038702753,-0.003951731
0.00091832364,-0.009540263
-0.008244897,-0.015269587
-0.022361897,-0.02025784
-0.03877838,-0.023212384
-0.052968454,-0.022830768
-0.058819033,-0.01875681
-0.052683957,-0.011825754
-0.037937224,-0.0026938308
-0.020585088,0.008279344
-0.004035951,0.020068243
0.010782533,0.031368062
0.02133063,0.039949425
0.024053335,0.04351283
0.018335234,0.040994484
0.007701692,0.03341262
-0.0036367024,0.02311552
-0.013284397,0.012707489
-0.020355985,0.004328193
-0.024121681,-0.00036614368
-0.024411662,-0.00030726456
-0.022363704,0.0043155826
-0.019582331,0.012104045
-0.017116444,0.02090448
-0.015451211,0.028153175
-0.014885762,0.031294174
-0.015409338,0.028761655
-0.01661025,0.021026757
-0.017974235,0.010286947
-0.01945007,-0.0008642046
-0.021041553,-0.010209965
-0.022168707,-0.015759157
-0.02193288,-0.016232597
-0.01985838,-0.011929398
-0.016149558,-0.0045834226
-0.011278806,0.0035421064
-0.0056983307,0.010406357
-0.00010218768,0.014358026
0.004160322,0.014336098
0.005722074,0.010453215
0.0039963797,0.0038602373
-0.0006882975,-0.0039152573
-0.007792991,-0.011645832
-0.016127363,-0.017919054
-0.023505455,-0.021532785
-0.02755012,-0.021876622
-0.026953043,-0.018929824
-0.022153337,-0.013118084
-0.0149567565,-0.0051202774
-0.007401909,0.0042558885
-0.0007122388,0.014316711
0.004655898,0.024234142
0.008163878,0.032479886
0.009888467,0.037349697
0.010642582,0.03749642
0.011727076,0.032798752
0.014331596,0.024544857
0.018772978,0.014799751
0.024250917,0.0054844413
0.0290073,-0.0017398737
0.030879997,-0.005188421
0.028217923,-0.003915812
0.020898825,0.0011651623
0.010464812,0.0077848267
-0.00068460946,0.014010652
-0.010210075,0.01837176
-0.015308726,0.019123528
-0.013714388,0.015511915
-0.005251806,0.009166097
0.008142014,0.0029212716
0.024538836,-0.0021267454
0.041076005,-0.0052240593
0.05321771,-0.0046789353
0.055762272,0.00074873754
0.046607126,0.009477058
0.028886778,0.017320855
0.007779626,0.021673879
-0.013059057,0.022892574
-0.031387478,0.02129899
-0.04340859,0.016326474
-0.045315545,0.00811498
-0.036970608,-0.00073072227
-0.022535969,-0.007063528
-0.0070605613,-0.0098584285
0.0056645027,-0.009952635
0.013158922,-0.00804772
0.013206276,-0.0044484963
0.005849268,-0.00016890041
-0.006301974,0.0036302905
-0.020793974,0.007229362
-0.03447534,0.010567278
-0.04345006,0.012418498
-0.044737108,0.010974812
-0.038603928,0.0057850545
-0.028329922,-0.0018865707
-0.018008051,-0.010907235
-0.010809028,-0.020994991
-0.008825116,-0.031206325
-0.012987194,-0.03905965
-0.022122925,-0.04182153
-0.033108436,-0.03822265
-0.042156123,-0.02880466
-0.04589519,-0.015595662
-0.042611457,-0.0015883854
-0.03281086,0.010195128
-0.018709883,0.017765023
-0.0029743293,0.020381903
0.01201247,0.018070819
0.02394665,0.011495592
0.030781083,0.002406173
0.0318047,-0.006674454
0.028036924,-0.013740629
0.021480294,-0.018152764
0.014110673,-0.020496419
0.007236312,-0.02190899
0.0013593707,-0.023463048
-0.0036606642,-0.025723767
-0.00830835,-0.02841535
-0.012947058,-0.030324567
-0.017396178,-0.029673997
-0.02090126,-0.024929168
-0.022583494,-0.015690396
-0.021974158,-0.0029276982
-0.019004492,0.011674812
-0.01360543,0.026226213
-0.0062481645,0.03807352
0.0011531195,0.044241793
0.005898519,0.04315141
0.00642291,0.035847396
0.0031430586,0.025177358
-0.002584334,0.014040042
-0.009464071,0.004533792
-0.016331585,-0.0023502517
-0.02126882,-0.006403689
-0.022582004,-0.008248051
-0.01986471,-0.009071427
-0.014068116,-0.009818377
-0.00672269,-0.010906508
0.0006466853,-0.012161967
0.006865498,-0.012780122
0.011029399,-0.011563067
0.012656336,-0.0077638812
0.011733613,-0.0017161138
0.008607593,0.0052827965
0.0037296743,0.011602003
-0.0025508867,0.01554471
-0.009832143,0.015721375
-0.017472373,0.011881165
-0.024605827,0.005195002
-0.030189347,-0.002241441
-0.032816183,-0.007904358
-0.031152546,-0.009393301
-0.025185088,-0.0053268825
-0.016777087,0.0040029287
-0.008151547,0.017273374
-5.3247673e-05,0.033205137
0.006674896,0.049926203
0.010421254,0.06505479
0.00966722,0.075957
0.0042056604,0.08028333
-0.0035804252,0.07710417
-0.009582692,0.067690365
-0.010788992,0.054511573
-0.006813129,0.039922502
0.0005576572,0.025291193
0.008566206,0.01103041
0.014558756,-0.0030543737
0.01622531,-0.017024906
0.011812673,-0.028972916
0.0018740714,-0.036316756
-0.010833327,-0.037400275
-0.022503879,-0.032026842
-0.029435342,-0.021470338
-0.029399874,-0.008275368
-0.02257867,0.0044878293
-0.0110763665,0.014246836
0.0024725017,0.019337079
0.0150605375,0.018653398
0.023148578,0.012448804
0.024508214,0.0029394333
0.01950948,-0.0068837604
0.010276208,-0.014549117
-0.00071972545,-0.018421385
-0.011133708,-0.017649557
-0.019075451,-0.012517
-0.02396283,-0.0044218954
-0.026692374,0.004773158
-0.028918298,0.013456396
-0.032245338,0.020493384
-0.037624296,0.02532567
-0.04484337,0.027918149
-0.052351218,0.028424112
-0.057435293,0.02674134
-0.05709012,0.022585697
-0.05004547,0.016596863
-0.037883937,0.010629826
-0.02361003,0.006254199
-0.010021768,0.0040926626
0.00084117224,0.004316757
0.008119479,0.0070863785
0.011594462,0.012705796
0.011852959,0.020802723
0.010711216,0.0302543
0.00996788,0.039314017
0.0107452115,0.045696463
0.01290813,0.04718377
0.015222427,0.043051098
0.016203413,0.03466861
0.014809624,0.024501499
0.010571866,0.014872935
0.00394625,0.007404769
-0.0037348894,0.0030559136
-0.010637348,0.0018750491
-0.014210731,0.0029558507
-0.012535568,0.004562042
-0.00561651,0.0049492405
0.004733728,0.00340221
0.016376473,-0.0004556505
0.02630397,-0.0063919174
0.0309618,-0.012415023
0.02823545,-0.01580089
0.018899627,-0.015232612
0.0059021097,-0.011312769
-0.0075142183,-0.005335541
-0.018889578,0.0021207645
-0.02527363,0.009669492
-0.024657082,0.014774986
-0.017762387,0.016110774
-0.0074012773,0.014352279
0.0032443262,0.010865702
0.0114945695,0.0066108927
0.014988238,0.002377733
0.012400668,-0.0009599776
0.0045069833,-0.0033280773
-0.006637057,-0.0054865936
-0.019309029,-0.00790777
-0.031115137,-0.010881383
-0.03928482,-0.014743742
-0.041588664,-0.019238723
-0.03744988,-0.02334488
-0.028350163,-0.02567092
-0.016891921,-0.025250146
-0.0055330945,-0.022149643
0.0039981315,-0.017238574
0.010789956,-0.011681417
0.014580328,-0.0065606525
0.015622193,-0.0028040684
0.014741967,-0.0009118093
0.013114784,-0.00074165635
0.011883825,-0.0016293847
0.011827781,-0.0027332143
0.013158596,-0.0033270973
0.015526842,-0.0030341381
0.01814034,-0.001959504
0.019953568,-0.00053699606
0.019996064,0.00070700294
0.017748533,0.0013823765
0.013423078,0.0013964728
0.007918976,0.00097185274
0.0024858904,0.0005244739
-0.0016652009,0.00046423596
-0.0036761009,0.0009025767
-0.0030752427,0.0015219371
-0.00020266102,0.0017272021
0.0039406647,0.00093975983
0.0080904905,-0.0012399508
0.010905368,-0.0046537565
0.011445408,-0.008428423
0.009583084,-0.011195698
0.0060466332,-0.011562706
0.0021291904,-0.008647251
-0.00081471895,-0.002432391
-0.0018328321,0.0063262894
-0.00038785546,0.016564917
0.0033847848,0.026249884
0.00809753,0.033001516
0.011597519,0.035008695
0.011936667,0.031864174
0.0084302835,0.024815025
0.0017145834,0.016071694
-0.00715616,0.007959395
-0.017525464,0.0023079312
-0.02827001,0.0003263738
-0.037549727,0.0025790047
-0.043843526,0.008305449
-0.046744056,0.015876288
-0.046688378,0.023253486
-0.044578455,0.028509853
-0.041264124,0.030310573
-0.037241537,0.028340334
-0.032510117,0.023414044
-0.026764188,0.01706613
-0.019702615,0.011020731
-0.011356892,0.006757906
-0.002256713,0.005232992
0.006787536,0.0066481507
0.0150922295,0.0105755
0.021050882,0.016008709
0.022941632,0.021298828
0.019679066,0.024266545
0.011640687,0.022850074
0.0007650487,0.01592058
-0.010524235,0.0039819935
-0.02144326,-0.011940285
-0.03165777,-0.031109583
-0.040461045,-0.051424965
-0.046006862,-0.06935346
-0.043695305,-0.07880147
-0.030478679,-0.073869005
-0.0151170995,-0.057515282
-0.0046975007,-0.036568075
0.00039264924,-0.01621383
0.0019338874,0.0007902146
0.0019431853,0.012913966
0.00054770365,0.018777546
-0.00097365794,0.016680194
-0.0010626897,0.008556109
0.0015038158,-0.0025964235
0.006901632,-0.014392671
0.014817601,-0.024725743
0.024133032,-0.03170594
0.033231217,-0.034057237
0.040109575,-0.031744964
0.042705417,-0.026050322
0.040151387,-0.018952139
0.032928046,-0.012334721
0.022507286,-0.007140675
0.011257805,-0.0031121853
0.0008812164,0.0006637251
-0.007361336,0.005547023
-0.013073544,0.011943074
-0.015538586,0.019274032
-0.015294045,0.025954567
-0.01321081,0.030456683
-0.010436039,0.03136104
-0.007882389,0.028311918
-0.005786362,0.022116045
-0.003844665,0.014488976
-0.0015852338,0.007389111
0.0013214581,0.002242778
0.0049490766,-0.00017140663
0.009148766,6.5771026e-05
0.013236133,0.0021766012
0.016266882,0.0047754045
0.017280858,0.006419145
0.015744012,0.0061092856
0.011919666,0.0036452748
0.0067668064,-0.00033201426
0.0014831654,-0.0046430537
-0.003112762,-0.008069684
-0.0063220435,-0.009522877
-0.007775733,-0.008531862
-0.0078020864,-0.005425232
-0.007169339,-0.001091402
-0.0065825805,0.0034685477
-0.0063560153,0.007428259
-0.006334839,0.01024258
-0.0059427116,0.011755478
-0.0044287336,0.012154018
-0.0012870973,0.011765709
0.0034197418,0.010811206
0.0089529585,0.009243356
0.013950335,0.0067449724
0.016685149,0.003043926
0.015764693,-0.0017792305
0.010895755,-0.007250286
0.0030008736,-0.012668291
-0.006347404,-0.017118488
-0.014937886,-0.019418698
-0.019966904,-0.018707206
-0.01938662,-0.014993194
-0.013324338,-0.009081287
-0.0038548957,-0.002127097
0.006627081,0.0046622516
0.016503073,0.0104258405
0.023124157,0.014313098
0.024399402,0.016200826
0.02051581,0.016267158
0.013654716,0.014822615
0.0065937894,0.012184846
0.0016283434,0.008543182
0.00014268787,0.0038666334
0.0022551224,-0.0017861759
0.00699632,-0.008395711
0.012640708,-0.015593143
0.017142212,-0.022019073
0.018899238,-0.025659377
0.01745043,-0.024707451
0.013540523,-0.018761266
0.008675728,-0.009101882
0.0044887434,0.0021786843
0.0023311758,0.01341538
0.0024636702,0.022447258
0.004205686,0.026406663
0.005854595,0.023870504
0.0062887263,0.015889933
0.0051958854,0.0050304104
0.0028649417,-0.0059129735
-0.0003068172,-0.014892439
-0.002929071,-0.019619368
-0.0031805756,-0.019103095
-0.00049062836,-0.01441416
0.0043121413,-0.007906441
0.009833881,-0.0021358198
0.014298605,0.0009059021
0.015433954,9.478118e-05
0.011875177,-0.0041916477
0.0041658157,-0.010520421
-0.006337983,-0.017124409
-0.017845321,-0.022012291
-0.027316988,-0.023731874
-0.031514704,-0.02228823
-0.029077174,-0.01922862
-0.021365833,-0.016576605
-0.011089664,-0.016041355
-0.00076447707,-0.018801438
0.0078384895,-0.025212819
0.013228469,-0.03421829
0.014714035,-0.04328534
0.01299363,-0.04919989
0.00975606,-0.04956144
0.0065093054,-0.044056714
0.0036110724,-0.034516137
0.0004285507,-0.02365295
-0.0040506087,-0.013971082
-0.010774413,-0.007222007
-0.020468984,-0.004079146
-0.033162516,-0.004379184
-0.047672678,-0.0071003474
-0.06118123,-0.010595126
-0.06856027,-0.013396084
-0.06392228,-0.014604494
-0.04756246,-0.012953289
-0.02595683,-0.0075428328
-0.004379194,0.00037512838
0.015520177,0.00800798
0.03379657,0.014108408
0.045165773,0.016787607
0.04560418,0.015910186
0.036736723,0.01157924
0.024175096,0.0045668157
0.01278004,-0.0038194675
0.00517515,-0.011865332
0.002597262,-0.018241677
0.0057453196,-0.021688156
0.013478838,-0.02174749
0.023322402,-0.018749904
0.032585334,-0.013681249
0.03863565,-0.007644079
0.039498072,-0.0018743237
0.034958325,0.002203055
0.026885744,0.0034279446
0.017857522,0.001702898
0.009915381,-0.0020230208
0.003773681,-0.0063116397
-0.0006668069,-0.009673492
-0.004016627,-0.010836467
-0.007063479,-0.009041375
-0.010696377,-0.004485582
-0.015370266,0.0019174961
-0.020821756,0.00886639
-0.026038373,0.01472508
-0.029682532,0.017797336
-0.030570006,0.017103467
-0.028261658,0.0131348185
-0.023278184,0.0077392794
-0.016877837,0.0031223476
-0.010532329,0.0009898819
-0.0054801684,0.0021931105
-0.0023904666,0.00661953
-0.0010861208,0.013354036
-0.0008678165,0.020669432
-0.00077665754,0.026233396
7.290892e-05,0.027850913
0.0022246453,0.024513638
0.0057327314,0.017039476
0.010100011,0.0075784987
0.014324138,-0.0016445515
0.017043898,-0.008573505
0.017068228,-0.01093794
0.014032235,-0.0076065785
0.008491773,0.0004516457
0.0017331484,0.01129973
-0.0049735648,0.02342194
-0.010296963,0.0343462
-0.013346878,0.040717043
-0.013958083,0.040072232
-0.012522981,0.03284051
-0.009749932,0.02181956
-0.006637975,0.010131805
-0.004211724,0.00019638907
-0.0031915905,-0.0064188456
-0.0033576891,-0.008394353
-0.0041152206,-0.0052326135
-0.004800909,0.0018594326
-0.0048506744,0.011093222
-0.003581826,0.020263605
-0.0010623666,0.026476659
0.0019169515,0.0271762
0.004405536,0.021400124
0.0060294755,0.010315941
0.006943161,-0.0037960298
0.0070349798,-0.019387837
0.0061267256,-0.034193233
0.0050960165,-0.044528507
0.005385612,-0.047079436
0.0073857303,-0.04112931
0.009899813,-0.029171577
0.011389341,-0.015000967
0.011025921,-0.0018309543
0.0084183235,0.008160849
0.0030530987,0.013414989
-0.0047758715,0.013259104
-0.01371183,0.008710553
-0.022174666,0.0018426552
-0.02841804,-0.0050136056
-0.03048935,-0.0096626775
-0.027367618,-0.010611865
-0.020199142,-0.0076644737
-0.011724188,-0.0019998327
-0.004539482,0.0044894344
-0.0002554309,0.0100593455
-4.8828926e-05,0.013393913
-0.004311411,0.013950773
-0.011801548,0.01240332
-0.020396411,0.010145204
-0.027490234,0.008551605
-0.030337172,0.008403606
-0.027368732,0.009612266
-0.019293556,0.0114007685
-0.008529205,0.012626377
0.0022884668,0.01195882
0.010872133,0.008203062
0.015125372,0.0011127965
0.014041327,-0.008082349
0.008300461,-0.017295092
-0.00037075972,-0.024191529
-0.00943627,-0.02658143
-0.015967501,-0.02338515
-0.018027827,-0.015474689
-0.01559105,-0.0053166007
-0.009928202,0.0042272517
-0.0025215787,0.010732853
0.005096978,0.01228978
0.011188398,0.008209126
0.014811941,-0.0002243419
0.016050527,-0.010519648
0.0154004665,-0.019594053
0.013786411,-0.02409495
0.012228354,-0.02167125
0.011036261,-0.012384264
0.009800936,0.0014782237
0.008386256,0.01766874
0.00638983,0.03432573
0.003063432,0.048384853
-0.0024002895,0.056427553
-0.009518708,0.056470104
-0.016291002,0.049567338
-0.02041936,0.039142482
-0.020797482,0.028646553
-0.017619275,0.020354876
-0.01207579,0.015177686
-0.0058794976,0.0127389375
-0.00078286143,0.011541002
0.0017593725,0.009595199
0.0008999901,0.0050933263
-0.0032013988,-0.0028529018
-0.009971051,-0.01438741
-0.018679854,-0.028629186
-0.02800531,-0.043262895
-0.035442397,-0.054748163
-0.037231904,-0.058723032
-0.031299576,-0.0524953
-0.021527566,-0.038071048
-0.012571282,-0.01976336
-0.005954384,-0.001531032
-0.000908802,0.014073806
0.003075076,0.02538545
0.0052163117,0.028733818
0.0056541576,0.023422047
0.0058887396,0.0119012715
0.007233863,-0.0020947547
0.010108487,-0.016098298
0.014208329,-0.02772998
0.019264521,-0.034282383
0.024526792,-0.034430195
0.028696472,-0.02947235
0.03039971,-0.022253746
0.028812815,-0.015705708
0.023671145,-0.011762824
0.015456432,-0.010895716
0.005479255,-0.012042152
-0.0051605655,-0.013124412
-0.015361772,-0.011600127
-0.023586016,-0.005499066
-0.028567573,0.005402082
-0.029830942,0.019701138
-0.02751919,0.034594692
-0.022429567,0.045930397
-0.016518459,0.048919376
-0.012133853,0.041327316
-0.010057202,0.02565656
-0.00977034,0.006549078
-0.011597856,-0.012586558
-0.015434278,-0.02965474
-0.019110784,-0.040075246
-0.018869821,-0.04007321
-0.013744415,-0.030442916
-0.00589069,-0.015617523
0.0027961717,-0.000107602435
0.01255218,0.013324249
0.022457892,0.022684459
0.029235912,0.025837885
0.030470213,0.02350342
0.026826112,0.018124374
0.020361766,0.012444156
0.013474704,0.008510015
0.008162859,0.007069758
0.0060807257,0.0076259347
0.008083585,0.008434909
0.014107952,0.0074864216
0.022843884,0.0028373548
0.032305714,-0.0063812705
0.039917666,-0.019895077
0.042918507,-0.035639036
0.03937156,-0.049590185
0.029597273,-0.056859635
0.016485812,-0.055071633
0.0033212993,-0.045889273
-0.007589275,-0.03237458
-0.014648564,-0.016953515
-0.016868055,-0.0014780962
-0.013961408,0.012569176
-0.006498665,0.023727043
0.0037377675,0.030889438
0.014139214,0.033888787
0.02203333,0.033376724
0.025476666,0.03053931
0.024018317,0.02669856
0.01889406,0.02288111
0.012262882,0.019694148
0.00636431,0.017496912
0.003020163,0.016408449
0.0033646119,0.016292095
0.007519279,0.016783513
0.0144944,0.017345611
0.022436606,0.017269649
0.028866947,0.015839325
0.031302165,0.012650471
0.028452834,0.007777044
0.021041755,0.0016733792
0.011211581,-0.0049126074
0.001176129,-0.011050297
-0.007482206,-0.01572329
-0.012902977,-0.017895006
-0.013796131,-0.017264461
-0.010732418,-0.014449944
-0.005735398,-0.010680624
-0.0010987236,-0.007360017
0.0013698578,-0.005641964
0.0006700547,-0.006071966
-0.003109618,-0.0084657855
-0.008806909,-0.011942851
-0.014454345,-0.015226835
-0.017721558,-0.017134888
-0.016837217,-0.017038891
-0.011642859,-0.015131727
-0.0036418894,-0.012333389
0.005037224,-0.009980096
0.012570353,-0.009232799
0.017292088,-0.010538939
0.01838286,-0.013510726
0.016567526,-0.017129201
0.013714463,-0.020202972
0.0119166635,-0.021728039
0.01273536,-0.021317618
0.016497828,-0.019489752
0.02204726,-0.017492995
0.02696813,-0.01671593
0.028125705,-0.018001162
0.022988249,-0.021234848
0.011198349,-0.025572984
-0.005818005,-0.029739507
-0.026284622,-0.031602837
-0.047019262,-0.02843467
-0.062125728,-0.018930724
-0.06518023,-0.0054335897
-0.055661157,0.007479525
-0.03916295,0.017266652
-0.020839501,0.022902275
-0.0040592095,0.023577483
0.008465956,0.019342858
0.014517484,0.011912646
0.013712461,0.0045106965
0.007923642,0.00034045093
0.000114211034,0.0012595127
-0.0070724203,0.007632561
-0.011207885,0.018543737
-0.010935129,0.030900326
-0.0067963526,0.040185794
-0.0012278265,0.04239197
0.0028118377,0.036136035
0.0037786993,0.023680458
0.0018735258,0.00903964
-0.0023882377,-0.003909554
-0.008481858,-0.012590117
-0.014520848,-0.014130874
-0.01810809,-0.007987262
-0.018772459,0.003334147
-0.01716824,0.01658153
-0.013792799,0.028242508
-0.009914243,0.03451658
-0.007178196,0.033149794
-0.0062039257,0.025165573
-0.006229606,0.013996981
-0.006440871,0.0032184417
-0.0064375554,-0.004595871
-0.0057542035,-0.0078090206
-0.004372618,-0.0059664594
-0.003123011,-0.00049162534
-0.0031587265,0.006292615
-0.005164136,0.012233695
-0.009624864,0.015439822
-0.016083352,0.015161551
-0.023206715,0.011925507
-0.029199032,0.007109358
-0.03214381,0.0022895487
-0.03057391,-0.0012604024
-0.024461297,-0.0029069325
-0.01537836,-0.0028924756
-0.0054724272,-0.0021596274
0.00344905,-0.0020553074
0.010401335,-0.0036292113
0.014380568,-0.007063222
0.015130089,-0.011653749
0.013376279,-0.016174467
0.010182883,-0.01935266
0.0065922188,-0.020124832
0.0033341397,-0.018024597
0.00060008245,-0.013338715
-0.0017686413,-0.0069648833
-0.0040100897,3.4928293e-05
-0.0061633615,0.0069903554
-0.007963646,0.013329522
-0.008938301,0.018467622
-0.008646021,0.022040872
-0.0069007883,0.023889864
-0.0039828597,0.023986826
-0.0006208302,0.022390578
0.0021886618,0.01923911
0.003494231,0.014840856
0.002789444,0.009752739
0.00022549134,0.0047192858
-0.0035273393,0.0005843617
-0.007509906,-0.001961905
-0.01050457,-0.0024525353
-0.011523086,-0.0009236505
-0.010319301,0.0020233004
-0.007443337,0.0055076163
-0.0038533006,0.008660079
-0.00058501813,0.010854633
0.0014988857,0.011919322
0.001991094,0.01223748
0.0010852758,0.012574667
-0.00062296976,0.013725923
-0.0024711653,0.016113104
-0.0040009073,0.019532388
-0.0051383656,0.0230497
-0.006195547,0.025184684
-0.0076192054,0.024393667
-0.009565427,0.019749582
-0.011612459,0.01142419
-0.012949604,0.00058031845
-0.012811341,-0.011371144
-0.010327873,-0.023025664
-0.00483875,-0.032710254
0.00341391,-0.039047882
0.012867928,-0.041505054
0.021055497,-0.040411517
0.025316477,-0.036614545
0.023762982,-0.031280506
0.016328389,-0.025718778
0.004861396,-0.020754397
-0.008114212,-0.016084185
-0.020445954,-0.010361469
-0.029818268,-0.0023780016
-0.034205303,0.0077542174
-0.033389114,0.018720994
-0.028950578,0.028611073
-0.02318358,0.035212863
-0.018299842,0.036316317
-0.015609921,0.030768257
-0.014742781,0.01948216
-0.01409559,0.0049924124
-0.012266833,-0.0100606335
-0.0079295,-0.02354809
9.52736e-05,-0.032702364
0.011519618,-0.035123095
0.024011416,-0.03034819
0.034428954,-0.020136891
0.040001728,-0.0074078683
0.038779143,0.0044393064
0.030628443,0.011893875
0.018132623,0.012511605
0.0053410647,0.006221503
-0.0045899493,-0.0047550593
-0.01131282,-0.018357841
-0.014498769,-0.03202555
-0.014158938,-0.04204855
-0.01146073,-0.044765368
-0.008712478,-0.03877693
-0.008513114,-0.026143206
-0.011832531,-0.010902807
-0.01744697,0.0037845727
-0.022912668,0.01606611
-0.02549638,0.02270455
-0.023336569,0.020815875
-0.016425228,0.011299855
-0.006621893,-0.002012128
0.0033415554,-0.016550826
0.011426827,-0.030675264
0.015279067,-0.040327515
0.0143859945,-0.041145913
0.010100972,-0.033303484
0.0047048833,-0.020854719
0.00061802444,-0.0077786385
-5.7298166e-05,0.00322729
0.0037856356,0.010391717
0.011554432,0.011780293
0.020992571,0.007006468
0.029574107,-0.0023734707
0.035140187,-0.014065615
0.03630343,-0.025081908
0.033433154,-0.03248119
0.028673882,-0.03484536
0.024752596,-0.032946654
0.02362683,-0.028874017
0.026055625,-0.024689598
0.031618487,-0.021762656
0.03882778,-0.020600053
0.045357972,-0.020500982
0.048917044,-0.01955555
0.04846324,-0.01565369
0.04490018,-0.008082547
0.040412776,0.0022737556
0.03720817,0.013835728
0.03658184,0.024686236
0.03823441,0.032143388
0.039984405,0.033386555
0.039082743,0.027530162
0.03443226,0.01653718
0.026628168,0.0037346154
0.016795004,-0.007696781
0.006344336,-0.015211667
-0.0025201791,-0.016932284
-0.0068576145,-0.0124319885
-0.005108289,-0.0036451519
0.0018185192,0.006428647
0.012370145,0.015150136
0.023391286,0.019659001
0.029721566,0.01865489
0.0273518,0.0135301575
0.016678553,0.007337742
0.0012647371,0.0029402932
-0.015759287,0.002952602
-0.03173851,0.009441019
-0.0410085,0.022197299
-0.039498992,0.036826506
-0.027957154,0.048165042
-0.010902384,0.05268014
0.0060515674,0.048996754
0.017960373,0.037741803
0.021928553,0.021783302
0.01840352,0.005323376
0.00979766,-0.008056166
-0.00088742404,-0.015621534
-0.009812287,-0.01515462
-0.012874415,-0.006651223
-0.008919857,0.0070597194
0.0010464077,0.023098394
0.016060213,0.038257286
0.032516424,0.048670102
0.043440036,0.051124442
0.04213597,0.04528407
0.030227324,0.0345366
0.014333371,0.022575816
-0.0014867855,0.012101007
-0.015712785,0.005079005
-0.02648823,0.0018718337
-0.030680919,0.0023138518
-0.027710257,0.005093353
-0.019982744,0.009297993
-0.010401841,0.014207609
-0.0011127724,0.019185534
0.0066412054,0.023594033
0.011962522,0.02695117
0.014700133,0.028809017
0.015347957,0.028665613
0.014789762,0.02621208
0.013809984,0.02147153
0.01294722,0.0149920145
0.012468271,0.0077670356
0.012286198,0.0010718716
0.01222902,-0.0037748148
0.012246714,-0.0056555583
0.01247058,-0.0041589728
0.013086833,2.4039638e-05
0.014013872,0.0052627698
0.014856865,0.0094389
0.014862185,0.010337296
0.013327615,0.0065162834
0.010226015,-0.0019677773
0.0060838982,-0.013908196
0.0011463742,-0.027649643
-0.003676236,-0.040417183
-0.0063156933,-0.04878251
-0.0046365876,-0.05002669
0.0014088999,-0.04405488
0.0094726095,-0.033502057
0.016993614,-0.021758765
0.022102734,-0.011433304
0.022981724,-0.004071842
0.018408235,-0.0003081267
0.009142517,0.00038095022
-0.0023110881,-0.000421436
-0.013804223,-0.00048177433
-0.022934493,0.002049486
-0.02629009,0.007378467
-0.02237344,0.014118267
-0.012210402,0.020281425
0.0018680878,0.023898683
0.017323181,0.023023317
0.03106479,0.016274355
0.039663963,0.0041555325
0.041091472,-0.010560396
0.035359185,-0.024295755
0.024325227,-0.03362157
0.01075594,-0.03641888
-0.0024494908,-0.032396395
-0.013139714,-0.023236187
-0.020282846,-0.011649732
-0.023667363,-0.00046077222
-0.023681987,0.0077206236
-0.021388609,0.010967647
-0.018278558,0.008976725
-0.015772518,0.0032914449
-0.014811516,-0.003784933
-0.01577194,-0.010063139
-0.018266775,-0.013742885
-0.021307314,-0.013906439
-0.023704315,-0.010945637
-0.024396215,-0.0062939874
-0.022601366,-0.0017301417
-0.017952455,0.0012991267
-0.010653365,0.0021758466
-0.001428214,0.0012559372
0.008910069,-0.00072472135
0.019765304,-0.003091552
0.029747088,-0.005101494
0.037410412,-0.0060988124
0.041396827,-0.0061405455
0.04090442,-0.0057389024
0.03608921,-0.0056657465
0.027995745,-0.0063870107
0.01804374,-0.007563443
0.0076280693,-0.008056368
-0.0022136464,-0.006433074
-0.010746859,-0.0014344915
-0.017113948,0.0075045237
-0.020345941,0.019628523
-0.019922668,0.0327046
-0.015966827,0.04327749
-0.009696645,0.047392324
-0.0032146976,0.042742573
0.00181019,0.030601704
0.0046896804,0.014575309
0.0050250185,-0.0017383939
0.0021089755,-0.016216671
-0.004053053,-0.026026819
-0.011606532,-0.02816382
-0.017860726,-0.02298305
-0.021227762,-0.013524274
-0.020854913,-0.0035355147
-0.016628707,0.0035708921
-0.009390083,0.0055337516
-0.0010863106,0.0020783036
0.006199719,-0.005174042
0.01039632,-0.013806558
0.00984496,-0.019975869
0.004725849,-0.020015191
-0.003157433,-0.013185048
-0.011477771,-0.0013802068
-0.017883474,0.013355172
-0.019614646,0.027963456
-0.015237935,0.037260167
-0.006099867,0.0374767
0.0048212465,0.029499581
0.014601341,0.017079832
0.020702312,0.0037850286
0.02074941,-0.0071011498
0.013715326,-0.012044044
0.0011498054,-0.009733115
-0.01446456,-0.0017444091
-0.031076418,0.010941186
-0.045529768,0.02650697
-0.054352492,0.040602803
-0.055092845,0.04692346
-0.048644446,0.04278108
-0.03850007,0.03311202
-0.027690182,0.023305194
-0.018198635,0.0156541
-0.010881094,0.010726757
-0.005803125,0.0082739005
-0.0023616697,0.007259292
0.00019838169,0.0061423425
0.0024005838,0.0035810743
0.0043111946,-0.0008971531
0.005581944,-0.006653743
0.0055289874,-0.012003839
0.0035742982,-0.014529478
-0.00022152565,-0.012280645
-0.0052319723,-0.005102421
-0.010657427,0.005634304
-0.01533316,0.018148558
-0.017961642,0.029277733
-0.018067531,0.03485585
-0.016236955,0.03205684
-0.013431907,0.021908991
-0.010464125,0.0080872625
-0.008297306,-0.005757765
-0.0075327717,-0.017287124
-0.007445673,-0.023672864
-0.0065214457,-0.023181826
-0.0037135528,-0.017085612
0.001048383,-0.008602397
0.0076437066,-0.0010117776
0.015900029,0.0033584503
0.02432616,0.003051934
0.030594604,-0.0015221386
0.0329643,-0.007995361
0.030951068,-0.013222523
0.025323242,-0.014601779
0.017870322,-0.011281354
0.010627652,-0.004389015
0.0052715233,0.0038035458
0.0027593747,0.010988107
0.0030592298,0.014531879
0.005121451,0.012630519
0.00742766,0.0059386115
0.00880748,-0.0031583062
0.008246145,-0.011943128
0.0054200008,-0.017240513
0.0013353345,-0.01657774
-0.0023837378,-0.009936561
-0.0044740564,0.00034481077
-0.0039527924,0.011530686
5.1521325e-05,0.020474523
0.0070467223,0.023505645
0.015354512,0.018948533
0.023605507,0.007904988
0.030929632,-0.0075437753
0.03623932,-0.025178326
0.038409784,-0.041865356
0.03698749,-0.05341704
0.032626677,-0.056431975
0.026449839,-0.05143385
0.019026844,-0.042297784
0.010744705,-0.0325569
0.0022117416,-0.024014574
-0.0058225174,-0.01720141
-0.012556757,-0.011922346
-0.017059352,-0.0077234046
-0.018357897,-0.004331278
-0.016067624,-0.001858426
-0.010791205,-0.0007377454
-0.003842838,-0.0013855152
0.0032285466,-0.0041804737
0.009095061,-0.009153833
0.012511763,-0.0153962225
0.013080941,-0.02091727
0.011641663,-0.023417544
0.009898324,-0.021333052
0.009626416,-0.014607801
0.012045069,-0.0046942583
0.017924368,0.0062830797
0.027235625,0.01600614
0.03829906,0.02156408
0.047597356,0.020939333
0.05158144,0.014515372
0.04913289,0.005116204
0.041752793,-0.0036697602
0.03174773,-0.008842336
0.021296859,-0.008631392
0.012195459,-0.0030870566
0.005482401,0.0060603702
0.0012567904,0.016408425
-0.001295664,0.024427371
-0.0038880853,0.02648242
-0.008186207,0.02115691
-0.014459178,0.010446003
-0.022584144,-0.0021314637
-0.03197312,-0.013061544
-0.039881382,-0.018366631
-0.042070996,-0.015256409
-0.037281334,-0.0043818066
-0.028323356,0.01100255
-0.017774874,0.027389739
-0.006891497,0.040919255
0.0014692631,0.046828706
0.0036199822,0.04225419
-0.000395366,0.029297546
-0.0072010565,0.012955766
-0.014433888,-0.0025404403
-0.020418154,-0.0147652775
-0.021754785,-0.021167513
-0.016186971,-0.020907989
-0.005515448,-0.015839657
0.0067383796,-0.009184489
0.018451689,-0.003867804
0.027342303,-0.0015477757
0.030648777,-0.0023346466
0.027837634,-0.0046567884
0.02108202,-0.006539787
0.013370852,-0.006309232
0.0072337007,-0.0031540254
0.0041490067,0.002521966
0.0044436557,0.009219886
0.0072665676,0.014496749
0.010642889,0.015940076
0.012084772,0.012517914
0.010284533,0.0053292084
0.0054867645,-0.0030875963
-0.0013989051,-0.009886339
-0.009051966,-0.012310117
-0.015127154,-0.008663964
-0.017918399,0.00010763909
-0.017355587,0.011080716
-0.014182981,0.020313982
-0.009945222,0.023362461
-0.006770082,0.01729612
-0.005792409,0.0029701989
-0.007298867,-0.016553996
-0.011932062,-0.03909796
-0.01912898,-0.059307702
-0.02378846,-0.06834136
-0.01943108,-0.059121635
-0.009887702,-0.036910586
-0.001686219,-0.010719313
0.0051295897,0.014057102
0.012900152,0.03683186
0.019010954,0.051677782
0.01847662,0.052495327
0.01213821,0.040772427
0.005623746,0.02416156
0.0015126108,0.009044572
0.00032355747,-0.00024596308
0.0020371974,-0.0012929031
0.0065743085,0.0062989504
0.013436819,0.020681813
0.021663992,0.038083345
0.029509729,0.05353218
0.033004977,0.06045442
0.028232774,0.054111183
0.01849649,0.03717005
0.009835583,0.016334215
0.0038669254,-0.0031586792
-0.00077908154,-0.018821023
-0.0039570546,-0.027888343
-0.004615439,-0.026784806
-0.0036695492,-0.017000934
-0.0031183087,-0.0028688072
-0.0038991661,0.01177534
-0.006216483,0.024191512
-0.010356107,0.030753225
-0.016186861,0.02926514
-0.022482295,0.020701537
-0.02807148,0.008281516
-0.032303445,-0.0048160627
-0.034539133,-0.015956482
-0.033414334,-0.022809288
-0.028287856,-0.02421926
-0.019947382,-0.02076537
-0.010324619,-0.014495349
-0.0008674564,-0.007712337
0.0077375667,-0.002335505
0.015071302,0.0008705336
0.019846568,0.001711538
0.021219537,0.0009659024
0.019396348,-0.00023755255
0.015424443,-0.00093246065
0.01069234,-0.0006736527
0.0066830297,0.00036461581
0.004531814,0.001423604
0.0047487323,0.0014161569
0.007079439,-0.0006367415
0.010512193,-0.0051801465
0.013579158,-0.01178795
0.01473314,-0.018919148
0.012993869,-0.024048448
0.008478476,-0.024462145
0.0024352646,-0.018635651
-0.0034797688,-0.007056177
-0.007914714,0.008715159
-0.009478733,0.027955687
-0.0067539634,0.04789964
-0.00044600162,0.06343931
0.0056987586,0.06842147
0.007138638,0.060286675
0.0036967087,0.043577835
-0.0024518191,0.024391606
-0.010353874,0.006918188
-0.020142648,-0.006455342
-0.029604351,-0.013728261
-0.034421094,-0.013238594
-0.031879224,-0.006728316
-0.023311738,0.002272923
-0.011260436,0.010211864
0.0019439639,0.014141462
0.014080872,0.012063929
0.022104362,0.0038741988
0.023860248,-0.00793155
0.019047655,-0.0195922
0.008810088,-0.027245525
-0.004640398,-0.028132856
-0.01863101,-0.02165276
-0.031016452,-0.009352016
-0.040357325,0.006031201
-0.04534824,0.020697992
-0.045266144,0.029806342
-0.040488504,0.029826099
-0.03232116,0.021834917
-0.02218828,0.010362194
-0.011366639,-0.00024599867
-0.0010551019,-0.0072107436
0.007925957,-0.008854495
0.014488555,-0.004209949
0.017310463,0.0054313852
0.015710728,0.017185703
0.009672973,0.027791588
-8.6755485e-05,0.034193017
-0.011703625,0.034425255
-0.022253567,0.028643046
-0.028751893,0.019022573
-0.029173926,0.008721522
-0.023176199,0.00079962565
-0.01241556,-0.0028196233
-5.699292e-05,-0.002104361
0.0111239785,0.0010349564
0.019329706,0.004554245
0.021873202,0.006387998
0.018004222,0.005145831
0.009654642,0.0007640615
-4.749362e-05,-0.005405266
-0.008954031,-0.011450112
-0.0148952855,-0.015057279
-0.01563491,-0.014488307
-0.011092568,-0.009645006
-0.0032425798,-0.0019607805
0.005835642,0.006420037
0.015236602,0.0135322
0.023200717,0.017133228
0.02802031,0.016127434
0.029456917,0.0110696945
0.028415294,0.0037532235
0.02597355,-0.0038369943
0.022697411,-0.009931651
0.018633138,-0.01336831
0.013758667,-0.013933793
0.008247327,-0.012482155
0.002540358,-0.0103718955
-0.002622314,-0.008816807
-0.0062539508,-0.008494694
-0.007324652,-0.009504035
-0.0053090528,-0.01136721
-0.00058609375,-0.013297956
0.0055847755,-0.014611487
0.011409289,-0.014918583
0.01487775,-0.014182252
0.014525454,-0.012725816
0.010188872,-0.011231445
0.0031864813,-0.010354624
-0.0044063674,-0.010260719
-0.010482766,-0.01045462
-0.013070893,-0.010254184
-0.011281182,-0.009115267
-0.006075881,-0.0068015745
0.00024856007,-0.0036179018
0.0053070276,-0.0004422489
0.007189469,0.0016833879
0.004892554,0.0016348015
-0.00067272777,-0.0013562865
-0.0073311315,-0.0074841166
-0.012763859,-0.016357806
-0.014421778,-0.027177043
-0.010814274,-0.03868458
-0.0024868762,-0.04944708
0.008166413,-0.057878923
0.017602757,-0.06172879
0.021970475,-0.05801441
0.018770369,-0.04637622
0.00894695,-0.030801155
-0.0037264137,-0.014761521
-0.014926804,0.0011756407
-0.020765454,0.017935995
-0.01687287,0.03309779
-0.002089003,0.042894766
0.02083993,0.045850653
0.04823576,0.041543167
0.07515743,0.028856754
0.092186876,0.0087351035
0.08740331,-0.009732209
0.065925114,-0.018702395
0.0409035,-0.022141462
0.017703854,-0.021597762
-0.0007861987,-0.01673804
-0.012354854,-0.008121373
-0.015129327,0.0017750079
-0.010051471,0.0094829565
-0.00070555136,0.012662249
0.008820088,0.010734607
0.015093629,0.004609531
0.01614887,-0.0035300883
0.0123887425,-0.010544549
0.0062484,-0.013775688
0.0009355804,-0.012012141
-0.0009021507,-0.0059593
0.001601068,0.0021161153
0.007905354,0.009660794
0.016328987,0.013394185
0.02315522,0.010867278
0.025063854,0.0025311161
0.021426901,-0.009166422
0.013600364,-0.020973532
0.0038526168,-0.02945554
-0.0044173854,-0.031271577
-0.007477918,-0.025148923
-0.004282585,-0.013240709
0.0032926807,0.00060003914
0.0138183795,0.013160813
0.025004033,0.02102795
0.032088965,0.020919949
0.031562954,0.012975649
0.025270203,0.00019047695
0.016775405,-0.013965655
0.008493584,-0.026439095
0.0026287974,-0.034008652
0.0017188304,-0.034220804
0.00558676,-0.027599046
0.011333648,-0.017174358
0.015713079,-0.0063522556
0.016087838,0.002251349
0.010560105,0.00682547
-0.00023759312,0.0067950115
-0.013653281,0.0034287767
-0.027271185,-0.001356746
-0.037024766,-0.0056518167
-0.03859585,-0.008081903
-0.03099115,-0.007704534
-0.017790215,-0.004082073
-0.003922651,0.0020823847
0.0073749227,0.009345545
0.014332431,0.016657462
0.014789379,0.022931667
0.009475377,0.027310673
0.0015408203,0.02923081
-0.0053142128,0.028506689
-0.008007908,0.024927009
-0.0052269893,0.01875706
0.0018312263,0.011017236
0.010170525,0.002947238
0.016520021,-0.0049543865
0.01733675,-0.011252386
0.010928287,-0.013975332
-0.001317894,-0.012545092
-0.016489463,-0.0074522924
-0.031323645,0.0014171434
-0.040993262,0.012998341
-0.04102265,0.023833876
-0.030877514,0.030452333
-0.014452196,0.03266183
0.0038789317,0.03204341
0.020698017,0.029523786
0.032531083,0.025928149
0.036267716,0.022945616
0.03183266,0.022067541
0.022415154,0.02326088
0.011933406,0.025581913
0.003303374,0.027700732
-0.0017694458,0.027853746
-0.0029394557,0.024494592
-0.0013640618,0.017541809
0.001010822,0.0083511975
0.002402183,-0.0012871106
0.0017199415,-0.010165407
-0.0011051602,-0.01694868
-0.004654922,-0.020217812
-0.0067827078,-0.019861706
-0.0059108622,-0.016778853
-0.0016155802,-0.012316823
0.005298222,-0.0077053653
0.013418218,-0.0036566106
0.02085978,-0.00024444595
0.0254393,0.002973358
0.025962042,0.006624287
0.022865694,0.010903152
0.018065713,0.01545581
0.01387941,0.019603182
0.012225882,0.022388093
0.01402713,0.022741418
0.018834108,0.020115938
0.024950106,0.014799858
0.0299071,0.0076816413
0.031166496,8.806566e-05
0.027127467,-0.0064849094
0.018107515,-0.01115154
0.0060440795,-0.014114797
-0.0068384698,-0.016131349
-0.018546222,-0.017752495
-0.02671689,-0.019509165
-0.029619562,-0.021887658
-0.027313907,-0.024707615
-0.021594996,-0.027163919
-0.0148965735,-0.02836073
-0.00931443,-0.027718632
-0.0060922774,-0.025235455
-0.005440008,-0.021670187
-0.0066039646,-0.01824939
-0.008326085,-0.016082551
-0.0094072865,-0.015727697
-0.009146932,-0.016980352
-0.00759726,-0.018839912
-0.005492245,-0.019776344
-0.003927098,-0.018292073
-0.0039137485,-0.013633138
-0.0059303073,-0.0063082664
-0.00968957,0.0022095705
-0.014176434,0.010416179
-0.01787434,0.016293485
-0.01933116,0.017888881
-0.017625218,0.014773187
-0.01275246,0.008586072
-0.005591219,0.0020149897
0.0024428861,-0.002590211
0.0102443965,-0.003956636
0.01677942,-0.001360146
0.02122611,0.0045164437
0.023339797,0.011602203
0.02327509,0.0172843
0.021346234,0.01921667
0.018122781,0.01624038
0.014397679,0.009047924
0.010784656,-0.00026338955
0.007303819,-0.00943483
0.0035521225,-0.01659741
-0.0003890878,-0.020204484
-0.004064526,-0.020028174
-0.007032866,-0.017329505
-0.008976971,-0.013969072
-0.009720923,-0.011495428
-0.009298006,-0.010613215
-0.008020091,-0.010925528
-0.0064567835,-0.01109599
-0.005304762,-0.009515625
-0.005188618,-0.005088453
-0.006541658,0.0021471009
-0.009410749,0.011315292
-0.013393069,0.020731732
-0.017939853,0.027812667
-0.022428494,0.030067433
-0.02610844,0.02652513
-0.028232947,0.018538475
-0.02840728,0.008980149
-0.026665173,0.0007746355
-0.023207553,-0.003918282
-0.018486036,-0.0041951053
-0.013363477,-0.00079717545
-0.0087821325,0.004292715
-0.005367071,0.008818513
-0.003520917,0.01097703
-0.00356256,0.01007998
-0.0053209914,0.007100197
-0.008159981,0.0042023715
-0.011163633,0.0037515124
-0.013195584,0.0074492623
-0.0132357,0.015561096
-0.0106438855,0.026634803
-0.005360147,0.037645873
0.0015448148,0.04447415
0.0076261978,0.043442134
0.010531942,0.033987753
0.009765472,0.01923923
0.005926158,0.003518635
-0.00071073056,-0.009676367
-0.009939923,-0.017660111
-0.019478826,-0.017355219
-0.026390787,-0.008930128
-0.029397346,0.004613685
-0.028219938,0.019663796
-0.023138976,0.032558504
-0.015585068,0.04014662
-0.008044417,0.041417774
-0.0026903285,0.038333755
-0.00046665326,0.034325555
-0.0012461791,0.032265212
-0.004174764,0.033586577
-0.007829867,0.03789447
-0.0106542725,0.042744115
-0.0116276685,0.04410894
-0.010797163,0.038494628
-0.008955325,0.025827158
-0.007179065,0.009295646
-0.0071375566,-0.0072078756
-0.010604876,-0.021072153
-0.017642086,-0.027405823
-0.02610013,-0.022299536
-0.03389441,-0.006976831
-0.039920185,0.014956483
-0.041653354,0.040026326
-0.0359746,0.06189107
-0.022865325,0.07008637
-0.00729161,0.060262118
0.007881654,0.04182493
0.022067145,0.022542836
0.033483084,0.0052663703
0.039690297,-0.00725398
0.03856467,-0.010888603
0.03053029,-0.005504235
0.018117305,0.0039062202
0.004202073,0.012472318
-0.00940091,0.017163321
-0.021092305,0.015276992
-0.029018674,0.00617351
-0.032103695,-0.007483158
-0.030356565,-0.021348475
-0.024081122,-0.031010449
-0.0142479595,-0.032958716
-0.003440669,-0.026635252
0.0052684145,-0.015055024
0.010451231,-0.0027617984
0.011939497,0.006520283
0.0093487855,0.009979306
0.0033702082,0.0064859623
-0.0036706736,-0.0019655148
-0.0100566195,-0.012125995
-0.014001295,-0.020245042
-0.012960247,-0.022266096
-0.006163825,-0.016148627
0.004111229,-0.003377123
0.016208356,0.013127807
0.030094737,0.031594027
0.043654874,0.048582513
0.051369783,0.060227305
0.046915103,0.06349276
0.032394923,0.059090737
0.016503546,0.050765537
0.0039974637,0.042070106
-0.0032366314,0.034763247
-0.004173446,0.028885292
0.0011924997,0.02386919
0.011126065,0.018950187
0.023094371,0.013301201
0.03412171,0.006316515
0.040779747,-0.0011220482
0.040407002,-0.0065225335
0.033020813,-0.0075313696
0.02125911,-0.003789429
0.008486842,0.0035412465
-0.002578539,0.013389911
-0.0102166375,0.024265436
-0.012619293,0.0324139
-0.009620916,0.033451695
-0.0027875672,0.026154673
0.0057973876,0.012946798
0.014558595,-0.0032573245
0.022006262,-0.021444248
0.02646589,-0.03888468
0.027520139,-0.050653595
0.026191764,-0.052426226
0.023728995,-0.04463713
0.020607157,-0.031875104
0.017138889,-0.018725522
0.013679291,-0.008159391
0.010283731,-0.0019048925
0.006772472,-0.0007558996
0.0031005056,-0.0041827196
-0.0006411309,-0.010451899
-0.004441154,-0.017194482
-0.007863648,-0.02152777
-0.010279498,-0.020888843
-0.011502007,-0.014213314
-0.012158983,-0.0023999605
-0.013081642,0.012881773
-0.014144593,0.030232789
-0.015035116,0.04676286
-0.016019221,0.057936184
-0.017709358,0.05865931
-0.019721517,0.047709193
-0.020357013,0.029479308
-0.019096214,0.009343947
-0.017350012,-0.0093839895
-0.016373279,-0.024948847
-0.01617795,-0.034124177
-0.016442163,-0.03414065
-0.017440457,-0.026010787
-0.019624135,-0.013797024
-0.022410026,-0.001589631
-0.024206316,0.007283897
-0.023348425,0.009741911
-0.019029725,0.004501202
-0.011635802,-0.0064476714
-0.0025737016,-0.02009054
0.00672217,-0.033639
0.014505371,-0.042691056
0.019162698,-0.042249385
0.019344121,-0.031553466
0.014768677,-0.01551659
0.0068740626,0.00019569516
-0.0017746452,0.012471225
-0.009676027,0.019316623
-0.014998193,0.017961565
-0.016409602,0.009026867
-0.01371137,-0.003506501
-0.0081838025,-0.015710246
-0.0011482735,-0.02432952
0.006009392,-0.026360977
0.011639319,-0.02081955
0.014325591,-0.010110578
0.0138489995,0.0019076909
0.010948153,0.011980814
0.0063221958,0.017776623
0.0008323584,0.018079707
-0.0043890546,0.013924402
-0.008457064,0.008021557
-0.011045866,0.0033494162
-0.01198451,0.0021435672
-0.011215429,0.005249943
-0.008826718,0.011641181
-0.0048022587,0.019039605
0.00082262134,0.024434283
0.00746444,0.025054459
0.01420862,0.019895423
0.020256873,0.010329659
0.024823295,-0.0010359841
0.02670371,-0.011157735
0.024762293,-0.016586794
0.018753774,-0.015061187
0.009446722,-0.0074332273
-0.0017318977,0.003202283
-0.013517948,0.0149037205
-0.024384102,0.025240328
-0.032139033,0.030305874
-0.035028014,0.027159484
-0.03232907,0.01709115
-0.024965174,0.004130532
-0.014919543,-0.008110494
-0.0041832607,-0.01813394
0.0060117585,-0.025300123
0.014378475,-0.029235085
0.019924967,-0.030439818
0.022163397,-0.030393677
0.021441037,-0.030565208
0.018623719,-0.031612974
0.014685775,-0.03299622
0.010414382,-0.03322104
0.006355831,-0.030584648
0.002729675,-0.02422617
-0.000641265,-0.014799867
-0.004061858,-0.0042964704
-0.007591529,0.005061751
-0.011082517,0.011144245
-0.014192382,0.01134418
-0.01661957,0.0047051953
-0.0181873,-0.0073662917
-0.019286063,-0.022441598
-0.020285323,-0.03734983
-0.020796657,-0.0474572
-0.019620594,-0.047651142
-0.016982738,-0.036342014
-0.015236947,-0.017209198
-0.015700242,0.0053600366
-0.017133532,0.03057095
-0.01731051,0.05784754
-0.014877485,0.08375123
-0.010679507,0.10084959
-0.01060408,0.09652541
-0.01367874,0.076487504
-0.013650303,0.0542714
-0.01093901,0.034727972
-0.007008065,0.018766169
-0.0025650617,0.0066420166
0.0020601486,-0.0012679892
0.0066963234,-0.005559867
0.011163999,-0.0068685743
0.014745436,-0.006305431
0.016697176,-0.005358535
0.016561639,-0.005345882
0.014436245,-0.007222791
0.011052824,-0.011260219
0.0074838772,-0.017155642
0.0049321605,-0.023967346
0.0046168217,-0.03019051
0.00738602,-0.033763133
0.013653107,-0.03260466
0.022263616,-0.025785506
0.030996973,-0.013745642
0.03797888,0.002140848
0.04154386,0.020078802
0.040089294,0.037595488
0.032329205,0.051111247
0.018761534,0.056569908
0.0029557864,0.051688865
-0.009987608,0.038007878
-0.016910886,0.019607304
-0.017689744,0.000639409
-0.014170161,-0.01632614
-0.008161417,-0.02956336
-0.0019245156,-0.03665802
0.0016750436,-0.036222503
0.00018760425,-0.029704936
-0.007045149,-0.020966243
-0.018916637,-0.013661288
-0.033374164,-0.009524048
-0.04736636,-0.00961749
-0.056918357,-0.014853341
-0.05830658,-0.024856849
-0.05052924,-0.036968254
-0.036160894,-0.047495354
-0.019288845,-0.05377386
-0.003733175,-0.05432029
0.0071626627,-0.048684448
0.011174391,-0.038360734
0.008373282,-0.02668641
0.0010759258,-0.016707234
-0.007695537,-0.009769543
-0.015398342,-0.0057794703
-0.01979418,-0.004342253
-0.019462125,-0.004843401
-0.014725395,-0.006005869
-0.0073888176,-0.0065561524
0.00021472841,-0.005866954
0.006113027,-0.0040357457
0.008862007,-0.0014775209
0.007715398,0.0010802092
0.0030663386,0.0028385369
-0.0038146372,0.003315091
-0.011577978,0.002609117
-0.018758848,0.0010893682
-0.023869792,-0.00068517384
-0.025768518,-0.0020739308
-0.024000207,-0.002505841
-0.018893065,-0.0016621255
-0.011316983,0.00045474054
-0.002282686,0.0034733235
0.007615858,0.0068458333
0.018205885,0.009970445
0.028609252,0.012200919
0.037721414,0.01311847
0.044357702,0.012414441
0.047543418,0.009930149
0.046938665,0.0055648987
0.043080255,-0.00070784346
0.037071835,-0.008746431
0.03003438,-0.018104868
0.02266748,-0.028038112
0.015323068,-0.03728436
0.008509987,-0.044012558
0.0031051752,-0.046250585
-7.941907e-06,-0.04292179
-0.0006147242,-0.034645174
0.00082457403,-0.023435997
0.003763148,-0.0117323045
0.007892242,-0.0017526982
0.01283957,0.0048785065
0.017230345,0.0068495083
0.019330531,0.0038400742
0.017915776,-0.0028194073
0.0127251325,-0.010915379
0.004078276,-0.01804391
-0.007079973,-0.021947008
-0.018795263,-0.021012511
-0.028274799,-0.015066454
-0.03291142,-0.005676176
-0.031355016,0.0043991585
-0.024051275,0.012369322
-0.013041288,0.016386118
-0.0011519679,0.015971936
0.008793969,0.011759092
0.014282996,0.0052419705
0.013679039,-0.0012446961
0.007266953,-0.005370998
-0.002887581,-0.006046605
-0.014286399,-0.0032571622
-0.023916686,0.0022818975
-0.028656391,0.008172184
-0.026950428,0.011238117
-0.019789033,0.009612012
-0.009961837,0.0036259817
-0.0006236316,-0.0051597594
0.0058322917,-0.015533936
0.007473075,-0.024887435
0.003898235,-0.029572085
-0.0029810367,-0.02764952
-0.01037896,-0.020187667
-0.01571219,-0.009697401
-0.016961321,0.0008902215
-0.013097026,0.008486436
-0.0048391446,0.010395537
0.005520688,0.005947745
0.01565952,-0.0038896257
0.023070319,-0.017375506
0.025445072,-0.030739605
0.022284728,-0.03860606
0.01552068,-0.037010804
0.008168015,-0.026380004
0.0025383546,-0.010385537
0.0002340263,0.00726969
0.0028644684,0.02500444
0.01095154,0.038823366
0.022092732,0.043970864
0.032154404,0.039049536
0.038764767,0.026981033
0.041332316,0.0122134425
0.039936338,-0.0010890912
0.03502927,-0.00951218
0.028035333,-0.010967939
0.020906316,-0.0059229573
0.0152934985,0.0031127285
0.012319641,0.013212252
0.01227928,0.02121728
0.014354865,0.023811447
0.016940279,0.019363144
0.018806756,0.00908705
0.019320518,-0.0043336893
0.017751826,-0.018282583
0.013393421,-0.029990872
0.0066426056,-0.036565457
-0.0011154222,-0.036783963
-0.00845206,-0.031943325
-0.014546296,-0.024690988
-0.01899968,-0.01742712
-0.02165781,-0.011649647
-0.022646364,-0.0077775875
-0.022424275,-0.0051114555
-0.021607589,-0.0021239822
-0.020702237,0.0028256983
-0.019911617,0.010729388
-0.018937238,0.02152088
-0.016895996,0.03382286
-0.012779662,0.044633728
-0.006322694,0.049731657
0.0015965812,0.045915026
0.009871723,0.03381752
0.017811399,0.016931579
0.024459125,-0.001701511
0.027935898,-0.020080607
0.02614247,-0.034359224
0.018909711,-0.03977355
0.008399338,-0.03531888
-0.0026609814,-0.024642993
-0.01190418,-0.011859483
-0.017114915,0.00040703831
-0.016247876,0.009940251
-0.008754948,0.014763321
0.0036233845,0.015176104
0.0184741,0.013044938
0.033108134,0.009879731
0.04405322,0.0074478565
0.048036546,0.0073991716
0.04404939,0.009693146
0.034412563,0.012092758
0.022990705,0.012031692
0.013104261,0.0082187615
0.0069048028,0.0009509049
0.0050167344,-0.008233506
0.006427837,-0.01756948
0.009317505,-0.024258994
0.011372241,-0.025412628
0.010473041,-0.020056639
0.0056050625,-0.010329297
-0.0025926537,-6.487228e-05
-0.012408707,0.007890861
-0.021854836,0.0110511305
-0.028290752,0.0068867253
-0.030161811,-0.0040680887
-0.027823105,-0.018417878
-0.0230119,-0.032186337
-0.017552748,-0.040992726
-0.013171452,-0.040604778
-0.011704156,-0.030283595
-0.014441252,-0.01440973
-0.020483237,0.00218245
-0.027298508,0.016932607
-0.03172974,0.025984205
-0.031300887,0.025267044
-0.025241911,0.015582733
-0.014956517,0.0023607877
-0.0031218764,-0.0097419135
0.008098243,-0.018624928
0.016835215,-0.021719003
0.021188948,-0.017861744
0.020736514,-0.00954644
0.01669316,-0.0013032714
0.011104197,0.0031415126
0.0059461854,0.0015077604
0.002708361,-0.0063577523
0.0015680797,-0.018976374
0.0017201664,-0.033622883
0.0023718448,-0.046041757
0.0033582419,-0.051097944
0.004639684,-0.045928497
0.0054839076,-0.03264354
0.0054228944,-0.016222704
0.005226858,-0.0008247172
0.006375022,0.011300872
0.008851756,0.018483628
0.01182054,0.01932054
0.014014038,0.015083874
0.01471574,0.008375524
0.013391088,0.0016443828
0.010068225,-0.0033053039
0.0053774873,-0.005822336
0.0006098637,-0.006391083
-0.0028467237,-0.006211246
-0.0038631104,-0.006516763
-0.0019771992,-0.008114273
0.002449873,-0.011029737
0.008417001,-0.01459057
0.01459454,-0.017621793
0.019727882,-0.018758811
0.023047518,-0.017105404
0.024496704,-0.012829614
0.024622073,-0.007054976
0.0242636,-0.0011984725
0.024057493,0.003648825
0.024064021,0.00685687
0.023723414,0.008412604
0.022155954,0.008805653
0.018581267,0.008703298
0.012775873,0.00853064
0.0052677584,0.008259885
-0.0027844822,0.0075326297
-0.010002247,0.005825585
-0.014741316,0.0025688643
-0.015503208,-0.002315582
-0.011732169,-0.008028854
-0.0040704007,-0.013188368
0.0061521465,-0.016578734
0.017427837,-0.017307648
0.028104972,-0.014902997
0.036573894,-0.009694769
0.041610993,-0.0029896868
0.042629182,0.003313544
0.039744083,0.0074196206
0.033776686,0.00833497
0.02592958,0.0063342964
0.017248068,0.0027791741
0.008335487,-0.00055823906
-0.0004786104,-0.0021706433
-0.009083615,-0.0011592635
-0.016978864,0.0025258905
-0.022973718,0.007986545
-0.026121812,0.013458343
-0.02586511,0.017276479
-0.022417165,0.018487208
-0.016772015,0.017381044
-0.010347947,0.015158776
-0.004571724,0.013131791
-0.0005686195,0.012143743
0.0011151488,0.012225148
0.0005095281,0.012650113
-0.0017163752,0.012027196
-0.0045095854,0.008891831
-0.006792942,0.0024467602
-0.008015663,-0.007056661
-0.0082155885,-0.018640483
-0.0077636773,-0.03027172
-0.0069527915,-0.03889218
-0.0058028055,-0.041341543
-0.00441405,-0.036253117
-0.003195173,-0.025217745
-0.0022715016,-0.01152228
-0.0010242041,0.0017647755
0.0017759405,0.012953353
0.0065011377,0.020548819
0.0125041725,0.02319628
0.018562602,0.021700224
0.02360502,0.017828245
0.026549298,0.013353894
0.026680829,0.009491472
0.023816928,0.006399042
0.018529475,0.0032757886
0.011909292,-0.0010881467
0.0050896346,-0.007526311
-0.0013913946,-0.016188473
-0.0074736746,-0.026171084
-0.012900516,-0.03518029
-0.017035672,-0.0400212
-0.019042393,-0.037913345
-0.01886137,-0.028453063
-0.017423186,-0.013966625
-0.015438107,0.00221255
-0.012489844,0.017456835
-0.007935867,0.02881768
-0.002436263,0.032738768
0.002590133,0.028187962
0.006390307,0.017714256
0.008765691,0.005228084
0.009495988,-0.006090591
0.008304858,-0.013733307
0.005657641,-0.0155060375
0.0026088385,-0.011399725
-1.27331305e-05,-0.0036712629
-0.001702375,0.0049319123
-0.0021163858,0.012281121
-0.0015281185,0.016320761
-0.00084439735,0.01627555
-0.0008655239,0.01316865
-0.0020979806,0.008983051
-0.0046307463,0.00572874
-0.008182972,0.0047339005
-0.0120109515,0.0063810423
-0.015017592,0.0099359155
-0.016161077,0.01382335
-0.014855083,0.016173182
-0.0112225525,0.015660012
-0.0059963823,0.012173522
-0.00023486362,0.0067635686
0.004943464,0.00096454227
0.008606479,-0.0038500398
0.009975593,-0.0062809107
0.008829649,-0.0055143638
0.0055537755,-0.0020054202
0.0009897151,0.0029614905
-0.0038476556,0.008132986
-0.007940656,0.0122479275
-0.010318694,0.014179589
-0.010326015,0.013522284
-0.0077904877,0.010819426
-0.0031290937,0.007126261
0.0027919218,0.003503639
0.0089612445,0.0005046939
0.014187155,-0.001686943
0.017147567,-0.0029669
0.016935179,-0.0034233092
0.013416352,-0.0033485792
0.007331438,-0.0030496398
3.5936002e-05,-0.0026809203
-0.0070683835,-0.0021422757
-0.01260912,-0.0013149105
-0.015144295,-0.00039507743
-0.014073718,0.00017341507
-0.009891885,-1.7340048e-07
-0.003932325,-0.0011771553
0.0021627839,-0.0034699293
0.0070095,-0.00687509
0.009374866,-0.010827302
0.008759034,-0.014370628
0.005664757,-0.016613482
0.0012964215,-0.017059742
-0.0028844327,-0.015650684
-0.005605157,-0.012805269
-0.0061748493,-0.009296359
-0.0046845074,-0.006033425
-0.0019085937,-0.0037770227
0.0010383067,-0.0029214302
0.0030910436,-0.003432251
0.0034973833,-0.0048808814
0.002119022,-0.0065722563
-0.0005060305,-0.007834679
-0.003414606,-0.0082315225
-0.005544881,-0.0076661585
-0.00610659,-0.0064012087
-0.0049005467,-0.004909032
-0.002365771,-0.0036816783
0.00062263565,-0.0030511003
0.0031003477,-0.0031086449
0.0042564697,-0.0036591333
0.0037126336,-0.0043245484
0.0016946815,-0.0047293757
-0.0010970425,-0.0046620974
-0.0037735037,-0.004097155
-0.005512212,-0.0031950255
-0.0058132615,-0.0022555527
-0.004683161,-0.0015702752
-0.0025903624,-0.0012860367
-0.00024352665,-0.0013705295
0.0016813048,-0.0016541681
0.0027270643,-0.0018830816
0.0027732947,-0.0018349324
0.0020661994,-0.0014377378
0.0010722956,-0.00081177504
0.0002729865,-0.00020461302
-1.1837324e-05,0.00010294457
0.00027178702,-9.111556e-05
0.00092025945,-0.0008224434
0.0015743299,-0.0019240937
0.0018784108,-0.003065409
0.001626385,-0.0038522857
0.0008489487,-0.003973649
-0.00020699055,-0.0033181657
-0.0011827181,-0.0020149178
-0.0017499732,-0.00038804117
-0.0017267622,0.0011495433
-0.0011426111,0.0022108108
-0.00023395475,0.0025523086
0.0006479757,0.002154915
0.0011719217,0.0012174639
0.0011427326,7.740399e-05
0.0005590686,-0.0009040424
-0.000398562,-0.0014523596
-0.0014344344,-0.0014510944
-0.0022445123,-0.0009697851
-0.0026205892,-0.00022196435
-0.0025128103,0.0005205282
-0.0020272732,0.0010239554
-0.0013698909,0.0011645555
-0.00076071965,0.0009578768
-0.00035315458,0.0005377628
-0.00018776098,9.826349e-05
-0.00019380433,-0.00017820367
-0.00023207457,-0.0001806987
-0.00016073536,9.9596306e-05
0.000102721286,0.0005739198
0.0005507749,0.0010941534
0.0010864042,0.0015028426
0.0015611604,0.0016847262
0.0018328916,0.0015971288
0.0018196288,0.0012753103
0.0015274292,0.0008121367
0.001044147,0.00032329056
0.0005052946,-8.793791e-05
4.673491e-05,-0.00035640807
-0.00023785127,-0.0004641987
-0.00031953302,-0.00043447252
-0.00023542733,-0.00031672796
-6.731867e-05,-0.00016577984
9.353216e-05,-2.5914027e-05
0.00017890593,7.74631e-05
0.00016051589,0.00013826202
5.5066666e-05,0.00016323724
-9.084384e-05,0.00016523067
-0.000222858,0.0001560891
-0.0002986675,0.00014346419
-0.0003015407,0.00013029038
-0.00024153036,0.000116740535
-0.0001464985,0.00010230588
-4.898498e-05,8.7070475e-05
2.5700254e-05,7.176577e-05
6.664772e-05,5.7819907e-05
7.5551245e-05,4.600153e-05
6.413689e-05,3.56737e-05
4.564434e-05,2.6035184e-05
2.9631414e-05,1.5741944e-05
1.9622243e-05,6.1237324e-06
1.4683217e-05,-2.1897195e-06
1.2611236e-05,-7.748416e-06
8.757948e-06,-9.337893e-06
4.041235e-06,-8.792169e-06
3.423917e-07,-6.3733605e-06
-1.3638457e-06,-3.0008373e-06
-1.1257429e-06,-4.1180232e-07
-2.8477368e-07,4.319347e-07
