I,Q
-7.016772747039795,14.452548027038574
-11.321200370788574,24.582504272460938
-26.890460968017578,9.474835395812988
-18.320436477661133,-15.195770263671875
-14.799524307250977,-39.51877212524414
-9.414083480834961,-48.20696258544922
-6.809255123138428,-45.50401306152344
4.610485076904297,-32.58049774169922
18.36427879333496,-17.184099197387695
31.3278751373291,-10.365867614746094
32.283836364746094,-13.990747451782227
20.5,-23.140317916870117
2.2614009380340576,-29.00760269165039
-8.397997856140137,-25.906944274902344
-2.987086772918701,-15.7391996383667
16.191186904907227,-5.583772659301758
36.95987319946289,-4.277914047241211
45.18271255493164,-14.144402503967285
36.93586730957031,-30.695301055908203
16.234193801879883,-44.23051071166992
-6.4616522789001465,-45.91487121582031
-18.4515438079834,-33.05315399169922
-12.617247581481934,-7.023036003112793
7.6274261474609375,19.448841094970703
25.625730514526367,29.974416732788086
30.576303482055664,22.684572219848633
17.552997589111328,4.171232223510742
-10.174007415771484,-13.831456184387207
-35.471134185791016,-16.365928649902344
-46.94849395751953,-1.246567964553833
-42.64531707763672,20.929649353027344
-25.940555572509766,39.52962875366211
-8.817834854125977,45.067474365234375
-0.7206754088401794,35.887630462646484
-4.723012447357178,16.523967742919922
-16.686391830444336,-1.820268988609314
-26.777307510375977,-6.854975700378418
-27.990262985229492,2.8186089992523193
-21.48414421081543,18.870128631591797
-12.75169563293457,31.937068939208984
-10.14832878112793,33.657962799072266
-18.744449615478516,23.02006721496582
-33.37800216674805,5.241180419921875
-44.19021987915039,-10.163986206054688
-45.6292724609375,-16.101415634155273
-36.74922561645508,-16.096405029296875
-16.308307647705078,-11.32558536529541
6.997983455657959,-7.32011604309082
21.570573806762695,-8.361045837402344
23.567880630493164,-14.083024024963379
14.842531204223633,-23.409631729125977
1.0989673137664795,-32.09823989868164
-10.096136093139648,-37.889530181884766
-15.818324089050293,-38.660308837890625
-16.118743896484375,-34.21329116821289
-13.602017402648926,-23.36704444885254
-10.662529945373535,-5.293790817260742
-7.426589012145996,13.873627662658691
-3.5426247119903564,28.926389694213867
0.9271492958068848,34.22602844238281
7.115938663482666,28.90697479248047
11.981332778930664,14.701610565185547
13.257128715515137,-5.069780349731445
8.471902847290039,-19.580991744995117
-1.894800066947937,-25.695669174194336
-14.439186096191406,-24.892528533935547
-25.75224494934082,-21.717758178710938
-32.88822555541992,-20.588518142700195
-35.26131820678711,-20.753238677978516
-32.15648651123047,-21.48393440246582
-27.240570068359375,-16.833574295043945
-22.899188995361328,-4.507352828979492
-20.11064338684082,12.790735244750977
-18.38640785217285,26.94849967956543
-16.343381881713867,32.10283279418945
-11.01660442352295,28.758956909179688
-0.9398843050003052,16.801424026489258
11.744795799255371,4.066011905670166
23.336355209350586,-1.0747499465942383
29.55562400817871,2.555975914001465
29.271696090698242,10.58403205871582
25.064346313476562,16.366764068603516
21.653038024902344,14.766120910644531
22.5008544921875,6.106534004211426
30.26774024963379,-3.050135374069214
40.55949401855469,-4.967273712158203
46.875423431396484,0.9453123211860657
44.18708801269531,13.048566818237305
28.411354064941406,24.032394409179688
0.3102327883243561,25.63241195678711
-29.376291275024414,15.421451568603516
-46.65642547607422,-0.9446859955787659
-48.486297607421875,-15.431471824645996
-36.37761306762695,-25.83658790588379
-10.61660099029541,-29.6224308013916
19.004995346069336,-24.79732894897461
39.894142150878906,-16.80309295654297
47.76395034790039,-10.78549575805664
46.890663146972656,-5.196712493896484
40.17598342895508,3.0824947357177734
27.52261734008789,13.986572265625
14.602027893066406,25.324474334716797
6.060186862945557,30.95125389099121
4.1860551834106445,27.169795989990234
9.014079093933105,15.125832557678223
18.849042892456055,-1.3307024240493774
29.66982078552246,-13.450241088867188
35.70871353149414,-15.736903190612793
32.36629867553711,-10.423696517944336
18.056550979614258,-1.3323726654052734
-3.9344868659973145,4.403385162353516
-21.0288143157959,2.932180166244507
-23.946590423583984,-3.693565845489502
-11.357526779174805,-11.467966079711914
13.217253684997559,-14.960068702697754
36.06550216674805,-11.69009780883789
44.41464614868164,-8.305721282958984
38.735260009765625,-9.207191467285156
17.721473693847656,-15.900370597839355
-9.447278022766113,-26.070201873779297
-28.36271095275879,-30.14059829711914
-33.19407272338867,-24.087926864624023
-25.338462829589844,-5.201096534729004
-12.682174682617188,21.286645889282227
-3.11214017868042,40.2707633972168
-2.024446487426758,44.83510971069336
-8.265010833740234,34.521018981933594
-13.241888046264648,11.549178123474121
-12.243757247924805,-12.944599151611328
-5.68941068649292,-24.90860366821289
1.5868637561798096,-20.685596466064453
3.690643072128296,-2.0041956901550293
0.0020877039059996605,20.21732521057129
-7.417403221130371,34.5500373840332
-11.742081642150879,37.297454833984375
-9.297380447387695,30.541854858398438
1.7229820489883423,18.056133270263672
16.97449493408203,6.095677852630615
28.190683364868164,1.3066939115524292
31.196142196655273,4.927398681640625
25.31549835205078,15.230009078979492
14.958398818969727,28.281497955322266
4.553073406219482,41.4258918762207
-1.972880244255066,47.69150924682617
-7.28963565826416,47.42824935913086
-14.570085525512695,36.791812896728516
-23.29501724243164,14.868627548217773
-30.043102264404297,-13.846278190612793
-28.25790786743164,-37.21958541870117
-18.882028579711914,-47.29442596435547
-2.9092154502868652,-45.71508026123047
15.495146751403809,-27.820741653442383
27.136810302734375,2.524660348892212
26.472503662109375,30.108657836914062
17.198923110961914,44.382080078125
5.023642063140869,46.93116760253906
-2.3328003883361816,40.27285385131836
-0.6970843076705933,29.541427612304688
8.150605201721191,21.469947814941406
16.992656707763672,19.835275650024414
18.298725128173828,23.644290924072266
14.050873756408691,28.04684066772461
5.458928108215332,28.2959041595459
1.4041897058486938,22.13174819946289
6.89130163192749,9.521599769592285
17.317920684814453,-4.664348125457764
27.74746322631836,-15.10077953338623
31.250003814697266,-20.105215072631836
24.324047088623047,-21.811494827270508
9.52264404296875,-22.568496704101562
-8.138914108276367,-23.159317016601562
-21.105224609375,-26.632003784179688
-25.70464515686035,-30.57943344116211
-24.944931030273438,-32.26295852661133
-22.76828956604004,-30.441646575927734
-23.108795166015625,-22.620689392089844
-24.003376007080078,-10.326827049255371
-23.476648330688477,2.6689207553863525
-15.955068588256836,11.243746757507324
-0.10125363618135452,13.75462818145752
17.794336318969727,10.340606689453125
31.295724868774414,3.4328114986419678
34.099510192871094,-3.118820905685425
26.98419952392578,-7.426797866821289
10.646454811096191,-10.00928783416748
-10.471087455749512,-11.026625633239746
-27.32720947265625,-12.294071197509766
-37.36509704589844,-12.779253005981445
-40.43632125854492,-11.100112915039062
-37.755916595458984,-5.573960781097412
-30.06418800354004,5.408614635467529
-19.97890853881836,17.376585006713867
-11.062116622924805,23.490217208862305
-5.753294467926025,20.11356544494629
-7.036397457122803,4.360795974731445
-13.258798599243164,-19.220027923583984
-18.274925231933594,-36.89912414550781
-19.167001724243164,-44.394187927246094
-12.12016487121582,-43.18979263305664
4.858922004699707,-33.2047233581543
23.430091857910156,-19.427337646484375
32.7976188659668,-12.157952308654785
30.946243286132812,-14.337514877319336
17.32021713256836,-22.15325164794922
0.058873251080513,-28.22993278503418
-8.702176094055176,-25.978343963623047
-1.6860296726226807,-16.806852340698242
17.31541633605957,-7.166669845581055
37.467185974121094,-5.319887161254883
44.944923400878906,-14.735222816467285
35.85923767089844,-31.577774047851562
14.350876808166504,-45.00004196166992
-9.216586112976074,-46.44180679321289
-20.11565399169922,-33.04542922973633
-11.577362060546875,-5.9269914627075195
11.18696117401123,20.1455078125
28.370851516723633,29.808027267456055
29.27002716064453,21.707109451293945
11.457528114318848,1.7634835243225098
-13.925193786621094,-14.754429817199707
-28.389223098754883,-14.555262565612793
-27.812808990478516,0.3006293773651123
-15.395564079284668,18.252378463745117
-2.820070505142212,24.04680061340332
-1.5133765935897827,11.142075538635254
-10.111167907714844,-15.176980972290039
-19.880369186401367,-38.10122299194336
-22.664531707763672,-46.19608688354492
-13.915590286254883,-44.54032897949219
5.933671951293945,-32.490936279296875
25.093156814575195,-18.00707244873047
34.26882553100586,-11.435606956481934
30.544151306152344,-15.079068183898926
15.592016220092773,-23.81715202331543
-0.85950767993927,-28.887142181396484
-8.334531784057617,-25.607149124145508
-0.0354909673333168,-16.220415115356445
18.673675537109375,-6.6791911125183105
36.3713493347168,-6.0391011238098145
43.2962646484375,-16.020830154418945
35.484493255615234,-31.680906295776367
15.00119686126709,-44.80922317504883
-7.375231742858887,-45.79503631591797
-18.878480911254883,-32.18926239013672
-13.435835838317871,-6.630756378173828
7.221993923187256,18.947792053222656
26.82073211669922,29.02326011657715
31.383827209472656,22.463485717773438
18.031497955322266,4.656414985656738
-10.27421760559082,-12.82288646697998
-36.39932632446289,-14.688667297363281
-47.07772445678711,0.6972931027412415
-41.338626861572266,23.057645797729492
-24.269350051879883,40.60813903808594
-7.324708938598633,45.64012908935547
0.609400749206543,36.06612777709961
-4.158706188201904,16.215404510498047
-16.97052764892578,-0.738420844078064
-26.718225479125977,-5.688366889953613
-27.728256225585938,3.960374355316162
-20.068679809570312,20.451356887817383
-11.117857933044434,33.15858459472656
-8.424511909484863,34.62310791015625
-17.68932342529297,24.20734405517578
-33.38572692871094,7.165834903717041
-44.549930572509766,-8.079205513000488
-46.04597854614258,-14.058180809020996
-36.755279541015625,-14.914138793945312
-16.25381851196289,-10.845830917358398
7.09401798248291,-7.613438606262207
21.38915252685547,-9.155625343322754
23.530302047729492,-15.021029472351074
14.309957504272461,-24.092103958129883
-0.2935311794281006,-32.37527847290039
-11.532058715820312,-37.73128128051758
-17.63880157470703,-38.324607849121094
-17.878887176513672,-33.68217849731445
-14.827290534973145,-22.315885543823242
-10.828084945678711,-4.800048828125
-6.547874450683594,14.842531204223633
-2.7430341243743896,29.648944854736328
2.4173524379730225,34.44648742675781
7.946218490600586,29.09758186340332
12.501588821411133,14.101813316345215
13.0978364944458,-4.708189964294434
7.572102069854736,-19.692893981933594
-2.6037843227386475,-25.826566696166992
-14.581358909606934,-24.734907150268555
-26.315298080444336,-20.88643455505371
-34.026859283447266,-18.772424697875977
-35.39179992675781,-20.068679809570312
-33.21390914916992,-20.25594711303711
-28.193187713623047,-16.361961364746094
-22.935096740722656,-3.4670498371124268
-19.72420883178711,13.965486526489258
-17.425230026245117,27.904251098632812
-14.811006546020508,33.29407501220703
-9.853545188903809,28.353315353393555
-0.3952023386955261,16.28116798400879
12.314530372619629,3.844924211502075
23.59251594543457,-1.2891571521759033
29.89362335205078,1.5037730932235718
29.971704483032227,9.855423927307129
25.712162017822266,16.250478744506836
22.517765045166016,14.223735809326172
23.179567337036133,5.558511734008789
30.084022521972656,-3.1376101970672607
40.15656661987305,-6.609879493713379
46.702354431152344,-0.4171232283115387
44.71694564819336,12.386346817016602
29.115327835083008,23.08311653137207
1.1083619594573975,25.404224395751953
-29.364391326904297,16.373653411865234
-47.01383972167969,1.24385404586792
-49.047889709472656,-13.663187026977539
-37.31144332885742,-25.097332000732422
-12.067137718200684,-29.05019187927246
17.302263259887695,-25.007978439331055
38.83212661743164,-18.254257202148438
47.84641647338867,-12.871111869812012
46.947242736816406,-6.723659038543701
40.36429214477539,1.877472162246704
28.909061431884766,12.759211540222168
16.00684356689453,24.2048397064209
7.687134742736816,30.166486740112305
4.753910541534424,27.212177276611328
9.743104934692383,14.198473930358887
19.342994689941406,-2.181859254837036
29.23808479309082,-14.129162788391113
35.17781066894531,-17.464059829711914
31.815773010253906,-11.03455924987793
17.780555725097656,-1.9868677854537964
-3.3522262573242188,4.430734157562256
-20.760963439941406,3.6664257049560547
-24.316740036010742,-3.2599496841430664
-11.574021339416504,-11.03831672668457
13.115791320800781,-15.398069381713867
34.80891418457031,-13.361930847167969
44.11735916137695,-10.086950302124023
38.471580505371094,-10.350835800170898
17.3463134765625,-16.901424407958984
-10.416598320007324,-25.390655517578125
-29.67566680908203,-28.425968170166016
-33.683013916015625,-22.724864959716797
-25.658716201782227,-4.445765495300293
-12.13916301727295,21.610448837280273
-1.7490782737731934,40.3847541809082
-0.8306973576545715,45.06809997558594
-6.979403018951416,34.16590118408203
-12.66213321685791,11.448342323303223
-12.681965827941895,-12.433737754821777
-7.069174289703369,-24.85056495666504
1.0108662843704224,-20.494571685791016
4.060166358947754,-2.201275110244751
0.6329918503761292,20.39436149597168
-5.458510398864746,35.01371765136719
-10.232462882995605,37.21165084838867
-8.464178085327148,30.04769515991211
2.231546640396118,17.082427978515625
17.384519577026367,5.64369010925293
28.76918601989746,0.21106687188148499
30.976097106933594,3.7749862670898438
25.974794387817383,14.446702003479004
16.073440551757812,27.572513580322266
5.690245628356934,40.8695182800293
-0.011064831167459488,47.82407760620117
-5.415921688079834,47.449127197265625
-13.319968223571777,37.867401123046875
-22.98687171936035,15.832937240600586
-29.857715606689453,-13.391576766967773
-29.139753341674805,-35.63167953491211
-20.74781036376953,-46.53053665161133
-4.62468147277832,-45.502132415771484
14.752968788146973,-27.46186637878418
27.152677536010742,1.6478246450424194
27.68337059020996,29.155410766601562
18.686203002929688,44.2739372253418
7.050593852996826,46.76060104370117
-1.1363372802734375,40.654483795166016
0.4175407886505127,29.498212814331055
9.088401794433594,21.27579116821289
17.523141860961914,19.334226608276367
19.978490829467773,23.264328002929688
14.709961891174316,27.93535804748535
7.2885918617248535,27.794227600097656
2.7369797229766846,21.53821563720703
6.702782154083252,9.035791397094727
17.56072235107422,-5.253915786743164
27.13347053527832,-15.711015701293945
30.143939971923828,-21.181427001953125
23.75118064880371,-22.759521484375
8.843513488769531,-22.760356903076172
-9.046438217163086,-23.091466903686523
-22.084775924682617,-25.60986328125
-26.18815803527832,-29.823266983032227
-25.58460235595703,-31.736438751220703
-23.800451278686523,-29.417835235595703
-24.04846954345703,-21.72610855102539
-25.50046730041504,-9.120552062988281
-23.63698387145996,2.922576665878296
-15.564667701721191,10.747499465942383
0.3993777632713318,14.004526138305664
17.96239471435547,9.722854614257812
30.937475204467773,2.3296687602996826
34.78908157348633,-3.9960739612579346
26.64807891845703,-8.517622947692871
10.377349853515625,-10.596349716186523
-9.592164039611816,-10.721403121948242
-27.443702697753906,-11.033306121826172
-37.435455322265625,-11.651683807373047
-40.765968322753906,-9.47608757019043
-38.12836456298828,-3.780831813812256
-30.16585922241211,6.262276649475098
-19.411888122558594,17.399551391601562
-9.919098854064941,23.86663055419922
-5.5317888259887695,20.320457458496094
-6.252255439758301,4.766228199005127
-13.444396018981934,-18.108951568603516
-20.35845375061035,-36.59703063964844
-20.646556854248047,-44.00441360473633
-13.296168327331543,-42.86452865600586
3.605882167816162,-33.477169036865234
22.61421775817871,-20.969524383544922
32.93144226074219,-13.353580474853516
30.388408660888672,-15.298694610595703
16.760921478271484,-22.516721725463867
-0.11962543427944183,-28.114900588989258
-9.406567573547363,-26.184818267822266
-2.6628663539886475,-17.22648048400879
17.423559188842773,-7.344542503356934
37.10935592651367,-5.607781410217285
44.23489761352539,-15.598488807678223
35.00703811645508,-32.1376953125
12.434990882873535,-45.7574577331543
-9.819306373596191,-46.628658294677734
-20.73069190979004,-32.3473014831543
-12.447308540344238,-5.223435401916504
10.213464736938477,20.879335403442383
28.455196380615234,29.2362060546875
30.7420654296875,19.598529815673828
14.24127197265625,-0.3820498287677765
-12.478832244873047,-14.625618934631348
-30.684236526489258,-9.870038032531738
-31.609716415405273,10.7619047164917
-15.34399700164795,33.836669921875
8.129936218261719,41.170982360839844
27.061861038208008,29.876087188720703
33.3740348815918,7.242035865783691
26.102354049682617,-14.814347267150879
12.118912696838379,-21.935504913330078
-3.3678839206695557,-13.775922775268555
-11.131428718566895,1.9950098991394043
-8.138078689575195,12.637497901916504
3.7566144466400146,9.838513374328613
19.409801483154297,-3.9568252563476562
28.15143394470215,-21.117542266845703
25.86477279663086,-32.775699615478516
12.71349048614502,-34.532920837402344
-7.841207027435303,-27.072717666625977
-24.479581832885742,-15.132930755615234
-28.86897850036621,-5.760392665863037
-19.4559383392334,-2.80086350440979
-1.1060655117034912,-4.984810829162598
15.756319046020508,-10.277766227722168
23.434267044067383,-14.146281242370605
20.58121109008789,-14.680524826049805
12.288225173950195,-11.962961196899414
2.3179776668548584,-6.866457939147949
-3.9271798133850098,-2.450129270553589
-5.5478644371032715,2.3179776668548584
-7.640787601470947,4.195032119750977
-12.354823112487793,2.011293888092041
-22.154714584350586,-5.688575744628906
-31.05021095275879,-17.554040908813477
-33.78426742553711,-30.232040405273438
-29.6051025390625,-39.40875244140625
-18.63735008239746,-41.8883171081543
-5.425942420959473,-33.93312072753906
2.5939722061157227,-13.776131629943848
-0.6689003109931946,9.271910667419434
-14.010372161865234,23.1457462310791
-30.573171615600586,22.18519401550293
-41.85198974609375,7.001323699951172
-42.83070755004883,-13.480721473693848
-31.90825843811035,-27.759572982788086
-13.314957618713379,-29.985065460205078
7.135980606079102,-16.479707717895508
20.01836585998535,6.777730941772461
20.215654373168945,29.2535343170166
10.31534481048584,42.32777786254883
-5.968536853790283,44.06746292114258
-21.99834442138672,37.84025955200195
-34.742733001708984,26.813217163085938
-41.39854049682617,16.602256774902344
-41.119625091552734,11.611183166503906
-35.10453414916992,14.639397621154785
-24.196697235107422,21.59625244140625
-9.558969497680664,27.386709213256836
4.071857929229736,26.912382125854492
13.777175903320312,15.4437894821167
16.725221633911133,-5.94223165512085
12.560670852661133,-32.49323272705078
3.2530603408813477,-49.48359298706055
-3.7474284172058105,-53.54271697998047
-3.3714330196380615,-43.72716522216797
3.852440118789673,-13.232075691223145
16.511442184448242,23.5499267578125
28.09527587890625,42.699180603027344
34.04460525512695,40.617530822753906
33.38447189331055,21.353870391845703
23.32612419128418,-11.56379222869873
5.905279159545898,-36.2834587097168
-9.517633438110352,-38.720436096191406
-18.522109985351562,-19.327545166015625
-21.205434799194336,12.082795143127441
-17.323976516723633,34.92206573486328
-13.830411911010742,37.881805419921875
-15.630430221557617,21.583101272583008
-18.567203521728516,-5.17165994644165
-20.793113708496094,-21.896255493164062
-19.69122314453125,-17.826904296875
-11.559616088867188,5.714254379272461
1.6344634294509888,32.091556549072266
14.038138389587402,42.11942672729492
20.976621627807617,34.80515670776367
18.440061569213867,12.64167308807373
5.244938373565674,-11.396984100341797
-13.13917350769043,-21.260967254638672
-29.92953109741211,-13.617048263549805
-38.5185546875,3.3929364681243896
-37.23733139038086,15.823751449584961
-27.377105712890625,15.219361305236816
-9.219926834106445,0.49081918597221375
12.434364318847656,-19.577651977539062
31.286121368408203,-28.20759391784668
44.4599494934082,-20.37223243713379
51.99614334106445,-1.181014060974121
52.340824127197266,20.425260543823242
47.54328155517578,32.265254974365234
40.04591751098633,33.64856719970703
28.51740837097168,24.93866729736328
16.92731285095215,11.074016571044922
8.334949493408203,3.3096370697021484
5.480849266052246,3.067880868911743
8.325554847717285,4.948484420776367
12.718501091003418,5.203810691833496
16.52688980102539,1.1879035234451294
16.315824508666992,-2.3762245178222656
11.213475227355957,-0.29770657420158386
3.1374013423919678,8.014277458190918
-7.30487585067749,20.497703552246094
-18.311250686645508,26.71405029296875
-28.05832290649414,21.930286407470703
-35.73794174194336,6.965206623077393
-39.255306243896484,-13.364228248596191
-37.674495697021484,-26.42615509033203
-31.976316452026367,-27.62554168701172
-22.524446487426758,-17.857383728027344
-9.539763450622559,-4.8294854164123535
2.0526304244995117,1.3321638107299805
10.38403034210205,-2.6912591457366943
15.516441345214844,-10.850632667541504
19.843833923339844,-11.458989143371582
25.48877716064453,1.4409332275390625
32.58530044555664,22.37120819091797
39.38996124267578,36.41498565673828
42.9661979675293,37.80497741699219
42.58414840698242,27.13931655883789
36.05652618408203,1.5392640829086304
22.41651153564453,-26.390039443969727
11.658990859985352,-38.336090087890625
9.926405906677246,-31.563995361328125
17.171781539916992,-11.53184986114502
28.87962532043457,4.972075462341309
35.865501403808594,4.9042253494262695
33.98072052001953,-12.498248100280762
22.594385147094727,-34.10306167602539
6.215512275695801,-43.84929656982422
-6.8320112228393555,-34.85567855834961
-10.62474250793457,-6.3184356689453125
-2.113591432571411,27.090463638305664
13.502224922180176,44.04888153076172
26.08251953125,41.50856399536133
31.489255905151367,24.231143951416016
26.8088321685791,-1.4079475402832031
12.503049850463867,-18.31688690185547
-3.8349032402038574,-18.282649993896484
-18.087032318115234,-4.884809494018555
-26.607786178588867,9.262307167053223
-30.207822799682617,12.217869758605957
-31.26127815246582,0.6797564029693604
-28.22283363342285,-18.333171844482422
-21.80356216430664,-32.67632293701172
-12.22809886932373,-35.651302337646484
0.27244535088539124,-28.76542854309082
10.313674926757812,-15.96279239654541
14.912468910217285,-7.651852130889893
10.823074340820312,-10.728083610534668
-1.192078948020935,-23.83260154724121
-14.471963882446289,-38.51939010620117
-22.874345779418945,-45.83867263793945
-21.782058715820312,-45.36893844604492
-12.68822956085205,-36.78325653076172
0.5797553658485413,-18.748624801635742
12.308058738708496,-0.3590850830078125
18.425447463989258,10.496140480041504
18.414175033569336,11.535399436950684
14.869462013244629,2.9300923347473145
14.264028549194336,-10.035593032836914
16.165925979614258,-23.35243034362793
18.837560653686523,-32.12621307373047
18.082855224609375,-35.29033660888672
12.484051704406738,-33.40493392944336
3.009425163269043,-26.20840835571289
-7.969600677490234,-15.493268013000488
-14.822279930114746,-3.3280088901519775
-15.06654167175293,7.785048007965088
-10.01993465423584,19.62462615966797
-5.747031211853027,31.747922897338867
-5.3207221031188965,41.13611602783203
-10.660860061645508,45.40860366821289
-19.571805953979492,41.998130798339844
-26.025943756103516,28.978792190551758
-25.160171508789062,4.797543525695801
-14.326032638549805,-21.445938110351562
1.0129538774490356,-36.995155334472656
14.003691673278809,-38.00978088378906
20.361167907714844,-23.80650520324707
17.314373016357422,0.9670244455337524
4.343259334564209,25.46080207824707
-11.420157432556152,39.442779541015625
-25.25244903564453,41.149269104003906
-35.33543395996094,36.98743438720703
-39.240901947021484,33.19741439819336
-36.6099739074707,34.35316848754883
-26.875429153442383,38.128990173339844
-11.033306121826172,41.18789291381836
8.173569679260254,36.86613845825195
23.95180892944336,22.240726470947266
30.59300422668457,2.5914669036865234
26.853300094604492,-13.579469680786133
13.02100944519043,-18.313339233398438
-2.6875011920928955,-11.374855041503906
-12.277995109558105,1.4618102312088013
-10.283612251281738,10.701361656188965
2.8269598484039307,8.887564659118652
18.88140296936035,-4.053903579711914
28.678579330444336,-20.21523666381836
25.624269485473633,-32.30429458618164
10.902198791503906,-35.98575210571289
-9.801352500915527,-28.337448120117188
-25.371448516845703,-15.140237808227539
-28.207176208496094,-4.211524963378906
-17.712705612182617,-1.027359127998352
-0.35470089316368103,-4.998589515686035
14.817687034606934,-10.821195602416992
21.544269561767578,-15.42875862121582
19.514602661132812,-15.132930755615234
12.754409790039062,-11.851686477661133
5.1589250564575195,-6.8065409660339355
-2.166201591491699,-1.3405146598815918
-8.18609619140625,1.753253698348999
-12.842301368713379,2.8680875301361084
-14.837311744689941,2.295012950897217
-10.692801475524902,-0.7597154378890991
-0.8104466795921326,-6.367079257965088
14.395553588867188,-12.808481216430664
27.850595474243164,-19.88496208190918
32.42204284667969,-24.87749671936035
25.261009216308594,-27.413013458251953
7.511141300201416,-26.958938598632812
-12.337703704833984,-23.668298721313477
-24.33051872253418,-20.41482162475586
-21.7357120513916,-19.539865493774414
-7.473145008087158,-25.50923728942871
7.028046607971191,-36.36884689331055
11.255020141601562,-45.643470764160156
2.552844285964966,-49.662925720214844
-15.33335018157959,-42.876220703125
-31.86671257019043,-22.573925018310547
-35.80955123901367,4.989612102508545
-22.762653350830078,27.319067001342773
2.624661445617676,34.24690246582031
28.214275360107422,24.93595314025879
40.381832122802734,6.750173091888428
35.99306106567383,-7.788179397583008
17.130237579345703,-11.493853569030762
-9.574419021606445,-4.241170406341553
-28.842464447021484,8.828899383544922
-34.318511962890625,18.922531127929688
-29.483388900756836,22.143232345581055
-21.539676666259766,20.89812469482422
-18.313756942749023,18.09788703918457
-24.09982681274414,18.18118667602539
-35.33919143676758,23.24553871154785
-43.29710006713867,28.466678619384766
-44.44700622558594,31.289670944213867
-39.19371795654297,29.79132652282715
-23.318191528320312,22.72570037841797
-1.0534553527832031,14.15609359741211
16.28680419921875,7.781081199645996
22.360353469848633,6.391922950744629
18.137344360351562,5.173539161682129
8.51386547088623,0.23298776149749756
-1.908787727355957,-8.566267013549805
-9.041845321655273,-19.536941528320312
-12.64229965209961,-24.19961929321289
-15.665712356567383,-19.319194793701172
-19.335060119628906,-6.820319652557373
-23.433015823364258,7.863128185272217
-25.48606300354004,15.95715618133545
-23.124452590942383,12.209309577941895
-15.087209701538086,-4.056408882141113
-1.6770524978637695,-24.224254608154297
11.952522277832031,-35.3604850769043
21.81045150756836,-33.314327239990234
26.203397750854492,-15.661954879760742
23.69606590270996,12.972365379333496
14.692215919494629,38.3233528137207
5.187526702880859,50.92515182495117
-0.9799681901931763,53.22956085205078
-4.165178298950195,50.468990325927734
-1.2377996444702148,44.02696228027344
6.8846211433410645,39.06595230102539
15.165916442871094,37.57678985595703
18.911048889160156,38.49913787841797
15.327295303344727,41.03486251831055
2.7710094451904297,41.6296501159668
-15.572392463684082,36.01498031616211
-31.742494583129883,26.256425857543945
-37.54004669189453,14.033127784729004
-27.730134963989258,0.06638898700475693
-1.181014060974121,-9.73287582397461
32.303253173828125,-12.99616527557373
52.8963623046875,-9.903023719787598
58.472412109375,-2.6808207035064697
52.47798538208008,8.812615394592285
29.477962493896484,20.0496826171875
-2.8236196041107178,19.64299774169922
-25.865816116333008,7.921792507171631
-30.50218963623047,-10.286325454711914
-20.148221969604492,-28.590478897094727
-4.298373699188232,-39.015846252441406
3.093142032623291,-38.90895462036133
-4.573115348815918,-30.528911590576172
-26.40778350830078,-15.323328971862793
-49.07356643676758,0.09519930183887482
-58.89162063598633,9.750829696655273
-59.27304458618164,14.683865547180176
-52.32078170776367,15.783876419067383
-37.57011032104492,16.916664123535156
-22.596263885498047,18.506032943725586
-18.698938369750977,17.012073516845703
-26.396928787231445,9.084016799926758
-35.329586029052734,-5.492331504821777
-36.8296012878418,-23.095849990844727
-26.86144256591797,-38.27074432373047
-7.225543022155762,-44.711936950683594
14.945036888122559,-41.31565856933594
28.90947914123535,-28.682546615600586
29.95186996459961,-11.920997619628906
18.684532165527344,2.3981454372406006
2.4069137573242188,10.777145385742188
-9.37775707244873,14.239602088928223
-11.693438529968262,14.581567764282227
-5.912795066833496,14.49806022644043
1.0705745220184326,14.785954475402832
6.0702080726623535,13.551285743713379
6.29233980178833,9.155207633972168
3.9225869178771973,0.8296535611152649
3.411099433898926,-8.70363712310791
7.0520548820495605,-15.307880401611328
14.985956192016602,-16.855913162231445
22.76140022277832,-12.833324432373047
27.019271850585938,-6.355388164520264
25.686691284179688,-3.1845834255218506
22.51630401611328,-3.963505983352661
20.9453067779541,-7.370847225189209
24.6695613861084,-10.239561080932617
32.72872543334961,-7.033474445343018
39.94132614135742,-0.0413365364074707
40.41022491455078,8.554158210754395
33.1377067565918,14.979693412780762
20.47870445251465,12.149601936340332
5.090030670166016,0.20710022747516632
-2.2616095542907715,-16.773448944091797
1.7259048223495483,-32.043540954589844
12.179038047790527,-37.84526824951172
24.842424392700195,-33.599090576171875
32.6896858215332,-22.131540298461914
30.192373275756836,-8.019705772399902
20.670774459838867,3.698993682861328
8.576704978942871,9.07462215423584
0.8745391368865967,8.51052474975586
3.6733150482177734,3.9802074432373047
11.693647384643555,-0.9778805375099182
20.728811264038086,-4.2384562492370605
24.684175491333008,-7.823044300079346
19.962207794189453,-12.645431518554688
7.719911575317383,-19.674104690551758
-8.344344139099121,-26.400060653686523
-22.40878677368164,-31.028289794921875
-32.12997055053711,-29.464181900024414
-35.56382751464844,-21.966611862182617
-33.66714859008789,-9.451870918273926
-26.30736541748047,5.866865634918213
-13.785735130310059,17.866151809692383
2.191254138946533,24.3353214263916
19.089338302612305,25.598590850830078
31.095932006835938,23.909847259521484
36.78367233276367,22.155757904052734
33.67842102050781,21.492494583129883
21.98769760131836,18.503528594970703
4.301505088806152,10.2276611328125
-12.55461597442627,-5.752250671386719
-20.16763687133789,-24.309432983398438
-18.159893035888672,-38.786197662353516
-7.183789253234863,-45.3987922668457
8.12492561340332,-39.61418151855469
22.25784683227539,-22.78937530517578
30.474632263183594,-0.7853941917419434
28.99612045288086,16.628143310546875
21.09645652770996,20.1822509765625
9.285898208618164,9.909704208374023
-2.5701723098754883,-10.385700225830078
-10.647290229797363,-27.540990829467773
-12.791361808776855,-33.336666107177734
-9.496338844299316,-27.14495277404785
-1.8874931335449219,-10.274008750915527
8.063130378723145,7.071679592132568
17.603309631347656,17.37950897216797
25.029064178466797,16.867185592651367
27.85519027709961,7.956239700317383
24.059951782226562,-2.0160956382751465
14.810797691345215,-7.128047466278076
1.0985498428344727,-5.284605026245117
-12.740422248840332,1.687699794769287
-21.19562339782715,9.642269134521484
-21.17328453063965,14.000977516174316
-9.541433334350586,13.364228248596191
10.233298301696777,7.246211528778076
31.502199172973633,-0.9104476571083069
45.303382873535156,-9.428488731384277
47.59421920776367,-17.249235153198242
40.17347717285156,-22.851381301879883
22.41588592529297,-26.149118423461914
-1.1217232942581177,-21.477880477905273
-21.765565872192383,-5.324897766113281
-30.989877700805664,18.261146545410156
-26.467493057250977,40.63298034667969
-16.084714889526367,53.08237838745117
-9.965863227844238,55.06486129760742
-12.366514205932617,45.820926666259766
-22.656597137451172,23.171424865722656
-33.937713623046875,-3.9992055892944336
-38.8060302734375,-22.147197723388672
-33.01787185668945,-27.925127029418945
-15.649219512939453,-25.603601455688477
9.111366271972656,-19.62650489807129
29.605728149414062,-16.57845687866211
34.85233688354492,-19.852394104003906
26.030536651611328,-25.766233444213867
6.379605770111084,-28.7952823638916
-15.133974075317383,-26.32469367980957
-25.63429069519043,-20.825889587402344
-22.408578872680664,-18.157386779785156
-8.235574722290039,-23.83844757080078
6.917397975921631,-35.66487121582031
10.1120023727417,-46.63283157348633
0.8467727303504944,-50.58443832397461
-16.302043914794922,-43.03300476074219
-32.929771423339844,-21.17892074584961
-36.357364654541016,7.335773944854736
-22.782278060913086,28.099451065063477
4.914663791656494,33.525184631347656
30.964824676513672,22.611711502075195
41.533199310302734,4.684807777404785
34.775718688964844,-7.827219486236572
12.447099685668945,-10.48444938659668
-11.620160102844238,-3.1171507835388184
-25.28731346130371,8.227432250976562
-27.898822784423828,16.755285263061523
-25.75996971130371,21.8559627532959
-26.197969436645508,24.250558853149414
-28.890899658203125,24.054941177368164
-28.586511611938477,20.837581634521484
-15.945882797241211,13.932500839233398
10.239561080932617,1.425275444984436
35.120399475097656,-12.17298412322998
45.81111145019531,-23.079357147216797
44.57456588745117,-29.313867568969727
37.006221771240234,-29.198835372924805
25.47332763671875,-23.644916534423828
16.293485641479492,-13.710786819458008
11.813063621520996,-4.1706061363220215
7.464794158935547,4.801092624664307
1.4766329526901245,10.227869987487793
-4.211733818054199,15.214559555053711
-6.152672290802002,19.664709091186523
-1.6964682340621948,22.707120895385742
5.253289222717285,25.290863037109375
8.646434783935547,25.2950382232666
3.8724820613861084,23.986047744750977
-12.568394660949707,20.83027458190918
-34.12059783935547,15.851935386657715
-48.69569396972656,10.103652000427246
-52.46504211425781,3.068089723587036
-44.96517562866211,-5.958515644073486
-22.386032104492188,-13.539803504943848
5.031157493591309,-17.208526611328125
20.5173282623291,-14.992636680603027
16.566974639892578,-7.819286346435547
-5.947033405303955,0.7229718565940857
-33.292823791503906,6.9059157371521
-47.25768280029297,6.936187267303467
-45.35265350341797,0.0352821946144104
-24.598371505737305,-10.825161933898926
9.516172409057617,-18.516054153442383
32.58509063720703,-17.603519439697266
33.82017517089844,-6.467080593109131
13.395334243774414,11.860872268676758
-19.16908836364746,27.568130493164062
-38.590789794921875,33.399505615234375
-40.422122955322266,29.792577743530273
-24.621753692626953,18.1143798828125
6.823868751525879,2.6820731163024902
29.81742286682129,-7.575442314147949
34.55818176269531,-7.965007781982422
21.21858787536621,0.09686946123838425
-2.3553476333618164,12.632905006408691
-18.230247497558594,22.96014976501465
-17.539844512939453,27.262489318847656
-0.26305070519447327,25.23720932006836
21.049484252929688,19.07910919189453
31.703453063964844,12.068389892578125
26.144107818603516,6.327413082122803
2.7532639503479004,4.461214542388916
-27.38817024230957,4.925102233886719
-47.145362854003906,7.75018310546875
-53.30221176147461,11.640619277954102
-49.527435302734375,13.982397079467773
-37.16634750366211,15.490137100219727
-18.21626091003418,12.905141830444336
-0.6171252727508545,6.712594509124756
11.57882308959961,0.38497260212898254
16.624595642089844,-2.5795669555664062
16.123964309692383,1.8423986434936523
13.594501495361328,13.808282852172852
9.860225677490234,27.266666412353516
6.928462982177734,36.083038330078125
6.064988613128662,36.21540069580078
9.083391189575195,25.726566314697266
15.162575721740723,8.413446426391602
21.405437469482422,-7.481287002563477
27.03931427001953,-13.950037956237793
29.78798484802246,-10.284029006958008
29.30092430114746,-1.5432307720184326
28.215944290161133,6.449543476104736
24.563297271728516,7.671685695648193
16.1085147857666,-0.8480253219604492
1.6547141075134277,-13.792415618896484
-20.264297485351562,-22.339475631713867
-41.3198356628418,-22.099390029907227
-52.500118255615234,-15.886174201965332
-53.08905792236328,-11.163787841796875
-40.9308967590332,-11.817656517028809
-11.008671760559082,-16.723342895507812
20.978710174560547,-21.379549026489258
37.3369140625,-21.677255630493164
36.315818786621094,-14.319352149963379
17.815839767456055,2.1718382835388184
-9.468781471252441,19.510427474975586
-28.311561584472656,27.849761962890625
-31.58487319946289,24.093355178833008
-23.043867111206055,10.29885196685791
-11.397610664367676,-6.855810642242432
-6.230334758758545,-18.07074737548828
-11.86734390258789,-17.832958221435547
-22.464946746826172,-9.097169876098633
-26.663528442382812,0.17453204095363617
-19.11292839050293,2.887712001800537
0.3486465513706207,-3.9037976264953613
22.976642608642578,-16.596620559692383
36.20266342163086,-26.80507469177246
37.92439270019531,-29.742265701293945
31.827463150024414,-22.924659729003906
22.693967819213867,-8.44517993927002
16.51937484741211,8.178789138793945
16.914159774780273,19.68621253967285
22.06911849975586,23.46954917907715
24.5513973236084,22.7451171875
21.44906997680664,18.734010696411133
15.211845397949219,13.667362213134766
14.744826316833496,8.144968032836914
26.108407974243164,-0.15657779574394226
44.066001892089844,-11.316816329956055
55.87760543823242,-23.279985427856445
58.308109283447266,-29.997173309326172
54.776756286621094,-32.69928741455078
43.346370697021484,-31.956066131591797
22.858896255493164,-26.09233283996582
2.0778915882110596,-18.940692901611328
-9.027023315429688,-12.852322578430176
-12.174236297607422,-8.413237571716309
-16.18137550354004,-3.295858144760132
-25.464977264404297,4.408186912536621
-36.29974365234375,14.322901725769043
-38.75425720214844,25.135746002197266
-26.063312530517578,32.01953125
7.901332855224609,31.15772819519043
46.636383056640625,17.646316528320312
63.87309265136719,-1.2409311532974243
62.85032653808594,-14.757770538330078
46.02176284790039,-25.171863555908203
-0.1584567278623581,-31.996776580810547
-45.11214828491211,-27.008207321166992
-59.17325210571289,-17.52752685546875
-56.918949127197266,-12.463174819946289
-38.80206298828125,-7.271472930908203
-11.27464485168457,2.47497296333313
3.3488857746124268,10.156679153442383
-3.4770708084106445,11.927679061889648
-23.487504959106445,7.9478888511657715
-38.90227508544922,-1.1215145587921143
-41.57954788208008,-12.343549728393555
-31.82036590576172,-22.058887481689453
-16.48346710205078,-24.638036727905273
-7.83974552154541,-20.201040267944336
-12.732070922851562,-10.181941032409668
-25.610280990600586,-0.7565838694572449
-36.44483947753906,1.7163013219833374
-39.79142761230469,-4.372069358825684
-33.225181579589844,-17.343183517456055
-22.649917602539062,-30.731000900268555
-15.34921646118164,-39.12691116333008
-14.286993026733398,-39.79121780395508
-18.367618560791016,-33.55670928955078
-19.7860050201416,-20.632986068725586
-12.266304016113281,-3.5044198036193848
4.928651332855225,13.361930847167969
23.990848541259766,27.170421600341797
35.363616943359375,32.40721893310547
35.64942169189453,33.055870056152344
25.992958068847656,29.191320419311523
11.4932279586792,17.817718505859375
-0.30355215072631836,3.52508807182312
-4.713200569152832,-7.815737247467041
-5.175626754760742,-11.450847625732422
-7.828263282775879,-6.7729291915893555
-16.409353256225586,2.644912004470825
-29.360841751098633,9.084434509277344
-39.941532135009766,8.3226318359375
-43.2962646484375,-2.5877089500427246
-37.852577209472656,-20.193525314331055
-25.837841033935547,-36.56195831298828
-13.437505722045898,-44.819454193115234
-6.424073696136475,-42.36452102661133
-7.085249423980713,-30.243104934692383
-12.241043090820312,-10.50469970703125
-13.994714736938477,7.404459476470947
-9.912836074829102,16.281375885009766
-2.5872914791107178,15.38658618927002
5.0409698486328125,8.597790718078613
5.382309436798096,2.3261196613311768
-1.9396857023239136,1.1741247177124023
-10.717436790466309,7.973985195159912
-15.240238189697266,20.037364959716797
-8.87023639678955,32.40387725830078
5.80945348739624,39.7772331237793
23.10336685180664,39.19935607910156
35.6314697265625,30.205318450927734
39.22336196899414,16.304550170898438
33.465057373046875,0.8405095934867859
21.619009017944336,-11.632268905639648
11.208255767822266,-16.94234275817871
8.026595115661621,-14.888251304626465
14.487412452697754,-8.617624282836914
26.402565002441406,-3.0054585933685303
36.75068664550781,-2.1396877765655518
42.91170883178711,-6.9748101234436035
44.353267669677734,-15.48199462890625
41.12505340576172,-24.758081436157227
36.26300048828125,-29.762306213378906
31.659194946289062,-30.097591400146484
26.904239654541016,-24.50379753112793
21.507734298706055,-14.56089973449707
14.386576652526855,-4.826771259307861
6.139101982116699,4.0524420738220215
-0.8691111207008362,10.54979419708252
-5.116753578186035,14.9934720993042
-4.377706527709961,19.455730438232422
0.5730746984481812,22.587078094482422
7.296316146850586,23.988344192504883
10.296346664428711,24.258493423461914
4.527185916900635,23.206707000732422
-11.793022155761719,21.397085189819336
-33.82685852050781,18.12022590637207
-48.703834533691406,13.17988395690918
-52.6009521484375,5.3702006340026855
-43.852012634277344,-5.61696720123291
-19.827133178710938,-15.740035057067871
5.907366752624512,-18.5135498046875
17.603727340698242,-13.154413223266602
11.44374942779541,-3.594399929046631
-8.22283935546875,3.444293975830078
-28.61928939819336,3.4779059886932373
-40.5805778503418,-1.493752121925354
-41.91545867919922,-2.739067554473877
-34.37613296508789,4.564138412475586
-20.578289031982422,20.1181583404541
-3.7499337196350098,34.22206115722656
12.838335037231445,38.162601470947266
25.105892181396484,31.25543212890625
30.260223388671875,18.921695709228516
25.34827423095703,10.926207542419434
12.351482391357422,15.221031188964844
-3.4461729526519775,30.986536026000977
-12.262337684631348,45.506935119628906
-10.261691093444824,52.153141021728516
-1.3532496690750122,50.15708541870117
14.047324180603027,36.869895935058594
29.295913696289062,14.390334129333496
37.1984977722168,-8.321796417236328
35.594932556152344,-25.10234260559082
27.396730422973633,-34.74106216430664
14.847332954406738,-40.148216247558594
0.18664072453975677,-43.158267974853516
-13.19575023651123,-43.45931625366211
-24.7733211517334,-40.854068756103516
-31.317855834960938,-36.012474060058594
-32.69490432739258,-29.209692001342773
-26.3361759185791,-21.514205932617188
-11.583624839782715,-14.646078109741211
3.916741371154785,-11.313685417175293
12.427057266235352,-11.671517372131348
9.660640716552734,-13.020591735839844
-5.0319929122924805,-11.694272994995117
-23.64784049987793,-7.56667423248291
-33.69554138183594,-0.95512455701828
-28.907182693481445,8.078161239624023
-9.93183422088623,18.47784996032715
15.722915649414062,27.582326889038086
34.35441970825195,32.8869743347168
37.135868072509766,36.37302017211914
23.881872177124023,39.763450622558594
-4.406307697296143,37.92856979370117
-33.066097259521484,27.24787712097168
-46.78899383544922,14.311627388000488
-46.9002685546875,1.8380144834518433
-34.68135452270508,-7.42429256439209
-14.724992752075195,-8.93996524810791
1.0361274480819702,-7.0819091796875
7.214478492736816,-5.737845420837402
3.052640676498413,-8.05582332611084
-5.393374443054199,-14.174674034118652
-9.948534965515137,-18.724199295043945
-9.190073013305664,-15.953606605529785
-0.5993797779083252,-2.7776899337768555
10.831007957458496,19.542369842529297
19.16533088684082,40.418575286865234
22.101476669311523,52.177146911621094
20.691442489624023,56.003074645996094
16.194318771362305,53.8704833984375
9.334332466125488,45.16872787475586
5.255794525146484,30.067947387695312
6.0294976234436035,11.479866027832031
11.32746410369873,-3.936156988143921
19.327545166015625,-16.642131805419922
26.781482696533203,-27.508420944213867
29.720762252807617,-35.07238006591797
26.15433692932129,-39.052589416503906
18.24235725402832,-35.04816436767578
6.409668445587158,-21.94322967529297
-3.8344857692718506,-0.8411359190940857
-6.8750176429748535,20.62567901611328
-0.589776337146759,34.50703048706055
12.114736557006836,38.48097610473633
23.006288528442383,34.72665786743164
26.775638580322266,25.1789608001709
20.198535919189453,12.936457633972168
3.8290576934814453,3.0457513332366943
-14.582820892333984,-2.4016945362091064
-27.063949584960938,-2.884789228439331
-28.72262954711914,-1.5417693853378296
-19.340280532836914,0.17828992009162903
-4.555369853973389,1.2881133556365967
10.047284126281738,0.8632655739784241
17.72210121154785,0.018580565229058266
16.900798797607422,0.9392579793930054
12.191146850585938,3.9148623943328857
8.252067565917969,9.134539604187012
8.317621231079102,15.213725090026855
13.075498580932617,18.376596450805664
18.87868881225586,18.100183486938477
18.4047794342041,13.125811576843262
8.739545822143555,4.659964084625244
-9.02577018737793,-4.210272312164307
-29.43683433532715,-9.21261978149414
-41.3668098449707,-9.693000793457031
-43.261817932128906,-6.420315742492676
-35.39054870605469,-1.4490752220153809
-18.238182067871094,3.4342730045318604
-0.7171263098716736,7.0428690910339355
9.321389198303223,10.884452819824219
8.607603073120117,16.846099853515625
-0.3837199807167053,22.278305053710938
-8.29403018951416,25.217792510986328
-9.237462997436523,18.5820255279541
-1.2908272743225098,-0.21378087997436523
12.360668182373047,-26.990671157836914
20.85741424560547,-47.83576965332031
20.122333526611328,-55.00932693481445
14.928335189819336,-51.09696960449219
4.138664245605469,-29.415538787841797
-8.294447898864746,7.7361955642700195
-12.315156936645508,35.592220306396484
-6.594430446624756,42.96348571777344
3.6146504878997803,31.829551696777344
9.811373710632324,6.2935919761657715
5.412580966949463,-16.212482452392578
-8.890277862548828,-23.97226905822754
-25.56226348876953,-14.999317169189453
-35.04837417602539,3.8351120948791504
-30.58423614501953,20.246553421020508
-14.668416023254395,25.071653366088867
7.45352029800415,17.43942642211914
25.878969192504883,4.350357532501221
33.16526412963867,-4.160167694091797
29.709070205688477,0.3768305480480194
19.351970672607422,15.407671928405762
8.224300384521484,30.784029006958008
0.8423885107040405,38.81312942504883
-2.486664056777954,34.939395904541016
-6.167285919189453,22.533214569091797
-12.68822956085205,6.656435012817383
-22.011287689208984,-5.430535316467285
-28.852275848388672,-9.137462615966797
-28.624717712402344,-7.75143575668335
-20.780170440673828,-3.344919204711914
-10.172128677368164,1.3590952157974243
-0.7672311663627625,6.093590259552002
4.234907150268555,11.49448013305664
1.5181782245635986,16.536285400390625
-2.4486680030822754,18.836517333984375
-2.3204829692840576,14.709126472473145
1.1071094274520874,2.1089985370635986
5.375837326049805,-17.048606872558594
5.443896770477295,-34.740020751953125
-2.105031967163086,-42.268280029296875
-15.027918815612793,-39.536102294921875
-23.822998046875,-28.96208953857422
-20.103336334228516,-17.84903335571289
-0.12317453324794769,-14.319978713989258
27.334516525268555,-21.159088134765625
41.85512161254883,-32.1376953125
39.25447082519531,-40.0020751953125
21.575584411621094,-42.34635925292969
-12.352526664733887,-34.138343811035156
-40.48183059692383,-19.028167724609375
-45.63533020019531,-7.679618835449219
-26.33032989501953,-5.703607082366943
12.591985702514648,-11.599908828735352
43.36265563964844,-20.49039649963379
50.1397590637207,-26.082311630249023
38.27909469604492,-29.009689331054688
4.485431671142578,-29.44121742248535
-30.391122817993164,-27.967716217041016
-42.90920639038086,-28.77043914794922
-32.41452407836914,-33.037078857421875
-3.118612051010132,-33.4187126159668
25.21299171447754,-21.48978042602539
36.010597229003906,-1.7171365022659302
26.074169158935547,18.209997177124023
1.970792531967163,29.20113182067871
-19.412097930908203,24.151185989379883
-24.677703857421875,9.868993759155273
-11.273809432983398,-5.521976947784424
11.873815536499023,-11.224122047424316
30.059179306030273,-1.8691213130950928
30.845407485961914,13.999516487121582
14.822906494140625,27.234514236450195
-10.468999862670898,27.121570587158203
-31.646459579467773,8.967732429504395
-37.50351333618164,-17.462181091308594
-29.358963012695312,-38.04297637939453
-13.76047420501709,-45.37666320800781
-0.5730746984481812,-38.72502899169922
2.7534725666046143,-21.323598861694336
-7.23055362701416,-5.938682556152344
-25.51215934753418,-3.22967791557312
-41.65052795410156,-11.591976165771484
-48.21072006225586,-23.268085479736328
-45.65244674682617,-30.81075096130371
-34.84189987182617,-33.911827087402344
-13.97843074798584,-27.43577003479004
9.163141250610352,-14.484280586242676
25.758926391601562,-4.729066848754883
31.424745559692383,0.3177485466003418
26.366239547729492,2.583324909210205
15.22144889831543,7.302370548248291
3.145961046218872,16.73545265197754
-2.5110902786254883,28.975032806396484
0.7352893352508545,37.26405334472656
11.921415328979492,36.63983154296875
23.85869789123535,27.83368682861328
29.971704483032227,16.23064613342285
26.66582489013672,11.022659301757812
13.979682922363281,17.112699508666992
-1.9565961360931396,31.665874481201172
-10.871927261352539,45.80046463012695
-8.621381759643555,52.23894500732422
0.0824643075466156,49.926185607910156
15.48011589050293,36.903297424316406
30.626197814941406,14.024359703063965
37.4427604675293,-9.399469375610352
34.288658142089844,-26.088573455810547
25.276248931884766,-35.56904602050781
12.833950996398926,-40.63694763183594
-1.135084629058838,-43.338226318359375
-13.6936674118042,-43.228416442871094
-25.01612091064453,-40.83903884887695
-33.24773025512695,-34.88970947265625
-34.39554977416992,-27.308210372924805
-26.906536102294922,-19.69143295288086
-11.014516830444336,-14.537726402282715
6.138058185577393,-13.175707817077637
13.840224266052246,-12.71933650970459
8.095071792602539,-11.298027038574219
-9.11533260345459,-7.827428340911865
-25.085641860961914,-5.578135967254639
-31.965251922607422,-6.904454231262207
-28.191936492919922,-11.71097469329834
-16.798500061035156,-18.359893798828125
-5.461224555969238,-20.838207244873047
2.4983551502227783,-16.354446411132812
10.645410537719727,-4.012567043304443
20.570981979370117,13.28593921661377
30.07963752746582,27.72930145263672
35.388668060302734,34.05128479003906
32.98133850097656,32.811607360839844
21.852205276489258,18.850088119506836
5.663523197174072,-10.591547966003418
-5.307152271270752,-41.619422912597656
-5.686696529388428,-58.485565185546875
3.5273845195770264,-62.479759216308594
19.590805053710938,-55.6776008605957
37.05778884887695,-32.3798713684082
46.43241500854492,-0.18016885221004486
46.642852783203125,18.631296157836914
43.74345016479492,18.04861831665039
35.9577751159668,2.1776838302612305
21.520051956176758,-21.403348922729492
2.1935505867004395,-33.91704559326172
-16.244842529296875,-27.975858688354492
-28.85060691833496,-6.074174404144287
-30.536636352539062,19.805212020874023
-20.03882598876953,34.83062744140625
-3.108799934387207,34.29742431640625
14.974265098571777,20.478496551513672
25.79608726501465,4.610485076904297
23.223827362060547,-0.23173514008522034
8.866270065307617,11.212639808654785
-12.222253799438477,30.403440475463867
-26.575218200683594,43.68687438964844
-33.52560043334961,44.90985107421875
-37.21916580200195,36.5197868347168
-34.81183624267578,20.506053924560547
-26.08251953125,4.607353687286377
-14.595555305480957,-2.185826063156128
-5.794839859008789,-0.636540949344635
-1.8954263925552368,5.565818786621094
-5.533041477203369,8.621590614318848
-17.135663986206055,7.91093635559082
-32.11932373046875,4.767689228057861
-44.98020553588867,4.210272312164307
-49.32617950439453,9.330574989318848
-43.20732879638672,18.08139419555664
-24.390018463134766,27.229087829589844
5.8184309005737305,28.656658172607422
32.38488006591797,20.84300994873047
44.92551040649414,7.6867170333862305
43.33238220214844,-4.444721698760986
31.475059509277344,-12.272150039672852
19.477651596069336,-14.052125930786133
17.187231063842773,-10.91388988494873
29.12493133544922,-7.691727638244629
45.96330642700195,-3.6599538326263428
55.26569747924805,0.3592938482761383
54.75880432128906,6.859777450561523
40.170345306396484,20.156572341918945
7.417194366455078,30.018259048461914
-26.024065017700195,30.24226951599121
-42.31483459472656,21.645523071289062
-42.6419792175293,3.824464797973633
-26.002769470214844,-17.403099060058594
-3.0054585933685303,-32.62225341796875
12.857542037963867,-34.36819839477539
15.240447044372559,-25.911954879760742
6.373551368713379,-11.228507041931152
-4.959758281707764,3.7069270610809326
-10.573594093322754,12.186136245727539
-7.861666679382324,15.902667045593262
0.13695338368415833,19.427127838134766
7.212390899658203,26.366029739379883
8.500921249389648,34.94670104980469
3.9211254119873047,40.612937927246094
-3.223623514175415,40.2363166809082
-8.079832077026367,31.040189743041992
-7.715735912322998,13.794086456298828
-1.0578395128250122,-5.133664131164551
7.048505783081055,-16.703510284423828
11.219529151916504,-16.974910736083984
11.199487686157227,-7.5094709396362305
9.648531913757324,5.043266296386719
11.006375312805176,14.175509452819824
18.582443237304688,14.336889266967773
30.428075790405273,6.024695873260498
41.326725006103516,-5.813002586364746
46.68231201171875,-17.13817024230957
45.508811950683594,-24.12613296508789
39.20415496826172,-26.7050724029541
27.556438446044922,-26.349746704101562
14.142732620239258,-23.808176040649414
5.840351581573486,-21.125267028808594
3.3994083404541016,-19.97786521911621
6.750590801239014,-19.614395141601562
12.575701713562012,-18.954471588134766
16.4650936126709,-16.019786834716797
18.669292449951172,-8.145594596862793
18.45342445373535,6.142233848571777
16.540668487548828,22.3956356048584
15.384289741516113,34.21934509277344
11.609095573425293,36.139408111572266
6.110291957855225,25.869783401489258
-3.074352741241455,5.43471097946167
-16.13189697265625,-16.61415672302246
-28.381500244140625,-28.88338279724121
-38.59496307373047,-25.69232749938965
-43.283321380615234,-10.376514434814453
-40.20917892456055,8.383801460266113
-28.88547134399414,20.528810501098633
-11.718908309936523,18.64423942565918
8.629315376281738,3.2845845222473145
27.088167190551758,-13.330824851989746
38.42460632324219,-18.81271743774414
44.635528564453125,-10.157096862792969
45.45140075683594,6.994643211364746
40.453857421875,22.39834976196289
30.05646514892578,25.573745727539062
13.144600868225098,10.083609580993652
-9.199258804321289,-17.24673080444336
-29.2556209564209,-38.80895233154297
-42.07683563232422,-42.05491638183594
-49.778587341308594,-33.70493698120117
-50.609073638916016,-15.336690902709961
-43.304405212402344,11.418905258178711
-28.520540237426758,32.723297119140625
-13.507862091064453,42.88686752319336
-4.730737209320068,43.305240631103516
-2.896898031234741,39.17576217651367
-4.470400333404541,34.82248306274414
-3.457446336746216,28.43431854248047
3.1507627964019775,18.511253356933594
15.184496879577637,4.048684120178223
28.190475463867188,-10.706789016723633
35.43898391723633,-19.38495635986328
34.50598907470703,-20.53089714050293
24.17373275756836,-14.433341026306152
4.261003494262695,-6.952471733093262
-15.19284725189209,-7.467299461364746
-25.376041412353516,-18.360103607177734
-24.336782455444336,-34.67864227294922
-14.160895347595215,-45.772701263427734
-0.3417571187019348,-47.03993606567383
9.647906303405762,-33.447731018066406
11.188214302062988,-6.724076747894287
2.331130266189575,17.90331268310547
-12.708479881286621,27.183156967163086
-25.981266021728516,19.096019744873047
-31.532262802124023,1.3605566024780273
-25.355791091918945,-14.055466651916504
-12.216407775878906,-17.713123321533203
1.465985655784607,-9.565858840942383
8.311358451843262,1.568074345588684
1.3699512481689453,6.652468681335449
-16.213943481445312,2.117766857147217
-36.30308151245117,-9.935173988342285
-47.21405029296875,-18.471378326416016
-48.11948776245117,-17.983482360839844
-38.026275634765625,-7.115938663482666
-17.1099853515625,13.23499870300293
2.8726806640625,28.618661880493164
11.519532203674316,30.591333389282227
4.3476433753967285,21.64573097229004
-15.06215763092041,6.543490409851074
-34.015377044677734,-3.54032826423645
-43.77184295654297,-2.354094982147217
-43.24386215209961,3.4465904235839844
-33.475914001464844,9.086313247680664
-19.156980514526367,6.624075889587402
-8.514074325561523,-4.24096155166626
-4.765601634979248,-15.726881980895996
-4.858295917510986,-20.103126525878906
-3.6353187561035156,-12.970904350280762
4.190230369567871,4.358708381652832
17.71166229248047,22.510875701904297
28.294443130493164,30.2355899810791
31.169836044311523,25.507984161376953
22.50273323059082,11.239571571350098
3.2037904262542725,-4.664974212646484
-17.527734756469727,-13.420387268066406
-30.349578857421875,-9.295501708984375
-31.351675033569336,2.1785190105438232
-21.984357833862305,14.032084465026855
-9.192160606384277,18.365114212036133
-1.2365469932556152,10.722865104675293
-1.853254795074463,-4.219875812530518
-8.977127075195312,-22.05951499938965
-15.868219375610352,-35.24607849121094
-18.156551361083984,-41.64677047729492
-13.197211265563965,-42.765777587890625
-5.500473499298096,-40.151973724365234
-1.4400981664657593,-34.53981018066406
-3.1017017364501953,-28.494653701782227
-8.205094337463379,-23.46370506286621
-11.136856079101562,-17.935672760009766
-7.458113670349121,-11.40742301940918
5.698596477508545,-1.975594162940979
23.554101943969727,11.466922760009766
34.84148025512695,24.147844314575195
38.69976806640625,31.551677703857422
33.24396896362305,31.98884391784668
19.371177673339844,19.5323486328125
3.537614345550537,-10.130374908447266
-5.368947982788086,-42.30564880371094
-4.479586124420166,-58.943397521972656
2.8981504440307617,-63.14928436279297
17.949661254882812,-56.33147048950195
35.44253158569336,-33.20722579956055
45.661842346191406,-1.7699553966522217
47.917816162109375,16.664888381958008
44.86621856689453,16.884096145629883
36.19619369506836,0.45073527097702026
20.08433723449707,-22.71588897705078
0.32171517610549927,-34.67634582519531
-17.295791625976562,-27.981287002563477
-29.59842300415039,-4.77269983291626
-29.739551544189453,20.842592239379883
-19.30771255493164,35.87134552001953
-2.814016103744507,34.22519302368164
15.5594482421875,19.223995208740234
25.076663970947266,3.233227014541626
22.129451751708984,-1.7743395566940308
5.949747562408447,5.292120456695557
-16.750274658203125,16.537328720092773
-34.43020248413086,19.753854751586914
-40.550933837890625,9.811164855957031
-32.52621841430664,-6.96186637878418
-10.657310485839844,-21.0490665435791
14.642111778259277,-21.163055419921875
30.2132511138916,-6.902575492858887
29.131820678710938,13.75609016418457
10.487789154052734,31.935815811157227
-18.426700592041016,38.313961029052734
-42.36661148071289,31.009918212890625
-54.02205276489258,18.639020919799805
-55.19367218017578,4.6182098388671875
-45.33699417114258,-6.584409236907959
-27.856651306152344,-8.69111156463623
-12.53373908996582,-3.285837173461914
-8.33515739440918,5.806530952453613
-14.765912055969238,12.391983985900879
-24.558914184570312,12.668187141418457
-28.29068374633789,6.920947074890137
-22.89104652404785,-3.64325213432312
-9.746654510498047,-16.414989471435547
6.512383460998535,-27.133052825927734
16.989524841308594,-32.391143798828125
19.347795486450195,-29.58109474182129
14.949004173278809,-19.613351821899414
6.970217227935791,-3.7453408241271973
-1.2927062511444092,14.859441757202148
-6.165616035461426,29.925983428955078
-7.327631950378418,37.34401321411133
-6.0823163986206055,37.58159255981445
-1.4820610284805298,31.804290771484375
4.289605140686035,21.656169891357422
10.365241050720215,12.652320861816406
17.427108764648438,6.139519691467285
22.974138259887695,0.2361193150281906
25.324474334716797,-5.611330509185791
24.399412155151367,-12.605347633361816
19.41815185546875,-19.983501434326172
10.949172019958496,-23.07914924621582
0.8563761711120605,-19.201448440551758
-8.05394458770752,-9.740391731262207
-12.683218955993652,0.752408504486084
-11.981959342956543,4.269145488739014
-6.535765647888184,-1.8902071714401245
1.9670345783233643,-13.759012222290039
8.999464988708496,-22.696056365966797
11.22182559967041,-22.341354370117188
5.741394519805908,-9.37003231048584
-6.262902736663818,12.754409790039062
-18.962406158447266,30.997182846069336
-26.364151000976562,36.40621566772461
-26.42427635192871,25.223220825195312
-16.33649253845215,0.7225543260574341
0.2776646316051483,-26.478975296020508
13.504312515258789,-41.4077262878418
20.06513023376465,-41.928192138671875
19.50813102722168,-32.900543212890625
12.449396133422852,-16.959253311157227
4.239917755126953,-2.9885480403900146
0.8363341689109802,5.98669958114624
4.89086389541626,12.2756986618042
11.793438911437988,17.44819450378418
17.16551971435547,22.832799911499023
19.016267776489258,24.60463523864746
16.211856842041016,18.442358016967773
12.855454444885254,2.2436554431915283
12.00450611114502,-18.438810348510742
14.35171127319336,-33.63771057128906
17.603519439697266,-36.28888702392578
18.79622459411621,-23.798572540283203
14.505992889404297,-1.4833136796951294
3.17122220993042,16.09870147705078
-7.141200065612793,17.217920303344727
-11.755651473999023,-0.9655630588531494
-6.9249138832092285,-29.358963012695312
4.629274845123291,-47.7597770690918
14.001604080200195,-52.263370513916016
20.51064682006836,-45.498165130615234
15.894524574279785,-28.542043685913086
-3.5733139514923096,-10.37442684173584
-27.687963485717773,-1.8338390588760376
-45.299415588378906,-3.7292654514312744
-51.717018127441406,-6.2472453117370605
-49.53745651245117,-5.843900680541992
-37.40184020996094,4.892743110656738
-17.51312255859375,23.45764923095703
2.493762254714966,37.52125930786133
17.022720336914062,40.159698486328125
23.587505340576172,31.535184860229492
20.573486328125,16.71186065673828
10.767541885375977,4.303801536560059
-1.3411409854888916,1.2384259700775146
-11.704294204711914,5.4608073234558105
-15.608717918395996,9.499678611755371
-13.9667387008667,5.314458847045898
-9.842479705810547,-7.167296409606934
-5.95747184753418,-22.869752883911133
-5.044101238250732,-32.45732498168945
-8.98318099975586,-28.982131958007812
-13.699095726013184,-14.816852569580078
-13.189486503601074,3.3904311656951904
-4.303383827209473,15.32750415802002
12.059830665588379,11.937490463256836
28.175233840942383,-2.641989231109619
34.679683685302734,-19.631305694580078
28.71198272705078,-28.743715286254883
10.986332893371582,-25.150360107421875
-11.692185401916504,-12.751277923583984
-26.65517807006836,1.4181772470474243
-23.834272384643555,6.625119686126709
-2.9931411743164062,1.2726643085479736
26.431583404541016,-11.394478797912598
45.9058952331543,-24.69377899169922
49.30070877075195,-31.38153076171875
43.55827331542969,-32.35272979736328
23.560365676879883,-28.009262084960938
-6.094842910766602,-20.733821868896484
-28.57294273376465,-15.084077835083008
-35.071128845214844,-13.609533309936523
-28.559789657592773,-14.990549087524414
-16.28492546081543,-17.497255325317383
-6.311337471008301,-18.768667221069336
-5.5908708572387695,-19.533809661865234
-13.25149154663086,-18.51521873474121
-25.414037704467773,-14.242316246032715
-32.783424377441406,-7.140782356262207
-30.682775497436523,4.0338616371154785
-16.890777587890625,17.521472930908203
5.6132097244262695,26.73931121826172
27.68065643310547,26.795888900756836
40.96638870239258,19.08683204650879
42.30356216430664,7.3384881019592285
30.14936637878418,-1.9060736894607544
5.326358795166016,-5.3610148429870605
-20.897706985473633,-0.2350754588842392
-36.19974136352539,11.39865493774414
-38.01395797729492,22.848249435424805
-30.58423614501953,28.447261810302734
-17.275123596191406,24.876453399658203
-3.9434638023376465,12.630817413330078
0.6634722948074341,-5.390660285949707
-2.87581205368042,-22.946163177490234
-7.628469944000244,-34.0506591796875
-6.558312892913818,-40.252811431884766
4.286890983581543,-40.76033020019531
23.486042022705078,-35.47593307495117
41.77182388305664,-24.20337677001953
51.52244567871094,-6.828044414520264
50.9301643371582,13.887197494506836
40.16157913208008,33.20889663696289
26.654132843017578,44.744712829589844
18.946331024169922,46.6639404296875
22.622360229492188,38.808326721191406
36.31206130981445,22.97372055053711
49.467308044433594,5.747448921203613
56.11935806274414,-6.447038650512695
56.23105239868164,-11.473185539245605
52.8416633605957,-10.910340309143066
46.82970428466797,-6.853514194488525
39.14006423950195,-3.6177821159362793
33.036869049072266,0.9041845798492432
25.629070281982422,8.019079208374023
12.948565483093262,16.939002990722656
-5.887324810028076,26.104232788085938
-25.285852432250977,29.88401985168457
-38.169490814208984,25.37562370300293
-41.9640998840332,12.947522163391113
-35.96821594238281,-5.194416046142578
-22.678728103637695,-21.907320022583008
-10.612842559814453,-30.346446990966797
-6.445577144622803,-29.10843849182129
-11.220991134643555,-17.53441619873047
-21.300634384155273,-0.7066877484321594
-29.5906982421875,15.584501266479492
-31.095932006835938,25.55453872680664
-25.353076934814453,28.045169830322266
-15.238986015319824,25.18564224243164
-5.993380546569824,16.94046401977539
-0.06931176781654358,6.516976356506348
2.9338502883911133,-3.106085777282715
3.1499276161193848,-8.959589958190918
2.468918561935425,-9.91137409210205
1.3417673110961914,-6.5706305503845215
-1.4743365049362183,1.0812218189239502
-6.3869123458862305,8.90572738647461
-11.989266395568848,15.167168617248535
-15.704961776733398,18.77910614013672
-16.627099990844727,20.193525314331055
-13.89513111114502,21.91796875
-11.344582557678223,24.385007858276367
-14.1861572265625,25.65433120727539
-22.387910842895508,24.073104858398438
-31.29426383972168,17.06175994873047
-35.85026168823242,5.128862380981445
-30.337261199951172,-8.902386665344238
-13.198882102966309,-18.87868881225586
10.740610122680664,-18.35968589782715
28.41093635559082,-6.052044868469238
30.148950576782227,12.349185943603516
13.522892951965332,29.549360275268555
-16.229183197021484,37.57929611206055
-41.375160217285156,32.715362548828125
-53.89031982421875,20.33736801147461
-55.53000259399414,6.396515846252441
-45.414031982421875,-5.148695468902588
-26.342439651489258,-8.378582000732422
-11.717864036560059,-2.447206497192383
-9.250407218933105,5.987326145172119
-15.705170631408691,12.051688194274902
-24.615489959716797,13.942522048950195
-26.843278884887695,8.930153846740723
-20.535072326660156,-1.9613977670669556
-9.119925498962402,-15.717069625854492
3.4246695041656494,-29.430362701416016
12.147514343261719,-34.94879150390625
17.059045791625977,-31.674226760864258
18.359268188476562,-18.48641014099121
14.258182525634766,1.3317463397979736
2.704411745071411,16.789106369018555
-15.717278480529785,20.217742919921875
-33.886146545410156,12.294905662536621
-42.99897766113281,0.8666058778762817
-40.7169075012207,-6.6796088218688965
-29.205516815185547,-6.400064945220947
-14.285114288330078,-0.6338269114494324
-8.11302661895752,2.2557640075683594
-12.251898765563965,-6.910090923309326
-18.90770721435547,-28.867725372314453
-22.24030876159668,-49.47941589355469
-20.004587173461914,-60.62211990356445
-15.344205856323242,-63.19500732421875
-11.183621406555176,-58.15528869628906
-11.218694686889648,-39.646751403808594
-14.443153381347656,-9.666695594787598
-12.148139953613281,12.095112800598145
0.4164969325065613,18.616056442260742
19.6310977935791,12.727060317993164
36.504547119140625,5.796300888061523
44.43427276611328,4.571236610412598
41.03945541381836,11.937073707580566
28.374401092529297,23.52570915222168
11.573812484741211,29.23975372314453
-0.5824694037437439,24.588768005371094
-5.186065196990967,8.410941123962402
-4.174781322479248,-14.29262924194336
0.14801821112632751,-31.53643798828125
0.387477844953537,-37.7216796875
-4.571236610412598,-35.42708206176758
-11.166919708251953,-29.397584915161133
-17.22648048400879,-25.586898803710938
-18.523361206054688,-28.3470516204834
-15.296606063842773,-33.87362289428711
-11.144580841064453,-37.09369659423828
-7.13785982131958,-32.782169342041016
-5.618010997772217,-18.828792572021484
-6.425117492675781,1.4233964681625366
-8.453530311584473,19.603330612182617
-10.679022789001465,27.398609161376953
-11.231846809387207,24.427804946899414
-10.34728717803955,11.943754196166992
-5.397340774536133,-3.7447144985198975
3.7847983837127686,-16.14651107788086
15.350469589233398,-21.896047592163086
25.825733184814453,-22.201478958129883
30.5777645111084,-19.775148391723633
28.31594467163086,-17.543811798095703
17.24485206604004,-15.318944931030273
2.129666805267334,-13.42247486114502
-7.541830539703369,-10.259812355041504
-6.57564115524292,-3.975614547729492
7.362496376037598,0.7904046773910522
29.004470825195312,3.2096359729766846
45.838253021240234,3.2937705516815186
51.54227828979492,0.41983726620674133
47.693180084228516,-2.866835117340088
34.47676086425781,-5.02426815032959
14.170498847961426,-7.374396324157715
-3.6353187561035156,-8.268769264221191
-14.467787742614746,-9.022221565246582
-18.169496536254883,-11.346671104431152
-15.779074668884277,-12.843345642089844
-9.993003845214844,-12.218913078308105
-2.9424099922180176,-9.144769668579102
7.599033355712891,-2.831970453262329
19.01710319519043,5.1532883644104
27.431385040283203,10.53142261505127
30.898435592651367,12.740839004516602
26.695053100585938,11.66796875
16.311439514160156,8.458540916442871
4.967482566833496,4.051815509796143
0.11712019145488739,-1.8568038940429688
4.252235412597656,-8.544137001037598
13.16130256652832,-17.392452239990234
19.5373592376709,-25.565813064575195
17.557798385620117,-30.57171058654785
7.563960075378418,-28.94643211364746
-4.467477798461914,-17.40644073486328
-7.547467231750488,2.661613702774048
2.002525568008423,23.868301391601562
18.663238525390625,36.76655197143555
31.95857048034668,37.327518463134766
33.605560302734375,29.37274169921875
17.08388900756836,14.155259132385254
-14.802656173706055,-5.874381065368652
-39.87347412109375,-18.377431869506836
-47.4299201965332,-22.142187118530273
-36.42145538330078,-25.630741119384766
-4.809652328491211,-25.225099563598633
28.88526153564453,-23.66412353515625
44.77373123168945,-21.529863357543945
45.29440689086914,-15.51498031616211
31.872140884399414,-3.577698230743408
12.83353328704834,15.170927047729492
3.127798080444336,33.39240646362305
7.132431507110596,43.58770751953125
18.598100662231445,42.951377868652344
27.716983795166016,30.964614868164062
27.32616424560547,9.399469375610352
12.680087089538574,-13.17591667175293
-7.909474849700928,-27.855815887451172
-23.495437622070312,-30.9813175201416
-27.488798141479492,-26.190872192382812
-21.347606658935547,-17.902687072753906
-10.858983039855957,-9.213455200195312
-3.9956564903259277,-3.490849733352661
-6.395889759063721,0.8382131457328796
-14.349206924438477,5.773962497711182
-24.607975006103516,12.769858360290527
-29.176706314086914,20.943635940551758
-26.77104377746582,26.81279945373535
-19.92462921142578,27.699655532836914
-8.749567031860352,19.96450424194336
0.9158757328987122,3.9190378189086914
6.972722053527832,-13.735421180725098
9.117420196533203,-27.953937530517578
7.172933101654053,-35.133758544921875
2.7150590419769287,-32.43373107910156
-3.823838472366333,-21.381637573242188
-10.49405288696289,-3.6505589485168457
-13.440011024475098,15.851309776306152
-11.027878761291504,28.52033233642578
-3.515693426132202,31.15480613708496
6.716143608093262,21.97705078125
14.721235275268555,3.149092674255371
15.20934009552002,-19.34236717224121
6.967711925506592,-35.022483825683594
-7.297360420227051,-36.89724349975586
-21.613162994384766,-23.663915634155273
-28.769603729248047,1.154708981513977
-24.9138240814209,24.11736488342285
-12.566515922546387,33.394493103027344
3.0908455848693848,23.91402244567871
16.53461456298828,-4.091691017150879
22.94845962524414,-35.00307083129883
20.94468116760254,-50.8831901550293
17.49558448791504,-50.999267578125
13.711204528808594,-36.09222412109375
3.5296809673309326,-7.873357772827148
-6.35330057144165,17.381179809570312
-13.871331214904785,23.39606285095215
-17.07032012939453,10.218684196472168
-13.385939598083496,-13.920600891113281
-5.644107341766357,-32.79198455810547
0.5150365829467773,-34.82749557495117
-0.9016793370246887,-19.37347412109375
-13.435418128967285,9.41512680053711
-31.991973876953125,33.36067199707031
-44.84220886230469,41.207515716552734
-51.87088394165039,39.147579193115234
-54.297420501708984,30.749582290649414
-48.467506408691406,21.020463943481445
-31.170881271362305,16.594532012939453
-11.785715103149414,18.396638870239258
-1.7616045475006104,23.527379989624023
-1.2693239450454712,25.0810489654541
-4.992743968963623,21.286645889282227
-5.9301228523254395,14.094923973083496
0.07975029200315475,9.963566780090332
11.840204238891602,15.362995147705078
22.070579528808594,29.397584915161133
24.877288818359375,44.28312301635742
22.57079315185547,52.499488830566406
17.12272071838379,54.028106689453125
12.009307861328125,47.63033676147461
12.952323913574219,30.079219818115234
17.591827392578125,7.6927714347839355
19.815650939941406,-8.526599884033203
15.104120254516602,-14.646913528442383
2.644912004470825,-12.01076889038086
-12.473404884338379,-5.592123508453369
-22.000640869140625,-0.5666028261184692
-22.140100479125977,0.683096706867218
-12.618082046508789,0.9705735445022583
1.6778876781463623,2.0440709590911865
14.531253814697266,4.6616339683532715
24.141998291015625,9.012826919555664
28.844970703125,14.199518203735352
32.77360916137695,18.853010177612305
37.213111877441406,23.51422691345215
38.6532096862793,27.832433700561523
34.949832916259766,32.09907531738281
22.262439727783203,34.0059814453125
0.27515938878059387,28.721378326416016
-23.70379066467285,13.990747451782227
-36.71665573120117,-4.144092082977295
-35.282196044921875,-17.774293899536133
-21.4085693359375,-22.454090118408203
-3.459951639175415,-13.670076370239258
6.535765647888184,5.2681121826171875
1.187694787979126,25.105892181396484
-17.591201782226562,35.65297317504883
-36.554443359375,31.831430435180664
-47.33242416381836,19.366376876831055
-48.271053314208984,4.037201881408691
-38.622314453125,-6.781488418579102
-22.515050888061523,-7.008421897888184
-11.469010353088379,-0.39687252044677734
-9.238507270812988,2.3733017444610596
-15.393893241882324,-6.213633060455322
-22.090829849243164,-27.734102249145508
-22.764949798583984,-48.914485931396484
-20.514404296875,-59.94424057006836
-16.569896697998047,-62.988948822021484
-13.932291984558105,-57.49411392211914
-14.027700424194336,-39.387664794921875
-15.280948638916016,-9.903023719787598
-11.680076599121094,12.398873329162598
1.282476544380188,18.17951774597168
20.440082550048828,12.629981994628906
36.87615966796875,4.501716136932373
44.103790283203125,3.4804112911224365
41.241966247558594,11.02182388305664
28.973154067993164,22.173294067382812
12.005550384521484,28.844343185424805
-0.19666171073913574,24.446178436279297
-4.606518745422363,8.215950012207031
-2.8282124996185303,-14.258600234985352
0.10501150786876678,-30.963571548461914
-2.5129692554473877,-37.530025482177734
-7.85623836517334,-35.3325080871582
-13.50368595123291,-29.127853393554688
-14.075299263000488,-23.854312896728516
-7.103621482849121,-22.46306800842285
1.7025225162506104,-22.44970703125
7.503834247589111,-21.182260513305664
5.452664852142334,-16.4283504486084
-2.4206926822662354,-9.853545188903809
-11.685296058654785,-4.31403112411499
-19.147377014160156,-0.9760015606880188
-21.874961853027344,-0.7897784113883972
-20.26763916015625,-1.4851925373077393
-16.204132080078125,-2.480192184448242
-8.82576847076416,-4.989612102508545
0.8868566155433655,-9.788408279418945
10.463571548461914,-16.920631408691406
16.829816818237305,-23.73093032836914
18.54068946838379,-26.78377914428711
17.626066207885742,-24.57645034790039
18.10394287109375,-15.735024452209473
22.340728759765625,-4.138455390930176
31.025575637817383,8.453948020935059
39.94403839111328,20.440290451049805
41.41023254394531,29.312406539916992
33.58384704589844,37.79787826538086
14.729586601257324,44.52842712402344
-11.030800819396973,43.32946014404297
-31.649799346923828,31.458566665649414
-39.01292419433594,8.69361686706543
-30.85480308532715,-18.905410766601562
-13.20263957977295,-41.16096115112305
0.13966739177703857,-48.560829162597656
2.1160967350006104,-40.766178131103516
-7.691936492919922,-17.222930908203125
-18.5999813079834,15.607048034667969
-17.46552276611328,38.02272415161133
-3.036774158477783,43.42925262451172
21.795419692993164,31.858570098876953
41.736751556396484,8.10905933380127
41.72067642211914,-15.326043128967285
23.20128059387207,-29.38359832763672
-10.810548782348633,-30.804697036743164
-40.34592056274414,-22.748247146606445
-49.36271667480469,-13.754419326782227
-39.81919479370117,-14.078848838806152
-12.246262550354004,-21.122135162353516
14.408496856689453,-28.42450714111328
22.601482391357422,-31.504287719726562
11.863795280456543,-26.36644744873047
-10.008452415466309,-12.788229942321777
-25.474580764770508,2.598147392272949
-23.186038970947266,11.298027038574219
-5.15767240524292,8.147055625915527
16.841506958007812,-7.429303169250488
29.045181274414062,-26.203815460205078
25.885231018066406,-41.07954025268555
12.893033027648926,-47.79985809326172
-0.2601279020309448,-45.042213439941406
-5.09859037399292,-34.398677825927734
1.8492881059646606,-17.14380645751953
14.991593360900879,1.315253496170044
20.817956924438477,16.512693405151367
12.465680122375488,27.977737426757812
-7.331389904022217,34.529788970947266
-28.581710815429688,33.45503616333008
-39.71438980102539,27.7785701751709
-38.84695053100586,18.488706588745117
-25.326562881469727,7.4910993576049805
-6.117390155792236,0.7492769360542297
6.464575290679932,1.752001166343689
8.540796279907227,12.008681297302246
2.596059799194336,26.701732635498047
-4.35286283493042,36.67928695678711
-6.548501014709473,37.132110595703125
-4.0182037353515625,25.681262969970703
0.08580463379621506,3.391892433166504
0.8010519742965698,-20.079118728637695
-3.463500738143921,-34.27320861816406
-9.853962898254395,-34.886783599853516
-14.01517391204834,-22.217971801757812
-10.873597145080566,-1.8409372568130493
-1.3689074516296387,15.569469451904297
10.129748344421387,22.4958438873291
18.289539337158203,19.249881744384766
19.869304656982422,9.16376781463623
16.5494384765625,-0.41545307636260986
11.10616683959961,-2.259730815887451
5.053078651428223,3.671853542327881
-0.12400960922241211,14.185530662536621
-6.390253067016602,22.669750213623047
-13.165687561035156,23.546794891357422
-16.958209991455078,15.990768432617188
-16.278244018554688,2.2459518909454346
-8.735788345336914,-12.008264541625977
4.763305187225342,-20.032562255859375
17.32021713256836,-18.41563606262207
23.383953094482422,-7.371264934539795
19.02294921875,9.036834716796875
6.0451555252075195,26.56665802001953
-8.035572052001953,39.46574401855469
-15.587423324584961,45.1278076171875
-11.93477725982666,45.86602020263672
2.082275867462158,41.141963958740234
20.29164695739746,31.86086654663086
34.820186614990234,20.86409568786621
40.124000549316406,11.962752342224121
36.411643981933594,9.412830352783203
27.268335342407227,13.228109359741211
15.143577575683594,21.949283599853516
4.79691743850708,31.301570892333984
-0.43820905685424805,36.973445892333984
-3.6273856163024902,37.268646240234375
-2.1190195083618164,33.02518081665039
4.506726264953613,28.02930450439453
12.680713653564453,24.37895393371582
20.842174530029297,23.559112548828125
25.380842208862305,25.59838104248047
22.764324188232422,25.81132698059082
13.622685432434082,19.287670135498047
0.2866417467594147,4.377706527709961
-11.758365631103516,-16.466764450073242
-17.24673080444336,-34.35337829589844
-17.439008712768555,-43.71088409423828
-17.177627563476562,-44.346378326416016
-20.779542922973633,-37.76239013671875
-30.102602005004883,-27.252052307128906
-41.47745895385742,-17.033159255981445
-47.932010650634766,-10.53956413269043
-47.12574005126953,-8.1846342086792
-38.669288635253906,-6.515723705291748
-26.086694717407227,-1.3517882823944092
-19.78997230529785,6.709880352020264
-24.82342529296875,13.646903038024902
-35.875728607177734,14.821236610412598
-44.07936096191406,8.717416763305664
-40.950103759765625,-2.872889280319214
-20.007719039916992,-14.542319297790527
16.825014114379883,-18.6367244720459
46.98231506347656,-12.62392807006836
58.359466552734375,-2.3087916374206543
56.04127883911133,10.304071426391602
40.4761962890625,22.34615707397461
16.491817474365234,25.57708740234375
0.7354980707168579,20.02525520324707
3.845133066177368,10.918900489807129
19.740283966064453,2.350754499435425
35.018310546875,-2.4240329265594482
38.55989074707031,-1.6421878337860107
27.677526473999023,-0.4638878107070923
2.71067476272583,-0.6171252727508545
-23.986465454101562,-1.6269476413726807
-40.385589599609375,-4.457456588745117
-44.328216552734375,-6.4710469245910645
-36.78388214111328,-7.065834045410156
-22.009201049804688,-6.843284606933594
-3.0144357681274414,-5.932002067565918
12.79866886138916,-2.2831130027770996
24.44179344177246,2.9614078998565674
32.59782791137695,10.856060028076172
35.12248611450195,19.855525970458984
32.45356750488281,26.3858642578125
22.424654006958008,26.181058883666992
9.707822799682617,13.783020973205566
-2.135512351989746,-8.526599884033203
-8.227014541625977,-33.40013122558594
-6.924496173858643,-48.58087158203125
-3.083747386932373,-51.49697494506836
0.9826822280883789,-42.7033576965332
1.756176471710205,-19.70855140686035
-1.0989673137664795,7.138277053833008
-3.3910574913024902,24.77707862854004
-1.5664042234420776,28.0718936920166
3.6516029834747314,19.388715744018555
8.41219425201416,5.1931633949279785
7.594649314880371,-7.51072359085083
-0.24300873279571533,-12.898043632507324
-14.190750122070312,-12.882177352905273
-25.719676971435547,-10.698856353759766
-30.265443801879883,-9.462726593017578
-25.650991439819336,-11.19969654083252
-13.355459213256836,-14.377599716186523
-3.8785362243652344,-15.030424118041992
-2.782283067703247,-10.617853164672852
-11.560242652893066,-3.852440118789673
-23.933019638061523,2.7054555416107178
-29.417627334594727,6.157474040985107
-24.192312240600586,2.7785251140594482
-8.683177947998047,-4.437414646148682
11.353351593017578,-12.562549591064453
24.894407272338867,-18.33818244934082
27.84746551513672,-21.305227279663086
20.280790328979492,-22.08936882019043
6.852888107299805,-22.917560577392578
-3.760998487472534,-25.09942054748535
-7.249551773071289,-27.0775203704834
-3.6140241622924805,-27.732223510742188
2.219646692276001,-24.953489303588867
5.661226749420166,-20.459497451782227
3.764130115509033,-14.316221237182617
-3.1014928817749023,-8.43432331085205
-11.376733779907227,-4.620715141296387
-18.170330047607422,-2.2547202110290527
-21.698341369628906,-1.2252733707427979
-21.32025909423828,0.187893345952034
-16.69849967956543,-0.3127380311489105
-8.876916885375977,-3.8042140007019043
1.4730838537216187,-10.174007415771484
11.082575798034668,-18.375343322753906
16.40872573852539,-24.944931030273438
17.256752014160156,-26.94453239440918
15.615190505981445,-24.317157745361328
16.49578285217285,-16.437118530273438
23.207542419433594,-5.205689907073975
33.0139045715332,6.403614044189453
40.6922721862793,18.25885009765625
40.8248405456543,29.21783447265625
32.62684631347656,38.66302490234375
14.39430046081543,45.25661849975586
-7.552060127258301,42.851585388183594
-26.360183715820312,29.762516021728516
-37.146724700927734,8.730568885803223
-35.020816802978516,-15.046290397644043
-23.14512062072754,-35.574684143066406
-5.170616149902344,-47.19087600708008
12.736246109008789,-48.17105484008789
26.912799835205078,-39.25739288330078
34.005775451660156,-22.09521484375
28.369808197021484,-1.0062732696533203
13.859431266784668,14.391796112060547
-2.788337230682373,18.38974952697754
-15.260489463806152,9.800934791564941
-19.226083755493164,-5.285857677459717
-15.606630325317383,-17.76093292236328
-8.507393836975098,-22.38957977294922
-4.530943870544434,-18.51730728149414
-5.70590353012085,-10.703658103942871
-11.54834270477295,-5.200888156890869
-16.162586212158203,-5.783565998077393
-14.847541809082031,-9.214289665222168
-7.642666339874268,-10.731215476989746
3.4716427326202393,-6.305283546447754
10.638521194458008,4.538877010345459
8.941009521484375,15.783458709716797
1.7119171619415283,22.597307205200195
-7.173350811004639,21.99521255493164
-8.461255073547363,14.177388191223145
-0.578920304775238,3.2628724575042725
12.611401557922363,-5.5044403076171875
24.534278869628906,-6.826791763305664
26.205904006958008,-1.8449039459228516
19.073680877685547,4.694202423095703
7.9078049659729,11.238945007324219
0.9993838667869568,12.431650161743164
7.37418794631958,9.283601760864258
22.199390411376953,4.306515693664551
36.94902038574219,-2.8545174598693848
41.71566390991211,-9.20740032196045
30.659393310546875,-13.44669246673584
5.567279815673828,-14.905579566955566
-23.76287269592285,-9.476922988891602
-39.4538459777832,-0.04175407811999321
-36.09243392944336,8.585474014282227
-16.818960189819336,12.973200798034668
10.495722770690918,9.040802001953125
28.77231788635254,-1.3227691650390625
30.37901496887207,-11.380073547363281
16.6055965423584,-13.448988914489746
-4.04847526550293,-3.8996222019195557
-18.463027954101562,13.5387601852417
-19.884126663208008,31.848966598510742
-9.482977867126465,42.654296875
3.142620801925659,43.19689178466797
6.890257835388184,36.592647552490234
-3.5054636001586914,28.716157913208008
-22.80962562561035,25.461637496948242
-39.45343017578125,29.71763038635254
-45.18104553222656,38.34026336669922
-43.301692962646484,45.56747817993164
-38.41897201538086,46.63408660888672
-33.76213836669922,37.840885162353516
-27.41823387145996,17.758636474609375
-22.788124084472656,-6.0386834144592285
-24.124879837036133,-19.367630004882812
-28.830982208251953,-16.911235809326172
-33.074031829833984,-3.6136066913604736
-32.402626037597656,11.721831321716309
-26.7374324798584,19.965129852294922
-14.710588455200195,14.40787124633789
2.0943846702575684,-0.36889728903770447
16.341293334960938,-14.365490913391113
25.668737411499023,-19.80187225341797
28.1107234954834,-13.4205961227417
20.691024780273438,-2.0868687629699707
7.275856971740723,6.0395188331604
-6.9159369468688965,7.310304164886475
-15.909765243530273,1.0419729948043823
-14.607246398925781,-5.218842029571533
-4.4468092918396,-5.598177909851074
10.181105613708496,1.4816434383392334
22.009618759155273,12.752530097961426
26.29296112060547,20.877038955688477
24.19774055480957,21.45867347717285
19.025663375854492,14.40453052520752
15.099945068359375,2.2900023460388184
16.69098472595215,-8.936834335327148
23.3920955657959,-14.402234077453613
28.96083641052246,-13.023932456970215
28.12137222290039,-6.972304821014404
17.794544219970703,0.46242642402648926
0.5219259858131409,7.35184907913208
-16.969484329223633,11.485712051391602
-26.363107681274414,12.818710327148438
-24.433443069458008,13.087189674377441
-16.298704147338867,12.960674285888672
-8.084216117858887,10.629753112792969
-7.33473014831543,9.320137023925781
-16.637746810913086,9.897177696228027
-29.32618522644043,12.558374404907227
-36.13711166381836,15.95652961730957
-33.23081970214844,18.3557186126709
-19.644041061401367,17.297880172729492
0.9526193141937256,12.422464370727539
16.830652236938477,6.983160972595215
20.631942749023438,2.891261100769043
10.17296314239502,1.6413527727127075
-5.187108993530273,1.882482647895813
-16.261960983276367,-1.310034155845642
-17.073659896850586,-10.184446334838867
-7.008004665374756,-24.739707946777344
3.9463865756988525,-37.9788818359375
9.142890930175781,-45.291690826416016
4.778128147125244,-44.953067779541016
-7.547884464263916,-36.234188079833984
-19.54570960998535,-22.816099166870117
-22.40106201171875,-11.278194427490234
-12.127680778503418,-8.843722343444824
9.586318969726562,-13.390741348266602
31.114303588867188,-18.260936737060547
43.03279495239258,-18.587871551513672
46.067481994628906,-11.067336082458496
41.201255798339844,-0.1759934425354004
31.43288803100586,7.997158527374268
23.361616134643555,7.721164226531982
20.997081756591797,-0.9369615316390991
21.970996856689453,-12.589689254760742
23.97205924987793,-21.188106536865234
24.697328567504883,-21.43257713317871
23.182491302490234,-16.47365379333496
19.801036834716797,-11.225166320800781
15.217691421508789,-11.194894790649414
10.53705883026123,-17.985986709594727
4.31403112411499,-27.060192108154297
-6.2938008308410645,-30.868371963500977
-19.8450870513916,-25.418420791625977
-32.871524810791016,-12.960465431213379
-39.97639846801758,-2.6102561950683594
-37.16947937011719,-3.26141095161438
-23.841161727905273,-16.111228942871094
-2.2983531951904297,-35.297855377197266
16.30726432800293,-46.832000732421875
26.978771209716797,-45.930110931396484
34.540225982666016,-32.83645248413086
36.07406234741211,-7.446213722229004
32.19615173339844,17.759262084960938
29.2232608795166,30.171497344970703
25.231571197509766,30.33621597290039
19.082866668701172,20.349058151245117
6.549544811248779,10.436431884765625
-11.412015914916992,8.239958763122559
-25.656837463378906,14.57927131652832
-29.836212158203125,25.37353515625
-21.49374771118164,32.27506637573242
-1.5444833040237427,30.383190155029297
20.992698669433594,18.9638671875
35.05234146118164,3.4887619018554688
36.10329055786133,-11.657320976257324
26.681482315063477,-23.720909118652344
13.760265350341797,-30.187990188598633
7.809682846069336,-31.677358627319336
14.256930351257324,-27.837234497070312
28.72659683227539,-16.925432205200195
41.46493148803711,0.02400859445333481
42.11504364013672,19.178483963012695
27.54119873046875,34.521644592285156
-1.811083197593689,40.26095199584961
-31.0648250579834,30.99488639831543
-47.2727165222168,9.810747146606445
-45.16559600830078,-14.379478454589844
-23.848468780517578,-34.129573822021484
6.258727550506592,-40.78642654418945
30.45458984375,-36.17051315307617
39.53860855102539,-28.363544464111328
33.32914733886719,-24.339496612548828
12.666934967041016,-27.56541633605957
-12.938336372375488,-32.63561248779297
-32.63331604003906,-31.72829818725586
-41.77286911010742,-22.055965423583984
-42.866825103759766,-2.972472906112671
-35.478023529052734,22.484779357910156
-22.275800704956055,43.523826599121094
-9.742897033691406,52.97715759277344
0.7390471696853638,52.94584274291992
9.468989372253418,46.170406341552734
15.884713172912598,33.35044479370117
18.91564178466797,16.63941764831543
17.202470779418945,-0.4640965759754181
13.172993659973145,-17.465105056762695
7.6272172927856445,-32.128719329833984
0.9238089919090271,-40.920249938964844
-6.2846150398254395,-40.50437927246094
-16.125215530395508,-30.031620025634766
-28.16103744506836,-13.396378517150879
-38.19892883300781,2.5672495365142822
-43.20064926147461,7.98463249206543
-41.34614181518555,0.2417561113834381
-28.26667594909668,-14.772383689880371
-6.036386966705322,-28.232646942138672
16.592653274536133,-30.649581909179688
30.175880432128906,-21.196041107177734
30.004690170288086,-3.9123570919036865
17.402055740356445,11.944588661193848
-1.440724492073059,17.242345809936523
-16.692235946655273,10.849170684814453
-21.437795639038086,-3.3223719596862793
-16.216449737548828,-17.16739845275879
-8.411985397338867,-22.816307067871094
-3.376025915145874,-18.53943634033203
-5.229907035827637,-10.222650527954102
-12.046677589416504,-4.1520256996154785
-17.155498504638672,-3.702751636505127
-16.219161987304688,-8.313028335571289
-6.623449325561523,-10.883200645446777
4.379794120788574,-6.849339008331299
11.146042823791504,3.6204960346221924
9.187776565551758,15.822290420532227
0.21357211470603943,23.554519653320312
-7.271472930908203,22.333629608154297
-7.520535945892334,13.173829078674316
1.8459477424621582,1.0066908597946167
13.716423034667969,-7.017816543579102
22.476011276245117,-5.962273597717285
23.144912719726562,-0.3367466330528259
17.427526473999023,5.773545265197754
10.89155101776123,8.652697563171387
8.43432331085205,7.887971878051758
10.814306259155273,7.235773086547852
16.176572799682617,10.629544258117676
20.61043930053711,14.517892837524414
21.35804557800293,13.695128440856934
16.86697769165039,3.587092876434326
4.920300483703613,-12.739377975463867
-11.928722381591797,-27.00444984436035
-29.292156219482422,-30.4740047454834
-40.5050048828125,-21.429655075073242
-41.85219955444336,-7.1708455085754395
-28.84768295288086,7.415106773376465
-5.996720790863037,16.296199798583984
11.990100860595703,16.368432998657227
17.69015884399414,13.541056632995605
8.43056583404541,11.065666198730469
-7.748095512390137,10.298017501831055
-17.333995819091797,7.756446361541748
-14.143150329589844,-0.20772653818130493
0.4876876473426819,-13.831873893737793
15.60266399383545,-31.26232147216797
18.592256546020508,-44.7445068359375
7.042660236358643,-52.21827697753906
-13.48531436920166,-50.8408088684082
-33.232696533203125,-40.79164505004883
-40.74467468261719,-27.242448806762695
-29.489652633666992,-12.404928207397461
0.5651414394378662,-2.811093330383301
31.722869873046875,-5.335962295532227
45.46455383300781,-17.844440460205078
41.123382568359375,-34.61997604370117
25.705480575561523,-49.158119201660156
8.180041313171387,-55.67697525024414
-2.683743476867676,-56.11372375488281
-2.686666250228882,-53.429351806640625
4.428020000457764,-49.83119583129883
9.518885612487793,-47.40570068359375
7.377528190612793,-46.285858154296875
-3.3432490825653076,-43.33113098144531
-17.61771583557129,-35.77781677246094
-27.90633773803711,-20.97829246520996
-29.190692901611328,-2.335305690765381
-22.313379287719727,15.162575721740723
-13.430407524108887,28.86417579650879
-7.967095851898193,33.394493103027344
-8.002168655395508,31.63789939880371
-9.906363487243652,24.92530632019043
-8.006970405578613,14.128536224365234
-0.40230053663253784,1.3081552982330322
10.80637264251709,-11.889891624450684
20.141958236694336,-20.078493118286133
23.197521209716797,-21.57495880126953
21.472660064697266,-14.568624496459961
17.461137771606445,3.118820905685425
17.440261840820312,23.555145263671875
20.955120086669922,35.866336822509766
25.531156539916992,36.07781982421875
24.8223819732666,23.609634399414062
11.43017864227295,0.6050165891647339
-14.023316383361816,-22.00815773010254
-39.66240692138672,-30.3140869140625
-53.41661834716797,-25.028438568115234
-56.08282470703125,-15.303496360778809
-48.135353088378906,-4.061001777648926
-30.441646575927734,5.991710186004639
-14.176762580871582,11.530388832092285
-9.953336715698242,12.053984642028809
-19.121280670166016,11.7612886428833
-32.31619644165039,11.759827613830566
-37.91708755493164,12.282796859741211
-32.23665237426758,7.830768585205078
-12.150019645690918,-5.1499481201171875
14.628332138061523,-21.69124412536621
32.926639556884766,-33.68134307861328
37.26906204223633,-35.07697296142578
33.86965560913086,-25.921558380126953
22.465572357177734,-5.391286373138428
8.523677825927734,15.587423324584961
3.0257091522216797,26.822193145751953
6.0140485763549805,26.910295486450195
13.533331871032715,19.90166473388672
19.6678409576416,14.989922523498535
20.790817260742188,18.045276641845703
17.179716110229492,30.823068618774414
11.970059394836426,43.59272003173828
9.346858978271484,49.43703842163086
10.382360458374023,48.38024139404297
15.633979797363281,38.926700592041016
21.457002639770508,26.87689208984375
23.566001892089844,21.306062698364258
18.68975257873535,24.926349639892578
7.920122146606445,29.445392608642578
-5.217172145843506,26.45350456237793
-15.997657775878906,11.823920249938965
-17.19349479675293,-11.666089057922363
-9.529324531555176,-32.826011657714844
2.412968158721924,-42.34990692138672
13.149820327758789,-37.02793502807617
15.206000328063965,-19.448213577270508
4.384804725646973,0.3421746790409088
-15.019777297973633,10.611381530761719
-32.90868377685547,7.326588153839111
-41.2730712890625,-3.609848737716675
-36.35757064819336,-13.651495933532715
-18.130247116088867,-14.968210220336914
7.340784549713135,-4.519461631774902
25.334077835083008,8.826811790466309
28.283586502075195,15.580533981323242
18.0582218170166,12.100957870483398
0.6054341197013855,-1.1100322008132935
-10.842281341552734,-15.496817588806152
-8.726184844970703,-21.45094871520996
5.714045524597168,-16.58242416381836
25.164348602294922,-2.4350979328155518
36.2387809753418,13.987407684326172
34.69951629638672,24.239076614379883
22.928834915161133,28.635990142822266
5.6071553230285645,25.458087921142578
-6.772302627563477,17.141510009765625
-5.862063884735107,7.95289945602417
6.8468337059021,-0.750947117805481
23.356395721435547,-6.0637359619140625
34.764862060546875,-7.760621547698975
36.48847198486328,-5.3113274574279785
30.33454704284668,4.197746276855469
21.146770477294922,19.00082015991211
13.815381050109863,31.760238647460938
13.081343650817871,36.94672393798828
15.647967338562012,29.942058563232422
18.084318161010742,12.346471786499023
15.121865272521973,-7.6683454513549805
4.44868803024292,-18.334632873535156
-10.165030479431152,-13.012866973876953
-24.33615493774414,5.0967116355896
-31.134763717651367,24.092519760131836
-28.792360305786133,33.41537094116211
-18.640689849853516,30.348325729370117
-0.8229728937149048,15.523122787475586
19.02190589904785,-3.2881336212158203
33.170066833496094,-13.439594268798828
39.56741714477539,-10.20490550994873
35.87134552001953,-0.7066877484321594
21.203556060791016,6.790048122406006
0.6273550391197205,4.2359514236450195
-17.87032699584961,-9.616381645202637
-23.648466110229492,-22.589374542236328
-15.378235816955566,-26.643068313598633
4.250982761383057,-16.844221115112305
27.163532257080078,5.004852771759033
38.85926818847656,22.911088943481445
37.71458053588867,28.624300003051758
22.238222122192383,22.681442260742188
-4.607980251312256,3.516319751739502
-30.056255340576172,-16.974077224731445
-43.34574508666992,-23.71756935119629
-43.81965255737305,-21.052406311035156
-35.283241271972656,-12.046677589416504
-18.57952117919922,-1.8925036191940308
-1.4743365049362183,0.8311149477958679
11.200114250183105,-3.470181465148926
17.778886795043945,-8.357078552246094
18.420854568481445,-5.767490863800049
13.952960014343262,5.34702730178833
3.2538952827453613,20.215654373168945
-10.129748344421387,28.780460357666016
-21.94322967529297,26.87083625793457
-28.272729873657227,15.132513046264648
-24.51068687438965,0.2290211170911789
-10.131418228149414,-9.727029800415039
10.125155448913574,-12.008890151977539
28.537450790405273,-5.956010341644287
36.64609146118164,0.06597144156694412
33.734580993652344,-0.1294376403093338
23.13739585876465,-7.660829544067383
12.549188613891602,-18.419185638427734
9.766279220581055,-23.054513931274414
15.692017555236816,-16.821882247924805
28.56960105895996,-1.0593010187149048
36.833988189697266,16.300792694091797
33.45503616333008,27.15372085571289
15.797029495239258,29.17691421508789
-14.940652847290039,21.646984100341797
-43.91798400878906,11.440826416015625
-57.72167205810547,6.743700981140137
-60.18495559692383,7.091303825378418
-55.963409423828125,7.570431709289551
-43.54386520385742,5.142014503479004
-23.656190872192383,-1.6236072778701782
-7.9071784019470215,-11.12600040435791
-2.3553476333618164,-16.783260345458984
-6.301525592803955,-12.741256713867188
-14.86653995513916,2.984372615814209
-20.823802947998047,25.252866744995117
-18.394550323486328,42.556175231933594
-8.609481811523438,48.70571517944336
3.7317707538604736,42.39228820800781
16.57532501220703,23.233638763427734
19.410634994506836,-2.231546640396118
9.277547836303711,-22.566200256347656
-10.597602844238281,-31.396770477294922
-32.1946907043457,-27.115724563598633
-43.862239837646484,-15.2247896194458
-43.102943420410156,-3.064958095550537
-28.736618041992188,6.602781295776367
-5.690036773681641,13.286564826965332
12.9205904006958,14.95025634765625
17.384727478027344,14.33521842956543
7.866050720214844,14.111207962036133
-7.447674751281738,12.172775268554688
-17.060089111328125,7.219489097595215
-13.614543914794922,-1.6016864776611328
0.25511741638183594,-14.27613639831543
14.795140266418457,-30.007402420043945
18.081186294555664,-43.10002136230469
6.260189056396484,-50.90114212036133
-15.59765338897705,-51.06669998168945
-34.93208694458008,-41.19060516357422
-41.61608123779297,-26.263940811157227
-29.574831008911133,-9.564815521240234
1.3651496171951294,1.5678656101226807
32.29218673706055,-2.8889646530151367
43.693973541259766,-22.068700790405273
36.873233795166016,-42.26869583129883
22.853260040283203,-51.915977478027344
10.532883644104004,-48.04871368408203
4.943265438079834,-28.96480369567871
8.778377532958984,-3.755779266357422
18.372421264648438,8.627645492553711
26.044105529785156,1.5785129070281982
29.96251678466797,-12.20596981048584
30.783611297607422,-18.749042510986328
32.9180793762207,-9.051239967346191
37.275535583496094,15.995570182800293
40.761165618896484,36.909976959228516
43.280399322509766,43.9173583984375
43.03070831298828,42.01942443847656
37.195369720458984,29.165849685668945
23.116727828979492,3.503584623336792
4.260586261749268,-17.72314453125
-10.397183418273926,-22.766202926635742
-16.94547462463379,-12.041458129882812
-15.339195251464844,6.518855571746826
-7.654357433319092,21.170988082885742
-1.1762124300003052,26.865825653076172
2.200857400894165,21.66827964782715
1.8710002899169922,10.776309967041016
-0.6824703812599182,2.1636962890625
-0.1699391007423401,-1.7553414106369019
5.339094161987305,-0.5375837683677673
14.052125930786133,0.9622227549552917
21.22735595703125,-2.381861448287964
23.221948623657227,-8.294447898864746
18.092668533325195,-13.767154693603516
9.382976531982422,-10.817229270935059
1.465985655784607,2.605663299560547
-2.6002352237701416,23.375812530517578
0.1945739984512329,39.29246520996094
7.483165740966797,41.987693786621094
16.11728286743164,31.76295280456543
22.34302520751953,8.881509780883789
24.075401306152344,-15.85673713684082
19.974525451660156,-32.502628326416016
10.646663665771484,-38.82523727416992
-1.566821813583374,-36.53481674194336
-15.466962814331055,-29.944355010986328
-26.244108200073242,-21.274538040161133
-29.64393424987793,-11.095937728881836
-25.56748390197754,1.8632757663726807
-15.1116361618042,18.120851516723633
-4.240544319152832,32.51097869873047
2.938443183898926,38.55989074707031
5.339511394500732,32.35544204711914
2.4576449394226074,13.645441055297852
0.9373790621757507,-12.175907135009766
5.107985019683838,-29.67775535583496
15.582412719726562,-33.29637145996094
26.90987777709961,-24.624258041381836
32.011390686035156,-11.979662895202637
25.633663177490234,-7.629513740539551
7.485671043395996,-16.67302894592285
-15.214768409729004,-33.151485443115234
-29.533912658691406,-42.072662353515625
-31.40553855895996,-42.26681900024414
-20.836746215820312,-29.418670654296875
0.3129468262195587,-1.8628581762313843
18.766996383666992,23.1363525390625
25.143678665161133,33.362552642822266
20.215028762817383,27.504873275756836
6.390044212341309,10.638938903808594
-9.52640151977539,-5.096293926239014
-20.105422973632812,-7.973985195159912
-24.404006958007812,0.0649275928735733
-27.41426658630371,9.64707088470459
-31.576520919799805,9.62619400024414
-36.861751556396484,-2.720486879348755
-39.28244400024414,-18.927331924438477
-34.8287467956543,-28.350601196289062
-23.478317260742188,-22.2645263671875
-6.870215892791748,2.1248650550842285
4.064342021942139,30.763568878173828
3.715695381164551,46.67166519165039
-7.417612075805664,44.83260726928711
-23.28729248046875,24.370603561401367
-33.941471099853516,-8.376703262329102
-31.879865646362305,-32.543128967285156
-19.76679801940918,-39.98850631713867
-1.5451096296310425,-31.220149993896484
12.350021362304688,-10.263569831848145
11.446671485900879,8.669190406799316
-0.2647208571434021,16.277828216552734
-17.07345199584961,13.70953369140625
-28.510311126708984,6.9046630859375
-30.780061721801758,3.4273834228515625
-24.881881713867188,4.200668811798096
-15.447755813598633,5.867282867431641
-8.260417938232422,5.023433208465576
-5.097964286804199,-0.8666058778762817
-4.912367343902588,-8.757709503173828
-2.856396436691284,-13.833752632141113
2.641989231109619,-12.185927391052246
10.876520156860352,-2.8766472339630127
18.39830780029297,9.579429626464844
20.971195220947266,19.720869064331055
18.489957809448242,23.91694450378418
10.931426048278809,22.00502586364746
1.430285930633545,15.453601837158203
-8.76084041595459,6.668543815612793
-19.855316162109375,-2.13321590423584
-31.696563720703125,-12.825182914733887
-43.32319641113281,-23.513599395751953
-51.32077407836914,-29.41512107849121
-54.31704330444336,-30.51471519470215
-50.502811431884766,-28.739957809448242
-35.153385162353516,-18.28682518005371
-8.029309272766113,2.11734938621521
18.06698989868164,18.571170806884766
29.837881088256836,23.00169563293457
25.935962677001953,16.679502487182617
8.314071655273438,4.303383827209473
-11.194059371948242,-5.625735759735107
-22.75179672241211,-7.11364221572876
-22.19291877746582,-0.7912397980690002
-8.887564659118652,7.193183898925781
5.436172008514404,6.729504585266113
14.024568557739258,-4.177913188934326
12.259623527526855,-19.948637008666992
1.8622318506240845,-29.95855140686035
-10.354385375976562,-28.797578811645508
-16.049015045166016,-15.266961097717285
-13.050445556640625,2.9361467361450195
-2.5659968852996826,12.398873329162598
11.918910026550293,6.335763931274414
23.19731330871582,-11.88780403137207
29.17816734313965,-28.7506046295166
31.198646545410156,-35.285743713378906
32.432899475097656,-28.84288215637207
32.269222259521484,-11.744586944580078
29.85103416442871,4.432821750640869
25.074993133544922,5.478343963623047
18.5676212310791,-11.320157051086426
11.471515655517578,-37.05528259277344
3.4609954357147217,-53.19239807128906
-1.6574281454086304,-54.27027893066406
-2.8770647048950195,-39.63004684448242
-4.4071431159973145,-5.363102436065674
-4.718837261199951,29.75708770751953
-6.782741069793701,45.429481506347656
-12.921634674072266,42.60272979736328
-22.256803512573242,24.542421340942383
-32.6082649230957,-0.4060584008693695
-40.89289855957031,-16.79453468322754
-45.32321548461914,-19.07618522644043
-46.22134780883789,-8.971489906311035
-42.673919677734375,8.193402290344238
-34.2769660949707,25.009231567382812
-24.38083267211914,37.143592834472656
-16.713531494140625,41.48748016357422
-12.469228744506836,40.81106185913086
-9.392162322998047,37.17094039916992
-5.12593936920166,31.240192413330078
2.5875003337860107,23.274559020996094
9.839974403381348,14.256303787231445
12.40534496307373,5.864360332489014
5.35015869140625,1.1584669351577759
-15.009129524230957,0.26639100909233093
-39.85886001586914,1.639682650566101
-54.6667366027832,5.048068046569824
-58.44318389892578,6.332840919494629
-52.79385757446289,1.7724605798721313
-29.82681655883789,-6.578563690185547
5.595046520233154,-14.910172462463379
31.04436492919922,-22.043439865112305
37.52397155761719,-25.72614860534668
29.909908294677734,-26.130329132080078
15.102032661437988,-23.385623931884766
6.223654270172119,-15.57406234741211
13.788240432739258,-5.150574207305908
32.970272064208984,5.60172700881958
50.00155258178711,11.300532341003418
57.27177429199219,10.88340950012207
55.871341705322266,9.424521446228027
44.97394561767578,4.296494483947754
27.880659103393555,-4.990029811859131
16.291397094726562,-13.291366577148438
19.281198501586914,-15.56779956817627
32.59886932373047,-10.028077125549316
44.679786682128906,0.4511528015136719
46.72970199584961,12.561505317687988
36.59160232543945,23.807966232299805
14.665910720825195,29.057706832885742
-10.474428176879883,24.491689682006836
-26.155797958374023,12.018075942993164
-29.141006469726562,-3.3586981296539307
-22.282272338867188,-14.969463348388672
-10.865245819091797,-20.42233657836914
-0.9311159253120422,-17.36197280883789
5.561017036437988,-7.306337356567383
8.69925308227539,2.024029016494751
12.114945411682129,6.390253067016602
16.76718521118164,2.1810243129730225
22.139055252075195,-8.330564498901367
27.419485092163086,-17.416044235229492
30.420560836791992,-17.99809455871582
34.00723648071289,-4.540338516235352
38.202476501464844,17.23963165283203
41.492698669433594,35.12540817260742
43.84449768066406,42.13425064086914
44.01130294799805,39.916690826416016
38.30644226074219,28.661043167114258
23.572265625,4.946396827697754
3.6146504878997803,-17.299341201782227
-11.554397583007812,-22.51839256286621
-17.230863571166992,-12.407641410827637
-15.381784439086914,6.19066858291626
-7.909474849700928,22.285612106323242
-0.06889422982931137,26.68983268737793
2.735518455505371,21.24009132385254
1.8269497156143188,11.324958801269531
0.46889829635620117,2.4490854740142822
-0.06889422982931137,-0.8277745842933655
3.496904134750366,-0.609400749206543
12.30617904663086,-0.622553288936615
20.422128677368164,-3.248049736022949
24.457660675048828,-8.660422325134277
22.042186737060547,-12.667560577392578
10.845413208007812,-10.885705947875977
-6.701738357543945,-0.7231806516647339
-24.852235794067383,12.64564037322998
-36.84880828857422,21.154285430908203
-40.644256591796875,22.760774612426758
-38.457801818847656,17.646944046020508
-30.415340423583984,10.669210433959961
-20.410646438598633,7.6862993240356445
-14.220186233520508,10.406578063964844
-12.28718090057373,16.108722686767578
-12.565889358520508,17.719804763793945
-12.140416145324707,10.187994956970215
-7.359782695770264,-5.179175853729248
0.8306973576545715,-23.13071632385254
8.062294960021973,-33.63019561767578
7.226169586181641,-34.61830520629883
-5.7501630783081055,-25.7186336517334
-27.539945602416992,-10.70804214477539
-47.86311721801758,0.5457258224487305
-57.43085479736328,2.4547221660614014
-57.894535064697266,-5.211326599121094
-48.26708984375,-20.32755470275879
-28.00132942199707,-35.2366828918457
-7.074393272399902,-40.90333938598633
2.7064993381500244,-36.36738586425781
-3.6643378734588623,-24.38667869567871
-20.5640926361084,-9.97880744934082
-35.82207489013672,1.1501160860061646
-39.60520553588867,5.180219650268555
-27.857486724853516,2.577061653137207
-1.4797645807266235,-3.3591156005859375
29.92577362060547,-7.8048810958862305
49.80572509765625,-8.409480094909668
55.16674041748047,-5.5069451332092285
52.0692138671875,1.1712019443511963
39.40562057495117,7.18483304977417
20.445093154907227,7.904673099517822
6.557060241699219,0.5816342830657959
3.308175563812256,-14.098264694213867
9.980059623718262,-30.20552635192871
19.746755599975586,-42.08915328979492
26.001934051513672,-45.98773193359375
28.930356979370117,-42.37809371948242
25.42113494873047,-32.31598663330078
13.676339149475098,-18.47096061706543
-0.2526121735572815,-7.805716037750244
-9.399260520935059,-6.615725040435791
-12.282796859741211,-13.924149513244629
-8.031396865844727,-23.173095703125
-0.4701509177684784,-25.656002044677734
5.746196269989014,-15.999536514282227
7.221785545349121,5.76373291015625
4.550568103790283,31.749591827392578
0.8104466795921326,49.08338165283203
-1.6261125802993774,54.16526794433594
-1.7975130081176758,49.61720657348633
-1.0371712446212769,33.91996765136719
-1.198550820350647,11.095102310180664
-6.852261543273926,-8.081293106079102
-17.143598556518555,-16.61812400817871
-26.073333740234375,-14.776559829711914
-27.420738220214844,-6.621987819671631
-16.454029083251953,2.620903491973877
7.330554962158203,9.904067039489746
32.8589973449707,12.563801765441895
48.68379211425781,10.114089965820312
52.370887756347656,5.021553993225098
42.49229049682617,-1.8626494407653809
17.619802474975586,-11.674022674560547
-12.576537132263184,-21.752412796020508
-33.510780334472656,-26.903404235839844
-41.45386505126953,-26.706953048706055
-39.948421478271484,-22.852214813232422
-32.280704498291016,-14.84858512878418
-21.1275634765625,-6.114258289337158
-10.485910415649414,-1.1524125337600708
-2.6254963874816895,-2.552426815032959
3.406715154647827,-10.136637687683105
7.049132347106934,-19.164913177490234
5.648909091949463,-24.311939239501953
-0.5407153367996216,-22.69459342956543
-8.7387113571167,-11.989683151245117
-12.55461597442627,5.128653526306152
-9.592790603637695,24.268932342529297
0.6741195917129517,38.007904052734375
12.569438934326172,43.4570198059082
18.654052734375,42.56682205200195
12.856706619262695,33.09135818481445
-7.310721397399902,15.473226547241211
-31.664831161499023,-4.647646427154541
-45.850154876708984,-17.177627563476562
-44.74909973144531,-19.63214111328125
-27.505916595458984,-11.97339916229248
1.7179715633392334,7.994653224945068
22.564321517944336,28.789018630981445
23.586669921875,41.96681594848633
6.86207389831543,47.24787139892578
-19.497066497802734,40.88851547241211
-40.41627883911133,25.341384887695312
-46.95454788208008,9.414917945861816
-38.36719512939453,-3.89607310295105
-18.190372467041016,-11.40554428100586
0.10501150786876678,-14.457975387573242
5.148486614227295,-16.998502731323242
-0.4112776815891266,-21.876422882080078
-7.664587497711182,-28.833070755004883
-7.5432915687561035,-33.558170318603516
4.302757740020752,-34.192832946777344
20.648225784301758,-28.4140682220459
30.90699577331543,-17.48514747619629
28.465633392333984,-6.5952653884887695
14.098055839538574,2.406496286392212
-3.189802885055542,7.45289421081543
-10.72077751159668,7.330554962158203
-3.478323459625244,4.637834072113037
15.700994491577148,2.6163105964660645
34.90285873413086,2.129666805267334
41.85324478149414,3.269761800765991
35.04774856567383,6.40340518951416
17.00163459777832,11.825172424316406
-1.2046051025390625,18.166364669799805
-7.729097366333008,24.4232120513916
-1.2726643085479736,27.577106475830078
10.475054740905762,22.138639450073242
15.463831901550293,4.654326915740967
7.084414482116699,-20.624427795410156
-11.405335426330566,-41.6131591796875
-27.783580780029297,-47.90132141113281
-34.122474670410156,-43.92800521850586
-27.05497169494629,-27.508630752563477
-5.506319046020508,4.6862688064575195
18.722110748291016,33.26213455200195
31.057727813720703,43.649085998535156
28.59778594970703,41.47954559326172
13.38948917388916,29.076913833618164
-10.474428176879883,9.194039344787598
-30.72077178955078,-3.5854227542877197
-40.632564544677734,-2.0163044929504395
-42.68498611450195,8.155198097229004
-39.29246520996094,18.217721939086914
-31.676313400268555,22.714427947998047
-19.691015243530273,19.48975944519043
-2.9396958351135254,12.109726905822754
16.06529998779297,7.167922496795654
27.651430130004883,9.340178489685059
29.404056549072266,18.49517822265625
21.21775245666504,27.036392211914062
6.295262336730957,29.292991638183594
-4.631779670715332,21.508569717407227
-5.460389614105225,5.472289562225342
6.902366638183594,-8.079623222351074
25.358503341674805,-9.996134757995605
36.66843032836914,2.273092031478882
34.610374450683594,23.30984115600586
16.951112747192383,42.810874938964844
-6.9184417724609375,50.14518737792969
-24.739707946777344,43.879150390625
-28.581918716430664,23.548465728759766
-12.429980278015137,-7.976698875427246
13.670076370239258,-34.41997528076172
29.99821662902832,-45.137203216552734
31.78717041015625,-45.912784576416016
24.65306854248047,-39.979740142822266
8.476495742797852,-28.959375381469727
-6.336807727813721,-19.342994689941406
-8.26542854309082,-14.357139587402344
2.8584842681884766,-13.538551330566406
18.254674911499023,-11.248339653015137
27.182321548461914,-4.2046356201171875
26.56477928161621,8.090478897094727
15.877822875976562,23.571847915649414
5.057880401611328,35.684078216552734
2.6417806148529053,38.62690734863281
10.69405460357666,31.1729679107666
22.755346298217773,13.70577621459961
28.251018524169922,-5.900686264038086
21.311281204223633,-19.986007690429688
2.48770809173584,-21.867862701416016
-21.01712417602539,-9.280261039733887
-36.102455139160156,11.920372009277344
-34.49492263793945,32.81369400024414
-20.748018264770508,43.948463439941406
1.8931299448013306,43.08185958862305
23.727380752563477,29.470863342285156
35.602657318115234,5.897972106933594
35.580528259277344,-18.60561752319336
27.446834564208984,-37.55487060546875
20.798542022705078,-46.34598159790039
18.43400764465332,-47.947669982910156
23.07163429260254,-43.43280029296875
29.165014266967773,-32.56755447387695
29.63140869140625,-19.05301284790039
21.308984756469727,-2.359731674194336
2.775602340698242,13.336252212524414
-19.048627853393555,23.072885513305664
-34.53960037231445,25.677505493164062
-40.909393310546875,22.191665649414062
-39.39413833618164,15.343162536621094
-30.04790496826172,9.756884574890137
-20.147804260253906,8.795913696289062
-13.337714195251465,12.305344581604004
-11.624335289001465,17.31917381286621
-12.116198539733887,17.30790138244629
-11.639575958251953,9.311785697937012
-7.85498571395874,-5.790455341339111
0.03402957320213318,-22.388954162597656
6.044528961181641,-32.77235794067383
5.111116886138916,-34.28239440917969
-5.538887023925781,-25.106727600097656
-26.599853515625,-10.789045333862305
-47.33430099487305,1.1595107316970825
-57.8492317199707,4.051815509796143
-59.25509262084961,-3.316317558288574
-49.856876373291016,-18.69183921813965
-27.363327026367188,-34.961734771728516
-3.760998487472534,-41.41252899169922
4.031773567199707,-36.90559387207031
-8.112608909606934,-24.18813705444336
-28.320329666137695,-8.908023834228516
-39.74382781982422,2.2367658615112305
-33.98677444458008,4.971658229827881
-13.61621379852295,1.6083670854568481
5.297757625579834,-4.22446870803833
7.769181251525879,-7.561454772949219
-8.465639114379883,-6.434929847717285
-29.832454681396484,-4.2386651039123535
-38.61333465576172,-5.647865295410156
-31.234764099121094,-12.447308540344238
-12.31014633178711,-23.2048282623291
2.2559728622436523,-31.67673110961914
3.3186142444610596,-31.685291290283203
-6.225741863250732,-19.878698348999023
-14.08198070526123,2.166410446166992
-8.066261291503906,26.488161087036133
12.232900619506836,41.178916931152344
36.715824127197266,38.29976272583008
51.74436950683594,23.720491409301758
53.737709045410156,6.415722846984863
39.890804290771484,-9.491745948791504
11.52308177947998,-17.053617477416992
-16.321250915527344,-11.390512466430664
-29.299253463745117,1.8098305463790894
-26.141183853149414,14.1270751953125
-13.815797805786133,17.524812698364258
0.21628612279891968,10.92015266418457
8.39382266998291,0.8553323149681091
11.981541633605957,-5.661435604095459
14.175091743469238,-2.972055196762085
17.41312026977539,9.275876998901367
22.754302978515625,22.767454147338867
25.887319564819336,28.29277229309082
23.709426879882812,24.23866081237793
13.206188201904297,10.424531936645508
-3.4954426288604736,-7.3910980224609375
-19.164287567138672,-18.793928146362305
-28.655614852905273,-20.583925247192383
-28.366050720214844,-13.912667274475098
-20.33361053466797,-1.887284278869629
-9.363560676574707,9.660640716552734
-1.5123326778411865,17.558008193969727
-0.6068955063819885,20.3054256439209
-3.944716453552246,20.72756004333496
-8.88088321685791,20.629436492919922
-11.870475769042969,19.84634017944336
-10.943534851074219,20.833824157714844
-6.436182498931885,23.509841918945312
1.4657769203186035,27.31927490234375
10.831007957458496,34.37613296508789
20.401878356933594,41.08121109008789
27.909887313842773,43.63154983520508
31.32724952697754,42.11378860473633
30.151662826538086,34.50056076049805
25.01152801513672,16.139829635620117
19.30499839782715,-6.7864990234375
16.199329376220703,-23.21171760559082
16.954452514648438,-28.205297470092773
21.281219482421875,-21.400009155273438
22.05074691772461,-8.706560134887695
14.152753829956055,0.235284224152565
-3.975614547729492,0.14947959780693054
-26.393796920776367,-11.941248893737793
-42.3776741027832,-27.013845443725586
-45.42363357543945,-37.21207046508789
-39.02043914794922,-43.96746063232422
-24.86434555053711,-44.140323638916016
-7.839328289031982,-32.668182373046875
-1.525067687034607,-10.64269733428955
-8.61031723022461,10.936436653137207
-24.175193786621094,23.46474838256836
-38.309783935546875,26.958311080932617
-43.8682975769043,23.2862491607666
-41.56430435180664,14.545659065246582
-31.454181671142578,2.6346824169158936
-17.691619873046875,-8.144968032836914
-7.47126579284668,-14.469040870666504
-4.6211323738098145,-14.805578231811523
-6.333049774169922,-7.553730487823486
-10.301774978637695,1.9879117012023926
-12.392610549926758,8.33474063873291
-12.827061653137207,8.975873947143555
-13.500555038452148,4.308185577392578
-14.488665580749512,-2.5037832260131836
-16.194318771362305,-6.576684951782227
-15.714356422424316,-3.5992014408111572
-11.626005172729492,4.374574661254883
-3.2319743633270264,13.701809883117676
5.95308780670166,18.50290298461914
11.926634788513184,13.981770515441895
14.673008918762207,1.5259027481079102
14.349623680114746,-14.203902244567871
14.105989456176758,-25.063928604125977
14.45296573638916,-29.484851837158203
13.742728233337402,-30.11554718017578
10.035801887512207,-30.098426818847656
3.543459892272949,-32.46233367919922
-0.8691111207008362,-35.68220138549805
1.3208903074264526,-36.460914611816406
15.351930618286133,-31.32140350341797
38.69225311279297,-15.822916984558105
57.07344055175781,2.306704044342041
63.868499755859375,13.023514747619629
61.46200180053711,18.435678482055664
47.61509704589844,17.046728134155273
14.21663761138916,-1.7148399353027344
-20.24237632751465,-25.2827205657959
-32.84062576293945,-37.17156982421875
-25.06664276123047,-39.90541458129883
0.4123215079307556,-33.051902770996094
27.776901245117188,-19.216270446777344
42.01107406616211,-8.76230239868164
39.689964294433594,-6.842240810394287
21.71441650390625,-12.75169563293457
-0.44342830777168274,-19.564916610717773
-14.189288139343262,-21.81525230407715
-12.28780746459961,-17.389530181884766
5.0814714431762695,-7.115103721618652
25.939512252807617,2.169959545135498
38.30059814453125,3.85223126411438
38.43442153930664,-3.742626905441284
25.875837326049805,-20.13486099243164
5.5230207443237305,-37.94151306152344
-14.265698432922363,-47.282108306884766
-27.293806076049805,-47.548500061035156
-32.952110290527344,-41.469940185546875
-31.896984100341797,-27.329296112060547
-22.88854217529297,-6.519064426422119
-8.808857917785645,12.36233901977539
5.140135765075684,20.013355255126953
13.29554271697998,14.373214721679688
11.057106018066406,-2.3056602478027344
0.1112746149301529,-22.748456954956055
-14.44899845123291,-36.19013977050781
-26.763320922851562,-37.67282485961914
-31.027246475219727,-29.589862823486328
-25.18877410888672,-14.516222953796387
-9.451662063598633,1.3403059244155884
9.395711898803711,11.227462768554688
23.83656883239746,13.103264808654785
29.364181518554688,10.623072624206543
26.290037155151367,10.351462364196777
16.457578659057617,17.603519439697266
3.667678117752075,29.291738510131836
-7.016355514526367,39.90708541870117
-17.493497848510742,42.763065338134766
-27.55978012084961,35.108707427978516
-35.146705627441406,20.148847579956055
-37.42877197265625,3.680204391479492
-34.393253326416016,-3.9751970767974854
-25.62134552001953,-1.231327772140503
-14.390960693359375,7.33159875869751
-6.715517044067383,10.926624298095703
-6.049121856689453,2.0217325687408447
-11.31201457977295,-18.401649475097656
-17.57408332824707,-39.16344451904297
-21.9150447845459,-47.71467971801758
-23.69585609436035,-44.49982452392578
-23.765586853027344,-25.278127670288086
-22.995431900024414,6.6136369705200195
-22.840314865112305,31.28737449645996
-23.27977752685547,38.5373420715332
-22.65117073059082,29.419713973999023
-17.91584014892578,11.90868091583252
-7.604878902435303,-0.34405359625816345
4.152860641479492,2.321944236755371
8.215323448181152,21.373703002929688
1.136546015739441,42.77141571044922
-12.089057922363281,52.28007125854492
-25.351613998413086,46.99546813964844
-33.38175964355469,22.35471534729004
-24.876245498657227,-18.842153549194336
-4.858295917510986,-51.70699691772461
10.271503448486328,-62.66201400756836
18.831506729125977,-61.649688720703125
24.213397979736328,-51.317848205566406
22.535511016845703,-29.745187759399414
16.67031478881836,-7.030551910400391
18.314590454101562,5.609660625457764
27.529090881347656,7.259781360626221
37.960304260253906,3.848264694213867
40.90501022338867,1.5553394556045532
33.7285270690918,4.05620002746582
15.842331886291504,11.106584548950195
-1.7636922597885132,18.782028198242188
-8.201753616333008,22.39939308166504
-1.2129559516906738,17.903730392456055
13.814754486083984,8.078161239624023
23.77143096923828,-1.3561724424362183
20.23757553100586,-4.752866744995117
5.245773792266846,2.026742935180664
-12.47904109954834,19.263870239257812
-21.734251022338867,37.944854736328125
-16.756120681762695,49.67378234863281
-4.520087718963623,54.031654357910156
6.742239952087402,50.55876159667969
9.325773239135742,40.57515335083008
-1.1580493450164795,26.098594665527344
-19.741119384765625,11.790725708007812
-33.98030471801758,1.6795578002929688
-36.382205963134766,-5.581476211547852
-25.949951171875,-14.500564575195312
-9.608865737915039,-24.273942947387695
0.3110678791999817,-30.279430389404297
-0.7309051156044006,-30.005733489990234
-8.60154914855957,-18.88432502746582
-14.11872386932373,2.6781065464019775
-6.143903732299805,26.104440689086914
14.314550399780273,40.1404914855957
37.579505920410156,37.855709075927734
52.133514404296875,22.559310913085938
53.876747131347656,5.238049030303955
39.77284622192383,-10.616392135620117
11.472350120544434,-17.629823684692383
-16.049015045166016,-11.072555541992188
-28.433483123779297,2.2645323276519775
-25.252031326293945,14.96236515045166
-12.96756362915039,17.805191040039062
-0.41983726620674133,11.10762882232666
7.0182342529296875,-0.03590850532054901
10.767541885375977,-6.862282752990723
14.911842346191406,-2.107537031173706
20.749271392822266,9.863565444946289
25.12259292602539,22.06598663330078
24.78376007080078,27.686920166015625
19.223369598388672,22.136343002319336
11.192180633544922,8.979214668273926
4.320085525512695,-5.921980857849121
2.362863302230835,-15.168421745300293
3.9376182556152344,-16.22793197631836
5.598177909851074,-11.632060050964355
5.994424343109131,-5.544106483459473
6.3092498779296875,-0.20772653818130493
9.007816314697266,3.933234214782715
15.008920669555664,9.31491756439209
21.50251579284668,15.844837188720703
24.452022552490234,21.76974105834961
22.524446487426758,22.588539123535156
13.543353080749512,13.591787338256836
2.477269411087036,-3.836573362350464
-4.050980567932129,-23.527587890625
-4.292737007141113,-33.94878005981445
1.9720450639724731,-30.544361114501953
11.953357696533203,-13.899306297302246
19.79289436340332,7.539742469787598
20.775785446166992,21.5634765625
17.973669052124023,20.482879638671875
11.4683837890625,4.387309551239014
5.611539363861084,-17.500595092773438
2.984581470489502,-32.48383712768555
5.522394180297852,-33.56756591796875
14.026447296142578,-20.760128021240234
24.580625534057617,1.6332107782363892
35.71539306640625,20.7680606842041
43.8914680480957,28.649768829345703
47.289833068847656,28.840167999267578
44.97331619262695,27.570634841918945
34.251914978027344,27.93744468688965
15.300782203674316,29.338294982910156
-4.002963542938232,30.576719284057617
-14.486577033996582,28.034732818603516
-14.512256622314453,19.27764892578125
-6.577102184295654,3.39168381690979
1.6962593793869019,-14.95860767364502
-1.1603457927703857,-25.889408111572266
-18.292879104614258,-27.990055084228516
-41.101043701171875,-19.805837631225586
-56.32646179199219,-5.640558242797852
-58.89663314819336,3.566215753555298
-49.15707778930664,6.577937602996826
-20.52400779724121,3.8035876750946045
14.57300853729248,-4.843055725097656
31.944791793823242,-13.620180130004883
27.990055084228516,-19.769929885864258
7.104456424713135,-21.543434143066406
-19.06344985961914,-17.9400577545166
-33.43269729614258,-13.898470878601074
-31.770051956176758,-13.680724143981934
-16.591400146484375,-18.924827575683594
1.4778856039047241,-25.494413375854492
11.3159818649292,-27.743915557861328
10.564408302307129,-22.892091751098633
2.676436424255371,-7.2545623779296875
-3.357027769088745,16.458621978759766
0.6162902116775513,37.18305206298828
13.16380786895752,47.81927490234375
24.608810424804688,46.10318374633789
30.26189422607422,37.83462142944336
25.161842346191406,25.258712768554688
11.71682071685791,13.68677806854248
-0.21002301573753357,12.32413387298584
-4.131357192993164,19.958866119384766
2.257225513458252,28.027008056640625
11.881540298461914,28.711774826049805
17.81730079650879,16.69348907470703
15.090550422668457,-6.74265718460083
5.04848575592041,-29.187145233154297
-5.110072612762451,-39.19831085205078
-10.228287696838379,-32.64020538330078
-8.58756160736084,-9.449365615844727
-1.14093017578125,20.90668487548828
4.659337520599365,41.18434524536133
5.481475353240967,47.135135650634766
2.2204818725585938,40.282875061035156
-0.46806320548057556,24.85536766052246
1.6810191869735718,8.684431076049805
6.861447811126709,-1.243645191192627
9.396546363830566,-3.7944018840789795
2.2119224071502686,-5.046815395355225
-13.492412567138672,-9.298007011413574
-28.858121871948242,-19.903961181640625
-34.78385925292969,-31.096349716186523
-25.48314094543457,-39.6310920715332
-1.1868597269058228,-40.49644470214844
27.5869197845459,-26.73346519470215
44.912357330322266,-3.7108936309814453
44.78500747680664,20.499372482299805
29.006975173950195,38.62586212158203
5.43471097946167,45.952449798583984
-12.846686363220215,42.257423400878906
-15.791601181030273,28.511354446411133
-4.763722896575928,8.227849960327148
7.927011966705322,-12.928106307983398
10.046448707580566,-27.762287139892578
-2.0069098472595215,-32.579246520996094
-18.302690505981445,-26.701107025146484
-26.798603057861328,-11.63539981842041
-16.998085021972656,8.107598304748535
12.525179862976074,26.157468795776367
42.39604568481445,31.45000648498535
56.874691009521484,26.147239685058594
57.32146072387695,21.411699295043945
39.76387023925781,17.312910079956055
1.8317514657974243,7.505712985992432
-31.622034072875977,-2.107328414916992
-41.99332809448242,-7.538907527923584
-33.9736213684082,-11.22140884399414
-13.946279525756836,-12.498665809631348
4.1614203453063965,-9.82870101928711
7.782333850860596,-0.681635320186615
-3.7140252590179443,13.477381706237793
-18.28285789489746,27.31927490234375
-24.85265350341797,34.13291549682617
-19.69873809814453,31.175891876220703
-2.574556350708008,16.996206283569336
17.630659103393555,-5.4390950202941895
27.345788955688477,-24.077489852905273
22.455135345458984,-33.01056671142578
6.782949924468994,-29.774206161499023
-13.430825233459473,-18.14569664001465
-25.118209838867188,-6.602154731750488
-21.71149444580078,-0.5956219434738159
-5.069362640380859,-0.691029965877533
16.883888244628906,-0.26075422763824463
33.33415985107422,4.305471897125244
36.6705207824707,14.812676429748535
26.247447967529297,28.467721939086914
5.187317848205566,35.7884635925293
-18.492464065551758,31.13726806640625
-35.519775390625,13.556087493896484
-40.001243591308594,-10.052502632141113
-32.857120513916016,-27.106956481933594
-18.191625595092773,-32.6306037902832
-1.5954233407974243,-25.286895751953125
9.41220474243164,-9.299259185791016
12.280291557312012,4.865185260772705
6.846624851226807,12.164632797241211
-0.9622227549552917,15.032720565795898
-6.877731800079346,19.65928077697754
-7.271890163421631,29.666481018066406
-1.4505367279052734,42.529869079589844
6.930968284606934,50.572120666503906
13.583854675292969,49.86293029785156
15.552141189575195,38.89893341064453
12.769649505615234,14.543362617492676
3.3282175064086914,-13.422683715820312
-10.257933616638184,-27.68671226501465
-22.464529037475586,-24.657243728637695
-32.144168853759766,-8.973368644714355
-34.31308364868164,10.330376625061035
-28.873779296875,19.6555233001709
-14.91601848602295,15.714982032775879
6.470211982727051,0.06680652499198914
25.490447998046875,-18.95050621032715
34.25713348388672,-30.95250701904297
31.508880615234375,-37.51353454589844
16.81875228881836,-41.21816635131836
-7.7301411628723145,-42.2998046875
-30.547910690307617,-40.31356430053711
-43.22298812866211,-35.88616943359375
-45.67061233520508,-30.482147216796875
-41.14112854003906,-22.51651382446289
-33.76359939575195,-10.308037757873535
-28.91261100769043,-2.3545124530792236
-31.365663528442383,-3.9127745628356934
-38.55571746826172,-14.491378784179688
-43.58979797363281,-25.716127395629883
-44.68918228149414,-29.723892211914062
-41.8595085144043,-25.347856521606445
-34.456092834472656,-8.056241035461426
-26.48147964477539,12.422673225402832
-22.84386444091797,22.777057647705078
-20.913156509399414,19.256145477294922
-16.786392211914062,5.061220645904541
-4.590651988983154,-8.952491760253906
14.388246536254883,-12.78468132019043
32.07590103149414,-4.992117404937744
39.88704299926758,6.633261680603027
34.280517578125,14.049620628356934
15.674481391906738,9.372746467590332
-10.444156646728516,-11.21180534362793
-28.957706451416016,-32.86045837402344
-32.95774459838867,-43.99418258666992
-24.93386459350586,-46.76728057861328
-6.785664081573486,-38.51187515258789
13.204100608825684,-19.749052047729492
26.525114059448242,-3.1887588500976562
28.807390213012695,1.6979296207427979
24.041162490844727,-3.748889923095703
16.495574951171875,-12.361712455749512
9.82870101928711,-17.89287567138672
6.426370143890381,-17.265727996826172
4.040542125701904,-11.761497497558594
3.7975335121154785,-5.409031867980957
5.698179244995117,0.07870643585920334
9.712624549865723,3.5605790615081787
17.094745635986328,7.9474711418151855
22.411710739135742,14.938982963562012
24.336782455444336,20.25469398498535
21.29416275024414,22.041561126708984
13.227482795715332,14.1414794921875
3.7699756622314453,-4.259959697723389
-3.8161139488220215,-23.250131607055664
-4.306097984313965,-32.988433837890625
1.1866508722305298,-29.607398986816406
10.012210845947266,-13.20598030090332
19.715023040771484,7.746842861175537
23.346166610717773,19.90542221069336
20.134233474731445,17.99433708190918
12.143964767456055,3.6948182582855225
3.8900187015533447,-16.965099334716797
0.9409281611442566,-30.690082550048828
4.678335666656494,-32.19406509399414
14.679899215698242,-22.054712295532227
27.96917724609375,-2.834684371948242
38.291622161865234,17.23963165283203
42.2774658203125,29.80364418029785
43.44636917114258,33.54460144042969
43.31568145751953,29.160003662109375
43.05304718017578,17.993501663208008
41.987064361572266,7.019069194793701
37.873870849609375,4.074780464172363
28.90300750732422,10.669419288635254
13.963190078735352,23.114013671875
-4.0090179443359375,30.612628936767578
-18.407075881958008,25.892955780029297
-29.048728942871094,13.405564308166504
-34.35797119140625,0.632783055305481
-34.25003433227539,-3.926762342453003
-29.530153274536133,3.3691365718841553
-21.039045333862305,14.65046215057373
-10.556474685668945,20.81085968017578
-0.7597154378890991,14.418100357055664
1.9083701372146606,-3.280409097671509
-3.68959903717041,-21.360551834106445
-16.319164276123047,-30.87108612060547
-31.072757720947266,-26.346614837646484
-42.57329177856445,-10.507831573486328
-46.08397674560547,9.251242637634277
-40.336944580078125,27.955190658569336
-29.628902435302734,40.426090240478516
-16.883888244628906,45.5536994934082
-4.006094932556152,47.32762145996094
6.022399425506592,45.978336334228516
12.250646591186523,41.91107177734375
12.423508644104004,35.74169921875
5.7436909675598145,25.360383987426758
-3.0493004322052,11.048964500427246
-13.388236045837402,-1.089990258216858
-19.47911262512207,-8.6205472946167
-20.528600692749023,-9.311367988586426
-17.618133544921875,-5.794631004333496
-14.397223472595215,-2.959737777709961
-14.614344596862793,-4.699212551116943
-20.76534652709961,-10.705536842346191
-29.757295608520508,-19.79686164855957
-34.62665557861328,-28.283794403076172
-31.57130241394043,-34.25901412963867
-16.7093563079834,-38.752586364746094
8.376912117004395,-38.09725570678711
33.624977111816406,-32.21452331542969
47.983787536621094,-22.438432693481445
51.20072937011719,-9.39424991607666
44.9202880859375,6.276681900024414
28.622421264648438,20.83904266357422
11.118066787719727,28.256237030029297
0.6883159875869751,25.213409423828125
-3.5012881755828857,12.171939849853516
-4.7614264488220215,-3.188967704772949
-8.288601875305176,-12.370271682739258
-17.114370346069336,-10.586746215820312
-28.189847946166992,1.2273610830307007
-34.07967758178711,14.083650588989258
-31.63226318359375,19.37451934814453
-21.70940589904785,15.027918815612793
-4.876876354217529,3.149718999862671
9.584856986999512,-6.716769695281982
16.015403747558594,-6.215094566345215
13.826863288879395,7.147671699523926
4.746186256408691,25.912372589111328
-2.3509633541107178,37.76092529296875
-3.916323661804199,37.390357971191406
1.2016823291778564,22.622777938842773
9.726195335388184,0.48434731364250183
16.67115020751953,-14.484489440917969
18.618770599365234,-13.286148071289062
14.617685317993164,2.5726776123046875
7.1021599769592285,21.35303497314453
2.8277950286865234,30.510540008544922
4.367685317993164,23.804000854492188
11.313267707824707,3.8603732585906982
21.109399795532227,-17.708948135375977
27.270841598510742,-29.961265563964844
28.954992294311523,-28.80321502685547
25.508819580078125,-19.417316436767578
17.106645584106445,-10.27672290802002
8.007179260253906,-7.822417736053467
4.440546035766602,-14.312045097351074
9.350408554077148,-21.97684097290039
19.771390914916992,-22.90670394897461
31.493013381958008,-12.668813705444336
39.17513656616211,1.821730375289917
40.0590705871582,9.376504898071289
33.57320022583008,3.0382354259490967
20.162418365478516,-18.90186309814453
5.694003582000732,-39.893306732177734
-3.702125310897827,-46.41362380981445
-6.261858940124512,-35.93523025512695
-3.245753288269043,-5.629493713378906
1.6190143823623657,29.41637420654297
5.123016834259033,46.731998443603516
2.4323837757110596,43.3532600402832
-5.723440170288086,20.011686325073242
-15.228547096252441,-15.255061149597168
-21.4964599609375,-38.092247009277344
-21.84030532836914,-41.83549880981445
-17.35403823852539,-31.22829246520996
-9.785902976989746,-14.151500701904297
-2.4169347286224365,-4.1793742179870605
2.210878372192383,-8.547686576843262
2.188957452774048,-24.47394371032715
0.08914496004581451,-39.6878776550293
-2.2714219093322754,-45.77457809448242
-3.1288418769836426,-43.44407272338867
-4.046387672424316,-35.533348083496094
-7.644336700439453,-26.716346740722656
-13.17737865447998,-23.57978057861328
-18.602067947387695,-23.423828125
-23.102323532104492,-21.406898498535156
-20.89687156677246,-12.435826301574707
-9.202598571777344,4.2294793128967285
8.903848648071289,22.409204483032227
28.843090057373047,31.014928817749023
43.143653869628906,25.842226028442383
48.67168426513672,12.67090129852295
44.46683883666992,-0.48601746559143066
30.24748992919922,-6.792135715484619
10.654597282409668,1.6770524978637695
-6.610714435577393,20.751359939575195
-14.726245880126953,36.120826721191406
-15.473017692565918,39.11396789550781
-12.46693229675293,26.350372314453125
-10.705327987670898,-2.1872873306274414
-13.716631889343262,-33.273616790771484
-21.448444366455078,-48.68650817871094
-30.32870101928711,-48.61385726928711
-35.23710250854492,-39.797271728515625
-31.349796295166016,-23.635730743408203
-14.029579162597656,-5.243685722351074
11.090718269348145,6.05789041519165
31.724123001098633,8.134320259094238
39.288082122802734,4.94556188583374
31.08695411682129,4.119248390197754
11.412015914916992,5.48356294631958
-11.006584167480469,8.171273231506348
-25.49566650390625,8.280251502990723
-23.35785675048828,1.901271939277649
-7.442664623260498,-8.60969066619873
13.769033432006836,-19.41794204711914
28.814489364624023,-24.663299560546875
31.32537078857422,-19.886632919311523
20.509185791015625,-7.234102725982666
1.3025184869766235,9.402392387390137
-13.99095630645752,21.721933364868164
-18.444028854370117,21.284767150878906
-12.83937931060791,11.120780944824219
1.5956320762634277,-4.407769203186035
16.082836151123047,-17.18577003479004
22.89229965209961,-19.694562911987305
23.87832260131836,-11.610347747802734
19.63715171813965,2.661404848098755
14.099308013916016,14.930214881896973
11.71932601928711,17.011863708496094
12.172148704528809,6.454136848449707
14.358183860778809,-9.425774574279785
15.421451568603516,-22.482065200805664
12.694701194763184,-25.066017150878906
7.138485908508301,-14.924368858337402
0.061587266623973846,4.740131855010986
-7.512393951416016,24.484174728393555
-14.806413650512695,34.26778030395508
-20.583717346191406,32.6873893737793
-24.50004005432129,22.7421932220459
-24.008594512939453,8.380878448486328
-17.59537696838379,-0.7221367955207825
-7.463123798370361,-0.5476047396659851
1.6655701398849487,7.846843719482422
3.7470109462738037,19.97494125366211
-4.618627548217773,29.838090896606445
-21.057416915893555,34.24335479736328
-36.85068893432617,33.908485412597656
-45.040958404541016,31.077560424804688
-45.144508361816406,27.09568214416504
-34.42770004272461,23.950973510742188
-10.476306915283203,20.58893585205078
15.11685562133789,16.173442840576172
31.429546356201172,12.036657333374023
36.91561508178711,8.40008544921875
35.551719665527344,4.3662238121032715
33.534786224365234,-1.2910361289978027
33.81850814819336,-9.854588508605957
34.94294357299805,-21.419424057006836
32.61912155151367,-32.0397834777832
23.451595306396484,-38.15529251098633
4.826562881469727,-36.865509033203125
-20.373275756835938,-25.711952209472656
-40.854068756103516,-8.925768852233887
-47.41384506225586,3.7977421283721924
-39.59455871582031,6.824495315551758
-16.780338287353516,0.22234046459197998
13.087189674377441,-12.28926944732666
34.057132720947266,-20.16575813293457
42.43821716308594,-17.990787506103516
40.03631591796875,-5.148277759552002
27.49464225769043,14.172168731689453
11.267964363098145,29.33892059326172
-4.223842620849609,33.62247085571289
-18.149036407470703,24.96601676940918
-28.048511505126953,10.79823112487793
-33.4310302734375,-0.8183799386024475
-34.7005615234375,-2.741364002227783
-30.62035369873047,5.848493576049805
-21.04802131652832,16.371564865112305
-9.188193321228027,20.731943130493164
0.6004236340522766,13.236669540405273
2.4419872760772705,-3.8407487869262695
-4.580840110778809,-21.341552734375
-18.241104125976562,-29.54017448425293
-32.38676071166992,-25.007143020629883
-42.789371490478516,-9.591120719909668
-45.122379302978516,10.657937049865723
-39.24319839477539,28.872318267822266
-28.935993194580078,40.61982727050781
-16.14838981628418,45.72969436645508
-3.0173585414886475,47.14828872680664
8.81553840637207,45.9729118347168
14.83021354675293,42.70439910888672
14.499103546142578,35.98470687866211
6.676685810089111,24.32091522216797
-5.147860527038574,9.785486221313477
-14.423946380615234,-1.7309153079986572
-15.955277442932129,-4.493991374969482
-10.197389602661133,0.33194491267204285
-1.3336251974105835,6.675850868225098
4.805685520172119,7.125124454498291
3.456402540206909,-1.9778907299041748
-2.4044086933135986,-16.612485885620117
-9.780057907104492,-28.345382690429688
-15.128337860107422,-29.334745407104492
-14.44273567199707,-15.44566822052002
-8.499460220336914,10.493217468261719
-0.07870643585920334,35.337730407714844
8.593615531921387,46.282936096191406
15.37406063079834,43.71276092529297
18.450918197631836,29.471071243286133
17.04046630859375,9.382976531982422
12.138327598571777,-5.682312488555908
7.906552314758301,-10.776727676391602
5.991501331329346,-7.757907867431641
6.640359878540039,-5.315711498260498
6.5612359046936035,-4.816123962402344
1.4110790491104126,-6.018224239349365
-9.20489501953125,-2.941365957260132
-22.877477645874023,7.900289058685303
-30.885700225830078,22.00419044494629
-27.41238784790039,33.82497787475586
-14.559646606445312,33.768611907958984
6.505285263061523,15.883042335510254
23.943666458129883,-17.211448669433594
25.697547912597656,-45.03114700317383
14.353382110595703,-56.25004959106445
-0.6432215571403503,-50.867740631103516
-18.737768173217773,-23.244285583496094
-28.501543045043945,14.494928359985352
-21.16618537902832,38.630455017089844
-8.159164428710938,41.566184997558594
4.160167694091797,25.969993591308594
6.808837413787842,1.7142137289047241
-3.4956514835357666,-14.93960952758789
-18.68119239807129,-15.346920013427734
-27.885669708251953,-1.0638939142227173
-22.897310256958008,17.617923736572266
-3.239907741546631,29.67691993713379
22.084983825683594,29.868362426757812
40.417320251464844,17.635879516601562
45.942222595214844,3.5361528396606445
37.8563346862793,-5.88001823425293
18.369707107543945,-9.097796440124512
-2.210043430328369,-4.712574005126953
-11.964213371276855,5.732834815979004
-8.36375904083252,18.807289123535156
4.105678558349609,32.35105895996094
17.750911712646484,44.16328811645508
26.15036964416504,50.31053161621094
27.869176864624023,52.60888671875
25.267688751220703,51.734764099121094
18.13859748840332,46.09086608886719
5.978348731994629,35.46278381347656
-9.69738483428955,22.680814743041992
-26.797557830810547,13.675086975097656
-39.56010818481445,8.403634071350098
-45.0363655090332,2.070584774017334
-42.6298713684082,-8.811572074890137
-30.877140045166016,-24.46204376220703
-13.33813190460205,-38.01312255859375
1.557427167892456,-42.45554733276367
8.863138198852539,-35.10014724731445
6.910090923309326,-15.300155639648438
-1.246567964553833,11.47422981262207
-8.430148124694824,32.213897705078125
-8.673574447631836,40.86701202392578
-3.56892991065979,40.98622131347656
1.7943814992904663,36.714569091796875
1.6156740188598633,33.25065231323242
-6.403614044189453,34.262142181396484
-19.43548011779785,33.93980407714844
-29.789030075073242,27.358734130859375
-31.49468421936035,12.470481872558594
-20.2730655670166,-9.093829154968262
0.6941615343093872,-26.424694061279297
20.810649871826172,-31.069835662841797
31.999073028564453,-23.16244888305664
30.602190017700195,-5.635756492614746
17.287858963012695,13.55212116241455
0.14572173357009888,24.165382385253906
-10.988629341125488,22.06890869140625
-13.45295524597168,12.117868423461914
-7.771268844604492,1.271411657333374
1.4680733680725098,-4.704223155975342
9.661476135253906,-4.177286624908447
15.909138679504395,-2.2302939891815186
20.962425231933594,-3.618617296218872
24.899417877197266,-7.939329147338867
27.694644927978516,-11.92517375946045
26.248910903930664,-12.199498176574707
18.010204315185547,-6.8842034339904785
2.9021172523498535,1.7528362274169922
-14.191793441772461,7.057274341583252
-23.51506233215332,5.9768877029418945
-20.541128158569336,-1.5613937377929688
-3.3933539390563965,-10.401985168457031
22.208158493041992,-12.896373748779297
42.677886962890625,-8.301128387451172
50.295291900634766,-0.9440597295761108
46.42656707763672,2.654724359512329
31.58591651916504,-0.9465649724006653
11.618281364440918,-14.71977424621582
-2.1968908309936523,-31.107206344604492
-5.885654926300049,-39.469295501708984
-0.9945821166038513,-35.00661849975586
5.560808181762695,-18.915224075317383
6.567707538604736,0.4540756046772003
-0.7139947414398193,12.192399978637695
-14.914974212646484,11.031009674072266
-28.527847290039062,0.4991700053215027
-35.541072845458984,-10.207828521728516
-35.79013442993164,-12.686141967773438
-30.16022300720215,-7.0272111892700195
-21.257001876831055,4.999633312225342
-11.829347610473633,16.430021286010742
-3.52571439743042,22.49521827697754
4.138455390930176,23.10649871826172
11.596986770629883,22.07663345336914
17.639427185058594,24.815492630004883
20.484968185424805,29.883602142333984
20.95908546447754,32.70638656616211
18.63150405883789,26.835763931274414
14.801194190979004,8.708230972290039
10.342903137207031,-16.517913818359375
7.4224138259887695,-35.69409942626953
3.7843809127807617,-39.95197296142578
-3.0012831687927246,-27.745166778564453
-14.080101013183594,-3.7699756622314453
-28.188386917114258,18.091833114624023
-37.82460021972656,27.718236923217773
-41.959716796875,24.46538543701172
-37.63545608520508,13.636672973632812
-23.231969833374023,2.2092082500457764
-4.01548957824707,-3.1161067485809326
7.693606376647949,-3.4680936336517334
5.9860734939575195,-4.473323345184326
-6.9637451171875,-12.869024276733398
-23.68646240234375,-28.801546096801758
-31.913684844970703,-42.63926315307617
-28.630979537963867,-50.925777435302734
-13.730619430541992,-53.96359634399414
8.54685115814209,-44.75056076049805
26.113208770751953,-24.72467803955078
30.66753578186035,-7.141200065612793
20.96868896484375,-0.0064718821085989475
2.966627359390259,-4.362048625946045
-10.517643928527832,-13.758386611938477
-10.845622062683105,-19.77953338623047
1.7718342542648315,-17.880558013916016
21.188106536865234,-7.487132549285889
34.73646926879883,6.509043216705322
37.571571350097656,17.45299530029297
29.251237869262695,22.59292221069336
16.336700439453125,21.15553855895996
8.181920051574707,14.465700149536133
11.178610801696777,5.8587236404418945
24.721546173095703,-0.22839480638504028
39.2966423034668,-2.5142219066619873
45.017784118652344,-1.3657759428024292
37.390987396240234,2.021314859390259
15.290552139282227,4.233654975891113
-13.62581729888916,0.2645120918750763
-34.362770080566406,-11.734565734863281
-39.431297302246094,-28.142457962036133
-30.888622283935547,-45.1154899597168
-17.454666137695312,-55.95004653930664
-6.181065082550049,-57.33210754394531
-0.34321853518486023,-47.706539154052734
-4.359752178192139,-22.826120376586914
-14.149413108825684,4.119457244873047
-20.175153732299805,16.096614837646484
-18.60457420349121,9.343728065490723
-9.009068489074707,-11.261909484863281
2.834684371948242,-31.79802703857422
11.19385051727295,-39.671592712402344
12.42392635345459,-33.084468841552734
4.692114353179932,-14.648792266845703
-8.994245529174805,5.154749870300293
-20.88225746154785,12.340209007263184
-27.932851791381836,1.9653644561767578
-29.37775230407715,-19.42900848388672
-24.58208656311035,-37.30121612548828
-17.455291748046875,-42.38978576660156
-9.89175033569336,-34.2034797668457
-2.8641209602355957,-12.351900100708008
2.822366952896118,11.022241592407227
5.794839859008789,24.911945343017578
6.719692707061768,28.05748748779297
6.863953113555908,24.151811599731445
5.463103771209717,18.640274047851562
3.7733161449432373,11.753772735595703
1.6881173849105835,3.9739444255828857
-1.9069087505340576,-7.424083709716797
-5.908619403839111,-19.276395797729492
-10.157723426818848,-27.635770797729492
-13.510367393493652,-27.256017684936523
-14.020393371582031,-14.105780601501465
-9.46168327331543,9.704483032226562
-0.6812177896499634,33.49386978149414
9.162723541259766,45.1522331237793
17.366565704345703,43.37058639526367
19.87535858154297,29.896129608154297
17.320634841918945,9.070029258728027
11.848345756530762,-6.804662227630615
6.279187202453613,-11.990936279296875
5.424898624420166,-9.506568908691406
6.987336158752441,-4.732198238372803
6.93326473236084,-3.818201780319214
1.8083691596984863,-5.412580966949463
-9.784859657287598,-3.4998269081115723
-23.694395065307617,5.664566993713379
-30.4228572845459,21.819429397583008
-25.42489242553711,35.76466369628906
-11.12161636352539,36.32667541503906
8.354155540466309,16.600168228149414
22.46974754333496,-20.19122886657715
21.112531661987305,-49.59549331665039
11.525378227233887,-58.016456604003906
1.4989714622497559,-47.120731353759766
-10.660651206970215,-7.822835445404053
-16.79641342163086,35.979488372802734
-13.430825233459473,53.14396286010742
-8.857292175292969,49.755619049072266
-3.1411592960357666,29.719717025756836
3.024874210357666,4.722386360168457
3.9152798652648926,-5.52865743637085
0.22087907791137695,0.7937450408935547
-7.742249965667725,15.156521797180176
-14.178223609924316,24.85453224182129
-17.824398040771484,24.83407211303711
-19.642580032348633,17.31520652770996
-21.974544525146484,6.3338847160339355
-28.753318786621094,-1.5695358514785767
-39.261775970458984,-4.787731170654297
-47.939109802246094,-5.337632656097412
-49.8931999206543,-5.650788307189941
-42.231117248535156,-8.14100170135498
-21.64573097229004,-9.505942344665527
3.967472553253174,-6.300690174102783
20.332775115966797,1.872879147529602
20.213150024414062,13.665483474731445
6.608835697174072,24.962257385253906
-9.806779861450195,28.757495880126953
-18.726078033447266,21.194578170776367
-14.983659744262695,4.784599781036377
-0.11503248661756516,-16.547975540161133
16.44379997253418,-33.16902160644531
23.534894943237305,-37.89140701293945
19.703123092651367,-29.360631942749023
4.746603488922119,-7.233058929443359
-13.227900505065918,22.972259521484375
-21.37850570678711,45.28313446044922
-19.519195556640625,54.73270797729492
-15.291596412658691,56.371971130371094
-13.914129257202148,50.64811325073242
-19.87932586669922,35.92312240600586
-32.26984786987305,17.334205627441406
-45.115074157714844,5.273540019989014
-52.027252197265625,2.37142276763916
-50.350406646728516,5.878139019012451
-39.51605987548828,12.550440788269043
-17.918554306030273,17.852582931518555
4.948902130126953,15.881163597106934
18.001853942871094,5.036376953125
21.08184242248535,-10.585076332092285
15.301199913024902,-26.70632553100586
9.477758407592773,-37.25507736206055
9.71450424194336,-39.47952651977539
16.55131721496582,-35.500362396240234
27.187541961669922,-25.402973175048828
33.37487030029297,-13.873627662658691
31.944583892822266,-5.128653526306152
19.530052185058594,-1.2430188655853271
1.664526343345642,-2.776437520980835
-13.795965194702148,-6.443697929382324
-19.62838363647461,-10.8408203125
-13.469030380249023,-13.399927139282227
-2.7839531898498535,-12.028097152709961
5.368530750274658,-7.000488758087158
3.322998285293579,-0.2177475243806839
-10.432674407958984,4.246181011199951
-29.32117462158203,4.178956985473633
-42.319847106933594,-0.4757877290248871
-43.5369758605957,-9.062305450439453
-30.55333709716797,-19.02294921875
-7.554147720336914,-25.700679779052734
15.575732231140137,-24.09502601623535
26.532211303710938,-14.231042861938477
23.52967643737793,3.2353148460388184
9.610536575317383,23.749927520751953
-7.115938663482666,39.74758529663086
-13.21996784210205,47.622196197509766
-9.803857803344727,49.43620300292969
-0.844893753528595,45.147850036621094
7.502372741699219,31.827255249023438
8.075030326843262,11.503665924072266
-1.9069087505340576,-9.239133834838867
-17.53253746032715,-24.803800582885742
-29.147686004638672,-31.004074096679688
-31.038938522338867,-26.515300750732422
-21.176416397094727,-14.700358390808105
-2.4442837238311768,0.8901969194412231
16.24129295349121,12.001583099365234
27.24954605102539,12.57695484161377
30.10573387145996,1.74699068069458
26.691503524780273,-16.74672508239746
22.41567611694336,-31.588003158569336
20.76221466064453,-37.84568786621094
21.26785659790039,-32.22767639160156
20.873071670532227,-17.343599319458008
14.650879859924316,-1.252622365951538
1.996053695678711,9.093620300292969
-12.345010757446289,9.566485404968262
-23.4044132232666,3.469555139541626
-26.161436080932617,-0.012526223435997963
-17.317920684814453,3.1760239601135254
-0.3367466330528259,13.839179992675781
18.38849639892578,27.300695419311523
32.41598892211914,34.37321090698242
39.82942199707031,32.34145736694336
40.310848236083984,24.941381454467773
34.15024185180664,11.942084312438965
21.957216262817383,-2.9140172004699707
6.442445278167725,-12.491567611694336
-10.126825332641602,-17.42606544494629
-22.959314346313477,-21.667444229125977
-31.364410400390625,-27.91030502319336
-35.44587326049805,-35.165077209472656
-35.45463943481445,-39.698524475097656
-33.343345642089844,-39.81460189819336
-28.27627944946289,-32.657535552978516
-20.494779586791992,-17.98369026184082
-10.65522289276123,-2.338228464126587
-0.8451025485992432,5.399428844451904
4.615704536437988,2.229459047317505
5.594002723693848,-6.836186408996582
-0.8327850699424744,-16.317493438720703
-14.082189559936523,-20.230058670043945
-27.951223373413086,-15.810599327087402
-38.195796966552734,-7.010509490966797
-40.813148498535156,0.8906145095825195
-32.00408172607422,3.6820833683013916
-15.302660942077637,2.346579074859619
5.226149082183838,0.011899912729859352
23.94596290588379,-0.7269384860992432
35.3093376159668,0.2837189733982086
42.04405975341797,-1.0181732177734375
45.7474365234375,-5.934298515319824
47.8052864074707,-15.263829231262207
48.89277267456055,-24.669353485107422
47.98128128051758,-27.642662048339844
44.649932861328125,-22.555971145629883
34.12498092651367,-10.015968322753906
17.75425148010254,4.471444129943848
2.4918832778930664,12.450857162475586
-4.367476463317871,9.3414306640625
1.4977188110351562,-1.3394708633422852
15.29263973236084,-11.798449516296387
29.166059494018555,-10.696977615356445
36.35882568359375,3.2693443298339844
32.51264953613281,22.328201293945312
20.86597442626953,37.34088134765625
7.697364330291748,40.923587799072266
0.9192160367965698,31.679027557373047
2.1689155101776123,14.885537147521973
11.907636642456055,0.22776849567890167
24.739917755126953,-2.969132423400879
32.16045379638672,4.840550422668457
32.904090881347656,12.723511695861816
24.236364364624023,12.995330810546875
7.7769060134887695,-0.3947848081588745
-10.762531280517578,-21.886234283447266
-25.593788146972656,-35.262779235839844
-34.240848541259766,-33.74105453491211
-34.12727737426758,-14.675305366516113
-24.044921875,20.655532836914062
-5.638679504394531,49.77190399169922
12.081125259399414,57.798500061035156
23.914857864379883,51.45208740234375
29.996337890625,28.609893798828125
27.669801712036133,-8.94393253326416
19.849262237548828,-39.23234176635742
15.519155502319336,-50.169612884521484
22.079347610473633,-45.61591339111328
36.15339660644531,-28.42179298400879
47.318851470947266,-5.357674598693848
49.24851608276367,11.794692039489746
38.53630065917969,20.547807693481445
13.241888046264648,16.485763549804688
-16.55820655822754,0.693326473236084
-35.08490753173828,-19.21355628967285
-35.33188247680664,-35.39096450805664
-21.62151336669922,-45.7900276184082
-0.7595067024230957,-48.4140625
15.21957015991211,-41.23945999145508
17.491201400756836,-26.894428253173828
4.783138275146484,-11.080279350280762
-14.560690879821777,-1.6578456163406372
-25.20798110961914,-1.616926670074463
-24.502336502075195,-8.138496398925781
-12.702217102050781,-13.27904987335205
1.9991852045059204,-11.246252059936523
8.585890769958496,-1.2970904111862183
3.4808287620544434,10.575263977050781
-9.045394897460938,16.285551071166992
-20.69561767578125,11.348549842834473
-22.35576057434082,-4.412362098693848
-13.652539253234863,-21.797508239746094
-0.6183779239654541,-30.144773483276367
10.283403396606445,-22.810043334960938
10.25,-0.27244535088539124
0.19770556688308716,27.767505645751953
-10.524115562438965,46.222389221191406
-14.6389799118042,49.915958404541016
-12.84814739227295,41.93404006958008
-5.3111186027526855,24.87186050415039
4.1488938331604,7.3785719871521
7.119696617126465,0.12630608677864075
1.7407275438308716,4.05620002746582
-7.446213722229004,13.90661334991455
-14.978649139404297,22.312753677368164
-17.997678756713867,23.268085479736328
-17.83755111694336,18.628374099731445
-19.9488468170166,9.189446449279785
-27.478567123413086,0.9572122693061829
-39.25300979614258,-4.054320812225342
-48.677947998046875,-5.096293926239014
-50.668365478515625,-4.302757740020752
-42.021514892578125,-6.242234706878662
-20.924846649169922,-6.790674686431885
3.7468020915985107,-5.696926593780518
20.242168426513672,0.4661842882633209
19.81627655029297,11.659826278686523
6.809046268463135,23.922998428344727
-7.89882755279541,30.125150680541992
-16.944639205932617,24.40484046936035
-14.359853744506836,6.850591659545898
-1.2519960403442383,-18.568246841430664
13.741267204284668,-37.23628616333008
21.96619415283203,-40.08287048339844
20.048011779785156,-26.122812271118164
6.210292816162109,2.4361417293548584
-12.170896530151367,29.247270584106445
-23.268712997436523,39.40081787109375
-26.026151657104492,33.853370666503906
-15.158400535583496,16.575117111206055
7.212390899658203,-0.18455302715301514
26.068115234375,-4.139708042144775
33.37528610229492,4.797752380371094
23.519237518310547,20.29290008544922
-2.3889596462249756,33.022674560546875
-30.391958236694336,34.17654800415039
-46.972293853759766,26.122394561767578
-50.75082778930664,16.442338943481445
-41.8192138671875,9.64456558227539
-19.73944854736328,12.129977226257324
2.160147190093994,22.987916946411133
12.773407936096191,34.95860290527344
10.112211227416992,42.14844512939453
-2.692094087600708,41.70209503173828
-16.2410831451416,34.45755386352539
-24.50275421142578,22.694175720214844
-24.819250106811523,9.875465393066406
-20.984973907470703,0.4071022570133209
-19.97494125366211,-5.5069451332092285
-23.884794235229492,-7.933274745941162
-29.81930160522461,-5.668951034545898
-32.73999786376953,0.7536610960960388
-27.129920959472656,9.535796165466309
-14.584073066711426,16.599332809448242
1.7595168352127075,18.60039710998535
15.11936092376709,11.8203706741333
18.93192481994629,-3.341578960418701
13.61558723449707,-20.825681686401367
1.596467137336731,-33.45315933227539
-11.314102172851562,-37.30288314819336
-19.957822799682617,-33.23812484741211
-22.04364776611328,-25.64305877685547
-19.29414176940918,-21.070987701416016
-12.23457145690918,-24.787935256958008
-5.101513385772705,-34.76820373535156
-0.3935321867465973,-43.06766128540039
3.202537775039673,-44.723209381103516
4.8979620933532715,-35.684288024902344
3.1975274085998535,-15.794524192810059
-0.01941564679145813,7.9412078857421875
-3.9221694469451904,22.75284194946289
-5.388363838195801,23.18395233154297
-1.7317503690719604,10.84269905090332
5.413207530975342,-8.380043029785156
12.922052383422852,-22.715471267700195
16.121667861938477,-25.709447860717773
13.194497108459473,-17.177001953125
2.107954740524292,-0.7513646483421326
-12.206804275512695,15.37781810760498
-21.965986251831055,23.738445281982422
-24.533235549926758,22.97747802734375
-18.66657829284668,15.432516098022461
-6.690047264099121,4.093778610229492
3.2248761653900146,-4.8232221603393555
7.011136054992676,-8.383801460266113
2.4783132076263428,-6.253090858459473
-3.761207342147827,-0.317122220993042
-4.512154579162598,6.5299201011657715
2.856813907623291,11.55356216430664
17.489948272705078,11.67172622680664
32.1456298828125,7.503834247589111
40.15656661987305,-0.832576334476471
36.85841369628906,-10.753763198852539
21.1181697845459,-20.641754150390625
-2.4006507396698,-28.100704193115234
-21.683101654052734,-31.17317771911621
-31.14687156677246,-31.52683448791504
-28.327219009399414,-33.33186340332031
-15.664042472839355,-37.35194396972656
-0.13110780715942383,-41.364723205566406
12.286555290222168,-42.34740447998047
19.293516159057617,-37.92042922973633
22.718393325805664,-25.61195182800293
25.66205596923828,-4.897127151489258
28.67315101623535,18.31417465209961
31.33685302734375,34.15128707885742
30.69968605041504,40.30145263671875
24.83699607849121,38.095794677734375
9.505733489990234,25.84264373779297
-11.501996040344238,4.112985610961914
-25.1868953704834,-19.593936920166016
-25.837215423583984,-36.34295654296875
-12.535826683044434,-47.35037612915039
6.823033809661865,-51.69927215576172
22.34218978881836,-48.579200744628906
27.397563934326172,-40.374732971191406
15.415605545043945,-27.16729164123535
-14.312880516052246,-7.309468746185303
-42.23571014404297,11.83749008178711
-51.32390594482422,24.45452880859375
-47.23555374145508,31.61180305480957
-32.46254348754883,34.053375244140625
-10.589460372924805,32.0821647644043
3.3271737098693848,27.603620529174805
-1.9213138818740845,22.504613876342773
-21.600845336914062,19.460323333740234
-38.89162826538086,17.004348754882812
-44.309635162353516,13.237295150756836
-32.0844612121582,4.949528217315674
0.3233853280544281,-8.411776542663574
32.69657516479492,-22.83718490600586
45.68793869018555,-33.80598068237305
42.57392120361328,-40.245086669921875
29.23036003112793,-43.18144226074219
7.782751560211182,-38.627113342285156
-9.194457054138184,-26.58440399169922
-12.474448204040527,-13.380721092224121
-5.258508682250977,-2.8655824661254883
5.111742973327637,3.220074415206909
9.325982093811035,5.304020404815674
6.3405656814575195,6.314469337463379
1.8081603050231934,9.665233612060547
1.8340479135513306,16.37699317932129
9.28631591796875,22.29772186279297
16.337326049804688,25.300466537475586
15.315604209899902,24.974367141723633
0.28601542115211487,20.716495513916016
-28.754364013671875,13.248568534851074
-51.93351364135742,9.69404411315918
-59.07826232910156,11.010550498962402
-54.471534729003906,13.888032913208008
-30.77400779724121,17.975547790527344
8.028891563415527,16.72960662841797
36.223960876464844,5.16664981842041
41.378501892089844,-11.978200912475586
26.923446655273438,-26.807371139526367
2.502530574798584,-32.65398406982422
-16.254444122314453,-24.409015655517578
-18.8730525970459,-3.9747793674468994
-5.528239727020264,20.480792999267578
13.399927139282227,35.32499313354492
25.803394317626953,36.17280960083008
26.919063568115234,27.494016647338867
15.320823669433594,11.902626037597656
-0.928819477558136,-1.9279946088790894
-10.134132385253906,-5.88001823425293
-9.34351921081543,-0.2647208571434021
-2.1467859745025635,8.523051261901855
6.239938259124756,12.988441467285156
10.647290229797363,9.093411445617676
11.225375175476074,-1.4231877326965332
12.456494331359863,-10.737895965576172
17.40184783935547,-13.749617576599121
23.913604736328125,-9.24122142791748
28.10487937927246,1.190617561340332
25.980640411376953,11.0548095703125
15.713312149047852,15.93815803527832
3.419450283050537,14.72227954864502
-4.450984954833984,10.990091323852539
-1.245315432548523,9.010530471801758
13.227482795715332,10.174842834472656
29.69738006591797,14.888460159301758
39.12670135498047,18.58035659790039
35.19660186767578,18.208744049072266
18.70707893371582,12.313069343566895
-2.6350998878479004,1.2791361808776855
-17.232742309570312,-9.284228324890137
-17.81730079650879,-16.828771591186523
-7.170010089874268,-20.196239471435547
6.590045928955078,-20.19561195373535
13.416837692260742,-18.714595794677734
8.257494926452637,-15.527506828308105
-6.39839506149292,-9.912418365478516
-22.424236297607422,-3.105250835418701
-29.624935150146484,3.435107946395874
-25.654123306274414,5.541601181030273
-11.291346549987793,0.28601542115211487
6.351630210876465,-11.105332374572754
18.397682189941406,-23.440113067626953
21.44823455810547,-30.632253646850586
17.20121955871582,-28.699039459228516
7.200699329376221,-15.00161361694336
-4.228435516357422,5.164353370666504
-12.221000671386719,22.350122451782227
-16.34964370727539,28.866682052612305
-16.361125946044922,24.033855438232422
-11.57590103149414,13.712874412536621
-2.8342669010162354,5.609451770782471
9.752708435058594,4.468521595001221
22.25575828552246,7.944756984710693
31.517648696899414,10.275469779968262
36.77970504760742,5.082515239715576
37.91938400268555,-10.262317657470703
34.831459045410156,-28.08254051208496
29.048728942871094,-39.767417907714844
23.546586990356445,-38.47721862792969
14.803699493408203,-22.011497497558594
1.1843544244766235,6.422403335571289
-13.004934310913086,31.177770614624023
-21.6275691986084,39.516475677490234
-23.264745712280273,32.73352813720703
-13.415167808532715,16.164047241210938
6.394428253173828,-0.13653583824634552
24.92509651184082,-5.045980453491211
33.33332443237305,4.1983723640441895
24.638872146606445,19.448841094970703
-0.45741593837738037,32.80513381958008
-28.77607536315918,34.821022033691406
-46.33763122558594,27.165828704833984
-50.7529182434082,17.683895111083984
-41.95136642456055,10.663365364074707
-18.79726791381836,12.704931259155273
4.268310546875,23.44324493408203
14.640023231506348,34.57488250732422
10.68632984161377,41.25428009033203
-2.7618234157562256,41.5273551940918
-15.716861724853516,34.76632308959961
-22.65304946899414,24.756410598754883
-22.241979598999023,13.333330154418945
-19.649887084960938,2.2298765182495117
-21.16263771057129,-6.280022144317627
-26.554550170898438,-9.73663330078125
-30.85835075378418,-6.0885796546936035
-30.25897216796875,3.9369919300079346
-22.190414428710938,14.767790794372559
-11.562539100646973,19.43464469909668
-3.7632951736450195,12.99428653717041
-1.3559637069702148,-2.4234066009521484
-2.806917905807495,-16.731903076171875
-4.054112434387207,-20.33235740661621
-4.691905975341797,-8.47127628326416
-7.4568610191345215,14.696392059326172
-14.185321807861328,34.13896942138672
-22.804616928100586,39.9444580078125
-32.597198486328125,29.890073776245117
-35.67405700683594,4.462884426116943
-24.475614547729492,-24.76538848876953
-3.3929364681243896,-44.073726654052734
17.727529525756836,-49.173988342285156
32.143959045410156,-44.64450454711914
37.789737701416016,-38.45655059814453
33.919551849365234,-36.83858108520508
22.844282150268555,-39.97368240356445
10.641026496887207,-44.394813537597656
3.917576313018799,-45.43386459350586
5.164144515991211,-40.024208068847656
12.541672706604004,-27.954147338867188
22.191457748413086,-15.824795722961426
29.909072875976562,-6.600484848022461
34.05149459838867,-1.6689105033874512
33.78593826293945,2.0847811698913574
29.192989349365234,9.745610237121582
22.414215087890625,22.92528533935547
14.36131477355957,37.66865158081055
5.857053279876709,45.80088424682617
-0.03883129358291626,45.676246643066406
-4.304845333099365,33.2638053894043
-7.1988205909729,10.735808372497559
-8.711153030395508,-10.504490852355957
-11.291346549987793,-22.17559051513672
-15.393058776855469,-20.67035675048828
-20.66367530822754,-10.542695999145508
-22.852006912231445,0.5699431896209717
-21.043846130371094,8.474408149719238
-14.132293701171875,10.796560287475586
-2.344074010848999,9.104059219360352
11.986343383789062,7.00570821762085
24.607139587402344,7.194645404815674
32.142913818359375,9.733293533325195
34.70536422729492,10.043107986450195
32.77298355102539,6.410712242126465
25.529905319213867,-1.3649407625198364
14.802656173706055,-11.297192573547363
3.9530673027038574,-19.282241821289062
-5.139509677886963,-22.22089385986328
-7.815319538116455,-19.751976013183594
-2.3392722606658936,-11.785715103149414
10.011584281921387,-1.1077356338500977
26.22010040283203,8.57733154296875
37.89955139160156,16.278453826904297
39.517730712890625,19.575773239135742
31.095306396484375,18.210206985473633
12.021625518798828,9.981103897094727
-11.503665924072266,-4.819046974182129
-27.804248809814453,-17.54965591430664
-31.438106536865234,-22.71881103515625
-22.196258544921875,-20.861799240112305
-2.3678736686706543,-12.107430458068848
18.724407196044922,-2.9555623531341553
30.895095825195312,-2.2208993434906006
33.05336380004883,-12.345637321472168
25.01528549194336,-26.93952178955078
11.299905776977539,-36.803924560546875
-2.9490904808044434,-33.76213836669922
-14.862990379333496,-12.849191665649414
-22.046154022216797,18.353004455566406
-24.32279396057129,42.28017807006836
-25.395666122436523,48.48462677001953
-32.394901275634766,34.65275192260742
-39.55948257446289,2.878108501434326
-42.00502014160156,-26.39651107788086
-42.4100341796875,-35.906211853027344
-42.93029022216797,-28.21824073791504
-41.351985931396484,-3.6104750633239746
-32.97653579711914,26.681482315063477
-21.84552574157715,42.588951110839844
-13.80118465423584,40.8494758605957
-8.819296836853027,23.788341522216797
-8.246012687683105,1.4311209917068481
-13.258798599243164,-10.310334205627441
-21.549070358276367,-8.285053253173828
-29.910741806030273,4.8979620933532715
-34.053375244140625,18.418350219726562
-32.41264724731445,22.196258544921875
-27.770219802856445,16.213525772094727
-21.397920608520508,4.710695266723633
-15.024995803833008,-4.348269462585449
-11.98425579071045,-4.186681270599365
-9.939558029174805,3.867262601852417
-5.101513385772705,14.393674850463867
2.5467898845672607,20.99603843688965
12.317453384399414,22.000850677490234
18.94173812866211,20.193525314331055
16.33127212524414,17.72899055480957
5.871458530426025,15.906424522399902
-10.621193885803223,13.147732734680176
-24.721336364746094,5.432414531707764
-28.505718231201172,-7.9476799964904785
-19.458234786987305,-24.117572784423828
-2.206702947616577,-35.963623046875
12.733532905578613,-36.164669036865234
16.354446411132812,-24.459747314453125
3.5296809673309326,-3.7044217586517334
-21.381427764892578,17.275123596191406
-42.57099533081055,25.10422134399414
-51.43100357055664,21.22547721862793
-50.837467193603516,11.308674812316895
-37.01353073120117,0.5227610468864441
-12.60680866241455,-0.7039737701416016
7.1023688316345215,6.835977554321289
11.904088020324707,17.318965911865234
2.372257947921753,22.365989685058594
-13.653165817260742,15.795358657836914
-25.05119514465332,-2.1396877765655518
-23.591888427734375,-21.942604064941406
-9.66105842590332,-32.38007736206055
10.893013000488281,-27.070213317871094
29.118877410888672,-6.668543815612793
36.1941032409668,18.916685104370117
31.04541015625,35.66508102416992
19.56721305847168,40.1037483215332
6.630756378173828,30.81597137451172
-2.3670387268066406,8.796331405639648
-2.688962697982788,-13.553373336791992
3.7570319175720215,-25.621137619018555
9.47420883178711,-27.04724884033203
9.401348114013672,-20.196239471435547
2.0340499877929688,-10.090916633605957
-11.772353172302246,-5.258508682250977
-24.521543502807617,-7.426589012145996
-31.58278465270996,-14.664867401123047
-30.091747283935547,-21.715669631958008
-19.971811294555664,-24.71402931213379
-5.145981311798096,-21.443641662597656
8.55708122253418,-10.949798583984375
14.808501243591309,1.0225573778152466
13.721224784851074,10.00782585144043
6.369375705718994,12.704304695129395
-2.7956442832946777,10.244780540466309
-8.586099624633789,4.993161201477051
-10.54979419708252,-1.759725570678711
-6.582739353179932,-6.135552883148193
1.6749647855758667,-9.664608001708984
9.960643768310547,-16.07072639465332
15.06027889251709,-23.132177352905273
16.45737075805664,-31.481948852539062
13.23687744140625,-37.297874450683594
6.337851524353027,-35.961952209472656
-1.7079505920410156,-25.928237915039062
-8.488186836242676,-7.756655216217041
-9.963775634765625,11.119319915771484
-3.307758092880249,21.986236572265625
10.191335678100586,20.072647094726562
25.759761810302734,5.509659290313721
36.55632019042969,-13.699095726013184
38.085357666015625,-26.619478225708008
32.7811279296875,-26.24911880493164
19.664918899536133,-12.052314758300781
3.895237922668457,10.336639404296875
-5.6411848068237305,29.0460147857666
-5.863733768463135,32.5571174621582
1.5693269968032837,17.566984176635742
11.307421684265137,-12.452735900878906
14.177597045898438,-42.42402267456055
7.561872482299805,-57.73920822143555
-1.220262885093689,-60.16261672973633
-6.5023627281188965,-51.49968719482422
-5.626988410949707,-27.453516006469727
5.702145576477051,8.094862937927246
23.099609375,35.94023895263672
35.840240478515625,45.11945724487305
40.33506393432617,44.24575424194336
38.52335739135742,38.40999221801758
28.5048828125,24.61235809326172
15.939827919006348,4.094613552093506
9.072325706481934,-12.44229793548584
10.326201438903809,-19.559906005859375
16.307682037353516,-16.978878021240234
17.70289421081543,-11.561286926269531
8.340376853942871,-4.10442590713501
-9.340596199035645,1.905864953994751
-27.616147994995117,5.5633134841918945
-37.66176223754883,11.80888843536377
-34.13917922973633,22.697935104370117
-18.990381240844727,38.39057922363281
0.46848076581954956,51.43079376220703
14.55129623413086,54.87675857543945
18.999984741210938,51.68988037109375
14.946290016174316,37.46092224121094
6.160605430603027,10.033713340759277
-2.0463674068450928,-13.9498291015625
-5.708199977874756,-21.625272750854492
-5.417382717132568,-10.186742782592773
-6.395054817199707,13.967156410217285
-12.619752883911133,35.338356018066406
-22.225278854370117,41.33152770996094
-31.978612899780273,30.53183364868164
-35.166744232177734,5.436798572540283
-24.894617080688477,-24.16788673400879
-4.2482686042785645,-44.06746292114258
16.5097713470459,-49.45874786376953
30.734342575073242,-45.68585205078125
36.62521743774414,-40.00687789916992
33.629150390625,-37.55382537841797
21.839262008666992,-40.861167907714844
9.90323257446289,-44.98751449584961
3.248467206954956,-44.997745513916016
4.175825119018555,-39.43380355834961
12.097826957702637,-28.22304344177246
21.965150833129883,-16.631067276000977
29.925565719604492,-8.739545822143555
34.41642379760742,-3.4655885696411133
34.075294494628906,1.3918721675872803
30.532461166381836,10.201773643493652
24.093355178833008,23.509424209594727
14.566953659057617,36.79745101928711
7.025123596191406,43.94658660888672
1.1741247177124023,44.55452346801758
-3.0879228115081787,36.58387756347656
-4.51987886428833,20.924846649169922
-4.849527359008789,3.586884021759033
-3.8749871253967285,-10.217432022094727
-1.6160916090011597,-17.002887725830078
2.026742935180664,-17.369279861450195
9.362308502197266,-15.037104606628418
18.287450790405273,-13.29804801940918
26.58816146850586,-14.488873481750488
29.628902435302734,-19.71335220336914
25.15975570678711,-26.3858642578125
12.80305290222168,-30.597179412841797
-4.650569438934326,-28.266258239746094
-21.287273406982422,-16.936498641967773
-31.895523071289062,1.9202700853347778
-32.79240036010742,23.016517639160156
-24.812570571899414,39.31083679199219
-14.042313575744629,46.09879684448242
-4.662468910217285,41.518585205078125
3.295649290084839,26.909250259399414
6.7073750495910645,8.311984062194824
6.448290824890137,-5.853713035583496
3.699620008468628,-7.909474849700928
-0.9701560139656067,0.04801718890666962
-6.183778762817383,11.865882873535156
-9.250616073608398,21.29520606994629
-8.2019624710083,24.41006088256836
-3.6791605949401855,21.16138458251953
3.869767904281616,15.1483793258667
7.74705171585083,11.2518892288208
6.07563591003418,11.805338859558105
-1.9127542972564697,14.19242000579834
-11.373810768127441,14.802656173706055
-14.735640525817871,12.133109092712402
-8.796122550964355,6.323446273803711
4.836374759674072,2.795226812362671
18.937978744506836,4.286264896392822
25.696712493896484,12.205343246459961
17.166980743408203,22.165151596069336
-5.223852634429932,26.825117111206055
-32.955867767333984,20.18788719177246
-51.03225326538086,3.8935678005218506
-54.34710693359375,-12.19323444366455
-43.82424545288086,-24.827392578125
-20.6131534576416,-25.343473434448242
8.294239044189453,-6.777939319610596
25.422388076782227,19.64759063720703
23.195016860961914,37.617919921875
7.432852268218994,41.20417785644531
-19.210216522216797,25.64180564880371
-39.92253494262695,-2.5910494327545166
-46.35809326171875,-24.386260986328125
-41.396663665771484,-33.923099517822266
-25.807987213134766,-30.033498764038086
-3.1572346687316895,-9.872960090637207
15.57781982421875,16.253400802612305
21.187898635864258,32.65022659301758
16.394529342651367,34.68949508666992
2.8716366291046143,25.644309997558594
-10.462945938110352,9.738720893859863
-17.118755340576172,-4.252861499786377
-15.375103950500488,-9.820768356323242
-6.576267242431641,-6.132421493530273
1.57162344455719,3.1346874237060547
5.661644458770752,14.057971954345703
5.046189308166504,24.512983322143555
3.416944980621338,31.778820037841797
6.140563488006592,36.483253479003906
14.288662910461426,37.58806610107422
25.96456527709961,35.245033264160156
33.616416931152344,30.400100708007812
28.800918579101562,25.2042236328125
10.30073070526123,21.583934783935547
-15.701203346252441,18.799774169921875
-35.89744186401367,18.27701187133789
-40.75886917114258,17.742351531982422
-26.428869247436523,16.218536376953125
0.6428040266036987,9.519721031188965
25.320091247558594,-4.328436374664307
35.14044189453125,-17.902687072753906
27.452680587768555,-27.109460830688477
9.980268478393555,-29.252071380615234
-5.328655242919922,-24.075193405151367
-6.183361530303955,-16.372608184814453
10.700108528137207,-12.134361267089844
32.98050308227539,-15.366962432861328
44.44095230102539,-24.490018844604492
39.73297119140625,-35.01476287841797
21.37934112548828,-41.84238815307617
-7.075019836425781,-38.622520446777344
-31.811180114746094,-22.547618865966797
-39.90562438964844,-0.11252724379301071
-34.7272834777832,20.625261306762695
-26.163522720336914,31.719945907592773
-24.32488250732422,30.378387451171875
-32.21243667602539,18.426700592041016
-42.08769226074219,2.2964742183685303
-45.43741226196289,-8.640379905700684
-35.40933609008789,-11.027461051940918
-6.339939117431641,-1.797095537185669
30.568161010742188,14.92353343963623
52.17756652832031,24.90985679626465
56.83272933959961,27.302574157714844
51.83100891113281,26.877517700195312
36.08909225463867,19.58662986755371
16.152982711791992,2.1649489402770996
4.78167724609375,-13.205562591552734
4.305680751800537,-16.58242416381836
8.264176368713379,-6.723241806030273
9.087566375732422,13.56861400604248
3.457028865814209,34.19596481323242
-6.200898170471191,46.429908752441406
-13.526442527770996,48.719703674316406
-17.03942108154297,42.14865493774414
-14.497015953063965,28.72096061706543
-6.246618747711182,11.262744903564453
2.048454999923706,-3.8843817710876465
4.588564395904541,-14.460480690002441
1.9987677335739136,-22.030912399291992
-3.3693454265594482,-24.172897338867188
-11.172555923461914,-23.189380645751953
-19.051342010498047,-18.84779167175293
-26.593172073364258,-10.939777374267578
-33.80744171142578,-1.9367629289627075
-38.69517517089844,5.801102638244629
-37.78430938720703,8.106136322021484
-29.215328216552734,3.3146474361419678
-12.571944236755371,-6.389626502990723
4.912993431091309,-14.166950225830078
15.40057373046875,-15.37009334564209
15.408716201782227,-7.309468746185303
6.3681230545043945,7.578574180603027
-3.438239574432373,17.991622924804688
-8.091732025146484,18.00206184387207
-3.5952348709106445,3.1883413791656494
9.045394897460938,-21.869741439819336
19.492891311645508,-43.703369140625
21.964523315429688,-53.2343635559082
20.637996673583984,-52.747093200683594
18.07471466064453,-41.717124938964844
12.09218978881836,-19.950725555419922
8.428478240966797,-0.5471872091293335
7.827219486236572,7.737448215484619
5.94411039352417,4.046387672424316
-0.2242193967103958,-6.5614447593688965
-11.75168514251709,-16.690567016601562
-23.079566955566406,-21.63132667541504
-29.233491897583008,-20.76910400390625
-27.246414184570312,-20.65887451171875
-20.218786239624023,-23.57205581665039
-14.00306510925293,-31.58988380432129
-13.058796882629395,-41.057621002197266
-18.369707107543945,-45.45599365234375
-24.163501739501953,-43.03467559814453
-25.365394592285156,-31.119524002075195
-16.664260864257812,-11.22579288482666
2.027369260787964,9.900518417358398
18.791213989257812,21.72047233581543
25.1501522064209,20.22504997253418
16.94171714782715,8.212818145751953
-3.8292665481567383,-10.704492568969727
-23.655147552490234,-27.76875877380371
-32.05460739135742,-37.28931427001953
-27.61301612854004,-40.86241912841797
-13.770495414733887,-41.51023483276367
2.589796781539917,-37.863224029541016
13.47070026397705,-31.55585289001465
17.23900604248047,-24.145339965820312
16.225217819213867,-12.918920516967773
15.507046699523926,3.264333724975586
18.370960235595703,23.51109504699707
20.79916763305664,41.131107330322266
20.775785446166992,50.44101333618164
15.880119323730469,53.433528900146484
5.185647964477539,47.28294372558594
-2.7522201538085938,26.1833553314209
-1.2135822772979736,-5.660182952880859
12.239998817443848,-33.87362289428711
28.190265655517578,-46.85642623901367
38.88870620727539,-46.421138763427734
45.61591339111328,-37.024803161621094
42.87893295288086,-19.064912796020508
28.369600296020508,3.466841220855713
13.350239753723145,19.044452667236328
8.011772155761719,22.781024932861328
15.619365692138672,16.646099090576172
27.10340690612793,3.9085991382598877
32.128509521484375,-7.89569616317749
27.020734786987305,-14.505784034729004
11.27464485168457,-15.108922004699707
-8.644347190856934,-9.283601760864258
-23.31151008605957,-2.10148286819458
-27.387126922607422,2.2927165031433105
-20.568893432617188,2.670382022857666
-9.957512855529785,-1.6018952131271362
-1.5492850542068481,-8.028891563415527
2.453260898590088,-12.866101264953613
3.562666654586792,-16.170101165771484
7.7892231941223145,-16.36050033569336
15.707467079162598,-15.457359313964844
24.346803665161133,-16.94735336303711
29.528902053833008,-19.881622314453125
25.48877716064453,-25.774791717529297
12.732070922851562,-30.306154251098633
-5.467696666717529,-28.197364807128906
-22.66849708557129,-16.912906646728516
-32.26483917236328,1.5023117065429688
-32.03122329711914,23.207124710083008
-23.76495933532715,40.506675720214844
-12.51724624633789,46.48606872558594
-3.363917350769043,41.43382263183594
3.487926959991455,26.484403610229492
6.7660393714904785,7.805507183074951
6.303822040557861,-5.637635707855225
3.4465904235839844,-7.870852470397949
-1.221724271774292,-0.05782939866185188
-6.040979862213135,11.663583755493164
-8.625140190124512,20.542797088623047
-7.3727264404296875,24.16872215270996
-2.6386489868164062,22.919231414794922
3.6426258087158203,17.218130111694336
8.027012825012207,12.162962913513184
9.154998779296875,7.121158123016357
7.787344455718994,0.2415473461151123
7.828472137451172,-9.49258041381836
12.344801902770996,-21.67015838623047
18.554677963256836,-30.42473602294922
22.0872802734375,-31.67589569091797
16.76238250732422,-21.262845993041992
0.13089904189109802,1.2722467184066772
-21.021299362182617,26.23262596130371
-34.465694427490234,40.23527526855469
-38.28160095214844,42.98143768310547
-36.57469177246094,37.74088668823242
-26.83806037902832,26.910085678100586
-13.671120643615723,18.102062225341797
-6.860404014587402,18.1317081451416
-9.68966007232666,29.383806228637695
-16.684511184692383,43.76286697387695
-19.066164016723633,52.31932067871094
-16.723342895507812,53.304927825927734
-9.79822063446045,45.15077209472656
1.8674511909484863,28.431812286376953
8.86251163482666,10.350001335144043
4.149102687835693,0.39040061831474304
-8.677541732788086,2.9925148487091064
-22.639060974121094,11.877156257629395
-28.458953857421875,18.770336151123047
-23.461408615112305,17.826486587524414
-9.627863883972168,4.3474345207214355
8.767729759216309,-18.28390121459961
19.497901916503906,-39.67493438720703
19.702287673950195,-50.990081787109375
15.30474853515625,-52.67110061645508
11.023077011108398,-45.332401275634766
7.1272125244140625,-26.89693260192871
5.313832759857178,-4.1520256996154785
5.365816593170166,13.10180377960205
1.9645293951034546,20.214818954467773
-7.335982799530029,17.58368682861328
-21.91421127319336,6.721153736114502
-33.568607330322266,-6.2315874099731445
-37.66885757446289,-16.980756759643555
-32.66358947753906,-26.28982925415039
-18.01270866394043,-30.979021072387695
2.247204542160034,-30.784029006958008
20.2463436126709,-26.537221908569336
29.465852737426758,-18.928585052490234
28.34099769592285,-13.548989295959473
19.17034149169922,-10.725370407104492
6.2253241539001465,-10.46983528137207
-5.933045864105225,-13.60598373413086
-14.565492630004883,-15.348173141479492
-17.265520095825195,-11.771936416625977
-11.30512523651123,-1.138007402420044
2.151170015335083,13.148150444030762
20.637371063232422,24.1357364654541
37.351112365722656,25.733247756958008
47.13283920288086,16.813323974609375
47.68962860107422,-0.14405156672000885
33.708274841308594,-21.039670944213867
6.313216686248779,-36.32145690917969
-24.757036209106445,-36.910606384277344
-46.16978073120117,-23.987300872802734
-52.780494689941406,-9.905946731567383
-45.200042724609375,-2.0100412368774414
-22.68394660949707,-2.412968158721924
5.494001388549805,-11.431431770324707
24.60379981994629,-21.37265968322754
30.236215591430664,-25.072280883789062
24.86016845703125,-18.84278106689453
14.778647422790527,-4.8701958656311035
9.143098831176758,7.327005863189697
11.511808395385742,7.784630298614502
20.868270874023438,-6.585870742797852
29.453535079956055,-28.475236892700195
29.076913833618164,-44.91674041748047
24.023834228515625,-50.14122009277344
14.381357192993164,-44.42633819580078
-0.026931380853056908,-27.010713577270508
-10.391755104064941,-8.397997856140137
-11.236648559570312,-1.6146302223205566
-0.8739128708839417,-8.770235061645508
14.530001640319824,-25.509862899780273
26.181894302368164,-37.86823654174805
33.00910568237305,-39.070960998535156
36.27406311035156,-28.256864547729492
33.63603973388672,-5.02739953994751
26.69463539123535,20.095401763916016
20.41085433959961,36.64442443847656
18.2354679107666,41.35428237915039
19.61355972290039,38.0358772277832
21.73090934753418,32.68989562988281
21.027563095092773,28.883174896240234
14.769043922424316,27.221153259277344
3.824464797973633,25.666648864746094
-9.924736022949219,22.708581924438477
-20.32859992980957,17.4003849029541
-22.949085235595703,10.286325454711914
-15.381576538085938,5.847240924835205
0.6016762852668762,2.5670406818389893
18.793302536010742,0.5734922885894775
31.835187911987305,-2.6092123985290527
33.54230499267578,-9.087357521057129
24.692110061645508,-18.564489364624023
8.779004096984863,-28.8420467376709
-6.244531154632568,-32.859832763671875
-11.61702823638916,-29.737045288085938
-4.750988006591797,-18.357807159423828
12.09803581237793,-3.776865243911743
29.730573654174805,7.5844197273254395
38.76615524291992,10.717436790466309
37.626060485839844,5.249740123748779
26.921777725219727,-7.369594573974609
11.950434684753418,-24.61152458190918
2.5252866744995117,-39.415016174316406
1.9250717163085938,-48.86250305175781
8.860841751098633,-50.841644287109375
17.576169967651367,-45.78522491455078
21.36598014831543,-32.61786651611328
15.44525146484375,-9.987157821655273
-0.7060614824295044,14.02540397644043
-16.07866096496582,28.382543563842773
-22.3682861328125,29.83370590209961
-17.907489776611328,18.26386070251465
-3.982712745666504,-3.7173655033111572
10.489876747131348,-23.531763076782227
14.379478454589844,-30.87380027770996
3.65849232673645,-20.781421661376953
-22.60753631591797,4.495870590209961
-44.89544677734375,28.727432250976562
-52.343955993652344,40.66179275512695
-54.765899658203125,40.68037033081055
-54.66130828857422,29.344139099121094
-43.29521942138672,3.5641281604766846
-16.506013870239258,-26.414464950561523
5.397340774536133,-43.11567687988281
15.568842887878418,-44.3273811340332
15.930015563964844,-33.70660400390625
7.703835964202881,-14.38803768157959
-1.9983501434326172,8.206555366516113
-8.365846633911133,25.511533737182617
-8.99090576171875,33.702640533447266
-6.701529502868652,36.49911880493164
-4.976668357849121,34.79033279418945
-6.667291164398193,30.75751495361328
-11.489887237548828,28.416990280151367
-17.87429428100586,26.961442947387695
-22.800857543945312,26.17270851135254
-23.88896942138672,27.226581573486328
-20.817121505737305,27.39777374267578
-14.147534370422363,26.24911880493164
-7.7796196937561035,23.412763595581055
-3.5361528396606445,20.283714294433594
-4.0365753173828125,19.93318748474121
-8.162296295166016,21.713790893554688
-11.803877830505371,24.77394676208496
-12.056072235107422,26.094837188720703
-8.145176887512207,21.943647384643555
1.9651557207107544,12.090728759765625
12.610774993896484,-0.26242437958717346
20.18600845336914,-11.942084312438965
23.043657302856445,-18.070539474487305
19.493309020996094,-19.386627197265625
11.858993530273438,-17.71646499633789
2.3430299758911133,-17.762601852416992
-5.703607082366943,-22.862653732299805
-13.229988098144531,-30.76252555847168
-19.680158615112305,-36.28909683227539
-26.43889045715332,-34.41621780395508
-33.27132034301758,-21.669740676879883
-36.566551208496094,0.06659775227308273
-32.47799301147461,21.970996856689453
-20.070768356323242,36.16278839111328
-5.760810375213623,37.36530685424805
6.839944362640381,26.206947326660156
9.533082008361816,11.69260311126709
-0.2175387442111969,-0.06993807852268219
-17.013742446899414,-4.525933265686035
-32.214942932128906,-3.3624558448791504
-36.20016098022461,-4.1361589431762695
-26.085651397705078,-11.573395729064941
-1.7279925346374512,-26.353294372558594
23.756608963012695,-38.31145477294922
36.224586486816406,-41.48664474487305
39.601654052734375,-32.36796951293945
28.145797729492188,-9.36001205444336
4.182714939117432,23.222991943359375
-12.003045082092285,46.46769714355469
-14.64273738861084,52.23163604736328
-7.506756782531738,49.40655517578125
8.427433967590332,36.1978645324707
24.369976043701172,19.264495849609375
30.499683380126953,6.985248565673828
26.23053741455078,0.23382283747196198
16.675743103027344,-4.601925849914551
9.897177696228027,-11.654815673828125
11.147086143493652,-21.542808532714844
16.10371208190918,-30.993635177612305
20.00876235961914,-31.858362197875977
16.78680992126465,-21.549280166625977
1.7148399353027344,0.8421797752380371
-19.640701293945312,26.99985694885254
-33.69554138183594,41.02609634399414
-37.188270568847656,44.28166198730469
-35.40536880493164,39.28578567504883
-25.884815216064453,28.213022232055664
-12.363800048828125,18.6317138671875
-5.770205020904541,18.81960678100586
-9.065018653869629,30.196758270263672
-16.30329704284668,43.44282150268555
-17.978471755981445,52.710975646972656
-14.346075057983398,54.382598876953125
-7.3071722984313965,46.77124786376953
3.0319724082946777,29.294452667236328
8.056657791137695,8.699461936950684
3.112349033355713,-1.7964692115783691
-9.376921653747559,1.841772437095642
-20.727977752685547,14.41413402557373
-24.52822494506836,24.010265350341797
-21.100631713867188,21.13925552368164
-12.076741218566895,0.8165010213851929
2.574556350708008,-27.818445205688477
15.780745506286621,-44.152225494384766
27.92554473876953,-41.80418395996094
40.39393997192383,-20.762632369995117
44.176856994628906,9.472956657409668
36.953819274902344,31.44040298461914
19.693937301635742,38.19725799560547
-2.941574811935425,27.983373641967773
-22.31505012512207,8.488395690917969
-26.018844604492188,-7.104247570037842
-10.61847972869873,-13.907031059265137
18.88641357421875,-11.885507583618164
45.09169006347656,-5.73199987411499
54.07382583618164,-1.6160916090011597
47.90549850463867,1.5486587285995483
26.094837188720703,3.6146504878997803
-0.2233843207359314,3.811938524246216
-11.203245162963867,5.164770603179932
-3.1321821212768555,6.664577007293701
13.939181327819824,5.238883972167969
23.369340896606445,-0.8204676508903503
15.827718734741211,-14.607664108276367
-5.272913932800293,-33.332698822021484
-27.200902938842773,-45.69524383544922
-35.84044647216797,-49.01448440551758
-30.207197189331055,-48.67251968383789
-11.146459579467773,-37.412071228027344
12.272984504699707,-9.457298278808594
22.14469337463379,14.4224853515625
12.278203964233398,21.840097427368164
-11.362746238708496,13.15128231048584
-33.298667907714844,-7.787553310394287
-41.29541015625,-24.863927841186523
-35.560279846191406,-31.055431365966797
-20.334861755371094,-25.672286987304688
-3.7326056957244873,-9.878806114196777
5.561225891113281,5.8862810134887695
5.751206874847412,13.675086975097656
2.78562331199646,10.564826011657715
4.804015636444092,4.016951084136963
14.488665580749512,1.6081583499908447
27.416980743408203,9.083808898925781
36.334815979003906,25.588777542114258
35.66069793701172,40.218990325927734
27.53931999206543,48.95039367675781
16.48263168334961,49.619083404541016
8.388603210449219,39.702701568603516
8.44267463684082,19.600616455078125
15.6185302734375,-0.3484377861022949
22.180601119995117,-11.321409225463867
22.52423667907715,-12.160039901733398
15.60642147064209,-5.620516300201416
5.285439968109131,1.8215216398239136
-1.1476107835769653,6.704034805297852
-0.40918996930122375,7.548302173614502
4.819464683532715,4.586059093475342
8.974830627441406,1.1432266235351562
6.572926998138428,-0.21398964524269104
-2.6557681560516357,-1.0975059270858765
-12.928524017333984,-2.325284719467163
-15.925422668457031,-5.583772659301758
-7.100907325744629,-13.351701736450195
9.018045425415039,-21.64573097229004
23.42967414855957,-26.50569725036621
26.888999938964844,-26.6459903717041
13.728322982788086,-19.39289093017578
-12.19761848449707,-6.8455810546875
-35.219146728515625,7.323665142059326
-42.92632293701172,15.551097869873047
-34.48949432373047,15.245875358581543
-12.658374786376953,6.4956817626953125
11.902626037597656,-6.955185413360596
23.314851760864258,-16.03899383544922
17.302473068237305,-17.986404418945312
-0.6196305155754089,-11.104496955871582
-20.080997467041016,-1.1699492931365967
-29.553953170776367,3.093768358230591
-24.093564987182617,-2.71130108833313
-7.061241149902344,-16.422088623046875
11.645838737487793,-28.675657272338867
22.42527961730957,-28.434526443481445
22.553674697875977,-11.253350257873535
11.705129623413086,22.533632278442383
-0.6432215571403503,52.08278274536133
-6.4587297439575195,62.3803825378418
-12.175907135009766,61.06471252441406
-21.557212829589844,41.64802169799805
-28.318450927734375,-0.2528209388256073
-30.429746627807617,-33.85483169555664
-32.048133850097656,-42.48811340332031
-33.53061294555664,-30.874217987060547
-29.627859115600586,1.1098233461380005
-17.82857322692871,34.55818176269531
-3.5236265659332275,49.81553649902344
7.969183444976807,46.63387680053711
16.146093368530273,26.48857879638672
19.30499839782715,-4.827188968658447
16.495574951171875,-28.914907455444336
10.37839412689209,-39.67201232910156
2.8891735076904297,-39.735477447509766
-5.9862823486328125,-32.53102111816406
-16.537120819091797,-24.839082717895508
-24.522796630859375,-19.031509399414062
-27.452680587768555,-16.570941925048828
-26.338890075683594,-13.842520713806152
-20.251354217529297,-8.391317367553711
-12.298455238342285,-3.622375011444092
-6.725329399108887,-1.3885319232940674
-5.396088123321533,-4.010896682739258
-6.567081451416016,-8.85478687286377
-7.39694356918335,-13.645024299621582
-1.1858158111572266,-14.535638809204102
11.682373046875,-11.624126434326172
29.487565994262695,-8.567519187927246
43.95597839355469,-7.860622882843018
47.17417526245117,-13.527485847473145
39.83881759643555,-23.61756706237793
18.778060913085938,-33.226016998291016
-6.722198009490967,-37.91228485107422
-25.150985717773438,-34.15629577636719
-28.332229614257812,-24.0687198638916
-12.742927551269531,-11.802416801452637
15.141907691955566,-3.6351101398468018
41.0778694152832,-2.760362148284912
52.016605377197266,-9.994882583618164
49.55186080932617,-21.075788497924805
36.324378967285156,-32.32642364501953
15.224998474121094,-40.31732177734375
-3.4624569416046143,-39.18244552612305
-12.356284141540527,-28.123668670654297
-10.232671737670898,-6.9184417724609375
-0.813578188419342,20.52797508239746
6.982117176055908,43.81276321411133
8.64455509185791,54.515586853027344
3.252016305923462,55.319976806640625
-7.605087757110596,45.69253158569336
-17.76573371887207,22.025901794433594
-20.900630950927734,-5.264563083648682
-16.928773880004883,-22.22987174987793
-10.767541885375977,-23.546586990356445
-6.6138458251953125,-9.808659553527832
-6.7729291915893555,11.001991271972656
-10.266701698303223,25.464977264404297
-13.938138008117676,24.3914794921875
-14.44461441040039,7.994444370269775
-9.945612907409668,-17.388277053833008
-2.2826955318450928,-38.785987854003906
3.814861297607422,-47.757896423339844
8.280251502990723,-45.32697296142578
7.948932647705078,-32.176734924316406
4.772073745727539,-13.024349212646484
0.5048068165779114,4.868943214416504
-1.3075289726257324,17.392452239990234
0.8549147248268127,22.073293685913086
4.944100379943848,23.593769073486328
9.2431001663208,24.611942291259766
11.84563159942627,23.469131469726562
12.393653869628906,21.82590103149414
10.469626426696777,18.325029373168945
6.957481861114502,12.220166206359863
2.226536273956299,6.261232852935791
-2.1094160079956055,1.4866539239883423
-4.827188968658447,-0.48664379119873047
-5.761018753051758,-0.3830936551094055
-3.854527711868286,0.8250606060028076
-1.49542236328125,1.694380521774292
0.1818390041589737,0.4835122227668762
-1.386652946472168,-1.3912458419799805
-6.96186637878418,-4.7701945304870605
-13.79909610748291,-8.798210144042969
-20.049890518188477,-11.884254455566406
-20.26847267150879,-11.881122589111328
-12.124340057373047,-6.299646377563477
1.6488685607910156,5.4138336181640625
16.119579315185547,21.642183303833008
25.16643524169922,35.90140914916992
28.048301696777344,43.139686584472656
26.047447204589844,43.95493698120117
22.88332176208496,37.11833190917969
21.629865646362305,22.755138397216797
19.613977432250977,6.115510940551758
15.104955673217773,-5.844527244567871
1.5348799228668213,-9.423478126525879
-19.68182945251465,-7.786717891693115
-41.190399169921875,-5.0841851234436035
-54.334999084472656,-5.292120456695557
-57.11665725708008,-9.500931739807129
-52.13017654418945,-16.67511749267578
-39.60395050048828,-21.862226486206055
-26.21926498413086,-17.49370574951172
-18.821903228759766,-5.06685733795166
-19.793312072753906,10.085906028747559
-23.13927459716797,21.544269561767578
-19.774730682373047,27.376270294189453
-5.368739128112793,28.049345016479492
17.955089569091797,25.522598266601562
37.17052459716797,23.054096221923828
40.931312561035156,23.338651657104492
27.82199478149414,24.70150375366211
0.7914485335350037,21.625690460205078
-23.911516189575195,12.850861549377441
-29.556041717529297,0.797502875328064
-12.741674423217773,-9.23537540435791
19.560115814208984,-13.509949684143066
45.3741569519043,-10.555639266967773
54.054622650146484,-5.342016696929932
48.0516357421875,0.9148318767547607
25.74285125732422,5.286901473999023
-0.10480273514986038,5.405691623687744
-10.45396900177002,4.182088375091553
-2.5344724655151367,3.739912748336792
13.70327091217041,3.504002332687378
23.536983489990234,-1.7282012701034546
16.56676483154297,-13.556087493896484
-6.368958473205566,-31.541030883789062
-29.00279998779297,-45.513824462890625
-37.78138732910156,-48.5733528137207
-32.413692474365234,-48.501747131347656
-12.08154296875,-35.91518783569336
13.626235008239746,-7.740579605102539
23.537817001342773,14.625826835632324
11.493644714355469,19.667633056640625
-14.4934663772583,7.3725175857543945
-34.928955078125,-9.270240783691406
-37.077205657958984,-18.61814308166504
-20.235904693603516,-15.465710639953613
9.377339363098145,0.22818604111671448
29.225975036621094,17.294330596923828
27.67376708984375,29.04246711730957
5.26059627532959,35.16862487792969
-26.065401077270508,35.89180374145508
-45.620086669921875,33.688232421875
-51.214717864990234,31.050628662109375
-47.57981491088867,25.814041137695312
-31.89844512939453,16.337535858154297
-8.694242477416992,4.428854942321777
9.195709228515625,-5.022180557250977
19.605836868286133,-7.318028450012207
25.8735408782959,-3.6265504360198975
30.53204345703125,1.876010775566101
37.40998458862305,5.139926910400391
41.99353790283203,5.6754231452941895
41.931114196777344,5.260805130004883
35.54232406616211,4.398165702819824
22.372461318969727,3.805049180984497
8.468979835510254,0.014405157417058945
-1.8720440864562988,-7.236608028411865
-5.6593475341796875,-18.453006744384766
-7.112598419189453,-31.93330955505371
-11.467548370361328,-41.415870666503906
-23.84825897216797,-44.2113037109375
-40.49122619628906,-38.16427230834961
-53.4727783203125,-26.543067932128906
-58.27345275878906,-14.188244819641113
-52.06253433227539,-4.990029811859131
-30.39446449279785,0.9292370080947876
1.773713231086731,1.0317432880401611
25.888362884521484,-6.86520528793335
31.587169647216797,-20.52901840209961
21.802936553955078,-34.69221115112305
5.851833820343018,-43.55806350708008
-6.839526653289795,-45.60776901245117
-10.79760456085205,-40.070762634277344
-6.303404331207275,-26.809249877929688
3.4705989360809326,-8.638710021972656
11.68446159362793,8.701340675354004
14.564657211303711,19.650304794311523
11.928095817565918,21.39896583557129
7.285877704620361,13.971749305725098
4.126138210296631,0.16200582683086395
3.8557803630828857,-15.388882637023926
7.149133205413818,-26.99004554748535
11.835402488708496,-33.24877166748047
16.254444122314453,-34.406612396240234
20.13966178894043,-31.42975616455078
21.518590927124023,-25.996715545654297
20.116905212402344,-19.087249755859375
13.8709135055542,-12.338956832885742
2.9545185565948486,-5.455170154571533
-9.080050468444824,-0.9204686284065247
-15.78512954711914,-0.02714015170931816
-11.601370811462402,-4.219249725341797
5.04848575592041,-13.729784965515137
26.091915130615234,-24.87749671936035
38.96782684326172,-33.392822265625
41.86472702026367,-37.64318084716797
37.0962028503418,-37.00538635253906
21.246562957763672,-28.30634307861328
-3.8881397247314453,-13.826445579528809
-24.17561149597168,1.6858209371566772
-33.030189514160156,11.467966079711914
-31.529756546020508,13.136459350585938
-24.71298599243164,9.888827323913574
-17.238588333129883,3.1943957805633545
-12.719544410705566,-0.40376192331314087
-10.709503173828125,2.9887568950653076
-8.522215843200684,10.656893730163574
-4.23657751083374,22.115047454833984
2.0904178619384766,31.591552734375
6.190042018890381,34.428951263427734
4.830946922302246,30.818267822265625
-2.8186089992523193,20.75762176513672
-15.250885963439941,6.2251152992248535
-24.691064834594727,-7.415106773376465
-25.924898147583008,-17.533580780029297
-16.994953155517578,-22.85555648803711
0.8515744209289551,-23.005870819091797
19.484540939331055,-19.656776428222656
30.696346282958984,-15.452140808105469
29.606773376464844,-12.718709945678711
13.853376388549805,-14.340437889099121
-11.884045600891113,-18.697057723999023
-35.156307220458984,-23.71068000793457
-47.50632858276367,-26.558725357055664
-48.0372314453125,-28.44183349609375
-40.0446662902832,-30.266279220581055
-25.216957092285156,-25.959972381591797
-9.378592491149902,-16.18033218383789
-2.7783162593841553,-6.559774398803711
-6.958317279815674,-1.8749668598175049
-15.702038764953613,-4.654744625091553
-19.976821899414062,-11.456692695617676
-14.001395225524902,-16.169057846069336
5.0747904777526855,-13.258589744567871
30.81096076965332,1.9985589981079102
46.84035110473633,22.944074630737305
48.516361236572266,39.170753479003906
40.499786376953125,51.22724151611328
26.69860076904297,57.30434036254883
12.426222801208496,53.83833312988281
3.18583607673645,36.48847198486328
5.43345832824707,11.971938133239746
13.627278327941895,-4.099206447601318
17.10894203186035,-6.668752670288086
9.245187759399414,1.1691142320632935
-9.806571960449219,12.4479341506958
-27.87710952758789,16.75173568725586
-35.29534912109375,11.525169372558594
-28.374610900878906,-2.1373913288116455
-6.37104606628418,-17.405813217163086
17.977426528930664,-23.511512756347656
31.217435836791992,-19.070756912231445
28.345172882080078,-6.110918045043945
9.831206321716309,8.840173721313477
-12.7706937789917,16.71207046508789
-30.167322158813477,14.82582950592041
-36.36571502685547,5.730956077575684
-32.82622146606445,-4.4501495361328125
-25.3541202545166,-10.436640739440918
-16.57636833190918,-8.710318565368652
-9.557299613952637,-2.7747671604156494
-1.6315406560897827,0.6016762852668762
9.312621116638184,-4.175825119018555
21.483308792114258,-17.100799560546875
30.74018669128418,-31.73978042602539
32.06233215332031,-40.765968322753906
29.20426368713379,-41.101463317871094
22.146154403686523,-33.56005096435547
13.205562591552734,-19.75239372253418
10.494887351989746,-8.727020263671875
12.634366035461426,-7.205083847045898
15.106207847595215,-13.636672973632812
10.536849975585938,-22.09625816345215
-2.123403549194336,-23.310884475708008
-18.221271514892578,-12.95315933227539
-28.490060806274414,6.3405656814575195
-25.52489471435547,25.804019927978516
-12.544386863708496,36.345252990722656
3.2991983890533447,31.93268394470215
10.814932823181152,15.465919494628906
1.0985498428344727,-4.701717853546143
-22.088951110839844,-17.018962860107422
-44.98772430419922,-13.612247467041016
-54.356712341308594,0.09227651357650757
-49.397369384765625,15.114350318908691
-28.475236892700195,25.341176986694336
1.453668236732483,24.007551193237305
22.573089599609375,10.325783729553223
27.242656707763672,-3.714651584625244
16.68680763244629,-8.987147331237793
4.274573802947998,1.411496639251709
-0.29687148332595825,25.04827117919922
5.670203685760498,45.08918380737305
17.675336837768555,51.590919494628906
26.7353458404541,44.13197326660156
28.284421920776367,19.819616317749023
19.716693878173828,-17.186813354492188
6.386703968048096,-44.243873596191406
-0.18016885221004486,-50.933712005615234
2.2050328254699707,-39.64570617675781
9.785486221313477,-7.864380836486816
13.700347900390625,28.843299865722656
8.95604133605957,50.006771087646484
-0.4549106955528259,55.103485107421875
-10.562737464904785,48.703208923339844
-11.71869945526123,32.10763168334961
3.2417867183685303,12.080707550048828
25.99546241760254,-0.6231796145439148
41.02567672729492,-3.879162549972534
43.14219284057617,-3.021533966064453
31.330381393432617,-2.536768913269043
8.376912117004395,-7.632854461669922
-12.981343269348145,-18.516054153442383
-21.152406692504883,-27.76688003540039
-15.322285652160645,-31.03664207458496
-1.7021050453186035,-25.792537689208984
11.844588279724121,-9.954380989074707
16.30329704284668,10.91576862335205
10.25814151763916,29.820554733276367
1.029237985610962,40.83131408691406
-7.2013258934021,45.04283905029297
-12.072982788085938,43.841365814208984
-14.48970890045166,39.77869415283203
-17.63316535949707,35.77468490600586
-21.05574607849121,30.41366958618164
-21.57495880126953,25.669780731201172
-15.315604209899902,19.56804847717285
-0.5108611583709717,13.727070808410645
16.657371520996094,10.86942195892334
26.098594665527344,11.996155738830566
22.6687068939209,20.515657424926758
3.438239574432373,31.359817504882812
-23.30963134765625,38.38285446166992
-41.363887786865234,39.50938034057617
-48.26499938964844,35.06549072265625
-47.30298614501953,27.212594985961914
-33.782806396484375,14.226241111755371
-10.056678771972656,3.140324115753174
10.677144050598145,-3.86747145652771
21.94719696044922,-6.099853038787842
26.976682662963867,-2.6726784706115723
30.71430015563965,0.42672666907310486
36.27949142456055,2.9200713634490967
41.943016052246094,4.0710225105285645
42.75408935546875,4.287099838256836
37.4730339050293,4.294198036193848
23.159109115600586,3.1563994884490967
7.714900970458984,-0.059082020074129105
-3.6294732093811035,-7.261660575866699
-7.124707221984863,-19.040903091430664
-6.57564115524292,-31.629549026489258
-10.46211051940918,-41.18434524536133
-23.63677406311035,-43.52674865722656
-42.7889518737793,-36.054229736328125
-56.58575439453125,-23.132802963256836
-59.85614013671875,-11.996781349182129
-50.09654235839844,-5.120093822479248
-24.424882888793945,-2.076639175415039
3.62801194190979,-4.465181350708008
12.199498176574707,-10.791132926940918
-1.1016813516616821,-15.335437774658203
-21.110862731933594,-14.002856254577637
-30.53955841064453,-5.158090114593506
-21.857425689697266,5.318007946014404
1.4448999166488647,11.491348266601562
24.44367218017578,9.046438217163086
34.12832260131836,-1.3609741926193237
29.786733627319336,-12.196366310119629
17.18848419189453,-16.260499954223633
3.773733615875244,-8.792156219482422
-3.2006587982177734,6.328874588012695
-5.206107139587402,19.395605087280273
-8.877961158752441,23.255352020263672
-18.861360549926758,13.17341136932373
-33.04668426513672,-7.629305362701416
-43.62528610229492,-24.685428619384766
-47.74286651611328,-29.864187240600586
-44.52738571166992,-26.42949676513672
-32.24187469482422,-9.801352500915527
-11.65961742401123,16.147972106933594
5.956636905670166,34.167152404785156
14.375094413757324,38.9509162902832
16.008304595947266,33.6414680480957
13.721433639526367,22.361186981201172
11.678197860717773,11.153348922729492
10.613886833190918,2.7528464794158936
11.631224632263184,-4.119457244873047
10.754806518554688,-10.630379676818848
6.973766326904297,-18.402482986450195
2.2465782165527344,-25.114870071411133
-0.26743486523628235,-27.5768985748291
2.972055196762085,-23.655563354492188
9.903023719787598,-15.087000846862793
18.566577911376953,-3.9401235580444336
21.255748748779297,5.258090972900391
15.21268081665039,10.221189498901367
2.4737203121185303,13.437923431396484
-13.642101287841797,18.536306381225586
-24.076026916503906,27.645374298095703
-25.948280334472656,37.630863189697266
-20.55135726928711,43.929256439208984
-11.546881675720215,43.398353576660156
-0.29561886191368103,30.847496032714844
12.43457317352295,9.013243675231934
22.915891647338867,-12.139998435974121
27.415727615356445,-22.563695907592773
25.9593448638916,-17.78326988220215
15.841706275939941,-0.41378292441368103
-3.587301731109619,22.941986083984375
-20.99687385559082,39.08098220825195
-30.07003402709961,41.74843978881836
-29.228271484375,37.45403289794922
-12.313694953918457,28.535364151000977
16.55987548828125,19.596651077270508
39.85823440551758,16.041500091552734
47.18690872192383,17.455291748046875
37.309566497802734,22.858478546142578
12.941884994506836,22.22381591796875
-12.879045486450195,9.953963279724121
-23.4591121673584,-8.63390827178955
-13.680724143981934,-27.62825584411621
8.34288215637207,-37.78055191040039
26.989835739135742,-33.71474838256836
32.841880798339844,-20.666181564331055
23.35326385498047,0.18058638274669647
2.210252046585083,19.46637725830078
-13.830620765686035,25.706941604614258
-13.925402641296387,20.025672912597656
3.3685102462768555,3.2536864280700684
27.339109420776367,-15.878449440002441
40.03422927856445,-28.760000228881836
40.21731948852539,-32.59177017211914
28.8643856048584,-27.320528030395508
9.3245210647583,-14.014756202697754
-4.119874954223633,1.3497005701065063
-2.5672495365142822,12.326430320739746
9.608240127563477,15.279696464538574
20.922760009765625,12.157743453979492
20.494571685791016,8.18212890625
4.922388076782227,5.999017238616943
-19.23213768005371,6.63472318649292
-38.17972183227539,8.302380561828613
-43.86098861694336,8.237871170043945
-35.743160247802734,2.5129692554473877
-16.830860137939453,-8.125969886779785
2.5382304191589355,-18.266157150268555
11.52370834350586,-22.541147232055664
8.180876731872559,-16.253400802612305
-1.7386398315429688,0.9202598929405212
-7.30174446105957,21.853458404541016
-4.488772392272949,37.570735931396484
5.042013645172119,42.85179138183594
16.37908172607422,37.57908630371094
22.605449676513672,25.923019409179688
20.083711624145508,14.75275993347168
8.866061210632324,10.39426040649414
-6.177098274230957,15.857781410217285
-18.93568229675293,26.126779556274414
-25.05098533630371,32.07944869995117
-26.199848175048828,28.889020919799805
-23.31526756286621,12.415157318115234
-17.006853103637695,-13.755881309509277
-9.524731636047363,-37.16426086425781
-3.161827564239502,-47.66478729248047
1.5561745166778564,-45.12091827392578
4.853285312652588,-29.545602798461914
4.2044267654418945,-5.8117499351501465
-0.47975435853004456,12.903471946716309
-6.843493461608887,20.584760665893555
-12.128307342529297,14.291794776916504
-13.826863288879395,-1.538846492767334
-10.05438232421875,-17.158838272094727
-2.7866671085357666,-26.588788986206055
5.840560436248779,-27.072717666625977
14.474051475524902,-19.94404411315918
21.145517349243164,-10.182149887084961
25.21674919128418,-1.5096186399459839
26.25809669494629,4.7177934646606445
22.380393981933594,8.441839218139648
12.182169914245605,14.408914566040039
-3.4645445346832275,22.952842712402344
-19.996444702148438,32.44145584106445
-30.059804916381836,39.58662414550781
-32.131431579589844,41.46514129638672
-26.303607940673828,39.68620681762695
-10.86169719696045,30.082977294921875
9.86878490447998,14.618520736694336
25.11883544921875,-0.97767174243927
29.588401794433594,-11.187378883361816
24.126968383789062,-12.862343788146973
13.985527992248535,-7.033056735992432
5.97145938873291,3.9693515300750732
3.650350332260132,17.36468505859375
7.753732204437256,27.866044998168945
13.342933654785156,31.343952178955078
14.90140438079834,27.058313369750977
11.438947677612305,15.622288703918457
3.693983316421509,0.4478124976158142
-5.896719455718994,-11.840204238891602
-9.678386688232422,-16.1085147857666
-6.091502666473389,-10.625786781311035
3.0271706581115723,1.1244373321533203
14.173630714416504,9.824525833129883
20.869524002075195,7.634315490722656
20.174108505249023,-9.593208312988281
11.107211112976074,-36.585758209228516
-2.9637043476104736,-56.169464111328125
-15.328339576721191,-60.93089294433594
-22.96474266052246,-55.92708206176758
-25.11298942565918,-35.123531341552734
-19.215017318725586,6.288581848144531
-3.823212146759033,41.274532318115234
13.595962524414062,51.257930755615234
27.354141235351562,41.995418548583984
35.774269104003906,15.744210243225098
32.63874435424805,-17.519384384155273
19.12942123413086,-39.252384185791016
0.9916593432426453,-44.4167366027832
-15.853188514709473,-37.57637405395508
-27.373764038085938,-26.90966796875
-30.328075408935547,-21.660137176513672
-26.524696350097656,-25.29629135131836
-18.511043548583984,-34.47905731201172
-10.400940895080566,-39.96470642089844
-5.776467800140381,-36.10746383666992
-5.720934867858887,-23.198566436767578
-9.8706636428833,-6.556851863861084
-16.055696487426758,2.197308301925659
-24.153690338134766,-1.2369645833969116
-30.31116485595703,-11.023285865783691
-34.66841125488281,-19.78141212463379
-38.91292190551758,-19.28934097290039
-40.63444137573242,-8.60593318939209
-41.43549346923828,7.184415340423584
-40.43757247924805,19.038188934326172
-38.452999114990234,20.928606033325195
-34.64565658569336,12.300542831420898
-24.330101013183594,-1.7565940618515015
-6.282527446746826,-10.296555519104004
16.881591796875,-8.874829292297363
37.79600143432617,2.3760159015655518
48.680870056152344,11.8794527053833
49.704681396484375,12.18112564086914
40.47869873046875,0.5557467937469482
21.11670684814453,-22.04385757446289
2.8532650470733643,-41.45386505126953
-6.2846150398254395,-48.65227127075195
-3.8779098987579346,-45.646392822265625
7.250804424285889,-34.159427642822266
16.8786678314209,-19.08307456970215
17.28159523010254,-9.742688179016113
5.730747222900391,-8.659586906433105
-12.642090797424316,-11.611599922180176
-26.296092987060547,-11.408258438110352
-27.732641220092773,-6.081899166107178
-15.251303672790527,3.886678457260132
5.3177995681762695,10.308037757873535
23.250967025756836,7.9908952713012695
31.292593002319336,-0.9210949540138245
27.889636993408203,-12.493864059448242
17.1596736907959,-16.71186065673828
5.95308780670166,-9.646653175354004
-1.684985876083374,5.3921217918396
-5.210073947906494,19.349884033203125
-9.534543991088867,23.11025619506836
-19.456356048583984,13.258380889892578
-33.184471130371094,-6.259980201721191
-43.71318054199219,-23.107542037963867
-48.09986114501953,-29.0048885345459
-45.19670104980469,-25.50652313232422
-32.683006286621094,-9.831415176391602
-11.214727401733398,15.269466400146484
7.497153282165527,34.47467041015625
16.084922790527344,39.668460845947266
17.684730529785156,33.51934051513672
14.67906379699707,19.949472427368164
10.483196258544922,6.170626640319824
11.100739479064941,0.17327941954135895
14.083441734313965,3.836155891418457
16.741924285888672,12.52747631072998
16.359874725341797,19.359277725219727
9.55562973022461,19.773269653320312
-3.752647876739502,11.903252601623535
-22.626953125,-0.27975231409072876
-38.37116241455078,-10.565869331359863
-44.58729934692383,-16.488685607910156
-40.19978332519531,-20.6455135345459
-23.921537399291992,-25.439088821411133
-2.5478339195251465,-30.19404411315918
11.35460376739502,-33.06797790527344
10.068995475769043,-33.00242233276367
-4.605057239532471,-28.099658966064453
-20.517536163330078,-18.53943634033203
-25.313201904296875,-10.907209396362305
-14.406826972961426,-10.1094970703125
5.252871990203857,-17.765316009521484
19.76283073425293,-31.099689483642578
17.527734756469727,-43.276222229003906
0.7874819040298462,-47.87251281738281
-22.48624038696289,-41.08079528808594
-39.332340240478516,-25.55286979675293
-37.94026184082031,-7.865633010864258
-14.900151252746582,4.666853427886963
18.136510848999023,6.231378555297852
39.462196350097656,-0.5048068165779114
38.63003921508789,-9.319928169250488
16.741714477539062,-10.950215339660645
-14.628958702087402,-1.1950017213821411
-34.06882095336914,16.269685745239258
-30.69467544555664,34.7899169921875
-10.665661811828613,45.85307693481445
14.315803527832031,45.114654541015625
30.20865821838379,35.607460021972656
29.053531646728516,23.78792381286621
11.487381935119629,13.460471153259277
-10.422653198242188,11.514522552490234
-21.570783615112305,16.61144256591797
-15.92855453491211,22.774343490600586
1.7785149812698364,28.319494247436523
17.23984146118164,29.922225952148438
20.10479736328125,29.257917404174805
8.123046875,28.932235717773438
-14.890756607055664,29.567106246948242
-34.229156494140625,28.447053909301758
-40.429847717285156,25.201927185058594
-34.846073150634766,18.65947914123535
-19.718780517578125,5.614879608154297
-2.6820731163024902,-9.975884437561035
6.670422554016113,-22.29083251953125
3.670809745788574,-27.658945083618164
-7.891729354858398,-26.54766082763672
-22.98248863220215,-21.776212692260742
-35.62541580200195,-16.191604614257812
-40.77891159057617,-12.218913078308105
-37.60142517089844,-9.323476791381836
-27.798404693603516,-4.18960428237915
-12.00784683227539,4.285847187042236
6.238685607910156,13.497632026672363
20.631107330322266,20.448015213012695
27.7541446685791,20.38079261779785
28.08254051208496,12.141459465026855
19.557401657104492,-0.13945862650871277
5.499220848083496,-12.570899963378906
-8.97107219696045,-19.140487670898438
-20.360332489013672,-15.470721244812012
-28.138072967529297,-5.375837326049805
-33.10597229003906,5.499429702758789
-36.32542037963867,13.116209030151367
-38.23086929321289,13.68740463256836
-37.04547119140625,11.389260292053223
-30.59112548828125,11.161491394042969
-17.97283363342285,14.220603942871094
-3.158069610595703,22.935306549072266
8.662301063537598,31.274639129638672
15.4611177444458,32.8402099609375
16.536075592041016,26.677724838256836
12.881550788879395,12.360251426696777
10.40052318572998,-6.053715229034424
13.43061637878418,-18.35655403137207
20.095611572265625,-21.314830780029297
27.009668350219727,-17.027313232421875
29.230985641479492,-9.605525970458984
25.8411808013916,-8.035780906677246
19.727340698242188,-13.62435531616211
16.837749481201172,-24.69252586364746
21.036956787109375,-34.6370964050293
29.47441291809082,-35.728965759277344
37.50685501098633,-26.429704666137695
36.84672164916992,-8.480462074279785
21.987279891967773,14.884076118469238
-3.9956564903259277,32.4589958190918
-28.13681983947754,36.261329650878906
-41.37348937988281,28.687557220458984
-43.27726745605469,11.896989822387695
-30.81388282775879,-9.154373168945312
-8.737249374389648,-29.16355323791504
10.698229789733887,-40.95240020751953
20.433818817138672,-44.376441955566406
25.357460021972656,-40.584964752197266
27.695688247680664,-29.64873504638672
28.424922943115234,-13.926654815673828
28.98046112060547,3.450348138809204
28.106548309326172,13.453581809997559
24.67937469482422,13.119966506958008
17.944650650024414,2.5670406818389893
10.931217193603516,-15.57740306854248
8.256033897399902,-31.252300262451172
10.268580436706543,-38.379512786865234
11.986552238464355,-32.32475280761719
10.265030860900879,-15.426462173461914
2.0123376846313477,4.976459980010986
-9.94060230255127,17.949033737182617
-17.586400985717773,15.849222183227539
-15.7932710647583,1.5849847793579102
-3.99774432182312,-19.4732666015625
12.255239486694336,-35.726043701171875
21.330698013305664,-40.30646514892578
18.087865829467773,-35.80829620361328
0.6058516502380371,-24.35953712463379
-24.471439361572266,-9.58360481262207
-40.38872146606445,2.900029420852661
-39.5432014465332,10.666913986206055
-21.4179630279541,16.349435806274414
7.555609226226807,23.11213493347168
29.313867568969727,27.718652725219727
33.920387268066406,29.51512336730957
23.128210067749023,28.453943252563477
2.5169358253479004,18.14820098876953
-16.62480354309082,2.1626524925231934
-23.248252868652344,-10.4664945602417
-15.916028022766113,-14.014547348022461
0.10167118161916733,-5.648283004760742
15.594104766845703,11.499908447265625
22.731754302978516,26.458097457885742
22.553882598876953,32.41891098022461
18.55718231201172,26.363107681274414
14.998482704162598,9.956677436828613
15.082199096679688,-8.426390647888184
18.433382034301758,-21.446773529052734
23.249923706054688,-21.9273624420166
27.169170379638672,-11.582372665405273
31.240192413330078,5.116753578186035
34.857975006103516,21.02004623413086
35.888465881347656,30.465028762817383
33.2537841796875,34.923946380615234
21.651159286499023,34.88866424560547
-0.7931187152862549,28.48275375366211
-26.915721893310547,15.20119857788086
-45.49357223510742,-0.9027231931686401
-48.66897201538086,-14.661735534667969
-38.57158279418945,-26.11634063720703
-13.682394027709961,-29.838716506958008
17.133577346801758,-20.189350128173828
38.77408981323242,-3.080615997314453
45.84284591674805,13.883440017700195
40.99811935424805,24.289182662963867
31.666292190551758,26.52615737915039
23.290006637573242,19.116270065307617
21.435291290283203,6.785872936248779
26.2086181640625,-1.4415595531463623
30.732463836669922,-0.7906134724617004
30.973175048828125,6.745371341705322
26.461854934692383,12.849608421325684
19.34362030029297,11.955445289611816
11.85523509979248,1.5538780689239502
7.682541370391846,-15.77489948272705
5.623230457305908,-31.0374755859375
3.563084363937378,-37.150482177734375
-1.1528301239013672,-33.170692443847656
-10.749378204345703,-21.744688034057617
-22.467660903930664,-8.928065299987793
-32.90868377685547,-0.638002336025238
-39.311466217041016,0.7002158761024475
-40.94467544555664,-1.3219341039657593
-38.10978317260742,-1.5532517433166504
-31.83748435974121,3.659327507019043
-23.830930709838867,12.660045623779297
-13.169445037841797,19.361156463623047
-1.0068995952606201,19.593936920166016
10.569210052490234,9.198214530944824
19.48809051513672,-7.030551910400391
22.238222122192383,-21.96744728088379
19.5150203704834,-28.710521697998047
11.49698543548584,-26.48461151123047
-0.43737396597862244,-15.566546440124512
-13.627904891967773,-0.4219249486923218
-25.261634826660156,12.18363094329834
-32.34500503540039,19.988929748535156
-33.328941345214844,24.22509002685547
-27.435352325439453,25.847652435302734
-15.412056922912598,26.27250099182129
-0.1348656713962555,26.283357620239258
12.041041374206543,23.338651657104492
12.377996444702148,17.486608505249023
-0.15073221921920776,8.630985260009766
-21.03152847290039,-1.3359217643737793
-39.306453704833984,-8.742677688598633
-46.23136901855469,-13.561724662780762
-41.248226165771484,-18.967416763305664
-23.95765495300293,-24.702756881713867
-1.7152575254440308,-30.71430015563965
10.639774322509766,-34.02268600463867
9.013452529907227,-33.71829605102539
-5.514461040496826,-28.239744186401367
-21.555126190185547,-18.766996383666992
-25.355998992919922,-10.748961448669434
-15.168421745300293,-9.264812469482422
4.351192474365234,-17.919597625732422
19.03944206237793,-32.45168685913086
16.8001708984375,-43.7689208984375
-0.930280864238739,-47.98149108886719
-24.869564056396484,-40.26826095581055
-41.21753692626953,-22.76724624633789
-39.01939392089844,-6.40340518951416
-13.617883682250977,4.038245677947998
21.064096450805664,3.9522323608398438
40.476402282714844,-3.4002432823181152
36.37782287597656,-9.329322814941406
10.641861915588379,-8.238287925720215
-18.1684513092041,0.9373790621757507
-28.89507484436035,12.224967956542969
-17.96636199951172,20.930484771728516
3.2595322132110596,23.184160232543945
16.22083282470703,17.79767608642578
9.412830352783203,7.754567623138428
-16.35173225402832,-2.3206915855407715
-41.08726501464844,-8.508854866027832
-50.231201171875,-12.000748634338379
-44.102535247802734,-17.786819458007812
-23.206707000732422,-25.339506149291992
0.5357048511505127,-30.36753273010254
12.271941184997559,-33.77383041381836
8.249771118164062,-33.4800910949707
-7.418655872344971,-27.654977798461914
-22.52528190612793,-18.38390350341797
-24.787099838256836,-10.465660095214844
-13.176960945129395,-9.654586791992188
5.6844000816345215,-18.787874221801758
18.38265037536621,-32.31118392944336
15.176145553588867,-43.438018798828125
-1.757846713066101,-47.909881591796875
-24.488557815551758,-40.74112319946289
-39.52775192260742,-24.219453811645508
-37.346519470214844,-6.93639612197876
-14.857979774475098,5.312788963317871
18.045486450195312,5.539931297302246
38.86114501953125,-2.823201894760132
37.45528793334961,-10.553342819213867
16.289518356323242,-11.699910163879395
-14.945454597473145,-0.7213016748428345
-33.98489761352539,17.57220458984375
-29.727859497070312,35.326873779296875
-9.234749794006348,45.98585510253906
16.11832618713379,44.3741455078125
30.90866470336914,34.80807876586914
29.316164016723633,22.842403411865234
12.253360748291016,13.171323776245117
-9.91137409210205,11.879661560058594
-20.639667510986328,16.801006317138672
-15.77552604675293,23.47435188293457
1.921522617340088,27.706544876098633
17.999765396118164,28.733068466186523
21.694791793823242,28.286718368530273
9.19236946105957,28.743715286254883
-13.594083786010742,30.156047821044922
-32.590309143066406,29.757713317871094
-39.81063461303711,26.909460067749023
-34.97405242919922,19.819616317749023
-19.81815528869629,6.369584560394287
-2.1363472938537598,-9.36189079284668
6.099018096923828,-22.345111846923828
3.0382354259490967,-27.944751739501953
-8.78505802154541,-26.304025650024414
-24.248680114746094,-21.065977096557617
-35.93836212158203,-15.062783241271973
-40.54655075073242,-11.1729736328125
-37.3859748840332,-8.132650375366211
-27.554977416992188,-3.3119335174560547
-11.629554748535156,4.835748672485352
6.268539905548096,13.720808029174805
20.81190299987793,19.43255615234375
28.66187858581543,19.590805053710938
27.926380157470703,12.28968620300293
20.073272705078125,-0.36200785636901855
5.446610927581787,-13.105143547058105
-9.887574195861816,-18.476179122924805
-20.998960494995117,-15.139820098876953
-28.26270866394043,-4.66977596282959
-32.024749755859375,7.167922496795654
-35.21455383300781,14.166114807128906
-37.410194396972656,15.179486274719238
-36.68095779418945,12.296158790588379
-30.137466430664062,11.297818183898926
-17.58180809020996,15.386377334594727
-2.835728168487549,23.16349220275879
10.048954010009766,30.695301055908203
17.174705505371094,32.72079086303711
16.57929229736328,26.17479705810547
13.242514610290527,11.5498046875
10.770672798156738,-6.047869682312012
12.508687019348145,-19.257606506347656
19.935901641845703,-22.382064819335938
26.519058227539062,-17.30268096923828
29.115327835083008,-10.748543739318848
25.54305648803711,-8.127639770507812
19.299570083618164,-14.329164505004883
16.393068313598633,-26.039304733276367
19.529844284057617,-35.389713287353516
27.818862915039062,-36.883880615234375
36.02625274658203,-28.48442268371582
37.0435905456543,-9.758136749267578
22.560354232788086,13.675922393798828
-3.099822759628296,32.431854248046875
-26.85747528076172,37.96781921386719
-40.26178741455078,30.100515365600586
-42.59563064575195,13.682811737060547
-31.278188705444336,-8.318873405456543
-10.012210845947266,-28.881296157836914
9.049361228942871,-41.577877044677734
19.640491485595703,-44.8447151184082
23.71360206604004,-40.90333938598633
25.802976608276367,-31.069835662841797
27.723663330078125,-15.054015159606934
28.705303192138672,2.0415656566619873
28.37920379638672,12.549605369567871
24.94263458251953,13.059005737304688
17.712915420532227,2.0321710109710693
10.62474250793457,-16.349018096923828
7.595067024230957,-32.284461975097656
8.53223705291748,-38.43316650390625
11.361493110656738,-33.0139045715332
10.1884126663208,-16.389728546142578
2.2234046459198,4.526350975036621
-8.94581127166748,17.696422576904297
-16.808731079101562,16.710607528686523
-15.587006568908691,2.6588997840881348
-3.8622522354125977,-18.704992294311523
11.499908447265625,-35.94149398803711
19.939451217651367,-41.13361358642578
17.015413284301758,-36.77553176879883
0.38476383686065674,-24.662254333496094
-24.753904342651367,-8.482131958007812
-40.39665222167969,3.491476058959961
-39.1482048034668,11.455231666564941
-20.59979248046875,17.18848419189453
8.102378845214844,22.294172286987305
29.56251335144043,26.57187843322754
35.32875061035156,28.58045768737793
24.255569458007812,26.985870361328125
3.4860479831695557,17.60498046875
-15.528759002685547,2.357017755508423
-22.826953887939453,-10.455430030822754
-15.639616012573242,-14.06214714050293
-0.49812614917755127,-4.792741775512695
15.690974235534668,10.625160217285156
23.980619430541992,25.56936264038086
23.36203384399414,32.06755065917969
19.360322952270508,25.93136978149414
15.484917640686035,9.532247543334961
15.07029914855957,-9.994882583618164
18.198307037353516,-21.897300720214844
22.367660522460938,-23.036977767944336
26.41300392150879,-13.038963317871094
31.676313400268555,4.051398277282715
35.80913162231445,20.056779861450195
37.11791229248047,29.421592712402344
34.50828552246094,33.67758560180664
22.6586856842041,34.429996490478516
0.3705674409866333,28.488597869873047
-26.59296417236328,16.123546600341797
-45.52217483520508,0.5450994968414307
-49.485679626464844,-13.507444381713867
-39.16553497314453,-24.96204948425293
-14.817895889282227,-29.066267013549805
16.601213455200195,-20.984346389770508
39.177852630615234,-4.393781661987305
46.30234909057617,12.323716163635254
41.85032272338867,23.093345642089844
32.09030532836914,25.229902267456055
24.454736709594727,18.144651412963867
22.578725814819336,6.214259624481201
26.0284481048584,-1.6440668106079102
29.999679565429688,-1.532583475112915
31.262113571166992,5.189614295959473
27.160402297973633,11.794692039489746
19.35343360900879,11.752729415893555
12.11202335357666,1.2096155881881714
7.146001815795898,-16.213525772094727
5.144519805908203,-31.322031021118164
2.8778998851776123,-37.62814712524414
-2.8726806640625,-32.90659713745117
-11.673604965209961,-21.665565490722656
-22.72173500061035,-8.044132232666016
-33.1911506652832,0.743640124797821
-39.029205322265625,1.6699542999267578
-40.443626403808594,-0.0354909673333168
-37.764892578125,-0.47411754727363586
-31.932476043701172,3.7388689517974854
-23.245330810546875,12.347098350524902
-12.6525297164917,19.4141845703125
-0.9914506077766418,19.003324508666992
10.682154655456543,8.820549011230469
18.715639114379883,-8.57482624053955
21.78623390197754,-22.77309226989746
18.641525268554688,-29.340173721313477
10.450210571289062,-27.04140281677246
-0.3365378677845001,-15.566964149475098
-13.654627799987793,0.38539013266563416
-24.75745391845703,13.774879455566406
-31.458566665649414,21.692495346069336
-33.021629333496094,25.242219924926758
-27.126371383666992,25.577295303344727
-14.688249588012695,26.74118995666504
0.8386306762695312,25.28856658935547
12.407015800476074,22.40899658203125
12.961718559265137,16.759042739868164
0.4995875358581543,7.8387017250061035
-20.867435455322266,-0.516915500164032
-39.184532165527344,-7.271681308746338
-46.63471221923828,-12.309310913085938
-41.95930099487305,-17.190780639648438
-25.107980728149414,-23.331344604492188
-3.8962817192077637,-30.200307846069336
9.09883975982666,-34.617679595947266
7.565212726593018,-34.042518615722656
-5.795048713684082,-27.4954776763916
-21.544477462768555,-17.70185089111328
-26.307783126831055,-9.506985664367676
-16.412900924682617,-7.712813377380371
3.134269952774048,-17.436294555664062
18.479520797729492,-33.296791076660156
16.531482696533203,-45.180625915527344
-1.6390563249588013,-48.59485626220703
-27.174598693847656,-38.08368682861328
-43.87184524536133,-19.806882858276367
-39.9632453918457,-3.6044209003448486
-12.288016319274902,3.1666293144226074
24.577075958251953,0.1876845806837082
42.02067947387695,-5.438260078430176
33.593868255615234,-8.720338821411133
5.924277305603027,-5.198173999786377
-20.949899673461914,2.8213231563568115
-23.376646041870117,8.200709342956543
-1.7018961906433105,7.148507118225098
24.868938446044922,4.900885105133057
34.23521423339844,4.9411773681640625
20.880170822143555,10.632258415222168
-3.9806251525878906,18.20749282836914
-19.825044631958008,19.30374526977539
-17.263015747070312,10.89342975616455
-0.7499032616615295,-6.5641584396362305
13.106396675109863,-23.64199447631836
14.14544677734375,-31.19843864440918
6.990676403045654,-26.82657814025879
1.5409342050552368,-11.135812759399414
5.513208389282227,6.521986961364746
17.73984718322754,15.127920150756836
28.557283401489258,9.49216365814209
26.24911880493164,-9.10322380065918
8.910320281982422,-31.770469665527344
-13.692415237426758,-44.71110153198242
-30.19801139831543,-42.0858154296875
-34.1341667175293,-27.463953018188477
-25.14493179321289,-0.8785058259963989
-8.98255443572998,26.820314407348633
0.6862282752990723,39.91815185546875
-2.766416549682617,37.57261657714844
-14.938982963562012,23.945755004882812
-27.04140281677246,7.075228691101074
-27.52261734008789,-0.0027140150777995586
-15.328548431396484,6.870633602142334
1.347821593284607,22.46118927001953
12.01849365234375,35.46946334838867
8.22033405303955,37.65653991699219
-9.260428428649902,24.547014236450195
-28.981088638305664,-1.70377516746521
-36.023956298828125,-25.23992347717285
-25.76372718811035,-34.340641021728516
0.6106534004211426,-24.43406867980957
32.586761474609375,7.2890095710754395
47.50570297241211,34.8734245300293
45.0420036315918,48.375858306884766
32.6817512512207,55.37801742553711
9.442893981933594,50.85542297363281
-14.493049621582031,25.64681625366211
-23.747840881347656,-6.394428253173828
-15.060070037841797,-26.055587768554688
2.689589023590088,-31.564620971679688
20.79541015625,-23.992937088012695
32.14521026611328,-13.800558090209961
34.22602844238281,-7.121158123016357
26.55538558959961,-4.097327709197998
14.252754211425781,-2.5110902786254883
2.673722505569458,0.9206774234771729
-2.8582754135131836,10.68194580078125
1.2916624546051025,24.033855438232422
11.77005672454834,31.19154930114746
23.84700584411621,29.644977569580078
32.27360534667969,17.717716217041016
30.705949783325195,-0.9210949540138245
17.070945739746094,-19.11104965209961
-2.456183671951294,-29.157289505004883
-19.45197296142578,-28.105712890625
-24.882925033569336,-19.579322814941406
-13.391576766967773,-9.47608757019043
13.253162384033203,-4.984184265136719
41.98247146606445,-8.083380699157715
55.61330032348633,-15.494729995727539
55.86528778076172,-20.933616638183594
46.72636413574219,-20.467222213745117
23.01443099975586,-12.127054214477539
-8.67566204071045,4.167474746704102
-28.179201126098633,19.750722885131836
-30.651878356933594,28.498828887939453
-23.746379852294922,29.447689056396484
-12.583426475524902,22.71505355834961
-4.64117431640625,9.713668823242188
-5.1186323165893555,-2.97810959815979
-11.735401153564453,-11.101991653442383
-20.259496688842773,-15.704544067382812
-24.684385299682617,-17.18973731994629
-24.896703720092773,-18.063858032226562
-20.235279083251953,-18.77492904663086
-15.151511192321777,-17.839847564697266
-13.297212600708008,-13.894295692443848
-12.451692581176758,-6.126158237457275
-11.345417976379395,5.499429702758789
-8.555410385131836,17.2901554107666
-2.3985629081726074,26.770627975463867
5.146399021148682,31.326831817626953
12.45002269744873,31.56817054748535
19.42879867553711,28.658954620361328
25.29629135131836,24.560165405273438
30.139347076416016,21.44134521484375
33.10451126098633,19.061363220214844
34.17738342285156,16.14337921142578
32.17172622680664,11.113057136535645
26.722610473632812,3.7566144466400146
19.328588485717773,-4.604222297668457
11.979036331176758,-11.646883010864258
5.83617639541626,-12.761090278625488
2.7271676063537598,-7.613856315612793
2.5672495365142822,2.8311352729797363
2.1085808277130127,13.928325653076172
0.6770423650741577,19.155517578125
-1.8148410320281982,17.997051239013672
-6.985666275024414,10.931009292602539
-12.905350685119629,1.9887467622756958
-17.83567237854004,-1.7879096269607544
-22.077260971069336,2.05826735496521
-23.15451431274414,13.812458038330078
-21.248859405517578,27.52574920654297
-14.470710754394531,37.07532501220703
-5.785862445831299,39.35238265991211
2.5634915828704834,33.32121658325195
7.773148059844971,21.489152908325195
5.663105487823486,8.558542251586914
-2.620694637298584,2.1586859226226807
-11.831852912902832,2.0292482376098633
-14.593467712402344,6.598605632781982
-6.910508632659912,11.367965698242188
11.27715015411377,12.492403030395508
32.65231704711914,10.362526893615723
47.740570068359375,4.479168891906738
51.465660095214844,0.1757846623659134
43.906917572021484,-1.3169236183166504
22.094797134399414,-3.5326037406921387
-7.487132549285889,-5.758513450622559
-31.502824783325195,-9.32305908203125
-43.213592529296875,-14.346075057983398
-43.46098327636719,-19.112512588500977
-34.19512939453125,-23.45514488220215
-18.48828887939453,-24.562461853027344
-0.3597113788127899,-20.710857391357422
16.31206512451172,-16.9327392578125
26.43221092224121,-15.010173797607422
29.529319763183594,-14.676976203918457
26.819271087646484,-16.655284881591797
20.39060401916504,-18.627538681030273
14.70620346069336,-18.19183349609375
14.156302452087402,-15.403287887573242
19.78537940979004,-11.647926330566406
28.290266036987305,-10.022857666015625
33.42205047607422,-10.668375968933105
31.675477981567383,-13.498258590698242
21.429027557373047,-18.024608612060547
5.963317394256592,-20.763885498046875
-9.659597396850586,-21.432785034179688
-17.863855361938477,-20.49895668029785
-16.37970733642578,-18.23087501525879
-10.741445541381836,-13.803689002990723
-5.378969192504883,-6.3685407638549805
-5.808409690856934,3.8060929775238037
-11.490513801574707,15.341700553894043
-16.40997886657715,23.645334243774414
-18.790170669555664,26.62782859802246
-17.96051597595215,21.25136375427246
-19.706462860107422,8.101543426513672
-29.611156463623047,-8.040791511535645
-45.095237731933594,-19.223995208740234
-57.86405563354492,-18.7692928314209
-63.21233367919922,-13.070905685424805
-59.53546905517578,-8.65478515625
-38.069488525390625,-4.137411594390869
3.5589089393615723,-0.6995895504951477
38.385986328125,-5.8184309005737305
46.91571807861328,-16.717496871948242
31.83477020263672,-30.850210189819336
-1.4561734199523926,-43.230712890625
-31.12787437438965,-45.1378288269043
-41.02567672729492,-42.892295837402344
-32.14145278930664,-43.339481353759766
-8.661256790161133,-40.11961364746094
10.842490196228027,-28.74329948425293
13.253579139709473,-14.99284553527832
-6.549544811248779,-2.421110153198242
-33.54042434692383,5.905696868896484
-46.615089416503906,8.014904022216797
-44.08332824707031,2.542405843734741
-22.628204345703125,-8.787145614624023
7.535149574279785,-20.48914337158203
25.689613342285156,-27.316978454589844
24.75870704650879,-26.309661865234375
5.729703426361084,-19.495397567749023
-17.177419662475586,-8.582342147827148
-29.37649917602539,1.4350876808166504
-26.620521545410156,7.112180709838867
-14.305573463439941,10.023484230041504
-6.514053821563721,12.622258186340332
-8.234321594238281,16.94944190979004
-18.416889190673828,23.65138816833496
-26.329078674316406,29.00175666809082
-23.596481323242188,31.288209915161133
-7.916781902313232,28.47106170654297
16.530439376831055,19.013763427734375
34.89283752441406,8.533072471618652
39.12983322143555,3.018819808959961
28.219284057617188,4.502551078796387
6.905289649963379,12.346680641174316
-11.18696117401123,19.265541076660156
-16.28095817565918,19.20896339416504
-8.367935180664062,10.150625228881836
3.6518115997314453,-7.3318071365356445
10.291753768920898,-23.075599670410156
8.489439010620117,-30.42640495300293
2.639066457748413,-26.439308166503906
1.7609782218933105,-11.761079788208008
8.646225929260254,5.521768093109131
20.029640197753906,14.551505088806152
27.810930252075195,9.949579238891602
23.859323501586914,-8.289228439331055
6.836395263671875,-31.218271255493164
-14.767790794372559,-44.365379333496094
-28.94058609008789,-42.542396545410156
-33.91307830810547,-27.34161376953125
-25.848487854003906,1.148445963859558
-9.122639656066895,29.644142150878906
1.3973002433776855,40.982879638671875
-0.056785546243190765,36.41790771484375
-11.61264419555664,20.735700607299805
-24.59002113342285,5.638888359069824
-28.9869327545166,3.7482635974884033
-19.664291381835938,13.89888858795166
0.17390573024749756,26.149951934814453
20.032772064208984,28.305715560913086
32.02454376220703,18.04486083984375
32.32183074951172,1.5860286951065063
23.182907104492188,-11.78028678894043
10.881321907043457,-11.832061767578125
2.3388547897338867,2.4227802753448486
0.06388373672962189,23.313180923461914
2.589170455932617,40.21731948852539
5.547029495239258,47.00799560546875
3.1914730072021484,43.7545166015625
-6.270209789276123,29.214492797851562
-22.152000427246094,3.0914719104766846
-33.87759017944336,-24.525510787963867
-37.82522964477539,-40.40061950683594
-36.09994888305664,-45.316951751708984
-29.515331268310547,-40.81440353393555
-23.612348556518555,-21.66890525817871
-23.192302703857422,3.51235294342041
-28.894865036010742,19.33965301513672
-36.08658981323242,20.093732833862305
-37.9744987487793,8.789024353027344
-27.352678298950195,-6.146200180053711
-4.908818244934082,-14.794304847717285
16.255489349365234,-12.877584457397461
25.29441261291504,-3.2505550384521484
16.747770309448242,7.647885799407959
-5.396505832672119,13.932918548583984
-27.861244201660156,11.723918914794922
-38.45655059814453,5.328864097595215
-34.11036682128906,1.5605586767196655
-16.378246307373047,4.716540813446045
6.544325351715088,14.387202262878418
22.98812484741211,24.992738723754883
27.20716667175293,30.356050491333008
22.75764274597168,30.4639835357666
12.955663681030273,26.31112289428711
1.0772552490234375,23.15472412109375
-8.358540534973145,26.761442184448242
-16.084922790527344,34.566532135009766
-22.008991241455078,41.09958267211914
-27.076892852783203,40.49039077758789
-31.424745559692383,29.838090896606445
-28.249557495117188,7.463959217071533
-15.966968536376953,-18.013126373291016
-1.9361366033554077,-33.979679107666016
9.836008071899414,-35.70307540893555
15.871768951416016,-24.486679077148438
14.866331100463867,-7.837449073791504
10.29071044921875,3.8250911235809326
5.120093822479248,3.2785301208496094
1.9104578495025635,-8.075655937194824
0.047390878200531006,-22.58624267578125
-1.1377986669540405,-31.810134887695312
-4.458083152770996,-31.43455696105957
-9.377548217773438,-20.631317138671875
-12.364217758178711,-5.3793864250183105
-9.505106925964355,6.509669780731201
0.26138052344322205,9.204477310180664
14.286784172058105,1.1486546993255615
26.788164138793945,-13.138129234313965
32.35356521606445,-26.011747360229492
29.888195037841797,-35.342323303222656
22.790210723876953,-39.33046340942383
15.513310432434082,-38.30519104003906
7.374814033508301,-33.96464538574219
2.4353065490722656,-26.11821937561035
0.15073221921920776,-16.748186111450195
0.39770758152008057,-8.191732406616211
3.9065115451812744,-1.819016456604004
10.638938903808594,0.07160824537277222
21.738426208496094,-1.5780954360961914
32.64772415161133,-5.205481052398682
40.854278564453125,-7.770016193389893
43.571006774902344,-6.40340518951416
40.92901611328125,-1.1590932607650757
32.84292221069336,5.731373310089111
24.353483200073242,8.844766616821289
18.887039184570312,4.990238666534424
16.707895278930664,-6.125532150268555
15.521451950073242,-21.478715896606445
7.725757122039795,-35.43960952758789
-6.84871244430542,-41.73445510864258
-26.059972763061523,-38.21187210083008
-41.77182388305664,-29.019710540771484
-45.740966796875,-19.627756118774414
-35.65631103515625,-14.466117858886719
-9.871916770935059,-12.931655883789062
19.80354118347168,-11.969850540161133
37.734413146972656,-11.009297370910645
39.30186080932617,-5.939517498016357
25.7503662109375,5.770622253417969
3.404836416244507,20.320039749145508
-12.693865776062012,31.946462631225586
-14.640440940856934,37.50956726074219
-3.7196619510650635,37.37031555175781
14.618937492370605,31.571928024291992
29.650197982788086,23.806922912597656
34.566532135009766,18.102272033691406
28.57941436767578,15.153807640075684
14.548373222351074,13.089903831481934
1.3937511444091797,6.82720947265625
-5.068527698516846,-0.8073151111602783
-2.953057289123535,-8.932241439819336
5.789829254150391,-16.40684700012207
17.057584762573242,-17.69203758239746
26.25997543334961,-13.961936950683594
30.930585861206055,-7.015102863311768
30.325986862182617,-2.4486680030822754
26.7274112701416,-3.7017078399658203
21.392284393310547,-12.19198226928711
16.741296768188477,-23.979576110839844
12.451692581176758,-31.854812622070312
7.124916076660156,-33.284263610839844
0.9233914613723755,-26.69860076904297
-7.963755130767822,-15.69848918914795
-18.213964462280273,-4.310690879821777
-26.15308380126953,0.44405463337898254
-29.780052185058594,-3.650350332260132
-28.43515396118164,-14.754429817199707
-21.649280548095703,-27.601533889770508
-13.827488899230957,-36.29995346069336
-9.739347457885742,-39.369503021240234
-10.989047050476074,-38.51792907714844
-16.77219581604004,-35.278228759765625
-24.12216567993164,-31.614309310913086
-26.26373291015625,-28.08922004699707
-18.621692657470703,-23.474977493286133
-2.0411481857299805,-15.959243774414062
18.560104370117188,-3.845759391784668
33.871952056884766,9.120760917663574
37.94318389892578,18.12920379638672
31.100942611694336,22.18331527709961
15.202868461608887,20.37118911743164
-1.8050287961959839,12.196366310119629
-12.955663681030273,4.022587776184082
-14.649417877197266,1.2269436120986938
-8.208434104919434,4.461632251739502
1.1509511470794678,11.553771018981934
8.702176094055176,18.173879623413086
15.159027099609375,21.86368751525879
20.832571029663086,22.65283966064453
26.80987548828125,20.977039337158203
32.91411209106445,19.658029556274414
34.13980484008789,21.189777374267578
26.77313232421875,26.413211822509766
8.663345336914062,33.73958969116211
-16.87282371520996,38.590370178222656
-37.27115249633789,37.9233512878418
-48.0416145324707,35.00098419189453
-50.45375061035156,30.16210174560547
-43.91130065917969,23.519027709960938
-24.95223617553711,16.833782196044922
-0.7603417634963989,11.38905143737793
14.472380638122559,10.591965675354004
17.317920684814453,14.407453536987305
10.137681007385254,21.82756996154785
-3.0424108505249023,28.915742874145508
-16.413528442382812,27.890888214111328
-26.13492202758789,15.59389591217041
-30.678600311279297,-8.241002082824707
-28.544757843017578,-35.02979278564453
-23.958072662353516,-51.420772552490234
-20.97745704650879,-55.4836540222168
-19.39080238342285,-48.552059173583984
-20.308975219726562,-23.18645668029785
-21.491451263427734,14.881153106689453
-19.587465286254883,41.43904495239258
-14.718938827514648,49.966896057128906
-9.820141792297363,44.91778564453125
-4.9541215896606445,28.994449615478516
0.2578314244747162,12.284467697143555
0.3281870484352112,6.204238414764404
-4.556204795837402,11.564209938049316
-6.864370346069336,22.220685958862305
-3.0194461345672607,27.086706161499023
9.79321002960205,19.556148529052734
30.161893844604492,2.2526326179504395
44.70838928222656,-15.063409805297852
47.65434646606445,-23.739280700683594
42.18080520629883,-19.868886947631836
21.30376625061035,-2.9741430282592773
-7.3318071365356445,18.45613670349121
-23.195642471313477,29.783809661865234
-20.426095962524414,26.99505615234375
-0.03757867217063904,10.527246475219727
26.105276107788086,-13.589908599853516
37.5041389465332,-30.07483673095703
31.850637435913086,-35.89347457885742
10.948963165283203,-31.361278533935547
-19.332138061523438,-17.492036819458008
-39.369503021240234,-3.096482515335083
-40.27619171142578,4.9474406242370605
-24.21986961364746,5.419261932373047
2.3607754707336426,-0.22171415388584137
22.73426055908203,-6.819067478179932
27.971683502197266,-9.717635154724121
19.625669479370117,-5.9117512702941895
6.67856502532959,5.918849468231201
-1.5112888813018799,22.16285514831543
-0.5283978581428528,36.88262939453125
4.559962749481201,45.2870979309082
5.491913795471191,44.85828399658203
-2.7712180614471436,31.553556442260742
-20.344257354736328,5.340764045715332
-35.10662078857422,-23.927383422851562
-40.02065658569336,-40.40876007080078
-37.157997131347656,-45.03594970703125
-30.7673282623291,-39.55363845825195
-24.11465072631836,-19.228796005249023
-22.576221466064453,5.291912078857422
-28.4875545501709,18.7816104888916
-35.98220443725586,18.4127140045166
-37.81834030151367,8.580672264099121
-27.590051651000977,-3.7660090923309326
-5.69254207611084,-12.095739364624023
15.941915512084961,-12.153568267822266
25.52092742919922,-6.1635284423828125
17.997468948364258,1.899810552597046
-4.521340370178223,10.782990455627441
-28.84663963317871,15.695358276367188
-39.83338928222656,14.530001640319824
-35.01810073852539,6.907377243041992
-14.15170955657959,-8.858545303344727
14.802447319030762,-26.847246170043945
32.88718032836914,-37.67198944091797
38.01896667480469,-37.80622863769531
35.28762435913086,-28.07272720336914
24.056821823120117,-8.941218376159668
11.885089874267578,10.884870529174805
3.7440881729125977,21.89771842956543
-5.1278181076049805,23.035724639892578
-17.837968826293945,15.761747360229492
-33.62852478027344,6.917189121246338
-44.92864227294922,0.9983400106430054
-46.32990646362305,-0.2519858479499817
-35.12520217895508,1.6294529438018799
-10.368998527526855,4.410483360290527
14.448163986206055,6.991302967071533
27.28065299987793,10.208037376403809
21.65554428100586,16.446096420288086
0.7947888970375061,26.882736206054688
-21.476001739501953,36.66007995605469
-32.354610443115234,41.212318420410156
-29.91888427734375,39.41146469116211
-15.191386222839355,28.657703399658203
6.4771013259887695,7.528469085693359
20.676410675048828,-15.245248794555664
20.525678634643555,-27.935565948486328
9.701560020446777,-29.20426368713379
-1.6749647855758667,-19.86074447631836
-6.044111728668213,-6.63785457611084
0.9734963178634644,1.257632851600647
16.56175422668457,-1.5273641347885132
29.919301986694336,-10.805747032165527
35.14795684814453,-18.231082916259766
30.24226951599121,-18.055925369262695
15.146918296813965,-6.083360195159912
-4.246389865875244,14.669669151306152
-18.70707893371582,30.737890243530273
-24.119243621826172,32.89845657348633
-21.9964656829834,20.61127471923828
-12.364635467529297,-6.631382465362549
1.8877018690109253,-36.17093276977539
12.026009559631348,-52.31618881225586
18.10373306274414,-55.611419677734375
22.672046661376953,-50.16794204711914
23.540740966796875,-35.05129623413086
16.73524284362793,-13.594710350036621
5.166023254394531,6.010290622711182
-3.249093532562256,20.116071701049805
-5.990666389465332,27.581073760986328
-3.9964916706085205,30.868371963500977
-0.5747448801994324,30.728286743164062
0.6175428032875061,27.435977935791016
-1.8505407571792603,21.209819793701172
-7.182536602020264,12.328726768493652
-12.491985321044922,3.6113102436065674
-13.731454849243164,-2.8117196559906006
-11.061073303222656,-5.085020542144775
-5.506527900695801,-1.7659887075424194
2.374763250350952,6.2161383628845215
10.024109840393066,17.21353530883789
18.607704162597656,25.873123168945312
29.06668472290039,29.508441925048828
40.953861236572266,25.679384231567383
51.333717346191406,14.873220443725586
56.12082290649414,0.4359125792980194
52.946048736572266,-14.030413627624512
39.27305221557617,-25.00651741027832
14.702445983886719,-30.541854858398438
-11.354394912719727,-26.829710006713867
-27.2368106842041,-16.80601692199707
-31.469213485717773,-9.863983154296875
-26.903196334838867,-12.62142276763916
-22.293964385986328,-25.088773727416992
-22.651796340942383,-39.72336959838867
-26.561647415161133,-48.00633239746094
-29.591949462890625,-47.59735107421875
-25.076663970947266,-40.15427017211914
-8.063130378723145,-22.35847282409668
19.374309539794922,-2.9553537368774414
42.90857696533203,3.392101287841797
53.4460563659668,-4.514659881591797
52.50930404663086,-17.535669326782227
44.195438385009766,-28.13702964782715
34.52268981933594,-28.881921768188477
29.120128631591797,-13.370073318481445
30.33538246154785,10.198851585388184
34.34502410888672,27.624706268310547
35.72145080566406,31.203866958618164
31.41639518737793,21.15846061706543
20.039451599121094,2.5359339714050293
6.9837870597839355,-12.56421947479248
-1.790414810180664,-12.567351341247559
-3.978746175765991,2.978527069091797
-2.617980718612671,25.666858673095703
-1.7077417373657227,40.9597053527832
-2.2768499851226807,42.10502243041992
-1.6766350269317627,27.962080001831055
3.8058841228485107,2.279355049133301
14.391587257385254,-21.160966873168945
26.948707580566406,-31.59176254272461
34.77133560180664,-27.17919158935547
32.58091735839844,-13.737300872802734
16.713531494140625,3.939079761505127
-6.321358680725098,18.469707489013672
-21.91024398803711,24.611942291259766
-20.017114639282227,26.834510803222656
-1.485818862915039,28.327844619750977
23.291677474975586,25.562681198120117
39.08369445800781,19.713979721069336
37.956336975097656,12.932490348815918
20.219411849975586,1.5985548496246338
-7.001323699951172,-12.019329071044922
-25.081466674804688,-22.991674423217773
-26.09901237487793,-28.63473892211914
-14.838563919067383,-28.64517593383789
0.8371692895889282,-22.14552879333496
8.150605201721191,-14.013086318969727
-1.8801860809326172,-6.878357887268066
-22.6586856842041,-2.176013708114624
-39.69706344604492,0.05073120445013046
-44.56913757324219,2.6125526428222656
-36.79661560058594,4.600673198699951
-18.769710540771484,7.278362274169922
-2.5376040935516357,6.8748087882995605
0.5697343945503235,4.701717853546143
-9.071282386779785,2.599608898162842
-24.076444625854492,-0.09102389216423035
-34.052955627441406,-0.9709910750389099
-35.220191955566406,-1.0826832056045532
-28.749353408813477,-1.7430239915847778
-20.19122886657715,-3.950770854949951
-17.75634002685547,-7.30487585067749
-23.149921417236328,-9.855006217956543
-34.08009719848633,-6.920529842376709
-43.37685012817383,1.1321618556976318
-47.18732833862305,11.730599403381348
-45.96184539794922,21.457002639770508
-42.41775894165039,24.889814376831055
-40.455318450927734,18.492671966552734
-36.67573928833008,3.8136086463928223
-30.60761833190918,-14.700776100158691
-20.335697174072266,-27.302574157714844
-6.7044525146484375,-29.022216796875
2.704202890396118,-20.956581115722656
2.472050189971924,-4.937211036682129
-9.236837387084961,10.298225402832031
-26.113000869750977,20.080371856689453
-38.65091323852539,23.26119613647461
-41.54238510131836,23.107332229614258
-32.17882537841797,23.144702911376953
-12.451066017150879,24.36058235168457
8.947063446044922,25.139921188354492
20.794157028198242,23.977069854736328
17.929201126098633,19.380990982055664
5.093162536621094,10.690296173095703
-10.74687385559082,1.9551347494125366
-21.026517868041992,-1.0409291982650757
-21.58748435974121,2.8282124996185303
-14.959024429321289,13.53040885925293
-7.2232465744018555,25.357877731323242
-2.6363525390625,32.0007438659668
-2.049081325531006,29.830156326293945
-2.150543689727783,17.00748062133789
-1.761395812034607,-3.067880868911743
0.9968786239624023,-21.61170196533203
3.1703872680664062,-31.075471878051758
3.102954387664795,-29.15457534790039
0.49144551157951355,-16.94839859008789
-4.573950290679932,0.9789243340492249
-8.828899383544922,17.73379135131836
-12.305135726928711,26.425739288330078
-14.547746658325195,27.57418441772461
-17.99642562866211,21.78832244873047
-22.709835052490234,12.55795669555664
-25.767484664916992,6.301525592803955
-24.77582550048828,3.2599496841430664
-17.012907028198242,4.065385818481445
-3.0039970874786377,6.861865043640137
12.06546688079834,7.284833908081055
21.610240936279297,4.734912395477295
22.223400115966797,-2.7211132049560547
12.369019508361816,-14.408496856689453
0.669317901134491,-27.463953018188477
-4.673951625823975,-37.24401092529297
-1.1273601055145264,-42.644691467285156
8.357287406921387,-41.76138687133789
20.4091854095459,-32.819122314453125
26.525739669799805,-19.24675178527832
24.97457504272461,-3.7822930812835693
19.847801208496094,6.70006799697876
16.1696834564209,8.173569679260254
18.30060386657715,-0.6705704927444458
25.43950653076172,-17.38535499572754
33.22246551513672,-32.3999137878418
36.00141143798828,-39.52252960205078
34.60953903198242,-38.78703308105469
30.958770751953125,-27.62742042541504
22.688331604003906,-8.377120971679688
13.410783767700195,9.541433334350586
6.478145122528076,20.744678497314453
-3.1793642044067383,22.448871612548828
-17.385772705078125,16.63378143310547
-33.98698425292969,8.087764739990234
-44.7242546081543,2.8833279609680176
-45.43156814575195,0.9438509345054626
-34.569454193115234,1.4459437131881714
-10.063150405883789,4.670611381530762
15.82187271118164,7.035770893096924
27.958322525024414,9.973796844482422
22.2595157623291,16.355072021484375
1.7411450147628784,26.415090560913086
-21.90147590637207,36.44003677368164
-31.790719985961914,41.5482292175293
-28.48463249206543,40.91816329956055
-12.843972206115723,30.32577896118164
7.944130897521973,7.77565336227417
18.927541732788086,-16.19390106201172
17.24297332763672,-30.04665184020996
7.551225185394287,-30.201141357421875
-0.9277756214141846,-18.294132232666016
-1.7018961906433105,-2.7098395824432373
3.923630714416504,2.748044729232788
10.150834083557129,-7.224708080291748
14.312045097351074,-25.558923721313477
14.206825256347656,-41.16242218017578
13.008691787719727,-44.3641242980957
12.140416145324707,-33.97904968261719
7.422204971313477,-13.25295352935791
1.9302910566329956,6.83034086227417
-0.960761308670044,17.190570831298828
4.778754234313965,17.317502975463867
22.064733505249023,13.184685707092285
43.068912506103516,9.981103897094727
56.244415283203125,8.611987113952637
58.14631271362305,9.248946189880371
50.99738693237305,9.966907501220703
32.531856536865234,4.371652126312256
10.972554206848145,-9.363351821899414
-1.1035603284835815,-22.130496978759766
-1.3480304479599,-30.66482162475586
5.549117088317871,-32.73624038696289
12.342923164367676,-28.617618560791016
14.032084465026855,-22.245319366455078
10.78612232208252,-16.617706298828125
3.0793633460998535,-13.886362075805664
-7.6428751945495605,-11.928513526916504
-16.83712387084961,-11.096563339233398
-24.770814895629883,-7.193601131439209
-27.076892852783203,0.8841425776481628
-22.15032958984375,11.34249496459961
-11.636026382446289,23.6060848236084
2.0467848777770996,32.54104232788086
11.30512523651123,36.149009704589844
11.239362716674805,35.393680572509766
0.5954131484031677,29.119293212890625
-18.925870895385742,19.479948043823242
-36.98576354980469,10.792176246643066
-44.6507682800293,5.891918182373047
-40.01481246948242,5.923024654388428
-23.219024658203125,9.657092094421387
0.7634733319282532,11.218485832214355
19.97201919555664,6.482529163360596
25.9182186126709,-6.053297519683838
19.566587448120117,-23.118188858032227
5.363729000091553,-38.54047393798828
-7.880038261413574,-47.48377990722656
-15.231261253356934,-49.140167236328125
-15.372598648071289,-46.226776123046875
-11.43017864227295,-39.13547134399414
-4.887523651123047,-29.8687801361084
3.636988878250122,-21.79771614074707
12.529563903808594,-16.421043395996094
20.790817260742188,-12.414113998413086
27.02783203125,-9.173996925354004
29.884645462036133,-5.299427509307861
26.102144241333008,-2.0039870738983154
14.51455307006836,0.27411553263664246
-4.656832218170166,0.9313247203826904
-24.29273223876953,-0.5499011874198914
-38.642147064208984,-1.9664082527160645
-46.49024200439453,-3.248258590698242
-48.36103439331055,-7.3069634437561035
-47.50653839111328,-14.48532485961914
-43.304405212402344,-24.414236068725586
-36.662166595458984,-34.65797424316406
-27.844751358032227,-41.1505241394043
-15.682414054870605,-42.611289978027344
-0.8400920629501343,-37.814579010009766
12.502423286437988,-30.088197708129883
20.004379272460938,-24.969146728515625
20.444467544555664,-26.39651107788086
13.274664878845215,-33.64397430419922
4.044717311859131,-40.17389678955078
-2.9392783641815186,-41.97224426269531
-5.096293926239014,-36.49452590942383
-3.046795129776001,-24.727807998657227
1.016920566558838,-13.393455505371094
5.458719253540039,-9.826822280883789
7.597571849822998,-15.491806983947754
9.716174125671387,-25.27875328063965
14.6116304397583,-30.004690170288086
21.902727127075195,-21.760555267333984
30.34602928161621,-1.1511598825454712
34.617469787597656,24.30901527404785
31.825794219970703,41.05198287963867
23.635313034057617,45.58563995361328
8.315115928649902,36.78471755981445
-11.704503059387207,13.567152976989746
-30.876514434814453,-10.446453094482422
-43.40378189086914,-19.719823837280273
-48.05643844604492,-13.785735130310059
-47.52971267700195,0.36305171251296997
-38.95133590698242,15.637528419494629
-24.114858627319336,23.586252212524414
-7.607801914215088,19.902915954589844
6.100897312164307,7.1272125244140625
12.062335968017578,-5.563104629516602
10.56816577911377,-11.230594635009766
2.7647461891174316,-7.731602668762207
-6.464575290679932,3.1419944763183594
-11.859619140625,13.593249320983887
-12.998252868652344,16.424800872802734
-13.580931663513184,8.909276008605957
-18.076801300048828,-5.080009937286377
-27.058313369750977,-21.63028335571289
-36.936702728271484,-32.35251998901367
-43.26829147338867,-34.137088775634766
-42.60210418701172,-32.53415298461914
-30.646240234375,-25.178752899169922
-6.560818195343018,-10.613677978515625
18.016258239746094,5.024059295654297
29.794458389282227,15.502037048339844
26.115087509155273,17.553205490112305
9.664608001708984,11.284666061401367
-11.229759216308594,0.8904057145118713
-23.285831451416016,-7.084414482116699
-18.862403869628906,-7.87857723236084
-0.6313216686248779,1.7290363311767578
22.259933471679688,18.183483123779297
37.11603546142578,31.402616500854492
40.81502914428711,37.06321716308594
37.82481002807617,37.116451263427734
31.477981567382812,30.90699577331543
26.900691986083984,19.138816833496094
24.618831634521484,10.889045715332031
26.17479705810547,10.651883125305176
29.087352752685547,20.1281795501709
31.601781845092773,32.05836486816406
33.85149383544922,38.08744430541992
36.00725555419922,38.1461067199707
39.409793853759766,31.537273406982422
40.443626403808594,19.711891174316406
34.1890754699707,7.949350357055664
19.19059181213379,1.6895787715911865
-2.2334256172180176,2.90316104888916
-20.479122161865234,10.78027629852295
-25.857255935668945,19.799158096313477
-17.61562728881836,26.861650466918945
1.4438560009002686,28.097780227661133
21.404184341430664,22.443235397338867
31.585498809814453,13.951081275939941
29.27086067199707,6.139310836791992
18.739856719970703,1.242183804512024
9.024518013000488,-0.09039758145809174
8.363133430480957,-0.23403160274028778
17.65529441833496,-1.6975120306015015
29.35332489013672,-6.497143268585205
34.07007598876953,-13.443978309631348
24.66100311279297,-19.01814842224121
-0.20104588568210602,-19.674938201904297
-30.618057250976562,-10.857730865478516
-49.134944915771484,4.615913391113281
-50.68047332763672,20.34321403503418
-39.442989349365234,32.45189666748047
-18.79726791381836,37.20330047607422
3.596278667449951,31.827255249023438
15.78116226196289,19.474519729614258
14.576974868774414,8.515953063964844
3.3434576988220215,3.858285665512085
-10.640192031860352,4.814245223999023
-19.50813102722168,7.056439399719238
-22.1125431060791,4.6338677406311035
-17.990787506103516,-6.282318592071533
-9.002805709838867,-21.00752067565918
2.826124668121338,-30.337051391601562
14.08448600769043,-27.464162826538086
23.94304084777832,-11.4118070602417
29.472742080688477,12.791361808776855
26.31195831298828,31.093427658081055
16.283672332763672,35.622074127197266
-1.603982925415039,24.3770751953125
-22.216718673706055,3.3188228607177734
-37.34192657470703,-11.255855560302734
-43.834476470947266,-10.299896240234375
-42.48811340332031,7.7800374031066895
-33.30117416381836,30.736846923828125
-19.866798400878906,43.82779312133789
-8.35165023803711,40.3912239074707
3.873108386993408,15.474896430969238
14.998273849487305,-19.529844284057617
17.086395263671875,-42.69563293457031
12.780506134033203,-47.58315658569336
2.0183920860290527,-35.609130859375
-19.95281219482422,-9.457090377807617
-39.26908493041992,11.07568645477295
-47.175846099853516,14.46945858001709
-43.154510498046875,4.488354682922363
-23.036352157592773,-10.821822166442871
7.057065486907959,-14.597017288208008
30.81659698486328,-0.49165427684783936
35.334598541259766,24.493986129760742
22.286657333374023,45.76268005371094
1.1400951147079468,52.68696594238281
-19.29623031616211,43.24031448364258
-28.240161895751953,15.704126358032227
-18.2866153717041,-19.76491928100586
1.280806303024292,-41.80668640136719
15.967803001403809,-44.90504837036133
21.21649932861328,-33.12455368041992
13.869034767150879,-12.006802558898926
-0.0031315558589994907,6.397351264953613
-6.196514129638672,16.294111251831055
1.9371803998947144,16.773239135742188
23.21881675720215,13.099298477172852
46.00526809692383,10.331003189086914
57.33816146850586,7.335773944854736
57.848812103271484,7.781707763671875
49.51010513305664,8.416160583496094
31.78529167175293,2.935311794281006
11.147294998168945,-8.754159927368164
-0.1175377294421196,-21.155120849609375
-0.5722396373748779,-30.05729866027832
4.031773567199707,-33.502010345458984
10.585285186767578,-29.89487648010254
13.012449264526367,-23.072467803955078
10.985498428344727,-16.084922790527344
4.061001777648926,-11.022032737731934
-6.704660892486572,-10.920988082885742
-17.885568618774414,-12.288225173950195
-26.5631103515625,-10.221189498901367
-27.801326751708984,-1.1355020999908447
-21.270780563354492,15.304957389831543
-8.475869178771973,30.495925903320312
4.358916759490967,35.853599548339844
12.086552619934082,26.82448959350586
14.800150871276855,6.307371139526367
11.575065612792969,-15.297441482543945
6.068328857421875,-26.17082977294922
0.5392538905143738,-23.359527587890625
-5.249948978424072,-14.22728443145752
-8.84998607635498,-5.373332500457764
-8.187139511108398,-4.547645568847656
-3.419450283050537,-10.13956069946289
6.6975626945495605,-16.86405372619629
14.6389799118042,-19.733186721801758
13.549615859985352,-18.801443099975586
0.49040165543556213,-16.111228942871094
-21.062009811401367,-11.097189903259277
-38.40916061401367,-5.53951358795166
-43.054298400878906,-0.35595351457595825
-33.598880767822266,2.0970985889434814
-13.526651382446289,-1.6841506958007812
6.019894123077393,-12.401796340942383
13.877802848815918,-27.168542861938477
11.481953620910645,-36.072811126708984
6.102149963378906,-35.38261413574219
3.687302589416504,-24.51924705505371
8.099873542785645,-5.754755973815918
15.907051086425781,8.546642303466797
19.610219955444336,11.828304290771484
13.867781639099121,1.6922928094863892
-0.9588823914527893,-14.464447975158691
-14.396596908569336,-26.589832305908203
-16.34087562561035,-28.365633010864258
-4.245554447174072,-17.387441635131836
20.141958236694336,2.938443183898926
39.104156494140625,21.90836524963379
41.98915481567383,32.18550491333008
28.5913143157959,37.914581298828125
-1.7937551736831665,36.596824645996094
-32.306175231933594,29.184221267700195
-46.79567337036133,24.969146728515625
-45.92656326293945,24.1278018951416
-32.75419616699219,25.01799964904785
-13.329989433288574,25.451616287231445
-1.371412754058838,22.135089874267578
-4.920509338378906,15.809555053710938
-20.412525177001953,9.470869064331055
-36.29682159423828,4.4411725997924805
-41.33131790161133,2.9511783123016357
-34.27299880981445,5.239301681518555
-15.269048690795898,10.213047981262207
7.20195198059082,16.907060623168945
20.024837493896484,22.193336486816406
19.804794311523438,23.279985427856445
6.228038311004639,20.478286743164062
-14.424781799316406,10.503655433654785
-31.895105361938477,-5.383979797363281
-39.329627990722656,-22.47287940979004
-36.30746841430664,-36.35757064819336
-25.146602630615234,-45.25724411010742
-8.988191604614258,-47.289833068847656
6.8754353523254395,-40.60584259033203
18.589542388916016,-27.817609786987305
23.397315979003906,-15.238777160644531
20.25782585144043,-6.823868751525879
13.397421836853027,-3.773942232131958
7.528051376342773,-4.824057579040527
4.352027416229248,-5.795257091522217
6.0547590255737305,-4.007974147796631
12.694701194763184,-0.9929119944572449
19.810848236083984,2.347623109817505
23.84512710571289,4.345764636993408
24.290225982666016,3.9962828159332275
17.867822647094727,3.165167808532715
4.682093620300293,6.48795747756958
-12.681549072265625,15.413100242614746
-29.71261978149414,27.549341201782227
-38.21145248413086,37.197872161865234
-40.75991439819336,41.094154357910156
-39.23588943481445,37.67637634277344
-31.444578170776367,24.467681884765625
-16.29640769958496,0.09060634672641754
-0.9634753465652466,-25.72635841369629
5.220303535461426,-41.75282669067383
2.5730950832366943,-47.127620697021484
-3.7169480323791504,-41.09498977661133
-10.07651138305664,-24.52906036376953
-9.03015422821045,-2.3146374225616455
0.09874839335680008,15.871977806091309
10.084653854370117,24.735532760620117
12.98656177520752,24.553485870361328
5.987326145172119,17.653623580932617
-9.441849708557129,9.1497802734375
-24.71215057373047,3.9223780632019043
-29.704687118530273,3.995030164718628
-22.35742950439453,8.961051940917969
-1.4231877326965332,11.017857551574707
21.384769439697266,7.864380836486816
34.24669647216797,-0.7651434540748596
35.84483337402344,-12.912031173706055
29.134117126464844,-21.592077255249023
22.380603790283203,-22.025068283081055
23.88395881652832,-11.117441177368164
32.66630172729492,5.412163734436035
40.34404373168945,17.399341583251953
39.88036346435547,20.060747146606445
27.15497398376465,10.271503448486328
3.164959192276001,-9.871499061584473
-19.594144821166992,-27.73973846435547
-27.664581298828125,-33.84710693359375
-20.7903995513916,-27.265830993652344
-3.5948173999786377,-8.698209762573242
11.485294342041016,16.066343307495117
10.555222511291504,33.52977752685547
-5.711540222167969,37.66844177246094
-26.749958038330078,31.405330657958984
-38.72983169555664,20.428808212280273
-31.10741424560547,12.843554496765137
-1.3872792720794678,12.024130821228027
33.85107421875,13.9840669631958
52.46420669555664,11.60491943359375
54.09574890136719,5.97584342956543
39.97431182861328,-4.535745620727539
12.89407730102539,-20.02734375
-9.556673049926758,-29.09382438659668
-14.902030944824219,-27.856233596801758
-4.728649139404297,-17.14693832397461
13.737926483154297,-0.7574189901351929
30.789875030517578,9.856884956359863
40.867637634277344,7.658324241638184
45.64973449707031,-5.3115363121032715
46.78669738769531,-23.699405670166016
46.57521438598633,-36.89056396484375
46.31049346923828,-41.377037048339844
45.07540512084961,-39.03776550292969
35.518314361572266,-31.374013900756836
10.04039478302002,-22.337804794311523
-19.90542221069336,-17.613330841064453
-38.7548828125,-18.771799087524414
-42.965362548828125,-23.75222396850586
-36.022705078125,-28.449140548706055
-23.619237899780273,-27.73869514465332
-11.135812759399414,-18.454050064086914
-0.3357027769088745,-6.660192966461182
9.55166244506836,4.128225803375244
19.682662963867188,9.855215072631836
26.5825252532959,9.306148529052734
25.620927810668945,8.228893280029297
10.95063304901123,8.290480613708496
-16.998920440673828,12.140832901000977
-44.30859375,17.101634979248047
-54.86778259277344,20.68684959411621
-52.10136413574219,23.14115333557129
-27.935148239135742,21.28936004638672
21.848865509033203,15.944211959838867
57.02813720703125,6.8750176429748535
65.30484008789062,-0.0943642184138298
60.804168701171875,2.633429765701294
38.62523651123047,7.989016532897949
5.177923202514648,9.029736518859863
-12.849608421325684,7.182327747344971
-4.77583122253418,3.152015447616577
19.50437355041504,0.8889443278312683
39.19100570678711,3.2841670513153076
40.625675201416016,9.043307304382324
19.83861541748047,18.86616325378418
-19.22148895263672,25.50923728942871
-47.536808013916016,24.161832809448242
-55.383026123046875,19.71168327331543
-50.69905471801758,11.939995765686035
-28.200912475585938,5.489200115203857
1.2089893817901611,5.30005407333374
20.773488998413086,10.810548782348633
29.166685104370117,15.50224494934082
31.400737762451172,12.291565895080566
33.05774688720703,-0.13674460351467133
34.857975006103516,-18.04757308959961
33.771949768066406,-31.931222915649414
26.561229705810547,-33.86485290527344
9.598845481872559,-20.308975219726562
-14.2452392578125,9.532665252685547
-31.27777099609375,37.17720413208008
-34.598262786865234,48.512603759765625
-33.70201110839844,47.392757415771484
-29.90260124206543,31.694059371948242
-21.461177825927734,5.516131401062012
-17.24359893798828,-13.50765323638916
-20.273693084716797,-14.982406616210938
-26.89902114868164,0.05490661412477493
-30.646032333374023,20.17452621459961
-28.74601173400879,32.66693115234375
-25.30484962463379,30.15145492553711
-22.25575828552246,11.391347885131836
-19.189130783081055,-16.41060447692871
-15.345250129699707,-38.8095817565918
-11.308674812316895,-47.46207046508789
-3.863922357559204,-44.6939811706543
4.3852219581604,-32.71076965332031
8.50614070892334,-18.99205207824707
6.320314884185791,-9.082764625549316
-2.0941758155822754,-5.94223165512085
-9.833085060119629,-8.984434127807617
-12.56672477722168,-12.00200080871582
-6.061439514160156,-14.72415828704834
7.196106433868408,-15.597026824951172
16.212064743041992,-15.598906517028809
14.405365943908691,-17.112699508666992
-0.7244332432746887,-16.973031997680664
-22.73050308227539,-13.186773300170898
-39.44069290161133,-6.0543413162231445
-43.07622146606445,1.6035653352737427
-32.55440139770508,5.266859531402588
-13.547319412231445,-0.029227854683995247
4.303383827209473,-14.36716079711914
11.880496978759766,-29.487356185913086
9.440388679504395,-37.619171142578125
5.307987213134766,-35.5521354675293
4.036993026733398,-22.707956314086914
8.840799331665039,-5.6910810470581055
15.576985359191895,6.322402477264404
17.40748405456543,7.892982006072998
12.73186206817627,-1.1039777994155884
0.5785027742385864,-12.31014633178711
-11.933941841125488,-22.03007698059082
-15.896404266357422,-25.758508682250977
-8.232234001159668,-23.256603240966797
9.021803855895996,-15.935443878173828
29.748109817504883,-3.7626688480377197
43.74637222290039,6.389209270477295
46.74118423461914,12.062544822692871
41.38037872314453,11.404708862304688
30.26398277282715,2.787919759750366
17.35591697692871,-10.997815132141113
9.1299467086792,-21.067020416259766
6.323029041290283,-19.115224838256836
5.667907238006592,-7.242244720458984
2.8526387214660645,10.016803741455078
-3.4591166973114014,23.404830932617188
-8.861050605773926,26.107572555541992
-9.32890510559082,21.28268051147461
-1.7835254669189453,15.296398162841797
8.032441139221191,14.535221099853516
11.59239387512207,22.612546920776367
4.811531066894531,37.05653381347656
-8.74434757232666,48.714691162109375
-20.862424850463867,52.2420768737793
-26.38774299621582,48.95999526977539
-18.89225959777832,37.64756393432617
5.814464092254639,17.93421173095703
31.929969787597656,-0.6615933775901794
44.032596588134766,-9.267317771911621
41.207725524902344,-5.918849468231201
22.517765045166016,7.177943706512451
-5.683356285095215,23.262866973876953
-27.37856674194336,31.961912155151367
-35.404117584228516,29.28547477722168
-34.613922119140625,16.633363723754883
-26.161226272583008,-7.181492805480957
-14.583864212036133,-33.41223907470703
-6.3063273429870605,-49.50468063354492
0.26179808378219604,-54.92352294921875
10.479021072387695,-51.66941833496094
23.989805221557617,-40.1217041015625
35.32457733154297,-21.79959487915039
39.018978118896484,-4.800674915313721
32.29176712036133,7.065625190734863
18.687456130981445,13.829368591308594
3.593355894088745,14.978440284729004
-7.810726642608643,13.559428215026855
-11.884045600891113,7.429512023925781
-9.657718658447266,-3.426339626312256
-6.1228179931640625,-17.806652069091797
-4.10442590713501,-32.690521240234375
-3.9376182556152344,-41.0467643737793
-3.615068197250366,-41.060333251953125
0.3651394248008728,-32.11974334716797
7.837031841278076,-13.50953197479248
14.809127807617188,5.862063884735107
14.76674747467041,16.935245513916016
5.313206672668457,16.388267517089844
-12.80305290222168,7.15748405456543
-32.20053482055664,-2.7971057891845703
-43.04156494140625,-5.244938373565674
-44.56308364868164,1.5221449136734009
-38.32940673828125,12.543760299682617
-27.432220458984375,21.40460205078125
-18.590585708618164,21.813791275024414
-14.022272109985352,10.235803604125977
-12.83165454864502,-8.328685760498047
-13.141678810119629,-23.044492721557617
-13.207023620605469,-27.421573638916016
-14.467787742614746,-19.934022903442383
-18.05425453186035,-3.801708698272705
-23.502952575683594,12.229351997375488
-28.807600021362305,20.751567840576172
-29.621387481689453,18.97848129272461
-22.067447662353516,8.844975471496582
-4.601508140563965,-6.382737159729004
13.44021987915039,-21.469112396240234
23.03864860534668,-32.06922149658203
19.18662452697754,-39.919193267822266
3.478949785232544,-44.64387893676758
-15.500992774963379,-44.19439697265625
-27.5422420501709,-39.03651428222656
-27.019689559936523,-30.071077346801758
-15.612894058227539,-16.095571517944336
-1.4060685634613037,0.7025123834609985
5.321348667144775,16.105175018310547
-1.9417734146118164,28.560625076293945
-18.680774688720703,35.9657096862793
-33.36380386352539,39.273677825927734
-38.4550895690918,39.169918060302734
-33.49616622924805,35.32415771484375
-15.98951530456543,24.44763946533203
7.036397457122803,6.021355628967285
20.105422973632812,-13.627069473266602
16.051729202270508,-26.285236358642578
-1.79396390914917,-24.672903060913086
-25.719884872436523,-7.785256862640381
-42.48832321166992,15.530637741088867
-44.899620056152344,33.638336181640625
-40.43861770629883,40.898956298828125
-31.682994842529297,36.2978630065918
-14.447746276855469,20.426095962524414
7.4844183921813965,1.711708426475525
23.785419464111328,-6.94662618637085
30.186737060546875,-3.328843832015991
27.956233978271484,7.267088413238525
18.415218353271484,14.499312400817871
6.96186637878418,10.033087730407715
-0.7321577668190002,-8.617415428161621
-2.0346763134002686,-31.484663009643555
3.2726845741271973,-43.88249206542969
10.890716552734375,-40.4747314453125
16.614574432373047,-20.405635833740234
15.45965576171875,9.501349449157715
7.878159523010254,32.988643646240234
1.4455262422561646,40.27347946166992
2.334261655807495,31.2867488861084
10.358560562133789,12.642717361450195
21.33007049560547,-3.5300984382629395
26.162479400634766,-7.351640701293945
15.387839317321777,5.038882255554199
-12.157743453979492,24.705888748168945
-38.94089889526367,36.29201889038086
-53.05419158935547,35.02561569213867
-58.732330322265625,22.39166831970215
-50.43015670776367,-5.4388861656188965
-19.523998260498047,-37.553199768066406
11.863377571105957,-53.3546142578125
27.249128341674805,-52.780914306640625
30.95062828063965,-41.094154357910156
17.579927444458008,-16.1452579498291
-2.2029452323913574,14.651506423950195
-11.7439603805542,33.30096435546875
-7.0023674964904785,36.666343688964844
8.078370094299316,27.963958740234375
23.074764251708984,10.981531143188477
30.19487953186035,-0.7995905876159668
27.728883743286133,-2.931553840637207
20.73799705505371,7.246837615966797
14.690337181091309,25.30568504333496
13.194914817810059,38.39183044433594
15.066332817077637,41.4215087890625
16.80225944519043,33.77717208862305
13.79095458984375,16.531274795532227
4.72885799407959,-3.9564077854156494
-4.460587978363037,-19.732769012451172
-7.720120429992676,-28.07293701171875
-1.2851905822753906,-32.0621223449707
13.759847640991211,-35.4442024230957
27.99151611328125,-40.14717102050781
34.35984802246094,-44.76204299926758
33.89533615112305,-46.81863784790039
29.005722045898438,-43.720069885253906
18.09037208557129,-31.540613174438477
4.662468910217285,-10.168370246887207
-6.061230659484863,10.169623374938965
-12.287389755249023,19.583498001098633
-13.269237518310547,17.84715461730957
-12.269018173217773,10.092795372009277
-9.194457054138184,2.8799874782562256
-4.590860843658447,1.784778118133545
0.9202598929405212,5.4451494216918945
7.4161505699157715,7.36521053314209
13.375083923339844,4.1889777183532715
16.782424926757812,-7.084623336791992
17.344226837158203,-20.889564514160156
14.520398139953613,-28.6180362701416
10.14832878112793,-27.141820907592773
5.7432732582092285,-15.157773971557617
2.8181915283203125,2.589796781539917
2.0309183597564697,16.20350456237793
2.1720471382141113,19.214183807373047
3.210888624191284,12.01661491394043
2.760153293609619,3.1236226558685303
0.7020948529243469,-0.39749881625175476
-4.72572660446167,4.814662933349609
-12.182796478271484,13.700974464416504
-18.030664443969727,19.14006996154785
-18.02732276916504,14.7571439743042
-10.848127365112305,-0.8515744209289551
0.8810110688209534,-19.12462043762207
12.700338363647461,-31.633098602294922
16.718124389648438,-33.03269577026367
10.224321365356445,-23.973730087280273
-7.082118034362793,-11.219321250915527
-24.75473976135254,-1.856177568435669
-31.63810920715332,-1.7933377027511597
-22.821735382080078,-9.580681800842285
0.7000071406364441,-17.805191040039062
26.711545944213867,-18.914596557617188
42.27036666870117,-10.752092361450195
41.60856628417969,0.04342424124479294
24.66476058959961,8.42618179321289
-2.3121321201324463,9.033703804016113
-20.95240592956543,1.619431972503662
-20.26763916015625,-6.534512996673584
-1.8724616765975952,-9.872543334960938
25.701305389404297,-4.385848522186279
44.89878463745117,4.280628204345703
49.28171157836914,10.295928955078125
43.41797637939453,11.217859268188477
30.136005401611328,1.9380155801773071
15.142743110656738,-12.626224517822266
7.210093975067139,-21.861600875854492
6.320106029510498,-20.582672119140625
6.880028247833252,-7.520327091217041
4.495661735534668,10.686956405639648
-2.8428263664245605,23.345123291015625
-9.100092887878418,26.314254760742188
-9.04414176940918,22.15617561340332
-1.6100372076034546,15.928345680236816
8.903013229370117,13.350239753723145
13.502851486206055,22.214214324951172
6.870007038116455,36.80141830444336
-7.377945423126221,48.7729377746582
-19.8327693939209,52.94855499267578
-24.40317153930664,49.82326126098633
-16.653196334838867,38.32732009887695
6.3844075202941895,17.161970138549805
31.32808494567871,-1.8106656074523926
43.264949798583984,-10.361900329589844
40.51607131958008,-7.149759769439697
22.916725158691406,6.047243118286133
-3.419450283050537,22.171833038330078
-25.204431533813477,32.31243896484375
-35.51810836791992,33.477169036865234
-36.49431610107422,28.65123176574707
-30.607826232910156,19.975568771362305
-21.209402084350586,10.757729530334473
-14.753803253173828,5.669368743896484
-12.565054893493652,4.960175514221191
-14.098682403564453,5.080844879150391
-21.44134521484375,2.956606388092041
-30.85062599182129,-2.676227569580078
-39.51877212524414,-9.826822280883789
-44.29022216796875,-15.841497421264648
-41.3912353515625,-19.737152099609375
-27.19443130493164,-17.75905418395996
0.4588773250579834,-10.725787162780762
32.28550720214844,-3.963088274002075
50.98674011230469,-3.7321882247924805
54.113704681396484,-9.57922077178955
44.077274322509766,-18.9415283203125
18.338600158691406,-28.847267150878906
-10.756476402282715,-31.317020416259766
-26.886703491210938,-24.66267204284668
-25.1501522064209,-12.99428653717041
-8.318456649780273,-0.7317402362823486
11.04708480834961,4.048058032989502
18.21041488647461,0.10459396243095398
9.3861083984375,-9.830371856689453
-9.146857261657715,-19.08411979675293
-23.762245178222656,-19.521909713745117
-27.311969757080078,-13.87028694152832
-16.98639488220215,-4.782094478607178
2.061816453933716,0.7446839809417725
16.86989974975586,-3.2417867183685303
21.23236656188965,-13.359426498413086
14.321857452392578,-22.692506790161133
2.595850944519043,-23.7321834564209
-2.649087429046631,-14.435637474060059
2.6042017936706543,2.1741347312927246
15.973857879638672,18.682445526123047
26.285444259643555,26.20068359375
27.30487060546875,22.657014846801758
15.51498031616211,10.959609985351562
-7.419490814208984,-2.374554395675659
-27.102571487426758,-9.564815521240234
-35.19660186767578,-8.175448417663574
-30.404067993164062,-1.6263213157653809
-15.68345832824707,4.420295715332031
1.605444312095642,4.133862495422363
13.84419059753418,-3.248676061630249
19.82671546936035,-13.478216171264648
20.465970993041992,-22.995223999023438
21.453662872314453,-27.72992706298828
25.93450164794922,-27.312803268432617
33.76380920410156,-22.738853454589844
41.27411651611328,-16.41770362854004
42.89897537231445,-11.657529830932617
38.85091781616211,-9.248737335205078
27.72053337097168,-8.894036293029785
11.946677207946777,-9.832876205444336
-4.348478317260742,-12.699085235595703
-19.23401641845703,-18.734638214111328
-29.46355628967285,-24.675825119018555
-34.21663284301758,-26.964366912841797
-32.32872009277344,-23.39982032775879
-21.907320022583008,-10.686956405639648
-3.77790904045105,12.432694435119629
15.271136283874512,34.894508361816406
28.02846908569336,45.676456451416016
30.278596878051758,46.373538970947266
23.727798461914062,38.68515396118164
9.127859115600586,16.00600814819336
-7.01969575881958,-13.015372276306152
-12.628729820251465,-34.2258186340332
-7.523458480834961,-43.82842254638672
4.113194465637207,-43.31755828857422
15.577194213867188,-37.27365493774414
18.557600021362305,-28.751022338867188
10.1120023727417,-21.460344314575195
-8.405722618103027,-15.282201766967773
-25.60297393798828,-8.80739688873291
-34.07633972167969,0.742178738117218
-32.147300720214844,12.937500953674316
-20.18997573852539,23.842830657958984
-4.964977264404297,30.123687744140625
6.376682758331299,28.28108024597168
9.518051147460938,18.248828887939453
6.2752203941345215,2.74178147315979
1.1975069046020508,-11.02245044708252
0.08455200493335724,-19.02399253845215
5.448907375335693,-19.343202590942383
13.413497924804688,-12.760881423950195
20.710857391357422,-4.341797828674316
22.7991886138916,1.358260154724121
17.8139591217041,3.9250922203063965
9.483394622802734,4.6023430824279785
2.3231968879699707,5.285022258758545
0.4296494722366333,8.57106876373291
5.866030216217041,13.300135612487793
11.424333572387695,17.774293899536133
13.848366737365723,17.911664962768555
7.826593399047852,13.440637588500977
-6.873556137084961,7.869808673858643
-22.15408706665039,5.337006092071533
-32.262123107910156,10.741236686706543
-32.58759689331055,23.072467803955078
-23.75305938720703,37.386600494384766
-12.1798734664917,46.45684051513672
-4.13052225112915,48.083370208740234
-4.882095813751221,41.70919418334961
-13.38176441192627,29.074199676513672
-23.626127243041992,18.802278518676758
-29.5410099029541,17.78619384765625
-25.144723892211914,26.156007766723633
-14.865495681762695,36.02375030517578
-6.649545669555664,39.78850555419922
-8.335992813110352,31.27964973449707
-22.492504119873047,9.922856330871582
-39.72065353393555,-13.478633880615234
-49.435577392578125,-22.965160369873047
-49.68088150024414,-20.106468200683594
-35.022483825683594,-6.854975700378418
-3.708388566970825,16.5465145111084
25.18480682373047,31.26232147216797
38.60665512084961,30.894886016845703
33.192405700683594,19.84049415588379
8.344344139099121,0.5693168640136719
-21.862852096557617,-13.37925910949707
-41.12776565551758,-13.178630828857422
-45.97061538696289,-2.50607967376709
-39.33108901977539,11.164414405822754
-27.99840545654297,19.284955978393555
-20.218786239624023,16.508935928344727
-20.572025299072266,3.1601574420928955
-23.90233039855957,-13.727906227111816
-24.840335845947266,-27.797151565551758
-18.35467529296875,-34.451499938964844
-3.9751970767974854,-36.2569465637207
10.412005424499512,-36.43314743041992
16.826475143432617,-36.03314208984375
11.653145790100098,-36.20016098022461
-4.647855281829834,-33.85211944580078
-24.30651092529297,-25.230945587158203
-36.005584716796875,-10.029329299926758
-35.3995246887207,6.6977715492248535
-23.091257095336914,18.892467498779297
-4.305889129638672,22.74866485595703
11.830809593200684,18.742361068725586
19.603958129882812,12.243757247924805
19.57493782043457,10.31534481048584
14.170498847961426,17.645898818969727
5.81070613861084,29.225975036621094
1.5613937377929688,38.837764739990234
2.757439374923706,43.48707962036133
6.8071675300598145,42.42548370361328
12.890527725219727,37.23649597167969
17.866987228393555,31.3040771484375
20.231521606445312,30.631418228149414
18.443193435668945,33.92080307006836
11.993650436401367,37.23252868652344
4.82739782333374,35.076141357421875
-0.3647218644618988,24.706932067871094
1.2540837526321411,8.438708305358887
13.698260307312012,-8.772740364074707
32.30471420288086,-18.942363739013672
47.275428771972656,-20.87265396118164
53.77946090698242,-18.090579986572266
52.10282516479492,-13.46694278717041
39.27534866333008,-11.156689643859863
15.373851776123047,-13.51203727722168
-6.569586753845215,-17.445270538330078
-16.898710250854492,-19.93256187438965
-16.390146255493164,-19.434226989746094
-8.803220748901367,-17.748615264892578
-2.0845723152160645,-16.586807250976562
-0.39645496010780334,-16.548810958862305
-1.7908324003219604,-18.719396591186523
0.0707731619477272,-21.51504135131836
11.592601776123047,-21.802518844604492
30.412418365478516,-18.303943634033203
46.44327163696289,-12.171939849853516
52.31326675415039,-5.480222702026367
46.21717071533203,-0.014613927341997623
21.583309173583984,2.6872925758361816
-13.063807487487793,2.552426815032959
-34.30890655517578,2.2991883754730225
-34.81809997558594,1.8522108793258667
-14.932302474975586,-1.204396367073059
16.246929168701172,-4.436161994934082
38.67680358886719,-9.33704662322998
44.01777648925781,-14.585742950439453
33.479671478271484,-16.31999969482422
8.596747398376465,-13.574667930603027
-18.122522354125977,-5.814672946929932
-33.941471099853516,3.871020555496216
-36.56780242919922,11.43790340423584
-29.972537994384766,14.420605659484863
-20.501253128051758,13.455251693725586
-13.225395202636719,10.501567840576172
-11.708052635192871,6.235554218292236
-14.820610046386719,3.668513298034668
-21.848447799682617,1.109614610671997
-31.614309310913086,-3.540745735168457
-39.543827056884766,-8.802803993225098
-44.035728454589844,-14.229789733886719
-41.53111267089844,-18.544029235839844
-27.58483123779297,-17.580554962158203
-0.22505448758602142,-11.79865837097168
31.836231231689453,-5.773336410522461
51.58236312866211,-5.095041275024414
54.74168395996094,-10.9024076461792
44.23322677612305,-19.831308364868164
17.652997970581055,-29.18589210510254
-13.166313171386719,-31.34186363220215
-28.55248260498047,-24.423839569091797
-24.15890884399414,-12.136240005493164
-5.947868347167969,-0.4248477518558502
12.235614776611328,4.615913391113281
16.424592971801758,-0.8778795003890991
4.574368000030518,-10.692384719848633
-11.228715896606445,-18.435678482055664
-21.516502380371094,-18.65968894958496
-21.278505325317383,-12.38759994506836
-12.829566955566406,-4.072901725769043
-5.231159687042236,2.6816556453704834
-0.36200785636901855,5.796509742736816
0.9344562888145447,7.492769241333008
2.366621255874634,10.136428833007812
4.112985610961914,13.937093734741211
0.42171618342399597,16.353193283081055
-12.423508644104004,12.399499893188477
-27.760408401489258,0.07139947265386581
-35.83293151855469,-12.643343925476074
-30.903236389160156,-22.269119262695312
-11.65585994720459,-27.962705612182617
9.138714790344238,-27.5913028717041
18.344446182250977,-25.428442001342773
13.241053581237793,-25.23219871520996
1.681854248046875,-26.406322479248047
-2.2952215671539307,-25.6739559173584
8.151857376098633,-21.751995086669922
29.059585571289062,-15.387839317321777
45.4253044128418,-10.607206344604492
48.70195770263672,-9.843106269836426
39.332759857177734,-10.78173828125
18.02043342590332,-11.396775245666504
-1.8672423362731934,-7.403206825256348
-8.093401908874512,4.9194655418396
-0.012734994292259216,20.009180068969727
12.8247652053833,31.767963409423828
19.03839874267578,34.14314651489258
13.072575569152832,25.080421447753906
-4.0117316246032715,7.035144805908203
-19.141530990600586,-12.88050651550293
-20.88037872314453,-23.045745849609375
-7.517195224761963,-19.983919143676758
14.081771850585938,-4.511736869812012
28.362918853759766,14.892218589782715
25.061214447021484,28.939542770385742
4.0898118019104,32.83895492553711
-26.035337448120117,25.236373901367188
-48.374813079833984,9.833711624145508
-55.84315490722656,-6.597979545593262
-50.484230041503906,-22.370582580566406
-38.726905822753906,-35.07258987426758
-25.579383850097656,-41.40542984008789
-16.545679092407227,-40.3889274597168
-15.476775169372559,-32.58843231201172
-15.045873641967773,-19.171384811401367
-10.708877563476562,-3.173518657684326
-2.518397331237793,8.960216522216797
3.332392930984497,14.814764022827148
1.6511650085449219,15.386795043945312
-9.296128273010254,10.153130531311035
-24.3597469329834,4.914663791656494
-32.929561614990234,2.6436593532562256
-32.035400390625,1.544900894165039
-22.048450469970703,1.7981393337249756
-10.886123657226562,-0.10668166726827621
-6.2226104736328125,-5.115292072296143
-11.907218933105469,-10.720568656921387
-22.989795684814453,-13.244393348693848
-29.61762809753418,-12.862552642822266
-24.520708084106445,-9.69801139831543
-4.299626350402832,-6.807584762573242
22.06014060974121,-6.893180847167969
39.468040466308594,-8.487142562866211
39.941532135009766,-8.539961814880371
24.318828582763672,-3.527801990509033
1.978516936302185,8.536203384399414
-13.050654411315918,24.375822067260742
-9.390701293945312,36.3959846496582
9.96231460571289,40.50918197631836
31.181528091430664,32.78175354003906
43.812137603759766,17.988908767700195
41.149478912353516,3.339491128921509
21.96723747253418,-7.565629959106445
-4.286890983581543,-11.426212310791016
-23.197521209716797,-11.01222038269043
-26.560604095458984,-12.052314758300781
-17.41228485107422,-15.350886344909668
-4.252444267272949,-19.134849548339844
-0.12066928297281265,-18.685575485229492
-10.257307052612305,-9.685067176818848
-29.960012435913086,4.519043922424316
-46.0486946105957,15.892854690551758
-50.778594970703125,18.52607536315918
-46.44013977050781,7.037441253662109
-27.118438720703125,-18.175758361816406
0.8551235198974609,-42.455963134765625
20.838417053222656,-52.19614791870117
30.483400344848633,-49.42597198486328
33.55002975463867,-37.161128997802734
25.081884384155273,-17.055288314819336
6.934934616088867,-2.642406940460205
-11.544585227966309,-2.3077478408813477
-24.096487045288086,-10.31534481048584
-27.601951599121094,-18.382442474365234
-23.58479118347168,-17.135456085205078
-13.186355590820312,-1.9497066736221313
2.144906997680664,21.71065902709961
14.424781799316406,40.89958190917969
20.454486846923828,47.315303802490234
20.698957443237305,43.60628890991211
14.205155372619629,29.84330940246582
3.83636474609375,11.227462768554688
-2.2461607456207275,0.10960445553064346
-1.2442715167999268,0.6298602819442749
8.780465126037598,10.408456802368164
24.269975662231445,22.555971145629883
37.92752456665039,28.97190284729004
45.11131286621094,27.00382423400879
43.51359558105469,22.365779876708984
30.2823543548584,15.038984298706055
7.15435266494751,6.817605972290039
-15.964254379272461,1.8983491659164429
-26.89317512512207,2.3025286197662354
-23.279151916503906,7.709264278411865
-5.8119587898254395,13.592205047607422
18.257389068603516,16.327722549438477
36.37030792236328,11.27902889251709
41.93696212768555,0.7208841443061829
32.58175277709961,-13.065268516540527
11.50324821472168,-26.161436080932617
-12.642508506774902,-29.067102432250977
-30.602815628051758,-19.78412628173828
-36.38032913208008,1.617970585823059
-30.861900329589844,26.163105010986328
-19.396438598632812,43.49292755126953
-10.874849319458008,48.64558792114258
-9.839557647705078,42.97517776489258
-15.21268081665039,29.638715744018555
-21.962854385375977,16.87073516845703
-24.04575538635254,14.376137733459473
-19.717945098876953,20.785179138183594
-9.281723022460938,31.25188446044922
2.1279966831207275,36.48450469970703
11.800329208374023,28.39569664001465
18.097679138183594,8.10279655456543
20.879961013793945,-17.539844512939453
21.96347999572754,-34.91162872314453
22.114212036132812,-39.6454963684082
22.675804138183594,-32.542503356933594
21.923187255859375,-15.223954200744629
18.90582847595215,2.388333320617676
15.721871376037598,12.789274215698242
15.881999015808105,11.940413475036621
20.8127384185791,2.4639081954956055
28.0819149017334,-11.86108112335205
33.15336608886719,-24.633028030395508
32.454193115234375,-33.26464080810547
23.578319549560547,-39.550506591796875
7.183789253234863,-41.46534729003906
-13.446901321411133,-40.02504348754883
-29.29821014404297,-35.023529052734375
-34.341896057128906,-28.221790313720703
-28.9011287689209,-23.006078720092773
-13.532914161682129,-17.147356033325195
8.268769264221191,-8.268560409545898
27.899658203125,4.467060089111328
40.61565399169922,20.72860336303711
43.91923522949219,34.487823486328125
41.865352630615234,42.72360610961914
36.26947021484375,45.51904296875
25.402973175048828,36.71540451049805
10.549585342407227,10.034339904785156
-5.116335868835449,-21.962018966674805
-15.5619535446167,-40.048423767089844
-18.889127731323242,-41.18893814086914
-17.067188262939453,-26.865617752075195
-12.227055549621582,-2.170377016067505
-7.463959217071533,16.13001823425293
-6.868963241577148,18.187868118286133
-9.711581230163574,4.4749932289123535
-13.721851348876953,-13.980935096740723
-16.109350204467773,-22.8459529876709
-15.557987213134766,-15.88721752166748
-15.604333877563477,4.428020000457764
-16.547767639160156,24.412147521972656
-19.62734031677246,31.740198135375977
-23.611513137817383,21.853458404541016
-22.009618759155273,-0.4714035391807556
-12.660045623779297,-21.936965942382812
2.0384340286254883,-29.034114837646484
17.508529663085938,-17.73086929321289
26.708621978759766,5.550160884857178
27.079816818237305,27.054763793945312
20.260540008544922,33.1788330078125
12.32789134979248,22.4914608001709
8.918462753295898,-0.1885196566581726
11.678824424743652,-21.67391586303711
16.26070785522461,-28.83891487121582
14.289498329162598,-22.977895736694336
2.073298692703247,-7.620327949523926
-18.686620712280273,6.19066858291626
-36.962799072265625,12.23018741607666
-42.5302848815918,12.215364456176758
-34.59074783325195,8.435367584228516
-12.769440650939941,7.531183242797852
8.471902847290039,10.318894386291504
16.278453826904297,14.696808815002441
7.578782558441162,17.17595672607422
-14.357139587402344,11.802207946777344
-34.122474670410156,0.3294396698474884
-39.92399597167969,-11.440408706665039
-29.914291381835938,-21.798133850097656
-8.943723678588867,-26.680438995361328
9.976511001586914,-27.251216888427734
16.408308029174805,-26.720731735229492
10.346869468688965,-25.981475830078125
0.005845570936799049,-26.702360153198242
-2.428208351135254,-25.207563400268555
9.050196647644043,-21.18184471130371
29.277124404907227,-16.20747184753418
44.66558837890625,-12.47653579711914
48.168758392333984,-11.566506385803223
38.006439208984375,-12.00784683227539
17.212909698486328,-11.946677207946777
-1.3300762176513672,-5.993588924407959
-7.613438606262207,5.141806125640869
0.4645141065120697,18.898521423339844
14.165070533752441,29.221174240112305
20.379539489746094,32.30429458618164
13.880099296569824,26.3829402923584
-3.11214017868042,10.436431884765625
-20.01460838317871,-10.789254188537598
-23.85807228088379,-27.468338012695312
-15.185957908630371,-35.223114013671875
-2.968506097793579,-31.709508895874023
6.417184352874756,-16.928773880004883
7.7952775955200195,2.5359339714050293
2.6931381225585938,16.435449600219727
-0.6480233073234558,17.693708419799805
-0.08476077765226364,7.640578746795654
0.02359105460345745,-9.421807289123535
-3.417153835296631,-24.911109924316406
-12.848565101623535,-29.267730712890625
-22.887914657592773,-20.706892013549805
-26.20089340209961,-3.680830717086792
-18.07366943359375,15.980538368225098
0.01816302351653576,30.62223243713379
18.618770599365234,35.318939208984375
29.455413818359375,31.14019203186035
30.797182083129883,23.46746253967285
21.67287254333496,16.178661346435547
6.660401821136475,10.07713794708252
-6.953932762145996,5.37876033782959
-14.71017074584961,1.2225594520568848
-14.118306159973145,-6.186910629272461
-7.223455429077148,-15.886383056640625
3.845968246459961,-25.926359176635742
14.527496337890625,-32.697410583496094
20.84300994873047,-33.41641616821289
22.338640213012695,-30.326194763183594
18.491628646850586,-26.08627700805664
12.36275577545166,-27.05789566040039
8.066679000854492,-34.606197357177734
6.039727210998535,-44.03614807128906
9.6790132522583,-49.67774963378906
16.623760223388672,-48.78274917602539
23.82988739013672,-37.78535461425781
26.988582611083984,-18.295801162719727
21.47245216369629,1.745320439338684
11.125791549682617,13.808699607849121
0.008142044767737389,15.052345275878906
-6.565619945526123,8.139748573303223
-5.982106685638428,1.3029359579086304
-1.6434404850006104,0.3041784465312958
3.979998826980591,6.893389701843262
6.743074893951416,17.23963165283203
5.391286373138428,24.018198013305664
1.8033586740493774,23.838237762451172
-0.7350805401802063,18.101436614990234
1.61483895778656,11.247296333312988
8.153318405151367,11.103870391845703
14.632299423217773,19.250091552734375
16.6373291015625,31.29050636291504
11.679450988769531,40.79248046875
1.3912458419799805,42.70210266113281
-9.853962898254395,37.26823043823242
-17.083473205566406,24.789813995361328
-16.72083854675293,11.10616683959961
-9.98131275177002,1.3325814008712769
-4.672490119934082,-3.304417848587036
-6.110709190368652,-4.832616806030273
-16.17928695678711,-5.7499542236328125
-32.07255935668945,-7.881082057952881
-44.14929962158203,-11.403873443603516
-46.77834701538086,-15.219987869262695
-38.02063751220703,-18.90290641784668
-17.770536422729492,-20.69540786743164
6.991302967071533,-20.422964096069336
23.4634952545166,-19.31543731689453
25.093366622924805,-16.202669143676758
13.438549995422363,-10.189248085021973
-5.354334354400635,-1.761395812034607
-19.799575805664062,8.134529113769531
-22.408369064331055,12.872990608215332
-13.075916290283203,9.437047958374023
4.143465995788574,-2.7991933822631836
19.071802139282227,-17.47804832458496
23.984586715698242,-24.2539005279541
18.364486694335938,-21.55011558532715
5.444105625152588,-8.112191200256348
-7.0366058349609375,9.265230178833008
-11.917031288146973,16.5955753326416
-9.286107063293457,6.9620747566223145
-0.7342454791069031,-18.704992294311523
5.801102638244629,-46.064979553222656
3.4591166973114014,-58.925235748291016
-3.8044228553771973,-58.939430236816406
-16.813323974609375,-46.093788146972656
-34.6170539855957,-15.937113761901855
-44.71110153198242,15.306209564208984
-43.77769088745117,31.841033935546875
-38.56239700317383,36.72855758666992
-29.532451629638672,34.5500373840332
-14.702028274536133,33.03499221801758
0.845728874206543,36.434818267822266
13.152952194213867,42.9661979675293
21.63591957092285,47.5848274230957
25.418212890625,47.06498718261719
25.546815872192383,42.32485580444336
21.194995880126953,33.428524017333984
12.764847755432129,27.042238235473633
4.147850036621094,30.713672637939453
-2.820070505142212,40.746341705322266
-4.976877212524414,49.730567932128906
-4.689191818237305,51.40782928466797
-5.687323093414307,42.28414535522461
-8.701967239379883,18.497474670410156
-15.531682014465332,-11.291555404663086
-22.937185287475586,-31.023488998413086
-26.859981536865234,-36.09556579589844
-23.176645278930664,-28.43828582763672
-10.03392219543457,-11.659826278686523
9.735381126403809,4.81654167175293
27.907590866088867,9.128694534301758
37.4650993347168,0.05803816765546799
35.971763610839844,-17.56531524658203
25.466020584106445,-36.866973876953125
14.209956169128418,-47.2935905456543
9.194665908813477,-45.752864837646484
12.78468132019043,-30.194669723510742
20.037364959716797,-0.25574374198913574
22.22611427307129,31.739988327026367
15.447755813598633,49.792781829833984
0.19603540003299713,52.502620697021484
-22.045318603515625,38.10852813720703
-38.50205993652344,3.1006579399108887
-38.04986572265625,-33.919342041015625
-25.652870178222656,-54.57696533203125
-8.291942596435547,-61.35072708129883
11.77590274810791,-55.67613983154297
25.18292808532715,-36.97365188598633
22.65409278869629,-14.061311721801758
7.230344772338867,-0.5359135866165161
-12.548144340515137,0.2513595521450043
-26.128450393676758,-7.681289196014404
-28.624507904052734,-15.296189308166504
-20.748435974121094,-15.888679504394531
-7.03618860244751,-8.437037467956543
7.256858825683594,1.788953423500061
17.503101348876953,5.506736755371094
20.38663673400879,1.0204696655273438
16.24630355834961,-8.03786849975586
7.656653881072998,-15.045873641967773
-5.241806983947754,-12.676329612731934
-18.092042922973633,0.5979183912277222
-25.63595962524414,17.73567008972168
-26.317386627197266,29.42096710205078
-19.79393768310547,30.691335678100586
-7.768346309661865,22.101686477661133
2.514430522918701,7.9073872566223145
6.387538909912109,-3.613189220428467
1.607532024383545,-6.328874588012695
-9.750829696655273,-2.9181926250457764
-20.335906982421875,0.6066867709159851
-23.443662643432617,-1.1739158630371094
-14.47321605682373,-11.293434143066406
3.2634987831115723,-23.040945053100586
20.739667892456055,-28.199243545532227
27.620113372802734,-22.294797897338867
21.294370651245117,-5.804234504699707
3.385211944580078,15.737947463989258
-15.745880126953125,29.311153411865234
-25.42510223388672,29.150400161743164
-22.943239212036133,16.946727752685547
-6.755600929260254,-3.4424149990081787
12.418915748596191,-21.984983444213867
23.006078720092773,-31.055221557617188
22.454090118408203,-31.075054168701172
11.185291290283203,-23.631763458251953
-4.582718849182129,-11.561078071594238
-12.217034339904785,1.226317286491394
-8.939130783081055,13.627278327941895
4.332612037658691,25.060588836669922
20.46617889404297,35.20599365234375
28.82847785949707,41.08893585205078
29.390487670898438,44.26057434082031
21.39499855041504,45.221126556396484
6.76687479019165,42.28498077392578
-8.848315238952637,33.923728942871094
-19.856779098510742,22.41964340209961
-23.718612670898438,10.843116760253906
-20.09895133972168,-1.369325041770935
-11.949599266052246,-15.767801284790039
-2.095845937728882,-29.871912002563477
6.72428560256958,-39.082027435302734
11.373393058776855,-40.787261962890625
12.16525936126709,-32.28550720214844
7.950394153594971,-12.969860076904297
0.14300771057605743,12.465680122375488
-6.852470397949219,31.193218231201172
-8.965018272399902,36.663002014160156
-5.838263988494873,29.13641357421875
3.2937705516815186,6.824286460876465
12.474239349365234,-19.746755599975586
16.384300231933594,-37.14463806152344
14.695765495300293,-41.87245178222656
8.41073226928711,-34.152748107910156
1.2250646352767944,-15.79765510559082
-2.5603599548339844,4.690444469451904
-1.6764262914657593,17.32293128967285
2.3513808250427246,17.241302490234375
5.7092437744140625,6.282944679260254
3.223832368850708,-10.322234153747559
-5.375211238861084,-23.974565505981445
-16.638164520263672,-27.407377243041992
-25.802766799926758,-20.43903923034668
-25.226560592651367,-3.7948193550109863
-14.57927131652832,15.977197647094727
1.9185998439788818,30.085901260375977
19.12963104248047,34.19826126098633
29.49967384338379,29.624101638793945
31.362741470336914,22.137176513671875
22.997102737426758,15.478862762451172
8.725558280944824,10.09738826751709
-5.312788963317871,6.103610992431641
-15.84859561920166,0.8590901494026184
-16.509979248046875,-7.190469741821289
-8.183799743652344,-16.496618270874023
4.743680953979492,-25.4232234954834
16.481170654296875,-31.055849075317383
21.851579666137695,-32.84626388549805
19.395395278930664,-32.71348571777344
12.955455780029297,-31.799488067626953
9.347485542297363,-30.082561492919922
11.838116645812988,-29.493619918823242
20.689563751220703,-31.197603225708008
28.919918060302734,-34.890960693359375
29.875877380371094,-38.604984283447266
21.414413452148438,-38.27262496948242
2.2275800704956055,-29.47545623779297
-20.0546932220459,-9.144978523254395
-34.295963287353516,12.199289321899414
-35.8331413269043,22.012332916259766
-24.90964698791504,16.004547119140625
-7.057692050933838,-4.080626010894775
10.240605354309082,-25.701513290405273
20.52129364013672,-34.339805603027344
22.760982513427734,-26.15809440612793
19.809179306030273,-5.178132057189941
14.018722534179688,17.09745979309082
9.566067695617676,28.09026527404785
6.1413984298706055,23.14595603942871
-0.6467706561088562,5.987743377685547
-14.350459098815918,-12.776538848876953
-32.68864059448242,-22.29751205444336
-47.946624755859375,-18.08055877685547
-55.360687255859375,-6.571674346923828
-53.12997817993164,6.647666931152344
-37.02897644042969,16.703510284423828
-6.3090410232543945,21.02297019958496
25.4405517578125,16.80601692199707
41.88581085205078,5.859767436981201
44.110679626464844,-4.551194667816162
34.0686149597168,-11.9017915725708
15.388465881347656,-15.762372970581055
-2.9914708137512207,-14.791799545288086
-16.790359497070312,-13.108901977539062
-22.821317672729492,-14.621025085449219
-22.426950454711914,-19.275562286376953
-17.31353759765625,-26.781064987182617
-6.439940452575684,-31.17630958557129
6.437643527984619,-28.215944290161133
18.304779052734375,-16.73733139038086
26.218847274780273,1.1695317029953003
25.156206130981445,16.937332153320312
17.88681983947754,23.40838050842285
6.000478744506836,16.821048736572266
-5.642646312713623,-1.4588874578475952
-10.54394817352295,-19.616273880004883
-9.33767318725586,-26.709457397460938
-3.4426238536834717,-16.956331253051758
3.410264253616333,6.338269233703613
8.62868881225586,29.55687713623047
14.468832015991211,40.28412628173828
23.679990768432617,34.587825775146484
36.46321105957031,12.664429664611816
47.15183639526367,-11.365460395812988
51.00114440917969,-21.715669631958008
49.4819221496582,-13.030195236206055
34.797847747802734,15.34733772277832
7.417403221130371,44.84972381591797
-11.976322174072266,56.616024017333984
-23.054513931274414,51.451255798339844
-23.603788375854492,30.65605354309082
-6.89130163192749,-4.314866542816162
14.813511848449707,-30.403858184814453
28.422836303710938,-35.119773864746094
30.479433059692383,-23.467252731323242
20.616493225097656,-0.2632594704627991
4.701717853546143,19.346960067749023
-8.656872749328613,24.984596252441406
-16.50851821899414,16.74401092529297
-18.38452911376953,1.0745412111282349
-15.234393119812012,-11.717447280883789
-12.851070404052734,-17.03086280822754
-11.739158630371094,-14.251710891723633
-10.769838333129883,-8.570442199707031
-12.059621810913086,-4.317371845245361
-14.782822608947754,0.5430117845535278
-20.096237182617188,8.526808738708496
-25.831369400024414,20.299997329711914
-27.219484329223633,34.01809310913086
-21.79583740234375,44.50483703613281
-11.991979598999023,46.616756439208984
0.6618021130561829,37.50580978393555
12.9846830368042,15.642330169677734
16.79912757873535,-9.742270469665527
9.768575668334961,-26.326364517211914
-2.652427911758423,-28.01364517211914
-11.737906455993652,-17.252994537353516
-9.236210823059082,-2.1430280208587646
5.899642467498779,7.8453826904296875
26.818227767944336,6.101314544677734
40.39164352416992,-3.8745696544647217
39.01417541503906,-14.33521842956543
24.22383689880371,-19.64759063720703
2.586247682571411,-17.014995574951172
-13.730202674865723,-7.140156269073486
-15.492015838623047,4.56685209274292
-4.810278415679932,14.587831497192383
7.901541709899902,21.9964656829834
12.515785217285156,29.31846046447754
3.4866743087768555,37.545475006103516
-13.447735786437988,44.41402053833008
-27.1409854888916,47.46165084838867
-31.356477737426758,46.08063507080078
-26.33909797668457,38.4550895690918
-10.017011642456055,24.638036727905273
8.638083457946777,12.913283348083496
14.867374420166016,10.465033531188965
6.3499603271484375,20.227346420288086
-9.71826171875,33.55232620239258
-21.608362197875977,39.14152526855469
-24.48563575744629,32.49594497680664
-18.49225425720215,8.215950012207031
-5.581267833709717,-26.194629669189453
3.7173655033111572,-50.68798828125
4.72259521484375,-58.11353302001953
5.64369010925293,-53.389896392822266
8.18651294708252,-34.776344299316406
12.206596374511719,-6.844537258148193
20.08266830444336,13.777175903320312
29.45499610900879,18.7448673248291
35.838985443115234,12.184675216674805
36.54629898071289,3.0912630558013916
31.80449867248535,-1.0311169624328613
25.39879608154297,2.893766403198242
22.312753677368164,12.169434547424316
24.107133865356445,18.623153686523438
27.005075454711914,17.44234848022461
30.04393768310547,7.545379638671875
29.829530715942383,-5.373749732971191
25.200464248657227,-14.842531204223633
18.632966995239258,-15.763834953308105
10.562946319580078,-7.4407854080200195
1.463897943496704,3.448260545730591
-8.264384269714355,8.142462730407715
-15.866758346557617,2.365786075592041
-20.017322540283203,-13.327484130859375
-17.498716354370117,-32.32558822631836
-10.476306915283203,-44.543251037597656
-3.341996431350708,-48.43452072143555
1.417342185974121,-42.848243713378906
-3.2010765075683594,-31.643327713012695
-16.590356826782227,-18.564071655273438
-32.43018341064453,-8.356451988220215
-41.54154968261719,-6.469377040863037
-40.21627426147461,-9.091950416564941
-25.849533081054688,-13.795756340026855
-0.23444914817810059,-16.349435806274414
23.469131469726562,-16.37386131286621
35.779903411865234,-14.450460433959961
35.96633529663086,-10.028911590576172
26.334714889526367,-2.655141830444336
11.517653465270996,10.636642456054688
-2.599400043487549,27.377731323242188
-12.780714988708496,42.471622467041016
-19.408966064453125,50.417213439941406
-24.98125648498535,50.6021842956543
-29.23432731628418,43.5960578918457
-26.32469367980957,28.02533721923828
-8.672322273254395,7.788388252258301
18.21041488647461,-7.085875988006592
42.25846862792969,-7.994444370269775
52.05794143676758,0.6526162624359131
48.710933685302734,13.09261703491211
31.609716415405273,23.705041885375977
5.652875900268555,23.606294631958008
-12.465888977050781,13.117670059204102
-14.548164367675781,-1.4739189147949219
-2.673931121826172,-11.977157592773438
10.206575393676758,-13.571954727172852
9.909286499023438,-8.415742874145508
-10.379228591918945,-1.6565930843353271
-40.28767395019531,1.1818491220474243
-58.15361785888672,-1.7039839029312134
-62.44614791870117,-9.196544647216797
-55.72165298461914,-21.976423263549805
-34.71872329711914,-35.02791213989258
-6.7228240966796875,-37.79600143432617
12.397621154785156,-33.752952575683594
14.122064590454102,-29.141841888427734
1.743859052658081,-24.662046432495117
-12.378623008728027,-21.959304809570312
-17.58159828186035,-17.815839767456055
-14.0089111328125,-12.492194175720215
-6.239729404449463,-6.17855978012085
-4.918004035949707,-2.3572263717651367
-14.305364608764648,-6.676059722900391
-30.29279327392578,-16.365093231201172
-42.253875732421875,-25.044095993041992
-43.97268295288086,-29.00342559814453
-36.563419342041016,-25.241802215576172
-17.35403823852539,-8.429939270019531
7.596110820770264,14.00682258605957
27.388587951660156,27.226581573486328
37.855289459228516,23.017560958862305
40.41502380371094,2.6096298694610596
35.71080017089844,-23.879575729370117
24.709646224975586,-43.04887390136719
12.61954402923584,-46.681060791015625
-2.0409393310546875,-33.49052810668945
-19.171802520751953,-6.703617095947266
-30.210744857788086,17.694334030151367
-32.708892822265625,25.644519805908203
-25.950159072875977,15.751517295837402
-9.36376953125,-7.116147518157959
8.510942459106445,-27.987966537475586
20.25093650817871,-34.04314422607422
24.158700942993164,-24.267887115478516
20.384550094604492,-3.6509766578674316
13.912458419799805,16.79620361328125
8.727645874023438,26.1639404296875
5.94411039352417,21.36493492126465
0.5507363080978394,6.966459274291992
-13.334582328796387,-10.681110382080078
-32.00867462158203,-20.27452850341797
-49.3414192199707,-16.566974639892578
-57.280330657958984,-5.753294467926025
-53.61515808105469,6.500692367553711
-34.57634353637695,19.115642547607422
-0.6720318794250488,24.945974349975586
27.91510581970215,17.865943908691406
39.83568572998047,2.862868309020996
36.93210983276367,-11.677780151367188
28.677743911743164,-15.916863441467285
25.418420791625977,-6.03492546081543
24.926557540893555,14.615806579589844
20.13193702697754,34.63834762573242
5.163726806640625,44.16621017456055
-18.711671829223633,42.10877990722656
-38.307071685791016,30.14080810546875
-41.34092330932617,17.358423233032227
-23.940954208374023,9.160218238830566
7.072932243347168,4.560171604156494
29.92097282409668,2.7002363204956055
33.28843688964844,-1.5346711874008179
19.318984985351562,-10.867542266845703
-2.642198085784912,-21.562849044799805
-17.020423889160156,-28.65686798095703
-17.0905704498291,-33.06004333496094
-6.93326473236084,-32.70555114746094
4.200877666473389,-28.547889709472656
8.636622428894043,-22.074546813964844
4.815080165863037,-14.136260986328125
-2.7223658561706543,-7.165208339691162
-6.2226104736328125,-0.7697364091873169
0.29102593660354614,2.983955144882202
13.482183456420898,5.182724952697754
24.701921463012695,5.6752142906188965
26.35475730895996,4.151190280914307
16.545888900756836,1.9824836254119873
-0.908359944820404,0.27307167649269104
-16.840463638305664,-0.37369900941848755
-20.761381149291992,2.303154945373535
-12.09406852722168,6.8071675300598145
5.373332500457764,12.364217758178711
24.340957641601562,16.54359245300293
37.66572570800781,14.996395111083984
42.9620246887207,8.22534465789795
41.35323715209961,-3.9063026905059814
34.278846740722656,-20.748018264770508
23.360153198242188,-35.95235061645508
9.470660209655762,-46.06915283203125
-5.383770942687988,-49.65457534790039
-19.590805053710938,-45.97395324707031
-31.947298049926758,-37.204345703125
-37.09181594848633,-24.724050521850586
-33.64543533325195,-12.987606048583984
-20.25406837463379,-3.963714599609375
-1.54051673412323,1.1785088777542114
14.05337905883789,0.19624416530132294
23.06369972229004,-2.935311794281006
24.737829208374023,-8.069393157958984
21.534456253051758,-12.811612129211426
16.84088134765625,-15.105581283569336
12.634574890136719,-16.365718841552734
10.83935832977295,-16.013315200805664
9.183182716369629,-13.88490104675293
5.800058841705322,-10.06252384185791
1.0985498428344727,-6.583156585693359
-4.806103229522705,-4.01486349105835
-9.41846752166748,-5.026147365570068
-10.500733375549316,-9.42660903930664
-7.64224910736084,-15.326251983642578
0.30438724160194397,-18.016883850097656
9.54289436340332,-14.667581558227539
17.403099060058594,-6.331797122955322
20.553861618041992,5.916135311126709
16.799335479736328,16.208724975585938
8.414490699768066,17.89558982849121
-2.969341278076172,8.629941940307617
-12.148975372314453,-8.766477584838867
-15.081990242004395,-24.460582733154297
-12.745223999023438,-27.01822853088379
-7.033474445343018,-13.396796226501465
-0.3578324615955353,16.297243118286133
2.5158920288085938,45.75558090209961
3.0973174571990967,58.163639068603516
1.787492036819458,58.455501556396484
1.6142126321792603,45.77103042602539
8.816582679748535,15.637737274169922
21.012739181518555,-14.224570274353027
28.20467185974121,-27.29923439025879
27.08315658569336,-21.51900863647461
15.480324745178223,-0.6972931027412415
-2.9820761680603027,21.166603088378906
-17.11583137512207,31.36294937133789
-20.061372756958008,27.499652862548828
-10.08486270904541,13.99868106842041
6.765830993652344,0.05114874616265297
19.408966064453125,-6.295888900756836
19.374101638793945,-2.1158878803253174
7.973358631134033,6.132839202880859
-6.791927337646484,8.904891967773438
-14.27759838104248,2.521737575531006
-5.226357936859131,-11.856070518493652
17.141510009765625,-24.692943572998047
37.629817962646484,-28.39924430847168
46.25057601928711,-22.566617965698242
40.788307189941406,-8.910320281982422
19.426502227783203,4.434909343719482
-6.683157920837402,6.99234676361084
-20.289140701293945,-4.082505226135254
-16.017908096313477,-21.289569854736328
0.5302767753601074,-33.04313278198242
17.566566467285156,-33.81621170043945
24.272689819335938,-22.325904846191406
15.508299827575684,-5.443061828613281
-3.453688621520996,8.072525024414062
-21.11879539489746,11.541662216186523
-27.508838653564453,4.208811283111572
-17.775962829589844,-7.173976898193359
1.6403089761734009,-13.882604598999023
21.246980667114258,-10.820569038391113
34.06610870361328,0.024843676015734673
39.012088775634766,11.023911476135254
39.67326354980469,15.256939888000488
38.358219146728516,10.855851173400879
35.24378204345703,1.9701662063598633
28.132436752319336,-3.0850000381469727
14.881988525390625,1.8927123546600342
-1.1403038501739502,15.466962814331055
-13.617257118225098,28.531814575195312
-19.096227645874023,33.14668273925781
-17.99809455871582,23.48499870300293
-13.06735610961914,-0.6440566778182983
-11.76567268371582,-26.726993560791016
-18.830045700073242,-40.8515625
-31.942913055419922,-38.23044967651367
-42.98331832885742,-23.115684509277344
-42.1413459777832,-4.244719505310059
-23.38541603088379,7.784421443939209
10.665035247802734,2.8173563480377197
38.61250305175781,-17.842769622802734
43.149497985839844,-39.16073226928711
30.966493606567383,-51.750003814697266
9.86502742767334,-54.02184295654297
-14.373214721679688,-39.852596282958984
-30.624528884887695,-10.970675468444824
-29.798215866088867,15.131052017211914
-17.56260108947754,25.518423080444336
-5.605693817138672,18.001436233520508
-2.5935544967651367,-3.8284313678741455
-9.39237117767334,-26.1192626953125
-16.583675384521484,-37.47240447998047
-15.946717262268066,-36.43126678466797
-3.395024061203003,-23.67769432067871
14.959024429321289,-3.100031614303589
24.20546531677246,15.906633377075195
16.427515029907227,27.564788818359375
-9.332036018371582,32.42621612548828
-36.8318977355957,33.132694244384766
-48.37397766113281,34.52915954589844
-46.98106384277344,38.73316955566406
-35.61267852783203,44.17163848876953
-20.370561599731445,46.89442443847656
-12.566515922546387,43.229248046875
-16.69265365600586,32.006378173828125
-30.07880210876465,15.904754638671875
-38.29099655151367,1.9327962398529053
-30.71409034729004,-5.246817588806152
-6.603825092315674,-4.0090179443359375
23.44825553894043,3.6883463859558105
40.005836486816406,11.339155197143555
34.09804916381836,15.824795722961426
5.544732570648193,15.608092308044434
-33.158164978027344,10.004068374633789
-54.921016693115234,5.863525390625
-57.43711853027344,4.342423915863037
-45.31549072265625,3.754944324493408
-12.836038589477539,7.649347305297852
23.57790184020996,12.140416145324707
45.994415283203125,11.813690185546875
52.276939392089844,8.042670249938965
48.15936279296875,5.4729156494140625
35.87865447998047,4.672281265258789
18.200393676757812,5.614461898803711
0.4306933283805847,11.031009674072266
-14.257973670959473,16.635242462158203
-23.34658432006836,18.437557220458984
-25.71466636657715,13.746695518493652
-23.0822811126709,1.0231837034225464
-17.08409881591797,-15.699742317199707
-13.15169906616211,-32.06796646118164
-15.082825660705566,-41.532989501953125
-22.31818199157715,-41.74551773071289
-29.80573081970215,-34.79576110839844
-32.453983306884766,-21.745315551757812
-24.955995559692383,-4.70610237121582
-7.2384867668151855,10.791759490966797
9.065018653869629,19.582454681396484
14.174257278442383,21.394580841064453
6.686915397644043,18.772424697875977
-7.8543596267700195,14.538769721984863
-19.00248908996582,11.984046936035156
-17.41228485107422,13.021427154541016
-1.4634804725646973,18.870756149291992
19.192052841186523,27.4464168548584
30.269201278686523,34.344398498535156
25.607149124145508,39.60750198364258
4.319459438323975,41.49833297729492
-23.26599884033203,36.548805236816406
-40.06512451171875,28.230558395385742
-39.5885009765625,20.21126937866211
-20.661588668823242,12.68822956085205
9.121387481689453,6.33806037902832
30.367950439453125,0.8390482068061829
32.61118698120117,-4.587102890014648
17.751537322998047,-11.638113975524902
-2.904204845428467,-20.639875411987305
-17.418548583984375,-27.287124633789062
-17.989744186401367,-32.48884963989258
-7.704253673553467,-33.210567474365234
3.9271798133850098,-29.223052978515625
8.84226131439209,-22.87956428527832
3.596696376800537,-14.477391242980957
-4.968317985534668,-6.775434494018555
-7.364793300628662,-0.9889453649520874
1.3144184350967407,2.2624447345733643
16.708728790283203,5.007566452026367
26.58336067199707,4.910488128662109
23.596481323242188,3.659536123275757
9.700933456420898,1.7676589488983154
-5.023433208465576,-0.3286046087741852
-10.672551155090332,0.2062651515007019
-6.699233055114746,2.4783132076263428
-4.758294582366943,7.689013481140137
-15.894107818603516,12.8863525390625
-37.34109115600586,15.329800605773926
-53.94856643676758,15.49222469329834
-58.22773361206055,12.463383674621582
-48.0839958190918,5.163100719451904
-12.942720413208008,-2.909632921218872
31.17505645751953,-5.748910427093506
52.42057418823242,-6.1322126388549805
52.48738098144531,-4.07457160949707
35.33146667480469,3.077275514602661
3.462874412536621,6.642447471618652
-20.11732292175293,6.2161383628845215
-24.215068817138672,4.776457786560059
-12.49887466430664,4.960384368896484
4.596288681030273,10.773804664611816
13.472371101379395,21.918386459350586
9.344771385192871,34.532291412353516
-3.279782772064209,43.047203063964844
-14.027909278869629,44.752437591552734
-17.66802978515625,39.97347640991211
-13.438549995422363,30.87881088256836
-3.807971954345703,21.221092224121094
1.4902030229568481,17.36489486694336
-0.6451005339622498,21.387691497802734
-8.332444190979004,29.646438598632812
-14.762572288513184,37.11185836791992
-12.974870681762695,40.94425964355469
-3.8436715602874756,38.660518646240234
10.209498405456543,29.711576461791992
20.09916114807129,16.278453826904297
20.105005264282227,0.5624274611473083
10.841863632202148,-11.765881538391113
-1.3060675859451294,-16.956331253051758
-6.044737815856934,-14.26987361907959
0.09624315053224564,-4.389188766479492
13.740222930908203,10.496766090393066
27.115516662597656,22.918188095092773
33.370487213134766,27.036392211914062
31.378816604614258,23.743247985839844
23.655563354492188,10.162734031677246
15.462996482849121,-6.544325351715088
13.38552188873291,-16.71394920349121
17.64944839477539,-15.741287231445312
22.580814361572266,-4.480212688446045
22.913177490234375,10.619523048400879
11.897615432739258,19.675983428955078
-9.73037052154541,15.75318717956543
-32.63457107543945,0.5164979696273804
-45.902137756347656,-16.79537010192871
-46.181053161621094,-27.5789852142334
-36.06904983520508,-30.36836814880371
-14.503278732299805,-18.591629028320312
11.204707145690918,5.66206169128418
27.749969482421875,27.24015235900879
32.447509765625,36.5421257019043
28.566261291503906,36.760292053222656
19.823375701904297,32.33916091918945
11.310762405395508,27.73389434814453
9.164393424987793,29.347063064575195
12.007429122924805,34.65504837036133
15.224580764770508,38.981815338134766
15.18470573425293,36.34880447387695
7.812814235687256,23.456605911254883
-6.192129611968994,1.212329626083374
-19.176603317260742,-20.80229949951172
-24.09126853942871,-31.961702346801758
-18.624197006225586,-31.006996154785156
-4.396495819091797,-20.085800170898438
10.844368934631348,-4.952242374420166
18.67722511291504,4.187933921813965
14.093671798706055,1.7632746696472168
-0.14572173357009888,-8.68338680267334
-14.958189964294434,-22.841360092163086
-20.793949127197266,-33.4986686706543
-13.8485746383667,-37.84318161010742
-0.6509460806846619,-35.9824104309082
12.073400497436523,-28.55707550048828
14.401816368103027,-19.36867332458496
-0.10918691754341125,-10.872552871704102
-22.361604690551758,-4.41194486618042
-40.68287658691406,-0.7440576553344727
-45.650569915771484,-1.4856101274490356
-37.03816223144531,-7.362705230712891
-20.722131729125977,-15.691808700561523
-6.451839923858643,-25.301509857177734
-3.93928861618042,-32.90221405029297
-10.947293281555176,-34.7496223449707
-18.750295639038086,-31.01158905029297
-16.37908172607422,-22.208158493041992
2.3614017963409424,-11.843544006347656
30.612628936767578,-3.3969030380249023
50.41178512573242,1.5398904085159302
54.822059631347656,3.7607898712158203
43.0455322265625,9.097587585449219
9.93621826171875,15.62625503540039
-28.606136322021484,18.52607536315918
-47.98274230957031,17.90915870666504
-49.62493133544922,12.89699935913086
-38.61354446411133,1.7361345291137695
-19.56533432006836,-13.374039649963379
-5.432831764221191,-24.741378784179688
-2.9117207527160645,-28.240161895751953
-10.127869606018066,-24.136571884155273
-16.640460968017578,-17.089109420776367
-17.220008850097656,-13.216418266296387
-10.076302528381348,-17.9371337890625
1.3259007930755615,-32.03122329711914
8.812198638916016,-46.4073600769043
9.893211364746094,-53.31306838989258
9.181095123291016,-52.50491714477539
11.513895988464355,-41.87495803833008
17.558841705322266,-19.967426300048828
27.80341339111328,1.6208933591842651
37.61103057861328,10.27463436126709
42.56974411010742,1.3517882823944092
42.16681671142578,-18.653217315673828
34.45588302612305,-38.55133056640625
25.872705459594727,-49.5142822265625
22.386240005493164,-48.92450714111328
21.347816467285156,-37.39975357055664
15.4412841796875,-17.048398971557617
3.06892466545105,3.524879217147827
-13.990538597106934,13.468194961547852
-29.523056030273438,13.391785621643066
-38.310829162597656,9.456046104431152
-39.87451934814453,7.655192852020264
-33.46380615234375,13.826445579528809
-24.16851234436035,27.02490997314453
-14.807040214538574,39.51710510253906
-9.948534965515137,45.1357421875
-8.57545280456543,41.53758239746094
-4.922179698944092,29.479005813598633
4.563511848449707,13.250657081604004
18.033794403076172,1.0947918891906738
28.724092483520508,-1.6444844007492065
30.967538833618164,4.500880718231201
24.40024757385254,14.014338493347168
12.935831069946289,19.284120559692383
1.6530439853668213,17.42606544494629
-1.0513676404953003,8.150814056396484
4.482091426849365,-1.7945902347564697
12.988441467285156,-6.963536262512207
20.122543334960938,-5.660182952880859
19.90730094909668,0.2405034899711609
12.74731159210205,3.00921630859375
0.7814275622367859,-0.31419944763183594
-8.999464988708496,-11.669220924377441
-12.92747974395752,-24.891693115234375
-15.069673538208008,-32.47319030761719
-15.584501266479492,-28.70258903503418
-15.495146751403809,-9.789034843444824
-12.207430839538574,18.075340270996094
-3.3685102462768555,41.80794143676758
10.32557487487793,50.92034912109375
25.840137481689453,46.69671630859375
36.331268310546875,31.153553009033203
36.63168716430664,6.596935749053955
22.81108856201172,-17.396209716796875
0.691029965877533,-32.3328971862793
-17.19349479675293,-34.66402816772461
-22.401689529418945,-29.459381103515625
-11.697196006774902,-20.203964233398438
9.845611572265625,-9.630995750427246
29.291112899780273,-2.531132221221924
36.504127502441406,1.4279894828796387
28.19861602783203,5.477717399597168
8.127848625183105,12.182378768920898
-12.702217102050781,20.751359939575195
-23.898990631103516,29.215538024902344
-23.744083404541016,34.73271179199219
-17.687654495239258,32.162540435791016
-9.788199424743652,19.775148391723633
-6.664368629455566,-2.4302961826324463
-8.2019624710083,-29.375455856323242
-12.412443161010742,-47.31029510498047
-15.138358116149902,-54.143348693847656
-12.840213775634766,-53.34730529785156
-6.2560133934021,-42.267234802246094
1.1730808019638062,-19.42963409423828
7.567300319671631,6.445159435272217
10.8973970413208,22.78853988647461
9.6984281539917,26.977310180664062
4.371443271636963,20.423381805419922
-6.8501739501953125,7.335147857666016
-21.42193031311035,-5.567697525024414
-34.354209899902344,-14.791172981262207
-40.758243560791016,-18.045276641845703
-38.01667022705078,-18.852802276611328
-24.47978973388672,-19.661787033081055
-2.542405843734741,-18.674510955810547
15.258193016052246,-14.739189147949219
16.413318634033203,-9.165019989013672
-2.4662046432495117,0.39708128571510315
-33.36109161376953,9.88966178894043
-53.840003967285156,15.030632972717285
-57.576995849609375,14.674262046813965
-47.39902114868164,7.791728496551514
-11.983420372009277,-1.1317442655563354
30.974428176879883,-8.003839492797852
51.683616638183594,-8.9134521484375
52.06190872192383,-5.288571357727051
35.68721008300781,1.6565930843353271
4.807564735412598,6.113214492797852
-19.212303161621094,6.165616035461426
-24.30525779724121,4.939925193786621
-12.837082862854004,5.753503322601318
4.630318641662598,10.951468467712402
14.61037826538086,21.294788360595703
11.31973934173584,33.67007064819336
-1.3991791009902954,43.01609420776367
-13.206605911254883,45.53178024291992
-17.364269256591797,40.63799285888672
-12.570899963378906,31.304702758789062
-2.222569465637207,20.0590763092041
3.5419983863830566,15.74504566192627
0.6127411127090454,20.350936889648438
-7.899245262145996,30.562314987182617
-14.945663452148438,40.50395965576172
-12.948148727416992,42.366817474365234
-0.9847699403762817,36.21059799194336
15.168421745300293,23.254724502563477
22.432586669921875,11.82475471496582
15.494521141052246,9.633709907531738
-3.7975335121154785,16.751527786254883
-25.01820945739746,25.714458465576172
-34.15337371826172,28.2591609954834
-30.81659698486328,20.1628360748291
-18.86699867248535,0.3471851646900177
-5.050573348999023,-21.999805450439453
3.176650285720825,-35.90475082397461
6.7910919189453125,-36.55339813232422
13.748156547546387,-24.69670295715332
24.825096130371094,-6.3685407638549805
34.60661315917969,7.321577548980713
37.68389129638672,10.831425666809082
28.936410903930664,0.9075248837471008
8.143715858459473,-16.2734432220459
-14.072794914245605,-28.523046493530273
-25.877090454101562,-29.776084899902344
-23.005035400390625,-17.966989517211914
-5.798180103302002,4.282506942749023
15.118525505065918,25.22447395324707
26.10673713684082,34.056297302246094
21.352617263793945,28.920753479003906
1.7693290710449219,11.21994686126709
-20.17348289489746,-8.627436637878418
-30.944156646728516,-18.00498390197754
-26.52741050720215,-14.974056243896484
-10.416181564331055,-2.549504041671753
8.456244468688965,13.05524730682373
17.469280242919922,23.08979606628418
14.263193130493164,26.923656463623047
3.8649661540985107,27.284828186035156
-7.187755584716797,27.743915557861328
-11.279864311218262,30.14268684387207
-8.356035232543945,31.73769187927246
-2.611717700958252,30.52431869506836
-1.0016803741455078,25.199630737304688
-6.9247050285339355,18.854888916015625
-16.102251052856445,14.46695327758789
-20.41085433959961,16.220624923706055
-15.014557838439941,24.00316619873047
-2.5044095516204834,30.903654098510742
9.399469375610352,30.513671875
11.640619277954102,19.483287811279297
-1.2538750171661377,1.0252714157104492
-22.360353469848633,-14.05776309967041
-38.664485931396484,-16.6085205078125
-43.59626770019531,-6.120730400085449
-36.04191207885742,11.14437198638916
-18.860525131225586,25.279380798339844
-1.9388506412506104,26.987957000732422
6.614472389221191,14.60787296295166
4.281463146209717,-3.0106778144836426
-2.5568108558654785,-15.15422534942627
-5.335753440856934,-13.49992847442627
-1.019425868988037,1.279344916343689
4.712156295776367,17.883480072021484
5.278132915496826,23.559112548828125
-5.66978645324707,12.310771942138672
-26.030536651611328,-12.333110809326172
-40.14570999145508,-32.837913513183594
-40.87118911743164,-39.57701873779297
-25.61758804321289,-36.81707763671875
11.114935874938965,-14.239810943603516
46.19546127319336,12.169434547424316
58.60122299194336,22.443443298339844
56.31184768676758,27.102571487426758
39.14716339111328,27.990262985229492
2.853473663330078,20.03611183166504
-30.13705062866211,11.659199714660645
-40.23005294799805,11.288005828857422
-32.679664611816406,14.936895370483398
-13.958388328552246,17.802059173583984
2.08937406539917,15.816444396972656
4.38459587097168,8.282965660095215
-9.084016799926758,2.036346435546875
-29.798215866088867,-0.17933376133441925
-44.20796585083008,4.497958183288574
-46.66205978393555,10.82432746887207
-36.702877044677734,13.595754623413086
-12.19761848449707,10.617853164672852
19.637359619140625,0.5776676535606384
42.038631439208984,-11.03831672668457
48.77168655395508,-20.36325454711914
43.565162658691406,-26.599225997924805
26.50757598876953,-31.026203155517578
-0.6772511601448059,-34.28009796142578
-25.7330379486084,-34.34147644042969
-39.27138137817383,-31.52558135986328
-42.235084533691406,-28.51072883605957
-37.855289459228516,-23.59355926513672
-29.983186721801758,-17.477840423583984
-22.697307586669922,-12.534156799316406
-17.719804763793945,-13.696172714233398
-14.141688346862793,-21.219839096069336
-5.001512050628662,-30.307823181152344
12.223505973815918,-34.62289810180664
34.046485900878906,-29.03077507019043
50.92034912109375,-15.810599327087402
56.91456604003906,-0.38518136739730835
49.994873046875,13.390741348266602
25.809865951538086,19.66324806213379
-9.130573272705078,13.755672454833984
-33.84063720703125,0.7419699430465698
-36.77177429199219,-9.618260383605957
-19.773061752319336,-12.685933113098145
10.28298568725586,-6.935770034790039
37.25946044921875,5.052034854888916
47.423866271972656,16.656953811645508
43.05596923828125,25.125516891479492
28.972110748291016,28.97545051574707
13.122054100036621,25.31633186340332
5.357674598693848,16.649856567382812
8.225762367248535,6.864370346069336
16.378246307373047,-0.9937470555305481
19.185373306274414,-4.005886077880859
12.914536476135254,-3.4933550357818604
-0.246766597032547,-0.13173411786556244
-14.083441734313965,3.109217405319214
-19.07994270324707,2.1211071014404297
-12.141250610351562,-4.706519603729248
5.832836151123047,-17.963022232055664
24.896286010742188,-31.732263565063477
34.34126663208008,-39.350921630859375
35.48637390136719,-40.302913665771484
30.026609420776367,-32.408470153808594
17.09745979309082,-14.392839431762695
2.679150342941284,8.199039459228516
-2.7411551475524902,26.111539840698242
0.9793419241905212,33.70096969604492
11.412433624267578,30.520143508911133
23.524873733520508,20.056154251098633
29.702598571777344,5.3299078941345215
28.14350128173828,-10.02828598022461
18.8730525970459,-23.966005325317383
5.339094161987305,-34.2178840637207
-5.820100784301758,-41.80084228515625
-11.455857276916504,-45.159122467041016
-9.01115608215332,-44.37017822265625
-0.5000050663948059,-40.30730056762695
7.088798522949219,-33.195953369140625
8.992993354797363,-26.460186004638672
0.5238049030303955,-25.604644775390625
-14.96674919128418,-30.231204986572266
-30.08840560913086,-33.033531188964844
-38.091827392578125,-33.02142333984375
-38.69475555419922,-28.712818145751953
-33.11891555786133,-19.929012298583984
-22.141769409179688,-7.351014137268066
-12.682592391967773,3.9875144958496094
-6.3741774559021,9.635797500610352
-1.5227712392807007,10.808669090270996
4.225095272064209,11.198652267456055
13.326440811157227,15.944211959838867
23.337188720703125,25.523433685302734
27.880451202392578,35.52186584472656
22.938438415527344,42.803565979003906
7.342663288116455,44.3597412109375
-14.53918743133545,36.81561279296875
-30.105316162109375,24.79920768737793
-31.271717071533203,14.63835334777832
-16.073440551757812,11.36232852935791
10.017638206481934,14.836267471313477
29.816587448120117,19.736526489257812
35.24732971191406,23.28040313720703
25.932830810546875,21.540929794311523
4.560380458831787,11.972773551940918
-16.3080997467041,-1.3720389604568481
-23.898365020751953,-14.954222679138184
-16.646099090576172,-26.19212532043457
-0.5574169158935547,-33.35649871826172
13.965904235839844,-36.182830810546875
17.244434356689453,-35.72541427612305
8.512195587158203,-30.27922248840332
-8.063755989074707,-18.860942840576172
-23.247835159301758,-2.4864554405212402
-28.864803314208984,14.231250762939453
-23.29334831237793,26.114253997802734
-12.500962257385254,29.473369598388672
-0.8094028234481812,21.829240798950195
5.730329513549805,6.465827941894531
3.606508493423462,-9.990707397460938
-2.9215328693389893,-21.377880096435547
-11.616819381713867,-25.24660301208496
-17.984943389892578,-22.852006912231445
-18.43901824951172,-15.84713363647461
-12.194696426391602,-9.163141250610352
-0.3062661588191986,-3.8685152530670166
13.719554901123047,0.027348920702934265
26.49129295349121,2.393761396408081
31.48508071899414,6.0979743003845215
27.403827667236328,11.648761749267578
15.354853630065918,18.447996139526367
-4.023214340209961,25.39775276184082
-20.635074615478516,30.318889617919922
-29.904897689819336,31.40178108215332
-31.131839752197266,27.019689559936523
-24.439496994018555,16.051311492919922
-15.29013442993164,-1.7064892053604126
-7.338070392608643,-21.768280029296875
-2.070167303085327,-34.00973892211914
3.4641270637512207,-35.43668746948242
13.184685707092285,-25.708194732666016
25.806734085083008,-8.181503295898438
35.81205368041992,5.942440509796143
37.690155029296875,9.171074867248535
27.908843994140625,0.20459498465061188
7.143914222717285,-15.902249336242676
-15.070090293884277,-28.165212631225586
-26.557889938354492,-29.133281707763672
-23.559947967529297,-16.90559959411621
-5.417382717132568,4.084175109863281
16.137950897216797,23.855148315429688
26.628036499023438,32.60325622558594
21.303974151611328,29.105932235717773
1.8206865787506104,14.067157745361328
-20.60334014892578,-6.373551368713379
-30.746450424194336,-19.594770431518555
-25.917173385620117,-19.81230926513672
-9.701351165771484,-5.679807186126709
7.517612934112549,16.76509666442871
16.215822219848633,31.517648696899414
14.795974731445312,30.7917537689209
5.148277759552002,12.864640235900879
-4.089602947235107,-16.77804183959961
-7.631392955780029,-37.507686614990234
-6.105072498321533,-39.24570083618164
-0.3407132625579834,-21.558883666992188
4.452237129211426,9.870038032531738
4.57582950592041,34.905784606933594
2.334887981414795,41.142173767089844
-2.433427572250366,30.535175323486328
-9.184853553771973,6.8409881591796875
-16.267597198486328,-18.73150634765625
-24.82447052001953,-32.11869812011719
-34.64106369018555,-32.335819244384766
-43.03154373168945,-23.179777145385742
-46.949745178222656,-11.339155197143555
-43.921531677246094,-1.801479697227478
-33.29637145996094,4.094822406768799
-16.408517837524414,4.123215198516846
-0.17432327568531036,-0.9169195294380188
8.881092071533203,-6.257474899291992
9.798638343811035,-9.555420875549316
4.630109786987305,-10.43935489654541
-1.885405421257019,-6.787960529327393
-6.204238414764404,1.911710500717163
-4.295241832733154,9.590494155883789
5.24535608291626,13.540430068969727
17.461347579956055,10.804702758789062
29.96523094177246,-0.30355215072631836
37.4506950378418,-13.811413764953613
36.470726013183594,-23.757444381713867
31.004907608032227,-23.554101943969727
21.165142059326172,-11.71055793762207
10.176095008850098,8.557915687561035
3.314229965209961,26.345361709594727
2.875603437423706,30.519933700561523
4.951616287231445,18.487871170043945
4.041377067565918,-9.262724876403809
-2.981241226196289,-36.96989440917969
-16.9277286529541,-49.55165100097656
-30.900314331054688,-47.600276947021484
-41.34050369262695,-34.73814010620117
-45.22947692871094,-16.703092575073242
-37.35340881347656,-1.4839398860931396
-20.679960250854492,4.638251781463623
-1.8864492177963257,-0.16137951612472534
11.863168716430664,-8.433697700500488
17.053409576416016,-12.769231796264648
17.27971649169922,-10.429333686828613
17.011863708496094,-5.284187316894531
17.30769157409668,-5.089404582977295
17.295791625976562,-15.000779151916504
14.23876667022705,-32.6385383605957
5.423854827880859,-46.32447814941406
-5.3365888595581055,-48.77189636230469
-14.827290534973145,-35.80495834350586
-19.372013092041016,-3.537196636199951
-15.440657615661621,32.52976608276367
-3.2991983890533447,51.3255729675293
7.901750564575195,52.293434143066406
16.32271385192871,36.35861587524414
21.618173599243164,4.6184186935424805
22.137386322021484,-25.115703582763672
21.82777976989746,-37.43399429321289
23.296062469482422,-32.30137252807617
22.932174682617188,-15.76717472076416
16.25381851196289,0.5584607720375061
1.5332098007202148,7.076689720153809
-18.788917541503906,-0.3465588390827179
-34.46882629394531,-16.50288200378418
-37.94631576538086,-28.36458969116211
-29.222217559814453,-33.02789306640625
-10.506787300109863,-27.955608367919922
11.63539981842041,-13.773626327514648
25.67667007446289,1.5925005674362183
27.202573776245117,12.221000671386719
19.605209350585938,16.916038513183594
8.736831665039062,18.787874221801758
1.6350897550582886,20.97369956970215
-0.5496924519538879,26.720104217529297
-1.838640809059143,34.07592010498047
-7.749348163604736,38.59934997558594
-20.260540008544922,36.05986404418945
-34.44168472290039,23.254098892211914
-40.812313079833984,4.461840629577637
-34.06903076171875,-13.925402641296387
-13.775713920593262,-25.12760353088379
9.751038551330566,-22.83530616760254
23.087499618530273,-7.234102725982666
18.122940063476562,13.57487678527832
-1.6031478643417358,31.669424057006836
-23.3697566986084,39.08620071411133
-34.68302536010742,36.84108352661133
-32.26776123046875,30.181100845336914
-16.663217544555664,21.053449630737305
6.134091854095459,15.346293449401855
20.887895584106445,14.238348960876465
22.355342864990234,16.43022918701172
14.624156951904297,18.111665725708008
6.486078262329102,14.097846984863281
6.1635284423828125,2.9987778663635254
12.900131225585938,-11.729763984680176
19.723583221435547,-23.549091339111328
16.827728271484375,-27.03179931640625
2.5071237087249756,-20.84864616394043
-17.180341720581055,-7.328675746917725
-28.486719131469727,8.039748191833496
-24.086883544921875,18.468664169311523
-3.2943968772888184,20.41273307800293
24.314651489257812,14.61225700378418
40.23798751831055,3.995239019393921
40.18830108642578,-3.9743618965148926
24.35870361328125,-6.479815483093262
-0.8964600563049316,-5.123851776123047
-18.862403869628906,-1.0611798763275146
-19.378694534301758,0.7043913006782532
-2.775393486022949,-2.47434663772583
18.682445526123047,-8.52075481414795
32.19406509399414,-13.54063892364502
33.78823471069336,-14.65923023223877
24.248262405395508,-10.8973970413208
11.411598205566406,-2.4920921325683594
2.3117146492004395,6.091502666473389
-1.8213129043579102,11.634774208068848
-2.944497585296631,11.00407886505127
-6.353509426116943,6.119686603546143
-11.639575958251953,-0.26806119084358215
-16.793907165527344,-5.1432671546936035
-17.007688522338867,-6.7913007736206055
-9.256461143493652,-7.373143672943115
1.5570095777511597,-8.757709503173828
8.568563461303711,-11.80826187133789
5.667072296142578,-17.363224029541016
-8.802386283874512,-24.16391944885254
-27.872934341430664,-27.00444984436035
-38.15153503417969,-25.2683162689209
