I,Q
-0.0065893088032633225,-0.16895727812421227
0.15903020778673058,-0.19527756207681668
0.20324630671488564,-0.0661517384201848
0.15228077713604188,0.16629692234134152
0.08455253483453148,0.37503636409096114
0.05155672275213608,0.4613624986907867
0.015506430603656628,0.40315487298452907
-0.06458754375245773,0.2560839570071182
-0.18419273731689215,0.117265073040824
-0.2898680244044126,0.0618163375624766
-0.2914814761719509,0.10537967700392958
-0.17632252037539034,0.19831971943235746
-0.01710756978336019,0.250578499261841
0.06684145929004427,0.21859262981162064
0.009594526708181882,0.11402583329825947
-0.16348876151667535,0.020248268332412844
-0.35611829052116456,0.006663207949924863
-0.43744391507214714,0.10456678976488881
-0.35581037122397513,0.2735117519270302
-0.15697335439075072,0.40609850264350267
0.054635841490834273,0.41981903776521146
0.15708420479786112,0.2774283763319662
0.09782968182474337,0.026492717544305478
-0.07396037555133213,-0.2052169416278969
-0.2268939256710208,-0.29857576725756935
-0.26304273876759504,-0.2164865125673572
-0.13538258883059542,-0.027502666924952894
0.10663595912293959,0.1374640741507171
0.3308941474382867,0.1623063751700907
0.44386076750761516,0.0227361955849368
0.40245281590718157,-0.19473563275180794
0.24880491974196403,-0.37634192355519946
0.08749617124197749,-0.4154713209454324
0.011934654823823712,-0.308613661008272
0.04564482138733847,-0.12083683701083027
0.14482931640189517,0.03702329364291419
0.2311677332214298,0.07533981729105106
0.24290532421652877,-0.023253486237331405
0.18716101239695232,-0.17355131418540923
0.11710495878543002,-0.2901636074941141
0.10396328737799797,-0.2938216034440337
0.1824561124317002,-0.17752953864611679
0.3044383811544301,-0.009976336716442387
0.39730454130737736,0.13168765174293548
0.4013936026782506,0.18021452635312932
0.29345211108496216,0.15458396327038434
0.10627878272593896,0.08919584149248438
-0.08811199633941161,0.04695036735463205
-0.2066087060781591,0.05443877597499144
-0.21547656318670977,0.1121783647544295
-0.13498846454738211,0.19850447910883798
-0.017280001687943147,0.2854094436805784
0.0765591515238484,0.34555074966516225
0.1220684872056985,0.35174592828029894
0.12300454081392055,0.29534883672860335
0.10191874994408898,0.18766598708727603
0.08651085378547187,0.02516253965287011
0.06734643398036798,-0.1415408263079918
0.04275045220241222,-0.27177512704183826
0.003892003025282296,-0.3112124437292606
-0.054660473414976055,-0.2551478899019514
-0.10497323675864538,-0.1199746926719783
-0.12130487056341367,0.05208633274083776
-0.07818491925345757,0.17144519694114577
0.012698275683903767,0.2276821742374474
0.12200690064687167,0.21947941957155914
0.22600713591108232,0.19811034132867994
0.2839068558170953,0.19272805670105636
0.2969622884961416,0.20160822302320558
0.26521045606763005,0.20068449212552678
0.22084653860073483,0.147206398308663
0.1869146796585897,0.027613515644945207
0.1782315687295748,-0.12211775105398207
0.17608851034757103,-0.24215403028478721
0.1560003461478436,-0.2855572622193186
0.09617927542252006,-0.24051593309616243
0.0016380899129280187,-0.13537026612005215
-0.11752371499278512,-0.03517582509908422
-0.21675747722986158,-0.0027096223727212034
-0.25949560672173055,-0.0459896818222682
-0.24703134022208706,-0.1166861890811302
-0.20431784265435987,-0.16080377380966282
-0.17186395314850086,-0.13694677674985012
-0.19692796847904,-0.058934287713857426
-0.2759504068956801,0.013769808249141834
-0.37748735526709903,0.02016205322368041
-0.42901944609509335,-0.05020191293655893
-0.3810714419476486,-0.16199846936984602
-0.2099834146550311,-0.23235011956801446
0.047085846311648055,-0.21619091598071102
0.2932550286979384,-0.10557673914553624
0.4413974941117682,0.05543640939356796
0.43740696043746213,0.1948588058694616
0.2895847235344203,0.2579191095888773
0.04249180687621492,0.25299250880940444
-0.20970014077892818,0.19035097479428853
-0.3923286766796209,0.11140243215007378
-0.45941645521108304,0.052825320833216984
-0.4301771870205915,0.0050990166564339814
-0.33848110400063036,-0.05911903389339319
-0.2084192267357764,-0.14774831413672704
-0.09370366581918509,-0.23502278456448372
-0.025470450514469074,-0.2776008132979034
-0.018031305742393262,-0.23329849588677978
-0.07584479198137478,-0.12092305549379889
-0.17712309165236023,0.01163905992429564
-0.2810001537989172,0.10696850359579843
-0.3302906450513959,0.11849670973874749
-0.27832748880244795,0.06916927060005616
-0.13012345032673606,-0.0035101925952422683
0.06108966880640445,-0.039917662827840435
0.19515438895916304,-0.01397918803993747
0.20482281734468358,0.044807302224155916
0.07097979125767345,0.10311344550427216
-0.15145557393493023,0.11099598515631721
-0.3462158521078247,0.07432986791040365
-0.4156314486977711,0.040385689631951466
-0.3386781593937646,0.058897339827644744
-0.1358506088862341,0.1347913956573031
0.09536639493195166,0.23954293835020005
0.25132979319358256,0.2864563476959109
0.2853355614050978,0.2171023376647913
0.21115347829107248,0.026849893941306106
0.11369329557387299,-0.209207475302203
0.04861308971892626,-0.3808004772851442
0.04766472014863331,-0.41130835030518903
0.09151133684042538,-0.28469510438352186
0.11233847900982347,-0.07029007038781399
0.0873730048727962,0.1330917254067962
0.023142639204457183,0.22132688136691675
-0.0318626963325667,0.16448640168372425
-0.031062125055596825,-0.006934170081752102
0.018043621704464156,-0.19478489660009152
0.09370366581918509,-0.3132077240633584
0.12815282891066954,-0.32830770092478606
0.09055065130806153,-0.2557637284963303
-0.024226487731766142,-0.14794538302680604
-0.16096388806505682,-0.05734546112198857
-0.2591507597837455,-0.02375846092765511
-0.27082675072307294,-0.06240753073576892
-0.20127567180187436,-0.1520098124735375
-0.0996894730791166,-0.2668978171045384
-0.002303178964090583,-0.38588717882306633
0.0624567945840525,-0.44456282458496266
0.111020617080459,-0.4279109690178788
0.15492882370531408,-0.303280640228932
0.21197868149218413,-0.09130195873674783
0.2512189562834169,0.1683044983920931
0.2167451545193183,0.38240161983908394
0.11982688763018286,0.46855529047908284
-0.025100956468279464,0.4039554307645542
-0.16346412959253356,0.2046503938756911
-0.23695646484280994,-0.07021616786691626
-0.210820940566686,-0.31235787544116017
-0.11310210240058066,-0.4327759697415801
-0.002426343646153787,-0.4325296235062728
0.044942781181171926,-0.3472258014884721
0.01612225401397265,-0.2432871527830883
-0.07056102830184599,-0.18015293979430247
-0.1424891891298124,-0.17904446271708793
-0.147908428392121,-0.21640029408438857
-0.10076100227011849,-0.2549261890877306
-0.022896309840330777,-0.24502375067439075
-0.003522509189982445,-0.1809904657059574
-0.06075712433354561,-0.07418206961708057
-0.16549635106437166,0.04100151472938558
-0.26486558213575556,0.1254431957825705
-0.2889442665128444,0.16554561491265524
-0.21407248952284905,0.17962333317983697
-0.07436681579661633,0.18851582221252947
0.07695327580706171,0.20221172541009644
0.18084266066416194,0.24358273587278972
0.21084557249082778,0.2844241397210175
0.19744525238296223,0.2995980258518153
0.1797095516628056,0.2708513961441595
0.18812169792931616,0.19383653377827093
0.20180529191328458,0.0838874458888138
0.19983465700027334,-0.029682679941641706
0.12956921178812877,-0.10117976522594593
-0.011749907800728905,-0.12528308152717652
-0.17089095840253848,-0.10161083739537193
-0.28735546016639263,-0.04358797136559477
-0.30743130165557675,0.01163905992429564
-0.22818714892777112,0.052074016778766864
-0.07855441836100145,0.08061126500850896
0.10014517717268437,0.10081026611840205
0.24361969050747476,0.12121865208044505
0.3317439960604849,0.13369522779368706
0.3548250402705248,0.11639059249448404
0.321127191356199,0.05495607000162222
0.2515638032214019,-0.05261593935530325
0.16755319096340682,-0.15911641277275448
0.09415937666122522,-0.20796351589373624
0.05079310273561507,-0.16646934581033404
0.05835541050263599,-0.017390848720817365
0.10012054524854258,0.18734575857648805
0.13933616787021647,0.35578572580288864
0.13895436629754643,0.4281819066864937
0.065930037605964,0.38784550452247907
-0.08200302945877117,0.26469314516981834
-0.23050265777265685,0.13368291858008854
-0.3045738634856823,0.07569699368805169
-0.2791157373688746,0.10541662489014227
-0.14990369522927405,0.18767829630087454
-0.0011454312901200835,0.24326250736200175
0.06613942245811391,0.21894979946014892
-0.004162965157109536,0.1253939319342869
-0.17699991853470656,0.03284801378907233
-0.3573499407160328,0.016947457215084304
-0.43485744156475703,0.10978897363406315
-0.3484204970486553,0.27991632214278916
-0.1412082750866606,0.4152496201312115
0.07710107410038479,0.4298200038751185
0.16887105964124366,0.2767879193103903
0.08612904546432945,0.015715810394452266
-0.10267005737277528,-0.21463903727505487
-0.24895271128681476,-0.29857576725756935
-0.24214172107118867,-0.1987138572125155
-0.08075906330183204,-0.0018351534253181212
0.13032051921681506,0.14370851661413736
0.25232743336063146,0.1350500376092642
0.23896405439050625,-0.009261982235323039
0.12964312105749887,-0.17101411802324742
0.02480536156875139,-0.21349360556315525
0.012772174830565308,-0.08268043436655974
0.07795090922563823,0.15670238972824632
0.15485491443594399,0.3751841826297013
0.1717038388931069,0.45974901992935896
0.07935498963797132,0.40131972040277
-0.08887561298169643,0.2532511642583103
-0.24858321892774324,0.12033186232050656
-0.3159296529081112,0.06798689100194387
-0.2692132989555347,0.1141982702641967
-0.1340031470908765,0.20356653522567358
0.007020385190484537,0.24937146749416983
0.061804021600405705,0.21158455720897082
-0.014348682929686128,0.11492493227179648
-0.1834537525987491,0.030680316734454413
-0.34470092803685354,0.022342067927487313
-0.41538510246246374,0.12173594948131203
-0.34011920118925515,0.28204705781424966
-0.14593779347910973,0.4129341382802153
0.05941463048003935,0.41968355543395924
0.16186298703859384,0.2690285527759989
0.10550284337311087,0.025729095840666377
-0.07334455045389802,-0.2005490097942746
-0.23768314034735444,-0.2899788613145783
-0.26868370583801393,-0.2127176797072719
-0.13610926433513992,-0.030335452925288494
0.10706703129236558,0.12961847563641235
0.3403039473687909,0.149164710511131
0.44308485514867657,0.007636208600800556
0.39324009836370116,-0.212077222685696
0.23546618619292534,-0.3827341575634704
0.07490874512162508,-0.4207674140839768
0.002056849810853936,-0.3070741185101038
0.04230705732244298,-0.11618121439080649
0.1477113729989867,0.030372404185737358
0.23068740395219262,0.06168086197969678
0.24115639011773832,-0.033254457408592716
0.17633482958898888,-0.18489478089729489
0.10732567999279906,-0.2985511218364828
0.09340807598101128,-0.2995610712171302
0.17255367401836033,-0.18831875332245043
0.30573163140506987,-0.026640514150510466
0.40452197851676,0.11624280094963332
0.4103107371320296,0.16683883816940556
0.2970361977655117,0.14338828810334941
0.106389626384577,0.08837063829137272
-0.09037822109059666,0.05048519018689801
-0.20589435328415784,0.06272775924655687
-0.2152302304483472,0.11900168442907119
-0.1288671817046708,0.20684271610597843
-0.004310763028653094,0.2880821356709371
0.08678181844797624,0.3425701653715036
0.1349268779885553,0.34940580100821617
0.13550574845130434,0.2950532536389019
0.11104524900460079,0.18054706407751578
0.08710204021029182,0.021073471533524502
0.06292482138816352,-0.14837646194470439
0.034461468930846784,-0.275137512908167
-0.011651375886366533,-0.31197607386849013
-0.06166853926915351,-0.25640418551790617
-0.1075596900206184,-0.1143706937331892
-0.11752371499278512,0.04961072313750278
-0.07211290700750216,0.17520172058763253
0.017452431905408013,0.22705402642947003
0.12644083594961938,0.21850641132865203
0.23062580389642104,0.19080668563632866
0.2950286082178154,0.18009135323547565
0.3014701330682594,0.19334386830154573
0.2740167266173539,0.18904542882699496
0.23063814010390904,0.14295720918545105
0.1905110890496825,0.02048228173446836
0.17211028588686345,-0.1320940852397473
0.16443712433849594,-0.25257375260204934
0.14197189172894542,-0.29452363352749167
0.08861697102973531,-0.2394444106536329
-0.004741838994094785,-0.13045600154806727
-0.12201922335741493,-0.034178191680507695
-0.21495926578584282,0.0005788738897076899
-0.26401576050744685,-0.03656758617511024
-0.25296789038220735,-0.1112546338567507
-0.20674418840941128,-0.15862376079297402
-0.18377398110953705,-0.1326976011235829
-0.19886164875736623,-0.054919118741173355
-0.2729451771809349,0.016996722750485967
-0.373176593082005,0.030692632696525307
-0.42845287134899807,-0.039400372175445834
-0.3877469768259119,-0.1514432647213317
-0.2178536450934776,-0.2257238620349794
0.039659017501643135,-0.21532875814491434
0.2972578985797325,-0.11607036398369609
0.4471246526712662,0.03664148532177178
0.44584373862811444,0.17587913224389348
0.297245589366134,0.2539162397070832
0.05558420768689104,0.24889113822493264
-0.19664468110599237,0.19493270164188695
-0.382438574473769,0.12593586125929568
-0.4599706937496903,0.07382489322007994
-0.43515305164834794,0.019090520658442345
-0.34112915056990256,-0.05163062189879762
-0.22195502917489413,-0.13687288097742475
-0.10553979125932356,-0.2305396124073419
-0.03875991515386994,-0.2712947707787116
-0.025482766476539968,-0.23477646532306587
-0.08367806778513626,-0.11705568144020172
-0.1794878508485848,0.019127470231773115
-0.2770588839728947,0.11025700043817417
-0.32503153354142594,0.12891644555295434
-0.2743739097628269,0.07331991852975624
-0.1289041228424111,0.0007759372966529119
0.05655720918132578,-0.04029947452321903
0.19546230825635244,-0.01994035747081388
0.20862860483945392,0.04178976667004838
0.07096747529560256,0.09833465651506708
-0.14859814926198048,0.11481409536163081
-0.33770516464780226,0.08688034614454339
-0.4158408133045039,0.05286226871942966
-0.336830697598407,0.0672971701320844
-0.13367059586954527,0.1441395955320357
0.1046037376511015,0.23205453647831303
0.26699634480110557,0.2718736547384054
0.28861172878845787,0.203874454522863
0.21191710843030204,0.02139370004431245
0.10448057803039257,-0.2126437704379018
0.033993445500971935,-0.3821060097554931
0.036949397870488836,-0.41167786965815
0.08078369522597383,-0.28388221039600875
0.11046637854185172,-0.07152171383420984
0.09238580388982061,0.13076390734831195
0.03616114255558985,0.22478780842675736
-0.027798261824480967,0.16250344406016973
-0.03406734464763348,-0.0032145974848244354
0.011712958227398136,-0.19779011281789197
0.0776060487907085,-0.3167055922609393
0.11652607482573622,-0.32748249772367444
0.08088222967101334,-0.25235205178782855
-0.029325503544641078,-0.13753796992314243
-0.16225711132180712,-0.05094090102893815
-0.26038238298472427,-0.015001454226214827
-0.26840040496802153,-0.05278836957276812
-0.20869019139828077,-0.14756356795719128
-0.10794150509023318,-0.2612322316069225
-0.011380413754539293,-0.3816503259073424
0.04575566842021269,-0.4479498558723779
0.09232422407946614,-0.43044815168309586
0.14396715856609849,-0.3135648802149419
0.21064850360074877,-0.09864256906378413
0.2487063920453969,0.15988004291198404
0.23076128622767322,0.3691367955594153
0.13832621848956905,0.46373958059755455
-0.010998603746278788,0.40379533000610496
-0.1585375423100054,0.20190381960985174
-0.23616821627638332,-0.064242683317528
-0.21688063685057052,-0.3037609964920586
-0.1269581198535416,-0.43313312589316366
-0.019952673432884774,-0.43670490336011464
0.03375943209891642,-0.35145034519059754
0.004581725160480334,-0.24365664514215982
-0.07745825049738542,-0.18069486911931124
-0.1511723000588273,-0.1736867965166614
-0.15850058767532035,-0.21578446898695447
-0.10545357952482731,-0.2514160116765512
-0.03788544810447471,-0.24365664514215982
-0.00979158969334758,-0.18068254640876796
-0.06057237815400985,-0.06863966398559067
-0.16858777226819602,0.047319859713703574
-0.2556282461650781,0.1294830068021049
-0.2787215995887165,0.1737114284408032
-0.21074704479426065,0.18575692523614684
-0.06739569782865155,0.18804778865994606
0.08428157017202711,0.20329558406011394
0.18636044111998243,0.23726438413999937
0.2176565762033986,0.2794975389415446
0.20686734803012022,0.29363685726449795
0.18924248422012924,0.2631043388233666
0.19793791785968742,0.186409704968266
0.21488537001341745,0.07328297064354355
0.1989971310886184,-0.029694999277948782
0.1255294142655391,-0.10140145929169438
-0.014287099745095481,-0.12913814636717516
-0.17106338187153097,-0.09478751772073023
-0.2843502304516474,-0.037749965773222524
-0.3106458959770548,0.02113505471811515
-0.2248617041991827,0.06105272092019177
-0.07500727281819222,0.0868557142204016
0.09755872391071135,0.09896279757457209
0.24995035145386366,0.1124123815307212
0.3344782611127257,0.12019637998925438
0.3586431639727831,0.10068710649769312
0.32972409729919006,0.041654284338796185
0.2529062903264358,-0.05709913513209835
0.16170287278319984,-0.15988004291198404
0.08637537145421967,-0.2109933640356785
0.04751692185531022,-0.1691912881520316
0.051926218485443786,-0.022083422601290013
0.10374158656377716,0.1825053897769285
0.15952285976651104,0.3519553198809212
0.15107375886531543,0.4234523882940446
0.07566004580183902,0.3857640057054127
-0.06939096466580459,0.2682526134231708
-0.2260317678352241,0.14646740009357523
-0.305472975956164,0.08728679313829994
-0.27096223305432515,0.11480177265108756
-0.14277246300591528,0.19097910910532118
0.0036456736611558877,0.24423550210796413
0.07420670154122236,0.21830935593551776
0.003485559616651675,0.12852232126974103
-0.17488149207684459,0.03451073615336654
-0.3519306744598347,0.020051206190806192
-0.42566936944236317,0.12040577158987666
-0.33626414984620123,0.28795896255328346
-0.12620682592180005,0.4236248252599818
0.08321004098102523,0.433724319066456
0.1778990310051883,0.2721692648219963
0.09435643880283187,0.010616792894459237
-0.09727544328613609,-0.22143773177402715
-0.2501350976333994,-0.2887595203333086
-0.2600498452603378,-0.18046084559454717
-0.10264542544863349,0.01279680759826614
0.12657631828087157,0.14256308490223774
0.28095088995063366,0.09143744106800002
0.28340188112677156,-0.10283017162816925
0.13692214482570833,-0.31767858700690166
-0.07224838933875435,-0.38465552862819813
-0.24412466519779846,-0.27418916358329115
-0.2970485069791102,-0.06085565877858512
-0.23058887625562546,0.13630631972827423
-0.09939387649247043,0.18862667261963986
0.04112467772433069,0.11007225425863841
0.10480080654118051,-0.028882112038908017
0.07230996914910881,-0.11714189992317034
-0.04117394494685045,-0.08880171720927107
-0.18690235694804647,0.03388259509386153
-0.2720337824907441,0.1797711247246877
-0.24929758521868922,0.287971271766882
-0.11296662006932848,0.29713472546207886
0.07602953816091054,0.22998534687484515
0.21755804850683144,0.1324389591716218
0.24591055393127398,0.05002948271909406
0.14870899966909087,0.02331506942192205
-0.014915239117482394,0.03556995275653371
-0.1591779993315813,0.0752782374806966
-0.21718855614775992,0.10496092079657449
-0.18355228029531626,0.11001066769981158
-0.09859330521550057,0.09087087981884948
-0.015925190185247903,0.05090395314272547
0.03543447042528152,0.013424946970653053
0.05030044400736225,-0.02559361519653228
0.0684672337681258,-0.03868601938144458
0.11093440534596274,-0.011269565878106028
0.19317144483255325,0.06546201080185296
0.2649764460398107,0.17749258401143175
0.28252738708348685,0.301507060709055
0.23420991757086004,0.38980380322800234
0.12334940124885029,0.3818473813004767
0.01006255182517482,0.2765046454342874
-0.033636265729735125,0.08663402015465316
0.019189053416363764,-0.1069069170369716
0.14982979945684868,-0.20715063540316786
0.2959646753229822,-0.17865032493692987
0.3831036499225419,-0.024817677530822285
0.3646782148355811,0.16024953527105557
0.24683428482895278,0.27124550693042804
0.06974814106280522,0.25743875332575067
-0.09061223786688836,0.11205520513372057
-0.17702456395579308,-0.09675815263374149
-0.1575029610052162,-0.2940802318990501
-0.05196316637165646,-0.40150446658230576
0.09642560816088265,-0.39501367788357816
0.23470255605369578,-0.3194029026784951
0.338604277118284,-0.20710137155488428
0.38581326955369627,-0.11637828328088551
0.36890275853770654,-0.07855441836100145
0.3080101586213811,-0.11597183628712894
0.20499525431062082,-0.18562145640183939
0.07577089620894942,-0.2409470255110055
-0.042479487539907844,-0.2348010837502629
-0.12519687654115264,-0.13020966880970467
-0.15837742805461144,0.06559749313310514
-0.13149058285285647,0.3009897768051327
-0.06564676372986109,0.4788765120936673
-0.01006255182517482,0.5214914414739931
0.009040285638897463,0.3753565926017491
-0.042799716050695796,0.07061029889860193
-0.14062940462391152,-0.2532511642583103
-0.23923501905301062,-0.4500929007574369
-0.2949054351001617,-0.4208536325669454
-0.28536017983229484,-0.18403262306149817
-0.19868922528837374,0.12274589886195944
-0.055805905126875666,0.3408704951209967
0.0752782374806966,0.3464252167145575
0.16494209902881965,0.15042099263014103
0.19495733356602873,-0.12646546787376117
0.17425335776581194,-0.3273347061788237
0.1401736937818714,-0.33213813384064295
0.1409496331346995,-0.1613457031346716
0.1490169189662803,0.07442840235544317
0.16467114786326,0.20840691752217785
0.1546578590428097,0.15076585306507076
0.09507079834530549,-0.07179267849671421
-0.006872587740720501,-0.30826881407028695
-0.11529443812781273,-0.40034669866291817
-0.1728492706050065,-0.31254262162069596
-0.1526502694951134,-0.09348197175343664
-0.040200943452415705,0.11710495878543002
0.11873071976656682,0.199945493910439
0.27113467002026237,0.12717982066776243
0.3537781632490818,-0.02450976666922332
0.33399790484959907,-0.1360476777763131
0.2276821742374474,-0.12062745890715272
0.04905648122465932,0.007956436268029459
-0.1487705862279177,0.1733173041575899
-0.32379988334655774,0.23552775925480743
-0.44484609846106554,0.14211969677074088
-0.49772067639409373,-0.05692670491463348
-0.48813849348543126,-0.2792635289137253
-0.4279478966586744,-0.38650299042355574
-0.3359069667007282,-0.3491348363457118
-0.22183185605724046,-0.2207233789800259
-0.12711823410893558,-0.08891256086790911
-0.05988265728415038,-0.02407868943844306
-0.04255338668656938,-0.028007641615276604
-0.07250703129071547,-0.04916732825753354
-0.11173497662293262,-0.05161830593672673
-0.1439178947178149,-0.016577963168894694
-0.13828927735182875,0.01187307248279211
-0.08885098105755465,-0.0056655741095688154
-0.010739957576522442,-0.078763796464679
0.08909731379591723,-0.18015293979430247
0.18578157065723336,-0.2253913108136482
0.2659001769374895,-0.17314486719165265
0.32251896930340596,-0.025987741166863677
0.33769285543420374,0.15857449694469045
0.3187870640841162,0.2717874362554368
0.25955717978361265,0.25693377863542693
0.17094022225082206,0.1472679713705451
0.061471477127546865,0.025963109242721893
-0.03411660849591705,-0.0229948409111341
-0.09941850841661222,0.01971866171794735
-0.14832719809642084,0.08537773803564315
-0.1831212013774179,0.07924413923086092
-0.22138846792574357,-0.0440683141317767
-0.2798424128734191,-0.2402819230683431
-0.3508468428037067,-0.4032287552600097
-0.3894343108689308,-0.4251397493309529
-0.3759354765614429,-0.2717997454690353
-0.3079362763459005,0.00012316465570198383
-0.19557315866346286,0.24721608640162282
-0.11467861303037863,0.3436909786562061
-0.0972631273240652,0.2567490324558912
-0.1560003461478436,0.06541274695356938
-0.2561824847036854,-0.07517970303565709
-0.31814660706254033,-0.06270312732241509
-0.3060764783430549,0.10833562937344648
-0.21143676566412012,0.31170510920598576
-0.06447669334534734,0.4000634247868152
0.05884806923088881,0.29172779541336874
0.09524322856277036,0.02309337198193743
0.030323136963217603,-0.26864675120332887
-0.10365537482928092,-0.4375301065612263
-0.22193038375380758,-0.4039431215509557
-0.27411525431392103,-0.21591995131820665
-0.2266106517949179,0.02077787663399643
-0.10194338186823076,0.16586584342344318
0.043156895821932606,0.15487954636008577
0.1722827228528007,0.03630894084891294
0.24716682255333924,-0.08064821289472164
0.27583956998551445,-0.09298931302518383
0.2658262676681194,0.017538647014140447
0.22529278311708106,0.18762903245259097
0.16303305067463522,0.30840429640153916
0.07249471532864457,0.31647158223311994
-0.030064491637020303,0.23055192162094043
-0.10642657427078968,0.11017078195520555
-0.13502540568512242,0.043883564578004755
-0.09085856385677858,0.08503287760071342
0.0036456736611558877,0.21580910091109626
0.11538064311383661,0.3639515393310366
0.1828132955771732,0.4552781299919262
0.1608284057338046,0.4328498520170607
0.08082064311218651,0.31063358676345626
-0.0264680839330456,0.13254979608178746
-0.11664924794338989,-0.0292885556584284
-0.1560988873413555,-0.11435838451959067
-0.15127082775539447,-0.10988750133063029
-0.1260220797422643,-0.029621100131287242
-0.12864548089044997,0.08976240274163493
-0.15921495396626634,0.2018668649751667
-0.1882202256258833,0.277650077146187
-0.17828083257785834,0.3020982538823473
-0.11887852480836227,0.2784506619201016
-0.025839944560658686,0.21292705781094945
0.07471167623154606,0.1217605814054538
0.12830062045552024,0.020790194283185414
0.13242663646107852,-0.07742130261117273
0.09329722557390088,-0.180522432153374
0.06217352070794959,-0.29080406451568996
0.0768424253999513,-0.37603400425801004
0.13649106590781,-0.4140549245710284
0.21407248952284905,-0.3666858043832774
0.24565189848236813,-0.22673382491257157
0.2040715099159973,-0.004470876862267546
0.08936827170994925,0.2130009535833748
-0.051840003376711345,0.3356606204654209
-0.16231869788063397,0.3238368379812428
-0.19166882997518064,0.17687675891399762
-0.136688134797889,-0.04103846261559826
-0.004162965157109536,-0.24494986839891011
0.1451988087609667,-0.3559704719824244
0.2789063457682523,-0.36121730127268525
0.3712182673825923,-0.31684107459219146
0.4007038818083911,-0.27939901124497746
0.3616237482664418,-0.29600160296377775
0.25486461602584853,-0.3383825763040632
0.10333514631849296,-0.36829925615081566
-0.07936730560004221,-0.3265464576123971
-0.22021840428970219,-0.18974747240739767
-0.27825357953307783,-0.01838848213939389
-0.23775704961672453,0.11966677337478888
-0.1052565106347483,0.15799561298499665
0.03031082100114671,0.09151133684042538
0.11449386685084287,-0.01764949573413276
0.09035358916645488,-0.09875341947089454
-0.037405105338292784,-0.07965057947614512
-0.1859909487609109,0.030397036109879143
-0.27561786917129366,0.17334193608173168
-0.24487595912954002,0.2841531750585131
-0.09951704286165174,0.3125672670417825
0.0936790338950433,0.24077458854506825
0.2290985706118514,0.12821440197255163
0.24159979174617993,0.03661685002339381
0.13601072314162807,0.004347712180204341
-0.021910992383825142,0.03683854746337843
-0.14973127176028156,0.08462643060695685
-0.20118946681585048,0.12112012438387791
-0.17307097141922728,0.11663692523284663
-0.10701776744408201,0.08584576483975417
-0.03823030853940444,0.04831749313228009
0.02708390734336162,0.004680256653063183
0.07758141686656671,-0.016762709348430452
0.11647681097745265,-0.021763194090502064
0.12752468110269216,-0.014705859326686756
0.08656011763375543,0.009951703948741555
-0.012907655474699405,0.05366283999639953
-0.15308134841301174,0.10273163718312975
-0.2690162435624004,0.15847595575117857
-0.3089462257265479,0.20477355349640003
-0.22870443283169337,0.22998534687484515
-0.05711145109416924,0.22813788507948754
0.11736360073739115,0.2062515229326861
0.21162151184365588,0.18228368896270772
0.1693390796968823,0.1698686863113478
0.032626316349087706,0.21934393724030696
-0.10018213180736942,0.3181958709108239
-0.14385632165593282,0.4155698486419995
-0.05163062189879762,0.4611407708826764
0.13261138264061428,0.3852220763804039
0.2898310697697276,0.18892226920628602
0.322198740792618,-0.061988767779941466
0.1991326134198706,-0.2612199223933239
-0.03247851805576463,-0.31830673481487903
-0.26793238491238286,-0.23215306417488016
-0.3717971513422861,-0.07014227209449089
-0.3157079520938904,0.059808754763252654
-0.12582501085218525,0.09476288579658844
0.1070300834061529,0.034855596588296275
0.274817284397379,-0.07368941088882776
0.31925511113364435,-0.16303305067463522
0.2647424360119914,-0.18761672323899245
0.18560913369129614,-0.17360057803369278
0.16086536036848967,-0.1496080986426279
0.2240980875568979,-0.14808086535805823
0.34106755051413096,-0.19105300487774654
0.4416684587742726,-0.23905027287347486
0.4588375982452787,-0.26444682592840046
0.3676095352809562,-0.2474870510641272
0.18248075785278675,-0.1833429021916387
-0.01409003675992978,-0.11614427325306619
-0.15336462228911465,-0.07317212023643314
-0.19501890662791085,-0.06714937183876132
-0.15188665285282857,-0.050337395267811114
-0.06617637034432658,0.002019900237523166
0.01635626572891007,0.0838997618508847
0.06572065950228645,0.17829315528840162
0.0950461664211637,0.21245902425836605
0.12573879236921665,0.16675261968643693
0.1652253864018673,0.05452499108372387
0.21031596587636228,-0.07068419467102728
0.23147565251861923,-0.13264833727529934
0.19392275226123953,-0.09164681917167757
0.10816319915598162,0.05261593935530325
-0.020346801090334262,0.2212406628839481
-0.1470955479015526,0.31075673288722044
-0.2244675799159694,0.2738073350167316
-0.2362421255457534,0.09802675071482239
-0.186409704968266,-0.15568011763705566
-0.08883866509548376,-0.37720408139099615
0.005419244745442407,-0.49610725162044494
0.0672971701320844,-0.5147420513141386
0.07987228029036592,-0.4639735636314844
0.029892061419555433,-0.38890471775141006
-0.049647671023715464,-0.34442996337434917
-0.12075063202480639,-0.3409320681828788
-0.15050721111310963,-0.3576455238057342
-0.10791687316609139,-0.37947029939370885
0.017119887432549174,-0.364973824919172
0.18063328256048442,-0.2983171118086635
0.3111878253020635,-0.20202697923056068
0.3369538707160607,-0.0885184365846958
0.2166219948986094,0.023622980283521014
-0.03309434315319874,0.08757006701440286
-0.32748249772367444,0.09126501085053515
-0.5441907111052524,0.04127247601765378
-0.5989127778275277,-0.05030044400736225
-0.4744425497970301,-0.13876962011801067
-0.2121018546098378,-0.1913239695402509
0.06998215783909692,-0.15830353228218608
0.24320093430011966,-0.04263960179530182
0.2558499469792989,0.12013480692737227
0.14293257726130926,0.27070360459930876
-0.005677890493419231,0.35359341706954606
-0.0578258038881705,0.33433044257398553
0.0327617986803399,0.25352212892081466
0.2455041069375174,0.13279612882015004
0.48434498821037,0.01986645832415234
0.6307015378968348,-0.04456097286002951
0.63408856918425,-0.08593197657425043
0.4983365149884726,-0.11694484453003605
0.31642231838483637,-0.1426123487505213
0.18397104999961608,-0.15463322711866792
0.1620231012939878,-0.13702067252227548
0.2308105500759568,-0.057357777084059466
0.3020859446687488,0.08018019283908298
0.30355160489143634,0.24408771056311343
0.19537608977338383,0.3745190801870389
0.00697111923330335,0.4052486540213045
-0.18562145640183939,0.34718884685378704
-0.2869736315998331,0.21872811214287285
-0.2635846680926038,0.06818395314355052
-0.14184873210823648,-0.04745534204495576
0.0008252032011116576,-0.10488701827567677
0.09617927542252006,-0.12284442655852658
0.10858196211180907,-0.12412534060167837
0.04996789953450341,-0.1268349602328327
-0.009631476281512652,-0.13177385672895936
-0.05054677337148866,-0.12096001012848394
-0.04850223931181585,-0.07596795835055607
-0.03400576146304283,-0.003485559616651675
-0.03933878899085519,0.07976142988325552
-0.07724887239370787,0.13081318469354025
-0.1515910562661824,0.13253748686818892
-0.2089488333502419,0.08571028250850199
-0.2377200949820395,0.03228145591415797
-0.2230388743279669,0.006847954973019669
-0.1930482852118443,0.0219725738812977
-0.1832813156328119,0.05198780167003443
-0.22392566408790537,0.07169414405167471
-0.297627390938804,0.03432598997383078
-0.3589017924277995,-0.037725333849080736
-0.34920874561508186,-0.11377951405684161
-0.273376269595778,-0.15491650099477083
-0.1512831504659377,-0.11196898665075196
-0.029424034615444405,0.007919487538257735
0.012464263125407297,0.15989235212558256
-0.03869833534351547,0.2865795208135645
-0.14380704431070448,0.3270390960952328
-0.2553203268678887,0.27104845153729373
-0.30299736635282903,0.16153044931420735
-0.2591876874245411,0.03454768403957922
-0.15591414116181973,-0.05539946150735528
-0.053268712338950044,-0.08987324640027296
0.0031530151437928334,-0.07637440534431264
-0.0312222393109908,-0.036949397870488836
-0.10895145447088059,-0.0001970634464870521
-0.18707479391398368,0.02404173986511229
-0.21829703322497448,0.05521471532781952
-0.17048451140878193,0.09909827990582427
-0.06407025310006313,0.17001649135314326
0.07431755194833276,0.23820045124516614
0.19291280288059212,0.2865795208135645
0.2820840124489347,0.277650077146187
0.30849051488450774,0.20157126838852052
0.2884146733953236,0.07870221665432453
0.21886359447412504,-0.05918061370374765
0.11301588391761205,-0.16383362195160509
-0.02443586752256178,-0.22154858218113754
-0.17236892783882457,-0.24049131466896537
-0.27997789520467126,-0.23151260715330427
-0.32054833439039465,-0.22328520706632948
-0.2777855594774392,-0.21111653715333217
-0.16463419322857495,-0.16449871089732276
-0.012550478234139732,-0.0758078440951621
0.11469092224397714,0.07405890324789927
0.16357497999964396,0.2400725314677208
0.1273399349231564,0.37332438462685574
0.0204207002369958,0.41720794583062426
-0.11221531938911454,0.3306970920451524
-0.21692990069885407,0.160742187250836
-0.26750131949142925,-0.03894466470764188
-0.23450550066056147,-0.18176639156184074
-0.1601263621534019,-0.18866361375738017
-0.0631957860506679,-0.07728582027992055
0.027293287134157258,0.10329819843228029
0.08035262305654785,0.25671207782120614
0.09254591814521458,0.2996103350654138
0.06489545630117478,0.2220658660850598
0.002290862580240167,0.06488314033910389
-0.07383720918215084,-0.0873606889107253
-0.15221919057721506,-0.1707801079954281
-0.21819850552840736,-0.16382131273800657
-0.2400725314677208,-0.08053736923608361
-0.20473659886171497,0.008941753724535092
-0.12001163380971862,0.05557189172482015
0.005296080063379203,0.043674186474327206
0.1265639955703283,-0.016725759775099682
0.19845520176360967,-0.07913328882375051
0.1858800983538005,-0.11446923492670108
0.0736155151164024,-0.11286808562428896
-0.10960422745452739,-0.06697694162129646
-0.3013100053159207,-0.009212715856362332
-0.4374562242857457,0.058096768550674874
-0.4644785653156976,0.12900266403592298
-0.37417420625516445,0.18842960372956083
-0.18737039050062984,0.22108054862855414
0.028032275226536483,0.178564119950906
0.2075078050516961,0.03951122258255624
0.29516409054906756,-0.17199943547975305
0.27547007762644293,-0.38683555514183166
0.2071998992514514,-0.5262209868603317
0.14769905028844346,-0.5345099465122438
0.1434129200274912,-0.3969966220101879
0.2096878180683849,-0.1623310205911772
0.2939940404099709,0.08109160777469089
0.3340102140631976,0.240959334724604
0.2633383488511859,0.27299446802310795
0.0950584823832346,0.2180507004866119
-0.11711726799902855,0.14883217278674454
-0.2900404343764604,0.11864451478054294
-0.32807369089696675,0.15437457166976207
-0.2337418705213319,0.21711464687838983
-0.04949987610462857,0.24815215350678962
0.1375010152884574,0.23137712482205208
0.2205016781658051,0.1819141966036362
0.17539878947771156,0.15980613364261395
0.038809182376389695,0.20690430266480525
-0.10041614183518875,0.3145009473201087
-0.13321488502750514,0.4316182018221925
-0.03845200597938907,0.47548948080625203
0.14124522972134565,0.3901363679462783
0.2987358680160186,0.1763101976648471
0.3277411531725803,-0.08205229330705473
0.19889860339205126,-0.266614516234546
-0.057222301501279646,-0.30946350963047015
-0.290841019150375,-0.2121634276717199
-0.3810714419476486,-0.05443877597499144
-0.29884670492618426,0.06168086197969678
-0.08704046039993736,0.08640000337836146
0.12225323338523425,0.025298020297004207
0.235577023103091,-0.06820858506769231
0.25541885456445584,-0.14229212023973337
0.23695646484280994,-0.1870501619898419
0.24244961337448864,-0.20548790629040128
0.27056812226805654,-0.1980118136321128
0.2538423574316026,-0.16820597069552595
0.1184720778146057,-0.11258481174818606
-0.11897705250492942,-0.014656593791285092
-0.3488515624696089,0.09540334281816433
-0.4732478542368469,0.1914225107337628
-0.4525562011471734,0.24549179772391888
-0.3454399127549966,0.23842212506549748
-0.21826007859028945,0.18734575857648805
-0.13110876778324168,0.09762030372106582
-0.09266908451439587,0.013745175481441002
-0.051482826979710725,-0.05645867811052245
-0.0004803421335126387,-0.0967335207095997
0.05147050764340364,-0.13806757653760793
0.06446437738327644,-0.17300938486040046
0.02382004411224576,-0.20021645857294337
-0.038883081523051234,-0.22619188209061808
-0.06701388950750914,-0.22393797330150392
-0.011651375886366533,-0.20781572434888554
0.14049392229265933,-0.16783647833645446
0.33238445308206077,-0.11361939980144764
0.4798740982729372,-0.05137197657260032
0.4997775567839631,0.01936148363382863
0.3790638523999523,0.08376427951963251
0.14998991371224266,0.12482737068513637
-0.08396134166123917,0.1372177414123545
-0.1993050368888631,0.11127926578089248
-0.13506236031980748,0.049647671023715464
0.07878842838882077,-0.009914754375410784
0.31898414647114,-0.046001997784339096
0.4512629778904231,-0.03329140529480539
0.3965532473756358,0.02868504652306518
0.16719602131487854,0.10491165019981856
-0.13417557055986898,0.1491893424352728
-0.32198934919199573,0.12768479535808613
-0.29203571471055817,0.02430038687842768
-0.07689169599670724,-0.12245030227531328
0.21791521815535972,-0.24215403028478721
0.4090913961507599,-0.28735546016639263
0.39359728150917417,-0.24846004581008957
0.19033865208374529,-0.13954555947083874
-0.0966226703024893,-0.020026572579546313
-0.29158000386851807,0.05530093043655195
-0.313281606338839,0.049364393773376376
-0.16492978981522113,-0.019312218098426967
0.05363820807225775,-0.11471555416811893
0.18565839753957972,-0.19962526539965106
0.15896862122790376,-0.23353250591459912
-0.004951219206669946,-0.22523119655825422
-0.19381190185412914,-0.17469674589730882
-0.284399494299931,-0.11780698886888802
-0.21382615678448647,-0.06221046859416227
0.004396978137385528,-0.03141930482683364
0.26993997446007917,-0.026307969677651626
0.4612762802078181,-0.04070591814273942
0.5340789080851798,-0.0682209010297632
0.46972536761206896,-0.10182022224752184
0.31388510872572983,-0.12434704141589918
0.13273454226132322,-0.10541662489014227
-0.01710756978336019,-0.05623698067053783
-0.11503578267890688,-0.0065893088032633225
-0.15083974883749612,0.013560428458346195
-0.13795672613049753,-0.035003394881619354
-0.10452984187867614,-0.13645412477006968
-0.06336821626813277,-0.2547045152673993
-0.03481864870208359,-0.33286478235129796
-0.03641978788178715,-0.3212257460466556
-0.07513043918737353,-0.21668358145743621
-0.13656496168023533,-0.06531421925700225
-0.19920650919229596,0.06310956756769928
-0.2493345128594848,0.10955495685777145
-0.2657893130334344,0.06857807742676383
-0.2537068751003504,-0.01305545292446344
-0.23614359784918626,-0.08408450803042046
-0.2024703808590023,-0.08005702646990168
-0.13179850215004588,0.0073652464689733166
-0.00718049944587851,0.12716751145416388
0.18622495878873024,0.21391237526745507
0.38384263464068497,0.22831032204542479
0.5094582673891928,0.19662004918185058
0.4973634932486207,0.14529733645753384
0.32930534109183496,0.11768382924817909
0.04210999518083632,0.13941007713958656
-0.2326703480788024,0.16858777226819602
-0.36884118547582445,0.16453566553200782
-0.32251896930340596,0.09119110832963744
-0.1219330048744463,-0.04385893265386297
0.12283210384798332,-0.1771723555006438
0.282638250987542,-0.23913649135644346
0.2917031769861717,-0.1965092122716849
0.18868824568152195,-0.06942791255201727
0.07419438557915146,0.07329528660561445
0.03292191293573387,0.1617398274178849
0.09601916116712608,0.1588454481102501
0.1964599349264566,0.07770458323574801
0.22877834210106346,-0.0015272417201601112
0.14803160150977465,-0.024990107748287152
-0.03456000337588629,0.029978276528287866
-0.2353799677099567,0.13533332498231185
-0.36471516947026617,0.22478780842675736
-0.37525806490518193,0.24567654390345464
-0.2868012216277853,0.17585448682280697
-0.1849317220350352,0.04478266692577795
-0.12779564576519653,-0.09653645856799305
-0.13402777901501828,-0.19340545486037258
-0.18410651883392354,-0.2238024909702517
-0.20359116714981537,-0.21183088994733343
-0.16931444777274052,-0.17092791303722354
-0.1186937786288265,-0.12418692716050521
-0.1227089442272744,-0.07243313551829011
-0.24116869933133683,-0.00922503266199227
-0.4363846748493267,0.08196607482408612
-0.6279796360459714,0.17582985489866518
-0.7014104117313105,0.24015874995068942
-0.6224248874585212,0.2747557113354969
-0.4193633269231713,0.26540751146076436
-0.18118752109909167,0.20791425204545266
-0.002438660240893964,0.14899228704213852
0.08238483777991357,0.10216508268245157
0.1059831861392928,0.06543737887771117
0.14123290701080238,0.0264680839330456
0.23268265729240092,-0.03576701489814037
0.34199130840569925,-0.1211447563080197
0.3740387509178017,-0.22252157692709992
0.23071202237938968,-0.28602528227495727
-0.09512006219358907,-0.2814928192756424
-0.4762407747379936,-0.20392371837114656
-0.7265113277087557,-0.07315980427436226
-0.7124090180082664,0.08181827653076303
-0.42246708433448366,0.2176319442792568
0.04544775587149563,0.291543049233833
0.45561069471020216,0.2993393704029094
0.6225850152108598,0.2574017986910656
0.5435994909380706,0.16714675746659496
0.3109291698531577,0.05904513812096783
0.06732180205622619,-0.038291891723995095
-0.03877223449017701,-0.101758635688695
0.04361260328973656,-0.10468995613407012
0.2204770462416633,-0.05522703128989041
0.3504896596582337,0.03706024490336305
0.3617099667494104,0.1404569676579743
0.2495685498811936,0.20955233573713272
0.10932094682995211,0.21350592827369852
0.047369126936223326,0.16122253001701792
0.1077937067969101,0.07728582027992055
0.23037948465500319,0.00741451200437498
0.32872645713214116,-0.0029066857796664256
0.3437155970834032,0.060326045415647254
0.2637078412102574,0.1738345880615121
0.16506527214647332,0.2852739613493262
0.10094574844965425,0.35865547318638163
0.10019444776944031,0.3590003471182561
0.14428738707688643,0.29118586608836
0.15628363352089125,0.1645602974561496
0.08837063829137272,0.009619159475882714
-0.05521471532781952,-0.14649204551466175
-0.21504548426881143,-0.2744108374036225
-0.3164592730195214,-0.33896143326986755
-0.305472975956164,-0.3377913831307709
-0.2020639338652457,-0.26614649617890734
-0.07691632792084903,-0.14390558550421637
0.010087185436434698,-0.01819141999778724
0.03516350913701333,0.074760946828302
0.03534825531654909,0.09933229668211598
0.06909536807915843,0.053059334235272496
0.15319219882012217,-0.024152588585104603
0.2743615735553389,-0.07176804657257242
0.36901362244176167,-0.05353967362721824
0.3827218483498719,0.05431561298004632
0.3090693718503121,0.21280388469329578
0.18517805477339777,0.35531770574724997
0.07147244998592626,0.41717099119593926
0.022970207299874226,0.3744944347659524
0.047443026082884865,0.24323786194091523
0.10312576146634304,0.06913232271384348
0.12390363978745757,-0.07827113773642617
0.0860920908296444,-0.15284733838519243
0.017095253821289295,-0.13636790628710105
-0.04873625271387137,-0.07745825049738542
-0.044758035001636165,-0.020469965772397465
0.02540886732987843,-0.010887755026286477
0.10528114930736245,-0.07260556573575498
0.14686153787373327,-0.17917994504834012
0.08823515596012053,-0.29794761944959197
-0.045792619680661555,-0.3728071007229335
-0.20600520369126823,-0.37685920745912166
-0.3227037154829417,-0.2980338379325606
-0.3475706484264571,-0.15694872246660893
-0.2870598500828017,-0.0071681826402485715
-0.17658116232735147,0.10173400376455322
-0.09463971942740715,0.14177483633581114
-0.07249471532864457,0.12017174806511259
-0.13556733501013118,0.05532556236069374
-0.23962915683316866,0.001884419171609546
-0.335771484369476,-0.010579844164687513
-0.4014552027340222,0.03672770043050421
-0.4176513474590659,0.11951898182993817
-0.39470575858638873,0.20433016536490314
-0.3473735930333228,0.2517855040356227
-0.2966543961928417,0.24761022418178086
-0.2402326592200595,0.1878507332668118
-0.1797095516628056,0.09839624307389391
-0.11040479873149725,0.021307484935580018
-0.0376391187403483,-0.05039897507816558
0.023327385383992944,-0.09986190329658147
0.05951315817660649,-0.1350377283956657
0.047935684811137684,-0.17404396616518966
0.003473243232801259,-0.20333252519785425
-0.056865118355806654,-0.21743487538917777
-0.07717496987281014,-0.21764425349285532
-0.017735710842865193,-0.1987384891366573
0.13420020248401077,-0.1719009077831859
0.33446592490523774,-0.1369960405981337
0.4860323762411678,-0.0827420141769142
0.5035217172290724,-0.003867370257581464
0.3675356530054756,0.08146110013376241
0.1249998076510736,0.14245223449512734
-0.08758238297647375,0.15012539604349487
-0.16840302608866026,0.0926444525902541
-0.09002104469359604,0.012390363978745758
0.09179461746500064,-0.03162868293051118
0.2673042371044055,-0.014225518247622925
0.36722773370828615,0.03884613026260237
0.3725977091223112,0.04384661669179207
0.29251604397979536,-0.038341155572278664
0.17377301499963002,-0.18368776262656844
0.03279874656655257,-0.3161020898740484
-0.1126833394447532,-0.35459103024270544
-0.22170869643653152,-0.28660413924076156
-0.26468083595621983,-0.17281232946726618
-0.20935528034399845,-0.09787895242149931
-0.08037725498068964,-0.14126986164548744
0.0662995299650355,-0.2782043156847943
0.15702261823903427,-0.42608812564971826
0.14378241238656272,-0.5014032907712104
0.0363705206592674,-0.46487267610196614
-0.12669947790158048,-0.3194029026784951
-0.27042030372931636,-0.11852134166288927
-0.3480879323303793,0.07501958878026312
-0.33755737310295153,0.22274327774132072
-0.2597419259631484,0.30820724100840485
-0.14280941764060034,0.35781796077167144
-0.011121768428341993,0.38825195151623565
0.10653742467790009,0.4037460391639319
0.21234817385125565,0.38732819362466736
0.26939804513507043,0.3437771701452853
0.2727235033606036,0.26626966929656104
0.20731074965856183,0.17791134021878685
0.07194047679003729,0.10991214000324444
-0.0567789066213104,0.08045115075311499
-0.12384205322863075,0.08667096804086584
-0.08681876633418892,0.09993579906900682
0.053884537436384154,0.09792821626978288
0.21577215977335595,0.07118916936135099
0.2991053603750901,0.011269565878106028
0.2462184732284634,-0.07444071831751406
0.07367709492675686,-0.17303401678454225
-0.15029783300943209,-0.26710718171127124
-0.31052272285940113,-0.3406487943067759
-0.3212380552602542,-0.38490184786961595
-0.1683291303162349,-0.3771671267563111
0.09369134985711419,-0.323959984105007
0.33977432725738066,-0.21229891000297207
0.4556722947659737,-0.08413377187870404
0.41974512849584134,0.02229280239208565
0.2758026153508294,0.08197839078615701
0.09361745408468883,0.0765591515238484
-0.03233072313667773,0.052000117632105325
-0.06983435954577384,0.04063201899607788
-0.031012861207313256,0.06928012100716656
0.042220842213710544,0.1253939319342869
0.0792810871170736,0.1647080890010003
0.06485850841496212,0.13115804512846999
-0.005185231765166415,0.0022046472606179718
-0.0914743889542127,-0.19960063347550927
-0.15224382250135685,-0.4063817765196056
-0.16437555127661385,-0.5577141638399374
-0.14126986164548744,-0.6057976773125239
-0.0999727469552195,-0.5414934276815861
-0.04873625271387137,-0.40207101433451153
-0.03133308634386502,-0.24309007039606453
-0.051458191681332754,-0.0826188478077329
-0.10834794533551738,0.04318152774607439
-0.18776451478384315,0.1445214106016505
-0.2618234247802148,0.23988778528818505
-0.30213520851703235,0.3090940172713986
-0.2636955319966589,0.341461688294289
-0.17055840718120727,0.29073015524631984
-0.04658087162132435,0.16731918093558748
0.04789873355068882,-0.015173886130797787
0.07695327580706171,-0.19925577304057954
0.017772660416195962,-0.31741995855188526
-0.09837161114975213,-0.36329877309586217
-0.1948834377936034,-0.3268420407020985
-0.2237162724872831,-0.2270909810641551
-0.15899325315204554,-0.10960422745452739
-0.013412631008582159,-0.013658960372708568
0.1421812833295677,0.03437525382211435
0.24354578123810466,0.0385382210881215
0.2463662647733141,0.026086273924785096
0.1528719703093342,-0.0010222666080568793
0.018536280432716972,-0.017920457022400953
-0.10306418165598859,-0.017181468930021728
-0.15952285976651104,-0.014558062720481766
-0.14385632165593282,-0.021270535362249245
-0.09690595092706457,-0.04515216265908566
-0.060461527746899446,-0.09138817047124408
-0.06251838114287933,-0.14358535699342842
-0.1077937067969101,-0.17252904209421854
-0.157170409783885,-0.16794732874356486
-0.14859814926198048,-0.11811490816607745
-0.06301103987113214,-0.03846432194145996
0.09193009979625284,0.05041129441447265
0.2671934001942398,0.10152462566087567
0.37320121150920205,0.11026931640024507
0.3834485238544164,0.07611575664387915
0.29244216170431475,0.019817192788750677
0.13422483440815255,-0.03230608783829976
-0.011146401196042825,-0.06907073615501665
-0.08530384226321779,-0.10572453743885932
-0.06253069710495023,-0.15797098106085486
0.024706828810829973,-0.19918187726815417
0.09007030854187961,-0.2170407511059645
0.08508214144899698,-0.14787148725438068
-0.008313614352148179,0.017723393193676207
-0.14768674107484492,0.25114504701404683
-0.2532019004100267,0.45669455336021963
-0.27117162465494743,0.5436241633530466
-0.1773940563148646,0.4653283869440063
-0.028635782674781608,0.21832166514911627
0.09162218724753578,-0.10212812804776653
0.13534563419591036,-0.33821013933812594
0.07861599817135591,-0.39750159670051166
-0.029830478234964788,-0.2683018772714544
-0.09047675553563618,-0.035040342767832036
-0.055177764067370655,0.15316756689598038
0.07671926577924237,0.2136414106049507
0.23306448585896045,0.1289041228424111
0.3175554408831375,-0.03928952514257162
0.2745217013076776,-0.18246843514224348
0.11858292822171611,-0.2207356881936244
-0.08603051101928993,-0.15202213518408075
-0.24302849733418244,-0.04182671793049724
-0.30171645230967725,0.02146759919097399
-0.25008583378511584,-0.0262094386068483
-0.1406540365480533,-0.15863607000657254
-0.04006546112116352,-0.2874416786493612
0.022218903245424106,-0.3505635419337143
0.04153112134385108,-0.30398267031238996
0.06399635732763777,-0.1778990310051883
0.11401352408466094,-0.03506497806621
0.18834338524659222,0.06945255122463143
0.25044301693058885,0.10053930820437004
0.23760925807187383,0.075389087887807
0.16373509425503793,0.029017590995924023
0.07352929663343377,-0.016935139565895322
-0.0046186747338111045,-0.06205035433876829
-0.030902010800202852,-0.10977665767199225
-0.0024879259871853888,-0.15086438076163788
0.03298349274608833,-0.16517612255358372
0.0247930456066805,-0.12248724341305359
-0.017563278938282235,-0.008806273080400995
-0.06482156052874943,0.15680091742481347
-0.07149708191006805,0.31190216459912007
0.0018351534253181212,0.3844954278697489
0.12214238297812385,0.3558719442858572
0.1994158872959735,0.24972865063964284
0.15523672950555878,0.14344987466217624
-0.0340550253113264,0.1066236431608687
-0.28637012921294225,0.16492978981522113
-0.451201404828541,0.2744108374036225
-0.4287115267979039,0.35859390012449954
-0.20024109049708516,0.37235138988089334
0.13293161115140223,0.2966913238336372
0.3844830916622609,0.17901983079294614
0.4117271335064336,0.07767994456313385
0.19222308201073265,0.044868882034510386
-0.15861143808243075,0.08057431712229629
-0.4568792995397554,0.1523669956190105
-0.5334014694350293,0.2051923097037551
-0.34952897412586986,0.24140270935915617
-0.009606842670252774,0.2514283208901497
0.2887595203333086,0.265875531516403
0.38790707758436116,0.30005373669385543
0.2528570264781522,0.30999312974188037
-0.025901526058131244,0.2734378426576601
-0.25663819554572553,0.14776063684727028
-0.3192797295608414,-0.03198585932751181
-0.1945016227239886,-0.1948341604483751
0.026911477125896754,-0.2606287292200316
0.1945878412069572,-0.19779011281789197
0.21360445597026567,-0.06524031673610452
0.07056102830184599,0.057148398980381925
-0.13346121776586772,0.08254495203530755
-0.2743246459145433,-0.015469481030325857
-0.2537191843139489,-0.15606193270667043
-0.09184388131328422,-0.25415027672879204
0.13120730897675356,-0.22284180543788787
0.29580454757064345,-0.04350175625686234
0.3212011006255691,0.2000563443175494
0.22392566408790537,0.3843599455384967
0.0700314216873805,0.4205087586350709
-0.029239288435908645,0.3231347809038953
-0.03394417827845218,0.15500271947773944
0.06985899146991563,0.03654295425096845
0.23420991757086004,0.03508960999035179
0.3786204507715107,0.13794441691689902
0.4445874430121597,0.27425073664517324
0.401307384195282,0.34483641036810575
0.274780329762694,0.32648485755662554
0.07701485561741617,0.22266938196889538
-0.1118827749162557,0.0949476319761242
-0.24161210095977845,0.012378048016674864
-0.27814274262291216,-0.030002908452429655
-0.22096971171838847,-0.0411123617622598
-0.114949577692883,-0.07644830111673799
-0.0019706344912317412,-0.15757685677764155
0.04385893265386297,-0.2652597199159136
0.008867855421432596,-0.3405010027619252
-0.09811296244931864,-0.3360301128244924
-0.21188015379561698,-0.2524259610571986
-0.26206974402163263,-0.14888143663502812
-0.21720086536135846,-0.10545357952482731
-0.09115416044342475,-0.15685018127309705
0.05583053705101745,-0.2858281998879335
0.14745271755008085,-0.4265191910706719
0.130997930873076,-0.503632608127017
0.025396551367807534,-0.46151026324174793
-0.13795672613049753,-0.32044980669382755
-0.28104941764720076,-0.1160457320595543
-0.3480017408413002,0.08433084076878306
-0.32558577208003325,0.23283044883725165
-0.2415135732632113,0.316816429171105
-0.12649009979790296,0.3636929108760202
0.0012932288453289997,0.3922917490388253
0.11258481174818606,0.4011842380715178
0.21532875814491434,0.3880179144945268
0.2896463235901918,0.3309064836457747
0.2895108412589396,0.24996266066746217
0.2110179959598203,0.16593973919586855
0.06457522779038684,0.11407509714654304
-0.07824650581228439,0.09800211204220824
-0.1290765598083483,0.09063686979103015
-0.06748191631162016,0.08743458468315066
0.08839527021551451,0.06659512655168168
0.22734963651306095,0.05480827170829914
0.2741768273758031,0.07346771682307932
0.22714024491243864,0.11413668370536986
0.11698178566777637,0.1626881902397055
0.0242880692292387,0.17553425831201902
-0.04079213325147185,0.12445787832606485
-0.09984958733451058,0.006318346671436083
-0.17708613701767517,-0.14789611917852247
-0.2613307593034896,-0.2859144183709021
-0.30477094587270603,-0.35715285832900906
-0.27247715712529624,-0.3228884616624775
-0.16457260666974813,-0.1542637347595964
-0.04314457985986171,0.11663692523284663
0.02203415706588835,0.4109511941536055
-0.018942724052237354,0.6161681357815024
-0.14203347828777224,0.6582042081960239
-0.2768371831586739,0.5182645379389166
-0.37541819265752063,0.23211610954019513
-0.42107530638727675,-0.06893525382376446
-0.4193017538612892,-0.23008390156530176
-0.3804556033532697,-0.19971148388261967
-0.30291114786986045,-0.0219725738812977
-0.17942626428975797,0.19499427470376907
-0.014976822302073041,0.3046724181761389
0.1496080986426279,0.2422895126160394
0.265173501432945,0.04249180687621492
0.28465814974883685,-0.18681615196202256
0.18924248422012924,-0.32093013596306474
0.023438234103985257,-0.3024677462414188
-0.1421812833295677,-0.17498001977341174
-0.23122933327720138,-0.04225779347415941
-0.1939720161095231,-0.008559943716274587
-0.04750460589323933,-0.10885292002584109
0.14725566215694658,-0.2771697478769498
0.30874914333952413,-0.40507624404925674
0.38619509812025576,-0.4111605587603383
0.3793717716971417,-0.3083550325532556
0.3071480007855844,-0.14920166514581606
0.20946613075110884,-0.017390848720817365
0.10510871908989758,0.027071591381290727
0.037146460012095484,0.0035840913201242858
0.014151619100961384,-0.052074016778766864
0.05398306850718748,-0.07399732343754481
0.1606806141889539,-0.05764105770863474
0.29598929375017924,-0.01947233235382094
0.42496731236501567,-0.008867855421432596
0.4700948599711405,-0.05860174324099859
0.39606058189891064,-0.15363558695161902
0.1982088825221918,-0.24347189896262406
-0.07185425830706868,-0.26161403317959253
-0.3051650566589746,-0.19971148388261967
-0.4225656120310508,-0.0856856505843602
-0.39299377912228334,0.027835211397811737
-0.2702355575497806,0.10081026611840205
-0.16077914188552106,0.10966580726488184
-0.15284733838519243,0.08091917755722602
-0.2709499238407266,0.04203609603417478
-0.4421857426781948,-0.010493628212396034
-0.5545242419334354,-0.06690303910039873
-0.5197178889480056,-0.13059148387931946
-0.31659475535077364,-0.21415869450887295
-0.004815738140756326,-0.26415124283869906
0.28202241239316317,-0.25263532566393143
0.4191416261089505,-0.15905483971087236
0.37435897942858964,0.005172915381315999
0.18628654534755706,0.1784286376196538
-0.018462381286055433,0.2912597753577301
-0.14643045895583492,0.29244216170431475
-0.14527270453339206,0.20537705588329086
-0.047627772262420626,0.07490874512162508
0.05563347490941079,-0.04260265390908914
0.09949240418903758,-0.11010920214485109
0.07067187870895639,-0.13954555947083874
0.0017489381056959262,-0.17480759630441922
-0.05188926722499492,-0.23960451141208214
-0.053995384469258376,-0.31868853638754907
-0.0013055453346242963,-0.3692229870484945
0.06209961818705187,-0.3520784929985749
0.08829674251894737,-0.25132979319358256
0.0634913758888417,-0.09452886902029674
-0.009077235212228234,0.06127441498594021
-0.07878842838882077,0.1456791515271486
-0.1070300834061529,0.13709458179164558
-0.09563735284598367,0.0475292411916173
-0.0768301094378804,-0.06309725160562839
-0.08572259847057288,-0.13863413778675848
-0.16143190812069547,-0.1372177414123545
-0.2745217013076776,-0.06443974545913465
-0.38910177314454436,0.035680799789407934
-0.4601678031306035,0.13264833727529934
-0.45083191246946946,0.19733441547279656
-0.3673139521912548,0.22039082775869467
-0.2397276845297358,0.21711464687838983
-0.11879230632539366,0.19474795546235119
-0.049770837392896755,0.17081706263011312
-0.035964080413983204,0.1641908050970781
-0.07341845297479574,0.15923958589040813
-0.12118169744576,0.15059341609913351
-0.1509998630928901,0.12034418503104982
-0.16377203539277826,0.04448707371336797
-0.15024855566420378,-0.08321004098102523
-0.1269581198535416,-0.22300191969328184
-0.10670985489536496,-0.32303625320732815
-0.0736031991543315,-0.32808600011056527
-0.033636265729735125,-0.2145035549438027
0.03520045702322601,-0.023450550066056147
0.13798135805463932,0.17351435955072417
0.24719146797442576,0.2852000790738456
0.3472873745503542,0.2499133968191786
0.3895944386212695,0.10061320397679539
0.3566355744250868,-0.07809870751896131
0.2501966706952815,-0.18135995806502891
0.08600587909514815,-0.1542391028354546
-0.10164779203005697,-0.023068740057795644
-0.2675505833397128,0.10863122596009264
-0.3718094605558846,0.14524807260925027
-0.4172325912517108,0.05182768741464046
-0.4033396191640648,-0.11441995758147278
-0.3417080075357069,-0.24725304103630785
-0.23625443475935193,-0.24019570458537445
-0.08929437593752389,-0.07371404281296953
0.08867855084008978,0.18011598515961744
0.2606040837989451,0.4087465492127749
0.39755086054879524,0.4891853705068743
0.47855625658898987,0.394213120103553
0.46865381817564994,0.16018794871222872
0.38796865064624325,-0.11182118835742887
0.26008679989502287,-0.3074189654480888
0.13167532903239224,-0.3967010389204865
0.058047504702391305,-0.3902102502217589
0.040693602180668524,-0.3435924239657495
0.05281300487114609,-0.2973194716416146
0.03755290363161587,-0.23518291231682242
-0.03217060888128376,-0.15096292195514976
-0.14554366919589642,-0.02960878416921635
-0.2688930704447467,0.08977471870370582
-0.33736029071592777,0.15650532083816732
-0.3153015051001338,0.16198614665930275
-0.1970634508102922,0.10283017162816925
-0.01630700019350841,0.0524188772136966
0.14146691703862171,0.07330760256768534
0.21616628405656926,0.18132300343034388
0.18661908307194355,0.3347861534160257
0.07893622668214387,0.43906967605328395
-0.04578030034435448,0.4229843682384059
-0.11074965916642698,0.2601114453161094
-0.09322332980147553,0.01859786193018953
0.0066878407176256946,-0.17585448682280697
0.141159011238377,-0.238803953632057
0.24724073182270934,-0.1471201798256944
0.2698537559771106,0.019792559177490798
0.1961766610503537,0.1404569676579743
0.0760541768335247,0.15241625946729406
-0.03347615147434115,0.06663208118636672
-0.07396037555133213,-0.03341457166398669
0.0015272417201601112,-0.06530189654645899
0.15478101866351865,-0.0018721027877591301
0.3296132603890244,0.12034418503104982
0.43740696043746213,0.21667125874689297
0.4346480769580242,0.20080765174623572
0.3143285103541715,0.06092955455101048
0.12895338669069467,-0.13179850215004588
-0.029054542256372884,-0.26975522828054344
-0.09259518874197052,-0.27790873259509286
-0.020617762378602456,-0.1768151723551708
0.14410264089735067,-0.0327617986803399
0.30963594659640736,0.05496838596369311
0.4008763187743284,0.04474571903956527
0.38402738082022075,-0.016873558068422764
0.28152977391032746,-0.07244545148036101
0.1463442404728663,-0.04937670973544727
0.051433559757190966,0.046494656512591916
0.020974940462721175,0.1410604835418099
0.0267267292592429,0.17111265921675928
0.016984405101296982,0.09800211204220824
-0.04220852625163965,-0.06310956756769928
-0.14973127176028156,-0.22877834210106346
-0.2469328125255199,-0.29866195874664847
-0.26804324881643804,-0.24348420817622257
-0.1789582442341193,-0.09404853300258718
-0.013695909946039338,0.055596523648961935
0.1611240023204508,0.13030821000321655
0.27112236080666385,0.09154828472663806
0.2699153290389927,-0.01838848213939389
0.18621263607818697,-0.12843610278677242
0.07514275514944442,-0.15753991563990125
0.0017119887432549173,-0.08598124717100637
0.0071681826402485715,0.04916732825753354
0.06687840717625694,0.20951539459939242
0.12289369040681015,0.3321750614814385
0.13767345225439465,0.3928336513699446
0.08295139228059174,0.3871311382315331
0.01936148363382863,0.34718884685378704
-0.010863122258585645,0.28988033361801113
0.012156351420249288,0.2358726331866819
0.06291250542609263,0.19213686352776405
0.08622757316089659,0.1456175649683218
0.050238860822771604,0.0860920908296444
-0.06304798775734483,-0.006478460926830057
-0.21247134696890932,-0.1320940852397473
-0.30805942246966467,-0.25870735815530393
-0.33463836187117496,-0.33877668709033176
-0.26827725884425735,-0.3161267083012455
-0.14353609314514484,-0.15870997927594263
-0.02417722219636448,0.11237543364450851
0.020802510245256308,0.41510182858636085
-0.02777362990033918,0.6236688738608774
-0.13667581208734575,0.6686978667765455
-0.2577466726229401,0.5227354278763493
-0.35725138602557616,0.24208012101541712
-0.416653707292017,-0.05351504170307645
-0.43265279662392647,-0.2190729725778026
-0.394213120103553,-0.18999379164881555
-0.3061134329777399,-0.007857905197226133
-0.17312023526751086,0.20467502579983288
-0.0004187598188422569,0.30970982887188797
0.16040964952644954,0.24066372464101313
0.2718120816765233,0.026024690740194447
0.2754084775706714,-0.19934199152354815
0.18007904402187713,-0.32829539171118755
0.017538647014140447,-0.3020859446687488
-0.14613486236918877,-0.16406763197942442
-0.22779303814150256,-0.03071726462066709
-0.18472234393135764,0.007402196042304087
-0.02820470544400135,-0.053884537436384154
0.17963564239343552,-0.14140534397673962
0.3326431085309666,-0.1586730246412576
0.36563890036794494,-0.0578134879260996
0.2586704035206189,0.08561174806346247
0.04616211203973307,0.1898952639522484
-0.1645602974561496,0.16403069084168412
-0.2788447727063702,0.022403651112077958
-0.23693184641561288,-0.1568625039836403
-0.04619906330018193,-0.29905609652680654
0.22255853156178496,-0.3353157735274359
0.45331983128640296,-0.25015971606059645
0.5653504112444541,-0.11353318131847902
0.5288936518568009,0.020359117052405156
0.3855053772503963,0.0933957600189404
0.20664566071284415,0.0821015571553383
0.08382586607845935,0.021886358772565267
0.0673094860941553,-0.05720997879073639
0.1383631731242541,-0.10647584486754562
0.2235684809424324,-0.09924607819914735
0.2434965173898211,-0.04148185412133132
0.17863801572333135,0.04953682399084124
0.04858845442054829,0.15213298559119118
-0.09603148387766934,0.23675940944967563
-0.18187724196895116,0.2755932237502071
-0.18862667261963986,0.2413534455108726
-0.1345081217812002,0.14631960854872453
-0.05012801378989738,0.007611575833099724
0.03314360700148231,-0.1465043547282603
0.07711339006245568,-0.2742137820104882
0.09101867811217257,-0.33446592490523774
0.07010532420827822,-0.32928069567074847
0.021541498337635533,-0.27118393386854595
-0.03272484741989103,-0.17945089621389976
-0.09294004917690026,-0.10770748831394147
-0.15470712289109328,-0.05608918237721475
-0.20559875669751168,-0.010801539917554044
-0.22346995324586524,0.039215625995910074
-0.21796448200364327,0.10185717013373452
-0.17203639011443808,0.17091559032668027
-0.09645024008502444,0.19510512511087946
-0.004039800475046332,0.15662849395582099
0.07373868148558368,0.07365246300261508
0.11347159475965218,-0.014496479535891118
0.10217739864452247,-0.036555270213039344
0.04265192113160889,0.02203415706588835
-0.03830420768606598,0.1213171797770122
-0.09901206817132802,0.19233391892089832
-0.10840952514587184,0.18145848576159607
-0.04295983030608977,0.0589712356000701
0.081707432872125,-0.13060379309291797
0.20286450514221557,-0.2806676160745307
0.2693734267078734,-0.3182082071183119
0.2360819977934147,-0.2004135274630224
0.11711726799902855,0.022145004098762567
-0.04360028732766567,0.244851340702343
-0.16786111026059622,0.3723760083080904
-0.2196148884058666,0.36581133733388216
-0.18617569494044667,0.26101053079270164
-0.10372927060170627,0.11858292822171611
-0.028340186088135447,0.007254397748981006
-0.0011577477794153799,-0.06697694162129646
-0.03735583811577303,-0.12163740828780015
-0.09668425011284376,-0.16655556429330265
-0.13870803355918385,-0.21716392422361813
-0.14942335246309213,-0.2286551689834098
-0.12774638191691295,-0.16150581739006556
-0.10722714554775956,-0.011392730560169232
-0.11780698886888802,0.16766404137051721
-0.15348779540676832,0.29777518248365475
-0.18084266066416194,0.30496800126584034
-0.17151909271357113,0.17699991853470656
-0.10840952514587184,-0.019841826400010552
-0.004113699621707872,-0.1571088367220029
0.08098075736758048,-0.1409250012105577
0.09812527841138953,0.0295472009846257
0.026381868824313166,0.2782412703194793
-0.09606843176388202,0.45137381480058875
-0.19919419997869744,0.4910328323022319
-0.22769448345104593,0.3881903514604641
-0.1385109646691048,0.21685600492642873
0.050115697827826496,0.06930475293130835
0.2645207351977706,0.020063522152877083
0.4254722870553394,0.05945157836625203
0.49126686932394065,0.09933229668211598
0.4475064542439363,0.07703949429003032
0.3141560733882342,-0.048526874610193824
0.14040770380969073,-0.22064948320760053
-0.024152588585104603,-0.3559088989205423
-0.14527270453339206,-0.37948260860730737
-0.20021645857294337,-0.28717071398685684
-0.16770099600520225,-0.14071562310688016
-0.08295139228059174,-0.03272484741989103
0.023807728150174866,-0.008436779034211382
0.11343464012496714,-0.04566945331148026
0.13599841392802953,-0.07798785711185091
0.11445691221615782,-0.037281942343347675
0.06861503206144888,0.07365246300261508
0.027182438414164945,0.21002036928971612
0.022280486430014755,0.28516312443916053
0.06726021549739936,0.2469205033119214
0.11275724196565093,0.11409972907068482
0.11391498289114907,-0.046716353952576534
0.030261557152863137,-0.14461993829821762
-0.1194697179816546,-0.11150095984664092
-0.2673042371044055,0.01635626572891007
-0.33498323580304945,0.16608753074071925
-0.26734119173909054,0.24206781180181858
-0.08564870269814752,0.2071998992514514
0.12002395652026188,0.10434509569914038
0.2449991322471937,-0.017526331052069556
0.20084460638092075,-0.05692670491463348
-0.0006404561780168517,-0.013929922504535808
-0.2733270057474944,0.08871549872630245
-0.48445582512053564,0.20255658584502617
-0.5434024355449364,0.26357235887900526
-0.43236952274782353,0.26969365521866134
-0.1880847432946311,0.2291724798812215
0.07977374584532641,0.17203639011443808
0.2622421809875699,0.13519784265105966
0.30560845828741623,0.13125657282503714
0.22948037218452144,0.1373285918194649
0.11332380321480147,0.15285964759879095
0.032884961675285006,0.1602372125605123
0.03476938147956384,0.1635257161513604
0.11276955792772182,0.159325790876432
0.21989817577891424,0.12918741021545874
0.289042821203301,0.06594235356803489
0.26485327292215705,-0.037442053224505466
0.13718078677766946,-0.1647573528492839
-0.06118820325144396,-0.24930989443228774
-0.25801763728544447,-0.25907685051437546
-0.3785588777096286,-0.19641067107817303
-0.3789530154897866,-0.08301297883941858
-0.24507304151656378,0.011392730560169232
-0.02172624451717129,0.048305177170209206
0.20378823603989438,0.007796322856194531
0.339663490347215,-0.09641329219881176
0.36078620885784213,-0.19735904739693835
0.2786969811615195,-0.2457750716000218
0.14484163911243844,-0.20919516608860447
0.022243536856683985,-0.09552650243887327
-0.01878260979684338,0.059168297741676756
0.009015652871196631,0.21062387167660698
0.04597736586019731,0.3125672670417825
0.030039859712878515,0.36321255461289353
-0.08205229330705473,0.35518222341599776
-0.25800532807184595,0.2895231504725382
-0.4230705867213745,0.17245514632179318
-0.5013786723440133,-0.005123649424134813
-0.45978594757015456,-0.2021994161964979
-0.3284801378907233,-0.3695555517667704
-0.19547461746995098,-0.4578399580782298
-0.13179850215004588,-0.4512752871040216
-0.18573229331200505,-0.3566971474869689
-0.3301058988718601,-0.2151193800412368
-0.47784189029804386,-0.07755678494242492
-0.5755361235338969,0.013190934412156583
-0.5748217572429509,0.05946389432832292
-0.5070688762688264,0.05740704768081541
-0.41484320013134446,0.030741896544808876
-0.3323228800201787,0.006663207949924863
-0.2702971576055522,-0.03228145591415797
-0.19920650919229596,-0.09026737743195863
-0.0792934030791445,-0.15838975076515469
0.09092015041560542,-0.2289015152187171
0.26668842550391614,-0.2527584987815851
0.37642814203816805,-0.1988493395437677
0.38432299090381167,-0.08105465988847821
0.2976643455734891,0.07820955792607172
0.1642031143106766,0.21137517910529327
0.06317115412652612,0.2702602029708671
0.036850863425449326,0.2498394875498085
0.09407316492672897,0.1421073740601976
0.19490806971774519,-0.002635723647839186
0.27777325026384064,-0.13603535506576983
0.2920110692894717,-0.22296497855554154
0.23118004243502832,-0.2424988772227722
0.13072696621057164,-0.21088252712551284
0.04329237477894861,-0.13748870607485889
-0.009286615003023871,-0.04952450802877035
-0.032811062528623466,0.031456252713046313
-0.03589018126732166,0.07771689919781889
-0.027428767778291355,0.08311150653598572
-0.014656593791285092,0.04453633756165154
0.017760342767006977,-0.015333998699073668
0.06745728438747838,-0.08088222967101334
0.11716653184731213,-0.12980323531289284
0.14883217278674454,-0.159325790876432
0.1501992918159202,-0.1704722021951834
0.12738919877143995,-0.18585546642965872
0.10937021067823569,-0.20759402353466472
0.1391514216906807,-0.2161293294218842
0.21483610616513388,-0.19601654679495972
0.28936304971408894,-0.1253569907965466
0.3142915557194864,-0.014459529962560348
0.24108248084836822,0.1045914216890306
0.07447766620372673,0.17050914333292372
-0.13241431375053528,0.14267393530934816
-0.26634355157204165,0.01997730704414465
-0.25110809237936177,-0.1431912327102151
-0.07722424046956608,-0.2778102048985257
0.20279060936979024,-0.330401508955451
0.4483193482314494,-0.27034642145383575
0.5697104102839422,-0.13264833727529934
0.5366160637565073,0.0024017106675631936
0.3829065945294077,0.07899780649249832
0.19577021405659714,0.0776060487907085
0.08179364460662125,0.016072986791452894
0.07627587089927312,-0.05495607000162222
0.14569147423769188,-0.10429583185085681
0.22260779541006853,-0.10877902425341572
0.22880298752214998,-0.06026446560529279
0.15989235212558256,0.03175184929969248
0.04829286120813831,0.14819171576516862
-0.06660744251375257,0.25786984574059374
-0.14236602950910346,0.30191350770281156
-0.17552194909842048,0.25785750953310577
-0.16597669383055358,0.13020966880970467
-0.11246164537900477,-0.04399441498511515
0.0017982038519873508,-0.16250344406016973
0.16633386347908186,-0.1704475702710416
0.3204744251210246,-0.08600587909514815
0.3885967984542206,0.025802994987327917
0.3478293038753629,0.08191681097580254
0.22893846985340216,0.061409897317192395
0.10194338186823076,-0.0013917605488016106
0.059057454083038724,-0.022526815794141165
0.09467666731361982,0.07153402979628073
0.1484380350065865,0.27922657427904024
0.1611855888792776,0.519323778161737
0.11451849877498466,0.6956462985371273
0.05537482958321349,0.7182223680568436
0.044831934148297704,0.5806843981337011
0.08266811840448884,0.3245019134300157
0.12482737068513637,0.05012801378989738
0.1027932169934842,-0.12716751145416388
-0.012895339512628511,-0.17499234248395498
-0.18620032686458846,-0.12380511209089043
-0.3410306228733354,-0.07419438557915146
-0.40778586368041103,-0.07604185412298144
-0.35381509088987734,-0.14330206962038078
-0.21802606856247012,-0.2322515918714473
-0.0689845244205204,-0.2630304295539965
0.027490350962882003,-0.2080866890113899
0.04956145591498303,-0.05245582509990928
0.017711077231605313,0.13767345225439465
-0.027059273732101742,0.28262594177394346
-0.023992474329710627,0.33506945428601803
0.024349652413829345,0.30824416864920046
0.08871549872630245,0.25015971606059645
0.13854791930378987,0.22497255460629312
0.1426000395369228,0.25152684858671687
0.10877902425341572,0.303280640228932
0.06865197994766156,0.32610305598395545
0.03793471195275828,0.27258802102935137
0.0376391187403483,0.14050623150625788
0.05862637516514037,-0.03633357277305472
0.08540236995978494,-0.1865821284372585
0.10794150509023318,-0.2452700969096981
0.10609402979793084,-0.20584508943587426
0.08572259847057288,-0.09046443957356529
0.029818162272893894,0.04541080798528296
-0.05527629513817398,0.1391760536148225
-0.16040964952644954,0.18018989442898753
-0.25096030083451104,0.17310792605391234
-0.28483058671477407,0.14688616979787505
-0.250886391565141,0.13219262643325919
-0.14340061081389266,0.11678473027464208
-0.010850806296514753,0.10731336403072816
0.06924316637248151,0.08192912693787344
0.050632988480221096,0.02831555416399366
-0.07918255942050645,-0.021516864726375654
-0.27076517766119085,-0.054537310420030946
-0.43541168010336434,-0.06583150990939685
-0.49343453263619674,-0.04768935544701128
-0.43150736491202685,-0.004064433664526686
-0.2810863722818858,0.02816775587067058
-0.09656109049213484,0.057222301501279646
0.0471474294962387,0.07368941088882776
0.12820209275895308,0.08276664610105598
0.15204676710822254,0.10501018464485806
0.12317696428291305,0.11368097286332973
0.07255629513899904,0.1047145880582119
0.012205616955650951,0.06939096466580459
-0.07795090922563823,0.0061335996483412765
-0.16903117389663763,-0.06670597695879207
-0.23999864919224018,-0.11605805477009756
-0.26392954202447827,-0.13162606518410866
-0.21440502724723554,-0.11328684858011642
-0.11879230632539366,-0.07703949429003032
-0.02769973075367764,-0.03451073615336654
0.002635723647839186,0.01835153425318121
-0.04800958058356304,0.07473631490416022
-0.13385534204908103,0.14583926578254258
-0.18924248422012924,0.2167328453057198
-0.16776256906708437,0.2611583223375524
-0.06664439714843762,0.24196928410525145
0.0439451477625954,0.13662654823906217
0.07102905510595701,-0.04366187051225631
-0.010124134166206422,-0.23368029745944982
-0.16096388806505682,-0.3584214631585623
-0.28159134697220956,-0.3795442086630789
-0.27969462132856837,-0.2797192397557654
-0.11793016198654169,-0.10595855421515102
0.1512215639071109,0.07585710794344568
0.37256075448762616,0.20614068602252042
0.4342662483914647,0.25337433737596393
0.291198202295848,0.24366895435575833
-0.010358147568261937,0.2063870052639383
-0.30638439764024433,0.18046084559454717
-0.4543420898806489,0.15708420479786112
-0.42193746422307343,0.10268237333484617
-0.25522179917132154,0.001958317896491564
-0.0776060487907085,-0.15405434315897412
0.0045324592032991474,-0.3144516834718251
-0.03662916935970088,-0.41511413779995937
-0.15065500265796036,-0.407391725900253
-0.23817580582407963,-0.28016264138420705
-0.23035483923391667,-0.07036396616023934
-0.09892584968835941,0.13142899629402963
0.07282725980150341,0.2607642115512838
0.20130031722296088,0.29251604397979536
0.23037948465500319,0.23435770911571077
0.16792268332247834,0.14764978644015989
0.0745392460140812,0.0695141310349859
0.026271020104320857,0.021344434508910787
0.056261612594679614,-0.010518261823655912
0.13193397098435333,-0.04899489804006867
0.2297390276334273,-0.10887755194998287
0.2714548985310503,-0.1809904657059574
0.2488541835902476,-0.23386504363898558
0.1769013908381394,-0.2366608817531085
0.06793762040518793,-0.1607668191749778
-0.021516864726375654,-0.022563765367471934
-0.07901012245456922,0.1285962170421664
-0.09991116714486503,0.25192098636687493
-0.08164584631329816,0.30825650485668843
-0.03646905510430691,0.2756424875984907
0.030089123561162088,0.1698686863113478
0.09653645856799305,0.012427313552076527
0.1286331581799067,-0.14987906330513226
0.10672217085743585,-0.2577343634093416
0.0363705206592674,-0.27554395990192354
-0.06484619245289122,-0.18583083450551693
-0.14099889698298304,-0.017760342767006977
-0.1507535303545275,0.17917994504834012
-0.07442840235544317,0.3170997300410973
0.05946389432832292,0.3271130053646029
0.1931098582737264,0.19898480837807517
0.2598650990808021,-0.02494084221288549
0.22855664128684264,-0.22877834210106346
0.11413668370536986,-0.3013839145852908
-0.03478169744163473,-0.19882470761962592
-0.16324242877831277,0.051199546355135454
-0.24460499446703565,0.3256226997208288
-0.25894136818312324,0.49026922915689175
-0.21168308490553797,0.47366663743809145
-0.12679800559814763,0.2888580750237652
-0.01835153425318121,0.030187658006201597
0.07910865689960873,-0.17009038712556862
0.14064171383751006,-0.200302677055912
0.1460609665967634,-0.07029007038781399
0.09466435135154892,0.1369714086739919
0.016171519549374312,0.29570601987407635
-0.03140698549052656,0.295816856784242
0.0028574200333750005,0.14241529335738703
0.1386095058626167,-0.10247299523116862
0.3470779829497319,-0.3069386361788516
0.5385005071804394,-0.3837933707924014
0.636182377214915,-0.3483588969928837
0.6056129311329881,-0.24432172059093274
0.452987266568127,-0.15577865883056752
0.24708060407037064,-0.13071464350002837
0.08574723039471467,-0.15854986502054866
0.014188568674292154,-0.20604214482900857
0.01812983681319659,-0.2172747611337838
0.05025118015907868,-0.17619936075468143
0.04988168442577098,-0.11194435472661017
-0.009976336716442387,-0.08529152630114689
-0.10840952514587184,-0.14539587765104572
-0.18591703949154081,-0.28965863280379034
-0.19942821000651675,-0.45356617752171025
-0.1616536089349163,-0.557393962323039
-0.10386475293295845,-0.5484768548631495
-0.07288883961185788,-0.4340076199364483
-0.1071409338132633,-0.2434965173898211
-0.15442384901499037,-0.05276373764862633
-0.18111362532666633,0.07978606180739731
-0.1320817760261488,0.1246672564297424
-0.01540789784573521,0.1006008880147245
0.11870608784242503,0.050706887626882635
0.19559779058760465,0.011207983537074426
0.1858800983538005,0.0
0.09204094345489088,-0.005751789218301249
-0.03023692185448517,-0.024164904547175493
-0.13672507593562933,-0.053108598083556065
-0.2126684023620436,-0.09529249241105393
-0.24832456347883738,-0.14511259027799808
-0.28572967219136636,-0.19189053078940144
-0.3241447302845427,-0.24264669576151238
-0.33503249965133297,-0.2884023641817251
-0.29086563757757206,-0.3226790700618552
-0.15794634913671307,-0.30985764741062816
0.03691244661003997,-0.23193136336065936
0.23251024732035316,-0.08970081618280809
0.3257951366867661,0.07202668852453355
0.29323041027074137,0.18307193752913434
0.15333999036497287,0.2029876647629245
0.00370725600218749,0.10095806441172513
-0.056323195779270266,-0.07096747529560256
0.01576507592985393,-0.23584798776559537
0.1974822070176473,-0.313995972629785
0.3790268977652672,-0.2592739059075097
0.4656362792473062,-0.13295624307554402
0.4370251318709026,0.009409779685087076
0.31298602324913755,0.08364111989892359
0.16809512028841556,0.06409488502420492
0.0826188478077329,0.0017489381056959262
0.07214985489371484,-0.021381384082241557
0.1291258236566319,0.06935401677959192
0.1727014790601558,0.27420147279688967
0.16318085571643065,0.5180305549049867
0.11937117678814271,0.6885150528168239
0.07029007038781399,0.7190229528307581
0.06931706889337924,0.5780609699916259
0.10242372463441268,0.32210021309605086
0.12764784072340107,0.052308030180822376
0.09869183966054007,-0.1269827517776834
-0.020334485128263368,-0.17126045076161
-0.19468636890352436,-0.12305380466220413
-0.34520590272717727,-0.060424579860686764
-0.405975329525849,-0.06272775924655687
-0.35619217279664517,-0.1329685657860873
-0.22188111990552403,-0.21890053561186534
-0.07010532420827822,-0.2606040837989451
0.02643113435971483,-0.2069412572994903
0.042614969871160036,-0.05137197657260032
0.006453827737349703,0.1397303056503745
-0.022908625802401668,0.2798547220870176
-0.00034486104123779873,0.3372494538057621
0.05376137106720286,0.30874914333952413
0.10679607337833356,0.2510711377446767
0.10499786868278717,0.1999947712556673
0.039757551946682644,0.18324437449507155
-0.0384150547189402,0.18471003471775913
-0.08121477414387218,0.17058305260229378
-0.051926218485443786,0.128485366635056
0.02464524731335742,0.07567236176390991
0.1059955021013637,0.033229822110214746
0.1694745620281345,0.011220300342704366
0.18532585981519323,0.010789223955483151
0.16917896544148833,0.015358632310333546
0.12864548089044997,0.02506400689494869
0.058958919637999214,0.04528764161610166
-0.029116125440963533,0.08123940606801397
-0.11260944367232785,0.14029685340258033
-0.1677995237017694,0.19908334957158702
-0.1798450339940578,0.22064948320760053
-0.1651268452083554,0.19362715567459338
-0.16398142699340054,0.11221531938911454
-0.1969895415409221,0.003485559616651675
-0.27603662537864876,-0.10983823748234671
-0.3538643547381609,-0.2267461341261701
-0.36007186956078563,-0.3231224716902968
-0.26527202912951214,-0.3910477896303586
-0.07563541387769723,-0.419129316895352
0.158426691902895,-0.37774598372211543
0.32357818253233694,-0.2476841064572615
0.3480510046895838,-0.03052020247906044
0.23881626284565552,0.2041207872612256
0.06473534204578081,0.3949767232488931
-0.05138429253467121,0.4518418618501169
-0.041888297740851704,0.34922105482868043
0.07372635877504043,0.12187143181256421
0.18282561828771648,-0.15958444632533786
0.1793523685173326,-0.35695580293587476
0.03261400038701682,-0.40156603964418786
-0.2101804835451101,-0.2871337593521718
-0.3918853020450688,-0.08002007858368901
-0.3911832449677213,0.1351485788027761
-0.1963121433816059,0.2636585773619739
0.11863219206999968,0.28109868149548434
0.3834854784891015,0.22907395218465434
0.46300054189163253,0.1577862348813191
0.32570891820379744,0.13788283035807217
0.05780117196402871,0.1775664797838571
-0.16899421926195257,0.23865616208720628
-0.22590860821451517,0.2628087287397757
-0.09934461264418687,0.21401090296402223
0.10041614183518875,0.09688131900292278
0.23377882515601697,-0.029830478234964788
0.19926809575112278,-0.10088416863929978
0.024559032204624985,-0.07084430892642125
-0.17660579425149325,0.05989497324622127
-0.2903976175219334,0.2280147119618339
-0.27054347684697005,0.377807583777887
-0.14420118209086255,0.44138515790428023
-0.01038278033596277,0.40079010029135975
0.030470935256540686,0.28380830112663863
-0.02979353034875211,0.11815184930381775
-0.13445885793291662,-0.04773861929529485
-0.17048451140878193,-0.17654422118961116
-0.07944120137246757,-0.2635230950307217
0.10578612399768615,-0.30355160489143634
0.3013839145852908,-0.28554492601183057
0.3933140076330713,-0.22688161645742227
0.3490979087049162,-0.13535795690645364
0.19573327291885684,-0.047911049512759714
0.02777362990033918,-0.0033747115293286485
-0.06798689100194387,-0.02414027262303371
-0.06716168780083222,-0.11903863906375624
0.00043107628177633324,-0.24615687317269183
0.06403330521385045,-0.3326061538962816
0.07604185412298144,-0.32751945235835944
0.03630894084891294,-0.21037753893824437
-0.009816223304607458,-0.008732373933739454
-0.024214171769695248,0.19330692716380543
0.011454312901200834,0.31461178423027436
0.07143550209971358,0.31041188594923547
0.1130528385522971,0.1825053897769285
0.0891588936062717,-0.002093799173294945
0.010358147568261937,-0.15427604397319494
-0.08817357614976606,-0.21286547125212263
-0.15533525720212593,-0.175891441457492
-0.16978248132532392,-0.08057431712229629
-0.13916374440122398,0.0007759372966529119
-0.089282059975453,0.01409003675992978
-0.03235535506081951,-0.03916635877339032
0.01697208913922609,-0.13303013884796938
0.07670694981717148,-0.19833204214290073
0.1336213320212617,-0.1984921563982947
0.15407898858006064,-0.12192069566084779
0.132759174185465,0.0001970634464870521
0.05110101528433213,0.11481409536163081
-0.07136159957881587,0.1703736610016715
-0.17376069228908678,0.14005053416116248
-0.2069412572994903,0.03686317938752021
-0.1465905732112289,-0.1052441946726774
-0.017932772984471844,-0.2487063920453969
0.11430912067130711,-0.3566848382733704
0.1842296919515772,-0.41176406114722913
0.13391692860790785,-0.4146338085307222
-0.014102352722000675,-0.365010779553857
-0.18549828328418572,-0.2853725160397828
-0.31725983079954656,-0.1955238948151793
-0.354640294090989,-0.12017174806511259
-0.3100793212309595,-0.10046540568347231
-0.21610469749774242,-0.13019735959610615
-0.10286711951438193,-0.20098008871217293
-0.00979158969334758,-0.28103710843360225
0.03722035915875703,-0.32593061901801823
0.05530093043655195,-0.32315942632498185
0.029953644604146082,-0.2804705606813965
-0.030421668034020927,-0.23935819217066429
-0.10886523598791198,-0.21348129634955673
-0.17592839609217706,-0.21433113147481017
-0.2101558516209683,-0.24242499494729158
-0.18028842212555465,-0.2349489022890031
-0.09532944029726662,-0.1613826442724119
0.009397462879457136,-0.020396066625735926
0.10078563419426026,0.166986643211201
0.13379376898719894,0.3295147056985678
0.12567721930733455,0.4199914747311487
0.12679800559814763,0.4146953815926043
0.16861241768928253,0.34239772840556637
0.26385563275510815,0.24761022418178086
0.3751718464222133,0.1647080890010003
0.4417546772572412,0.12130487056341367
0.41809472209361803,0.0962162300572051
0.31990787736881876,0.06451364798003238
0.2029507236251842,0.008707741166038622
0.16937603433156737,-0.0597225430287564
0.22445527070237087,-0.11326221665597463
0.33398559563600055,-0.11129158174296337
0.40515012632473735,-0.046901100132112294
0.34361706938683606,0.05555957576274925
0.1259235385487524,0.13444653522237335
-0.20366507641918546,0.1456668423135501
-0.4803914091707489,0.06952644699705679
-0.6027555199569831,-0.05661879236591643
-0.5322560647170191,-0.17362520995783456
-0.3249699334856544,-0.2337418705213319
-0.10025602757979477,-0.2278423019897861
0.014077719954299843,-0.1642031143106766
-0.03309434315319874,-0.0880011459323012
-0.1848824581867516,-0.029781214386681215
-0.3220755676749643,0.0009853172456158706
-0.34034090200347594,-0.007784006050564592
-0.22036619583455289,-0.009397462879457136
0.007919487538257735,0.007426828810004919
0.23119237864251632,0.026800628405904442
0.3759354765614429,0.06144684520340508
0.39800657139083534,0.08139952032340794
0.30676619921291437,0.07403427132375749
0.16521306369132402,0.06132367883422378
0.0007389879342119029,0.04144490623511864
-0.12629303090782393,0.0014902923577191024
-0.2231866658728176,-0.04900721737637575
-0.2853848252533813,-0.12445787832606485
-0.3000906913285405,-0.20988488695846394
-0.26415124283869906,-0.2599020537154871
-0.1683044983920931,-0.23556471388949246
-0.06358991033388121,-0.10844647978055688
0.020531547269870023,0.09838392711182302
0.05371210721891929,0.320400542845544
0.022280486430014755,0.4676561780086011
-0.02019900279701118,0.48794138410451804
-0.03682623150130754,0.36471516947026617
-0.01726768403875416,0.13654032975609356
0.019164419805103885,-0.08830905848101826
0.04691341609418319,-0.23249791111286516
0.023807728150174866,-0.24937146749416983
-0.03342688762605758,-0.16403069084168412
-0.07282725980150341,-0.03814409343067201
-0.07067187870895639,0.06796225907780208
0.0029929010992886204,0.11528211541726947
0.13003724534071218,0.11624280094963332
0.22531741504122285,0.10173400376455322
0.25852261197576815,0.09386378007457906
0.20391139566060332,0.10353220846009961
0.08745922335576481,0.12635461746665075
0.012907655474699405,0.12300454081392055
0.01907820469637145,0.08425693824788533
0.10611866847054499,0.031456252713046313
0.21690526877471228,-0.019090520658442345
0.2618973070556954,-0.03963438557750135
0.19769158512132484,-0.014003820807638302
0.048379076316870745,0.040410321556093254
-0.12752468110269216,0.09960325459614798
-0.2407129884892967,0.14486627103658023
-0.25929855132859625,0.16820597069552595
-0.17791134021878685,0.1792415181102222
-0.059845702649465336,0.19347935063279792
0.026332603288911502,0.21603080172531705
0.04803421588194101,0.23169735333284003
0.010949337367318079,0.2307489770140747
-0.0386737000451375,0.20313546980471997
-0.06291250542609263,0.1596213874630782
-0.0358532300068728,0.10844647978055688
0.028364821386513413,0.06510483440485233
0.10152462566087567,0.03389491443016861
0.15952285976651104,0.02225585281875488
0.1853751236634768,0.013560428458346195
0.1765072665549261,0.004212231114290722
0.1330055069238276,0.006897220508421332
0.06011666731196971,0.033303721256876286
-0.03228145591415797,0.08447863906210613
-0.11816417201436101,0.15205907632182109
-0.164116895827708,0.21089483633911135
-0.16722065323902033,0.22200429302317767
-0.1460609665967634,0.1938857976265545
-0.1542637347595964,0.1176591973240373
-0.20928138457157308,0.016873558068422764
-0.29345211108496216,-0.09142512510592912
-0.3589757016971696,-0.21019279275870864
-0.3549235949609814,-0.31895950105005344
-0.2565027132144733,-0.39816669914317404
-0.07112758955099653,-0.4268886834297434
0.12215470568866711,-0.3732135477166901
0.26833883190613944,-0.23333545052146482
0.33303721931723523,-0.03672770043050421
0.28901817578221445,0.17355131418540923
0.16449871089732276,0.3470656737361334
-0.012365731211044926,0.4428754635480543
-0.17969722895226234,0.42938893845416487
-0.2862592923027766,0.32174302995057785
-0.3137003625461941,0.1531552441854371
-0.23057654004813746,-0.028475668419387635
-0.0896761842586663,-0.14377010317296418
0.052369609991176846,-0.16139496698295516
0.1472679713705451,-0.0700314216873805
0.1581680499509339,0.06331894567137683
0.11491262305819795,0.16611216266486103
0.05193853444751467,0.1937749472194441
0.023992474329710627,0.15021161452646348
0.04462255267038397,0.08323467290516702
0.0996894730791166,0.039942298126218405
0.13522247457520145,0.05443877597499144
0.11595952707353042,0.08275433013898509
0.04613748011559129,0.08936827170994925
-0.043132260523554636,0.04071823410481031
-0.09207789808957592,-0.057579477898280274
-0.06333126838192009,-0.15218224943947473
0.008559943716274587,-0.2005613190078731
0.08035262305654785,-0.1819757696655183
0.07679316155166772,-0.11005993154809515
-0.011478945668901666,-0.020075838114947977
-0.13160143325996687,0.042122311142907216
-0.22411041026744113,0.044006730947186046
-0.22218903920271343,-0.002093799173294945
-0.1495834667184861,-0.05788739044699733
-0.04653160777304077,-0.10603244998757637
-0.0004433927710716298,-0.11003529962395336
-0.06680451140383159,-0.08535310611150136
-0.20627616835377263,-0.04937670973544727
-0.3456000135134458,0.006576992419412907
-0.37889141543401506,0.0638362430722438
-0.2602222822262751,0.10613098443261589
-0.021516864726375654,0.12546782770671228
0.2293941806954423,0.08940521959616192
0.36551575424418076,0.013794441016842664
0.3165824191432856,-0.07208827508336038
0.12492591187864825,-0.11392730560169233
-0.1154545523832067,-0.0850575095248552
-0.2713686800480817,0.0017858874681369351
-0.2696567005839763,0.08878940124720018
-0.13349817240055278,0.1057491693630011
0.055461044691945925,0.026098589886855986
0.18367545341296992,-0.12805428771715766
0.19472332353820943,-0.2934151564502771
0.1000835973623299,-0.39230405825242387
-0.01566654317193251,-0.3953339063943661
-0.044326959457974,-0.3187994002916042
0.056446362148451557,-0.23678405487076218
0.2322269464503608,-0.20450258883389563
0.41058170179453396,-0.2512189562834169
0.5209125845081888,-0.34982455721557126
0.5239301234365324,-0.4359659186419716
0.4432449559071258,-0.4334903090386366
0.32359049174593546,-0.31537541436950395
0.22423356988815007,-0.11928497180211883
0.17537415755356978,0.08403524418213688
0.1926048835834027,0.19038791593202883
0.23927197368769568,0.1597938244290154
0.2863947746340288,0.03377174806098732
0.2878234802220313,-0.10345831268767426
0.22911087982544992,-0.1671590666801935
0.11148864388457003,-0.11327452586957316
-0.04311994456148374,0.011589793545334931
-0.1714082423064607,0.12264735766844756
-0.2509479916209125,0.157527592929358
-0.2518347678839063,0.094184008585367
-0.16816901606084092,-0.002093799173294945
-0.04334164200146837,-0.06345442800262902
0.07820955792607172,-0.05649562599673513
0.13742711951603204,0.002980584715438205
0.1129296721831158,0.05075615484940239
0.020605446416531562,0.04263960179530182
-0.10110586270504822,-0.03196122740337003
-0.19292511209419064,-0.1357644039002102
-0.22063716049705728,-0.20428090151661957
-0.19628751145746412,-0.2004381593871642
-0.1514432647213317,-0.12501213036161687
-0.12657631828087157,-0.01684892445716289
-0.15350010462036684,0.07520433495979888
-0.21643724871907363,0.11286808562428896
-0.26136771393817465,0.09397463048168946
-0.24057750615804452,0.036173458517660746
-0.13335036735875733,-0.018807243408103257
0.02357371474811935,-0.06748191631162016
0.172676847136014,-0.09306321554608155
0.24275753267167804,-0.09944314034075401
0.2140232256745655,-0.10498555272071627
0.13491456877495675,-0.10322429591138256
0.06397171865502362,-0.08588271272596686
0.06979741165956116,-0.07617733645423362
0.1566408031694195,-0.07471167623154606
0.2735856342025108,-0.0948244656069429
0.33279090007581735,-0.12828829774497696
0.2958661206325256,-0.14795769224040456
0.15627131081034798,-0.14144228511447993
-0.027391819892078676,-0.10743653039990947
-0.15654227547285235,-0.06432890180049662
-0.17813304103300764,-0.03484328062622538
-0.07472399894208932,-0.01583897507651547
0.05881112134467613,-0.010025603095403096
0.14611023044504698,0.023869309647647424
0.1314166870804311,0.10507176445521253
0.030643365474005552,0.2230758154657072
-0.0742436561759074,0.34200361761929776
-0.12215470568866711,0.4093377153921778
-0.0672109516491158,0.40055609026354044
0.06039994793654498,0.31275201322131824
0.16953614858696134,0.18813400714291467
0.18583083450551693,0.09231190811739524
0.08335783927434831,0.07011764017034912
-0.11605805477009756,0.10290406740059461
-0.31039954974174744,0.1396440871674059
-0.42332924217028034,0.13178617943950263
-0.4295121115718185,0.056532577257184
-0.3520292021564019,-0.038242624501475336
-0.25435964133552486,-0.09318637516679049
-0.18868824568152195,-0.07816028732931578
-0.17885971653755217,0.003325445572147462
-0.19708808273443398,0.10297796992149233
-0.2220658660850598,0.17288622523969152
-0.22609335439405093,0.16682652895580702
-0.2010909256223386,0.1197529918577575
-0.1681813387713842,0.07947814925868026
-0.13282076074429183,0.0851560439698947
-0.09593294943262982,0.15086438076163788
-0.04592809863767756,0.2317343079675251
0.049204279517982404,0.26771068409816207
0.17415481657230006,0.2196641657510949
0.2974549539728668,0.11438301644373246
0.359628467932344,0.031123708240187474
0.31723521237234953,0.042454855615766056
0.17118655498918464,0.15230540906018367
-0.031308454419723235,0.31838064408424915
-0.2119910042027274,0.42369873452935186
-0.3145748295955893,0.40978111702061937
-0.3435185416902689,0.25251217954016725
-0.3129121139797675,0.010666059273419947
-0.26556763921310306,-0.20274133202456193
-0.23602042473153262,-0.3057685590458655
-0.20075838789795214,-0.28505228752899486
-0.1467383647560796,-0.17768965290151076
-0.03223218869163822,-0.08526688762853274
0.11959287760236352,-0.060584694116080744
0.24683428482895278,-0.12017174806511259
0.28287226101536134,-0.2203415639104111
0.1948957470072019,-0.28224411320738396
0.003189964506233842,-0.2664544154760968
-0.19912029070932735,-0.1698317451736075
-0.3228391978141939,-0.03686317938752021
-0.3299088434787258,0.09753409198656958
-0.23627908018043844,0.20547559707680274
-0.12358341127666962,0.2615278146966239
-0.07983532565568087,0.2683757865408245
-0.14550672805815612,0.2226570592583521
-0.27269885793951704,0.11084818686299414
-0.3781893853505571,-0.048120430990673445
-0.36086011812721225,-0.22473854457847378
-0.19857837488126331,-0.34342001399370176
0.07562309791562634,-0.35459103024270544
0.3273839700271073,-0.24589824471767543
0.44983427230242057,-0.03646905510430691
0.38474174711116677,0.18067023719516945
0.15904251700032912,0.32610305598395545
-0.11655070674987801,0.3558349896511722
-0.3319410514536192,0.2990807419478931
-0.39437322086200227,0.22179491491950015
-0.30169180688859076,0.19100374102946296
-0.10180790628545094,0.23424684521165562
0.12220396953695069,0.2950409174314139
0.29600160296377775,0.3042167073340988
0.37604631347160855,0.21204026805101095
0.3843599455384967,0.02229280239208565
0.3243787403123621,-0.21680674107814515
0.22780534735510108,-0.4160871595398112
0.13023430073384645,-0.5198410350717698
0.02251449814495218,-0.5119338769925277
-0.0717064600137456,-0.42451160152297557
-0.13498846454738211,-0.28696132238623456
-0.16182603240390878,-0.1329685657860873
-0.14716944367397797,0.013030820156762608
-0.1224626114889118,0.16223247939766533
-0.07908402497546695,0.2899911705281768
-0.028143123946528792,0.3712182673825923
0.041678919637174155,0.35630303670070035
0.13948397291201192,0.25594847467586607
0.2517731948220242,0.10744884636198036
0.3507359788996515,-0.02098725642479207
0.39673799355517153,-0.05222181169785376
0.35874169166935027,0.022896309840330777
0.21243439233422426,0.14906618281456388
0.006897220508421332,0.24804128960273447
-0.18764135516313424,0.25293093574752235
-0.28963398738270385,0.1534015769237997
-0.2541995405770756,-0.0007143550083437501
-0.12381742130448896,-0.12354647013892932
0.041912933039229675,-0.15209603095650612
0.15899325315204554,-0.08048809863932767
0.17871191149575671,0.050078749941613813
0.12007322036854545,0.16066829147841064
0.0492165954800533,0.196570785333567
0.015949822109389687,0.15083974883749612
0.042196210289568756,0.08080832715011561
0.10404949911249421,0.03421513956672038
0.14443519211868186,0.04057043581148723
0.12431008678121414,0.07617733645423362
0.03646905510430691,0.08946680615498875
-0.055904436197678986,0.04415452924050913
-0.09637634431259907,-0.0508793178443475
-0.06278933905691134,-0.15533525720212593
0.021073471533524502,-0.21019279275870864
0.08070979945354848,-0.18706247120344044
0.06324504989895148,-0.10327355975966614
-0.030212289930343382,-0.0030544834403202223
-0.13704530444641727,0.05434024490418811
-0.20126336258827585,0.03520045702322601
-0.1965954172577088,-0.01529705081286099
-0.1371068910052441,-0.06506788651863965
-0.07910865689960873,-0.08152268669258923
-0.06206267030083919,-0.07175573061050153
-0.08975008677956403,-0.07033933423609755
-0.13538258883059542,-0.10669753893329406
-0.17021354674627753,-0.1410604835418099
-0.1766427488861783,-0.12717982066776243
-0.137587233771426,-0.02799532565320571
-0.03894466470764188,0.1222901880199193
0.10728873210658639,0.2531895911964282
0.263720150423856,0.29345211108496216
0.36881656704862736,0.21337044594244634
0.3722405259768382,0.06737106590450977
0.23781862267860662,-0.07255629513899904
0.035520685534013954,-0.1530443937783267
-0.11460471725795326,-0.15427604397319494
-0.1495834667184861,-0.12503676228575866
-0.05472205659956671,-0.09754640794864047
0.08662170419258226,-0.08093149351929692
0.15614815118963904,-0.05523934725196131
0.10912388468834545,0.012649010148502103
-0.036949397870488836,0.12496285301638856
-0.17585448682280697,0.27473106591441043
-0.21240976041008247,0.4119364981131664
-0.1008472207530871,0.4998391028519557
0.1089268225467388,0.495368212914523
0.30511579281069107,0.4041155585168929
0.3628307530402235,0.2550986260536679
0.23008390156530176,0.0931617432426487
-0.04122320879513402,0.0024017106675631936
-0.3143285103541715,0.02128285301143823
-0.4566329533044481,0.13947165020146865
-0.4316182018221925,0.3109538152742442
-0.2870475408692032,0.4692573475564303
-0.11908790291203981,0.5466417022813903
-0.019521597889222603,0.5486000009869136
-0.02120895386477669,0.4998637752669317
-0.08330856867759237,0.44610236708313084
-0.12406375404285154,0.41644431569139473
-0.09284151473186074,0.4051747717458239
0.015370948272404438,0.37890375164150303
0.14893070048331167,0.3064459707021264
0.2438660097488926,0.17235661862522603
0.2536453020384683,0.0028820528010758324
0.19516671166970628,-0.1470955479015526
0.12448251025020664,-0.26699634480110557
0.08548858844275355,-0.29894525961664087
0.08542700188392673,-0.2745832743695597
0.09675815263374149,-0.20774182857646017
0.06728484742154114,-0.109333262792023
-0.010937021405247186,-0.0036703068506362423
-0.11492493227179648,0.10039150991104696
-0.19586875525010902,0.16605058960297894
-0.21894979946014892,0.17576828183678309
-0.18814632985345794,0.10079795015633115
-0.14368388468999557,-0.057554845974138485
-0.13625705587999065,-0.23568788700714613
-0.16699895242479953,-0.350723669686053
-0.2130009535833748,-0.34096902281756386
-0.202100875002986,-0.20617762716026075
-0.084651069279571,0.015543380176987398
0.1330670934826544,0.21998439426188285
0.37361996771655714,0.32493297885096933
0.5298173827544798,0.3137250079672806
0.5448927681825999,0.19649688956114167
0.42246708433448366,0.0494752408062506
0.24219098491947225,-0.0578258038881705
0.10780602275898099,-0.10359378827045408
0.08524225570439097,-0.10095806441172513
0.17696297739696626,-0.09164681917167757
0.2973687354898982,-0.08377659548170341
0.3452305211543743,-0.09000872873152514
0.26699634480110557,-0.050522141447346874
0.06912000675177259,0.05469742130118874
-0.1767535992932887,0.18778914670798494
-0.3532854977723566,0.29066858218443775
-0.38789476837076264,0.29919157885805875
-0.3105966321287712,0.19918187726815417
-0.17324340838516453,0.012070136311516854
-0.04844065950146139,-0.15863607000657254
-0.006404562201948039,-0.2432871527830883
-0.04197451284958414,-0.23705501953326655
-0.1156269758521992,-0.17598996915405915
-0.16609985345126252,-0.13966871909154768
-0.16888336885484218,-0.1743518854623791
-0.12428545485707235,-0.29020056212879913
-0.06840564720929897,-0.41710941813405716
-0.043230794968594145,-0.4823004710218781
-0.06395940269295272,-0.45246998266420474
-0.12222860146109248,-0.34561232272704434
-0.18022683556672783,-0.23499816613728666
-0.19471100082766615,-0.19106532758828979
-0.1390282620699718,-0.22399955986033074
-0.038008611099419824,-0.25665050475932405
0.07377562937179637,-0.21640029408438857
0.14811780649579853,-0.0774828824215272
0.1340893655738451,0.12849768934559927
0.05188926722499492,0.3072219100549545
-0.06436584968670929,0.37684689824552314
-0.1444475013322804,0.3089462257265479
-0.13556733501013118,0.14211969677074088
-0.02128285301143823,-0.02247754857162141
0.15513820180899163,-0.0912280562158501
0.3078993217112154,-0.04704889842543538
0.367794281460492,0.0634913758888417
0.2978737101802219,0.14175020441166936
0.12012248421682901,0.12646546787376117
-0.09289078532861668,0.016614911055107373
-0.23105689631126414,-0.10670985489536496
-0.23657466327013987,-0.15720736441857003
-0.1346312814019091,-0.10801540086265853
0.006441511353499287,0.025285702647815222
0.08869086680216068,0.14672605554248108
0.05643404281214448,0.18831875332245043
-0.07676852962752595,0.12412534060167837
-0.23318763198272463,-0.013314099094219788
-0.31823282554550897,-0.1617398274178849
-0.2883407641259535,-0.250184361481683
-0.16778721448817088,-0.2660233230612537
-0.01421320059843394,-0.216511144491499
0.07500727281819222,-0.13402777901501828
0.051014800175599694,-0.06143452924133418
-0.07141086342709943,0.004335395796353926
-0.22399955986033074,0.04284898327321555
-0.32037589742445743,0.05149514294178161
-0.3194767849539757,0.022243536856683985
-0.24759791496818234,-0.0615207477243028
-0.1548302825118022,-0.18725954009351944
-0.0932479617256173,-0.3014454876471729
-0.09220105771028485,-0.3394417895329942
-0.12387900786331578,-0.2618111155666163
-0.15175117052157638,-0.09404853300258718
-0.1283129431660635,0.07715033794866835
-0.0361118753330701,0.16242954828774436
0.100071281400259,0.11150095984664092
0.23045339392437328,-0.048970266115926885
0.303662441801602,-0.2131118039904852
0.27898025503762236,-0.2959769845365807
0.16342717495784853,-0.2554804546202274
-0.008350563925478949,-0.11813954009021922
-0.18825718026056834,0.03155478378384964
-0.3177155416415867,0.10616793231882857
-0.3613527836039374,0.06400867328970866
-0.3003739652046434,-0.021332118546839893
-0.15694872246660893,-0.07228533722496702
0.02000194065540453,-0.02943635395175148
0.16088999229263146,0.10254689100359399
0.19464941426883933,0.21826007859028945
0.10860659403595085,0.23408674445320637
-0.06477228993199349,0.11777004773114771
-0.24821372656867172,-0.08606745890550262
-0.3461665882595411,-0.25586225619289743
-0.3197600858239681,-0.29563211060470623
-0.15933811358697528,-0.19972380659316294
0.06669366099672118,-0.005148282613615168
0.27910342815527606,0.1842666330893175
0.3961714188090763,0.2579806826507594
0.389187991627513,0.2190852817914011
0.2928239632769848,0.10411107892284868
0.13766112954385137,0.007808638818265424
-0.005862637516514037,-0.016467114448902382
-0.1152328515689859,0.023031790484464874
-0.16746698597738294,0.05847857687181729
-0.1605943957059853,0.0340550253113264
-0.10641425830871878,-0.06519105288782095
-0.004791104951275971,-0.1888360507233174
0.11837355011803856,-0.25201951406344203
0.21739793425143747,-0.22142540906348387
0.2512189562834169,-0.10752274213440571
0.2000194031798091,0.022120372174620782
0.058367726464706886,0.09176998554085887
-0.11868145591828325,0.09163450320960667
-0.2689669797141168,0.025729095840666377
-0.32851709252540834,-0.02763814756908699
-0.29029908982536623,-0.014176251025103169
-0.1918535761547164,0.06441511353499287
-0.10896377043295148,0.15891935737962018
-0.09491068408991152,0.19395969339897987
-0.15235467290846724,0.12406375404285154
-0.26019763680518854,-0.027145490527952267
-0.31936594804381,-0.18756744589376415
-0.27497741214971777,-0.2745709651559612
-0.09503384371062044,-0.2592000236320291
0.17257831943944685,-0.1688094730824168
0.435879700159003,-0.06318347008859701
0.6025830829910458,-0.0035594585524234544
0.6325859813207669,-0.002845103438634823
0.5445478942507254,-0.026800628405904442
0.3651955257333928,-0.02767509714241776
0.16970857205595383,0.02357371474811935
0.037749965773222524,0.1000835973623299
-0.0005665574004123934,0.143277437696239
0.04898258207799778,0.10062551993886629
0.1370699498675038,-0.03903087981637431
0.20021645857294337,-0.23555240467589394
0.19314681290841146,-0.40034669866291817
0.1075473740585475,-0.4576798303258911
-0.02922697247383775,-0.3766005520102158
-0.14926323820769816,-0.19014159669061098
-0.17461052741434022,0.03303275996860809
-0.08648622186133008,0.21186784458201846
0.09757103987278225,0.28789738949140137
0.29444975125201106,0.25831322037514587
0.40257598902483527,0.15390655161412342
0.3785342592824315,0.033525418696860904
0.22954197224029302,-0.06395940269295272
0.029633416093358133,-0.12323855084173989
-0.12470421106442744,-0.14050623150625788
-0.1449771079467459,-0.13544417538942224
-0.048489923349744966,-0.1203934488793334
0.08208924119326741,-0.09665961818870197
0.1535616911791937,-0.05257899146909057
0.10429583185085681,0.024201854120506263
-0.03282338186493054,0.12985249916117642
-0.1694745620281345,0.26668842550391614
-0.2015959003126623,0.3947550224346723
-0.08752080316611928,0.4873995087672882
0.12862084896630818,0.5074383686278978
0.3217799845852629,0.4168507626851513
0.3711566943207102,0.24944537676353992
0.2328058304100546,0.06626258207882284
-0.04642075736593037,-0.03832883961020777
-0.3170504391989243,0.005640941341867984
-0.4441563775912061,0.19063424867039144
-0.4105940110081325,0.3987702015300649
-0.2669593901664205,0.49896466279644996
-0.11559002121751416,0.4256324148076781
-0.04499204840369168,0.21446661380606236
-0.07703949429003032,-0.0023278119426811757
-0.16075450996137927,-0.0964871879712371
-0.2316850441192415,-0.02501474135954703
-0.2708021322958759,0.09615464349837827
-0.2786477173132359,0.14683690594959148
-0.2891290126923801,0.04441317456670643
-0.3198586135205352,-0.19634909801629094
-0.3599610056567305,-0.43001708626214225
-0.3937943369023085,-0.538894617966708
-0.3818104266657916,-0.4824113079320438
-0.30798554019418406,-0.2706666499646237
-0.1779236629293301,-0.012501212698738069
-0.025544349661130616,0.16787341947419476
0.09472593791037576,0.20505682737250291
0.1482163476893104,0.09840855903596481
0.13497614183683884,-0.06580687798525506
0.07526592151862571,-0.19570864099471505
0.017784976378266856,-0.23960451141208214
-0.011355780986838463,-0.18238221665927487
-0.009730007352315979,-0.08281591669781192
0.009114184785559004,-0.012045503543816023
-0.00214306491958637,0.012402680784375696
-0.052184863811641086,-0.005480827086474009
-0.1283991481520874,-0.0191397878809621
-0.1924324601144102,0.010653742467790009
-0.20481050813108506,0.06375002458927519
-0.1580325676196817,0.11247396134107567
-0.07442840235544317,0.08018019283908298
0.0024509766247443796,-0.041284791979724664
0.04187598177878081,-0.2210312847802706
0.019804876826679783,-0.3658852466032523
-0.05016496505034625,-0.38731588441106884
-0.13240200453693673,-0.27790873259509286
-0.19822119173579034,-0.06860270935090562
-0.22255853156178496,0.1439178947178149
-0.19191516271354322,0.29101345611631224
-0.10789223449347723,0.3420159268328963
0.009397462879457136,0.31824516175299694
0.1378581984339304,0.2623899725324206
0.2300962107789003,0.18876215495089205
0.25151453937311835,0.09762030372106582
0.21711464687838983,-0.02689916116382586
0.13189702984661303,-0.1712850826857518
0.04493046521910103,-0.30034931978355683
-0.012045503543816023,-0.34867912550367164
-0.03153015185970786,-0.2796330212727968
-0.017637178084943774,-0.09822381285642905
-0.02258839729161372,0.12476579762325428
-0.07194047679003729,0.2657400491851508
-0.16761477752223364,0.2811356361301694
-0.26016070916439293,0.1854366967253589
-0.2888334296026787,0.07127538784431961
-0.21390005255691183,0.04738144289829422
-0.055202399365748625,0.14845035771712975
0.13567818541724158,0.31538772358310246
0.25386697585879964,0.43116249098015236
0.2584487027063981,0.41767596588626293
0.15348779540676832,0.24025727764725657
-0.021738562166360276,-0.02506400689494869
-0.16222017018406681,-0.24396453744545976
-0.20782803356248405,-0.32540102590049746
-0.15654227547285235,-0.24587359929658892
-0.03938805621337494,-0.0768301094378804
0.08763165357322968,0.05958706069750422
0.17315718990219592,0.07650988092709246
0.21672052259517652,-0.0001354811186360602
0.24611991853800677,-0.07930571904121538
0.2843871850863325,-0.06661975847582347
0.3218662030682315,0.055337878322764635
0.33361610327692903,0.20755706889997969
0.28225644941487193,0.2777855594774392
0.17400702502744936,0.18994452780053198
0.04384661669179207,-0.046051265006858855
-0.02432501880256947,-0.30193815312389805
0.0026849893941306106,-0.44583140242062647
0.10609402979793084,-0.39652860195454925
0.22260779541006853,-0.17511550210466392
0.29107502917819433,0.12137876633583902
0.2542611136389577,0.3364612052393355
0.13064074772760303,0.37277014608824843
-0.02352444921271769,0.25249987032656873
-0.11848440052514897,0.05493143470324425
-0.09109258063307028,-0.09941850841661222
0.02219427132128232,-0.14503869450557272
0.1664570365967355,-0.10611866847054499
0.25724169793261636,-0.04314457985986171
0.26708256328407415,-0.014705859326686756
0.2069905211477739,-0.030261557152863137
0.12075063202480639,-0.04905648122465932
0.06063395796436431,-0.041752818783835695
0.03556995275653371,0.01214403461461935
0.029694999277948782,0.08318540905688344
0.009988653522072325,0.11786857542771485
-0.035594584680675494,0.09398694644376035
-0.10152462566087567,0.0062444479465540645
-0.1535370592550519,-0.105761485325072
-0.1696100443593867,-0.1934670414191994
-0.14315427807553008,-0.2226816911824939
-0.07211290700750216,-0.19223539122433117
0.0039289525986130665,-0.12483969339567963
0.08595661524686458,-0.045792619680661555
0.17557121294670405,0.03697402979463062
0.2755193414747265,0.1405431861409429
0.3959866726295405,0.2637447958449425
0.49478935594871865,0.3625597883777191
0.5291769257329039,0.39489050476592447
0.45492094684645323,0.3267558222191299
0.2709129692060416,0.15354936846865042
0.03536057127861998,-0.044684135854974626
-0.17440114931066267,-0.1934670414191994
-0.26450839899028256,-0.22855664128684264
-0.21261913851376002,-0.15343853155848475
-0.05669268813834179,-0.028537251603978284
0.10540430892807137,0.06134831750683793
0.20068449212552678,0.06932938485545014
0.18172945042410044,0.004963535590520362
0.06402098925177956,-0.06891062189962267
-0.06116356457882981,-0.06378697247548785
-0.13548111652716258,0.03656758617511024
-0.11607036398369609,0.17738173360432136
-0.022095738563360903,0.2672426640425234
0.08255726799737845,0.24763484260897792
0.1349268779885553,0.11703104951605993
0.10992445596531533,-0.03722035915875703
0.013190934412156583,-0.11900168442907119
-0.11510969194827697,-0.05839236513732104
-0.2237162724872831,0.10121671311215862
-0.2907548006674064,0.25150223015951984
-0.3163484091154663,0.30480787351350164
-0.3063597522191578,0.22694318951930437
-0.2813326915233037,0.06331894567137683
-0.24531936075798164,-0.06995752591495513
-0.20763097816934978,-0.06274007520862776
-0.16332864726128138,0.10212812804776653
-0.12036881695519161,0.3461665882595411
-0.07702717157948706,0.523609867931855
-0.028340186088135447,0.5227477370899478
0.008486044569613046,0.3253271166311274
0.04538617606114117,0.005862637516514037
0.06652123077925631,-0.294769979762799
0.10031760739014924,-0.42931502918479475
0.1475389360330495,-0.3755413387812848
0.20695356651308883,-0.18249306706638527
0.28623464688169004,0.04148185412133132
0.3646535964083841,0.1895011396690351
0.40858642146043617,0.20673186569886803
0.4168384534715528,0.09486141349315558
0.3830051222259748,-0.07235923299739239
0.30988226583782524,-0.22738659114774598
0.23113077858674475,-0.3370031345643443
0.1676271002327769,-0.3715384958933802
0.12828829774497696,-0.35938214869092616
0.0921271619378595,-0.31932899340912496
0.049462924844179704,-0.2627594648914921
-0.024571348166695876,-0.19275268862519815
-0.086609381482039,-0.1177207703859194
-0.10927168298166855,-0.046383809479717694
-0.035705431713549715,-0.005677890493419231
0.14946030709777716,0.009434412452787908
0.37905154318635376,0.008855538615802657
0.5585393670410491,0.0008867855421432596
0.6036053415852918,0.0027958376923433986
0.4840740235478656,0.024706828810829973
0.21285314854157936,0.0687505076442287
-0.10056394012851183,0.12463031529200208
-0.317949551669406,0.17892128959943426
-0.3651216164640227,0.21058693053886668
-0.27112236080666385,0.21552582703499334
-0.12825135660723666,0.18789999711509534
-0.05622466470846694,0.11797942583482525
-0.1275370038132354,0.018991989587639018
-0.3045738634856823,-0.0838874458888138
-0.48452973438990576,-0.160742187250836
-0.5762258174098669,-0.18243148050755842
-0.5342143634225425,-0.1501377187540381
-0.3877592860395105,-0.059168297741676756
-0.2212283536703496,0.042762768164483114
-0.13623242395584886,0.11079892301471056
-0.17784976715690473,0.11953129104353669
-0.30334221329081407,0.057739592153674246
-0.4123922089552065,-0.05025118015907868
-0.4197944193380144,-0.16749161790152473
-0.291900232379306,-0.24455573061875208
-0.07992154413864949,-0.2599266991365736
0.1279557600205905,-0.1991326134198706
0.24267131418870944,-0.07726118835577876
0.2481890811475852,0.05379832232765172
0.17198712626615453,0.1462087581416141
0.07035165019816844,0.17752953864611679
-0.010050235863103926,0.13790746228221396
-0.05691438895256259,0.04362491925180745
-0.07567236176390991,-0.037442053224505466
-0.10435741166121128,-0.06790067251897526
-0.15216992672893148,-0.028660414598923396
-0.20444101577201354,0.06665671311050851
-0.255911520041181,0.14170094056338578
-0.27914038278996106,0.13385534204908103
-0.2989575688302394,0.0039659017501643135
-0.3313005944320433,-0.2020639338652457
-0.36747405294970403,-0.404177131578775
-0.40245281590718157,-0.508965628906357
-0.3938928915927651,-0.45425587139768026
-0.3210656182943169,-0.26957048210100765
-0.18431591043454582,-0.02124590343810746
-0.020334485128263368,0.16589047534758497
0.10452984187867614,0.2061037313878354
0.15313061226129532,0.1019926524649867
0.13405241093916007,-0.0669523029486823
0.07409585788258431,-0.20328326134957067
0.009853172034379182,-0.23804032349282744
-0.015420215494924195,-0.18101509763009918
-0.011996237164855313,-0.08594429253632133
-0.004360028564054757,-0.015050721448734582
0.0012316465042973978,0.006884904124570917
-0.0371218280879537,-0.001909052150200139
-0.11460471725795326,-0.006576992419412907
-0.18855276335026977,0.015999089331909442
-0.22239841730639098,0.06368844477892072
-0.19415676228905887,0.0985317254051461
-0.08293907631852085,0.08194144289994433
0.07881306031296256,0.0007513043707847591
0.24416161983248352,-0.10723946150983045
0.35667252905977187,-0.17708613701767517
0.3873651482593524,-0.1858800983538005
0.34409739865607325,-0.13589987273451765
0.25466756063271423,-0.07509349130116084
0.16504064022233153,-0.056581841105467566
0.11673545292941377,-0.08878940124720018
0.10898840235709327,-0.13892973437340464
0.11220299667857128,-0.14979285831910838
0.10216508268245157,-0.07779079497024426
0.0427874000886249,0.05765337367070563
-0.038735283229728155,0.2053277920350073
-0.10074868630804759,0.29428962349967236
-0.08385049800260112,0.2959769845365807
0.050916269104796366,0.21253293352773614
0.2579929918643579,0.09163450320960667
0.46692950250405657,0.01936148363382863
0.5854385619472368,0.033168242299860276
0.5651163742227453,0.11842281396632214
0.41084033024955036,0.23717816565703073
0.19242013740386693,0.33350523937287385
0.009717691390245085,0.36233808756349833
-0.0546112061924563,0.30563307671461326
0.025864578171918565,0.19549924939409277
0.1888976237851995,0.07782774285645694
0.3259675736527033,-0.005308396447229619
0.35153656367356617,-0.033734800174774635
0.2202060815791589,-0.016171519549374312
-0.02464524731335742,0.024990107748287152
-0.30312053947048273,0.046568555659253455
-0.5009352707155718,0.03550836957194306
-0.5538344940696864,-0.007857905197226133
-0.4831133650093912,-0.061951819893728784
-0.3230116347801311,-0.08949143807913054
-0.14878289544151624,-0.07663304729627375
-0.04155575326799286,-0.0035840913201242858
-0.03690013064796908,0.1253323453754601
-0.11386571904286549,0.2667869532004833
-0.22684466182273724,0.37762283759835125
-0.299400970458681,0.4150648739516758
-0.30537444825959686,0.3635943831794531
-0.22949270839200944,0.25701999711839557
-0.1072641001824446,0.13188470713606978
0.013166301644455751,0.05188926722499492
0.08657243359582632,0.05695133683877527
0.09632707371584313,0.12629303090782393
0.04965998698578636,0.2028398732180738
-0.019817192788750677,0.2140601668123058
-0.061717809865909454,0.1184351366768654
-0.05224644699623173,-0.08062358097057985
-0.010592160126758406,-0.3061257421913385
0.037257307044969705,-0.47999729838448035
0.06883672612719732,-0.5325270293795236
0.05142124379512007,-0.4541696529147116
0.018868824905575815,-0.27922657427904024
0.012612060575171334,-0.06987130743198652
0.057948970257351795,0.09239812660036387
0.1466767916941975,0.15847595575117857
0.2253666788895064,0.13795672613049753
0.22943110833623787,0.06067090585057699
0.12596049318343747,-0.03031082100114671
-0.08362879718838032,-0.10392633274331292
-0.3100177481690774,-0.14023528034069824
-0.4698978045780062,-0.13523478378879997
-0.4971910562826835,-0.08962692041038273
-0.36571280963731506,0.00023401284846989126
-0.12922435135319904,0.10669753893329406
0.12727834836432955,0.2059682490565832
0.3058917321635191,0.2686221057822423
0.3733490030540528,0.27528533144690714
0.34266869306807074,0.21973806152352027
0.26200817095975054,0.1293721563949945
0.16326706070245456,0.04570640457192912
0.07482252663865646,0.0013301783132148894
0.008350563925478949,0.019312218098426967
-0.04821896206147677,0.08489739526946123
-0.0780001730739218,0.16334096997182465
-0.060461527746899446,0.20665796992644267
-0.0011823806525610924,0.1885897179849548
0.07722424046956608,0.08934363978580746
0.11421057947779523,-0.06028909752943458
0.09051370342184885,-0.2314633433050207
0.005727156450600417,-0.3564754466727481
-0.09647487200916621,-0.4188953068675326
-0.1444967786775087,-0.39973088706242876
-0.08675717977536208,-0.28111101770297237
0.08872781468837335,-0.10540430892807137
0.29222046089009396,0.07901012245456922
0.4206442409663231,0.20367738563278398
0.3886091076678192,0.210820940566686
0.2053277920350073,0.09539102685609344
-0.03970828472416289,-0.09560040495977098
-0.19978537965504503,-0.29416645038201866
-0.18190187389309292,-0.4215802810776004
-0.006503093694530888,-0.4400057161645613
0.2301824292618689,-0.3466961813770619
0.40569205564974614,-0.18971051777271264
0.43905736683968544,-0.03717109193623727
0.31455021116839227,0.06404562117592134
0.1191125348361816,0.10556442318346534
-0.029879745457484543,0.11943276334696955
-0.0589712356000701,0.14381936702124776
-0.006404562201948039,0.19176737116869252
0.05434024490418811,0.2576234995052864
0.03920331003383919,0.294769979762799
-0.07537676517726374,0.28766337946358206
-0.21308717206634342,0.22340836668703842
-0.28901817578221445,0.12054124042418411
-0.24161210095977845,0.028475668419387635
-0.1030395497318468,-0.03814409343067201
0.048268229283996524,-0.06599162416479082
0.09924607819914735,-0.061335994796294674
0.016873558068422764,-0.043797349469272315
-0.15449774478741574,-0.041063094539740046
-0.3220386130402793,-0.043932831800524506
-0.376354232768798,-0.05890965578971564
-0.2919618054411881,-0.07870221665432453
-0.11701874030246141,-0.11276955792772182
0.040311790485289926,-0.1607668191749778
0.08601819505721904,-0.21832166514911627
0.017895823411141074,-0.24422319289436561
-0.09156060068870896,-0.19314681290841146
-0.13711921371578736,-0.031185291424778123
-0.06525263269817541,0.19744525238296223
0.09346965579136575,0.4060369025877311
0.24257278649214228,0.5099632690734058
0.29527495445312274,0.45277790196139417
0.2137522610120611,0.22714024491243864
0.030286189077004925,-0.07985996432829504
-0.16542244179500157,-0.3452182119407758
-0.2650626645227793,-0.4641460005974216
-0.23162344406346994,-0.40756416286619024
-0.0851560439698947,-0.23960451141208214
0.11317599817300603,-0.050854685920205714
0.2811479453437679,0.057222301501279646
0.3725114906393426,0.03688781468589818
0.39203309358991945,-0.05873722557225077
0.35885252857951594,-0.15399277009709203
0.27874624500980305,-0.19166882997518064
0.1592026312557231,-0.15820500458561892
0.004692573458693122,-0.10353220846009961
-0.15285964759879095,-0.06866429590973246
-0.24611991853800677,-0.10390170081917113
-0.24583664466190389,-0.18636044111998243
-0.15299512993004313,-0.2512189562834169
-0.024669880924617294,-0.2547414429081949
0.06095418647515226,-0.17038598371221478
0.043464804996413475,-0.03077884780525774
-0.08165816227536905,0.07117685339928011
-0.243779791265924,0.06923085041041062
-0.32758102542024153,-0.05506691703449644
-0.28156672854501247,-0.2508371277168574
-0.09515701007980175,-0.4169000265334349
0.13725469604703955,-0.46823508896218435
0.27952218436263115,-0.37839877695117935
0.25379309358331903,-0.16962236706992995
0.07266714554610944,0.09636402835052818
-0.17260295136358864,0.31618830835701706
-0.3466592267423768,0.4192155353783206
-0.3595668948704619,0.42080436871866184
-0.23491194765431805,0.3378160015579679
-0.06287555753987996,0.23714123801623516
0.06033836137771815,0.15559391265103176
0.06166853926915351,0.11556538929337237
-0.04594041459974845,0.10326124379759524
-0.17765269826682573,0.07706412621417211
-0.24370590899044337,0.012045503543816023
-0.21401090296402223,-0.100071281400259
-0.10716556573740509,-0.2255267931449004
-0.010284248421600396,-0.3285663563736919
0.0015765075718964167,-0.34773077617879583
-0.08786566360104901,-0.27532225908770275
-0.2030985151700349,-0.11667387986753168
-0.25621943933837044,0.055103864920709116
-0.1847839304901845,0.17682749506571407
-0.00984085607230829,0.19097910910532118
0.20349263945324822,0.07792627730149644
0.3433461047243317,-0.10771980427601237
0.3416710798949113,-0.3053498028385104
0.20777876971420048,-0.40890664997122417
-0.02051923130779913,-0.3935480176608906
-0.22274327774132072,-0.26056712916426006
-0.32888658488447986,-0.04505363158828233
-0.33263077232347865,0.17234429591468278
-0.27359797040999884,0.344639327981082
-0.2288152967357485,0.43018949623419
-0.21373993830151786,0.43723452347152486
-0.24797971654085238,0.3741126331932823
-0.28404233814834745,0.2592000236320291
-0.2620574348080341,0.129384465608593
-0.16137033505881337,-0.0113680977924684
0.009175767126590606,-0.12988944029891672
0.20194076074759204,-0.2001671947246598
0.3419789721982113,-0.21530412622077255
0.39045659645706626,-0.17757880249440036
0.34961519260883844,-0.1124123815307212
0.2522289056640643,-0.06936633274166282
0.16430164200724376,-0.06934170081752103
0.11392730560169233,-0.10717788169947598
0.10550284337311087,-0.1510860815758587
0.1088282881016993,-0.14362229813116872
0.09450423709615495,-0.06722326761118667
0.04846529142560318,0.06478460589406439
-0.027514982887023788,0.2018668649751667
-0.08155963457880192,0.2874047240146762
-0.06613942245811391,0.29452363352749167
0.047443026082884865,0.20770487394177514
0.24981486912261144,0.09011957913863555
0.46159648172471657,0.011010919708349682
0.5977180822673445,0.01660259509303648
0.5916953136242555,0.10413571759546283
0.42844056213539955,0.22489865883386775
0.18260391747349566,0.33284016392410093
-0.021849409199234497,0.36540489034012563
-0.06139758135512151,0.3120499561439708
0.07134928361674497,0.19515438895916304
0.25970499832235283,0.06877513956837049
0.35849534543404293,-0.014102352722000675
0.2815051284892409,-0.03954817046876892
0.08401061225799511,-0.014336365280497143
-0.07244545148036101,0.030667997398147337
-0.07112758955099653,0.05612613363766361
0.08643695126457414,0.05704986453534241
0.27263728487763494,0.049487556768321485
0.33786529240014096,0.06760507593232909
0.24482669528125647,0.12135413441169725
0.067814460784479,0.20505682737250291
-0.055953703420198744,0.27364723425828236
-0.04680256906130897,0.26503801910169283
0.05608918237721475,0.15638216121745838
0.12754931302683395,-0.039917662827840435
0.07825882177435528,-0.25605931158603173
-0.10971507111316542,-0.4019478412168579
-0.3516104459490468,-0.4065911681202279
-0.513584283394751,-0.28447340356930106
-0.5148775066515013,-0.09151133684042538
-0.33956496265064784,0.08181827653076303
-0.07628818686134402,0.15076585306507076
0.16428933279364522,0.09950472689958084
0.26912708047256606,-0.015346316348262654
0.22929562600498568,-0.12257346189602221
0.11237543364450851,-0.15096292195514976
-0.012636693342872166,-0.09089551174299126
-0.08396134166123917,-0.005677890493419231
-0.11020772984141823,0.04411757798006027
-0.12283210384798332,0.011614427156594808
-0.14588852963082616,-0.10664827508501049
-0.1878507332668118,-0.22503414116511994
-0.21223733694108998,-0.27311761414687213
-0.19036328400788705,-0.21642492600853036
-0.09467666731361982,-0.07850514776424551
0.04039800559402236,0.08088222967101334
0.17058305260229378,0.1827517090183464
0.24666184786301554,0.1961766610503537
0.2345917191435301,0.12364499783549646
0.16137033505881337,0.01009950139850559
0.07423134021383651,-0.09478751772073023
0.017883507449070184,-0.1601263621534019
0.014656593791285092,-0.17881043919232384
0.046642454805914994,-0.17910603577897002
0.09120342429170833,-0.17227040014225742
0.1111314674875694,-0.1675778228875486
0.10310112954220127,-0.1733542452953302
0.06132367883422378,-0.20368970834332725
-0.005850321132663621,-0.2423510856779215
-0.08460179868281506,-0.3182820893937925
-0.1662353357825147,-0.3980435260255204
-0.2332245866174097,-0.4430971643622751
-0.2644837805630855,-0.42558315095939453
-0.248767965107279,-0.31833135324207606
-0.2064609145333084,-0.12982786723703463
-0.16577962494047457,0.07125074917170546
-0.15398044738654876,0.2064362826091666
-0.16752855903926503,0.23584798776559537
-0.1985167883224365,0.16133338042412831
-0.1880601113704893,0.05097784891515083
-0.10428351588878591,-0.019989623006215543
0.052381925953247734,0.0035717749362738703
0.2416490555944635,0.12853463048333957
0.38750063059060463,0.3031082032629947
0.413402158335854,0.4402274169787821
0.32570891820379744,0.4842464605138028
0.1741055527240165,0.4178607120657987
0.032650948273229494,0.25759888107808937
0.00445856047841713,0.06121283517558575
0.08757006701440286,-0.11184582028157065
0.2394320744461449,-0.20930601649571487
0.38254941138393467,-0.2301577838407824
0.4279971605069579,-0.18519037748394104
0.3693338509525496,-0.10316271610102809
0.2517608586145362,-0.0012562794828879908
0.12172362677076876,0.08154731861673102
0.03792239599068739,0.1268349602328327
0.02277314515826757,0.11956824567822173
0.04747997396909755,0.05772727619160335
0.08697888058958289,-0.023081056019866535
0.10680838934040446,-0.07594332642641428
0.10966580726488184,-0.07432986791040365
0.11039248276942636,-0.028845160778459153
0.11684630333652417,0.030606417587792874
0.12955690257453026,0.06124978306179842
0.12572648315561813,0.031702582077172727
0.09424559514419384,-0.04570640457192912
0.024411233911301903,-0.12926130598788407
-0.05209864870290865,-0.1722088135834306
-0.10563832570436307,-0.12257346189602221
-0.13172459288067578,-0.009495994793819509
-0.13609694162459668,0.1211447563080197
-0.1421320059843394,0.214552832289031
-0.14522344068510848,0.24896502050041328
-0.13859718315207342,0.25131748397998405
-0.09748482138981364,0.25338664658956245
-0.04401904690925694,0.2787215995887165
-0.01071532480882161,0.31152036302645003
-0.037589851517828544,0.3141560733882342
-0.1727630656189826,0.24839847274820748
-0.38182273587939014,0.08823515596012053
-0.5865224205972542,-0.11369329557387299
-0.6873572848974363,-0.26450839899028256
-0.624777350938092,-0.29707315240019677
-0.40127042956059694,-0.1839833592132146
-0.08200302945877117,0.03672770043050421
0.18907006075113675,0.2516992855526541
0.2892275673828367,0.37797999374993474
0.18915627923410536,0.37307806538543786
-0.044290008197525134,0.2657770038198359
-0.2755809145366086,0.12935983368445123
-0.39559256184327196,0.037134144050024596
-0.3457847596929816,0.0349541276590996
-0.17188858507264265,0.10294101528680728
0.015136936557467015,0.16967163091821352
0.12362036591135467,0.18946418503435006
0.09169608301996114,0.13970567372623274
-0.06240753073576892,0.03564385190319525
-0.23858225281783618,-0.049179647593840616
-0.35168435521841684,-0.0607694402956165
-0.3417572713839904,0.01570349274526328
-0.22411041026744113,0.1762855657407053
-0.05347809381686377,0.350021639602595
0.11722811840613895,0.4647618391918005
0.2339512621219542,0.48869273202403857
0.2831555348914642,0.4068374873616457
0.2679077664851858,0.23619286169746984
0.18466077086947555,0.03221987272956733
0.06596698549217667,-0.1306653796517448
-0.05042361037654355,-0.19226002314847296
-0.11386571904286549,-0.12935983368445123
-0.09681973244409595,0.024374284337971133
-0.008350563925478949,0.21385078870862825
0.11779467965528949,0.34005760113348354
0.2273249910919744,0.3611803466380002
0.2631905573063352,0.271257843137916
0.20205161115470247,0.11158717832960954
0.06516642096367917,-0.034153559756365914
-0.09359282216054704,-0.11804099889670736
-0.21638798487079006,-0.13608463241099816
-0.2589783228178083,-0.10946874512327519
-0.21568594129038732,-0.10799076893851675
-0.11980225570604107,-0.16831682110263638
-0.003694939618337074,-0.26812944030551716
0.10170937184041143,-0.3636313378141381
0.20095544329108642,-0.38082512270623076
0.27925121970012673,-0.2919987600758731
0.3230978262692103,-0.14225517910199306
0.3253148074175289,-0.001034583097352176
0.2883407641259535,0.055855168975159235
0.20530316011086552,0.01548179699239675
0.11029394832438685,-0.06557286120896337
0.05255435954494879,-0.09277993492150628
0.04489351733288836,-0.004273813455322324
0.08276664610105598,0.18459918431064873
0.13103487201081632,0.37894067928229863
0.16701127513534278,0.4827068910217452
0.1855475471324693,0.42265183051401944
0.196570785333567,0.20258121776916796
0.202618172403853,-0.08217545967623603
0.22158552331887785,-0.29428962349967236
0.23136481560845357,-0.34391265247653746
0.20729842694801856,-0.2422895126160394
0.14399179049024025,-0.07972448199704284
0.043280058816877715,0.012328781637714155
-0.04855150653433561,-0.031776481223834266
-0.05756716193620938,-0.20883798294313147
0.03261400038701682,-0.40609850264350267
0.18174175963769895,-0.5045686482382943
0.2948438620382796,-0.4223931750651136
0.30071881214262836,-0.1535124273309101
0.17712309165236023,0.2096878180683849
-0.035545320832391925,0.5262456052875287
-0.23013316541358533,0.6707670023922345
-0.3160035621774813,0.6363425049672536
-0.29002812516286186,0.4581479043693087
-0.20138652220898476,0.22236146267170595
-0.1378581984339304,0.02342591645479627
-0.15519977487087372,-0.07705181025210121
-0.24662489322833048,-0.08706509232407914
-0.34460237334639693,-0.05815834836102934
-0.3660946112099851,-0.03778691703367138
-0.2790787827341895,-0.05672964277302683
-0.10283017162816925,-0.10813856723183983
0.04138332305052799,-0.16869862267530641
0.08525457166646186,-0.1926048835834027
0.005148282613615168,-0.15502735140188123
-0.132759174185465,-0.0715709776824934
-0.21195404956804234,0.005579359000836381
-0.17048451140878193,0.029953644604146082
-0.02527338668574433,-0.02979353034875211
0.1407895188793055,-0.175694372567413
0.23303984043787393,-0.3499231119060279
0.20025341320762843,-0.4802312814184102
0.08290212843230818,-0.5305933491011974
-0.03486791255036716,-0.47928293209353434
-0.06200108374201236,-0.3520045837292048
0.0335377346589318,-0.20654711951933227
0.18804778865994606,-0.07488410644901093
0.30728348311683656,0.01225488333461166
0.3119637646548916,0.07628818686134402
0.1943907723168782,0.14229212023973337
0.048785519936391124,0.2155627816696784
-0.030433987370328007,0.2653952022471658
-0.008830905848101827,0.25417489515598907
0.07330760256768534,0.14906618281456388
0.12522150846529442,-0.043797349469272315
0.057382409008201254,-0.2499996153021472
-0.12608365280414638,-0.3924764952183611
-0.3574853960533955,-0.4028223082662531
-0.5176363901309392,-0.27225545631107545
-0.5170698423787334,-0.07828345369849707
-0.34059953045849234,0.09114184448135386
-0.07217448681785663,0.1552736841402438
0.16267588102610694,0.0962162300572051
0.26219291713928633,-0.022305118354156543
0.22328520706632948,-0.1300126134165704
0.10716556573740509,-0.15564317649931533
-0.006453827737349703,-0.09217642578614306
-0.07197742467624997,0.0008252032011116576
-0.1047145880582119,0.05260362339323236
-0.1344219032982316,0.00030791162607434944
-0.1763101976648471,-0.1103678440968122
-0.20623921371908757,-0.22148699562231072
-0.19998244854512404,-0.2620943894427192
-0.14585158849308585,-0.19945284193065854
-0.08527920359060363,-0.07166951212753292
-0.0363705206592674,0.06068322181264788
-0.03045861929446979,0.13252516415764568
-0.04410526201798937,0.13338732199344236
-0.05583053705101745,0.08913426168212991
-0.0549930178878349,0.03347615147434115
-0.054118547464203484,-0.011725275033028074
-0.07806175963274863,-0.04669172202843475
-0.12823903389669342,-0.10012054524854258
-0.1822221024038809,-0.15944896399408567
-0.20057364171841638,-0.21212648653397959
-0.17611314227171282,-0.20781572434888554
-0.0995663067099353,-0.1111314674875694
-0.01700903871255686,0.049364393773376376
0.025076322857019585,0.2218688106919255
0.012907655474699405,0.3033915041329871
-0.040151676229895954,0.2527584987815851
-0.11600879092181399,0.08720057465533133
-0.16787341947419476,-0.10234982886198733
-0.16825523454380953,-0.21176930338850658
-0.14055550885148618,-0.18574461602254833
-0.08963923637245362,-0.031197607386849017
-0.05245582509990928,0.16399373620699906
-0.04642075736593037,0.29063162754975275
-0.07141086342709943,0.28447340356930106
-0.13586293159677734,0.14946030709777716
-0.2181369189695805,-0.053083966159414284
-0.317592368523933,-0.2300223015095302
-0.3989056838613171,-0.3221248315232479
-0.4335519090944082,-0.33534039195463294
-0.3948289317040424,-0.3001892190251076
-0.2732900511128094,-0.27011241142601644
-0.09170839898203204,-0.25947098829453347
0.07148476594799716,-0.2632398211546188
0.15011308682989633,-0.23135247940096557
0.13192166177075482,-0.147908428392121
0.03967133346371403,-0.014176251025103169
-0.03270021549574925,0.14001357952647742
0.0011823806525610924,0.23154956178798933
0.1632793834129978,0.2574141348985536
0.39321547993650413,0.2032339975012871
0.5742921371315407,0.10036687798690518
0.6041718893374975,0.014619644217954322
0.4370990411402727,-0.03963438557750135
0.1324512683852203,-0.03220755676749643
-0.16485589404279577,0.032909596973662976
-0.30905706263671356,0.10758432194476018
-0.25089872777262895,0.1633040153371396
-0.04956145591498303,0.1798573432076563
0.17733246975603778,0.15957212361479461
0.29623561299159706,0.1330055069238276
0.26130614087629256,0.13181081136364442
0.10735031191694085,0.16874788652359
-0.05081773465975686,0.2162648117531364
-0.12779564576519653,0.23028095695843606
-0.10308881358013038,0.18073181025705154
-0.017021354674627755,0.03804556235986868
0.04415452924050913,-0.1658412114993014
0.01191002205612288,-0.35512065035411566
-0.0990367000954698,-0.4737405467074616
-0.20790192933490942,-0.4613255170622122
-0.2584487027063981,-0.36173458517660745
-0.20046279131130598,-0.21591995131820665
-0.0788746468717894,-0.1076582244656579
0.020876409391917847,-0.10202960035119939
0.047578505039900874,-0.17635946151313067
-0.008929437762464198,-0.2540517220383354
-0.09626549390548868,-0.25629332161385104
-0.15288427952293274,-0.13683592634273972
-0.13235274068865316,0.07037628212231023
-0.05456194234417273,0.27218157403559484
0.02947330183796416,0.35945603096640677
0.07559846599148455,0.2749404575150327
0.06982204358370295,0.05716071494245281
0.01751401340288057,-0.2107100901595756
-0.01544484741906598,-0.3955679164221854
-0.016270050620177636,-0.4437129759627645
0.002845103438634823,-0.3522139483359376
0.01367127633477946,-0.19328229523966364
-0.017353899147486595,-0.06015361519818239
-0.06915695463798527,0.0139422384666067
-0.07963826351407423,0.02850030034352942
-0.0125258454664389,0.04275045220241222
0.12209311912984028,0.09350660367757843
0.2547783975428799,0.20086923830506254
0.2933289379673085,0.3187624456569192
0.1849070901108934,0.37955651787667744
-0.04725827652911292,0.3454522219685951
-0.2848182505072861,0.19516671166970628
-0.42181431809930925,-0.0231303215552682
-0.38952052935189946,-0.24887882901133412
-0.21075935400785917,-0.3901856317945619
0.011848439715091278,-0.42682711036786125
0.15645605698988374,-0.36870570314457224
0.14562988767886506,-0.22646286025006718
0.025433500941138304,-0.05006643060530674
-0.09100636215010167,0.12328781469002346
-0.10435741166121128,0.24902662055618485
0.01102323651397962,0.2894123135623725
0.16098851998919858,0.23306448585896045
0.23044105771688528,0.09686900304085189
0.1333996312070409,-0.08973776406902077
-0.12661325941861187,-0.2599020537154871
-0.415594494063086,-0.35514526878131275
-0.5896384872221652,-0.363200245399295
-0.5578989100194732,-0.28715837777936887
-0.31680411995750646,-0.16297146411580837
0.03045861929446979,-0.04491814925703014
0.30064492986714775,0.04465950393083284
0.37774598372211543,0.09907364798168249
0.2756424875984907,0.11273261004150914
0.08678181844797624,0.10686996915075893
-0.056705004100412675,0.071817310420856
-0.06501862267035609,-0.010801539917554044
0.055029965774047576,-0.12644083594961938
0.18942724389660973,-0.24312702503074957
0.24894040207321622,-0.2976643455734891
0.17861338379918956,-0.2648902275568421
0.0027219387565716193,-0.13129352745972217
-0.17892128959943426,0.0561507655618054
-0.2671318271323577,0.21268072507258687
-0.21527949429663076,0.2903237352464528
-0.05563347490941079,0.2522289056640643
0.12871937666287533,0.153253785378949
0.22263242733421032,0.05664342429005821
0.177307837831896,0.005185231765166415
0.022970207299874226,0.003251546847265444
-0.16906811503437794,-0.015173886130797787
-0.3028618840215769,-0.06506788651863965
-0.3146856934996445,-0.1656195106850806
-0.19634909801629094,-0.2766524369791381
0.0017982038519873508,-0.3169272930751601
0.20228562118252177,-0.2531156819270581
0.3314114583360984,-0.07836967218146569
0.34556305887876076,0.1329685657860873
0.261601723965994,0.27362258883719587
0.11910022562258307,0.29406792268545157
-0.01874566022351261,0.20231026660360832
-0.09638866027466997,0.05573200598021412
-0.10206654823741206,-0.06280165501898223
-0.04585419949101602,-0.11438301644373246
0.023512133250646796,-0.13181081136364442
0.07563541387769723,-0.17021354674627753
0.07983532565568087,-0.2692379443766212
0.03454768403957922,-0.39792035290786676
-0.029805846310823,-0.495060320611223
-0.09255824085575784,-0.4834212573126912
-0.12008554307908871,-0.34306283084822875
-0.10255920696566488,-0.10236214482405823
-0.029337819506711972,0.14013673914718636
0.0838012274058452,0.25831322037514587
0.1953884124839271,0.2229033919967147
0.2872815508970225,0.07669462710662822
0.3122470385309945,-0.08837063829137272
0.25429806827364276,-0.16703590705948457
0.1116364421778931,-0.12774638191691295
-0.08550090440482444,0.004778788567425555
-0.26053020152346446,0.16197383744570423
-0.3502926042650994,0.2681787311476902
-0.320782344418214,0.3306724736179554
-0.16357497999964396,0.3656265911543464
0.06798689100194387,0.3879932960673298
0.2782412703194793,0.40405395846112135
0.4016399489135579,0.38867070772359075
0.4142766253852492,0.32423094876751135
0.35125328979746323,0.21135054718115148
0.2776377679325885,0.08497129779035895
0.23884090826674204,0.0193984332071594
0.2682403042095723,0.04841602420308342
0.3347615349888286,0.15952285976651104
0.3858748696094678,0.28368515500287445
0.3953339063943661,0.3271992238475715
0.3563276551278974,0.24821372656867172
0.2837713734858431,0.05815834836102934
0.22762060117556532,-0.12029492118276626
0.20017951743520307,-0.20288913706635736
0.17961101046929373,-0.15596340501010328
0.1286331581799067,-0.026554299041778032
0.0071435498725477406,0.08153500265466013
-0.15431299860787998,0.09922144627500556
-0.30193815312389805,0.013190934412156583
-0.35701737599775685,-0.09684436436823773
-0.2826136055664555,-0.14909081473870564
-0.10871743769458889,-0.07733508412820411
0.10179558357490769,0.12285673577212511
0.25056616305435303,0.33722483537856507
0.27696035627632754,0.4714743017108594
0.1816924957894154,0.4596751106599889
0.018523964470646078,0.32196473076479865
-0.1405431861409429,0.1335351135382931
-0.24040509618599676,-0.007636208600800556
-0.24930989443228774,-0.0382795757619242
-0.20617762716026075,0.021233585788918475
-0.14287100419942717,0.1008472207530871
-0.08899877935087773,0.14864742660720878
-0.059759490914969085,0.13984114256054017
-0.03680159957716575,0.0881243123014825
-0.031998178663818884,0.033587001881451556
-0.04985705250162919,-0.01336336462962145
-0.08552553632896623,-0.04401904690925694
-0.1475389360330495,-0.08811199633941161
-0.1883557079571355,-0.1542883666837382
-0.1979009632250024,-0.1980118136321128
-0.16571803838164773,-0.20368970834332725
-0.09823612881849994,-0.11592257243884538
-0.025987741166863677,0.05123649761558431
0.021085789182713487,0.2172378199960435
0.017058304247958525,0.2974919086075518
-0.030902010800202852,0.24789349805788377
-0.10412340163339194,0.08362879718838032
-0.16905580582077942,-0.10212812804776653
-0.19073278986390332,-0.2019530834581353
-0.1590917808486127,-0.1648066301945122
-0.0982977086288544,-0.02321653666400063
-0.04110004580018891,0.16031110833293766
-0.025039374970806907,0.27353637035422723
-0.06271544328448599,0.27506363063268635
-0.14797001495094783,0.1658412114993014
-0.2526230164503329,-0.01714451935669096
-0.3372494538057621,-0.20378823603989438
-0.3758739034995608,-0.33508176349961655
-0.387771595253109,-0.3754428110847177
-0.38524672180149044,-0.3083673417668541
-0.38198286363172884,-0.18459918431064873
-0.36758491685375916,-0.07885000819917524
-0.3218662030682315,-0.0534534585184858
-0.22651212409835075,-0.11194435472661017
-0.08455253483453148,-0.21332118209416276
0.07355392855757556,-0.26674999856579823
0.19122544184368376,-0.20813595285967348
0.26729192789080697,-0.08755775105233196
0.30313284868408125,0.02363529793271
0.2928362724905833,0.052024749556247106
0.25131748397998405,-0.02540886732987843
0.17709845972821844,-0.12935983368445123
0.08775481319393862,-0.17879812997872532
-0.002820470670933992,-0.11700641759191814
-0.02734255266955892,0.04176513474590659
0.017316949574155825,0.20396067300583162
0.13484065950558666,0.28693670395903753
0.277292894000714,0.24421088368076707
0.3885721800270236,0.10337209420470564
0.4317783295745312,-0.07841893602974925
0.38987771249737246,-0.25529568144680215
0.29444975125201106,-0.3696663886769361
0.17000416864259998,-0.42151870801571834
0.04879783589846202,-0.43964856001297775
-0.041629652414654404,-0.423045941300288
-0.09552650243887327,-0.3822784467214303
-0.09255824085575784,-0.31294906861445254
-0.036062611484786525,-0.20586972136001605
0.03618577447973164,-0.07554920214320097
0.11873071976656682,0.029190024587625072
0.1652623275396076,0.09181924938914243
0.16468345707685852,0.08636305549214877
0.13656496168023533,0.052381925953247734
0.1138410871187237,0.030975909946864392
0.11959287760236352,0.04539849202321206
0.17585448682280697,0.10672217085743585
0.25233974257423,0.19771621704546663
0.29628490383377015,0.2825397232909749
0.25192098636687493,0.33414569639444974
0.0989504816125012,0.3509453705002738
-0.13056685195517767,0.32109026371540345
-0.361426665879418,0.25493852529521865
-0.4944198635896471,0.15542147568509454
-0.4955283406668617,0.02523643711241356
-0.38572705107072763,-0.10477616786856636
-0.21546424047616652,-0.21319802247345382
-0.0647476580078517,-0.258781267424674
0.014496479535891118,-0.21472525575802348
0.037589851517828544,-0.09499689582440778
0.0391786781096974,0.03883381430053148
0.06817163718147963,0.11432142988490562
0.15290891144707452,0.09087087981884948
0.25706926096667915,-0.010739957576522442
0.3146856934996445,-0.12104622861145255
0.2832787080091179,-0.16565646531976563
0.17469674589730882,-0.11866914670468472
0.016491746373044167,-0.01986645832415234
-0.10557673914553624,0.052283394882444406
-0.148265611537594,0.03715877597416638
-0.10688228511282982,-0.08513141204575292
-0.015568012101129184,-0.2440630651420269
0.05250509232242903,-0.34495955649186993
0.05516544810529977,-0.3281106455316518
-0.010173400545167131,-0.18059632792579935
-0.0950461664211637,0.008054968182391832
-0.16148117196897904,0.12629303090782393
-0.1663215542654833,0.1025345750415231
-0.11134084559124695,-0.04539849202321206
-0.03882149833846059,-0.20511841393132976
-0.0026234070530990086,-0.2733023603264079
-0.029165389289247102,-0.20095544329108642
-0.10648816082961651,-0.024411233911301903
-0.20679345225769485,0.15788477607483098
-0.2706666499646237,0.25748801717403424
-0.2745709651559612,0.2337418705213319
-0.22088349323541986,0.14379473509710597
-0.13651569783195178,0.06992057128027009
-0.0637130767030625,0.060239833681151
-0.044006730947186046,0.1222901880199193
-0.09773115412817622,0.18453759775182188
-0.19239550547972514,0.17812071832246437
-0.28837771876063856,0.07564772983976813
-0.3485067155316239,-0.05716071494245281
-0.34710262837081846,-0.11653839753627948
-0.28293383407724343,-0.03762680277827741
-0.1734281545647003,0.17234429591468278
-0.0629617692743762,0.3701960087883463
0.010727641614451548,0.4291795468535426
0.0430460454148222,0.2968144969512909
0.030027543750807625,0.00830129754651824
0.003830420684250694,-0.2964942684405029
-0.01037046353033283,-0.4543667083078459
0.00945904522048874,-0.3875745398599747
0.0603630000503323,-0.14135608012845605
0.1251352899823258,0.16772562792934403
0.16903117389663763,0.3785588777096286
0.16850156728217214,0.3971690589761252
0.1285962170421664,0.2668485262623654
0.06806078677436923,0.10216508268245157
0.010198033312867963,0.01933685002256875
-0.031493200599258996,0.07318443619850404
-0.0384273706810111,0.21737330232729568
-0.02661588222636868,0.36275684377085343
-0.013548111652716256,0.4193756361367698
-0.0007266714449166064,0.38110839658233364
0.01761254616080199,0.2983786848705456
0.05544872872987504,0.22007059924790673
0.10226361037901871,0.19974843851730473
0.15305671648886995,0.20729842694801856
0.18876215495089205,0.1879985248116625
0.16706053898362636,0.09840855903596481
0.06814700525733784,-0.059008183486282784
-0.08353026949181318,-0.22280486430014756
-0.2622791356222549,-0.316114399087647
-0.40298243601859185,-0.27810578798822716
-0.4534922682523402,-0.14920166514581606
-0.39342484454323695,-0.011934654823823712
-0.24669880249770057,0.04834212505642188
-0.06115124861675891,-0.027798261824480967
0.09117879236756654,-0.19032634287014674
0.16236796172891754,-0.32908364027761416
0.16187530974913708,-0.34403582559419116
0.11249859326521745,-0.21067313552489056
0.07795090922563823,0.046383809479717694
0.09526786048691215,0.32658338525319264
0.16731918093558748,0.5029305510496695
0.2567613416694897,0.5202967459138099
0.30515274744537607,0.3939667738682457
0.2536576112520668,0.19854142024657828
0.09285383069393163,0.019275268525096197
-0.11816417201436101,-0.07849283180217462
-0.29557053754282414,-0.09935692860625775
-0.34945506485649974,-0.06856576146469294
-0.2567367232422927,-0.051766104230049806
-0.07185425830706868,-0.053810638289722615
0.12514759919592433,-0.06677987273121744
0.23348324206631554,-0.06030141349150547
0.19272805670105636,-0.0042984462230231555
0.03426440678924013,0.07859136624721413
-0.15691176783192387,0.1626635583155637
-0.28452266741758464,0.19691564576849674
-0.28483058671477407,0.147009329418584
-0.1593504228005738,0.03616114255558985
0.017526331052069556,-0.09885195391593404
0.1480069695856329,-0.19131166032665237
0.17431493082769403,-0.17704919587993487
0.10024371161772387,-0.0850698254869261
-0.0372696230070406,0.04421611242509978
-0.16355034807550217,0.1450879583538563
-0.21822313745254912,0.1560988873413555
-0.20651017838159194,0.07634976667169849
-0.15342620884794148,-0.05014032975196828
-0.10318734802516988,-0.14769905028844346
-0.08497129779035895,-0.15252710987440446
-0.10317503206309898,-0.05400770043132926
-0.1329808749996858,0.08490971123153211
-0.1450879583538563,0.19613970641566866
-0.11728970496496578,0.2069658892236321
-0.0584539449476755,0.10698081955786932
0.015136936557467015,-0.06303567179527393
0.09080930000849502,-0.22656138794663433
0.1595967555389364,-0.3038841426158228
0.2070028303613724,-0.27713279324226475
0.22578544859380623,-0.1743518854623791
0.20093081136694463,-0.0489456341917851
0.13612157354873847,0.020346801090334262
0.04994326761036163,0.00609665049679003
-0.01764949573413276,-0.07578321217102031
-0.020051206190806192,-0.18393409536493102
0.06983435954577384,-0.26277180109898013
0.22780534735510108,-0.293661475691695
0.3879932960673298,-0.2874539878629598
0.47366663743809145,-0.25729096178089994
0.4476049819405034,-0.21672052259517652
0.29582919299173,-0.19267877935582806
0.06600394012686171,-0.17082937184371166
-0.15215761751533294,-0.14459530637407583
-0.2889196480856473,-0.119223385243292
-0.32623853831520766,-0.0907230815255264
-0.30829343249748403,-0.051581358050514045
-0.2931072371530877,0.001059216075942769
-0.3068277992686859,0.07846819987803283
-0.3280490454758802,0.1814092219133125
-0.31787564240003596,0.27831517958884944
-0.2242212471776068,0.33713861689559643
-0.03677696427878778,0.3181342978489418
0.19705112809974892,0.21950405149570093
0.3853698949191441,0.08447863906210613
0.4429370366099364,-0.02098725642479207
0.33899838790455256,-0.05050982548527598
0.10739957576522442,0.0019829508750821567
-0.15176349323211966,0.10081026611840205
-0.33806234779327526,0.15802024490913844
-0.40586449261568336,0.13025893265798824
-0.34802635926849723,0.007032701574334952
-0.21114116907747396,-0.1565792301075374
-0.058897339827644744,-0.27269885793951704
0.07357856723018971,-0.29236825243494463
0.18196346045191977,-0.19817192788750676
0.2539531943417683,-0.0647476580078517
0.29363685726449795,0.03368553295225488
0.30291114786986045,0.03749132044702522
0.26186037941489987,-0.04580493564273244
0.17890898038583572,-0.14559293304418
0.07440377043130138,-0.18031305404969644
-0.010937021405247186,-0.10747347828612214
-0.029645732055429027,0.044807302224155916
0.02915307332717621,0.202421103513774
0.15523672950555878,0.2755809145366086
0.28595137300558715,0.23733829340936943
0.39157738274787934,0.0919793636445364
0.4223931750651136,-0.09248433833486011
0.37912542546183436,-0.2663558877795297
0.2866164754482496,-0.3754428110847177
0.1655948787609388,-0.4203855855174173
0.039942298126218405,-0.43600287327665666
-0.06387319095845648,-0.4289824914604083
-0.11868145591828325,-0.39140494578194207
-0.11141474811214468,-0.3143038919269744
-0.04220852625163965,-0.1955238948151793
0.05778885600195782,-0.06326968182309325
0.12624376705954035,0.03430135467545281
0.13315331196562305,0.048452975463532284
0.07855441836100145,-0.002216963855358149
0.004840370908457158,-0.06389782288259827
-0.042688869017821575,-0.06606551993721618
-0.031567099745920535,0.027317920745417137
0.01548179699239675,0.15698566360434923
0.0746377804591207,0.2623530178977356
0.11895242058078763,0.26144162320754477
0.1136686636497312,0.1191125348361816
0.07681779347580951,-0.11322526202128959
0.014176251025103169,-0.3365843783569892
-0.055362513621142605,-0.4461393217178159
-0.11645217905331087,-0.4061600757053848
-0.15023624645060527,-0.2517855040356227
-0.14219359254316624,-0.07101673914388612
-0.10223897845487692,0.05392148532259683
-0.06999447380116781,0.09101867811217257
-0.0531948131922885,0.0574193636428863
-0.059784122839110866,0.035914813191463446
-0.05791202237113911,0.03470779829497319
-0.009532944367150279,0.04858845442054829
0.08717594273118955,0.02502705732161792
0.2180507004866119,-0.06679218869328833
0.2949793443695318,-0.1930852263495846
0.2647300998045034,-0.3058917321635191
0.12850999855919779,-0.29236825243494463
-0.08021714072529566,-0.12102158319036603
-0.24333641663137184,0.16474504363568537
-0.29393244035419935,0.43841690981810955
-0.19894786724033484,0.5640571879877038
-0.011491262474531605,0.46623980862808656
0.1759160733816338,0.1767782312174305
0.26691012631813693,-0.15316756689598038
0.21098105482207996,-0.36781892688157847
0.08397366437178243,-0.37232674445980685
-0.04048422070275479,-0.21392468448105362
-0.06367612881684982,0.0005665574004123934
0.028007641615276604,0.14526039531979354
0.16571803838164773,0.13771039339213495
0.24695745794660642,0.00826434797318747
0.1970388188861504,-0.16150581739006556
0.017784976378266856,-0.2727111671531156
-0.20766791930709008,-0.28005177748015186
-0.37747501905961106,-0.18108899340252455
-0.4239943176190533,-0.05175378826797891
-0.3274455430889894,0.04350175625686234
-0.13774734802681998,0.07259324977368409
0.03550836957194306,0.03783618088195496
0.1149003003476547,-0.054869854892889786
0.07978606180739731,-0.17171616160365014
-0.028611150750639823,-0.30472168202442246
-0.14473078870532805,-0.4399564523162777
-0.21088252712551284,-0.5384758887532424
-0.22528047390348252,-0.575277468084991
-0.19248172396269378,-0.537847740945265
-0.12339866509713386,-0.4262851810428525
-0.02059313045446067,-0.2904099267355319
0.11206752109579146,-0.17102644073379067
0.2539039304934847,-0.09160987128546488
0.36643948514185953,-0.04263960179530182
0.40964563468936716,0.016873558068422764
0.36582364654748073,0.11509736923773371
0.23501047535088518,0.24215403028478721
0.07291347828447203,0.3519799383081183
-0.060178247122324176,0.37802928459210783
-0.1043204637749986,0.2899788613145783
-0.059291464110858054,0.10417266548167552
0.02848798438145853,-0.12474116569911249
0.09678278455788328,-0.29894525961664087
0.1003299301006925,-0.3719449428871368
0.04592809863767756,-0.3662670481759223
-0.0061335996483412765,-0.3212257460466556
0.0025248753496263975,-0.2889442665128444
0.08410913995456225,-0.29427731428607384
0.2046503938756911,-0.28304469798129855
0.28487985056305765,-0.21757035772042999
0.2717874362554368,-0.07671926577924237
0.14182410018409472,0.10566295762850486
-0.053786002991344645,0.2353060584405866
-0.2268323526091387,0.2601114453161094
-0.3058671137363221,0.17360057803369278
-0.2607395661301973,0.013264833558818124
-0.12123097479098831,-0.1416023993698739
0.028155439908599686,-0.21418333992995947
0.11592257243884538,-0.18262854939763745
0.11744981922035976,-0.08920815745455528
0.05548567661608771,-0.002069166194704352
-0.028290920552733783,0.04048422070275479
-0.09680741648202505,0.027798261824480967
-0.1440533770490671,0.004581725160480334
-0.18935333462723963,0.016811974883832115
-0.2273126818783759,0.0546112061924563
-0.2505538538407545,0.08766860145944236
-0.23023169311015249,0.0873730048727962
-0.14432434171157146,0.03858748493640507
-0.0024879259871853888,-0.024497449020034336
0.14138071205259783,-0.05902049944835368
0.21323496361119415,-0.04082908113768453
0.1637843581033215,0.026098589886855986
-0.003387027913179064,0.08940521959616192
-0.22558837970372722,0.09370366581918509
-0.4129710929149003,0.03569311575147882
-0.4778172718708468,-0.03793471195275828
-0.41097581258080257,-0.05842931302353372
-0.25582530155821237,-0.001884419171609546
-0.08707740828615003,0.13511162416809105
0.012846073133667802,0.28585284530902
0.030039859712878515,0.3567094836944569
-0.014373314853827915,0.29345211108496216
-0.05716071494245281,0.1357644039002102
-0.04851455864812293,-0.03154246782177875
0.02407868943844306,-0.11673545292941377
0.14527270453339206,-0.08470033312785458
0.2561208846479138,0.020839459818587078
0.3103872405281489,0.11703104951605993
0.3047093458169345,0.12895338669069467
0.2499257060327771,0.062185836670020485
0.17427798968995373,-0.04911806440924997
0.09845782288424837,-0.15071658921678718
0.029571832908767484,-0.19916956805455566
-0.034978762957477566,-0.20473659886171497
-0.10035456202483428,-0.19852911103297977
-0.1445829836635326,-0.23089676855892544
-0.1658781526370417,-0.28102479922000373
-0.16739307670801284,-0.30143317843357437
-0.14473078870532805,-0.23488730223323154
-0.12195763679858809,-0.0615207477243028
-0.09847013884631926,0.16036038567816596
-0.08727447717622905,0.32589366438333317
-0.05163062189879762,0.35286674156500153
0.021763194090502064,0.2255021612207586
0.13650338861835323,0.015026087837474705
0.27365954347188093,-0.16553329220211196
0.3780785484403914,-0.23847141590767051
0.4076011175008753,-0.19384884299186944
0.32944082342308717,-0.09583441498759032
0.1758668095333502,-0.005603991768537213
0.008387512655250673,0.027034641807959957
-0.07796322518770912,0.02251449814495218
-0.0517784201921207,0.03531130743033641
0.06588077375768042,0.12182215446733591
0.200302677055912,0.28430096660336385
0.2684620050237931,0.4512999325251081
0.2167328453057198,0.551038682949453
0.05849089283388818,0.5307164952249616
-0.1304929561827523,0.3712798404444744
-0.2565027132144733,0.1704229383468998
-0.26911477125896754,0.02480536156875139
-0.16368583040675438,-0.019226002989694534
-0.009409779685087076,0.03730657426748946
0.0881243123014825,0.12657631828087157
0.07877611242674988,0.17377301499963002
-0.04166660367510326,0.13874498819386888
-0.20423162417139126,0.03428903871338192
-0.31010396665204604,-0.09627780986755956
-0.3223465323374687,-0.1913486014643927
-0.2300962107789003,-0.2212406628839481
-0.11493725498233974,-0.18868824568152195
-0.054352560866259,-0.11962983223704857
-0.10013286121061347,-0.05159367401258494
-0.23211610954019513,-0.008720057128109514
-0.3671538244389161,-0.0021800142820273785
-0.40957175241388655,-0.021110421106855272
-0.3093157180856194,-0.041703551561315944
-0.09704143325831675,-0.042356324544962735
0.14735418985351373,0.010973970978577958
0.3110400067633234,0.1333380581451588
0.3420774998947784,0.3007927214119985
0.2383112881553318,0.480083516867449
0.09163450320960667,0.5889610485720147
-0.01508766933494726,0.5682940409034277
-0.032109025696693105,0.4129834021284989
0.03890771344719302,0.16181372319031026
0.13367059586954527,-0.058281514730210635
0.18583083450551693,-0.14665215977005572
0.1566408031694195,-0.07122611724756367
0.05275142168655544,0.11172266066086173
-0.06177938967626392,0.28276142410519567
-0.13234041797810991,0.3489993540144596
-0.12330013740056672,0.26941035434866895
-0.030729580582737986,0.09718923155163985
0.09440570939958781,-0.062038038376697406
0.19559779058760465,-0.10731336403072816
0.24561494384768306,0.0031653315276432494
0.23684562793264427,0.19750683894178908
0.18690235694804647,0.36092169118909434
0.11701874030246141,0.3931538798807325
0.0584539449476755,0.2837836826994416
0.014878289544151622,0.07609112471973736
-0.01994035747081388,-0.12451946488489168
-0.039819131757037114,-0.2363899170906041
-0.04650697247466281,-0.25500009835710075
-0.05015264571403917,-0.21426954491598335
-0.03909245962672878,-0.15925189510400667
-0.02820470544400135,-0.09966484115497481
-0.013424946970653053,-0.02967036397957081
0.009742324157945917,0.06931706889337924
0.03915404281131943,0.17378532421322854
0.0715832936445643,0.24740083258115858
0.10486238635153498,0.23450550066056147
0.11276955792772182,0.10583538784596973
0.08089454563308424,-0.10672217085743585
0.015641911247790723,-0.32099170902494684
-0.06403330521385045,-0.4385770105765588
-0.1355427030859894,-0.410926548732519
-0.16415385046239303,-0.2563795400968197
-0.14559293304418,-0.06756812804611642
-0.10255920696566488,0.06392245480674005
-0.05638477896386091,0.1025222590794522
-0.05234497806703506,0.07200205660039176
-0.06556054524689248,0.030865062913990174
-0.06062164200229342,0.02661588222636868
-0.013190934412156583,0.041912933039229675
0.09563735284598367,0.031136024202258368
0.22295265584499827,-0.0485761384584774
0.29000350673566483,-0.19613970641566866
0.24533166997158018,-0.3230732078420132
0.09832234055299618,-0.3187131818086356
-0.09209021405164682,-0.13151521477699826
-0.22977598226811233,0.19665700381653564
-0.2566874593940091,0.49161174325581514
-0.17530024828419968,0.588443791661982
-0.026923793087967645,0.4103846194075102
0.10868048980837622,0.02327811984859128
0.18472234393135764,-0.35573646195460507
0.18213588392091226,-0.5275635009592551
0.11172266066086173,-0.45774143038166265
0.02632028732684061,-0.23611895242809974
-0.03555763679446282,-0.02321653666400063
-0.039474271322107374,0.0524188772136966
0.005283763679528788,-0.014952188690813164
0.0826188478077329,-0.1385109646691048
0.1395332367602955,-0.21557509088327692
0.16752855903926503,-0.20718757654090816
0.17727088319721093,-0.13118267705261177
0.18773988285970136,-0.0352127729852969
0.2509479916209125,0.033845647207648856
0.35204153836388985,0.06573297546435734
0.442284270374762,0.08376427951963251
0.4584311782454116,0.08817357614976606
0.35323623392407305,0.09174535361671708
0.14526039531979354,0.08160889842708549
-0.0700191057253096,0.038107145544459334
-0.18820790291534004,-0.04025020730069928
-0.16303305067463522,-0.14033380803726536
-0.028771261631797614,-0.22997303766124663
0.11315136624886424,-0.24716682255333924
0.17618703804413816,-0.17029976522924617
0.11659998409510632,-0.02207110663921912
-0.03456000337588629,0.15438689438030534
-0.18828181218471013,0.2944866788928066
-0.248410781961806,0.3271992238475715
-0.18324437449507155,0.23360638819007973
-0.020580814492389778,0.03310665911526963
0.14582695656894407,-0.22298961047968333
0.24810288965850605,-0.43518997928914355
0.25901527745249336,-0.55175299525262
0.2094538080405656,-0.5575540900753776
0.166986643211201,-0.4585297059419787
0.19674322229950425,-0.2864563476959109
0.2956074921775092,-0.11491262305819795
0.42182662731290776,-0.005431561129292823
0.500442632232736,0.02283472665574013
0.4678286149745383,-0.02501474135954703
0.33527881889275085,-0.10178326761283679
0.13120730897675356,-0.15688713590778208
-0.0625430130670211,-0.14087573736227413
-0.17309560334336907,-0.04727059586542
-0.19519134359384807,0.09321100709093226
-0.14661520513537069,0.23858225281783618
-0.10625414405332481,0.3321011792059579
-0.11567623970048278,0.34561232272704434
-0.17839168298496877,0.2915676946549195
-0.26465621752902274,0.19127470569196733
-0.30498031047943885,0.0849466591177448
-0.2748788844531506,0.015457163381136873
-0.15151716049375705,-0.005887270284214869
0.004840370908457158,0.021196636215587705
0.12512296727178254,0.0615207477243028
0.16039732681590627,0.09984958733451058
0.09769420624196355,0.11533137926555305
0.0018105204467275282,0.09112952851928297
-0.05584285301308834,0.04358797136559477
-0.02439891794923101,-0.008769323507070223
0.10433277973706949,-0.039067827702586995
0.27362258883719587,-0.0247930456066805
0.3879809868537313,0.03183806440842491
0.3795934725113625,0.1083109974493047
0.23129090633908347,0.181778714272384
0.016836608495091995,0.21885127176358177
-0.17316949911579443,0.18803547944634755
-0.24664953864941702,0.09009494721449376
-0.19083131756047045,-0.06290018946402173
-0.04835444439272896,-0.22656138794663433
0.10145072313997795,-0.3682746377236186
0.16586584342344318,-0.4485164036245837
0.12687191486751773,-0.4627788680713012
0.026307969677651626,-0.4035366745571991
-0.06134831750683793,-0.2645946174732512
-0.06671829292086297,-0.0833824711984901
0.01551874656572752,0.10053930820437004
0.14677531939076466,0.24364430893467182
0.2504799445713844,0.29783675554553685
0.25545580919914085,0.2445064667704685
0.16169056356960132,0.11857061900811758
-0.00017243052061889936,-0.030692632696525307
-0.15026087837474705,-0.12855926240748136
-0.24017108615817742,-0.12715518874362064
-0.26608492311702525,-0.021085789182713487
-0.24547946151643088,0.14579000193425903
-0.21941783301273232,0.27944827509326103
-0.2126068293001615,0.32836927398666815
-0.20567265246993705,0.25988974450188856
-0.18117521188549315,0.11910022562258307
-0.11315136624886424,-0.017378532758746474
0.004803421335126387,-0.08742226872107976
0.12634230825305223,-0.0757955281330912
0.2119663722785856,-0.017119887432549174
0.222041234160918,0.01109713566064116
0.1394470182773269,-0.03059410162572198
-0.006059700923459259,-0.13784587572338713
-0.16187530974913708,-0.26734119173909054
-0.28524934292212917,-0.3507359788996515
-0.35615521816196016,-0.3409197589692803
-0.3517705737013855,-0.24708060407037064
-0.28616076460620943,-0.10663595912293959
-0.17866264764747314,0.02645576797097471
-0.04366187051225631,0.11260944367232785
0.0926444525902541,0.15923958589040813
0.1974822070176473,0.20531548282140877
0.2689669797141168,0.27497741214971777
0.30041091983932844,0.3601703972573528
0.30065723908074626,0.4115177419058113
0.2742384274315747,0.3955556072085869
0.2253051058276243,0.2909888106952257
0.15590181845127646,0.13773503881322147
0.07819724196400082,-4.926586162176302e-05
-0.0004926586228079353,-0.05968558839407136
-0.051248813577655206,-0.026283337753509838
-0.0555103085402295,0.05692670491463348
0.0033008128044466306,0.14346218387577475
0.12213007376452532,0.18060865063634263
0.2481890811475852,0.14404106783546855
0.3397250634090971,0.07163256424132024
0.35978859568468274,0.004360028564054757
0.264816318287472,-0.0262094386068483
0.10746116232405126,-0.021640029408438857
-0.0705487123397751,-0.010247298848269627
-0.2299607284476481,-0.012550478234139732
-0.32359049174593546,-0.025285702647815222
-0.3861458342719722,-0.02072861109859477
-0.429105664578062,0.025827628598587796
-0.47005787834256596,0.1123877496065794
-0.5022531663872981,0.1960658106432433
-0.4941365897135442,0.22135151329105854
-0.4203363216691337,0.1673807674944143
-0.2823303316903526,0.05555957576274925
-0.12427313214652909,-0.06118820325144396
0.006860271356870085,-0.11472787687866219
0.046334542257197936,-0.07673158174131327
-0.025729095840666377,0.015629595285719833
-0.15547073953337812,0.09472593791037576
-0.27154111701401895,0.06711241720407628
-0.3159789167563948,-0.0654004309914985
-0.2615278146966239,-0.23815118739688257
-0.14369620740053882,-0.36121730127268525
-0.0272317056366847,-0.36962943404225107
0.015099986984136246,-0.2638802781761947
-0.01624541869603585,-0.10989982404117354
-0.11391498289114907,0.0009360513938795651
-0.22339604397649515,0.007685474136202219
-0.2802981237154592,-0.06893525382376446
-0.2762459899853815,-0.13684824905328297
-0.19060961674624965,-0.12051660850004232
-0.05144587571926186,0.014841339970820853
0.0950461664211637,0.21212648653397959
0.22263242733421032,0.3462774251697068
0.29693767006894456,0.32956396954685135
0.2928855363388669,0.11948202719525312
0.21510707082763827,-0.2086409275499972
0.07743361857324363,-0.5030044603190397
-0.07148476594799716,-0.6256517909935977
-0.19935431423409142,-0.5262702237147258
-0.2628333741608622,-0.24563958926876958
-0.24914976667994904,0.10331051439435118
-0.20452722075803742,0.3746422533046926
-0.1920752769689372,0.47816214580272126
-0.2499257060327771,0.4027484259907725
-0.3559828081899124,0.20809899822498842
-0.4447106161298134,-0.013215567179857415
-0.4454742462690429,-0.17207334474912314
-0.3112740167911427,-0.21484842887567715
-0.07642366919259622,-0.13848633274496303
0.16775025985348582,0.017932772984471844
0.31273967701383026,0.2085423863564853
0.2935875934162144,0.367486389157192
0.14250149834341092,0.4493908706739789
-0.055177764067370655,0.43684038569136685
-0.17724625127306914,0.34327219545496157
-0.15969529673244828,0.1994405192201153
-0.026307969677651626,0.0740096393996157
0.14186105481877975,0.008325930314219071
0.22334678012821158,0.021048839609382714
0.1975930574247577,0.07984764836622414
0.08435547269292484,0.1118950908783266
-0.03845200597938907,0.08332089138813563
-0.07625123897513135,-0.008535310105014708
-0.013622010799377797,-0.10497323675864538
0.09988653522072326,-0.1415408263079918
0.18620032686458846,-0.08086991370894245
0.17975881551108916,0.060560062191938956
0.09005799257980872,0.20288913706635736
-0.03155478378384964,0.2575496172298058
-0.10679607337833356,0.17415481657230006
-0.07860368220928501,-0.026788312443833548
0.025790679025257023,-0.2682156587884858
0.14325280577209723,-0.43877409296358255
0.1843405423586876,-0.4669418117176551
0.13544417538942224,-0.3638899662691545
0.044031362871327834,-0.19423065806148423
-0.04692573205625408,-0.0511379631705448
-0.06357759437181032,0.0009360513938795651
-0.007032701574334952,-0.03866138408306661
0.08066052885679253,-0.12309075929688917
0.15045794726482606,-0.18813400714291467
0.16858777226819602,-0.19294974401833243
0.160200271422772,-0.14546977342347106
0.17447504508308803,-0.06090492262686869
0.24402613750123134,0.012858389939297742
0.3546279848773905,0.06330662970930594
0.45453914527378314,0.08205229330705473
0.46739752255969524,0.07950278118282203
0.35210311142577194,0.07426828810004919
0.1431296461513883,0.06075712433354561
-0.06711241720407628,0.03799629513734893
-0.18686541581030613,-0.02772436436493752
-0.16013868486394514,-0.12094768741794068
-0.03165331485465297,-0.2185433659633371
0.09753409198656958,-0.26056712916426006
0.1626635583155637,-0.1984059379153261
0.11123000193260892,-0.03641978788178715
-0.024743778384160742,0.18048547751868896
-0.16846461264748708,0.33457678880929287
-0.2353183946480746,0.35009552187807563
-0.18048547751868896,0.1970388188861504
-0.029830478234964788,-0.05079310273561507
0.14457067444993404,-0.27200913706965757
0.25272154414690007,-0.35322392471047453
0.24929758521868922,-0.2812834276750201
0.11267102348268232,-0.12237640650288792
-0.08834600636723093,0.0046433075015119354
-0.25044301693058885,0.020309851517003492
-0.29087797378506003,-0.06940328062787549
-0.1751401340288057,-0.2006968013391253
0.07195279275210818,-0.2913706122678958
0.3286771932838576,-0.2864070838476273
0.4926955479180537,-0.20112788025702366
0.49460460976918286,-0.10312576146634304
0.35571184352740803,-0.060486159671041234
0.1475143041089077,-0.10365537482928092
-0.03056946632734401,-0.21075935400785917
-0.10300260184563412,-0.3262138928941211
-0.058958919637999214,-0.3874636759559196
0.06405793713799224,-0.36800367306111426
0.1707801079954281,-0.28404233814834745
0.22534204696536464,-0.1699795367184582
0.2114613975882619,-0.06382392036170054
0.16951151666281955,0.013683593140409398
0.16452334282146455,0.06471071012163902
0.20006866702809267,0.08008165839404346
0.25812847419561014,0.06134831750683793
0.28411622042382806,0.001625773423632722
0.23122933327720138,-0.0818305992413063
0.11630438750846016,-0.147206398308663
-0.029190024587625072,-0.16706053898362636
-0.1391391124770822,-0.10365537482928092
-0.175694372567413,0.02943635395175148
-0.12785723232402335,0.1869639435068733
-0.024374284337971133,0.3036501325880035
0.08872781468837335,0.3420159268328963
0.16343949766839178,0.2960139391712658
0.17816998217074795,0.2225462088512417
0.14708322519100933,0.18083035145056342
0.07827113773642617,0.21610469749774242
0.013117035265495042,0.30760371162762457
-0.036740016392575105,0.3911216719058392
-0.06547432676392385,0.39758781518348024
-0.06304798775734483,0.2905577452742721
-0.03140698549052656,0.10613098443261589
0.01397918803993747,-0.09446728920994228
0.050657623778599066,-0.20845618137046143
0.05631087981719937,-0.20227331196892326
0.010703008846750718,-0.08111623969883267
-0.06442742949706376,0.0822247235245196
-0.13587524081037586,0.19367641952287695
-0.15911641277275448,0.21401090296402223
-0.11639059249448404,0.1275739449509757
0.000812886711816361,-0.015604961674459954
0.1290765598083483,-0.14267393530934816
0.21484842887567715,-0.2056972843940788
0.22363006750125922,-0.1899198958763902
0.15446079015273068,-0.1188908340219608
0.03964670153957225,-0.02632028732684061
-0.04383430072972118,0.04203609603417478
-0.0673094860941553,0.06931706889337924
-0.02098725642479207,0.04885941908305267
0.03589018126732166,-0.004446244094566714
0.03992998216414752,-0.06329431374723504
-0.02843871715893877,-0.11076197512849788
-0.16223247939766533,-0.11714189992317034
-0.2960878214467464,-0.08452790291038971
-0.3689643585934781,-0.013043136962392548
-0.32708835994351637,0.08668328400293673
-0.17619936075468143,0.17908140385482824
0.027145490527952267,0.24974095985324135
0.19240782819026842,0.2882545456429849
0.26561690306138663,0.3010267314398178
0.22316203394867581,0.31218543847522295
0.0977804179764598,0.33441666105695417
-0.044240744349241565,0.3634342554271143
-0.15191128477697036,0.3655403726713778
-0.20216246156181286,0.31254262162069596
-0.21334581401830455,0.18707479391398368
-0.22225061226459555,0.000517291548676088
-0.23636529866340708,-0.20372664948106756
-0.2585718758240517,-0.3550344318711471
-0.2503567984476202,-0.4110127672154876
-0.18616337222990342,-0.35923435714607543
-0.05042361037654355,-0.20893652413664335
0.11430912067130711,-0.004483193246117961
0.21537803549014264,0.2027290228109634
0.20185455576156816,0.357867224619955
0.05894660367592832,0.45574615004756486
-0.13341195391758415,0.4809456477093562
-0.27654160006897244,0.4342539391778662
-0.284436448934616,0.3358330574313581
-0.12418692716050521,0.20583276672533102
0.15425141204905315,0.0492165954800533
0.42601421638034814,-0.10172168780248232
0.5525781984537317,-0.21019279275870864
0.49428440825228437,-0.27952218436263115
0.29659279613707007,-0.30165487924779516
0.07780311093231515,-0.276590863917256
-0.03362394976766423,-0.2363776078770056
0.031308454419723235,-0.18505489515268886
0.21628944367727818,-0.1531429349718386
0.37342291232342284,-0.12688422408111624
0.4112714226643934,-0.08883866509548376
0.25296789038220735,-0.02232975196541642
-0.050571405295630444,0.0754014038498779
-0.3477184399713078,0.19440309502742145
-0.5128329894630095,0.30012761896933604
-0.4811057754616949,0.36892740395879303
-0.2933782018155921,0.3884366976957714
-0.06442742949706376,0.3276302892685251
0.08458948272074417,0.2162032386912543
0.10439435954742395,0.10055162416644094
0.03491717977288692,0.009138817553259836
-0.050706887626882635,-0.04178976667004838
-0.07971216603497194,-0.056963652800846164
-0.04718437738245138,-0.06285092561573817
-0.007660841368501388,-0.09174535361671708
-0.009951703948741555,-0.1489430096969102
-0.07566004580183902,-0.20686734803012022
-0.13290697922726044,-0.23467793762649872
-0.1142598433260788,-0.22642590561538214
0.027244021598755594,-0.17112496843035782
0.2852000790738456,-0.08963923637245362
0.5304332213488586,-0.04321847563228707
0.6364779603046165,-0.0427874000886249
0.5325762662339176,-0.09551418647680238
0.23849603433486757,-0.15480565058766044
-0.10683302126454625,-0.1525024779502627
-0.3504896596582337,-0.058330778578494204
-0.3862813166032244,0.10010822928647169
-0.23806496891391396,0.2390256544462778
-0.016984405101296982,0.29166622235148665
0.14615949429333056,0.20740927735512896
0.1611363115340493,0.01667649423969802
0.047110481610026025,-0.20181760112688313
-0.11815184930381775,-0.34099366823865035
-0.22297728776914005,-0.34902399943554613
-0.22300191969328184,-0.24604603626252616
-0.11297893603139937,-0.08982398255198938
0.01736621679667558,0.028672730560994286
0.08858001639505027,0.05685280239373576
0.07792627730149644,-0.0022046472606179718
0.013548111652716256,-0.08227398737280317
-0.05441414405084965,-0.11880462903593692
-0.09089551174299126,-0.07976142988325552
-0.10258383888980666,0.013782125054771771
-0.11736360073739115,0.08891256086790911
-0.1656195106850806,0.10664827508501049
-0.21769353083808363,0.05548567661608771
-0.24397687365294776,-0.03978218387082443
-0.21250828810664962,-0.11806563082084914
-0.11067575664552927,-0.14806854264751498
-0.01009950139850559,-0.12565257388624804
0.04927817866464394,-0.08858001639505027
0.008781639469141117,-0.07668231114455733
-0.12306612737274739,-0.10100733500848107
-0.26551834837093,-0.1556062218646303
-0.3441713079254433,-0.1963367753057477
-0.29178936847525083,-0.17869960228215817
-0.1342617890428376,-0.10329819843228029
0.04371113436053988,0.002155381514326547
0.1522561452119001,0.09742324157945917
0.14009979800944602,0.15757685677764155
0.039474271322107374,0.16942529817985094
-0.08080832715011561,0.1640553227658259
-0.12908886902194686,0.14732955792937194
-0.06988362339405742,0.12180984525373738
0.06596698549217667,0.07828345369849707
0.20433016536490314,0.026381868824313166
0.26362162272728884,-0.024595981777955755
0.21568594129038732,-0.04453633756165154
0.07295042617068472,0.0004064433559081805
-0.08426925420995622,0.09409779685087076
-0.18967356313802758,0.19818425059805
-0.21541497662788295,0.26099822157910313
-0.15786013065374446,0.2349489022890031
-0.05382295425179351,0.10844647978055688
0.05384758617593529,-0.06330662970930594
0.12830062045552024,-0.20738464543098717
0.16251576677071297,-0.2538916212798862
0.15015002796763663,-0.19729746083811153
0.09629012582963045,-0.10616793231882857
0.011478945668901666,-0.043514072218933234
-0.09450423709615495,-0.047393758860365114
-0.19765463048663978,-0.08779176782862366
-0.2793620566102924,-0.11039248276942636
-0.32609074677035693,-0.06005508750161525
-0.34476250109873563,0.08430620884464127
-0.3333451386144246,0.24922367594931913
-0.2966790146200387,0.35736224992963134
-0.2255021612207586,0.3267804676402164
-0.11687093526066596,0.15859912886883223
0.01917673745429287,-0.0834933216056005
0.15184969821814354,-0.2913952576889823
0.233815779790702,-0.3541476556081533
0.22057557393823043,-0.2719352278002875
0.10196801379237255,-0.12152655788068974
-0.07999543991107486,0.005123649424134813
-0.23754765801610225,0.02792142650654417
-0.29049614521850053,-0.06708778527993449
-0.18374934918539526,-0.19551157210463602
0.05468510533911784,-0.2954227459979734
0.3130722417321062,-0.29422805043779027
0.490035192135183,-0.21178162609904985
0.4986936981339456,-0.11703104951605993
0.3605891534647079,-0.0682332169918341
0.1371684775640709,-0.10982592152027582
-0.04592809863767756,-0.21800143663832833
-0.1201101750032305,-0.3253394258447259
-0.06442742949706376,-0.37889141543401506
0.06317115412652612,-0.3644195863805647
0.16552098298851345,-0.28550797137714556
0.21053765319363837,-0.19056035289796608
0.18845423565370262,-0.08952838596534322
0.16240491636360257,0.0005049750593807915
0.17517708866349074,0.07142318613764269
0.22509572772394676,0.10142609121583616
0.26835114111973796,0.061754757752122136
0.2611583223375524,-0.030618733549863764
0.18674224269265247,-0.13101024008667453
0.09630244179170135,-0.16803353372958874
0.022723877935747816,-0.10425887721617176
-0.0015888240611917133,0.035372887240690876
0.008104234561352541,0.15511356988484984
0.02063008002779144,0.17219650436983205
0.03771301788700984,0.056212348746396044
0.07974911392118463,-0.1472433394464033
0.15268722412979843,-0.31094147906675623
0.24811519887210456,-0.35246029457124495
0.3187501364433207,-0.23485037459243596
0.3050665289624075,0.003251546847265444
0.17378532421322854,0.2512066200759289
-0.031136024202258368,0.4127740105278766
-0.23845907970018254,0.45219901800170037
-0.37520880105689836,0.39528464254608253
-0.4036721568884513,0.32648485755662554
-0.3382224485517245,0.31254262162069596
-0.22209049800920158,0.3486421978628761
-0.11407509714654304,0.3971813681897237
-0.061077352844333556,0.40362289304016774
-0.06840564720929897,0.3356606204654209
-0.12974164875406602,0.21493463386170103
-0.20827143519092567,0.10210349612362474
-0.2716889085588696,0.02799532565320571
-0.30213520851703235,-0.014348682929686128
-0.290102034432232,-0.045632505425267575
-0.24052824230976094,-0.11258481174818606
-0.16901885118609436,-0.22757133732728174
-0.09087087981884948,-0.3603181888022035
-0.010468995444695203,-0.4345495222675676
0.03771301788700984,-0.41040926482859674
0.05762874174656384,-0.2739181989207868
0.06261690883944647,-0.06775287422565217
0.0646491235628122,0.1130528385522971
0.08615367738847124,0.20530316011086552
0.12714286603307737,0.18261622668709418
0.17532488020834147,0.08888792894376732
0.1990217630127602,-0.009779273731276688
0.18339216603992228,-0.07522897363241303
0.1162920647979169,-0.09229959215532436
0.009495994793819509,-0.07880074435089167
-0.11405046522240125,-0.06702620546958003
-0.2208095974629945,-0.08103002796433642
-0.28388221039600875,-0.10465300824785743
-0.3018888892756145,-0.10794150509023318
-0.27752690402853336,-0.06914463867591437
-0.21279157547969726,0.006121283264490861
-0.12173594948131203,0.100071281400259
-0.030212289930343382,0.16993027287017465
0.043156895821932606,0.1939966480336649
0.057456311529098976,0.16329169262659632
0.009545260329221173,0.08664633611672405
-0.09890121776421762,-0.012107085884847624
-0.23933354674957777,-0.1043081478129277
-0.33598084897620883,-0.1799928255389085
-0.34520590272717727,-0.2080620435903034
-0.24895271128681476,-0.17130971460989358
-0.07519201899772798,-0.07775384708403157
0.11676009835050029,0.06189024008337432
0.24610760932440826,0.17797292677761367
0.26422512511417967,0.21920845490905477
0.16669104662455483,0.1799066070559399
-0.009643792243583544,0.08467570120371279
-0.18186493275535262,-0.0002709622372721204
-0.2840669565755445,-0.000973000756320574
-0.30007835512105246,0.0971522769169548
-0.22776839272041602,0.23642687172528917
-0.1072641001824446,0.3279628539868011
0.024226487731766142,0.28800822640156704
0.13360902280766318,0.08749617124197749
0.21268072507258687,-0.18232064359739275
0.2657031215443552,-0.4033765468048604
0.296876070013173,-0.4517309979460617
0.3196122672852279,-0.2784752803472987
0.3435185416902689,0.026381868824313166
0.36368060166242167,0.3016056153995116
0.37148923204509665,0.40131972040277
0.3770809082733425,0.2829215248636449
0.3599363872295334,0.017748026804936087
0.2999675182108868,-0.25828860194794884
0.22108054862855414,-0.40162761270606995
0.13188470713606978,-0.36008417877438414
0.0730982244640078,-0.18585546642965872
0.060818704143900074,0.006786372631988067
0.10582307188389883,0.10342135805298922
0.18745660898359848,0.0768424253999513
0.27051885841977297,-0.040668970256526736
0.31206229235145877,-0.15811878610265032
0.29352599336044277,-0.18565839753957972
0.23611895242809974,-0.12312770043462949
0.166986643211201,-0.02175087812843117
0.11588561780416033,0.04847760738767407
0.09281688280771896,0.03686317938752021
0.08201534542084206,-0.037873132142403815
0.039917662827840435,-0.13162606518410866
-0.023105689631126414,-0.18680382925147931
-0.10680838934040446,-0.19835667406704252
-0.15747832908107443,-0.18477160777964122
-0.12722908451604598,-0.1580571995438235
-0.03109907631604569,-0.13524710649934324
0.11471555416811893,-0.10056394012851183
0.22507108230286024,-0.024669880924617294
0.2333970235833469,0.09525554452484125
0.1325621187923307,0.22845811359027549
-0.027970693729063925,0.31642231838483637
-0.14822865690290896,0.30599025986008627
-0.15093829003100798,0.1835646030058595
-0.010358147568261937,0.008399829460880612
0.22195502917489413,-0.15548306224392136
0.4378872897066993,-0.20966318614424315
0.5328103032556264,-0.1563575292933166
0.4737528559210601,-0.05963632454578779
0.29486850745936616,0.01251352866080896
0.07244545148036101,0.005111333040284397
-0.07505654341494816,-0.07440377043130138
-0.09603148387766934,-0.16613680808594755
0.00023401284846989126,-0.19517902088330483
0.13737785566774846,-0.11849670973874749
0.21477451960630706,0.04867467290351691
0.18001745746305028,0.21717623343721668
0.04057043581148723,0.291198202295848
-0.13161375597051012,0.21340740057713137
-0.2684620050237931,0.015186202092868679
-0.30886000724357926,-0.21683137300228694
-0.24809055345101805,-0.3660453473617015
-0.13225419949514128,-0.37485161791142535
-0.027761312251150198,-0.2546921790599113
0.026283337753509838,-0.04988168442577098
0.006946486465602518,0.13290697922726044
-0.053958436583045694,0.22637662827015384
-0.10329819843228029,0.22656138794663433
-0.08674486381329119,0.15586486381659143
-0.011109451622712053,0.07573394832273674
0.11148864388457003,0.04679025309923808
0.21918382298491298,0.07596795835055607
0.269841446763512,0.1500515002710695
0.24332408042388387,0.21077167671840244
0.1416886178528425,0.22062485128345874
0.013535795690645364,0.1721472405215485
-0.09024273875934448,0.07056102830184599
-0.1321679945091174,-0.03406734464763348
-0.11003529962395336,-0.10418498144374641
-0.03976986790875354,-0.11746212843395828
0.03542215446321063,-0.08612904546432945
0.07793859326356734,-0.034153559756365914
0.08386281396467202,0.019004305549709912
0.04459792074624219,0.05191390252337289
-0.031591735044298505,0.08301297883941858
-0.10567527359057574,0.13097329894893422
-0.1521083536670494,0.19340545486037258
-0.1682921891784946,0.2710730969583803
-0.13458201755362556,0.32500688812033945
-0.06820858506769231,0.30809637710434973
0.013375681435251389,0.20759402353466472
0.07787701345321288,0.04683951694752165
0.09396231451961856,-0.11273261004150914
0.0325031533541426,-0.20367738563278398
-0.09362977004675972,-0.18132300343034388
-0.23908722750815992,-0.0521602318874993
-0.34875303477304176,0.11533137926555305
-0.37169859665182947,0.22489865883386775
-0.29878513186430217,0.21215111845812137
-0.15289660223347598,0.0765591515238484
-0.0036826232344866583,-0.11376719134629835
0.07710107410038479,-0.2685851511475573
0.0692554823345524,-0.2868012216277853
-0.016183835511445203,-0.1376118656955678
-0.11950665911939491,0.12439630526418276
-0.16617374922368788,0.4029454813839068
-0.13881888396629424,0.5939861770480548
-0.051014800175599694,0.6192842024064132
0.0309635939847935,0.47353112811294984
0.03731889022956035,0.20013024008997476
-0.04903184930051754,-0.11448154414029961
-0.19565936364948674,-0.3752457556915834
-0.3194644757403772,-0.5098277597482642
-0.36130351975565383,-0.5101972521073358
-0.3279874724139981,-0.39381898232339496
-0.22507108230286024,-0.21019279275870864
-0.12278283999969974,-0.019238318951765428
-0.07942888541039668,0.11477714072694577
-0.09934461264418687,0.16375972617917972
-0.15239162754315227,0.13331342622101702
-0.15244089139143585,0.07997080798693307
-0.05945157836625203,0.02335201899525282
0.0972508113619943,-0.014570378682552659
0.2591630689973441,-0.03976986790875354
0.349664456457122,-0.0921148459757886
0.3103133582526683,-0.1990217630127602
0.1779606040670704,-0.36066306273407794
0.018585545968118636,-0.5091133934573182
-0.09908596394375338,-0.5690453348351693
-0.1384740235313645,-0.51496372513447
-0.11207983705786236,-0.31607744445296193
-0.04297214626816066,-0.05695133683877527
0.012710592489533707,0.14175020441166936
0.03661685002339381,0.1930729171359861
0.04311994456148374,0.07302432194311007
0.07112758955099653,-0.14032148532672212
0.14399179049024025,-0.32345500941468325
0.24446951213578347,-0.3658852466032523
0.3124317847105303,-0.24382905511420758
0.2981446748427263,-0.006281397519884835
0.1797095516628056,0.24508535073016233
-0.01969402810668747,0.4115177419058113
-0.22464001688190663,0.45509338381239045
-0.36021966110563636,0.4043618777583108
-0.3960359364778241,0.34468859182936556
-0.3361655951557446,0.32117645520448257
-0.21332118209416276,0.3601703972573528
-0.10696850359579843,0.4029577905975053
-0.05154440679006519,0.4002358617527525
-0.05849089283388818,0.3315346044598626
-0.12625608977008362,0.21828471051443124
-0.20589435328415784,0.11247396134107567
-0.27241558406341415,0.04459792074624219
-0.303662441801602,0.001219330120446982
-0.29037299909473635,-0.043156895821932606
-0.2501104522123129,-0.11945739527111134
-0.18329363834335513,-0.23204220027082503
-0.09372830449179924,-0.35003394881619354
-0.023388968568583593,-0.41465845395180867
0.027970693729063925,-0.4039677399781527
0.047812518441956386,-0.30990691125891173
0.04818201417526409,-0.16016331678808693
0.03949890324624916,-0.012722908451604599
0.02414027262303371,0.10101965097055196
0.0002832787002061967,0.14787148725438068
-0.031209923348919907,0.14358535699342842
-0.09439339343751692,0.11666155715698841
-0.1763101976648471,0.09924607819914735
-0.2463416193522276,0.10994908788945712
-0.2753715229359863,0.15802024490913844
-0.23072435858687765,0.21951636070929945
-0.1154545523832067,0.2620574348080341
0.04489351733288836,0.24083616160695037
0.19802413634265603,0.1442258140150043
0.2940309680507665,-0.022415967074148852
0.3084166056151377,-0.21178162609904985
0.24871870125899542,-0.3680898915440829
0.1507288984303857,-0.4260758164361197
0.0494752408062506,-0.3666858043832774
-0.02820470544400135,-0.22106823941495563
-0.0631957860506679,-0.05642172685007359
-0.06096650243722315,0.057148398980381925
-0.033845647207648856,0.06468607819749725
0.014939872728742271,-0.00799338584136023
0.06724789953532846,-0.11010920214485109
0.09257055681782873,-0.18686541581030613
0.08287749650816639,-0.20994647351729076
0.0317395299633854,-0.17983271128351452
-0.03393186231638129,-0.1293721563949945
-0.06377465651341697,-0.09861793713964234
-0.043156895821932606,-0.1022759263410896
0.03651831895259048,-0.12135413441169725
0.11044174661770993,-0.12004858844440366
0.13114572241792674,-0.09433180687869008
0.06733411801829708,-0.0494752408062506
-0.05737009304613036,-0.025618248807792156
-0.17669201273446186,-0.0544634112733694
-0.21647418985681394,-0.13136742323214753
-0.11981457841658433,-0.20907200646789553
0.08898646338880684,-0.22606872246990914
0.33008128044466306,-0.14498943065728914
0.4986813889203471,0.02040838258780682
0.511416566094716,0.18840497180541904
0.3624735698947505,0.26939804513507043
0.12883022706998573,0.21802606856247012
-0.10233751289991644,0.025581299234461386
-0.21992280770305603,-0.21054997590418162
-0.1799681936147667,-0.3726592821841933
-0.019299900449237982,-0.37007283567069266
0.19936662344768993,-0.1872964947282045
0.3644811594424468,0.07392342766511945
0.41887066144644614,0.292245079317291
0.3494920194911848,0.36180849444597757
0.18668066963077037,0.2655922576403001
-0.0006404561780168517,0.05358894084973799
-0.1396563963810044,-0.17791134021878685
-0.1737114284408032,-0.31618830835701706
-0.12046734465175875,-0.3170997300410973
-0.0014163935273922039,-0.2083945948116346
0.09813759437346042,-0.05942694644211024
0.14344987466217624,0.05579358916480477
0.117265073040824,0.09190546787211105
0.0403364257836679,0.04881015186053291
-0.018006672131133387,-0.037540587669544975
-0.043095312637341954,-0.13316562117922157
-0.028980643109711345,-0.22172100565013006
-0.012353414405414986,-0.2844857127828996
-0.038809182376389695,-0.3312759760048462
-0.11581172203173497,-0.3465114351975261
-0.22684466182273724,-0.33385011330474834
-0.29000350673566483,-0.2905946729150677
-0.2318328356640922,-0.2299607284476481
-0.054660473414976055,-0.18039927253266508
0.17548499446373544,-0.14400411320078352
0.3512039989552902,-0.1377227161026782
0.37791842068805265,-0.1366635028737472
0.21600616980117526,-0.12942142024327805
-0.03221987272956733,-0.07526592151862571
-0.2504676353577859,0.0330204440065372
-0.3319164330264221,0.149521893656604
-0.25108347395216474,0.23546618619292534
-0.08255726799737845,0.25209342333281215
0.046075896931000636,0.2029507236251842
0.03990534686576955,0.1299387041472003
-0.11720348648199717,0.08670791592707851
-0.3263986390736569,0.11327452586957316
-0.4548717099920591,0.1991079814957288
-0.4098919809246745,0.30874914333952413
-0.20327093863902743,0.37565220268534
0.07531518536690929,0.34252090152322
0.29228203395197605,0.19537608977338383
0.36328646388226365,-0.005690206877269646
0.31761701394501957,-0.19224771393487444
0.24375517283872694,-0.2825027686562898
0.22922174372950507,-0.2573156072019865
0.2944743696792081,-0.1340893655738451
0.38194590899704384,0.016072986791452894
0.39900421155788424,0.11418594755365344
0.28161599239329604,0.10913620065041635
0.015641911247790723,-0.005394611977741576
-0.29948716194776015,-0.17505392904278183
-0.5205307829355187,-0.32712531457820143
-0.5730728231441604,-0.38412593551067736
-0.4745903683357703,-0.3208192990528991
-0.2888826934509623,-0.17812071832246437
-0.11890315673250405,-0.0014902923577191024
-0.03959743769128867,0.12301685002751908
-0.04554629031653514,0.14216896061902445
-0.07503190474233401,0.040644334958148766
-0.06280165501898223,-0.14306805959256147
-0.00016011404450421292,-0.32051137975570965
0.10117976522594593,-0.4332439897972188
0.1744996770072298,-0.44775277348535414
0.18282561828771648,-0.36528174421636145
0.130997930873076,-0.22997303766124663
0.041703551561315944,-0.07547529962230326
-0.034929495734957815,0.045891150751464875
-0.05286226871942966,0.13279612882015004
-0.03031082100114671,0.19230928699675653
0.019669394495427595,0.20981099118603858
0.09056296727013242,0.2045518526821792
0.15845132382703678,0.16681420624526377
0.23076128622767322,0.09720154751371073
0.3022460724210875,0.022021839416699364
0.35147496361779457,-0.04154343730592197
0.33201496072298925,-0.05739473171874451
0.23524448537870452,-0.01475512486208842
0.07552456347058682,0.06238289881162714
-0.07435449983454544,0.11868145591828325
-0.15363558695161902,0.1186937786288265
-0.13177385672895936,0.04371113436053988
-0.03992998216414752,-0.07883769223710435
0.04805884780608279,-0.15910410355915594
0.07861599817135591,-0.15251478716386122
0.016196151473516097,-0.013905289736834976
-0.11014615003106377,0.1995513696272257
-0.23303984043787393,0.40899286845419275
-0.29102576532991076,0.5204445644525502
-0.2581161649820116,0.49190732634551654
-0.17961101046929373,0.3430997854829138
-0.10225129441694782,0.13527173842348503
-0.06440279757292197,-0.024127954973844724
-0.06091723858893958,-0.08317309309481255
-0.04670403799050564,-0.037466688522883436
0.004002851323495084,0.05974717495289819
0.10090880056344156,0.15382033313115479
0.1969526004031818,0.19822119173579034
0.24866943741071185,0.1909298452570376
0.21883896254998325,0.18505489515268886
0.15135704623836307,0.20899809719852544
0.09196704768246551,0.28689974932435247
0.08886329701962555,0.38417519935896094
0.13843706889667945,0.43866322905952737
0.19622592489863727,0.40613545727818773
0.2055741247733699,0.2647177905909049
0.1252461403894362,0.07127538784431961
-0.02960878416921635,-0.11756065613052542
-0.16453566553200782,-0.21647418985681394
-0.2130502174316584,-0.19490806971774519
-0.13173691559121906,-0.06735874994243887
0.043230794968594145,0.10971507111316542
0.20522926433844016,0.271565735441216
0.27290824954013937,0.3737431408342108
0.21284083932798084,0.39321547993650413
0.07739667068703095,0.3690259316553602
-0.06329431374723504,0.31665632841265573
-0.14694774285975715,0.25380540279691755
-0.16483126211865398,0.18214820663145553
-0.14285868148888392,0.08266811840448884
-0.13014809574782257,-0.059168297741676756
-0.14736651256405697,-0.2413534455108726
-0.159485905131826,-0.41295875670741233
-0.14708322519100933,-0.5265781700058048
-0.09093246637767631,-0.543513326442881
-0.009335880538425535,-0.42496731236501567
0.03708487682750484,-0.1975930574247577
-0.00833824711984901,0.07662073133420286
-0.14944799788417865,0.3146364296513609
-0.34255785615790507,0.43777645279653365
-0.4807485923162219,0.42749218581663423
-0.4984719703258353,0.3028249293868918
-0.3883504792128028,0.12168667213608371
-0.21486073808927567,-0.06453827990417416
-0.0860920908296444,-0.1852642732563664
-0.05321944849066647,-0.20654711951933227
-0.1340893655738451,-0.14714481174983618
-0.24310240660355253,-0.03938805621337494
-0.2894615774106561,0.06407025310006313
-0.23252255653395168,0.11896474329133089
-0.08252032011116577,0.12269663501367586
0.09407316492672897,0.07877611242674988
0.2137276290879193,0.019595497035884146
0.23759692186438583,-0.012575111001840562
0.1671836986043353,-0.020876409391917847
0.07127538784431961,0.01529705081286099
-0.0036703068506362423,0.0689968403825913
-0.03659221809925202,0.10871743769458889
-0.044240744349241565,0.13355974546243488
-0.0833701552364192,0.12942142024327805
-0.15405434315897412,0.11641522441862583
-0.23450550066056147,0.12682265101923415
-0.27560553296380563,0.15614815118963904
-0.23586032397308337,0.2156982640009306
-0.11284345370014719,0.2588305312729576
0.05027581208322047,0.24226486719495288
0.20731074965856183,0.1441395955320357
0.29369843032638004,-0.021800143663832833
0.3003862744182419,-0.21951636070929945
0.23725207492640082,-0.3784480407994629
0.1391391124770822,-0.43234487732673704
0.04180208263211927,-0.36515857109870775
-0.02976889842461032,-0.21580910091109626
-0.06434121776256752,-0.0511379631705448
-0.06177938967626392,0.05560884298526901
-0.032786430604481685,0.06257996095323379
0.01612225401397265,-0.00775937328286376
0.06139758135512151,-0.11015846599313467
0.08674486381329119,-0.18349070723343416
0.07352929663343377,-0.21045144820761447
0.026049324351454326,-0.1958071686912822
-0.03128382249558145,-0.14654130936294532
-0.0705363963777042,-0.10647584486754562
-0.07669462710662822,-0.061754757752122136
-0.06835638336101539,-0.0006035068155758427
-0.07770458323574801,0.08546395651861177
-0.12922435135319904,0.18934102541364112
-0.19351630526748298,0.26186037941489987
-0.21906064986725932,0.2633876126994695
-0.1459747481137948,0.15877155233782475
0.023376650919394608,-0.03473243359335116
0.22892613364591416,-0.2386438258797183
0.38476639253225325,-0.37120595816899377
0.43399528372896035,-0.3954078156637362
0.3664764397765446,-0.32469896882315
0.2301824292618689,-0.21197868149218413
0.1069069170369716,-0.1422428563914498
0.05989497324622127,-0.1554953714575199
0.10489933423774767,-0.26231609025693997
0.1929374348047339,-0.40534718171787165
0.24562728005517107,-0.5068102208199206
0.21188015379561698,-0.5049504498109644
0.10217739864452247,-0.39443479392388436
-0.02384467772350564,-0.22870443283169337
-0.08181827653076303,-0.07596795835055607
-0.03320519018607296,0.004027484091195916
0.08631379164386521,-0.02059313045446067
0.21466366919919666,-0.09681973244409595
0.25931086054219477,-0.15513820180899163
0.2016944415061742,-0.14390558550421637
0.055522624502300395,-0.022883992191141792
-0.1121537328302877,0.1712481415480115
-0.22615494095287775,0.36789280915705913
-0.25025827075105306,0.49131610617833477
-0.19579484598073893,0.4985458795952054
-0.12098464205262573,0.39203309358991945
-0.06276470713276955,0.20181760112688313
-0.039683652800021105,0.00370725600218749
-0.03343920358812847,-0.13466823603659417
-0.0017612545949912226,-0.18692698887218823
0.08125172203008486,-0.14420118209086255
0.1994897965653436,-0.038107145544459334
0.2959769845365807,0.08107929181262
0.32551186281066313,0.18432821964814433
0.26136771393817465,0.2575865448706014
0.11529443812781273,0.27633220846835016
-0.06450133201796149,0.25745108953323864
-0.20970014077892818,0.2077295058659169
-0.27671403703490965,0.13670044401148754
-0.24896502050041328,0.092496654296931
-0.15988004291198404,0.07646061707880888
-0.04557092224067693,0.08487276334531944
0.05634782770341205,0.12056588584527063
0.12222860146109248,0.13491456877495675
0.14129449356962923,0.09908596394375338
0.08797651400815942,-0.0010222666080568793
-0.022908625802401668,-0.13376913706305715
-0.18257928554935388,-0.23975230295693284
-0.3427426023374408,-0.27056812226805654
-0.4459545755382801,-0.1905480301874228
-0.440510690854885,-0.014410264427158684
-0.29385855807871875,0.18926712964121575
-0.04566945331148026,0.33154694066735063
0.23668552717419503,0.3489008263178925
0.44485840767466406,0.2522042602429778
0.5066993839097549,0.12130487056341367
0.3926981960325819,0.02900527503385313
0.15893166659321872,0.019928041508742986
-0.0868557142204016,0.09270603240060855
-0.25230278793954497,0.17353899147486596
-0.28688744011075396,0.20152200454023697
-0.2149838977099846,0.13970567372623274
-0.11586098588001854,0.018905774478906585
-0.06744496167693512,-0.07743361857324363
-0.09635170563998492,-0.07543835173609058
-0.19977307044144652,0.052049381480388894
-0.2983786848705456,0.2537191843139489
-0.3284801378907233,0.41962198237207715
-0.28268751483582555,0.4693435660393989
-0.14468152485704447,0.3801600202635683
0.008941753724535092,0.20798814781787803
0.09721386347578162,0.0507438388873315
0.09183156535121333,0.006269080714254896
-0.011318831413507691,0.07456388468669535
-0.16000320253269296,0.22015681773087534
-0.28293383407724343,0.3352049096233808
-0.3504773504446352,0.3348970173200808
-0.3424593284613379,0.21242208312062574
-0.2814928192756424,-0.0022662296016495737
-0.20680577496823813,-0.2182724013008327
-0.1481547611304836,-0.3562045090041332
-0.13248822301990534,-0.3937943369023085
-0.15175117052157638,-0.35572415274100655
-0.17608851034757103,-0.2989206141955543
-0.16697432050065775,-0.2605178653159765
-0.10496092079657449,-0.24109481705585623
-0.006010434966278073,-0.22018144965501713
0.10997371981359891,-0.18452528853822336
0.19032634287014674,-0.1294090975327348
0.20185455576156816,-0.07046250060527885
0.12126791592872863,-0.03928952514257162
-0.02352444921271769,-0.025938475631462014
-0.17974649280054592,-0.01831458467985044
-0.290102034432232,0.005135966229764752
-0.3011129499227864,0.06686609121418605
-0.21580910091109626,0.15986772020144077
-0.07432986791040365,0.2542734228525562
0.05066993974066996,0.2924791163389998
0.08728679313829994,0.2537314935275475
0.02012510365034964,0.14019832570601318
-0.11976531456830077,0.0045324592032991474
-0.2687206334788095,-0.10058857205265362
-0.3450088203401535,-0.12562794196210625
-0.3261400106186405,-0.06350369859938496
-0.22412271948103965,0.05998118498071752
-0.10143840717790706,0.22355615823188912
-0.04055811984941633,0.3633973007924293
-0.05728388131163411,0.4576675211122926
-0.135628921568958,0.47087077233007907
-0.20403456877825699,0.39893030228851417
-0.20444101577201354,0.2550986260536679
-0.11995006074783651,0.05142124379512007
0.03788544810447471,-0.14510028106439957
0.1716792069689651,-0.2561085754343153
0.22015681773087534,-0.25790677338138934
0.15129545967953625,-0.1387203562697271
0.0071435498725477406,0.04839139227894164
-0.12112012438387791,0.20883798294313147
-0.14551903727175464,0.26243923638070416
-0.022391333462888977,0.1623063751700907
0.22651212409835075,-0.051248813577655206
0.49430902667948146,-0.2657400491851508
0.673636776769617,-0.387057228962163
0.707802618745692,-0.36822537387533505
0.5885669377857462,-0.2236793313495428
0.3509330612866753,0.01333873186192062
0.08335783927434831,0.25316494577534165
-0.10711630188912152,0.39252575906664466
-0.18904542882699496,0.3949274594006095
-0.15492882370531408,0.276590863917256
-0.060375316012403195,0.09614232753630737
0.032158289544976675,-0.09286614665600253
0.09098173022595989,-0.23577410549011474
0.0955757730356292,-0.30435218966535094
0.07376331340972547,-0.3257458728384825
0.05935304392121252,-0.302578610145474
0.0757955281330912,-0.2598650990808021
0.11634132864620046,-0.23683331871904573
0.17541109869131008,-0.2235684809424324
0.21658504026392433,-0.21843251555622667
0.22381481368079498,-0.2274728096307146
0.18760440052844918,-0.23076128622767322
0.12748773996495183,-0.22056326472463192
0.0657822393126409,-0.19435381768219315
0.03362394976766423,-0.16900654197249584
0.04373576965891785,-0.16783647833645446
0.08224935544866138,-0.18505489515268886
0.11460471725795326,-0.2105746078283234
0.11506041460304867,-0.22101897556667205
0.07086894085056304,-0.18112593454026485
-0.02614785542225765,-0.09576051921516496
-0.12238871571648645,0.00625676433040448
-0.19079436292578542,0.09972642096532927
-0.21231123271351535,0.1472679713705451
-0.17674127658274544,0.15617278311378083
-0.1008225888289453,0.14407800897320888
-0.021664663019698736,0.15056878417499173
0.0438096688055794,0.20478587620694327
0.10310112954220127,0.28187462084831244
0.1557170722717407,0.33956496265064784
0.2245784303230798,0.32116414599088405
0.2892891404447188,0.19155799306501498
0.3255365082317497,-0.007389879236674148
0.294769979762799,-0.20628847756737115
0.1864343368924078,-0.3310419659770269
0.05123649761558431,-0.3318671691781386
-0.06446437738327644,-0.22090812515956165
-0.08180596056869215,-0.09156060068870896
0.00987780564563906,0.011799174179689615
0.15888240274493515,0.05042361037654355
0.2904591905838155,0.04546007520780271
0.31495665816214885,0.05495607000162222
0.1954499855458092,0.11414900641591313
-0.03470779829497319,0.2311554240078313
-0.2759504068956801,0.3383086670346931
-0.41177639735471716,0.3687549669928558
-0.39559256184327196,0.25942169745236043
-0.2223491534581074,0.03811946150653023
0.005369978788261221,-0.23246095647818013
0.16617374922368788,-0.44179160489803676
0.19161956612689707,-0.5054923791359731
0.09159755532339399,-0.4523098819057555
-0.07750751434566898,-0.3120746015650573
-0.22046473702806477,-0.16899421926195257
-0.26810482187832013,-0.06266617268773005
-0.22145005448457042,-0.006872587740720501
-0.13976724678811484,0.03919099407176829
-0.09317405920471959,0.10104428289469375
-0.1112546338567507,0.18714868968640905
-0.16906811503437794,0.266589897807349
-0.19755610279007266,0.26591248615108803
-0.14696006557030042,0.1637843581033215
0.010333514800561105,-0.03143162078890453
0.21513170275178004,-0.2478442342096002
0.3761079135273801,-0.3793594624835432
0.42949977536433054,-0.40820461988776613
0.3597639502635962,-0.33833331245577963
0.22000902618602464,-0.2248617041991827
0.0949476319761242,-0.14794538302680604
0.05212328062705043,-0.1578970852884295
0.10076100227011849,-0.2659494407857731
0.19083131756047045,-0.39959540473117655
0.2332492320384962,-0.5147912881685327
0.19487111508306013,-0.5248046174798172
0.0851806758940365,-0.41207198044441856
-0.030667997398147337,-0.2341483175150885
-0.0741081738446552,-0.055387145545284386
-0.024719146460018958,0.02534728583240587
0.09472593791037576,-0.011331148219137631
0.19668163574067743,-0.12140339825998081
0.23269499349988892,-0.20531548282140877
0.18689004773444792,-0.16617374922368788
0.08327162079137969,0.02022363640827106
-0.06330662970930594,0.25892905896952473
-0.19596728294667617,0.40551961868380887
-0.31170510920598576,0.36078620885784213
-0.3872912659838718,0.13634327436295926
-0.389224946262198,-0.1464550908799767
-0.30090355832216414,-0.33669521526715485
-0.12818977004840984,-0.3556379342580379
0.06333126838192009,-0.2255760704901287
0.21098105482207996,-0.04166660367510326
0.2156243547315605,0.08367806778513626
0.061754757752122136,0.12187143181256421
-0.2010539844845983,0.08086991370894245
-0.4436021390525988,0.009003336065566693
-0.5305317490454258,-0.03778691703367138
-0.42516439475203943,-0.0508793178443475
-0.19372568337116053,-0.03898161259385456
0.02904222629430199,-0.03017533866989452
0.10403718315042332,-0.042688869017821575
0.01958317938669516,-0.06085565877858512
-0.1328700245925754,-0.05500533384990579
-0.2101558516209683,-0.002155381514326547
-0.13477908644370457,0.13365828665594676
0.04706121438750627,0.317949551669406
0.24041740539959527,0.48233739866267367
0.31461178423027436,0.5603375919820126
0.23520753074401948,0.5004303230191375
0.05430329701797543,0.30320675795345137
-0.12443324640192306,0.03394417827845218
-0.18314584679850443,-0.16198614665930275
-0.08020482476322477,-0.20224868004478147
0.12258578460656547,-0.09174535361671708
0.30235690933125314,0.10374158656377716
0.35978859568468274,0.26998923830836274
0.2927623902151027,0.3044630265755166
0.14231675216387515,0.2141710172194162
0.007599259027469786,0.06191487200751611
-0.05159367401258494,-0.07548761558437415
-0.0427874000886249,-0.1283745162279456
-0.020075838114947977,-0.09204094345489088
-0.04834212505642188,-0.034720117631280266
-0.13856024201433312,-0.02538423540573664
-0.24494986839891011,-0.11078660705263967
-0.3172844762206331,-0.27506363063268635
-0.2996103350654138,-0.4389711483567168
-0.206189949870804,-0.5213682953502289
-0.10374158656377716,-0.47930755052073143
-0.04901953333844664,-0.34181887143976203
-0.07006836957359318,-0.15221919057721506
-0.14227981102613485,0.01256279503976967
-0.20302461939760957,0.09245970641071834
-0.19782706745257703,0.09280456684564807
-0.12394059442214261,0.036764648316716886
-0.034744749555422054,-0.025113272430350355
0.017920457022400953,-0.06193950393165789
0.003818104300400278,-0.06553591332275069
-0.045201426507369226,-0.042898250495735306
-0.07888696283386029,-0.01421320059843394
-0.051322712724316745,-0.00023401284846989126
0.03592712915353434,0.010407413103663601
0.11712959070957181,0.027280971172086364
0.1294090975327348,0.05664342429005821
0.035730067011927685,0.11938349949868597
-0.11275724196565093,0.18185261004480938
-0.2393705013842628,0.21856799788747885
-0.25480304296396644,0.21410943066058938
-0.10801540086265853,0.15118460927242586
0.12964312105749887,0.051224178279277235
0.339306307201742,-0.059759490914969085
0.4039431215509557,-0.12509833534764075
0.29516409054906756,-0.12043040351401844
0.07899780649249832,-0.04713511353416781
-0.13609694162459668,0.054869854892889786
-0.22355615823188912,0.13189702984661303
-0.15301976185418492,0.14482931640189517
0.018240685533188902,0.08701582847579557
0.1899198958763902,0.011134084390412885
0.2596433982665812,-0.017674127658274544
0.19049876633913926,0.03350078677271912
0.028524932267671204,0.15023624645060527
-0.14146691703862171,0.2452084968539265
-0.22531741504122285,0.22959123608857657
-0.19423065806148423,0.062136566073264544
-0.07127538784431961,-0.23574946006902822
0.07194047679003729,-0.527514210117082
0.17363753266837784,-0.6789328159203825
0.21440502724723554,-0.6161312081407068
0.22145005448457042,-0.33457678880929287
0.23106920552486265,0.05723461746335054
0.24889113822493264,0.35678336596993754
0.2671810909806413,0.440867874000358
0.2845473128386712,0.2842024389067967
0.2517731948220242,-0.034744749555422054
0.16951151666281955,-0.33386242251834686
0.05661879236591643,-0.48425876972740134
-0.05964864050785868,-0.4317167565126491
-0.14521113147150996,-0.216708213381578
-0.1773447789696363,0.060326045415647254
-0.166629460065728,0.26550603915733145
-0.11263407559646964,0.35859390012449954
-0.03912941088717764,0.34626511595610826
0.04676561780086011,0.27746533096665127
0.14273552186817498,0.2131610678387688
0.20907200646789553,0.16786111026059622
0.23142638867033566,0.150581106885535
0.21510707082763827,0.11951898182993817
0.15788477607483098,0.06868892783387423
0.09025506146988774,0.024337336451758455
0.04797263269735036,0.007907170732627795
0.03871065130558637,0.03223218869163822
0.05047287422482712,0.08000776262161811
0.052184863811641086,0.11621816902549154
-0.006453827737349703,0.11831196355921172
-0.1219330048744463,0.08323467290516702
-0.2838329465477252,0.04592809863767756
-0.4204964494214724,0.03724499108289881
-0.45745815650555977,0.09109258063307028
-0.37055316493992985,0.197629998562498
-0.16164128622437302,0.29257764403556696
0.06493240418738747,0.3450211565476415
0.2242089379640083,0.3117913276889544
0.23626674397295047,0.20908431568149408
0.08587039676389596,0.08280359398726866
-0.16096388806505682,0.0030791164189108156
-0.39751393290799963,-0.010973970978577958
-0.5233019756285551,0.052591307431161465
-0.4976590763383222,0.16893264620007048
-0.34561232272704434,0.28431327581696236
-0.1361831601075653,0.3618331128731746
0.028734313745584935,0.34328453166244954
0.10397560334006886,0.23283044883725165
0.08396134166123917,0.03341457166398669
0.012907655474699405,-0.21105495059450533
-0.03219524080542554,-0.4322709950512564
-0.027712046715748534,-0.5606208658581154
0.032749482718269,-0.5437842911053853
0.10786760256933545,-0.3959004541465719
0.16260197175673685,-0.15519977487087372
0.16869862267530641,0.08019250880115388
0.12092305549379889,0.21073472208371738
0.07153402979628073,0.2045149115444389
0.05206170081669597,0.06817163718147963
0.06548664947446711,-0.11195667068868106
0.10722714554775956,-0.22941879912263935
0.1334242631311827,-0.2046257619515493
0.11793016198654169,-0.04798494865942125
0.059476210290393815,0.16938834354516588
-0.017353899147486595,0.36169763054192244
-0.08255726799737845,0.43911893990156753
-0.11279418985186361,0.3970458858584715
-0.08843222485019955,0.2556159099575901
-0.04105077857766915,0.08212618907948009
0.00459404154433075,-0.06382392036170054
0.020506915345728238,-0.16293452297806807
0.0019706344912317412,-0.2011155575464804
-0.03586554596894369,-0.2156982640009306
-0.07416975365500968,-0.2178043677482493
-0.09184388131328422,-0.21130128333286793
-0.09653645856799305,-0.19519134359384807
-0.08073443137769026,-0.15923958589040813
-0.04665477076798589,-0.10391401678124203
-0.013424946970653053,-0.05227107892037352
0.022206587283353216,-0.009668425011284376
0.04150648941970929,0.00741451200437498
0.04876088801224934,0.001847469809168537
0.03103749313145504,-0.011491262474531605
0.00837519669317978,-0.01761254616080199
-0.004667940269212767,-0.008313614352148179
0.009914754375410784,0.008707741166038622
0.060560062191938956,0.044807302224155916
0.11781931157943128,0.08462643060695685
0.167688673294659,0.11256017982404427
0.1607668191749778,0.10688228511282982
0.0878902955251908,0.04691341609418319
-0.02592615966939112,-0.06512946632899412
-0.14035843996140715,-0.2173486704031539
-0.20977403655135354,-0.3580396615858923
-0.22791618426526675,-0.4435405389968272
-0.20281524129393202,-0.43522693392382855
-0.18261622668709418,-0.3385550132700004
-0.17564510871912942,-0.19317144483255325
-0.16733150364613072,-0.045891150751464875
-0.1259974478181225,0.05249277636035814
-0.0025125589657759816,0.08328393675345058
0.1855229152083275,0.07653451285123425
0.3897176117389232,0.07299969001896828
0.5330319770759577,0.1002190796935821
0.5594384795115308,0.15903020778673058
0.4704397339030149,0.20779109242474375
0.32250666008980744,0.21426954491598335
0.19724819698982796,0.14880754086260276
0.14833950731001935,0.032749482718269
0.17526330714645935,-0.09354355156379111
0.2121387957475781,-0.19221075930018938
0.17746795208728997,-0.23759692186438583
0.03662916935970088,-0.24518387842672945
-0.17134666924457861,-0.23693184641561288
-0.34609267899017104,-0.23668552717419503
-0.3609093819754958,-0.24060215157913104
-0.21074704479426065,-0.22879065131466197
0.03233072313667773,-0.175694372567413
0.2293202714260722,-0.08617830931261301
0.24988877839198154,0.018462381286055433
0.075389087887807,0.086966564627512
-0.21126432869818287,0.1002190796935821
-0.4531350851068672,0.05530093043655195
-0.5370348469577518,-0.009286615003023871
-0.4247086839099993,-0.04823127802354766
-0.18815863906705646,-0.05733314515991768
0.02799532565320571,-0.04513984669701476
0.09800211204220824,-0.035705431713549715
0.01194697162945365,-0.03659221809925202
-0.1315891105494236,-0.04331701007732658
-0.21204026805101095,0.004113699621707872
-0.13949628212561044,0.11918643060860695
0.06072017644733293,0.2991300057961766
0.25500009835710075,0.48349516658206126
0.3360178036108939,0.5677151299498444
0.25646575857978826,0.504014409699687
0.06122515113765664,0.2895601051072232
-0.1371931094882127,0.01780960830240864
-0.19806107748039636,-0.16596437112001033
-0.07205132044867534,-0.17936469122787588
0.14782222340609713,-0.04528764161610166
0.31331856097352406,0.11214141686821683
0.3144763018990222,0.18653286458897494
0.13945934098787013,0.1254431957825705
-0.10845879574262778,-0.03512655787656447
-0.2618849978420969,-0.19070814444281678
-0.22167174180184648,-0.2864440384823123
-0.0012562794828879908,-0.31531384130762186
0.2891167034787816,-0.3061011237641414
0.5090148657607511,-0.28623464688169004
0.5709790151134955,-0.2575496172298058
0.4658580070554165,-0.2031477790183185
0.25564055537867664,-0.12243797956477001
0.04251643880035671,-0.02379541050098588
-0.10693155570958576,0.04135869112638621
-0.18815863906705646,0.05042361037654355
-0.23546618619292534,0.011540528009933267
-0.2734994427134317,-0.03973291664830468
-0.3378036923443694,-0.07207595237281711
-0.3801600202635683,-0.08020482476322477
-0.37190798825245175,-0.07217448681785663
-0.2969746247036296,-0.05810908451274577
-0.17069388951245945,-0.041395639012598885
-0.05603991852893118,-0.0006404561780168517
0.022083422601290013,0.06859039338883473
0.038082510246081364,0.17164226583122477
0.04339090922398812,0.28921523117534875
0.07998312394900396,0.3841135993031894
0.19977307044144652,0.43521462471023004
0.38318986840551056,0.411320686512677
0.5346700742645826,0.32115183677728554
0.5883329007640373,0.19779011281789197
0.47354343732654836,0.06851649761640936
0.22464001688190663,-0.01486597358208073
-0.053034698936894525,-0.021529180688446548
-0.25628101240025253,0.044868882034510386
-0.30022617365979265,0.1731818218263377
-0.20988488695846394,0.3098453112031402
-0.0705363963777042,0.3966148204375179
0.0411123617622598,0.41657979802264694
0.0738864730304344,0.34952897412586986
0.03670306850636242,0.2097124499925267
-0.04105077857766915,0.04254107072449849
-0.10042845779725963,-0.10624182809125392
-0.11313905028679334,-0.1941690715026574
-0.08955301788948501,-0.19418139421320066
-0.05410623150213259,-0.11730201417856431
-0.03476938147956384,0.006047384539608843
-0.04709816227371895,0.13801831268932438
-0.08599356313307727,0.2353060584405866
-0.13086244854182383,0.2866164754482496
-0.16759014559809185,0.2880574902498506
-0.19923114111643775,0.25609626622071674
-0.20253195392088438,0.2027043908868216
-0.17950017355912806,0.14161472208041717
-0.11382877790512518,0.08706509232407914
-0.01251352866080896,0.034486104229224754
0.09088319578092037,0.004446244094566714
0.13892973437340464,0.00214306491958637
0.08353026949181318,0.0394373234358947
-0.07338149834011069,0.11381645519458192
-0.2688438065964632,0.20759402353466472
-0.4172449004653093,0.286875103903266
-0.4624463033530253,0.32936691415371705
-0.37427276094562106,0.31212386541334086
-0.1722088135834306,0.22456610761253654
0.05716071494245281,0.10133987948133992
0.23326154125209472,-0.023512133250646796
0.30645827991572494,-0.09855635732928789
0.2795960936320012,-0.11007225425863841
0.20626384564322936,-0.07777847900817336
0.13537026612005215,-0.019804876826679783
0.10050236031815736,0.006072017307309675
0.08853075254676669,-0.025642880731933944
0.07551224750851593,-0.10122902907422951
0.04119857687099223,-0.20774182857646017
-0.007094284337146077,-0.28907974884409654
-0.04026252663700636,-0.31288749555257045
-0.025876894133989456,-0.2689669797141168
0.040989195393078506,-0.1657426703057895
0.14117132045197556,-0.031493200599258996
0.21247134696890932,0.08867855084008978
0.20970014077892818,0.17041061563635657
0.11800405775896704,0.20357885793621683
-0.042245477512088514,0.18865130454378165
-0.19915724534401238,0.14538355494050245
-0.2874662970765583,0.10635267849836433
-0.2597912168053214,0.09148670491628359
-0.10597087017722191,0.11439532565733099
0.11667387986753168,0.16794732874356486
0.32099170902494684,0.23808958734111102
0.44503084464060133,0.30390878803690935
0.4372468326851234,0.3229130800896745
0.33222432532972207,0.2994378980994766
0.1854859740705872,0.2185187340391953
0.050115697827826496,0.12055356313472737
0.013166301644455751,0.04126016005558288
0.05819529624724202,0.010727641614451548
0.13498846454738211,0.04647002458845013
0.1652376956154658,0.10696850359579843
0.09486141349315558,0.14373314853827915
-0.07836967218146569,0.0930262609113965
-0.2929717548218355,-0.05982107072532355
-0.44030132624815216,-0.2874047240146762
-0.4571748826294568,-0.5075984963802366
-0.3433337955107331,-0.6432766952944229
-0.17868727957161493,-0.6499644853985058
-0.051926218485443786,-0.5176733717595137
-0.0063922453963181,-0.2934644202985607
-0.05212328062705043,-0.0816951169100541
-0.1276724861444876,0.04399441498511515
-0.1462087581416141,0.049487556768321485
-0.058958919637999214,-0.022157321747951552
0.11391498289114907,-0.1088159721396284
0.270900659992443,-0.13416326134627046
0.3226544516346581,-0.0783573562193948
0.2266845340703985,0.04011472834368327
0.017280001687943147,0.15425141204905315
-0.19583180061542396,0.19479721931063476
-0.2981816294774113,0.14114668852783377
-0.23645149015248623,0.026689781373030224
-0.05404465169177813,-0.09141280914385824
0.1436469300553105,-0.14638119510755135
0.28862403800205644,-0.11158717832960954
0.3228515070277924,-0.02773668032700841
0.27490350288034765,0.060510791595183015
0.2010909256223386,0.10116744926387504
0.12509833534764075,0.07271640939439301
0.06923085041041062,0.019558547462553377
0.0013424946970653053,-0.01219330099358006
-0.09816222629760221,0.029682679941641706
-0.21399858025347895,0.14381936702124776
-0.317912597034721,0.27914038278996106
-0.34342001399370176,0.3650353979810541
-0.2997950812449496,0.36002260571250205
-0.2021747842723561,0.2737950258031331
-0.11098366919424632,0.14496479873314735
-0.08726215446568579,0.05195085040958557
-0.11361939980144764,0.04890868293133624
-0.13900363014583,0.10897608639502238
-0.09620391409513421,0.1874319770594567
0.01947233235382094,0.19771621704546663
0.1683044983920931,0.10529346526943334
0.26295654727851586,-0.06363917418216478
0.23982621222630293,-0.24114408090413977
0.11510969194827697,-0.32985957963044227
-0.030372404185737358,-0.2797931490251355
-0.09608074772595292,-0.12333707853830703
-0.005628624536238045,0.06118820325144396
0.20492134504125073,0.17286159331554976
0.4279848512933594,0.1526502694951134
0.5409145167280028,0.0326386323111586
0.4674591226154668,-0.12572648315561813
0.23303984043787393,-0.22771912887213247
-0.037281942343347675,-0.21036522972464586
-0.218666525584046,-0.09209021405164682
-0.2424988772227722,0.03053251844113133
-0.13625705587999065,0.07141086342709943
-0.024152588585104603,-0.02465756327542831
0.022145004098762567,-0.23911184593535695
-0.02592615966939112,-0.4428631543344558
-0.13407704286330185,-0.530704186011363
-0.2249356134685528,-0.4300540139029378
-0.24326250736200175,-0.15572939498228397
-0.17550962638787723,0.17573132720209803
-0.08231093525901585,0.42695028348551495
-0.037146460012095484,0.4849485175911503
-0.0427874000886249,0.3300935896582616
-0.08763165357322968,0.02534728583240587
-0.09716459287902568,-0.2966913238336372
-0.02973194716416146,-0.5035094080154738
0.07492106108369598,-0.540988425997373
0.1443859282703983,-0.4324064773825086
0.10774443620015416,-0.25599773852414964
-0.04691341609418319,-0.09127732681260604
-0.2499380422402651,-0.000517291548676088
-0.383522406129897,0.012747542062864476
-0.38938504702064725,0.0016504064022233153
-0.2565396678491584,0.010419729909293539
-0.049955583572432516,0.07107831895424059
0.12001163380971862,0.17595302801631885
0.17528793907060114,0.2615155054830254
0.10688228511282982,0.276590863917256
-0.014053087186599011,0.20635006412619797
-0.11725275033028074,0.055879804273537205
-0.12944605216741983,-0.12710592489533706
-0.06338053223020367,-0.2824904594426913
0.026689781373030224,-0.3778691568397691
0.10721482958568866,-0.41077875718766826
0.14007516608530424,-0.38968065710423816
0.15574170419588249,-0.3445777549191999
0.17922920889662367,-0.30041091983932844
0.20203930194110392,-0.24868174662431036
0.19565936364948674,-0.2056603432563385
0.1279803919447323,-0.1560249780719854
-0.007020385190484537,-0.11173497662293262
-0.15693639975606566,-0.10226361037901871
-0.2297390276334273,-0.1220684872056985
-0.17442578123480446,-0.1960658106432433
0.011355780986838463,-0.2814435554273588
0.2680801764572336,-0.33635034133528036
0.4739252928869973,-0.3484204970486553
0.5491911671663164,-0.2961124668678329
0.4694544029495646,-0.21058693053886668
0.2717997454690353,-0.10117976522594593
0.052049381480388894,-0.014939872728742271
-0.12027028925862447,0.03464621848461873
-0.2039360275847451,0.040151676229895954
-0.24097164393820256,0.005764105602151665
-0.2718736547384054,-0.022600713253684613
-0.3261646290458376,-0.04914269633339175
-0.38011075641528475,-0.06488314033910389
-0.3822291828731467,-0.0626784953982733
-0.3156833336666933,-0.05812140047481666
-0.18063328256048442,-0.035545320832391925
-0.047861785664476145,0.0018105204467275282
0.03654295425096845,0.07214985489371484
0.048194330137334984,0.1751647659529475
0.03837810683272753,0.2883407641259535
0.07015458805656179,0.3828696398947226
0.2046873350134314,0.4258294702008124
0.4143628438682178,0.39381898232339496
0.5821007675142156,0.302603228572671
0.6083348329838515,0.17969722895226234
0.43935294992938684,0.06467376223542635
0.16858777226819602,0.011478945668901666
-0.06547432676392385,0.027330236707488027
-0.11733896881324936,0.08423230632374354
0.011799174179689615,0.13227884491622782
0.18909469267527854,0.12536930001014512
0.2642990343835498,0.0477878865178146
0.17398239310330757,-0.0529361678660912
-0.03456000337588629,-0.11323758473183286
-0.2318081902430057,-0.09512006219358907
-0.3101778759214161,0.0011577477794153799
-0.2648902275568421,0.09690595092706457
-0.14215663790848118,0.1309486535278477
-0.021627713446367967,0.06072017644733293
0.03970828472416289,-0.07010532420827822
0.05979643880118176,-0.1793770004414744
0.09476288579658844,-0.20098008871217293
0.17470905511090734,-0.09126501085053515
0.2935875934162144,0.10206654823741206
0.3976247698181653,0.28359893651990586
0.4381336359420066,0.3488885171042939
0.38737745747295094,0.27005081137024484
0.2555050730474244,0.0718049944587851
0.08564870269814752,-0.16686347009354735
-0.050706887626882635,-0.3261646290458376
-0.11648913368799592,-0.36332341851694866
-0.12885485899412752,-0.30148244228185794
-0.10982592152027582,-0.18974747240739767
-0.09780504990060158,-0.09209021405164682
-0.09238580388982061,-0.018117520851125696
-0.10397560334006886,0.032971176784017446
-0.09802675071482239,0.09169608301996114
-0.06845491780605491,0.16018794871222872
-0.033402255701915795,0.21832166514911627
-0.013153984838825813,0.2344562368122779
-0.042220842213710544,0.19266647014222954
-0.09991116714486503,0.10785528660726455
-0.16692505665237417,0.007131233066917801
-0.17860106108864632,-0.0660408880130744
-0.11871841055296829,-0.10233751289991644
0.001995267469822334,-0.11937117678814271
0.1454451414993293,-0.1577492937435788
0.23757230343718877,-0.2407006792756982
0.2655429937920165,-0.3371632353227935
0.21540266741428443,-0.40261294365952033
0.1193588675745442,-0.382438574473769
-0.0003818104300400278,-0.25350981970721614
-0.12141572097052407,-0.06302335583320304
-0.2208711705248766,0.11397656944997589
-0.26055481995066154,0.19078205371218687
-0.23092141398001195,0.13665118016320396
-0.11696947645417784,-0.019410749169230294
0.06977277973541937,-0.21430649955066838
0.23898869981159276,-0.35088377044450225
0.32857866558729043,-0.37348448538530493
0.28565578991588575,-0.3223711777585552
0.09322332980147553,-0.23716585644343222
-0.16814438413669913,-0.17085400376785345
-0.37661288821770383,-0.17012734176025365
-0.4300540139029378,-0.20187918768570995
-0.3018888892756145,-0.2278176565686996
-0.07037628212231023,-0.1858185117949737
0.1380306219029229,-0.06238289881162714
0.19755610279007266,0.10467764017199922
0.0845402188724606,0.25724169793261636
-0.12331244661416524,0.3289728033674485
-0.2824165501733212,0.2780688333535421
-0.302615564780159,0.14479236176721014
-0.17776354867393612,-0.03735583811577303
0.016947457215084304,-0.18344142988820586
0.14716944367397797,-0.22243537194107604
0.12291832233095194,-0.1617521366314834
-0.05212328062705043,-0.02023595237034195
-0.27609819844053085,0.13674972135671584
-0.4176020836107823,0.24696976716020497
-0.40506390784176877,0.27676330088319323
-0.2480166711755374,0.2192207641226533
-0.06154537964844459,0.10170937184041143
0.04913038037132086,-0.026221754568919193
0.02560593115860317,-0.11770846117232088
-0.08555016825310802,-0.14342524273803445
-0.18314584679850443,-0.12110780167333465
-0.16628459963079828,-0.07978606180739731
-0.015420215494924195,-0.05232034614289327
0.19027707902186317,-0.04738144289829422
0.3656265911543464,-0.053786002991344645
0.4049653801452016,-0.04866235356720983
0.29541040979048544,-0.002574141306807584
0.11074965916642698,0.08114087162297445
-0.05597833534434053,0.15634520658277334
-0.12110780167333465,0.18352764837117447
-0.07428060406212007,0.12272126693781765
0.025470450514469074,-0.027256337560826488
0.08270506629070153,-0.20845618137046143
0.05697596876291706,-0.3476691761230242
-0.031998178663818884,-0.3977972067841025
-0.13731626910892164,-0.3415602159908562
-0.19329460445326216,-0.22834727668010982
-0.163057682598777,-0.12411301789113512
-0.058651007089282156,-0.0886416029538771
0.07796322518770912,-0.13682361712914118
0.19322070868083682,-0.22912321603293792
0.24752400569881225,-0.2787955088580866
0.24381674590060903,-0.2393089283223807
0.19347935063279792,-0.0791456047858214
0.12120632936990179,0.1465043547282603
0.0475292411916173,0.3530022238962537
-0.017698761269534423,0.44728475342971546
-0.05309628212148518,0.39893030228851417
-0.060141299236111494,0.22977598226811233
-0.03465853444668962,0.01994035747081388
0.018240685533188902,-0.13224189028154276
0.07345540086100842,-0.18135995806502891
0.1105033264280644,-0.10914851661248724
0.1092224123849126,0.029399402691302617
0.06484619245289122,0.16257733983259506
-0.005419244745442407,0.23386504363898558
-0.07732276816613322,0.22712793569884013
-0.14357303428288518,0.14805623343391644
-0.19469869161406764,0.06253069710495023
-0.2206125285729155,-0.013240199947558247
-0.2238024909702517,-0.06437816564878018
-0.1778128125222197,-0.08961460444831183
-0.07917023670996319,-0.13633095165241602
0.05894660367592832,-0.20146041798141012
0.21726245192018528,-0.28566809912948427
0.32793820856571454,-0.3511178074662111
0.34345694163449736,-0.3707625565405521
0.2554804546202274,-0.3463513344390769
0.08587039676389596,-0.24630466471754253
-0.10513335101403935,-0.11422290218833848
-0.23397588054915125,0.00775937328286376
-0.26915172589365255,0.09218874174821395
-0.20835764017694955,0.10280553970402746
-0.10863122596009264,0.04834212505642188
-0.03804556235986868,-0.04935207781130548
-0.017920457022400953,-0.16355034807550217
-0.05307165019734339,-0.2575003533815222
-0.10154925758501746,-0.28045822447390845
-0.11614427325306619,-0.23714123801623516
-0.08933132382373657,-0.12632998554250896
-0.021676978981769627,0.011269565878106028
0.050916269104796366,0.11714189992317034
0.07447766620372673,0.14604864388622013
0.04326774285480682,0.08306224268770215
-0.0339072303922395,-0.025741413489855362
-0.12479042954739607,-0.10193106590615987
-0.18216052934199878,-0.07338149834011069
-0.18212357470731375,0.0904274916873526
-0.11752371499278512,0.34609267899017104
-0.022157321747951552,0.5857095266097412
0.08482349949703587,0.686852337201002
0.17511550210466392,0.5896507964357637
0.20755706889997969,0.2931688372088593
0.16528695946374938,-0.09425791110626473
0.048785519936391124,-0.4095347977792015
-0.10079795015633115,-0.523560631077461
-0.24119334475242335,-0.40777352747292306
-0.32074538978352896,-0.12933520176030944
-0.3014577968607714,0.16967163091821352
-0.1835892349300013,0.36392692090383955
-0.019016623198898897,0.4080198737082304
0.1386710789244988,0.33385011330474834
0.2399493853439566,0.23812654197579605
0.25529568144680215,0.19613970641566866
0.2091582114539194,0.23427149063274214
0.1274507853302668,0.3175554408831375
0.05740704768081541,0.35760856917104916
0.026073957962714202,0.30416741649192575
0.036949397870488836,0.18121215302323346
0.08526688762853274,0.038267256425617124
0.14320354192381365,-0.021221269826847584
0.20947843996470739,0.021295168973509124
0.25646575857978826,0.11698178566777637
0.29682680616488943,0.1979009632250024
0.3380253931585902,0.19015390590420952
0.3604659803470542,0.08354258545388407
0.3766621520659874,-0.06221046859416227
0.3719818975218218,-0.16494209902881965
0.3521893299087406,-0.17153141542411438
0.2942649780785858,-0.08531615822528868
0.18269013595646427,0.031825745072117835
0.019780243215419907,0.0927429870352936
-0.17954943740741164,0.05304701489896542
-0.356056690465393,-0.06260459287737558
-0.45989683846809915,-0.16310694644706056
-0.4566822441466211,-0.15341389963434296
-0.3501324765127607,-0.013905289736834976
-0.17900750808240287,0.20601751290486678
-0.03667843320798445,0.3867739550860601
0.03001522778873673,0.460845187792975
-0.00017243052061889936,0.40586449261568336
-0.0914743889542127,0.2722308378838784
-0.16125948465170298,0.13295624307554402
-0.14734188063991518,0.06338053223020367
-0.039326473028784295,0.06543737887771117
0.11857061900811758,0.10443130743363663
0.23296593116850384,0.10680838934040446
0.23051496698625537,0.05235729402910595
0.11910022562258307,-0.041986832185891214
-0.06142221327926329,-0.10659901123672691
-0.21431880876426693,-0.08316077713274166
-0.2834880726158507,-0.004039800475046332
-0.24717913176693776,0.10324892783552435
-0.14655361857654384,0.13566586270669834
-0.04246717157783695,0.06844259509551165
0.02767509714241776,-0.06416878754510265
0.05987034132207949,-0.17659348503789474
0.09928302608536003,-0.19744525238296223
0.18467308008307406,-0.09625317794341778
0.29351368414684426,0.08877708528512929
0.3976124606045668,0.26307969340228005
0.4456713016621772,0.33769285543420374
0.39328936221198474,0.2629688564921144
0.25931086054219477,0.07187889023121047
0.07992154413864949,-0.1588947254554784
-0.06315883141598286,-0.3316331591503192
-0.13112109049378495,-0.37565220268534
-0.14203347828777224,-0.302221427000001
-0.11603342284595577,-0.1663831273273654
-0.09066150171517194,-0.04914269633339175
-0.09867952369846918,-0.004569408776629918
-0.12278283999969974,-0.046125164153520394
-0.13910215784239716,-0.1269211787158013
-0.12549245963085406,-0.18404494577204145
-0.06408256906213403,-0.17377301499963002
0.05268983850196479,-0.08870318276423156
0.20970014077892818,0.024756096033349727
0.3473489476122363,0.12619450321125678
0.40077779107776124,0.18288719134959858
0.3377913831307709,0.2105622986147249
0.167885742184738,0.2301824292618689
-0.021898674734636157,0.2583994388581145
-0.1329439338619455,0.27939901124497746
-0.10347062864974516,0.28116028155125594
0.03799629513734893,0.23658697248373842
0.17991892976648316,0.15815572724039062
0.209207475302203,0.0918931451615678
0.09892584968835941,0.08446632310003524
-0.07885000819917524,0.1496943171255965
-0.20974940462721176,0.2713933254691682
-0.18781377863212673,0.3912694634506899
-0.021455283228903096,0.44272767200320357
0.20705209420965598,0.38158872585157083
0.3582613354062236,0.2356509323724611
0.3221864315790195,0.06016593116025328
0.09832234055299618,-0.060092035387827925
-0.1883926490948758,-0.07458851661083714
-0.37189567903885323,-0.017095253821289295
-0.34307514006182727,0.06514178229106501
-0.12151424866709122,0.08720057465533133
0.15715810057028648,0.007894853926997857
0.33106658440422393,-0.14603633467262161
0.3015686607648266,-0.3208439174800961
0.10769517235187058,-0.4332070351625337
-0.12640388131493432,-0.433724319066456
-0.2688807612311482,-0.3373233630751322
-0.23967842068145223,-0.2089488333502419
-0.07501958878026312,-0.10759664465530344
0.11400120137411768,-0.08950375404120144
0.20256890855556942,-0.1350993149544925
0.13665118016320396,-0.19861531601900365
-0.019028939160969788,-0.2566751501804106
-0.15139398737610338,-0.2762459899853815
-0.16167824085905808,-0.26692243553173545
-0.03863675215892483,-0.25045532614418736
0.1707308441471445,-0.24844773659649105
0.3462158521078247,-0.2322515918714473
0.39216857592117166,-0.20371434026746904
0.30502957432772243,-0.1386218150762152
0.1449771079467459,-0.029633416093358133
-0.008387512655250673,0.09281688280771896
-0.08364111989892359,0.19431687654445284
-0.04820664609940588,0.23908722750815992
0.06607783589928708,0.23301522201067687
0.20265512703853805,0.1950558612625959
0.3157818613632605,0.15851291038586363
0.35838450852387727,0.12668716868798197
0.31939059346489657,0.09255824085575784
0.21887590368772356,0.037515952371167005
0.08186754712751897,-0.04821896206147677
-0.06595466953010577,-0.13630631972827423
-0.18259159476295242,-0.19979770236558828
-0.2413780909319591,-0.1970757600238907
-0.2371535472298337,-0.11759761076521047
-0.16141959890709695,0.004692573458693122
-0.04433927542004489,0.11498651883062332
0.0781233394431031,0.16965930820767025
0.17775122596339285,0.1397303056503745
0.24789349805788377,0.045817251604803336
0.295472009846257,-0.044684135854974626
0.32930534109183496,-0.10615561635675767
0.3437525517180882,-0.10503481656899985
0.3277411531725803,-0.08266811840448884
0.25890441354843824,-0.08420767439960175
0.14473078870532805,-0.12443324640192306
0.021578447910966303,-0.21133822447060824
-0.07243313551829011,-0.2864563476959109
-0.12486432531982142,-0.2987358680160186
-0.1290149732495215,-0.23259643880943232
-0.10395096466745471,-0.09699216266156081
-0.09642560816088265,0.0623336282148712
-0.13381840091134073,0.1597076059460468
-0.19791328593554564,0.17299707564680195
-0.24902662055618485,0.12490127995450646
-0.2583994388581145,0.05951315817660649
-0.22152395025699576,0.05254204020864171
-0.17112496843035782,0.11206752109579146
-0.1616043450866327,0.21516864388952037
-0.217250129209642,0.3014085330124878
-0.30537444825959686,0.3018026707926459
-0.36207945910848194,0.19947747385480033
-0.3167055922609393,0.031246871235132586
-0.1536602188757608,-0.16373509425503793
0.08694192595489784,-0.2966051323445581
0.30921719038905227,-0.3171489938893809
0.42294741360372085,-0.23120468785611484
0.3917867743485016,-0.07037628212231023
0.2373013387746844,0.10868048980837622
0.029645732055429027,0.2671564455595548
-0.14293257726130926,0.3675479622190741
-0.23636529866340708,0.3948412409176409
-0.26734119173909054,0.34426983562201047
-0.25786984574059374,0.23020704768906597
-0.2514037024629527,0.08192912693787344
-0.24490060455062657,-0.06803615485022745
-0.2328920488930232,-0.1435484023587434
-0.19868922528837374,-0.13032051921681506
-0.14443519211868186,-0.021800143663832833
-0.09892584968835941,0.14243992528152882
-0.09144975703007091,0.2792881743348118
-0.11666155715698841,0.33415803260193777
-0.12201922335741493,0.26291959264383086
-0.08598124717100637,0.10386475293295845
0.0023154955588307598,-0.06535116714321493
0.10843416381848599,-0.16209699706641315
0.166629460065728,-0.13022199152024794
0.12397753555988293,0.0007266714449166064
0.0027465717351622125,0.17881043919232384
-0.14934945669066677,0.3134909979394613
-0.22819945814136963,0.351782882914984
-0.17403165695159115,0.2973810447034967
0.005369978788261221,0.19681711807192961
0.23242402883738456,0.07923182326879002
0.3804925579879548,-0.017637178084943774
0.3534948623790894,-0.08764396953530057
0.16611216266486103,-0.14571610616183367
-0.08508214144899698,-0.2172993930579256
-0.26569078533686724,-0.27588883383379803
-0.2894985320453411,-0.29435119656155445
-0.17517708866349074,-0.25544349998554233
0.009114184785559004,-0.13773503881322147
0.15431299860787998,0.0091880830886615
0.1935286144810815,0.11127926578089248
0.1153683339002381,0.12636694017719402
-0.019275268525096197,0.030507883142753364
-0.13888047052512106,-0.12780795497879505
-0.1870255300657001,-0.2617618517183327
-0.1796602743175773,-0.305091174383494
-0.14460761558767438,-0.2305396124073419
-0.12548015041725552,-0.07676852962752595
-0.1415161808869053,0.08030335245979191
-0.17865032493692987,0.1849809993802635
-0.2161170202082857,0.17364984188197635
-0.2414396639938412,0.0707704131539959
-0.26868370583801393,-0.07780311093231515
-0.29600160296377775,-0.22663527022211494
-0.3060887875566534,-0.31685338380579
-0.27113467002026237,-0.3504280865963516
-0.1496943171255965,-0.3170504391989243
0.04766472014863331,-0.22904930676356783
0.26756289255331134,-0.09755872391071135
0.4264699272223883,0.053317979561469796
0.44070777324190874,0.19133629225079415
0.3125549308342945,0.2685482235067617
0.06921853444833972,0.25782058189231016
-0.19137323338853449,0.14657825050068563
-0.36421019477994243,-0.019189053416363764
-0.41270012825239594,-0.1767782312174305
-0.3478293038753629,-0.2628210649472637
-0.24975329606072935,-0.25565286459227515
-0.18235758473513308,-0.1676024548116904
-0.17953711469686837,-0.05792433833321001
-0.2303302208067196,0.0027096223727212034
-0.2649641098323227,-0.013856023357874267
-0.26142928700005674,-0.07950278118282203
-0.2116338210572544,-0.13046832425861052
-0.1477360049231285,-0.10944411319913341
-0.09440570939958781,-0.006453827737349703
-0.06918158656212706,0.14379473509710597
-0.06376234055134608,0.2784137072854166
-0.04953682399084124,0.32604148292207336
0.0015395582094554078,0.2811233269165709
0.09375293641594103,0.17857642916450453
0.2038990864470048,0.07623892301306046
0.2980831017808442,0.010579844164687513
0.351782882914984,0.00891712095683426
0.3613527836039374,0.031259190571439666
0.32851709252540834,0.027822895435740843
0.2710114969026087,-0.025716779878595483
0.20181760112688313,-0.10972738707523631
0.11074965916642698,-0.17016428289799396
0.0027342553513117966,-0.17004112327728504
-0.10040382587311786,-0.07774153112196068
-0.18196346045191977,0.06155769561051548
-0.21644955793267215,0.18831875332245043
-0.18516574555979926,0.2453439791851787
-0.10514566697611025,0.21705307381650774
0.009126500747629896,0.1183612274074953
0.1311949862662103,-0.006983436038933289
0.23691953720201436,-0.10877902425341572
0.30829343249748403,-0.16906811503437794
0.31074442367362193,-0.20426857880607632
0.24667415707661405,-0.2175457257962882
0.12623145784594184,-0.2273373272994624
-0.00841214626651055,-0.22978829148171087
-0.1035691563463123,-0.2081113209355317
-0.09870415562261096,-0.14833950731001935
0.015235467628270343,-0.06299872390906125
0.1971743012174026,0.03197354336544092
0.35949298560109183,0.1103678440968122
0.41738038279656153,0.16125948465170298
0.34673313601174693,0.19579484598073893
0.1676024548116904,0.22428283373643365
-0.029276239696357505,0.2629688564921144
-0.12799271465527554,0.28742934244187324
-0.09471362194830486,0.2861977192408945
0.04834212505642188,0.23810189655470954
0.18626189992647055,0.15960907824947965
0.21247134696890932,0.09149902087835449
0.10618024828089946,0.07513043918737353
-0.07515507111151531,0.15113534542414228
-0.20734769079630214,0.2793004835484103
-0.186766888113739,0.40059304489822545
-0.007673158174131327,0.4481469112655122
0.2286798144044963,0.37597243119612794
0.38033245722950554,0.21265609314844508
0.3306355189832703,0.04927817866464394
0.08434315673085395,-0.05443877597499144
-0.219725738812977,-0.05539946150735528
-0.3813916704584365,0.007081967531516138
-0.31830673481487903,0.06447669334534734
-0.06625026611675194,0.062272048404516736
0.18408188690978175,-0.0102103501184979
0.2651858106465435,-0.10743653039990947
0.15188665285282857,-0.18804778865994606
-0.038550537050192395,-0.20877640988124938
-0.14223054717785127,-0.15990467483612583
-0.0675927599702582,-0.06250606518080844
0.16149349467952231,0.03794703128906536
0.3839288531236536,0.10667290700915227
0.4688262551415872,0.15427604397319494
0.37442055249047174,0.19043719327725714
0.1556924403475989,0.22566227547615259
-0.05060835655607931,0.25942169745236043
-0.14134375741791277,0.2878850532839134
-0.08357953334009675,0.282638250987542
0.06466144627335546,0.23202989105722652
0.1964229937887163,0.15511356988484984
0.2046873350134314,0.08587039676389596
0.0879888299702303,0.07972448199704284
-0.08561174806346247,0.1550766152501648
-0.19487111508306013,0.27960840284559974
-0.1657919341540731,0.39606058189891064
-0.0028081540761938145,0.4451170631235699
0.2221274526438866,0.3780169483846198
0.35738686835682837,0.22174563757427185
0.31787564240003596,0.0510024842135288
0.09561272092184188,-0.061902556045445215
-0.1898090454692798,-0.06827016487804678
-0.36978956179458977,0.0008867855421432596
-0.3376559007995187,0.07564772983976813
-0.1201101750032305,0.09076003616021144
0.15737980138450727,0.003768838343219092
0.33015516272014367,-0.15734284674982224
0.289042821203301,-0.33338209324910967
0.09151133684042538,-0.43557180785570304
-0.14672605554248108,-0.42654383649175837
-0.2753592137223878,-0.3296255696026229
-0.24275753267167804,-0.20110324833288187
-0.07758141686656671,-0.10880365617755751
0.11187045220571244,-0.09127732681260604
0.1961766610503537,-0.14077719616876225
0.13920068553896428,-0.20497062238647903
-0.023475183677316026,-0.2499749698810607
-0.15701029552849102,-0.2667992624140818
-0.17784976715690473,-0.2606533476472287
-0.045164478621156544,-0.25209342333281215
0.1605697637818435,-0.2508494639243454
0.33467531650586,-0.24672344791878711
0.3903457325530111,-0.21790290894176118
0.30681546306119795,-0.1475389360330495
0.1461964489280156,-0.03468316637083141
-0.010998603746278788,0.09356819023640527
-0.07542603577401968,0.19894786724033484
-0.03882149833846059,0.24115639011773832
0.07237154895946328,0.22991146459936454
0.21656040833978255,0.19237087355558338
0.31973544040288154,0.1432404965584987
0.35411070097346825,0.11599646821127073
0.3170627754064123,0.08293907631852085
0.2170407511059645,0.02799532565320571
0.07920719134464824,-0.051224178279277235
-0.06590540568182221,-0.13662654823906217
-0.18680382925147931,-0.19138555609907773
-0.2508371277168574,-0.18982136817982304
-0.2369441556292114,-0.11364403172558941
-0.1626881902397055,0.006047384539608843
-0.03911709492510675,0.12120632936990179
0.08755775105233196,0.16895727812421227
0.1849563674561217,0.13486529142972845
0.2492113667357206,0.04002851323495084
0.2899788613145783,-0.05945157836625203
0.3224327508204373,-0.1142598433260788
0.33851805863531537,-0.11817648122795954
0.32102866365963184,-0.09287846261807342
0.25480304296396644,-0.0885184365846958
0.1434991385104598,-0.13229115412982634
0.01859786193018953,-0.21142444295357685
-0.08447863906210613,-0.2821455855108168
-0.13748870607485889,-0.29719629852396096
-0.13346121776586772,-0.2282610581971412
-0.10730104806865727,-0.09082161597056591
-0.09817454900814547,0.06166853926915351
-0.12778332305465326,0.1677748917776276
-0.19169346189932243,0.1820250470107466
-0.2446419491017207,0.1301357730372793
-0.2550863168400693,0.069501815072915
-0.21945477415047263,0.05498070192576401
-0.16789805139833655,0.11937117678814271
-0.15584023189244964,0.2251080369375453
-0.20473659886171497,0.3087245249123271
-0.28972020586567243,0.3134540433047762
-0.3515119182524796,0.21791521815535972
-0.32051137975570965,0.04145722219718954
-0.15904251700032912,-0.15453468592515604
0.08024177264943744,-0.2968391423723774
0.3003862744182419,-0.3326923723792502
0.413081929825066,-0.24669880249770057
0.3859364426713499,-0.08541468592185583
0.2422156033466693,0.10180790628545094
0.04174050282176481,0.2695827913146062
-0.13204482139146376,0.37437128864218816
-0.22869212361809482,0.4018123588856057
-0.24832456347883738,0.35249724920593
-0.2458612900829904,0.2437182182040419
-0.2478688796306867,0.09154828472663806
-0.24398918286654628,-0.05219717977371197
-0.23470255605369578,-0.13879425204215246
-0.20079532903569244,-0.12892875476655288
-0.14651667743880353,-0.016873558068422764
-0.09515701007980175,0.14879521815205948
-0.08532847418735957,0.28659183002716304
-0.09993579906900682,0.3358946574871297
-0.1146170264715518,0.27146720774464883
-0.08483581545910676,0.11098366919424632
-0.0004433927710716298,-0.061471477127546865
0.1006008880147245,-0.1597938244290154
0.1613457031346716,-0.137587233771426
0.12743846261972352,-0.007907170732627795
0.0051975485707963535,0.17347741841298386
-0.14390558550421637,0.31931668419552645
-0.21742256617557926,0.35930823942155604
-0.16643239117564898,0.3068647269094815
0.011626743118665702,0.1948834377936034
0.2351706031032239,0.06748191631162016
0.3758985219267578,-0.027133172878763285
0.3514872998252826,-0.0965118198953789
0.1588454481102501,-0.15330304922723256
-0.08931900786166568,-0.2100696331379997
-0.2693857359214719,-0.2653582476124808
-0.3011129499227864,-0.28529860677041274
-0.18179102348598253,-0.2453563153926667
0.00156419108260112,-0.13778430266150504
0.1490415508904221,0.003325445572147462
0.19392275226123953,0.1105156423901353
0.11701874030246141,0.1236326751249532
-0.012094769079217686,0.025679830305264714
-0.13938544521544477,-0.11886620209781901
-0.1984921563982947,-0.2555420276821095
-0.18610178567107657,-0.30330528565001846
-0.15252710987440446,-0.2274728096307146
-0.12573879236921665,-0.07368941088882776
-0.13784587572338713,0.09266908451439587
-0.17222113629397384,0.1884788675778444
-0.2087517779571076,0.18595399412622587
-0.23774474040312601,0.0855748001772498
-0.27311761414687213,-0.07304895386725185
-0.3069386361788516,-0.21940551030218905
-0.31596660754279626,-0.31134792606051276
-0.2839068558170953,-0.34120303284538317
-0.1601263621534019,-0.3141437641746357
0.04259033794701825,-0.2320914641191086
0.265530684578418,-0.10615561635675767
0.4311255633393568,0.0425287547624276
0.45437901752144444,0.18005441209773534
0.3201418873966381,0.2595941344182977
0.07761836475277939,0.25302946344408944
-0.18703783927929865,0.1540420339453756
-0.3687303485656588,-0.00432307941250351
-0.4177868297903181,-0.1623310205911772
-0.35737455914322985,-0.25075090923388876
-0.2556775100133617,-0.24453111219155504
-0.19493270164188695,-0.15986772020144077
-0.1875797686043074,-0.0531948131922885
-0.2298252461163959,0.0056655741095688154
-0.2648902275568421,-0.004951219206669946
-0.26158941475239544,-0.06887367401340999
-0.219023708729519,-0.12395290363574114
-0.1490784920281624,-0.10911156872627456
-0.0944303413237296,-0.004249180687621492
-0.06658281058961078,0.14675068746662287
-0.06118820325144396,0.28139429157907525
-0.043723453696846964,0.3308572197974911
0.015580328063200076,0.2788201542791731
0.10088416863929978,0.1770368731693916
0.20433016536490314,0.06649659885511454
0.299400970458681,1.2316465405440756e-05
0.3510069435621559,-0.0005542409638395373
0.3593205486351546,0.01937379959589952
0.32542564432769455,0.017501697440809677
0.27018629370149705,-0.03193659547922824
0.19474795546235119,-0.10932094682995211
0.10329819843228029,-0.17330498144704662
0.001096165438383778,-0.1673807674944143
-0.10350757653595782,-0.07630050282341491
-0.17810840910886586,0.07214985489371484
-0.2087517779571076,0.19623824760918054
-0.1787611753440403,0.25023362532996657
-0.09785432049735752,0.22143773177402715
0.009643792243583544,0.11717885455785539
0.13343658584172594,-0.014570378682552659
0.23312605892084254,-0.12060282698301095
0.29813236562912776,-0.18317047872264622
0.30640901606744136,-0.21550119511085156
0.24046666924787885,-0.22095738900784523
0.11886620209781901,-0.23249791111286516
-0.017206102541281607,-0.2237162724872831
-0.1106141768351748,-0.20057364171841638
-0.10680838934040446,-0.14523576339565175
0.009890121607709954,-0.06139758135512151
0.19621361568503876,0.025716779878595483
0.35991174180844693,0.09332185749804267
0.42251634818276723,0.14734188063991518
0.3543939748495712,0.18006672131133386
0.17712309165236023,0.2119910042027274
-0.010074868630804758,0.2599882721984557
-0.11546686159680523,0.29331662875370995
-0.0838997618508847,0.2878850532839134
0.048637721643068045,0.23246095647818013
0.18855276335026977,0.1504702564784246
0.22074801090416768,0.07998312394900396
0.11780698886888802,0.06468607819749725
-0.06600394012686171,0.14937408861480855
-0.20430553344076136,0.28903048499581296
-0.18559681098075287,0.4138825145989806
-0.0029313187582570184,0.45175564336714824
0.2548399975986515,0.35723907681197764
0.4047806339656658,0.18845423565370262
0.3409197589692803,0.02712085691669239
0.06895989249637861,-0.04502899628990436
-0.25003656993683226,-0.026751362870502778
-0.39606058189891064,0.025753729451926253
-0.2879096987049999,0.059057454083038724
-0.021529180688446548,0.037331206191631244
0.20184223305102492,-0.02438660198716012
0.19786402208726206,-0.06673060888293386
-0.009311247770724703,-0.07152171383420984
-0.2389270997558212,-0.06266617268773005
-0.30105137686090433,-0.0643535337246384
-0.1537587600692727,-0.1054782114489691
0.07035165019816844,-0.1577616029571773
0.1920752769689372,-0.15715810057028648
0.14216896061902445,-0.0792687711550027
-0.018499330859386202,0.06748191631162016
-0.14114668852783377,0.20780340163834227
-0.1422428563914498,0.2678338572158157
-0.06431657908995335,0.2190483406536608
-0.011441996095570896,0.07426828810004919
-0.045509339056086284,-0.08078369522597383
-0.15832816420632786,-0.153795701207013
-0.2517608586145362,-0.09566198477012545
-0.22888920600511858,0.08403524418213688
-0.07907170901339605,0.2956074921775092
0.1156269758521992,0.43456185847505563
0.26295654727851586,0.41818094057658667
0.29279934484978776,0.2430161881205839
0.2075078050516961,-0.017982040206991602
0.0768424253999513,-0.26108444006207177
0.008929437762464198,-0.3722282167632397
0.04780020247988549,-0.3274085884543043
0.14841340308244472,-0.18371239455071023
0.2385083435484661,-0.033377620403537825
0.22845811359027549,0.01526010123953022
0.11791783927599843,-0.06425499927959889
-0.01612225401397265,-0.21468831462028318
-0.09229959215532436,-0.33587001206604317
-0.0451028954365659,-0.33360379406333046
0.10701776744408201,-0.18442674734471148
0.26091200309613455,0.059525474138677384
0.3047093458169345,0.26899159814131385
0.18884835993691593,0.3262508475288062
-0.04825590994768945,0.18264087210818072
-0.3085274695191928,-0.12195763679858809
-0.4506348300824457,-0.44113883866286235
-0.4098057624417059,-0.6382392576047843
-0.24055288773084746,-0.6444097907988345
-0.020137421299538626,-0.46421990986679174
0.15282270646105064,-0.17473370053199386
0.19520366630439134,0.09365440197090151
0.10016981584529852,0.24960547752198917
-0.06067090585057699,0.2710361423236952
-0.2142818676265266,0.1869639435068733
-0.2973317808552131,0.0909447823397472
-0.3022460724210875,0.034461468930846784
-0.2178043677482493,0.019299900449237982
-0.10707934725443648,0.01512461890827803
-0.008929437762464198,-0.014114669527630613
0.038956980669712774,-0.10201728438912849
0.0005542409638395373,-0.22141309984988536
-0.09642560816088265,-0.2905330998531856
-0.20820984863209885,-0.27528533144690714
-0.2814928192756424,-0.16192457359742066
-0.26521045606763005,0.011491262474531605
-0.145051017216116,0.1773694243907228
0.025458134552398183,0.26629428772375807
0.17149446078942934,0.25564055537867664
0.20993415080674752,0.17309560334336907
0.09450423709615495,0.07208827508336038
-0.14613486236918877,0.02172624451717129
-0.4168384534715528,0.03900624451799635
-0.5981491206944086,0.09742324157945917
-0.5995285624341276,0.15104912694117364
-0.43410614763301547,0.1512338731207094
-0.1652007544777255,0.08707740828615003
0.11321295280769107,-0.04596504989812642
0.28011337753592347,-0.17506623825638035
0.30076807599091193,-0.2496916960049578
0.21642492600853036,-0.2534605288650431
0.10539199296600048,-0.18542438751176038
0.032675583571607464,-0.0733691823780398
0.03613651063144807,0.035446786387352415
0.09768189027989266,0.1092224123849126
0.16995490479431644,0.14881985007620127
0.20621458179494578,0.16292220026752482
0.20051205515958953,0.1684399807233453
0.15292123415761777,0.16820597069552595
0.11518358772070234,0.15378339199341448
0.10265774141070438,0.1138041459809834
0.09940619245454133,0.04326774285480682
0.09940619245454133,-0.05778885600195782
0.07830808562263886,-0.1566038620316792
0.027071591381290727,-0.24257278649214228
-0.03634588873512561,-0.2825397232909749
-0.1013645114054817,-0.28306931640849564
-0.1602372125605123,-0.2595941344182977
-0.2150331750552129,-0.22694318951930437
-0.258781267424674,-0.20478587620694327
-0.28637012921294225,-0.18288719134959858
-0.2921095969860388,-0.15643142506574195
-0.26868370583801393,-0.10833562937344648
-0.22007059924790673,-0.03910477896303586
-0.15907947163501415,0.037589851517828544
-0.1008225888289453,0.0984208749980357
-0.05006643060530674,0.10664827508501049
-0.021578447910966303,0.05629856385512848
-0.014890607193340608,-0.03802092706149072
-0.008387512655250673,-0.12796806923418902
0.006195181989372879,-0.17043524756049835
0.026997692234629188,-0.15282270646105064
0.06764203056701414,-0.08078369522597383
0.11397656944997589,-0.005443877513143239
0.15350010462036684,0.0283894533106552
0.19473563275180794,-0.010690692041120779
0.2121387957475781,-0.11905094827735477
0.20132494914710267,-0.24310240660355253
0.14136838934205456,-0.33314808322129036
0.06144684520340508,-0.3501447857263592
-0.01994035747081388,-0.2870968047174868
-0.06398403461709451,-0.17517708866349074
-0.044548656897958616,-0.06200108374201236
0.030064491637020303,-0.008399829460880612
0.10895145447088059,-0.006860271356870085
0.13050526539635082,-0.05246814106198017
0.05379832232765172,-0.09919681435086378
-0.10939484260237747,-0.11880462903593692
-0.3052389659283447,-0.11026931640024507
-0.4566452625180466,-0.07506885937701906
-0.4855643561855292,-0.04158038856637083
-0.3792609077930866,-0.008966386492235922
-0.16167824085905808,0.02165234537050975
0.09323564576354641,0.05815834836102934
0.290841019150375,0.10210349612362474
0.39422542931715154,0.16183835511445205
0.38030781180841905,0.2059313079188429
0.27585187919911297,0.22133920407746
0.1248889572439632,0.21175699417490806
-0.031197607386849017,0.16476967555982713
-0.16536086873311948,0.12440861447778129
-0.2501227884198009,0.10789223449347723
-0.27054347684697005,0.10736262787901174
-0.23720281107811725,0.12805428771715766
-0.17869960228215817,0.14995297257450235
-0.12953227065038847,0.14500175336783241
-0.13014809574782257,0.11730201417856431
-0.18083035145056342,0.08062358097057985
-0.26113370391035534,0.06282628694312402
-0.30367477800909,0.06914463867591437
-0.28017495059780556,0.09987421925865236
-0.181421531126911,0.14615949429333056
-0.04272581690403425,0.1727876975431244
0.08607977486757351,0.18637275033358097
0.14714481174983618,0.17922920889662367
0.12990176300946,0.1528719703093342
0.07751983030773987,0.10970275515109452
0.039794499832895326,0.0405827551477943
0.054118547464203484,-0.04321847563228707
0.11137779347745963,-0.13888047052512106
0.16300841875049343,-0.21195404956804234
0.17518939787708926,-0.22786692041698317
0.16217090633578324,-0.17296012101211689
0.16920359736563012,-0.05069457166481174
0.25586225619289743,0.09695521477534814
0.42308289593497306,0.2237655498325114
0.5938383585093145,0.2673658371601771
0.6744619799707287,0.23227621029864437
0.5780609699916259,0.14205811021191403
0.29085332836397354,0.035877865305250764
-0.08524225570439097,-0.011774540568429737
-0.3836455792475507,0.025975425204792783
-0.46500813143932884,0.1294090975327348
-0.28988033361801113,0.2725756848218634
0.02182477727509271,0.4051255078975403
0.2874170332282747,0.47615455625502495
0.3704669734508507,0.4806993014740489
0.24970403221244578,0.4303619332001272
0.02406637347637217,0.3372371445921636
-0.12769711806862938,0.21870348021873107
-0.116907889895351,0.10210349612362474
0.07706412621417211,0.007094284337146077
0.3214720652880735,-0.043982099023044265
0.44455051537136414,-0.049044165262588424
0.3851728125321204,0.0003941268929741042
0.15239162754315227,0.08585808080182507
-0.11504810538945015,0.17002880056674177
-0.26415124283869906,0.22031693198626934
-0.2273249910919744,0.21255756545187793
-0.037848496844025845,0.1543006758973367
0.1647327209251421,0.07186657426913957
0.2608011661859689,-0.008202765632155867
0.22449221184011117,-0.059168297741676756
0.11252322518935923,-0.08587039676389596
0.05161830593672673,-0.11093440534596274
0.0828528645840246,-0.14873363159323266
0.17963564239343552,-0.20308619245949167
0.25688451478714336,-0.24923598516291764
0.21743487538917777,-0.2702848213980642
0.056655740252129105,-0.24517156921313094
-0.16287293641924125,-0.17102644073379067
-0.3240708480090621,-0.08875244661251513
-0.3482973239310016,-0.04355102010514591
-0.22300191969328184,-0.05480827170829914
-0.02501474135954703,-0.11195667068868106
0.12300454081392055,-0.16388288579988866
0.15167727474915102,-0.15957212361479461
0.061804021600405705,-0.07267946150818033
-0.05208633274083776,0.07061029889860193
-0.11233847900982347,0.2041207872612256
-0.09152365280249627,0.2668485262623654
-0.033192874224002064,0.21956562455758302
-0.018585545968118636,0.07934266692742806
-0.07546298366023237,-0.07318443619850404
-0.1759160733816338,-0.14591316155496795
-0.24338568047965542,-0.09786663645942842
-0.20637469605033976,0.07788932941528376
-0.06253069710495023,0.2915676946549195
0.120639781617696,0.4330838620448801
0.25479070675647847,0.42169114498165555
0.2932057648496548,0.2403681415513117
0.21286547125212263,-0.03635820469719651
0.08309919057391482,-0.2878604348567163
0.005012801547701548,-0.38193359978344527
0.02001425661747542,-0.3151167589205981
0.11586098588001854,-0.1566654350935613
0.22188111990552403,-0.023167271128598968
0.25044301693058885,-0.02026058598160183
0.16036038567816596,-0.12560331003796446
-0.008695424360408682,-0.24141504556664417
-0.18211125199677047,-0.2632890850029024
-0.28500299668682183,-0.16589047534758497
-0.28318018031255077,-0.010185716507238023
-0.19898480837807517,0.1012413450363004
-0.08656011763375543,0.09413474473708343
-0.006121283264490861,-0.035988712338124985
0.01831458467985044,-0.22115445789792423
0.0036210408934550563,-0.37743809141881546
-0.01726768403875416,-0.4446490430679313
0.003189964506233842,-0.392057739011006
0.07899780649249832,-0.2299607284476481
0.19861531601900365,0.012956921853660115
0.2919987600758731,0.26683621704876687
0.3278642992963445,0.4503022923580592
0.2993393704029094,0.49391491589321285
0.23360638819007973,0.3881780422468656
0.19056035289796608,0.17166689775536656
0.2030985151700349,-0.04665477076798589
0.2692995174385033,-0.17081706263011312
0.3360178036108939,-0.15947359591822746
0.33203957915018634,-0.05060835655607931
0.20595593984298466,0.07664536325834465
0.0030914328027612315,0.12708129297119528
-0.1707801079954281,0.09508311430737638
-0.22624115943584638,0.002229280239208565
-0.12608365280414638,-0.08445400038949198
0.0763128187854858,-0.11401352408466094
0.26656525238626244,-0.08317309309481255
0.34769382154411077,-0.02019900279701118
0.28681353084138383,0.0023401283265315916
0.12135413441169725,-0.04284898327321555
-0.0715832936445643,-0.14126986164548744
-0.19985928892441512,-0.24359504508638824
-0.22972671841982878,-0.290841019150375
-0.1771969874247856,-0.2766401277655396
-0.08665865207879495,-0.22762060117556532
0.012870706744927681,-0.19536378055978532
0.09690595092706457,-0.22895077906700068
0.17400702502744936,-0.3024431278142218
0.23807727812751248,-0.36540489034012563
0.28613611918512294,-0.35129021743825883
0.295853811418927,-0.23361872439756773
0.2335940789764812,-0.026554299041778032
0.10771980427601237,0.17894592152357605
-0.02385699368557653,0.30804711325606615
-0.12097231934208247,0.30449998121020166
-0.15149252856961526,0.18907006075113675
-0.12726603915073104,0.04077981728940096
-0.07598027431262697,-0.04996789953450341
-0.034252090827169235,-0.031998178663818884
-0.023881625609718318,0.07726118835577876
-0.015715810394452266,0.20213782963767107
-0.009643792243583544,0.2832047987397478
0.02454671624255409,0.27071591381290727
0.07457620064876624,0.16644471388619225
0.10477616786856636,0.03414124042005883
0.08053736923608361,-0.0670754693178636
-0.01167600949762641,-0.0879026114872617
-0.13980420142279987,-0.018585545968118636
-0.25735253484278203,0.10435741166121128
-0.3170997300410973,0.22191807454020906
-0.29757812709052045,0.30990691125891173
-0.226130309028736,0.34383877020105685
-0.1485119442759566,0.3281968640146204
-0.07186657426913957,0.28247812323520327
-0.026344919250982396,0.2110672733050486
-0.004680256653063183,0.12802965579301587
-0.006847954973019669,0.05424171383338478
-0.03757753555575766,3.694939539253414e-05
-0.10041614183518875,-0.018240685533188902
-0.2001671947246598,-0.0044955100517479005
-0.3000414004863674,0.022760827509078586
-0.3789283700687001,0.04135869112638621
-0.3956910895398391,0.02146759919097399
-0.3544062840631697,-0.021159688329375027
-0.26763680182268146,-0.07561078195355544
-0.19264183821808775,-0.09259518874197052
-0.1519728713357972,-0.052147915925428404
-0.1485242534895551,0.047110481610026025
-0.14565451960300682,0.18879909608863235
-0.0788623309097185,0.3165578007160886
0.053391878708131335,0.38082512270623076
0.23710428338155012,0.3630278084333578
0.3874636759559196,0.29334124718090704
0.4133652037011689,0.19836899677758577
0.2885008918782922,0.12752468110269216
0.043230794968594145,0.09780504990060158
-0.20827143519092567,0.07953973581750708
-0.35759625995745065,0.06701388950750914
-0.3484943793241359,0.02204647302795924
-0.19628751145746412,-0.07705181025210121
0.009914754375410784,-0.18824485755002507
0.14646740009357523,-0.2848059412936875
0.15316756689598038,-0.33371463097349613
0.040151676229895954,-0.33405947791148116
-0.13188470713606978,-0.28318018031255077
-0.2639664966591633,-0.22431978837111868
-0.3005710205977777,-0.17669201273446186
-0.23153722558050133,-0.14133143470736953
-0.10412340163339194,-0.11264639155854053
0.0032022811009740195,-0.052381925953247734
0.04797263269735036,0.015149252519537908
0.017218418503352498,0.08412145591663314
-0.07056102830184599,0.13715615485352767
-0.16898191004835406,0.13663887094960542
-0.24317628887903314,0.09810064648724774
-0.2735733249889123,0.0348063327400127
-0.2586950489417054,-0.0017612545949912226
-0.22900004291528425,0.021541498337635533
-0.18578157065723336,0.09992348310693593
-0.15497808755359765,0.20434247457850166
-0.12295527696563699,0.2764307361649173
-0.07282725980150341,0.2835373634580238
-0.010333514800561105,0.21898675409483395
0.0746254644970498,0.1224256703511715
0.16518843176718223,0.030680316734454413
0.23486268380603448,0.0002709622372721204
0.25598542931055107,0.04438854264256464
0.23178357181580864,0.14725566215694658
0.16170287278319984,0.25694608784902545
0.08866623487801889,0.3293176503054335
0.05337956274606045,0.35531770574724997
0.07011764017034912,0.3408089220591146
0.13242663646107852,0.31312150558038976
0.20040120475247913,0.2827367786841091
0.2136660425290925,0.2521796418157808
0.13684824905328297,0.20038889553888062
-0.011072502049381283,0.11571319433516783
-0.18227136625216445,-0.0004064433559081805
-0.30292345708345897,-0.11949434990579638
-0.32978567036107215,-0.19931735959940636
-0.2504676353577859,-0.21878968520475495
-0.09966484115497481,-0.1768890816245409
0.03612419466937718,-0.09328490961182999
0.12157583522591804,-0.02257608132954283
0.1264777770873597,-0.004815738140756326
0.06637343248593323,-0.04266423709367979
-0.011207983537074426,-0.1116364421778931
-0.07293811020861382,-0.17159300198294122
-0.12676106446040733,-0.2046873350134314
-0.1768151723551708,-0.20930601649571487
-0.22971440920623024,-0.19894786724033484
-0.28330332643631495,-0.19375031529530232
-0.28861172878845787,-0.21180625802319164
-0.20664566071284415,-0.25160075785608693
-0.033377620403537825,-0.3025170100897024
0.20653481030573373,-0.3344536156916392
0.41963429158567567,-0.3294038687884021
0.5480457624483064,-0.29616173071611646
0.5411485537497116,-0.24264669576151238
0.40608619342990415,-0.180879615298847
0.19033865208374529,-0.13160143325996687
-0.016294684231437515,-0.09521859663862857
-0.135074669533406,-0.09636402835052818
-0.1427108899440332,-0.1340400882286168
-0.0647599739699226,-0.19649688956114167
0.05759179386035117,-0.25144063010374823
0.17023817867041932,-0.22912321603293792
0.24012182230989385,-0.1065251087158292
0.25386697585879964,0.10872975365665978
0.2226447500447536,0.36233808756349833
0.17113729114090107,0.5523688338469989
0.13789515306861544,0.5965480051343584
0.14277246300591528,0.45637429785554223
0.16842765801280205,0.17080473991956988
0.19537608977338383,-0.16013868486394514
0.2051923097037551,-0.3999156332419645
0.1734281545647003,-0.4768812317595695
0.10698081955786932,-0.3987578923164664
0.040619703034006985,-0.23551545004120888
-0.006490777310680473,-0.08918352553041349
-0.001009950118761583,-0.04895795015385599
0.048563822496406506,-0.10126597696044219
0.07107831895424059,-0.19823351444633358
0.031259190571439666,-0.2362298163321549
-0.09638866027466997,-0.16809512028841556
-0.29008969822474395,-0.02298252494906321
-0.4458806932627995,0.1239652263462844
-0.4875965641604225,0.19345471870865613
-0.3816133712726573,0.14780990069555386
-0.14849962156541333,0.0014410264005379162
0.10695618763372754,-0.1703367198639312
0.2394444106536329,-0.26373248663134397
0.18585546642965872,-0.22879065131466197
-0.02577836137606804,-0.07946583329660936
-0.265887867723891,0.12225323338523425
-0.3833623053714478,0.2639172328108797
-0.30940193656858805,0.31519066818996816
-0.08201534542084206,0.2639541604516753
0.19221075930018938,0.1468738470873318
0.3689766678070766,0.031801113147976054
0.35753468689556855,-0.03618577447973164
0.18703783927929865,-0.0445856047841713
-0.0524188772136966,-0.0032761798258560374
-0.21963953382695312,0.045558606278606036
-0.25258606181564786,0.07096747529560256
-0.1616536089349163,0.03639515595764537
-0.038883081523051234,-0.06562212505724693
0.03385796316971975,-0.20584508943587426
0.024928526250814594,-0.3462281613214232
-0.013905289736834976,-0.42674089188489267
-0.021578447910966303,-0.4095224615717135
0.047011947164986516,-0.2551848445366365
0.1875551366801656,-0.008978703297865862
0.30720960084135596,0.26710718171127124
0.35105620741043947,0.4579754674033715
0.3154246782177875,0.4968338731372105
0.24545484308923382,0.37192029746605026
0.19063424867039144,0.14496479873314735
0.19817192788750676,-0.06047384370897034
0.2631782210988472,-0.16981942246306422
0.3319164330264221,-0.1473172487157734
0.32966252423730796,-0.05076847081147328
0.21005732392440118,0.05243119317576749
0.01044436267699437,0.10308881358013038
-0.16813207492310062,0.08780408379069456
-0.23257182038223526,0.030076807599091194
-0.1421073740601976,-0.03522509232160398
0.06686609121418605,-0.09760798775899493
0.2813819553715873,-0.12560331003796446
0.3719818975218218,-0.10928399894373943
0.2978860193938204,-0.03856285301226329
0.08062358097057985,0.092496654296931
-0.18161860001699004,0.23625443475935193
-0.3622395598669312,0.3327169908064473
-0.4074286805349381,0.3247359234578351
-0.32735932460602074,0.21806302319715515
-0.1912870284025106,0.041962196887513244
-0.0804265188289732,-0.1188292609600787
-0.008227399243415744,-0.20266743625213657
0.06669366099672118,-0.1940828665166335
0.17468442318676555,-0.11848440052514897
0.31254262162069596,-0.03550836957194306
0.4160748233323232,0.020802510245256308
0.41533583861418016,0.024928526250814594
0.28569274455057075,-0.00596116943087641
0.058564795354785905,-0.04603894904478796
-0.14830256617227905,-0.07594332642641428
-0.2407992069722653,-0.11029394832438685
-0.1677748917776276,-0.15905483971087236
0.031665634190960044,-0.23918575520472704
0.24098395315180107,-0.3216198568329242
0.35452945718082335,-0.37397715086203015
0.2989698780438379,-0.3450827296095236
0.12214238297812385,-0.23052727619985391
-0.08306224268770215,-0.04823127802354766
-0.20654711951933227,0.13980420142279987
-0.19536378055978532,0.24512230536484736
-0.08773018126979683,0.24837385432101042
0.0158020255031847,0.15824194572335926
0.05137197657260032,0.04284898327321555
-0.01703367232381674,-0.022822410693669234
-0.1602372125605123,0.000258645774338044
-0.2845103582039861,0.07829576966056796
-0.32721153306117,0.1460609665967634
-0.2639048966033917,0.13726700526063806
-0.10879134021548661,0.02893137588719159
0.06806078677436923,-0.142218224467308
0.19769158512132484,-0.27362258883719587
0.2368086732979592,-0.28410391121022954
0.19069583522921826,-0.15694872246660893
0.08062358097057985,0.08304992672563126
-0.06333126838192009,0.3381978301245274
-0.179266150034364,0.5060096900337848
-0.2573402256291835,0.5438828188019524
-0.26950890903912555,0.4514354148563603
-0.22445527070237087,0.27583956998551445
-0.12977858989180632,0.07935498963797132
-0.02482999349289318,-0.07765531263899207
0.048452975463532284,-0.18706247120344044
0.0735908831922606,-0.24902662055618485
0.051692205083388267,-0.27225545631107545
0.017243052114612377,-0.26906550741068397
0.006626258376594092,-0.23498585692368815
0.026849893941306106,-0.17326804030930631
0.06944023526256053,-0.09238580388982061
0.10836026129758826,-0.01783424191366852
0.11246164537900477,0.035594584680675494
0.08556248421517891,0.047011947164986516
0.03635820469719651,0.011331148219137631
-0.023068740057795644,-0.06918158656212706
-0.08256958395944933,-0.16486820325639429
-0.15361095502747724,-0.2485709097141447
-0.2527092349333015,-0.2887595203333086
-0.3765143605211367,-0.2674397194356577
-0.4950480113976245,-0.18271476788060606
-0.5630718570342534,-0.04802189991987012
-0.5221072800683719,0.10178326761283679
-0.35253417684672556,0.21438039532309375
-0.11210446898200414,0.26562921227498515
0.11311441836265156,0.23118004243502832
0.24498682303359517,0.14668910090779605
0.2717504816207517,0.09209021405164682
0.2178536450934776,0.12092305549379889
0.1712850826857518,0.23518291231682242
0.17711076894181696,0.3851605033185218
0.21298863087283154,0.49965435667242
0.2447035221636028,0.49127917853753916
0.19259257436980418,0.36193164056974175
0.03715877597416638,0.1592888497386917
-0.1950558612625959,-0.014558062720481766
-0.4132789852182003,-0.07383720918215084
-0.5361480437008687,-0.004224547498141137
-0.537084083812146,0.13240200453693673
-0.4350914515925764,0.239505983715515
-0.3154985874871576,0.2330891042861575
-0.2479304526925688,0.08059894904643806
-0.2509479916209125,-0.13416326134627046
-0.2910503837571078,-0.2933289379673085
-0.30116221377107,-0.31689033844047504
-0.2561208846479138,-0.19508049318673767
-0.1577616029571773,-0.01160211035096487
-0.05301006701275274,0.11539296582437988
0.01660259509303648,0.10360610423252498
0.04557092224067693,-0.04334164200146837
0.045632505425267575,-0.24472816758468932
0.04571872053400001,-0.3825001475356511
0.04683951694752165,-0.3772902728800753
0.022600713253684613,-0.22647516946366572
-0.04672866991464743,0.0005049750593807915
-0.15321683074426393,0.19309754906012788
-0.2770219293382096,0.2717258631935547
-0.3372494538057621,0.2140478575987073
-0.2825520325045734,0.08612904546432945
-0.1138041459809834,-0.056212348746396044
0.09173303765464619,-0.16690042472823238
0.22138846792574357,-0.21383846599808498
0.18438980620697118,-0.23332311431397681
0.004175281962739474,-0.25014740684699793
-0.21654809912618403,-0.2415135732632113
-0.35518222341599776,-0.20123873066413406
-0.32452655885110226,-0.12624376705954035
-0.15040866991959775,-0.006675524333775279
0.077347400090275,0.12119402015630326
0.21832166514911627,0.22727572724369086
0.2127546208450122,0.26890537965834527
0.09661035434041841,0.24710524949145715
-0.03654295425096845,0.17328034952290483
-0.07956436774164886,0.09891353372628851
0.02462061370209754,0.05121186231720634
0.21075935400785917,0.025864578171918565
0.3699127349122434,0.01762486212287288
0.40606154800881766,-0.0036333572773054722
0.30829343249748403,-0.03433830593590167
0.14110974739009347,-0.06495703611152925
0.004791104951275971,-0.06411951694834671
-0.007057334763815306,-0.046001997784339096
0.08444168442742109,-0.0163193161555793
0.21604312443586032,0.01343726377628299
0.3023815547523397,0.02301947452239398
0.3005464021705806,0.023068740057795644
0.23370494288053634,0.02385699368557653
0.1558032907547093,0.04206072795831657
0.13963176445686265,0.06972350913866344
0.1954253536216674,0.09236117196567882
0.3001522643904226,0.07118916936135099
0.3946195401034201,0.002019900237523166
0.44604079402124874,-0.0944426572858005
0.4438977221423002,-0.18331827026749692
0.4033026645293798,-0.20818521670795706
0.3601211334090692,-0.13970567372623274
0.3060272144947713,-0.002537191944366575
0.23790484116157526,0.1556924403475989
0.13678666249445615,0.24887882901133412
0.019780243215419907,0.24674806634598415
-0.04470876777911641,0.16279904064681588
-0.0231303215552682,0.02091335896524862
0.09594526539470072,-0.09876573543296543
0.2518347678839063,-0.17330498144704662
0.37541819265752063,-0.19371337415756198
0.39299377912228334,-0.19136092417493594
0.2784752803472987,-0.1939104295506963
0.09041517572528171,-0.21270535699672866
-0.0914743889542127,-0.22757133732728174
-0.18170481849995865,-0.2190729725778026
-0.14448445596696544,-0.17018891482213575
-0.02772436436493752,-0.08075906330183204
0.10384012100881668,-0.0031776481223834267
0.18313352408796116,0.021516864726375654
0.1793400593037341,-0.018376166177323
0.12523381767889294,-0.1230414954486056
0.06910768404122933,-0.22920943451590653
0.032675583571607464,-0.28529860677041274
0.027354870318747906,-0.25240131563611207
0.02048228173446836,-0.13321488502750514
0.0008621525635526665,0.044265376273383346
-0.029682679941641706,0.199046394936902
-0.04996789953450341,0.27253875718106785
-0.04648234055052102,0.24531936075798164
-0.007599259027469786,0.12896570940123792
0.04448707371336797,-0.02889442800097891
0.0907107655634555,-0.16571803838164773
0.12316465506931454,-0.2353799677099567
0.14330206962038078,-0.23456707372244356
0.16988100902189107,-0.17415481657230006
0.19973611580676146,-0.09398694644376035
0.22464001688190663,-0.037208043196686136
0.2080374116661616,-0.017637178084943774
0.13321488502750514,-0.034412205082563214
0.01125724907247609,-0.06712473316614717
-0.11797942583482525,-0.07537676517726374
-0.19477258738649297,-0.056705004100412675
-0.19014159669061098,0.015900556573988027
-0.105761485325072,0.1269827517776834
-0.015001454226214827,0.24509765994376084
0.018018988093204277,0.33934326183642705
-0.02744108542748034,0.3838672800617715
-0.1162920647979169,0.3601703972573528
-0.21008195584854297,0.2612322316069225
-0.24284375115464668,0.12982786723703463
-0.21259450658961823,0.001059216075942769
-0.15922726317986488,-0.08279127802519777
-0.12980323531289284,-0.08694192595489784
-0.16129642578944328,-0.0004803421335126387
-0.24326250736200175,0.1471817663845212
-0.33752041846826647,0.2825520325045734
-0.3883627884264013,0.34898704480086107
-0.3593944579045247,0.33362841249052755
-0.2782782249541644,0.20795120668013772
-0.18211125199677047,0.03980681579496622
-0.0931617432426487,-0.11014615003106377
-0.0309635939847935,-0.193553259902168
0.051224178279277235,-0.19517902088330483
0.17404396616518966,-0.12958153449867205
0.31624988141889915,-0.04666708673005678
0.41515109243464443,0.005234497722347601
0.40994124477295807,0.017119887432549174
0.28225644941487193,-0.005148282613615168
0.05571969001814323,-0.04680256906130897
-0.15693639975606566,-0.07601722219883965
-0.24810288965850605,-0.10834794533551738
-0.17244283710819466,-0.15914104469689624
0.026234070530990083,-0.23667319096670703
0.24391527359717619,-0.3220139946130822
0.3494674010639877,-0.3785958323443136
0.28673962157201377,-0.3596900679881156
0.10348294461181605,-0.24514692379204442
-0.09170839898203204,-0.04985705250162919
-0.18876215495089205,0.15157873355563914
-0.16766404137051721,0.26586322230280446
-0.0713000197684614,0.2575372810223178
0.006121283264490861,0.1419842144394887
0.014126985489701507,0.00857225967834548
-0.0381687253548138,-0.0336485850660422
-0.1013521954434108,0.061286730948011105
-0.14628265391403947,0.2271156264852416
-0.16036038567816596,0.37619413201034874
-0.1499406498639591,0.39117093575412276
-0.11865682399414146,0.2719106093730905
-0.060326045415647254,0.08314846117067076
-0.004569408776629918,-0.08309919057391482
0.020654711951933226,-0.1604589133747331
-0.03938805621337494,-0.1577000163983505
-0.20450258883389563,-0.13036978306509864
-0.407748909045726,-0.12504907149935718
-0.561680106080936,-0.15056878417499173
-0.5778516053848931,-0.16451103360786604
-0.455512167013635,-0.1313304685974625
-0.25557898231679455,-0.04202378007210389
-0.07444071831751406,0.08777945186655277
0.008757006701440286,0.2020885657893875
-0.006995752422783705,0.27124550693042804
-0.07155866172042251,0.2757779699297429
-0.12751237188909362,0.23084750471064186
-0.13316562117922157,0.17230735477694248
-0.09659803837834752,0.1269211787158013
-0.023179587090669862,0.10877902425341572
0.06778982886033721,0.10306418165598859
0.14655361857654384,0.09959093863407709
0.21585837825632456,0.06478460589406439
0.2318820995123758,-0.005776422407781603
0.1916811526857239,-0.10370463867756448
0.10044077375933053,-0.21574752784921417
-0.012624377380801272,-0.2995610712171302
-0.08705277636200826,-0.3341703418155363
-0.07945351733453847,-0.3170627754064123
0.020814826207327202,-0.24368126356935685
0.18905773804059348,-0.14688616979787505
0.3489008263178925,-0.061902556045445215
0.4146461177443207,-0.022132688136691673
0.3505389235065173,-0.0376391187403483
0.1796602743175773,-0.08009397435611436
-0.031234555273061695,-0.10143840717790706
-0.18838033988127728,-0.06271544328448599
-0.23732598419577092,0.04961072313750278
-0.1802760994150114,0.2063870052639383
-0.06120051921351485,0.35381509088987734
0.04481961818622681,0.4521497541534168
0.10959191149245649,0.47702899631053075
0.10730104806865727,0.4263467541047346
0.07210059104543128,0.33747115461998295
0.01809288723986582,0.24206781180181858
-0.05318249723021761,0.16734381285972927
-0.12667484597743872,0.1189401113671891
-0.1943907723168782,0.08164584631329816
-0.2462061370209754,0.0522957108445153
-0.26444682592840046,0.02262534686494449
-0.21998439426188285,-0.005283763679528788
-0.10461606036164475,-0.014816708046679066
0.06182865352454749,-0.005727156450600417
0.2307489770140747,0.013966872077866578
0.3552068688370843,0.03633357277305472
0.42666698261552255,0.05603991852893118
0.43927906765390623,0.10239909271027091
0.42082898714585887,0.17055840718120727
0.3717478874940025,0.26450839899028256
0.30064492986714775,0.3554408788649036
0.20862860483945392,0.4004082987186897
0.09424559514419384,0.38488953865601744
-0.03419050764257859,0.31723521237234953
-0.13844939160722272,0.23642687172528917
-0.19732209276225332,0.19343008678451437
-0.1964599349264566,0.2172131880719017
-0.12990176300946,0.2879959171879685
-0.05599065130641142,0.35760856917104916
0.00697111923330335,0.37219126212855463
0.02821702140607224,0.3063474430055593
0.012599743769541394,0.19359020103990834
-0.019780243215419907,0.09613001157423648
-0.056963652800846164,0.06852881357848026
-0.07733508412820411,0.12915045558077368
-0.10715324977533419,0.21619091598071102
-0.15252710987440446,0.24928524901120122
-0.2075817143210662,0.1592026312557231
-0.2679693395470679,-0.03529899146826552
-0.2913213484196122,-0.2700385021566463
-0.2583378657962324,-0.43707439571918616
-0.17212260859740672,-0.4553274208340993
-0.03531130743033641,-0.31519066818996816
0.12177289061905233,-0.08369038374720715
0.27753924023602133,0.1280912423518427
0.3956048710568705,0.21563667744210377
0.4459422663246816,0.15655459818339562
0.432665105837525,0.0068110053996888985
0.3449349380646729,-0.13790746228221396
0.20000708046926582,-0.20755706889997969
0.05116259846892277,-0.16931444777274052
-0.06960034276948214,-0.054919118741173355
-0.11795479391068348,0.051482826979710725
-0.09594526539470072,0.09186851323742601
-0.018622495541449405,0.05669268813834179
0.06429194716581157,-0.03549605360987217
0.10996140385152801,-0.11923570795383526
0.12194532758498956,-0.1390282620699718
0.11477714072694577,-0.06620100226846837
0.15160337897672568,0.06558517717103426
0.2272511088164938,0.22271864581717893
0.3262015836805226,0.33792686546202305
0.39098618957458703,0.380270857173734
0.3687426577792573,0.3390969156011197
0.23391430748726916,0.2195902564817248
0.019792559177490798,0.06857807742676383
-0.17558353565724732,-0.07788932941528376
-0.26113370391035534,-0.16601363496829388
-0.21085788170442632,-0.1686863134617079
-0.06049847563311212,-0.09258287277989963
0.1129296721831158,0.011417363327870064
0.19915724534401238,0.07695327580706171
0.1469846974944422,0.06972350913866344
-0.015962139758578672,-0.03308202719112784
-0.20538937859383413,-0.19267877935582806
-0.33368998555240964,-0.3348231080507107
-0.36478907873963623,-0.4131558390944361
-0.32363975559421904,-0.3858748696094678
-0.2590275866660919,-0.2849660690460263
-0.2178782770176194,-0.16628459963079828
-0.20518000049015658,-0.09675815263374149
-0.2196641657510949,-0.10738725980315353
-0.23964146604676717,-0.2024703808590023
-0.263720150423856,-0.32197703997839716
-0.28861172878845787,-0.3967503027687701
-0.31075673288722044,-0.3948289317040424
-0.34646217134924256,-0.3172721400131451
-0.35004625802979206,-0.1894025984755232
-0.28203474860065114,-0.06979741165956116
-0.1410358516176681,-0.012439630357706467
0.047677036110704195,-0.020580814492389778
0.20408383262654056,-0.08663402015465316
0.2442847659562477,-0.16688810201768914
0.15824194572335926,-0.23037948465500319
-0.017600228511613004,-0.2454425338756353
-0.19771621704546663,-0.2039360275847451
-0.28101246301251576,-0.13136742323214753
-0.24531936075798164,-0.059242200262574485
-0.14729260329468688,-0.01548179699239675
-0.06554822928482158,-0.00034486104123779873
-0.07213753893164394,-0.0011454312901200835
-0.16382131273800657,0.006269080714254896
-0.27258802102935137,0.04438854264256464
-0.312616530890066,0.10370463867756448
-0.21295168973509124,0.1592888497386917
0.021849409199234497,0.1713959330928622
0.2943265781343574,0.10563832570436307
0.4855766653991277,-0.022243536856683985
0.5166757315924648,-0.17094022225082206
0.38346083306801493,-0.2925406894008819
0.16129642578944328,-0.33155924988094915
-0.04114930964847248,-0.27473106591441043
-0.14005053416116248,-0.1657057291680492
-0.12203153257101346,-0.07021616786691626
-0.013240199947558247,-0.027244021598755594
0.1045791057269597,-0.03299581208239541
0.17707382780407666,-0.050657623778599066
0.19136092417493594,-0.02200952345462847
0.13873266548332563,0.07514275514944442
0.048563822496406506,0.1958071686912822
-0.06019056308439507,0.26686086246985335
-0.15207139903236433,0.22201660223677622
-0.22042778239337973,0.060141299236111494
-0.24800433496804944,-0.15398044738654876
-0.20818521670795706,-0.3106089413423697
-0.10752274213440571,-0.32586904595613614
0.04435159138211578,-0.1937749472194441
0.2078896201213109,0.005530093043655196
0.33450287953992275,0.1356535534930998
0.3966271296511164,0.11322526202128959
0.3866508089622959,-0.06737106590450977
0.31140949912239485,-0.28593906379198863
0.20274133202456193,-0.4080198737082304
0.08137488839926615,-0.3543816656359726
-0.04913038037132086,-0.10993677192738623
-0.15616046040323758,0.18717332161055084
-0.19702649617560716,0.40098715568449406
-0.15127082775539447,0.4336750552181724
-0.01831458467985044,0.2917524408344553
0.1943784631032797,0.06753118015990374
0.37852192307494353,-0.09411011281294165
0.45352919589313573,-0.10828636552516291
0.3701590541536613,-0.012082452273587747
0.156468379700427,0.10678375741626267
-0.10537967700392958,0.11134084559124695
-0.28879647496799365,-0.03225682399001619
-0.3010267314398178,-0.2684127411755095
-0.1522561452119001,-0.46639993638042526
0.06274007520862776,-0.5036941541950096
0.2252435192687975,-0.3670429875287504
0.24924832137040565,-0.08861697102973531
0.12261041653070726,0.20813595285967348
-0.06459985971452863,0.38789476837076264
-0.1987384891366573,0.39793268911535473
-0.2079758386042795,0.2674889832839413
-0.10860659403595085,0.07883769223710435
0.01958317938669516,-0.07346771682307932
0.06541274695356938,-0.1491893424352728
-0.02026058598160183,-0.14890606855916988
-0.21940551030218905,-0.12854695319388282
-0.4447475707644984,-0.1313058366733207
-0.5809799812234026,-0.1383878050483959
-0.5722106923022532,-0.14400411320078352
-0.43771485274076205,-0.11017078195520555
-0.24944537676353992,-0.028364821386513413
-0.07600490623676875,0.08227398737280317
0.0002832787002061967,0.1920752769689372
-0.009040285638897463,0.26498875525340926
-0.05775190811574514,0.28671500314481674
-0.11187045220571244,0.2458489538755024
-0.1253077134513183,0.18265318132177924
-0.10041614183518875,0.11967909608533214
-0.03088969483813196,0.08585808080182507
0.06085565877858512,0.09524322856277036
0.15944896399408567,0.1123877496065794
0.23401283518383628,0.09748482138981364
0.24194463868416494,0.008128867329053373
0.18399568192375787,-0.144533719815249
0.07724887239370787,-0.2820593670278482
-0.03082811165354131,-0.3288988940980784
-0.1054658954868982,-0.23161113484987142
-0.13124425011449387,-0.044647187968761944
-0.10918546449869992,0.14304342766841968
-0.06314651545391196,0.23241169262989655
-0.011318831413507691,0.19791328593554564
0.04696268331670295,0.11278187388979272
0.07407122595844254,0.038993928555925456
0.06274007520862776,0.03797166321320714
0.014003820807638302,0.08652316974754276
-0.08115318758504535,0.14104816083126662
-0.14500175336783241,0.16053280914715845
-0.12557867811382267,0.15037172878185745
0.0005296080379713845,0.13206945331560552
0.1989971310886184,0.10037919394897607
0.3559828081899124,0.06384855903431469
0.38851057997125205,0.01794509063366083
0.2785984534649523,-0.009434412452787908
0.08526688762853274,0.01969402810668747
-0.08195375886201522,0.10789223449347723
-0.1486597358208073,0.23985085764738948
-0.12330013740056672,0.31968617655459797
-0.06897220845844951,0.30514043823177756
-0.04230705732244298,0.19159493420275528
-0.07418206961708057,0.01994035747081388
-0.13833854120011232,-0.10031760739014924
-0.1657057291680492,-0.11465398110623684
-0.1106141768351748,-0.009927071181040723
0.013424946970653053,0.1390898486287986
0.11455543991272496,0.24626773707674696
0.123497192793701,0.25067702695840816
0.01279680759826614,0.1305175881068941
-0.1919644265618268,-0.06335590030606188
-0.356069026672881,-0.25108347395216474
-0.36990039870475544,-0.3558719442858572
-0.21286547125212263,-0.36887814011050946
0.06976045702487611,-0.3109538152742442
0.3419543537710142,-0.23501047535088518
0.4815984139445306,-0.19445235887570503
0.4487873682870881,-0.190843626774069
0.28226875862847045,-0.2124959788930511
0.10275626910727154,-0.217250129209642
0.00737756243104421,-0.18565839753957972
0.05134734464845853,-0.12483969339567963
0.18975978162099622,-0.06106503688226266
0.33197800608830424,-0.014964504652884056
0.37107047583774155,-0.003756521959368676
0.2868381762624704,-0.033636265729735125
0.10694387167165664,-0.08963923637245362
-0.07846819987803283,-0.16044659066418984
-0.17470905511090734,-0.21115347829107248
-0.15719504170802678,-0.21413406258473117
-0.02850030034352942,-0.1728000067567229
0.14370851661413736,-0.06791298848104615
0.28693670395903753,0.0818305992413063
0.341079886721619,0.24757326954709583
0.3000414004863674,0.38481565638053683
0.17819462759183446,0.4517309979460617
0.026775996481762657,0.43429089381255126
-0.1030518656939177,0.3407965858516266
-0.19283889361122203,0.21067313552489056
-0.2110179959598203,0.10146303910204885
-0.17256599672890358,0.0352127729852969
-0.11267102348268232,0.018302267030661457
-0.06094187051308137,0.03273716338196193
-0.03766375066449009,0.042011464110032995
-0.05844162898560461,0.023401284530654484
-0.11517126501015908,-0.007697790941832159
-0.17526330714645935,-0.04089066432227518
-0.2102913339522205,-0.05468510533911784
-0.20686734803012022,-0.05027581208322047
-0.14262467146106458,-0.03840273875686931
-0.019669394495427595,-0.061335994796294674
0.13806757653760793,-0.13486529142972845
0.30336685871190056,-0.2407253246967847
0.4178607120657987,-0.335734529734791
0.46057422313047064,-0.3775243099017841
0.40550730947021035,-0.3284431832560383
0.2703094668191507,-0.1878876744045521
0.10826173360102112,0.027798261824480967
-0.03141930482683364,0.241279563235392
-0.08563638673607664,0.38907715471734733
-0.05760410982242206,0.43436477608803187
0.01609762040271277,0.3564015643972675
0.08149805476844744,0.18963662200028727
0.07137391554088675,-0.001379444164951195
-0.0019706344912317412,-0.15705957287371933
-0.08387512992674291,-0.23247329268566813
-0.10189411801994719,-0.22056326472463192
-0.03755290363161587,-0.14768674107484492
0.10031760739014924,-0.06221046859416227
0.22769448345104593,-0.015949822109389687
0.2599759629848572,-0.02464524731335742
0.18365082148882814,-0.07434218387247454
-0.008325930314219071,-0.10301491780770501
-0.20355422601207507,-0.0788746468717894
-0.3185653902637849,-0.0033008128044466306
-0.3263986390736569,0.1052318787106065
-0.2612322316069225,0.18208662007262869
-0.2010662936981968,0.17598996915405915
-0.21240976041008247,0.06697694162129646
-0.28512616980447547,-0.0849466591177448
-0.3577563607158999,-0.1987138572125155
-0.3438141247799703,-0.2075324369758379
-0.21109190522919039,-0.08925742805131122
-0.0074884111510365205,0.10284248759024014
0.17475833245613565,0.2716519539241846
0.2314633433050207,0.32121340983916763
0.15861143808243075,0.23669783638779354
0.009606842670252774,0.04643307332800126
-0.09669657282338702,-0.17245514632179318
-0.066558178665469,-0.31489505810637725
0.09117879236756654,-0.33057391892749877
0.276233680771783,-0.25466756063271423
0.3656019457332599,-0.15301976185418492
0.259828144446117,-0.09749713735188453
-0.01805593766653505,-0.10904998216744774
-0.3295763057543393,-0.15056878417499173
-0.5176117717037422,-0.1605943957059853
-0.5180305549049867,-0.10161083739537193
-0.33747115461998295,0.03656758617511024
-0.09260750470404142,0.1835646030058595
0.0841460945892473,0.26585091308920594
0.1188292609600787,0.2453563153926667
0.020051206190806192,0.13022199152024794
-0.13349817240055278,-0.022637662827015383
-0.27922657427904024,-0.11625512366017658
-0.372117379853074,-0.09488605216576973
-0.42754147665880726,0.03077884780525774
-0.47694283181534103,0.2034310528944214
-0.5261963684331347,0.3323598076609743
-0.5486985286834808,0.3750856279392447
-0.49470313746575,0.33547587428588516
-0.320400542845544,0.2520318232770406
-0.058958919637999214,0.17542342140185335
0.1953391351386988,0.1560988873413555
0.35471420336035914,0.19111459143657336
0.37827560383352565,0.24779497036131662
0.29828015717397843,0.27667708240022465
0.17837937377137023,0.24089773466883246
0.07346771682307932,0.1450263852919742
-0.010801539917554044,0.03584091404480191
-0.09058760594274658,-0.05946389432832292
-0.17294781179851837,-0.10836026129758826
-0.2293202714260722,-0.10085953671515799
-0.2127546208450122,-0.08743458468315066
-0.06945255122463143,-0.0768547413620222
0.1854366967253589,-0.09722617943785251
0.45253158271997634,-0.131860075211928
0.6015238427682253,-0.15693639975606566
0.5295710365191725,-0.18261622668709418
0.20966318614424315,-0.18214820663145553
-0.23964146604676717,-0.1549041917811723
-0.6058592233805165,-0.12988944029891672
-0.7418946054401758,-0.10715324977533419
-0.6028047568113771,-0.09555114111148742
-0.29948716194776015,-0.08757006701440286
-0.0013301783132148894,-0.07352929663343377
0.12612060743883144,-0.05309628212148518
0.030433987370328007,-0.02792142650654417
-0.19033865208374529,-0.025113272430350355
-0.3641855763527454,-0.057382409008201254
-0.351425699769511,-0.11071270453174194
-0.12811587427598448,-0.17462285012488346
0.22412271948103965,-0.21181856723679016
0.5104312891290446,-0.1863234864852974
0.5974963544592342,-0.13050526539635082
0.472964580360744,-0.06851649761640936
0.21045144820761447,-0.03501571084369025
-0.03884613026260237,-0.05493143470324425
-0.19326997252912037,-0.11226458323739812
-0.2547168244809978,-0.1551012471743066
-0.2723293655804455,-0.12001163380971862
-0.2935506387815293,-0.00551777665980478
-0.3270390960952328,0.15670238972824632
-0.3322736161718951,0.28140660079267377
-0.25025827075105306,0.2882915002776699
-0.06639806441007502,0.1522315132877583
0.15925189510400667,-0.10271932122105885
0.3441589987118448,-0.3493688463735311
0.4239204353435727,-0.4770413595119082
0.38417519935896094,-0.43692660417433543
0.2713194161997981,-0.25089872777262895
0.16568109724390742,-0.013375681435251389
0.1299387041472003,0.13831390927597054
0.16654324158275938,0.13840012775893915
0.23848372512126906,-0.0040521172806762705
0.2839068558170953,-0.18525195054582314
0.27779786869103773,-0.29265152631104757
0.23486268380603448,-0.25498778914350223
0.18257928554935388,-0.06915695463798527
0.14075256424462046,0.17607618763702776
0.1012413450363004,0.3720311613701054
0.056187716822254256,0.4518541710637154
-0.005628624536238045,0.3961960642301628
-0.06362685822009388,0.2608011661859689
-0.08668328400293673,0.1371684775640709
-0.05549799257815861,0.060326045415647254
0.020494597696539253,0.04740607482243601
0.08202766138291295,0.07856673432307235
0.09706606518245854,0.10327355975966614
0.029892061419555433,0.1229306450414952
-0.08536542207357226,0.12130487056341367
-0.15797098106085486,0.11976531456830077
-0.1280419785035591,0.1370822590811023
0.015370948272404438,0.14161472208041717
0.20983562311018036,0.1202210254103409
0.36237504219818334,0.06468607819749725
0.38695870126559584,-0.0027219387565716193
0.26721804561532636,-0.0371218280879537
0.0867325478512203,0.006453827737349703
-0.0677282423015104,0.12860852625576494
-0.13314098925507978,0.2576111902916879
-0.10921009642284171,0.33036455432076595
-0.0665335467413272,0.3021721631517174
-0.04876088801224934,0.17079243070597133
-0.08181827653076303,0.018610179579378515
-0.13481602758144487,-0.07637440534431264
-0.14888143663502812,-0.08146110013376241
-0.10528114930736245,0.004766472183575139
-0.0015395582094554078,0.11279418985186361
0.0978912683835702,0.20181760112688313
0.12261041653070726,0.22562533433841225
0.04594041459974845,0.19171809382346422
-0.10566295762850486,0.11174729258500352
-0.27902951888590594,-0.005296080063379203
-0.4014675119476207,-0.10237446078612912
-0.4235755614116982,-0.15455931784929783
-0.3564631374591496,-0.1259235385487524
-0.24618151859377835,-0.03081579569147042
-0.14235370679856021,0.09775578605231801
-0.08196607482408612,0.1820619881484869
-0.05756716193620938,0.1536232777380205
-0.045509339056086284,0.04314457985986171
-0.011183350769373594,-0.10501018464485806
0.0506206725181502,-0.21296399894868975
0.09663498626456019,-0.22508340501340351
0.08612904546432945,-0.17825620065371658
0.014077719954299843,-0.12971701682992423
-0.07191584486589551,-0.13187239792247124
-0.09064918575310105,-0.21333349130776127
-0.008141183291124265,-0.34409739865607325
0.13905289399411358,-0.45824643206587584
0.27873393579620453,-0.5009352707155718
0.3040565795817601,-0.44541264621327137
0.16761477752223364,-0.31276432243491675
-0.07694095984499082,-0.1412082750866606
-0.31172972763318285,0.006010434966278073
-0.4206442409663231,0.06524031673610452
-0.3623996876192699,0.025445816903209198
-0.1608284057338046,-0.08126403799215576
0.09560040495977098,-0.20499525431062082
0.28859941957485935,-0.27484192981846556
0.3488638716832074,-0.24363199972107327
0.3077515301663647,-0.11781931157943128
0.20174370535445776,0.09502152774854955
0.09000872873152514,0.32440338573344857
0.004384661753535112,0.48127821242763213
-0.07164488020339113,0.5380571055519978
-0.15735515596342076,0.47205315867666375
-0.2597912168053214,0.3257828274731675
-0.33386242251834686,0.14596242540325152
-0.3455014858168787,0.0015765075718964167
-0.26763680182268146,-0.0937775683400828
-0.13528406113402827,-0.13663887094960542
-0.0044216109050863595,-0.13381840091134073
0.08646158993718829,-0.11263407559646964
0.1083109974493047,-0.05638477896386091
0.07242081955621922,0.04093993154479493
0.035188141061155115,0.16452334282146455
0.010567527359057576,0.2974795993939533
0.008276664778817408,0.37029453648491345
0.005505459854174841,0.3618823767214582
-0.024669880924617294,0.2606164200064331
-0.08121477414387218,0.08227398737280317
-0.12847304392451273,-0.08207692523119652
-0.11476481801640251,-0.17227040014225742
-0.02438660198716012,-0.14421349130446107
0.12869474473873355,-0.04674098587671832
0.2939940404099709,0.049081113148801106
0.39109705347864215,0.07190352215535224
0.4035489837707976,0.0014287100166875003
0.33869049560125264,-0.10944411319913341
0.2371535472298337,-0.19144714265790458
0.15802024490913844,-0.18317047872264622
0.10976434170992136,-0.07096747529560256
0.09519395796601442,0.09008263125242287
0.09125269488846426,0.21513170275178004
0.09247202237278923,0.24467890373640575
0.11361939980144764,0.1663708181137669
0.15654227547285235,0.0205561808811299
0.21401090296402223,-0.1117719245091453
0.26745205564314567,-0.1780345133364405
0.26445913514199904,-0.15205907632182109
0.17360057803369278,-0.05964864050785868
0.008239715205486638,0.06294945331230531
-0.1552736841402438,0.18647129152709283
-0.24035583233771318,0.2774160671183677
-0.19732209276225332,0.3552684418989664
-0.04831749313228009,0.403782993798617
0.1283129431660635,0.41554523021480244
0.23334775973506336,0.3676218714884442
0.21649883527790045,0.26136771393817465
0.11108220363928584,0.12009785229268723
-0.001995267469822334,-0.031640998892582074
-0.039843767055415084,-0.16144423083123874
0.04318152774607439,-0.2615155054830254
0.20857934099117037,-0.32054833439039465
0.3664764397765446,-0.3503172226922964
0.41488012777214,-0.34653608061861263
0.3196246034927159,-0.30068185750794335
0.11749908306864333,-0.19692796847904
-0.08893719954052326,-0.0405827551477943
-0.19926809575112278,0.12261041653070726
-0.15145557393493023,0.2297390276334273
0.021837093237163603,0.21084557249082778
0.2442724567426492,0.06427963120374068
0.42129700720149754,-0.14037076267195042
0.48858184112609393,-0.3101532305003296
0.44214878804350977,-0.37147692283149814
0.29527495445312274,-0.3089954895748315
0.09869183966054007,-0.15570474956119743
-0.09350660367757843,-0.009385146917386244
-0.2270909810641551,0.05015264571403917
-0.27119624308214446,0.008855538615802657
-0.22821179434885763,-0.08827211059480558
-0.1410358516176681,-0.1369714086739919
-0.046716353952576534,-0.07951510389336529
0.0017735710842865192,0.09156060068870896
-0.007685474136202219,0.29373538496106505
-0.06791298848104615,0.40144286652653416
-0.13061611580346125,0.34418361713904183
-0.15255174179854625,0.1401736937818714
-0.11551612544508881,-0.12171131755717024
-0.03837810683272753,-0.315092140493401
0.01540789784573521,-0.3658975558168508
-0.005369978788261221,-0.2678092117947292
-0.09814991033553132,-0.09802675071482239
-0.20274133202456193,0.029202340549695966
-0.23269499349988892,0.04740607482243601
-0.10695618763372754,-0.0611758805409007
0.1537710692828712,-0.22233683074756416
0.44734635348548707,-0.3245388680647008
0.6454197401794819,-0.3021721631517174
0.6458754510215221,-0.1420458009983155
0.42888396376384114,0.1100968861827802
0.09897511353664297,0.36652570362482817
-0.20670723377472625,0.518584793443594
-0.3650600434021406,0.503300043408741
-0.3182944256012805,0.34300125778634666
-0.13210640795029058,0.1008472207530871
0.04888405100719445,-0.15524905221610202
0.13150290556339972,-0.3066923169374337
0.07627587089927312,-0.3298718888440408
-0.07662073133420286,-0.24408771056311343
-0.21489769272396073,-0.0944303413237296
-0.27146720774464883,0.002635723647839186
-0.23827433352064678,0.012685959721832875
-0.1653362368089777,-0.08446632310003524
-0.10308881358013038,-0.2434472535415375
-0.08986093043820206,-0.36180849444597757
-0.111648758139964,-0.38874458999907135
-0.132057144102007,-0.2986742949541365
-0.10928399894373943,-0.1304067376997837
-0.038291891723995095,0.052443509137838386
0.03361163380559334,0.18503026322854707
0.05262825531737415,0.2526230164503329
-0.01566654317193251,0.27986703130061613
-0.1586976565653994,0.30313284868408125
-0.31063358676345626,0.3523740760882763
-0.3992628670067901,0.40890664997122417
-0.3922547944041403,0.42965990311666924
-0.30020152823870616,0.3802462387465369
-0.1566408031694195,0.2476841064572615
-0.024743778384160742,0.056840486431664866
0.07467472834533338,-0.10629109868800986
0.12038112616879014,-0.17729551512135272
0.12264735766844756,-0.15103681772757513
0.106389626384577,-0.07891159475800208
0.07265482958403854,-0.020334485128263368
0.03614882659351896,-0.018031305742393262
-0.010789223955483151,-0.05583053705101745
-0.06761739189439998,-0.07431755194833276
-0.1210092739767675,-0.044684135854974626
-0.155212097581417,0.05927914814878716
-0.16261429446728012,0.17879812997872532
-0.140961942348298,0.24392760980466419
-0.09782968182474337,0.22222598034045377
-0.048847103120981776,0.10728873210658639
-0.016060670829382,-0.04511521139863679
-0.0039535853663138975,-0.15655459818339562
-0.010395097141592707,-0.1738838519097957
-0.025963109242721893,-0.10332283035642208
-0.0247930456066805,-0.02349981560145781
-0.004569408776629918,0.0011946971418563888
0.04789873355068882,-0.04740607482243601
0.1206151496935542,-0.12226555609577752
0.16952382587641807,-0.16544707371914336
0.15639448392800165,-0.11642754712916908
0.077347400090275,0.01964476257128581
-0.03773764981115163,0.17234429591468278
-0.14684921516319002,0.2742753550723703
-0.16733150364613072,0.2774407125394542
-0.08997178084531246,0.1900430554970991
0.07604185412298144,0.0854393178459976
0.2273249910919744,0.01780960830240864
0.27361027962359735,0.02671441329717201
0.17315718990219592,0.09284151473186074
-0.046359174181339724,0.14613486236918877
-0.27320383262984077,0.14150387167330675
-0.4052979178695881,0.05574432194228501
-0.36386534784195745,-0.03924025792005186
-0.18404494577204145,-0.09232422407946614
0.05076847081147328,-0.07365246300261508
0.19224771393487444,0.0018721027877591301
0.16324242877831277,0.06750654823576195
-0.013511162922944532,0.07559846599148455
-0.2517115947662526,0.009865488840009122
-0.42170345419525407,-0.08079601118804472
-0.45692853639414954,-0.1425138210539542
-0.37397715086203015,-0.12493822109224678
-0.2433487258449704,-0.01896735597637914
-0.12210544184038354,0.11018309791727644
-0.06564676372986109,0.18700089814155832
-0.06007971942575703,0.16148117196897904
-0.057296197273705,0.04275045220241222
-0.02023595237034195,-0.11004761558602426
0.04844065950146139,-0.21217575038226316
0.09691826688913546,-0.22805166659651893
0.08766860145944236,-0.18320741986038652
0.010900071831916417,-0.13354743624883636
-0.07867757798171038,-0.12610828472828817
-0.10211581208569563,-0.21003267850331464
-0.025396551367807534,-0.34200361761929776
0.12900266403592298,-0.45706404571929116
0.26881916117537663,-0.5065515653710146
0.2870352316556047,-0.4568546271247794
0.15198518054939572,-0.3191688926506757
-0.07909634093753784,-0.13396619245619143
-0.30633513379196076,0.012772174830565308
-0.41242916358989157,0.07383720918215084
-0.3580642800130893,0.039474271322107374
-0.16630923155494007,-0.07327065468147266
0.07574626428480763,-0.1987138572125155
0.26853588729927375,-0.2802119052324906
0.3638407024208709,-0.2866287846618481
0.34653608061861263,-0.23549083161401185
0.26450839899028256,-0.15294586608175956
0.170361351788073,-0.0781233394431031
0.11488799113405616,-0.0371218280879537
0.10161083739537193,-0.03576701489814037
0.12333707853830703,-0.03564385190319525
0.18804778865994606,-0.00857225967834548
0.27119624308214446,0.042011464110032995
0.3505758781412023,0.11737590995098966
0.391688219658045,0.1819141966036362
0.35241103072296137,0.20127567180187436
0.20137421299538624,0.15723199634271182
-0.04916732825753354,0.07370172685089865
-0.31980934967225166,0.003694939618337074
-0.5123279877787963,-0.010407413103663601
-0.543870455600575,0.044265376273383346
-0.4048914708758315,0.15691176783192387
-0.1431296461513883,0.25167466712545705
0.10615561635675767,0.2798424128734191
0.23853298896955263,0.22031693198626934
0.20567265246993705,0.10230056501370376
0.0499925314586452,-0.011355780986838463
-0.10833562937344648,-0.054451091937062324
-0.16069292340255242,-0.010308881189301228
-0.07739667068703095,0.0863261076059361
0.08058663308436717,0.17288622523969152
0.20820984863209885,0.17788670829464506
0.22896308828059922,0.1207260001006646
0.1264777770873597,0.030224605892414276
-0.039141726849248534,-0.017735710842865193
-0.16435091935247206,0.01870871065018184
-0.19876312106079908,0.11014615003106377
-0.1283375750902053,0.19462478234469754
-0.026271020104320857,0.19908334957158702
0.01848701489731531,0.10752274213440571
-0.026061640313525217,-0.04414221327843824
-0.13900363014583,-0.19272805670105636
-0.22546522008301828,-0.2565273316416704
-0.22381481368079498,-0.21194174035444382
-0.11243701345486298,-0.08946680615498875
0.08228630333487406,0.038550537050192395
0.24788118884428523,0.10142609121583616
0.3076530024697976,0.08266811840448884
0.25296789038220735,0.015888240611917133
0.11592257243884538,-0.04340322518605901
-0.033919546354310395,-0.04229474136037208
-0.13775967073736325,0.018228369571118008
-0.18904542882699496,0.11152559177078271
-0.19371337415756198,0.19519134359384807
-0.208148262073272,0.2313278609737685
-0.2513421024071811,0.2194424649368741
-0.32333186329091906,0.17048451140878193
-0.3879440322190462,0.11135316155331784
-0.3924888044319596,0.07165719616546203
-0.34236080076477077,0.05527629513817398
-0.22795313889995178,0.057456311529098976
-0.08998409680738335,0.07549993154644505
0.047886417588617926,0.11455543991272496
0.17129740539629504,0.1738592199856539
0.2554804546202274,0.2346532922054122
0.2928116540633863,0.2609859123655046
0.2682279949959738,0.2148114742409921
0.17108802729261752,0.07515507111151531
0.022120372174620782,-0.13481602758144487
-0.13190933906021154,-0.3482973239310016
-0.23574946006902822,-0.48413562360363716
-0.2499873060885487,-0.48531800995022184
-0.18403262306149817,-0.351388745134826
-0.05783811985024139,-0.11012151810692199
0.06080638818182918,0.14179946825995293
0.08808735766679746,0.33137450370141336
0.03217060888128376,0.4057905833463133
-0.07616502049216273,0.38193359978344527
-0.16911739237960624,0.30675388999931585
-0.17733246975603778,0.22647516946366572
-0.08308687461184394,0.17215954973514702
0.08350563756767139,0.12360804320081141
0.23342164201054397,0.07839430410560748
0.30719729162775744,-0.007734740515162928
0.28329101722271643,-0.11450617606444138
0.17557121294670405,-0.21365371981854922
0.040151676229895954,-0.27221852867027985
-0.05328102830102093,-0.25089872777262895
-0.07788932941528376,-0.15369717351044587
-0.053391878708131335,-0.013203251217786522
-0.017538647014140447,0.10412340163339194
-0.015925190185247903,0.1675778228875486
-0.06262922480151736,0.157527592929358
-0.12847304392451273,0.08656011763375543
-0.1859909487609109,0.015038403799545597
-0.19362715567459338,-0.03055715036527312
-0.14192262788066184,-0.05014032975196828
-0.06857807742676383,-0.045324592876550523
-0.011281882683735967,-0.05064530444229199
-0.0012070136311516854,-0.078763796464679
-0.04685183290959254,-0.12410070867753659
-0.0933834440568695,-0.16505294943593005
-0.10795382105230407,-0.16321779685417098
-0.050214228898629816,-0.11405046522240125
0.0746254644970498,-0.05532556236069374
0.20665796992644267,-0.03335298847939604
0.2974303355456697,-0.08112855566090356
0.3040935342164451,-0.2011155575464804
0.2298252461163959,-0.34419595334652986
0.13213103987443237,-0.4342416299642677
0.06350369859938496,-0.44386076750761516
0.06851649761640936,-0.35617986358304665
0.1370699498675038,-0.2298129369027974
0.2196641657510949,-0.14129449356962923
0.2687945427481796,-0.13916374440122398
0.22906161597716634,-0.22454147568839475
0.14002588874007593,-0.32194008534371216
0.07355392855757556,-0.35124095358997526
0.08726215446568579,-0.25487692523944705
0.20291376899049915,-0.047603140338278845
0.35753468689556855,0.16749161790152473
0.46236008487005664,0.2782782249541644
0.4479991197206615,0.22991146459936454
0.2778225141121242,0.05175378826797891
0.00493890282281953,-0.16916665622788982
-0.23662392711842345,-0.31483348504449515
-0.3501940495746428,-0.3165701099296871
-0.27627063540646807,-0.17852716531622095
-0.04879783589846202,0.014225518247622925
0.20705209420965598,0.14082646001704582
0.37951956324199243,0.14562988767886506
0.4179346213351688,0.041494173457638395
0.34773077617879583,-0.09638866027466997
0.239148800570042,-0.16542244179500157
0.1692282292897719,-0.13272223304772468
0.1693390796968823,-0.0033008128044466306
0.1954253536216674,0.14576537001011725
0.1953391351386988,0.26799395797426495
0.12312770043462949,0.31519066818996816
-0.0062444479465540645,0.3156217336109218
-0.13157680133582508,0.30826881407028695
-0.17974649280054592,0.3017534069443623
-0.11791783927599843,0.30999312974188037
0.04027484259907725,0.2924175162832282
0.21871578943232958,0.22117908982206602
0.32439107651985005,0.08588271272596686
0.3139220633604149,-0.06472302608370992
0.1933808229362308,-0.17233198670108427
0.026739046908431884,-0.20409614184013908
-0.11265870752061143,-0.16964699899407173
-0.1727630656189826,-0.11336074435254179
-0.16359961192378575,-0.09976336885154195
-0.10396328737799797,-0.16525001832600908
-0.025458134552398183,-0.26827725884425735
0.011589793545334931,-0.356450828245551
0.005049750699252795,-0.39955845009649155
-0.03930184110464251,-0.3837071523094328
-0.09899975220925714,-0.33050003665201816
-0.14538355494050245,-0.28074152534390084
-0.1636611984826126,-0.2792389104865282
-0.1363555835765578,-0.3125672670417825
-0.07546298366023237,-0.33593158512792526
-0.013498846117314594,-0.30065723908074626
0.018881140867646706,-0.20038889553888062
-0.015925190185247903,-0.055879804273537205
-0.14027222147843854,0.08115318758504535
-0.3223465323374687,0.1552736841402438
-0.48562590225352176,0.15570474956119743
-0.5599557904093425,0.11759761076521047
-0.5033616434645126,0.0776060487907085
-0.3306355189832703,0.07558615002941366
-0.10738725980315353,0.11093440534596274
0.06804847081229834,0.15650532083816732
0.14383168973179103,0.17754184785971533
0.1299633495682868,0.1676517321569187
0.054401828088778754,0.14725566215694658
0.002364761305122185,0.13301782963437087
-0.00804265222032094,0.13677435328085763
0.001909052150200139,0.15930115895229024
-0.020100471726207852,0.18137226727862743
-0.1283745162279456,0.17352668226126744
-0.29793531023599346,0.12988944029891672
-0.45772912116806413,0.06462449163867041
-0.5072536224483621,-0.004101382816077933
-0.40113497422323424,-0.03453536807750832
-0.14627034470044095,-0.034855596588296275
0.1478468553302389,-0.013215567179857415
0.3245511772782993,-0.00312838216520224
0.3012484322540386,-0.001059216075942769
0.10030529142807834,0.009594526708181882
-0.17358826882009426,0.02092567492731951
-0.3763172781341129,0.05868795497549483
-0.4173064735271914,0.10371695463963537
-0.28678888542029735,0.12688422408111624
-0.04850223931181585,0.10658668852618365
0.18048547751868896,0.04855150653433561
0.3167055922609393,-0.029399402691302617
0.33314808322129036,-0.0909447823397472
0.2603454553439287,-0.11951898182993817
0.16964699899407173,-0.11311441836265156
0.10927168298166855,-0.08371501567134894
0.09563735284598367,-0.04899489804006867
0.12873169937341858,-0.022169637710022446
0.1943784631032797,0.0009237349045842686
0.2771697478769498,0.04832980909435099
0.3524233399365599,0.10416034951960462
0.3922424851905417,0.16375972617917972
0.3537781632490818,0.18870056839206523
0.2071136807684828,0.15448542207687246
-0.040767501327330063,0.08546395651861177
-0.3153384597348189,0.017378532758746474
-0.5165279130537246,0.0008375196376845138
-0.5549675895740981,0.058047504702391305
-0.40634482188492055,0.16415385046239303
-0.13570281734138337,0.257685099561058
0.12955690257453026,0.28268751483582555
0.2516992855526541,0.2167697864434601
0.19601654679495972,0.09451655305822584
0.02951024972417684,-0.016811974883832115
-0.11902631635321298,-0.05548567661608771
-0.1440164359113268,-0.0029682681206980276
-0.034744749555422054,0.09741092561738827
0.0980144347527515,0.16856314034405423
0.1855475471324693,0.1692159200761734
0.17154372463771292,0.10817551511805251
0.0966226703024893,0.023339701346063838
0.039695968762092,-0.033993445500971935
0.0016380899129280187,-0.0580598206644622
-0.005480827086474009,-0.07197742467624997
-0.018979673625568124,-0.09468898327569071
-0.03135772164224299,-0.13078855276939846
0.011737591838658013,-0.14338828810334941
0.12285673577212511,-0.09269371643853766
0.25067702695840816,0.02439891794923101
0.31453790195479375,0.13848633274496303
0.24332408042388387,0.2176319442792568
0.05904513812096783,0.24217864871198425
-0.11477714072694577,0.22308813817625045
-0.181778714272384,0.20437942921318672
-0.12437167334004097,0.2069905211477739
-0.019410749169230294,0.22213977535442989
0.006786372631988067,0.21287779396266587
-0.09605611580181113,0.1668757928040906
-0.2839930473061744,0.10117976522594593
-0.4390204122050004,0.05692670491463348
-0.46370259896898003,0.04828054524606742
-0.3377790739171723,0.07195279275210818
-0.13553038037544612,0.08795188208401764
0.0318626963325667,0.05511618425701619
0.08142415224754973,-0.054401828088778754
0.007303664127941715,-0.191397878809621
-0.10230056501370376,-0.30557150365273117
-0.15204676710822254,-0.3167548561092229
-0.0901934749110609,-0.212077222685696
0.05245582509990928,-0.03630894084891294
0.1658412114993014,0.13933616787021647
0.16343949766839178,0.21463903727505487
0.03687549872382729,0.1620231012939878
-0.14571610616183367,0.008054968182391832
-0.24653867474536187,-0.16792268332247834
-0.1930729171359861,-0.28210863087613175
0.010555210553427636,-0.2885501557265758
0.27409060889283454,-0.19625055682277906
0.4774600887253738,-0.035964080413983204
0.538845381112314,0.1347913956573031
0.4520266080296526,0.2770711931864932
0.31441472883714006,0.3679051453645471
0.18257928554935388,0.39895494770960066
0.11310210240058066,0.3641239762969738
0.11411205178122809,0.2766278185519411
0.11643986983971234,0.14955883479434431
0.08200302945877117,0.01221793376128089
0.014422580389229576,-0.09163450320960667
-0.026985376272558294,-0.13617083739702204
-0.005062067083103211,-0.13365828665594676
0.09317405920471959,-0.07786469749114198
0.2241843060398665,-0.024312702840498576
0.2917770592616523,-0.0022046472606179718
0.2711469792338609,0.0006527726673121482
0.17380995613737033,-0.012045503543816023
0.07483484260072736,0.0036579900450063037
0.04119857687099223,0.047393758860365114
0.10109354674297732,0.10232519693784554
0.19883701683322444,0.12578805621750022
0.25337433737596393,0.1223517610818014
0.1948095285242333,0.08529152630114689
0.006663207949924863,0.050238860822771604
-0.22447990262651266,0.036764648316716886
-0.3742850701592196,0.0468887841700414
-0.3562537728524168,0.050965532953079935
-0.18982136817982304,0.010863122258585645
0.01678734295969033,-0.08423230632374354
0.14404106783546855,-0.2178782770176194
0.09897511353664297,-0.33319734706957393
-0.08590734465010864,-0.37863278697899866
-0.28558188064651563,-0.31772785085518523
-0.40651725885085777,-0.1818279781206676
-0.35622912743133023,-0.037873132142403815
-0.16805816565373052,0.06968656125245076
0.058182980285171125,0.10622951212918302
0.20729842694801856,0.10795382105230407
0.22027997735158428,0.11627975558431837
0.12565257388624804,0.13676203057031436
0.010776907149853212,0.16114863424459258
-0.010136450971836361,0.15269953334339698
0.09536639493195166,0.07637440534431264
0.28776190716014916,-0.03605029552271564
0.4590469628520115,-0.12748773996495183
0.5087439010982467,-0.13681129441859793
0.41161626960237846,-0.022120372174620782
0.18908238346168,0.1862988545611556
-0.07319675216057493,0.3937081454132293
-0.28363589115459087,0.4969077824065806
-0.37492552718079547,0.45254389193357486
-0.3363257229080833,0.29718398931036244
-0.20898578798492692,0.11235079497189436
-0.03840273875686931,0.0044092945212359435
0.11440764836787425,0.020506915345728238
0.21008195584854297,0.10386475293295845
0.23010851999249882,0.1757805910503816
0.18838033988127728,0.14830256617227905
0.09869183966054007,-0.0031530151437928334
-0.018659445114780175,-0.21856799788747885
-0.11307747047643887,-0.40219418745216523
-0.16254039869485476,-0.47337105434839005
-0.15731821482568045,-0.4085002029774676
-0.1025345750415231,-0.24575042617893525
-0.01996499108207376,-0.07726118835577876
0.02384467772350564,0.012094769079217686
0.011392730560169232,-0.007771690088493699
-0.07548761558437415,-0.10827404956309201
-0.2126930477831301,-0.22802704816932187
-0.34159717062554124,-0.3031698033187663
-0.4134514221841375,-0.2986003856847664
-0.38011075641528475,-0.23358176976288267
-0.23720281107811725,-0.132599059930071
-0.030975909946864392,-0.046026629708480885
0.15662849395582099,-0.0004187598188422569
0.24215403028478721,-0.009705374584615147
0.19806107748039636,-0.06291250542609263
0.03843969001731817,-0.12311539122103096
-0.1727876975431244,-0.1581803591645324
-0.3378036923443694,-0.1194697179816546
-0.3833007323095657,-0.020149737261609516
-0.28386990118241023,0.11454313069912643
-0.0901934749110609,0.23418527214977353
0.1197529918577575,0.2633876126994695
0.2779949510780615,0.1757436499126413
0.32950239648496926,-0.021578447910966303
0.2859883276402722,-0.2482752996305538
0.20063521478029847,-0.4110989856984562
0.13028356458213003,-0.45702706409071664
0.11191972280246838,-0.3760586496790965
0.14682458323904823,-0.23528144001338958
0.1969772323273236,-0.12359573398721288
0.2140847987364476,-0.10827404956309201
0.17413018464815827,-0.17759111170799888
0.08531615822528868,-0.2823426409039511
-0.014053087186599011,-0.32671886758444485
-0.10285480355231104,-0.2428560603682452
-0.16464651593911822,-0.05728388131163411
-0.19920650919229596,0.16490515789107935
-0.2222629349751388,0.3159912259699933
-0.22896308828059922,0.35046501423714715
-0.21826007859028945,0.2626116733466414
-0.1878507332668118,0.10035456202483428
-0.15092596732046473,-0.05020191293655893
-0.12152655788068974,-0.13009881840259427
-0.12953227065038847,-0.1138410871187237
-0.18365082148882814,-0.02512559007953934
-0.2580422557126415,0.09683204840616684
-0.3209793998113483,0.20690430266480525
-0.31888561877457283,0.2874539878629598
-0.22869212361809482,0.34917179098039686
-0.0662995299650355,0.3668212867145296
0.12290601311735341,0.36398849396572164
0.25782058189231016,0.32777808081337584
0.2960878214467464,0.2608504300342524
0.2294064899090408,0.2028398732180738
0.08678181844797624,0.13487761414027172
-0.09805138263896418,0.04542312394735385
-0.25889210433483967,-0.07510580726323174
-0.3651216164640227,-0.23896405439050625
-0.3972183228244087,-0.40186162273388926
-0.3706024557821029,-0.5072413132347636
-0.3028618840215769,-0.49363164201710996
-0.19160725691329855,-0.33073404667983747
-0.07340613701272485,-0.06011666731196971
0.04297214626816066,0.21991048499251276
0.12241334764062824,0.38709418359684805
0.14714481174983618,0.38246319290096603
0.13522247457520145,0.217250129209642
0.09902438413339891,-0.0046186747338111045
0.07022848382898715,-0.15570474956119743
0.06553591332275069,-0.15548306224392136
0.0822124075624487,-0.022711561973676925
0.10691923299904249,0.1409250012105577
0.12152655788068974,0.20857934099117037
0.12554173697608237,0.1305545292446344
0.13705762715696052,-0.053034698936894525
0.159325790876432,-0.2247262218679305
0.19219843658964614,-0.2759380976820816
0.21343203250127316,-0.16991795015963138
0.173933129255024,0.03308202719112784
0.07503190474233401,0.2110795825186471
-0.05392148532259683,0.24910050283166546
-0.17319413103993622,0.12295527696563699
-0.23201758184362797,-0.08931900786166568
-0.21747183002386283,-0.27549469605363996
-0.1531552441854371,-0.308662951850445
-0.09050138745977795,-0.18712405776226726
-0.0803156684218628,0.019287584487167088
-0.12204385528155672,0.19415676228905887
-0.16254039869485476,0.24456806682624008
-0.1300249226301689,0.17909372656537148
-0.0031406987599424175,0.045866518827323094
0.18737039050062984,-0.05574432194228501
0.3546279848773905,-0.09808833052517685
0.39241489516258954,-0.08705277636200826
0.28717071398685684,-0.06165622330708262
0.08536542207357226,-0.06621331823053926
-0.08952838596534322,-0.10273163718312975
-0.13767345225439465,-0.14330206962038078
-0.0451028954365659,-0.14886911392448485
0.14816708384102686,-0.08680645037211802
0.312924423193366,0.026812944367975336
0.34403582559419116,0.13341195391758415
0.23105689631126414,0.20768024201763335
0.03457231933795719,0.23092141398001195
-0.1246056833678603,0.22391334137736213
-0.16377203539277826,0.21842019284568343
-0.09784200453528663,0.2164865125673572
-0.004236864303771076,0.2271648903335252
0.0049881683582211934,0.20765561009349157
-0.10441899147156573,0.16377203539277826
-0.28677657620669883,0.10993677192738623
-0.43564569013118365,0.07460083257290803
-0.4564974979670854,0.06751886419783285
-0.32950239648496926,0.08539005399771404
-0.13157680133582508,0.08877708528512929
0.02999059249035876,0.04004082919702173
0.07428060406212007,-0.05528861447448106
0.00020937990942112845,-0.18530122789105144
-0.11375486863575508,-0.27774860484275415
-0.1637843581033215,-0.3053128482038253
-0.09631475775377224,-0.23072435858687765
0.048379076316870745,-0.06914463867591437
0.17499234248395498,0.12262272574430577
0.18772756014915812,0.26668842550391614
0.1013521954434108,0.31939059346489657
-0.008276664778817408,0.26326443958181583
-0.07200205660039176,0.11663692523284663
-0.06205035433876829,-0.04746765800702665
-0.00710660029921697,-0.1585375423100054
0.015321682737002776,-0.15698566360434923
0.0007266714449166064,-0.05810908451274577
-0.011281882683735967,0.09287846261807342
0.014841339970820853,0.22311277010039224
0.10076100227011849,0.26172489708364766
0.19445235887570503,0.1792045769724819
0.2282364127760547,0.024275753267167806
0.15388191968998163,-0.15186202092868678
-0.0017982038519873508,-0.2885255103054893
-0.16270051295024873,-0.33510638192681363
-0.2596803529012663,-0.2993763250375945
-0.2598158352325185,-0.2196887976752367
-0.16749161790152473,-0.1415654582321336
-0.03778691703367138,-0.08047578267725677
0.07650988092709246,-0.03605029552271564
0.1304929561827523,0.0005665574004123934
0.11311441836265156,0.06286324157780906
0.03916635877339032,0.1435484023587434
-0.06389782288259827,0.22547752929661682
-0.15787245336428773,0.27661550933834256
-0.21154761607123052,0.279768503604049
-0.2130009535833748,0.24820141735507317
-0.16943762089039419,0.2097124499925267
-0.11486335920991439,0.22489865883386775
-0.08625220508503838,0.3022460724210875
-0.08862928699180621,0.39901652077148275
-0.142218224467308,0.45953965532262614
-0.20552486092508632,0.43307155283128157
-0.24345956275513606,0.3016179246131101
-0.23753534880250374,0.11353318131847902
-0.16990564094603286,-0.05147050764340364
-0.07447766620372673,-0.13985346527108344
0.017489381478738783,-0.1329808749996858
0.06235826688748535,-0.06419341946924442
0.05080541869768596,-0.009853172034379182
0.009582209902551942,-0.011134084390412885
-0.03457231933795719,-0.07387415706836352
-0.044610236708313086,-0.16412921853825124
-0.02936245480508994,-0.2197011068888352
0.0008375196376845138,-0.20893652413664335
0.013732858675811062,-0.15086438076163788
-0.01475512486208842,-0.09509543026944728
-0.06868892783387423,-0.1042096133678882
-0.11948202719525312,-0.1814092219133125
-0.12373121631846508,-0.2986003856847664
-0.06850418165433847,-0.3816626351209409
0.026369552862242275,-0.3849264932907025
0.12036881695519161,-0.3140821911127536
0.16517612255358372,-0.1923216097072998
0.14066634576165185,-0.07500727281819222
0.07493337704576687,0.0004433927710716298
0.030877378876061068,0.03439988912049232
0.05041129441447265,0.0468887841700414
0.14756356795719128,0.05988265728415038
0.2909765014816272,0.08958997252417006
0.40528560865598956,0.13481602758144487
0.4144490623511864,0.1754726852501369
0.3070741185101038,0.18769061901141781
0.11104524900460079,0.178404005695512
-0.10207886419948295,0.16039732681590627
-0.23136481560845357,0.14375778046242094
-0.2238271228943935,0.11813954009021922
-0.10353220846009961,0.07306126982932275
0.06142221327926329,0.006650891144294924
0.18783841055626851,-0.07143550209971358
0.19950210577894212,-0.10653742467790009
0.09816222629760221,-0.07595564238848518
-0.061927187969587,0.028044591188607373
-0.19171809382346422,0.14540818686464424
-0.229899155385766,0.202100875002986
-0.16212162899055493,0.16778721448817088
-0.032909596973662976,0.050214228898629816
0.07865294605756859,-0.0926321366281832
0.11684630333652417,-0.14732955792937194
0.07366477896468597,-0.04728291182749089
-0.022465232609550516,0.1788473938270089
-0.10071173842183491,0.4420502603469426
-0.10795382105230407,0.6077929576466217
-0.02040838258780682,0.5989127778275277
0.14028454418898179,0.4146461177443207
0.3201295781830396,0.1200362657338604
0.43663102108463403,-0.14654130936294532
0.4543913807228219,-0.2930456640912056
0.3900747678905067,-0.3268050860674135
0.2677722841539336,-0.29985665430683167
0.120479667362302,-0.2864317292687138
-0.00982853926667835,-0.3292437410360634
-0.10769517235187058,-0.4086233760951212
-0.173933129255024,-0.48031749990137884
-0.206189949870804,-0.47649943018689944
-0.20724916309973498,-0.3999402516691616
-0.1641661731729363,-0.2939940404099709
-0.08771786530772593,-0.2326580388652039
-0.007426828810004919,-0.2679693395470679
0.06047384370897034,-0.3703684187603941
0.09069844960138461,-0.4710925001381894
0.08697888058958289,-0.4823004710218781
0.07384952514422173,-0.3583229354619952
0.0833824711984901,-0.12463031529200208
0.12953227065038847,0.13566586270669834
0.18716101239695232,0.31011627586564455
0.22180722413309867,0.34646217134924256
0.18186493275535262,0.24788118884428523
0.06278933905691134,0.0792687711550027
-0.09939387649247043,-0.06717400376290311
-0.2585595666104532,-0.10422192932995908
-0.34169569832210833,-0.01587592464984624
-0.33115280288719257,0.15245321410197912
-0.2494946406118235,0.340722703576146
-0.1601263621534019,0.44249366197538426
-0.11220299667857128,0.40728088899008735
-0.1268103283086909,0.23079824086235828
-0.1721718724456903,-0.04445012245291911
-0.16895727812421227,-0.3311158482525075
-0.09099404618803078,-0.5084606272221438
0.06522800077403364,-0.5023393848702666
0.24174758329103063,-0.3054114028942819
0.3415109521425726,0.026184804995588423
0.31584343442514257,0.38182273587939014
0.17180238008661877,0.6137910538747345
-0.02298252494906321,0.6565784742087766
-0.19432918575805136,0.5169713146821663
-0.2563918493104182,0.2877495709526612
-0.1924324601144102,0.08431852480671216
-0.03904319577844521,-0.01471817697587574
0.1253816227206884,-0.00011084819276790745
0.23332311431397681,0.08110392373676178
0.23781862267860662,0.14564219689246358
0.15840205997875323,0.1370699498675038
0.03861212023478304,0.05943926240418113
-0.07816028732931578,-0.032934228897804764
-0.15628363352089125,-0.06584382587146774
-0.17964796510397876,-0.020716295136523875
-0.14183640939769324,0.06581919394732595
-0.06331894567137683,0.12565257388624804
0.0549930178878349,0.10361842019459587
0.1697455266906389,-0.011355780986838463
0.2434965173898211,-0.16176445934202668
0.24953159524650856,-0.2614169777864582
0.17844094683325235,-0.26521045606763005
0.058416997061462826,-0.17871191149575671
-0.03404270934925551,-0.05852784072010086
-0.06409488502420492,0.03479401340370562
-0.011626743118665702,0.05408159957799081
0.0931494272805778,0.025458134552398183
0.18583083450551693,0.0002955951631402731
0.19680479536138634,0.021886358772565267
0.09796516415599556,0.10715324977533419
-0.06854112954055115,0.19562242251174644
-0.21803839127301336,0.23418527214977353
-0.2598158352325185,0.16794732874356486
-0.1721472405215485,0.01780960830240864
0.004828054524606742,-0.15718273249442827
0.1751401340288057,-0.2602838552881572
0.24831225426523884,-0.2458489538755024
0.19166882997518064,-0.12816513812426805
0.027145490527952267,0.04399441498511515
-0.14590085234136943,0.19476026467594973
-0.23642687172528917,0.26585091308920594
-0.2155997228074187,0.2592369512728247
-0.09340807598101128,0.1868530930997629
0.04847760738767407,0.08901109531294862
0.10969043918902363,-0.01971866171794735
0.07675621366545506,-0.12954457986398699
-0.03839042279479842,-0.2382127604587647
-0.1753618348430265,-0.3404640481272401
-0.24555337078580097,-0.41898152535050126
-0.23868078051440333,-0.45641127948411675
-0.15011308682989633,-0.43870018369421243
-0.014311733356355359,-0.3726469729705948
0.11067575664552927,-0.27739142169728115
0.1899198958763902,-0.16852619920631393
0.20791425204545266,-0.0699082553181992
0.16183835511445205,0.03435062189797256
0.07728582027992055,0.15221919057721506
-0.015728126356523157,0.270863705357758
-0.09566198477012545,0.35145034519059754
-0.1346559133260509,0.354615675663792
-0.1224626114889118,0.2637447958449425
-0.06421805139338621,0.08529152630114689
0.02044533216113759,-0.13118267705261177
0.08567333462228931,-0.2853971344669799
0.10201728438912849,-0.32915754954698423
0.05659415706753846,-0.24430941137733422
-0.045349224800692305,-0.039819131757037114
-0.13251285494404713,0.18293645519788215
-0.17670433544500513,0.3370154437779428
-0.1600894210156616,0.3716370235899474
-0.08330856867759237,0.28152977391032746
-0.008005702646990168,0.11161181025375133
0.032392302947032194,-0.0603630000503323
0.02450976666922332,-0.16229406595649218
-0.01641784891350072,-0.15352473654450863
-0.05287458468150055,-0.050374343154023796
-0.035877865305250764,0.10074868630804759
0.04057043581148723,0.2190729725778026
0.1405308769273444,0.24988877839198154
0.2216471098777047,0.17738173360432136
0.2145651415026295,0.020100471726207852
0.12532003616186155,-0.1560496099961272
-0.01751401340288057,-0.28229337705566754
-0.16697432050065775,-0.3242679034021964
-0.25751266259512073,-0.28265056020114054
-0.2649394914051257,-0.20547559707680274
-0.17810840910886586,-0.13726700526063806
-0.05257899146909057,-0.08402292822006599
0.06235826688748535,-0.04672866991464743
0.14183640939769324,0.005727156450600417
0.13134279130800575,0.0723222851111797
0.048120430990673445,0.15006380948466802
-0.07118916936135099,0.21849410211505352
-0.1752386752223176,0.2617125608761597
-0.2207233789800259,0.2768371831586739
-0.18567072025012296,0.276233680771783
-0.12347256086955923,0.26708256328407415
-0.09328490961182999,0.2507139815930932
-0.12233945186820287,0.24152588247680984
-0.21357982404612388,0.25445816903209195
-0.29701155234442517,0.293353583388395
-0.3081333317390348,0.3318917876053356
-0.20117714410530724,0.32559808129363177
-0.006182865605522463,0.23885321748034058
0.19575790484299863,0.06322041797480969
0.32813526395884884,-0.11313905028679334
0.3317070414257998,-0.1928758482459071
0.2049582996759358,-0.128485366635056
0.029830478234964788,0.04979546931703854
-0.1284607347109142,0.22891382443231564
-0.21600616980117526,0.2938339126576322
-0.2119663722785856,0.20251964470728584
-0.15919032204212458,0.006884904124570917
-0.10010822928647169,-0.17814535024660616
-0.06150842501375954,-0.25995131756377066
-0.038956980669712774,-0.1993050368888631
0.01409003675992978,-0.03586554596894369
0.12690885600525803,0.1290149732495215
0.2960878214467464,0.22492329075800954
0.45654673482147945,0.20117714410530724
0.5472328684607932,0.10230056501370376
0.505012049866736,-0.03794703128906536
0.3093157180856194,-0.14942335246309213
0.028401769272726092,-0.19227234585901623
-0.2500488791504308,-0.1597076059460468
-0.39493976861420804,-0.073073592539866
-0.4045958877861301,0.0205561808811299
-0.2945359427410902,0.09600684520505519
-0.12007322036854545,0.1285962170421664
0.03702329364291419,0.12379278938034717
0.15167727474915102,0.11791783927599843
0.1923585508450401,0.1339538832425929
0.1787365434198985,0.17885971653755217
0.12333707853830703,0.24212938486370067
0.024669880924617294,0.2692625628038182
-0.08377659548170341,0.22813788507948754
-0.17757880249440036,0.11168570602617668
-0.22673382491257157,-0.04821896206147677
-0.20482281734468358,-0.1788473938270089
-0.13211873066083385,-0.2182724013008327
-0.03001522778873673,-0.13869571084864057
0.051790736154191594,0.03343920358812847
0.07818491925345757,0.18689004773444792
0.05934072795914162,0.23533070386167312
0.017280001687943147,0.13120730897675356
-0.025753729451926253,-0.08412145591663314
-0.06005508750161525,-0.29008969822474395
-0.11116841537378208,-0.387106519804336
-0.2030369286112081,-0.3183559986631626
-0.33669521526715485,-0.11667387986753168
-0.46789021503030986,0.0892697440133821
-0.528561087138525,0.17208565396272166
-0.46202757413955964,0.07015458805656179
-0.2631166480369651,-0.17993123898008168
0.002192330876767556,-0.4391558945362526
0.211522970650144,-0.5647099542228782
0.2894985320453411,-0.4762653931651906
0.21103031867036354,-0.23193136336065936
0.025285702647815222,0.06902147230673308
-0.17518939787708926,0.27737911248368263
-0.2955951829639107,0.30213520851703235
-0.2790172096723074,0.1761747153335949
-0.15976919250487362,-0.02992900930576811
-0.01191002205612288,-0.1833059610538984
0.10202960035119939,-0.21272998892087044
0.15452237671155752,-0.12955690257453026
0.15085207154803937,0.008966386492235922
0.11623047823909007,0.1151220011618755
0.09354355156379111,0.1507288984303857
0.08976240274163493,0.11959287760236352
0.08604282698136083,0.06958802680741125
0.09960325459614798,0.03664148532177178
0.127426153406125,-0.006712473485326526
0.18291182327374036,-0.07327065468147266
0.2417845379257157,-0.17936469122787588
0.2693857359214719,-0.3096729012310924
0.2327319211406845,-0.41303266597678245
0.12727834836432955,-0.429130283005259
-0.006872587740720501,-0.3203389427897724
-0.123854375939174,-0.11865682399414146
-0.15566780842345712,0.09870415562261096
-0.0925089702590019,0.2378678865268902
0.01910283830763133,0.2453563153926667
0.09699216266156081,0.14192262788066184
0.0736155151164024,0.005246814106198017
-0.06442742949706376,-0.0839120778129556
-0.2526230164503329,-0.07240849684567596
-0.3787928877374479,0.01650406402223315
-0.35636460976258244,0.11066344068345838
-0.20378823603989438,0.16234332980477575
-0.006441511353499287,0.13725469604703955
0.12546782770671228,0.055904436197678986
0.13232810876451137,-0.04648234055052102
0.03942500409958762,-0.13895436629754643
-0.06632416863764967,-0.20840691752217785
-0.09466435135154892,-0.2714918531657354
0.0016504064022233153,-0.338247093972811
0.17579291376092485,-0.4060122841605341
0.3233195270834311,-0.440510690854885
0.35551476114038427,-0.41925249001300563
0.251637712490772,-0.32335648171811615
0.07036396616023934,-0.1982088825221918
-0.08899877935087773,-0.10395096466745471
-0.1263053536183672,-0.09261982066611231
-0.032577052500804136,-0.18441443813111297
0.12052893121058558,-0.29858807647116786
0.22978829148171087,-0.3433337955107331
0.23424684521165562,-0.2671810909806413
0.14123290701080238,-0.03848895386560174
0.005320713252859557,0.25955717978361265
-0.09231190811739524,0.4999746121770974
-0.12135413441169725,0.590155744132198
-0.10414803355753373,0.49542981297029454
-0.08877708528512929,0.2701000752185284
-0.10811393530769804,0.017526331052069556
-0.1708416945542549,-0.1511723000588273
-0.25851030276216963,-0.19027707902186317
-0.3167918107439079,-0.12412534060167837
-0.3170504391989243,-0.039868398979556866
-0.2704326399368044,-0.006552359651712075
-0.20771718315537366,-0.04339090922398812
-0.1774309974526049,-0.1264162040254776
-0.19758073471421445,-0.18185261004480938
-0.22629042328412996,-0.16501600829818974
-0.26219291713928633,-0.07198974063832086
-0.2614785508483403,0.04478266692577795
-0.21938087837804726,0.12216701490226564
-0.15885777082079336,0.12636694017719402
-0.08070979945354848,0.05012801378989738
0.0035717749362738703,-0.04158038856637083
0.08590734465010864,-0.06936633274166282
0.14139302126619635,-0.00833824711984901
0.16284830449509946,0.1405924499892265
0.12689654679165951,0.30637208842664576
0.0531948131922885,0.4180824128800195
-0.014927556766671377,0.4457821385723429
-0.03866138408306661,0.37126753123087586
0.021048839609382714,0.25865809430702036
0.14768674107484492,0.1491893424352728
0.29510251748718547,0.07669462710662822
0.3718094605558846,0.07279031191529074
0.34218836379883355,0.09744787350360096
0.1928512163217653,0.12269663501367586
-0.03722035915875703,0.12913814636717516
-0.2381388511893946,0.1186937786288265
-0.3393186164153405,0.09728775924820698
-0.3185530540562969,0.05940231451796846
-0.21240976041008247,-0.0014779758684238058
-0.07354161259550467,-0.11047869450392261
0.056655740252129105,-0.25528337223320363
0.15811878610265032,-0.39357266308197714
0.24540557924095027,-0.4800588984402519
0.30845356024982273,-0.476893540973168
0.310781378308307,-0.3791870255176059
0.23047801235157034,-0.21718855614775992
0.043280058816877715,-0.046334542257197936
-0.1971003919480325,0.057998234105635364
-0.41470771780009225,0.04032410644736082
-0.5039158820031199,-0.05903281541042457
-0.4349190146266391,-0.17158067927239795
-0.23773240419563801,-0.23326154125209472
-0.008880171383503489,-0.19876312106079908
0.12573879236921665,-0.09206558212750503
0.1148756684235129,0.028869796076837123
-0.0006158232521486989,0.10529346526943334
-0.1057491693630011,0.10568758955264664
-0.08029103649772101,0.06149610905168865
0.11237543364450851,0.014533429109221889
0.39251342285915664,0.01471817697587574
0.6067090989966041,0.08670791592707851
0.6550758323575145,0.19506818397313916
0.5171068240073079,0.29550896448094205
0.2551848445366365,0.34465166418856996
0.0002832787002061967,0.3247728780925201
-0.14884448200034306,0.27933743818309537
-0.13966871909154768,0.23441928217759286
-0.016996722750485967,0.20146041798141012
0.10246067252062536,0.18452528853822336
0.1441395955320357,0.15246552331557764
0.10435741166121128,0.09619159813306331
0.03889539748512213,0.039326473028784295
0.037331206191631244,0.015247783590341235
0.1247165337749707,0.06436584968670929
0.26726730946360994,0.1675778228875486
0.37634192355519946,0.27012472063961496
0.3896683208967502,0.31446399268542363
0.29715937088316535,0.23307679507255896
0.1188292609600787,0.04860077375685536
-0.08396134166123917,-0.1578108668054609
-0.2464278378351962,-0.27613515307521586
-0.3404640481272401,-0.23035483923391667
-0.36886583089691094,-0.029054542256372884
-0.3390846063875212,0.22015681773087534
-0.26014837295690496,0.4036721568884513
-0.13443422600877483,0.42331690596279237
0.024669880924617294,0.27326540569172286
0.18456222967596367,0.03566848382733704
0.29215888782821187,-0.16651860965861762
0.3066923169374337,-0.22270632310663568
0.2140232256745655,-0.11884157017367722
0.04706121438750627,0.07955205177957797
-0.11513432387241876,0.24741316878864658
-0.21245902425836605,0.28996655210097977
-0.22282949622428935,0.1820619881484869
-0.1680827975778723,-0.003387027913179064
-0.09898742949871386,-0.1747460097455924
-0.054845219594511815,-0.24338568047965542
-0.036752332354646,-0.18438980620697118
0.00156419108260112,-0.04900721737637575
0.11700641759191814,0.1126833394447532
0.29143221232366734,0.20477355349640003
0.47663488552426214,0.1960411787191015
0.5763613267350085,0.10615561635675767
0.5142124312027284,-0.038057878321939576
0.28613611918512294,-0.17363753266837784
-0.023118005593197308,-0.22770681965853393
-0.26726730946360994,-0.16754088174980827
-0.36919836862129746,-0.03334067251732515
-0.3337392763945827,0.09551418647680238
-0.25486461602584853,0.12609597551468965
-0.2178536450934776,0.027293287134157258
-0.20287681435581412,-0.16037269489176448
-0.14611023044504698,-0.3388505963597019
0.005603991768537213,-0.40869725837060183
0.22567459818669583,-0.3616237482664418
0.3897176117389232,-0.23812654197579605
0.3775858829636662,-0.12043040351401844
0.1802391582772711,-0.06362685822009388
-0.09358050619847616,-0.04447475775129708
-0.28167756545517814,-0.04068128621859763
-0.29536114594220186,0.004655623885362351
-0.15433763053202176,0.09619159813306331
0.029239288435908645,0.1943045538339096
0.14091267850001443,0.265530684578418
0.12589890662461062,0.3026401832073561
0.029781214386681215,0.2804212968331129
-0.06493240418738747,0.2353060584405866
-0.09061223786688836,0.1712850826857518
-0.04236864050703362,0.10821246300426518
0.030975909946864392,0.050337395267811114
0.05288690401780763,-0.001662722786073731
-0.011232616304775258,-0.03508960999035179
-0.12498748494053034,-0.061693177941767666
-0.2217579602848151,-0.0675927599702582
-0.2235807901560309,-0.052024749556247106
-0.1253323453754601,-0.022908625802401668
0.02671441329717201,-0.0016011405504870097
0.1563328973691748,0.012772174830565308
0.17968491973866382,-0.014508795497962012
0.09750945331395543,-0.06209961818705187
-0.05494375066531514,-0.12084915972137353
-0.22241072651998953,-0.16552098298851345
-0.33946640796019123,-0.1599908798221497
-0.38787012294967615,-0.0982853926667835
-0.3700358810360076,0.022871676229070898
-0.3102148035622117,0.1818033461965258
-0.21993511691665454,0.32378754713906976
-0.10510871908989758,0.4279478966586744
0.02766278118034687,0.47209014030523827
0.17074315336074303,0.4388602844526617
0.28287226101536134,0.3490116902219476
0.32379988334655774,0.22578544859380623
0.2794852297279461,0.11035552813474131
0.15191128477697036,0.022305118354156543
-0.007205132213579342,-0.02454671624255409
-0.13933616787021647,-0.01841311575065377
-0.21037753893824437,0.008202765632155867
-0.22188111990552403,0.05723461746335054
-0.1892548069306725,0.09838392711182302
-0.14995297257450235,0.11962983223704857
-0.11248627730314656,0.1319709256190384
-0.09816222629760221,0.12512296727178254
-0.08237252181784269,0.10515798293818114
-0.05016496505034625,0.07291347828447203
-0.006269080714254896,0.04683951694752165
0.04271350094196336,0.030347772261595574
0.07881306031296256,0.04500436436576257
0.08107929181262,0.08458948272074417
0.04815737887688612,0.13312868004148126
-0.02460829774002665,0.14810549728220002
-0.10230056501370376,0.11434606180904741
-0.15846364653758005,0.030667997398147337
-0.17238125054936781,-0.08047578267725677
-0.12676106446040733,-0.16039732681590627
-0.051482826979710725,-0.16043428145059133
0.037109508751646626,-0.06219815263209138
0.1029286993247364,0.09647487200916621
0.11313905028679334,0.22790387505166823
0.09029200935610042,0.23945671986723144
0.04654392373511167,0.09454119173084
0.01163905992429564,-0.17209797667326493
0.013856023357874267,-0.4550071653294218
0.038735283229728155,-0.6089506715782302
0.0459896818222682,-0.5891457947515505
0.006330663055286499,-0.3974523328522281
-0.08860465506766442,-0.10856963940126581
-0.20706441692019922,0.13556733501013118
-0.27342553344406156,0.23691953720201436
-0.24338568047965542,0.1652376956154658
-0.10924705105752676,-0.021603079835108088
0.06265385672565915,-0.19718661043100114
0.18463613894533376,-0.2737457619548495
0.18782610134267,-0.2251080369375453
0.07781542689438604,-0.10505944849314164
-0.07646061707880888,0.00214306491958637
-0.17921688618608042,0.045792619680661555
-0.16229406595649218,0.0011700641632657958
-0.05163062189879762,-0.06092955455101048
0.08099307332965137,-0.07160793231717845
0.12493822109224678,-0.007820955623895362
0.01936148363382863,0.11010920214485109
-0.1873580677900866,0.20870250061187928
-0.38848596154405496,0.23198062720894294
-0.46003229380546184,0.1617767685556252
-0.34902399943554613,0.04225779347415941
-0.12990176300946,-0.05707450320795657
0.08947912211705965,-0.0552516632140322
0.18042390445680687,0.052726789762413656
0.11533137926555305,0.19839362870172755
-0.04411757798006027,0.2915923130821166
-0.19123776455422703,0.2806922345017278
-0.22330983899047127,0.16568109724390742
-0.11742518729621798,0.020753244709854644
0.05982107072532355,-0.07917023670996319
0.20503219544836113,-0.09164681917167757
0.24054057851724894,-0.019743293642089134
0.13077623005885522,0.07214985489371484
-0.04347712433272055,0.11476481801640251
-0.20663333800230088,0.06989593935612831
-0.30888462567077635,-0.03362394976766423
-0.33947874416767926,-0.13587524081037586
-0.3426810292755587,-0.16497905366350468
-0.3333944024627082,-0.11503578267890688
-0.30372404185737356,-0.03169026611510183
-0.2318328356640922,0.01425015017176471
-0.10502250060692896,-0.030926646098580823
0.04171586752338684,-0.14500175336783241
0.15003917756052623,-0.2547660883292814
0.19345471870865613,-0.2878481256431178
0.16088999229263146,-0.1866314057824868
0.0976695675693494,0.028623466712710717
0.07925645519293181,0.25699537869119854
0.1501869826023217,0.3972060136108102
0.28369746421647296,0.38017232947716684
0.39381898232339496,0.22571153932443616
0.37013440873257475,0.033377620403537825
0.17667969002391862,-0.07941656944832579
-0.13059148387931946,-0.036666117245913565
-0.3999648970902481,0.15023624645060527
-0.49379171578166975,0.3686810847173752
-0.3814286250931216,0.5100494875563745
-0.11906327098789803,0.5131039541255138
0.13698373138453518,0.3429643031516616
0.2784137072854166,0.07299969001896828
0.2658262676681194,-0.15230540906018367
0.1512215639071109,-0.23204220027082503
0.04107541050181094,-0.15230540906018367
0.010505945018025972,0.0506206725181502
0.06682914332797338,0.24939611291525637
0.12587427470046883,0.35253417684672556
0.11418594755365344,0.3246620411823544
0.00032022808900842583,0.1789951853718596
-0.14569147423769188,-0.010345830762631998
-0.20384982259872123,-0.17315718990219592
-0.11174729258500352,-0.25807921034732656
0.13065307043814628,-0.2819485301176825
0.3978218252112996,-0.2823672863250376
0.5511125382310441,-0.30165487924779516
0.5310243875282614,-0.3523494306671898
0.3797289548426147,-0.41242916358989157
0.2074954958380976,-0.4336134821562903
0.12536930001014512,-0.37769671987383185
0.16181372319031026,-0.25506167141898284
0.2755070052672385,-0.10400023526421065
0.33362841249052755,0.014742808900017525
0.24338568047965542,0.05967327243200046
0.021578447910966303,0.02715780649002316
-0.23307679507255896,-0.05858942727892769
-0.36693215061858475,-0.1355180711618476
-0.2821209670836198,-0.1597076059460468
-0.0071681826402485715,-0.12693348792939982
0.33242140771674583,-0.06039994793654498
0.5631457663036235,0.0019213685340505548
0.5765953097689384,0.017316949574155825
0.38619509812025576,-0.018622495541449405
0.07192816082796641,-0.07756910090449581
-0.2414273547802427,-0.12790649617230693
-0.44392236756338677,-0.1473172487157734
-0.5034724803746783,-0.12263504845484904
-0.4350668331653793,-0.08024177264943744
-0.29457289737577524,-0.055645790871481686
-0.12976628067820778,-0.05701291664912973
0.02650503350637637,-0.09736166176910471
0.14944799788417865,-0.14005053416116248
0.22202892494731946,-0.15056878417499173
0.22722646339540728,-0.10098270308433929
0.1895873581520037,0.011786857374059675
0.12566489659679128,0.1560496099961272
0.08486044738324855,0.30049711132840756
0.10626646676386807,0.392082357438203
0.18025146749086962,0.3997555054896258
0.25334969195487744,0.3250807973897095
0.2739428173479838,0.18586777564325724
0.19599191487081793,0.024595981777955755
0.04603894904478796,-0.11100830111838811
-0.08410913995456225,-0.18782610134267
-0.11535601118969484,-0.19755610279007266
-0.03962206961543046,-0.16383362195160509
0.08828442655687647,-0.11602110013541252
0.1754973171742787,-0.09213947789993038
0.1494110432494936,-0.10840952514587184
0.0005049750593807915,-0.17363753266837784
-0.1724305143976514,-0.2650626645227793
-0.25995131756377066,-0.34252090152322
-0.19738367932108014,-0.38560390494696345
0.010789223955483151,-0.36971565252521965
0.25851030276216963,-0.3046354635414539
0.40491611629691804,-0.2217702694984136
0.36428410404931255,-0.15156642434204062
0.15427604397319494,-0.09561272092184188
-0.1106018608731039,-0.05835541050263599
-0.2839684288789774,-0.01971866171794735
-0.2868258400549824,0.032392302947032194
-0.14234138408801694,0.1035445244221705
0.03334067251732515,0.18982136817982304
0.14533429109221888,0.253078727292373
0.13310404811733947,0.2934028472366786
0.036666117245913565,0.28651794775168243
-0.061286730948011105,0.23903796365987634
-0.09096941426388899,0.17922920889662367
-0.03266326760953657,0.10924705105752676
0.0471474294962387,0.05005411464323584
0.06230899629072941,-0.00020937990942112845
-0.024854627104153055,-0.03305739189274988
-0.15537221183681096,-0.059808754763252654
-0.23440697296399435,-0.06095418647515226
-0.1949203789313437,-0.04171586752338684
-0.06673060888293386,-0.02044533216113759
0.0533056635993989,0.0036210408934550563
0.09158523936132311,-0.0011331148008247869
0.05438951212670786,-0.02693610905003854
0.04592809863767756,-0.0687505076442287
0.15627131081034798,-0.10424656125410087
0.36714151522531757,-0.11422290218833848
0.5674811469159146,-0.09588368558434626
0.6079407221975829,-0.057665689632776525
0.4143505346546193,-0.013474213349613762
0.05664342429005821,0.02384467772350564
-0.3263247567981763,0.027207072025424824
-0.5337709617941008,0.010579844164687513
-0.4994203736384901,-0.014176251025103169
-0.27874624500980305,-0.04818201417526409
0.005012801547701548,-0.056323195779270266
0.19425528998562602,-0.04390819987638272
0.20935528034399845,-0.030865062913990174
0.0913758545091732,-0.04161733645258351
-0.04893331822971421,-0.10909925276420368
-0.10874207636720305,-0.20859166370171361
-0.05288690401780763,-0.3212011006255691
0.07272872535646391,-0.39524768791139747
0.16968394013181204,-0.3993860131305543
0.18225905703856593,-0.34099366823865035
0.1218467863914777,-0.2526722802986165
0.027564250109543543,-0.1732926722334481
-0.008929437762464198,-0.1471201798256944
0.021923308345896036,-0.1865451872995182
0.09872878754675275,-0.2570323063319941
0.15473175481523507,-0.327568716206643
0.13826464542768696,-0.36258443379880567
0.04117394494685045,-0.3383948855176617
-0.09128964277467694,-0.25705695175308063
-0.17922920889662367,-0.13438494866354653
-0.17238125054936781,0.0031530151437928334
-0.08912194572005902,0.1092347283469835
0.009803906498977518,0.15410362050420243
0.045201426507369226,0.12083683701083027
-0.011084818855011223,0.02225585281875488
-0.12347256086955923,-0.11592257243884538
-0.2342345359980571,-0.2307366678004762
-0.2845719312658682,-0.2712331977168295
-0.2616263693870805,-0.22148699562231072
-0.1924324601144102,-0.08357953334009675
-0.1296061664228138,0.06394708673088184
-0.1226843123031326,0.14243992528152882
-0.16257733983259506,0.12068904546597956
-0.1981349732528217,0.012328781637714155
-0.18631117727169885,-0.11705568144020172
-0.0718049944587851,-0.1784286376196538
0.1135824451667626,-0.12182215446733591
0.30475860966521806,0.02878358096810469
0.4215433534368049,0.20498293160007758
0.41283561058364815,0.3146733842860459
0.28937535892768745,0.294412796617326
0.09002104469359604,0.13806757653760793
-0.11381645519458192,-0.08479886757289408
-0.2432748165756003,-0.28104941764720076
-0.2785368534091808,-0.37114435811322216
-0.22908626139825286,-0.3537904724626803
-0.14393021742835815,-0.2889073388720488
-0.07436681579661633,-0.24246194958197662
-0.05882343730674702,-0.26091200309613455
-0.08551322036689533,-0.3201418873966381
-0.11363170901504616,-0.3623627329845848
-0.11079892301471056,-0.32255592393809096
-0.04805884780608279,-0.1855229152083275
0.06126209902386932,0.018179102348598253
0.16399373620699906,0.2111904329257575
0.1969895415409221,0.3044876450027137
0.13715615485352767,0.2760119799575622
0.012550478234139732,0.1556062218646303
-0.10555210722139445,0.016688810201768912
-0.15990467483612583,-0.0558921202356081
-0.11028163236231596,-0.021442965579714115
0.012205616955650951,0.0856979665464311
0.12608365280414638,0.21875274406701462
0.1655948787609388,0.31541236900418895
0.09130195873674783,0.3414370428732025
-0.031456252713046313,0.3036255141608064
-0.13204482139146376,0.2258593443662316
-0.12741383069558174,0.1465905732112289
0.015383265921593423,0.07982300969360999
0.21524255315889046,0.040053145159092626
0.3787190054619673,0.026000058816052662
0.4113453049398741,0.03898161259385456
0.3063104883708742,0.08301297883941858
0.14441056019454007,0.14543281878878603
0.025174855614941004,0.2243074656605754
0.011441996095570896,0.29202340549695965
0.08258189992152022,0.3105596774940862
0.15191128477697036,0.2743615735553389
0.12035649424464835,0.18285025021185825
-0.05156904208844316,0.07901012245456922
-0.2959769845365807,-0.006958802849452934
-0.4953805761159004,-0.06994520995288425
-0.5313200246057418,-0.09764493564520761
-0.3572883406602612,-0.11563929856274247
-0.032811062528623466,-0.13779661187510356
0.30062028444606126,-0.1472679713705451
0.48794138410451804,-0.12785723232402335
0.47337105434839005,-0.0810669758505491
0.31902107411193553,0.012673642916202935
0.13128120474917893,0.13045600154806727
0.015728126356523157,0.21795217279004475
0.009532944367150279,0.24304080654778096
0.07902244516511248,0.2072245311755932
0.13869571084864057,0.14038307188554894
0.13762418840611107,0.1128065058139345
0.06325736586102236,0.15649301162456877
-0.04650697247466281,0.28447340356930106
-0.12785723232402335,0.4283173890177459
-0.15233004098432545,0.511133292218613
-0.13534563419591036,0.48945633516937864
-0.12968006219523917,0.34660996289409324
-0.16215858362524,0.12821440197255163
-0.24509765994376084,-0.05610149833928564
-0.3370277529915413,-0.12520918575475115
-0.3911216719058392,-0.03355005062100269
-0.39995258787664956,0.1590671489244709
-0.3539875278558146,0.357115903694324
-0.29783675554553685,0.470464352330212
-0.2528939811128373,0.4415699310777054
-0.20148506340249664,0.3003370105699583
-0.12265968037899082,0.10989982404117354
-0.0036456736611558877,-0.05172915634383713
0.14721870752226154,-0.1218467863914777
0.2788694181274567,-0.10449289399246346
0.3529898876887657,-0.06111430073054624
0.35516991420239924,-0.054192446610865024
0.2953118820939183,-0.12129254785287041
0.2139493164051954,-0.2432871527830883
0.14661520513537069,-0.3660946112099851
0.11643986983971234,-0.41362385915007477
0.09491068408991152,-0.36498613413277053
0.04517679458322744,-0.24172293786994412
-0.051482826979710725,-0.10028065950393655
-0.17268915634961252,-0.01218098418795012
-0.26192195247678196,-0.0015026087415695181
-0.26729192789080697,-0.061385265393050614
-0.19490806971774519,-0.14007516608530424
-0.08871549872630245,-0.1761747153335949
0.003325445572147462,-0.14663983705951247
0.01160211035096487,-0.06301103987113214
-0.049647671023715464,0.018437749361913645
-0.12548015041725552,0.05312091404562696
-0.17947552813804155,0.03133308634386502
-0.16566877453336415,-0.021011890036051944
-0.09690595092706457,-0.037614486816206515
0.003904319409132712,0.003916635792983128
0.07430523598626186,0.11184582028157065
0.09928302608536003,0.2297513368470258
0.11283113773807629,0.29527495445312274
0.12057819505886916,0.24430941137733422
0.1289041228424111,0.06509251844278144
0.11613195054252291,-0.17830546450200013
0.05341651063227312,-0.40301939065327685
-0.07197742467624997,-0.5103204522188789
-0.22269401389303717,-0.4734695820449572
-0.3280490454758802,-0.2950901812796975
-0.3224697054551224,-0.05208633274083776
-0.1936025237504516,0.16250344406016973
-0.0029190023744066025,0.3005587113841791
0.14943567517363537,0.32116414599088405
0.18198809237606156,0.2647547452255899
0.07351698067136289,0.16107473847216722
-0.11464165839569358,0.05744399556702808
-0.273376269595778,-0.006626258376594092
-0.3236274463806205,-0.04096456346893672
-0.22685697103633576,-0.06921853444833972
-0.03662916935970088,-0.11353318131847902
0.14432434171157146,-0.18006672131133386
0.23938281059786135,-0.254495123666777
0.2352937492269881,-0.30353929567783783
0.16066829147841064,-0.27470644748721335
0.08103002796433642,-0.15741674252224758
0.04362491925180745,0.043132260523554636
0.04927817866464394,0.28293383407724343
0.0760541768335247,0.468703109017823
0.08731142506244173,0.5599804088365395
0.06609015186135797,0.5243858342785727
0.023388968568583593,0.3595668948704619
-0.023142639204457183,0.13028356458213003
-0.06563444101931783,-0.0896761842586663
-0.08153500265466013,-0.22170869643653152
-0.06987130743198652,-0.24610760932440826
-0.021307484935580018,-0.1708663264783967
0.06910768404122933,-0.046827200985450755
0.19362715567459338,0.07166951212753292
0.3045122904238002,0.15537221183681096
0.35720212217729264,0.18826948947416686
0.31790028782112245,0.1847592985660427
0.1758668095333502,0.17387154269619717
-0.016368581690980964,0.1496573759878562
-0.15737980138450727,0.10504713253107074
-0.1435237704346016,0.05780117196402871
0.04389588391431183,-0.012956921853660115
0.33157155909454766,-0.07440377043130138
0.5677028207362459,-0.10164779203005697
0.6056375495601851,-0.08428157017202711
0.4130203567631839,-0.039757551946682644
0.047011947164986516,0.011626743118665702
-0.32409546643625914,0.04942597695796702
-0.5270954269158374,0.03279874656655257
-0.4960456515646734,0.002056849810853936
-0.2847689866590025,-0.037589851517828544
-0.004901953249488759,-0.05581822108894655
0.18895921034402632,-0.04436390734418667
0.2127423116314137,-0.03361163380559334
0.0994554563028249,-0.0508793178443475
-0.051039432099741475,-0.10630341465008075
-0.12158814443951657,-0.2050445181589044
-0.0733691823780398,-0.3148581304655817
0.054512675121652976,-0.39367119077854423
0.1623802844394608,-0.40790900980417527
0.18070717833290975,-0.3508468428037067
0.11528211541726947,-0.2539162397070832
0.01624541869603585,-0.16265123560502043
-0.02843871715893877,-0.13131815938386396
0.01067837523549084,-0.1779606040670704
0.09672120474752881,-0.2701370298532135
0.1652253864018673,-0.36428410404931255
0.1364664339836682,-0.37763514681194976
0.012008553970485253,-0.3129983324627361
-0.137587233771426,-0.19799950441851427
-0.19277732054933994,-0.10014517717268437
-0.11642754712916908,-0.08307455864977305
0.06817163718147963,-0.14311732344084502
0.2585718758240517,-0.21760731235511502
0.33319734706957393,-0.23269499349988892
0.27381967122421963,-0.15031014222303063
0.13880656125575097,0.02357371474811935
0.012735225257234537,0.20987256424792067
-0.05979643880118176,0.3234303909874862
-0.08816126018769517,0.31389744493321786
-0.1369344675362516,0.18817096177759973
-0.22578544859380623,0.01841311575065377
-0.30663071688166216,-0.10194338186823076
-0.3254995535970646,-0.12036881695519161
-0.23753534880250374,-0.012328781637714155
-0.058035181991848046,0.15298282071644462
0.1263053536183672,0.26894233429303027
0.22375322712196816,0.2743000004934568
0.1858800983538005,0.14666446898365426
0.03635820469719651,-0.06379928843755875
-0.1350130964715239,-0.25235205178782855
-0.21837092899739985,-0.3336776763388111
-0.15841438268929647,-0.26049324688877945
0.007476094345406582,-0.07416975365500968
0.18318278793624473,0.10476385190649547
0.2667130709250026,0.18186493275535262
0.2139739483293372,0.1350377283956657
0.07160793231717845,0.007820955623895362
-0.07750751434566898,-0.134372639449948
-0.14290794533716747,-0.22136383600160178
-0.10198033650291581,-0.24363199972107327
-0.004483193246117961,-0.23726438413999937
0.08675717977536208,-0.2383112881553318
0.11928497180211883,-0.2581900742513817
0.0855748001772498,-0.27362258883719587
0.030680316734454413,-0.26198352553866405
0.02000194065540453,-0.20833300825280776
0.07405890324789927,-0.14878289544151624
0.15096292195514976,-0.10810161934562715
0.1849563674561217,-0.13335036735875733
0.13519784265105966,-0.20881335101898968
0.022305118354156543,-0.2753715229359863
-0.07763068071485028,-0.2710114969026087
-0.09163450320960667,-0.15888240274493515
0.02070397917445298,0.011318831413507691
0.2030369286112081,0.14849962156541333
0.3501201672991622,0.1753864667671683
0.3922917490388253,0.07100442318181524
0.31140949912239485,-0.10100733500848107
0.15758917948818482,-0.22641358290483887
0.012156351420249288,-0.23382808900430055
-0.06148379308961775,-0.1179055300623999
-0.04209767921876543,0.0381564093927429
0.013560428458346195,0.13794441691689902
0.03794703128906536,0.1082986814872338
0.007217449019209281,-0.02747803500081111
-0.03272484741989103,-0.17151909271357113
-0.03240461890910309,-0.21143676566412012
0.06431657908995335,-0.08619062527468391
0.23099529625549256,0.1452850272439353
0.3607615904306451,0.3687673032003438
0.3576208783846477,0.44019046234409703
0.17998050282836525,0.33030298125888385
-0.1377227161026782,0.07700253965534527
-0.453011938983103,-0.18228368896270772
-0.6042334893932692,-0.3423854191919678
-0.5462106098665472,-0.36776966303329495
-0.30335454949830204,-0.2735610157753138
0.028192389481930456,-0.15566780842345712
0.29613708529502997,-0.07563541387769723
0.3732997392057692,-0.07865294605756859
0.28302005256021207,-0.11967909608533214
0.10631573061215165,-0.1532660945925475
-0.02769973075367764,-0.13548111652716258
-0.033192874224002064,-0.06572065950228645
0.09176998554085887,-0.004754155799724724
0.2784137072854166,0.019706344068758364
0.41878446995736696,-0.018573230006047742
0.43882335681186607,-0.07508117533908995
0.3130229778838226,-0.10912388468834545
0.07179267849671421,-0.08963923637245362
-0.20535242395914907,-0.013412631008582159
-0.4168507626851513,0.08015555416646883
-0.49658758088968213,0.15951053705596777
-0.423440079080446,0.22258316348592674
-0.23039179386860173,0.2659740592129701
0.020149737261609516,0.30297272093174255
0.2357248416418312,0.3242679034021964
0.35773174228870286,0.3204867343346231
0.3783495131028958,0.2919618054411881
0.3205852890250797,0.22066179242119907
0.2400109584058387,0.15092596732046473
0.17813304103300764,0.10343367401506011
0.1364418020595264,0.1210092739767675
0.0972508113619943,0.18905773804059348
0.007402196042304087,0.26335065806478447
-0.15074122114092897,0.2900404343764604
-0.3537288994007982,0.22599482669748377
-0.5218116969786705,0.0855871161393207
-0.5643773895046023,-0.07727350431784966
-0.43799815361075445,-0.17835474184722844
-0.17709845972821844,-0.1848455170490113
0.12121865208044505,-0.10162315335744282
0.31499361279683386,0.019460014704631958
0.3159912259699933,0.10730104806865727
0.1372177414123545,0.11084818686299414
-0.12318928699345631,0.03657990213718113
-0.34902399943554613,-0.08715131080704776
-0.43521462471023004,-0.20829606711506746
-0.36970334331162114,-0.2744108374036225
-0.22119139903566457,-0.27466949285252834
-0.08357953334009675,-0.2196887976752367
-0.030643365474005552,-0.13974261486397305
-0.07206363641074623,-0.058281514730210635
-0.14592548426551122,0.002303178964090583
-0.16521306369132402,0.023228854313189617
-0.1035568403842414,0.020901041316059635
0.01968171214461658,-0.00046802569693978253
0.1375010152884574,-0.022502182182881286
0.16761477752223364,-0.011959287591524544
0.08354258545388407,0.04749228993116844
-0.08513141204575292,0.15564317649931533
-0.26307969340228005,0.2767017008274217
-0.3765512881619323,0.35016943114744575
-0.3793594624835432,0.3539875278558146
-0.27737911248368263,0.26038238298472427
-0.12820209275895308,0.09164681917167757
0.00011084819276790745,-0.09423327918212294
0.0462606431105364,-0.2444448937085864
0.007389879236674148,-0.3065198799714965
-0.09271834836267945,-0.2733270057474944
-0.2060544675395518,-0.18187724196895116
-0.2640650243557304,-0.050214228898629816
-0.24703134022208706,0.0833824711984901
-0.1681567068472424,0.21040218435933092
-0.052825320833216984,0.3102148035622117
0.03724499108289881,0.3826848937151869
0.07818491925345757,0.4178730482732867
0.04954913995291214,0.40131972040277
-0.0247930456066805,0.3423854191919678
-0.08413377187870404,0.26897928892771533
-0.0922380123449699,0.21074704479426065
-0.009163450320960668,0.21718855614775992
0.12762320879925929,0.2692132989555347
0.2625993641330429,0.31607744445296193
0.3380377023721887,0.3328155185030144
0.3343550879950721,0.2777116502080691
0.2702971576055522,0.17118655498918464
0.1708786356919952,0.04792336547483061
0.0984208749980357,-0.04903184930051754
0.048145062914815226,-0.08940521959616192
0.010025603095403096,-0.09939387649247043
-0.03851358578974353,-0.10475153594442457
-0.11903863906375624,-0.15616046040323758
-0.1984921563982947,-0.2517608586145362
-0.23206684569191155,-0.35679567518353605
-0.1683907168750617,-0.4244007646128099
-0.016220785084775972,-0.40162761270606995
0.17071852143660124,-0.3070864277237023
0.29074249145380787,-0.19149640650618813
0.27449705588659107,-0.10691923299904249
0.12281979463438479,-0.094184008585367
-0.10560137106967803,-0.1401490618577296
-0.26805555803003656,-0.1979009632250024
-0.30262787399375757,-0.2308105500759568
-0.19939125537183172,-0.1949203789313437
-0.009631476281512652,-0.08940521959616192
0.15586486381659143,0.03355005062100269
0.19914492263346914,0.15342620884794148
0.11579941281813644,0.24375517283872694
-0.03489254784874513,0.29073015524631984
-0.1607668191749778,0.31170510920598576
-0.17868727957161493,0.3020982538823473
-0.08141183628547884,0.24749936027772573
0.0776060487907085,0.15093829003100798
0.21555045895913513,0.014964504652884056
0.2627594648914921,-0.1328330834548351
0.2119910042027274,-0.23560166852417752
0.11207983705786236,-0.2559607838894646
0.0028697364172254164,-0.18335522490218198
-0.055805905126875666,-0.045349224800692305
-0.041063094539740046,0.09409779685087076
0.016171519549374312,0.19561009980120317
0.09210253001371771,0.22853202285964558
0.1456791515271486,0.20212552042407256
0.14694774285975715,0.1355427030859894
0.08910962975798813,0.07079504507813769
-0.01512461890827803,0.019250634913836318
-0.13202018946732197,-0.01986645832415234
-0.2387916444184585,-0.04478266692577795
-0.27524837681222214,-0.08073443137769026
-0.22117908982206602,-0.12198226872272988
-0.10530578123150423,-0.17275074290843934
0.07197742467624997,-0.2235438490182906
0.21938087837804726,-0.2588305312729576
0.29972119896946897,-0.2668978171045384
0.28936304971408894,-0.22193038375380758
0.2096755088547864,-0.11653839753627948
0.1126833394447532,0.03988071494162776
0.035003394881619354,0.20606677675315033
-0.011441996095570896,0.30667998072994573
-0.06248142650819428,0.3028865294426634
-0.13794441691689902,0.19506818397313916
-0.23792948658266178,0.03502802680576114
-0.31891023720176986,-0.09035358916645488
-0.32815990937993533,-0.10615561635675767
-0.22714024491243864,-0.00697111923330335
-0.04835444439272896,0.1481301292063418
0.13612157354873847,0.2622914448358535
0.2304657031379718,0.26840040496802153
0.18948881695849182,0.1389174116628614
0.029399402691302617,-0.05987034132207949
-0.14308038230310471,-0.240220350006461
-0.22487402690972597,-0.32132427374322275
-0.1622817432459489,-0.2618849978420969
0.009151133515330728,-0.10067479053562223
0.1900923328423274,0.08653548570961364
0.2643606074454319,0.1984059379153261
0.20816058478381527,0.1773447789696363
0.06510483440485233,0.028845160778459153
-0.06708778527993449,-0.17676590850688723
-0.13181081136364442,-0.3042905896095794
-0.1058723357321824,-0.276590863917256
-0.03204744251210246,-0.09021810683520269
0.023302751772733065,0.17138361038231895
0.04292288241987709,0.35010785808556366
0.02889442800097891,0.3455753950862488
-0.0063922453963181,0.15673934436293138
-0.029313187582570184,-0.12020870269979764
-0.014040770380969073,-0.3356606204654209
0.008350563925478949,-0.37668677049318444
0.0391786781096974,-0.2524875341190807
0.0827420141769142,-0.0292885556584284
0.132057144102007,0.18876215495089205
0.2076186554588065,0.30986995662422673
0.3016425430403072,0.3185900086909819
0.38997624019393956,0.23343397821803197
0.42766462278257145,0.1188908340219608
0.3872912659838718,0.022452916647479622
0.27054347684697005,-0.03279874656655257
0.11823806778678637,-0.03407966060970437
-0.018203735959858133,0.005530093043655196
-0.09332185749804267,0.047578505039900874
-0.09185619727535511,0.0783573562193948
-0.04159270452844172,0.084922027193603
0.0193984332071594,0.050522141447346874
0.056212348746396044,-0.023142639204457183
0.03398112953890104,-0.09178230150292975
-0.046642454805914994,-0.1316630198187937
-0.1606559687678674,-0.1040864469987069
-0.27761312251150194,-0.006946486465602518
-0.3520908022121734,0.11031858024852864
-0.3489008263178925,0.1976053666383562
-0.2793497473966939,0.18855276335026977
-0.16858777226819602,0.0752782374806966
-0.06360222629595211,-0.10077331823218938
-0.005123649424134813,-0.24673575713238563
-0.005369978788261221,-0.27266190330483203
-0.03782386491988406,-0.14799464687508962
-0.044548656897958616,0.09731239117234877
0.009249665429693101,0.3512779082246603
0.13134279130800575,0.5028812602074965
0.2712947707787116,0.49944499206568715
0.3791623800965194,0.35411070097346825
0.4039800761856407,0.15608656463081222
0.3164592730195214,0.0046309911176615195
0.15577865883056752,-0.044610236708313086
-0.011466629706830773,-0.0029066857796664256
-0.12307843658634592,0.0643535337246384
-0.159682974021905,0.0949353160140533
-0.1560249780719854,0.07293811020861382
-0.1484380350065865,0.026061640313525217
-0.15422678012491137,0.027576566071614437
-0.16262660368087864,0.126169871287115
-0.1466028824248274,0.28936304971408894
-0.07780311093231515,0.4325419597137608
0.022883992191141792,0.4544899084193891
0.12297990888977878,0.3008666036874791
0.17468442318676555,-0.0033993445079192413
0.15544610760923633,-0.3196369127063144
0.0650063067082852,-0.51465583283117
-0.04275045220241222,-0.5133872280016167
-0.13927459480833437,-0.31440241962354154
-0.19527756207681668,-0.017440114256219028
-0.21588301018046635,0.23150027094581627
-0.22395029601204716,0.33149767681906706
-0.22397492793618895,0.2616756332353641
-0.1991079814957288,0.10464069228578654
-0.12722908451604598,-0.02973194716416146
0.01163905992429564,-0.06625026611675194
0.17724625127306914,0.019607812997955037
0.30472168202442246,0.1734281545647003
0.32457582269938584,0.2913706122678958
0.22744816420962807,0.31041188594923547
0.053502725741005557,0.2283226312590233
-0.1298771310853182,0.0851806758940365
-0.22849506822496055,-0.050238860822771604
-0.22752207347899817,-0.1330917254067962
-0.1496943171255965,-0.16396910428285727
-0.054093915540061696,-0.16958541243524491
0.004261497071471908,-0.18399568192375787
0.025211805188271773,-0.242018547953535
0.04037337366988058,-0.310067012017361
0.1025099431173813,-0.34048869354832667
0.2155874135938202,-0.3042413257612958
0.3302536904167108,-0.17299707564680195
0.36375448393790233,0.003189964506233842
0.2727481217878006,0.15332768115137435
0.07617733645423362,0.223297516279928
-0.12013480692737227,0.1792045769724819
-0.21268072507258687,0.0309635939847935
-0.13658960710132187,-0.1455313599822979
0.05932841199707073,-0.28915365811346666
0.26445913514199904,-0.3470533645225349
0.361783849024891,-0.3182205163319104
0.30123612304044006,-0.24796740732725386
0.12783260039988156,-0.1683044983920931
-0.07093052740938988,-0.13374449164197064
-0.18672993347905395,-0.1347913956573031
-0.18357691221945804,-0.15455931784929783
-0.10973970978577957,-0.15911641277275448
-0.04384661669179207,-0.11950665911939491
-0.05663110832798732,-0.021110421106855272
-0.13222956757099952,0.10323661187345345
-0.1924940331762923,0.20367738563278398
-0.15689945861832535,0.22758364654088026
-0.012390363978745758,0.17068158029886094
0.16586584342344318,0.059525474138677384
0.2613184500898911,-0.0736155151164024
0.20726148581027826,-0.16102547462388364
0.011109451622712053,-0.1835646030058595
-0.23303984043787393,-0.140961942348298
-0.37455603482172395,-0.05591675215974988
-0.35818745313074296,0.01630700019350841
-0.19345471870865613,0.04975852143082587
0.031801113147976054,0.04411757798006027
0.1742410350552687,0.014434898038418562
0.1578108668054609,-0.00046802569693978253
0.0031530151437928334,0.016799658921761225
-0.19025244709772138,0.06047384370897034
-0.30575624983226696,0.1000835973623299
-0.3030589394147112,0.10622951212918302
-0.20279060936979024,0.07259324977368409
-0.08500824567657163,0.005690206877269646
-0.004569408776629918,-0.06228436436658763
0.025679830305264714,-0.10562600974229218
0.033254457408592716,-0.0912280562158501
0.06015361519818239,-0.046026629708480885
0.10092111652551246,0.00987780564563906
0.14640582703169314,0.052825320833216984
0.13571512655498189,0.06547432676392385
0.06206267030083919,0.06134831750683793
-0.030692632696525307,0.06861503206144888
-0.09014421106277733,0.09358050619847616
-0.05430329701797543,0.14896765511799673
0.07666999518248643,0.2190852817914011
0.24656332016644839,0.25699537869119854
0.33593158512792526,0.24880491974196403
