I,Q
-0.0082587677138166,-0.211764079548908
0.199321899277227,-0.244752837219303
0.25474053287927,-0.0829118588594444
0.190862441448062,0.208429699403307
0.10597465768594,0.470055101033913
0.0646190685561226,0.578252715469367
0.0194351201695987,0.505297679632727
-0.0809513618170914,0.320965063150383
-0.230859575334955,0.146975203030138
-0.363308618960667,0.0774780463460043
-0.365330852819088,0.132078538146742
-0.220995370223636,0.248565751699172
-0.0214419219385662,0.314064749622208
0.0837763265330068,0.273974980907316
0.0120253838107634,0.142915273619946
-0.20491006651822,0.0253783438835965
-0.44634396836876,0.0083513898544309
-0.548274149879602,0.131059698829113
-0.445958035029465,0.34280834205944
-0.196743924116864,0.508987103563948
0.068478308908248,0.526183856040223
0.19688285944235,0.347717277449843
0.122615685776785,0.033204878817914
-0.0926988823778582,-0.257210445351309
-0.284379482543739,-0.374222544485034
-0.329686913020654,-0.271335260472629
-0.169682949612757,-0.0344707076910955
0.133653110308056,0.172291797410282
0.414729068426843,0.203428112268391
0.556316767899284,0.0284966092253715
0.504417750265814,-0.244073605368713
0.311841818247465,-0.471691435386066
0.109664090075418,-0.520734607208202
0.0149584038140278,-0.386803626249174
0.0572093353691337,-0.15145190458376
0.18152308808501,0.0464034683039626
0.289736096547761,0.0944278177249829
0.304447508691672,-0.0291449599805433
0.234579888819851,-0.217522054752549
0.146774522430328,-0.363679090606611
0.130303293843874,-0.36826387176507
0.228682961374211,-0.222508197110627
0.3815705027938,-0.0125039287178517
0.497965115351258,0.165051867956812
0.503090176118308,0.22587344989339
0.367800765291127,0.193749159896558
0.133205440152694,0.111794386622162
-0.110435939837494,0.0588456528047724
-0.258954825475271,0.068231315123567
-0.270069431599447,0.140599732791974
-0.169188970501652,0.248797321852657
-0.021658040971521,0.357720417886647
0.0959560809305547,0.433099048781326
0.152995604107912,0.440863829983063
0.154168815069608,0.370178042935166
0.127740755002092,0.235212803256442
0.108429133839398,0.0315376887451133
0.0844092409695975,-0.177401430317008
0.0535816524831083,-0.340631728098696
0.00487807596926695,-0.390060833260127
-0.0685091815454099,-0.319791835272174
-0.131569122717056,-0.150371328450063
-0.152038518522864,0.0652828598590038
-0.0979937511075559,0.214882334317862
0.0159154946854865,0.28536744076595
0.152918414056751,0.275086446594687
0.283268016856368,0.248303325825039
0.355837136270226,0.241557392399187
0.372200276793586,0.252687426383688
0.332403840423016,0.25152966019883
0.276799937164974,0.184502424444992
0.234271145531718,0.034609640902017
0.223388092644514,-0.153057349382236
0.220702071712341,-0.303505867883461
0.195524395741169,-0.357905687542646
0.120547134504365,-0.301452744471366
0.00205311429303762,-0.16966750483592
-0.147299374178596,-0.0440879274759901
-0.271674876397924,-0.00339612885609221
-0.325241084104195,-0.0576415692059148
-0.309618886872722,-0.146249653765548
-0.256083551803613,-0.201544813735457
-0.215407186066129,-0.171643438196854
-0.246821388491723,-0.0738658040076883
-0.34586485155407,0.0172585093807014
-0.473127072221895,0.0252702854244012
-0.537715268140856,-0.0629210058461599
-0.477619218552354,-0.20304219584561
-0.263184545931597,-0.29121805079759
0.0590154565382917,-0.270964771910172
0.367553750360804,-0.132325527702294
0.553229402684005,0.0694817076781676
0.548227832465603,0.244227985471036
0.362953541342021,0.323265167659774
0.0532574771055224,0.317090369563163
-0.262829502145978,0.238578056039206
-0.491728571980323,0.139627210888345
-0.575813624884949,0.0662090770360184
-0.539166332837009,0.00639089704120627
-0.424238246669056,-0.0740973572446599
-0.261224057347501,-0.185181639379069
-0.117444307595736,-0.294567858803515
-0.0319236115115873,-0.34793340282649
-0.0225996944671167,-0.292406706536123
-0.0950607321615737,-0.151559967272083
-0.221998773222684,0.0145879173661347
-0.352193995919978,0.134069907826257
-0.413972663441604,0.148518885637777
-0.348844187914052,0.086693909160408
-0.163091362456203,-0.00439953053353758
0.076567269716699,-0.0500311511899879
0.24459845711698,-0.0175209373693991
0.256716466240204,0.0561596234143427
0.0889631410326376,0.129238137112245
-0.189828165811852,0.139117787000402
-0.43393266073424,0.0931619888518013
-0.520935304724525,0.0506177566708357
-0.424485227766351,0.0738194950519454
-0.170269546635348,0.168941972487843
0.119528303644993,0.300233233012184
0.315006390430419,0.359032564173828
0.357627816891675,0.272107110234705
0.264651055404588,0.0336525489732762
0.142498484560003,-0.262212015569711
0.0609296403957733,-0.477279602627059
0.0597409931154967,-0.515516911613152
0.114696532930982,-0.356825094492436
0.140800413391783,-0.0880986733590752
0.109509718431351,0.166811675941099
0.029006028884186,0.277401978964403
-0.0399353886125692,0.206160467531077
-0.0389319856135213,-0.00869100260787986
0.0226151307856977,-0.244135350643037
0.117444307595736,-0.392561635285842
0.160621466900677,-0.411487323109241
0.113492449332124,-0.320563701950764
-0.0303644798979819,-0.185428637392878
-0.201745494335266,-0.0718744343281734
-0.324808867183927,-0.0297778744171341
-0.339443072360163,-0.0782190234709187
-0.252270620407231,-0.190522825522766
-0.124946671381596,-0.334518709109436
-0.00288670946159825,-0.483655064406966
0.0782807687452427,-0.557196697266197
0.139148659637564,-0.536325948719026
0.194181393733339,-0.380119438097647
0.265685331040798,-0.114434107056848
0.314867472021447,0.210945912372832
0.271659431621086,0.479286408625155
0.150186075710578,0.587267863850934
-0.03146050292308,0.506301065715262
-0.204879193881058,0.25650035778007
-0.296991453861555,-0.0880060469893325
-0.264234266344645,-0.391496470095956
-0.141757507435088,-0.542423539847962
-0.00304107899110069,-0.542114779643315
0.056329427147862,-0.435198489607422
0.0202069678171109,-0.304926076858966
-0.0884382808261137,-0.225796259842229
-0.178590069139028,-0.224406940420399
-0.185382319978879,-0.271227197784305
-0.126289681847682,-0.319513964621202
-0.0286972898251811,-0.307102656986683
-0.00441496764508014,-0.226845980255276
-0.0761504721984988,-0.0929767445705727
-0.207426296404259,0.0513896064329121
-0.331971589669722,0.157225324564238
-0.362150818942782,0.207488041678583
-0.268309623615161,0.225132472768476
-0.0932082978075443,0.236277951529814
0.0964500600416598,0.253443831368926
0.226660727515791,0.30529654850491
0.264265138981807,0.356485478567141
0.247469730788638,0.375503801218539
0.2252405354568,0.339473961913838
0.235783972418709,0.242946711821017
0.252934424397497,0.10514106264954
0.250464511925458,-0.0372030460372682
0.162396702745288,-0.126814542054206
-0.0147268495197741,-0.157024643964429
-0.214187674606948,-0.127354830121054
-0.360159474638038,-0.0546313644378993
-0.385321705832372,0.0145879173661347
-0.28600035520254,0.0652674235404228
-0.0984568660397558,0.101034832741862
0.125517832085606,0.126351427122006
0.30534286591891,0.15193045583454
0.415794233616728,0.167568080926338
0.444723061876932,0.145879165203091
0.402487568754971,0.0688796701078671
0.315299688941714,-0.0659466469327565
0.210004254648108,-0.199429945049037
0.118015476758002,-0.260652888185234
0.063661978741946,-0.208645807863441
0.0731402632013549,-0.0217969720678783
0.125486959448444,0.234811442056823
0.17463820241716,0.445927145475789
0.174159668082892,0.536665530811294
0.0826339882084731,0.486109549018681
-0.102779212865824,0.331755464293074
-0.288902518427874,0.167552653066014
-0.381740310756448,0.094875487880345
-0.349832146136262,0.132124847102485
-0.18788310508808,0.235228231116766
-0.00143563630718811,0.304895187305291
0.0828964225408634,0.274422642604421
-0.00521768872271591,0.157163579289914
-0.221844393120361,0.0411703448485888
-0.447887667892912,0.0212412434533208
-0.545032370728973,0.137604968571668
-0.436695871717575,0.350835566051824
-0.176984624340551,0.52045673655723
0.0966353043228884,0.53871865422339
0.211656016860585,0.346914555050604
0.107950591046874,0.0196975481582964
-0.128682412726816,-0.2690197111864
-0.312027054070437,-0.374222544485034
-0.303490440023137,-0.249059747726791
-0.10122007702309,-0.00230010556667359
0.163338360470012,0.180118323886343
0.316256791443276,0.1692661436363
0.299507683747594,-0.0116085862925632
0.162489337573287,-0.214342037792758
0.0310900164751869,-0.267584074350571
0.0160081168261008,-0.103628244220806
0.0977004525962604,0.196404308191569
0.194088758905339,0.470240370689912
0.21520650546632,0.57623044777792
0.0994602690388038,0.502997575123336
-0.111393025422542,0.317414557628134
-0.311563947596494,0.150818990147169
-0.395973188566091,0.0852119633688359
-0.337420838501743,0.143131398996594
-0.167954014265633,0.255141894078889
0.00879906106707515,0.312551905818704
0.0774626100274233,0.265191351929693
-0.0179840470151885,0.144042167167642
-0.229933362387069,0.0384534428209971
-0.432033917424468,0.028002625885138
-0.520626544519878,0.152578815047969
-0.426291370081151,0.353506142207159
-0.18291240750684,0.517554607164923
0.0744678458071171,0.526014048077575
0.202872387882962,0.337189285264771
0.132232909790808,0.0322477868891732
-0.0919270326157818,-0.251359852236182
-0.297902238949117,-0.363447537369639
-0.336757068344504,-0.266611560905198
-0.170593734700319,-0.0380212047550876
0.134193398374905,0.162458448019612
0.426522923318123,0.186956892140193
0.555344271370425,0.00957090871458738
0.492870910304857,-0.26580883850596
0.295123600105458,-0.479703197685098
0.0938875296581348,-0.527372511778756
0.00257797066691388,-0.384874027218753
0.0530259196394225,-0.145616739328957
0.185135338881583,0.0380675179399589
0.289134071664846,0.0773082468416135
0.302255466870604,-0.0416797645074033
0.22101079808396,-0.231739487785355
0.134517577981619,-0.374191654931358
0.117073827491535,-0.37545748380454
0.216271653739692,-0.236030953516005
0.383191409285628,-0.0333901209845784
0.507011153286501,0.145693929380119
0.514266544433322,0.209108914337384
0.372292911621586,0.179716962686724
0.133344367019923,0.110760110985952
-0.113276332413734,0.0632760538609078
-0.258059485164547,0.0786203846705379
-0.269760688311314,0.149151800074368
-0.161516807211401,0.259248123986567
-0.00540293247530347,0.3610702597256
0.108768749764693,0.429363307436106
0.169111780450491,0.437930811037081
0.169837312798567,0.369807571289223
0.139179532274726,0.226290238953334
0.109170102506056,0.0264126195198064
0.0788673742260905,-0.185968933917983
0.0431925829361374,-0.344846003778184
-0.0146033536847157,-0.391017935761689
-0.0772928020647757,-0.321366424350002
-0.134810876492914,-0.143347507456728
-0.147299374178596,0.0621800329503739
-0.0903833415498857,0.219590606024969
0.0218741578899116,0.284580146227035
0.158475725577095,0.273866918218992
0.28905686469717,0.239149225201472
0.369776681735547,0.225719069791067
0.377850223141931,0.24232922524475
0.343441256496031,0.236941738603567
0.289072326390522,0.179176666161619
0.238778736639015,0.0256716466240204
0.215715929354263,-0.165561274928242
0.20609870534024,-0.316565517814896
0.177941709925599,-0.369143767298956
0.111068854274085,-0.300109742463536
-0.00594322529992098,-0.16350816843266
-0.152933858833588,-0.0428375349213895
-0.269421072386019,0.000725536643285202
-0.330906458312863,-0.0458323033708241
-0.317059513842515,-0.139441966607116
-0.259124633437919,-0.198812475389284
-0.230334723586688,-0.166317696829994
-0.249244983549763,-0.0688333569229958
-0.342098220655174,0.021302990842209
-0.467724140803874,0.0384688791395781
-0.53700514673659,-0.0493828004348162
-0.485986058470033,-0.189812737951528
-0.273048767959429,-0.282912973070748
0.049706975812402,-0.269884178859962
0.372570782272557,-0.145477804003471
0.560407586863151,0.0459249255114384
0.558802142064674,0.220439645838207
0.372555354412233,0.318248135748021
0.0696669519593962,0.311949880935789
-0.24646632778959,0.244320603382522
-0.479332726039155,0.157842811140505
-0.576508284595864,0.0925290744152106
-0.545402876207944,0.0239272707291864
-0.427557198954333,-0.0647116906967369
-0.278189273503317,-0.171550820285368
-0.132279218746551,-0.288948835841874
-0.0485800780355778,-0.340029669382754
-0.0319390478301683,-0.294259132431896
-0.104878636775406,-0.146712760239491
-0.224962664805828,0.0239735817994935
-0.3472541709759,0.138191574052515
-0.407381110118076,0.161578552485725
-0.34388893510965,0.0918961599786198
-0.161563107708888,0.000972527784760904
0.0708864718768347,-0.0505096982116404
0.244984390456275,-0.0249924211171225
0.261486483221635,0.0523775688842507
0.0889477047140566,0.123248600213376
-0.186246787652441,0.14390324875867
-0.423265716307169,0.108892240313341
-0.521197713682145,0.0662553859917614
-0.422169695396636,0.0843474956952736
-0.167537208289176,0.180658620411448
0.131106007784856,0.290847579151646
0.334642199658084,0.340755218647344
0.361734029882839,0.255527827418184
0.26560815790615,0.0268139807194256
0.130951644599046,-0.266518926077199
0.042605981684418,-0.478915903146184
0.0463108503924766,-0.515980051920122
0.101250949660252,-0.35580624671655
0.138453999926649,-0.0896423644249713
0.115792553841516,0.163894084855441
0.0453228837120096,0.281739762109053
-0.0348411941389886,0.2036751102822
-0.0426986038250323,-0.00402904382132402
0.0146805384494669,-0.247901964625419
0.0972682187594792,-0.396945718927977
0.146048973165738,-0.410453047473031
0.101374448667157,-0.316287647163925
-0.036755375881906,-0.172384415321768
-0.203366366994067,-0.0638472230231746
-0.326352532875053,-0.0188022036184437
-0.336401990725857,-0.0661627638511471
-0.261563673272796,-0.184950086142097
-0.135289427743695,-0.327417698064938
-0.0142637409312668,-0.478344767816944
0.0573482664654909,-0.561441862499361
0.115715372248611,-0.539505948762304
0.1804424950348,-0.393009280066434
0.264018140967998,-0.123634525094414
0.311718327698817,0.200387047550599
0.289226672659818,0.462660825311147
0.173372373543978,0.581232051829349
-0.0137851960241784,0.506100402031966
-0.19870441270096,0.253057914946145
-0.296003495639345,-0.0805191279803102
-0.271829239583734,-0.380721496813589
-0.15912406787401,-0.542871184628554
-0.0250078574357035,-0.547347903098689
0.0423126789439941,-0.440493358337119
0.00574254522875243,-0.30538918333291
-0.0970829744782506,-0.226475491692819
-0.189473122026232,-0.217691862715197
-0.19865809528696,-0.270455348022229
-0.132171164516484,-0.315114453118743
-0.0474840571250439,-0.30538918333291
-0.0122723744235981,-0.226460046915982
-0.0759189189615273,-0.0860301220866553
-0.211300956158452,0.0593087592787156
-0.320393893988116,0.162288656973478
-0.349338150108644,0.217722735352359
-0.264141648433159,0.232820063919051
-0.0844709862439215,0.235691337590709
0.105635041760645,0.254802295070107
0.233576485820803,0.29737738720085
0.27280176994562,0.35031068047053
0.259278996623729,0.368032318528098
0.237188719700863,0.32976411998833
0.248087217364905,0.233638231095127
0.269328454474533,0.0918498510228768
0.24941479151241,-0.0372184865849776
0.157333387252562,-0.12709240424692
-0.0179068611931552,-0.161856423136697
-0.214403783067081,-0.11880276283866
-0.356392843739142,-0.0473142491623962
-0.389350745688888,0.0264898053418398
-0.281832380020538,0.076520960760956
-0.0940110202067827,0.108861367676179
0.122276078309747,0.124035886294034
0.313277455083294,0.140893039761526
0.419221248590329,0.150649182184521
0.449508540551713,0.126197063936196
0.413262575870365,0.0522077609216031
0.316982306874839,-0.0715656994982968
0.202671707283152,-0.200387047550599
0.108259325876751,-0.264450374804779
0.0595557488342681,-0.212057378060204
0.0650821792591942,-0.0276784505075522
0.130025423192903,0.228744723565049
0.19993936893698,0.44112627277371
0.189349614561071,0.530737747645006
0.0948291789246021,0.483500684304643
-0.0869717713531226,0.336216754902885
-0.28329888949353,0.183576194580592
-0.382867221220657,0.109401664201284
-0.339612880322811,0.143887803981832
-0.178945112924647,0.239365333661606
0.00456933691026206,0.306114698764473
0.0930076172077347,0.273619937121696
0.00436865657477298,0.16108457337462
-0.21918924482535,0.0432543324395897
-0.441095383220035,0.0251313543280439
-0.533516420321692,0.150911624975168
-0.421459607825397,0.360915879623276
-0.1581824270658,0.530953873021653
0.104292031294558,0.543612161753468
0.22297130358457,0.341125724126315
0.118262466313555,0.013306650059808
-0.121921026065871,-0.277540914289889
-0.313509008320266,-0.361919265705811
-0.32593574381511,-0.22618217626501
-0.128651540089654,0.0160389905205449
0.158645533539743,0.178682687050514
0.352132250645654,0.114603915019496
0.355204221833635,-0.128883093326626
0.171612565559692,-0.398165230387159
-0.0905531495125333,-0.482111364882814
-0.305975780355501,-0.343657381872678
-0.37230833948191,-0.0762739712054035
-0.289010581116198,0.170840715797615
-0.124576182819138,0.2364168868553
0.0515439738478504,0.137960020815544
0.131353005798665,-0.0361996472673486
0.0906303311054383,-0.146820822927815
-0.0516057233513027,-0.111300407511056
-0.23425570075488,0.0424670463589323
-0.340955916163667,0.225317708591448
-0.312459304823732,0.360931307483601
-0.141587699472441,0.372416402170234
0.0952922853985452,0.288254142297932
0.272678279396972,0.165993525681536
0.308214139590568,0.0627048889277694
0.186385722977927,0.0292221458025766
-0.0186941451592484,0.0445819108162236
-0.199507135100199,0.0943506361320779
-0.272215172923029,0.131553686398475
-0.230056852935717,0.137882830764382
-0.12357277982009,0.113893810531743
-0.0199599761469941,0.0638009140674316
0.0444121028535759,0.0168262744866381
0.0630445006239362,-0.0320779810410897
0.0858140051682647,-0.0484874601240918
0.139040605407497,-0.0141248087776274
0.242113116784617,0.0820473827276253
0.332110541911721,0.222461879696627
0.354108167090074,0.377896506722903
0.293549044860657,0.488563999797369
0.154601048906389,0.47859174891424
0.012611987177047,0.346559511264985
-0.0421583072999274,0.108583505483465
0.0240507676215268,-0.133992717775095
0.187790487176594,-0.259634057325862
0.370949909613756,-0.223912944392781
0.480166304159041,-0.0311054527937679
0.457072624237127,0.200850154024542
0.309371905775426,0.33996792410843
0.0874194415084847,0.322663108943832
-0.113569639383286,0.140445369606164
-0.221875282674036,-0.121272675310699
-0.197407711190617,-0.368588025997014
-0.0651284882149371,-0.503229128360307
0.120855877792499,-0.4950938416796
0.294166497603896,-0.400326416487578
0.424392626771379,-0.259572312051538
0.483562429578967,-0.145863737342766
0.462367492966825,-0.0984568660397558
0.386047221263935,-0.145354313454823
0.256932591616851,-0.232650272872917
0.0949681142500877,-0.301993057912984
-0.0532420365578131,-0.294289988152544
-0.156916598192618,-0.163199425144526
-0.198503732101151,0.0822171906902729
-0.164804869943003,0.377248164425988
-0.0822789444228536,0.600204057066748
-0.012611987177047,0.653615850837668
0.0113307209280024,0.470456462233533
-0.0536433977574323,0.0885000345586944
-0.176259091992474,-0.317414557628134
-0.299847299672889,-0.56412786651502
-0.369622301633224,-0.52748057446708
-0.357658672612323,-0.230658894735145
-0.249028875089629,0.15384464392115
-0.0699448183812391,0.427233010889362
0.0943506361320779,0.43419506969186
0.206731619776831,0.188531464301508
0.244351476019684,-0.158506598214257
0.218401967202949,-0.410267811650059
0.175687922830208,-0.416288229644347
0.176660453192094,-0.202224045586047
0.186771656317222,0.093285487858706
0.206392020768049,0.261208629487177
0.193841777808044,0.188963698138289
0.119157815082536,-0.0899819803502665
-0.00861381784312864,-0.386371409328906
-0.144505290558099,-0.501778029831127
-0.216642142302149,-0.391728023332928
-0.191325547922005,-0.117166445403021
-0.0503862034338641,0.146774522430328
0.148812184149073,0.25060343033443
0.339829005699458,0.159401938524982
0.443410949422777,-0.0307195300272939
0.418619189874387,-0.170516544649158
0.28536744076595,-0.151189478709626
0.0614853690103308,0.00997226885692448
-0.186462913029088,0.217228756241254
-0.405837410593924,0.295200773240106
-0.557551741051817,0.178126962665085
-0.623822554903902,-0.0713495825799063
-0.611812642302029,-0.350017381959234
-0.536372232299999,-0.484426897252529
-0.421011929211778,-0.437591195111786
-0.278034893400994,-0.276645573979164
-0.15932474847382,-0.111439334378285
-0.0750544512879649,-0.0301792356167533
-0.0533346586984274,-0.0351036221276863
-0.0908773206609908,-0.0616243001066881
-0.140044008406545,-0.064696254378156
-0.180380749760476,-0.0207781348648135
-0.173326073046492,0.0148812190492765
-0.11136215278538,-0.00710099677118931
-0.0134610195893105,-0.0987192919138894
0.111670896073514,-0.225796259842229
0.232850953472727,-0.282496167094291
0.333268308096579,-0.217012630864606
0.404231965795447,-0.0325719622667591
0.423250288446845,0.19875073011496
0.399554549808989,0.340647155959021
0.325318257238843,0.322030194507241
0.214249419881272,0.18457959757964
0.0770458125092232,0.0325410896295971
-0.0427603490993562,-0.0288207846029574
-0.1246070554563,0.0247145568098437
-0.185907188643659,0.10700893332215
-0.229516556410612,0.0993213337133181
-0.277479169015565,-0.0552334062373281
-0.350742931223824,-0.30115944596007
-0.439736953351881,-0.5053902806277
-0.488100893323426,-0.532852616331425
-0.471182011498123,-0.340662583819345
-0.385954620268963,0.000154369496462379
-0.245123325781761,0.309850440109693
-0.143733440796022,0.430768088551286
-0.12190558974729,0.32179864127027
-0.195524395741169,0.0819856374533014
-0.321088553699031,-0.0942271371251733
-0.39875182740975,-0.078589512033376
-0.383623626205896,0.1357834068548
-0.265006116106721,0.390678319836394
-0.0808124264916058,0.501422986045508
0.0737577413193647,0.365639579190707
0.119373932000927,0.0289442793807337
0.0380057684365066,-0.336710750930504
-0.129917368962836,-0.548382178734899
-0.278158383949642,-0.506285637854938
-0.343564747044679,-0.270625155984877
-0.28402443875812,0.0260421330719134
-0.127771627639254,0.207889402878202
0.0540910721419228,0.194119631542501
0.21593205473091,0.0455081279932382
0.309788694835369,-0.101081141697605
0.345725933145098,-0.116548967285011
0.333175673268579,0.0219822163491069
0.282372676545643,0.235166485842442
0.204338897355953,0.386541217291554
0.0908618843424098,0.396652420416682
-0.0376815930589207,0.288964263702198
-0.133390675975666,0.138083511364192
-0.169235270999138,0.0550018487712281
-0.113878374213163,0.106576699485369
0.00456933691026206,0.270486220659391
0.144613336329909,0.456161839149565
0.22913063998783,0.570626818843575
0.201575686372619,0.542516140842935
0.101297258615995,0.389335317828564
-0.0331740040661878,0.166132444090509
-0.146203353268062,-0.0367090669261631
-0.19564790320633,-0.143332079596403
-0.18959661257488,-0.137728459120316
-0.157950873828828,-0.0371258644443633
-0.16123893656043,0.112504491109914
-0.199553452514198,0.253011597532145
-0.235907462967357,0.347995148100814
-0.223449837918838,0.378637483847818
-0.148997436888558,0.348998568016375
-0.0323867201000946,0.266873986779332
0.0936405316443255,0.152609687685131
0.160806702723649,0.0260575715050586
0.165978080904699,-0.0970366655225076
0.116934892166049,-0.226259366316172
0.0779257249596232,-0.364481813005849
0.0963111247161742,-0.471305502046771
0.171072269034587,-0.518959354447077
0.268309623615161,-0.459588854123166
0.307889951525597,-0.284178818860443
0.25577480851548,-0.00560361254647202
0.112010503540552,0.266966604690818
-0.0649741207999989,0.420703169007131
-0.203443557045229,0.405883728007923
-0.240229801335169,0.221690029934551
-0.171319267048396,-0.0514359153886551
-0.00521768872271591,-0.30701005599171
0.181986194558953,-0.446158698712761
0.349569703345615,-0.452734858008991
0.465269656192159,-0.397115526890625
0.502225708444746,-0.350187189921882
0.453244281896934,-0.370996193194729
0.319436791486554,-0.424114756120408
0.129516007763217,-0.461611087981586
-0.0994757053573848,-0.409279853427849
-0.276012659542574,-0.237821651053967
-0.348751553086053,-0.0230473646224788
-0.297994873777116,0.149985395110768
-0.131924166502675,0.19802518085037
0.0379903321179256,0.114696532930982
0.143501887559051,-0.0221211495600284
0.113245459776572,-0.1237734604199
-0.0468820153256151,-0.0998307491430043
-0.23311337934686,0.0380983905771209
-0.345448062494127,0.217259628878416
-0.306917421163711,0.356145862641846
-0.124730554463205,0.391758912886603
0.117413434958574,0.301776932536337
0.287142693527074,0.160698640035325
0.302811208172547,0.0458940486451481
0.170470227235158,0.00544924301696957
-0.0274623335891616,0.046171915066991
-0.187666996627946,0.106067275597426
-0.252162574635421,0.151806965285893
-0.21692001295312,0.146187908491224
-0.134131653100581,0.107595538802998
-0.047916290961825,0.0605591518333161
0.0339458517137001,0.00586604053516975
0.0972373461223172,-0.0210096881017851
0.145987227891414,-0.027277089307933
0.159834172361763,-0.0184317171705507
0.108490879113722,0.0124730550234077
-0.0161779226741842,0.0672587889908094
-0.19186584444711,0.128759594319721
-0.337173857404447,0.198627222649799
-0.387220449142144,0.25665472096588
-0.286648697499455,0.288254142297932
-0.0715811358168778,0.285938609928216
0.147098693578786,0.258507146861653
0.265237669343693,0.228466852914078
0.212242613883176,0.212906400956928
0.0408924784267459,0.27491663863204
-0.125564149499605,0.398813572684074
-0.180303576625828,0.520858097756849
-0.0647116906967369,0.577974810985369
0.16620963414167,0.482821452454052
0.363262301546668,0.236787375417757
0.403830604595828,-0.0776941632643949
0.249584599475058,-0.327402270204614
-0.0407072341455173,-0.398952524926073
-0.335815393703266,-0.290971069700294
-0.465995205456749,-0.0879134290778466
-0.39569531791512,0.0749618249182222
-0.157703875815019,0.118771890201498
0.134147089419162,0.0436865662763709
0.344444642578565,-0.092359266452563
0.400141180664607,-0.204338897355953
0.331817243400425,-0.235151057982118
0.232634828096079,-0.217583800026873
0.201622003786618,-0.187512616525623
0.28087529443549,-0.185598445355526
0.427479991986657,-0.239457951573092
0.5535690186093,-0.299615746435917
0.575088109453386,-0.331446737921455
0.460746620308024,-0.310190056034989
0.228713850927887,-0.229794427061583
-0.0176598705803205,-0.145570438831471
-0.192220888232729,-0.0917109156973912
-0.244428649154332,-0.084162251414045
-0.190368462336957,-0.0630908138088076
-0.0829427314966064,0.00253165959660673
0.0205002684429706,0.105156498968121
0.0823715623343396,0.223465282695675
0.119126942445374,0.266287372840227
0.157595813126695,0.20900085164906
0.207086680478964,0.0683393735827623
0.263601351908054,-0.0885926524701803
0.290122029887056,-0.16625595155567
0.243054774509341,-0.11486634089363
0.13556728993641,0.0659466469327565
-0.025501840775937,0.277293916276079
-0.184363489119506,0.38948966409786
-0.281338400909433,0.343178813705384
-0.296096130467344,0.122862683790595
-0.233638231095127,-0.195123034541549
-0.111346716466799,-0.472772028436275
0.00679225771218442,-0.621800354878509
0.0843474956952736,-0.645156443758044
0.100108619793976,-0.581525316507618
0.0374654761405301,-0.487437123166187
-0.0622263419061168,-0.431694301499173
-0.151343858811949,-0.42731018402401
-0.188639526989832,-0.448258139538856
-0.135258555106533,-0.475612412554258
0.0214573603717114,-0.457443129716098
0.226398301641658,-0.373898356420063
0.390029977539479,-0.253212278131955
0.422324075498959,-0.11094535526718
0.271505068435277,0.0296080685690506
-0.0414790839075937,0.109756707986904
-0.410453047473031,0.114387798101105
-0.682066178596631,0.051729218129079
-0.75065255865146,-0.0630445006239362
-0.594646711713376,-0.173928114845921
-0.265839711143122,-0.239797567498387
0.087712748478037,-0.198411114189665
0.304818014170643,-0.0534427171576227
0.320671764639087,0.150572009049873
0.179145793524457,0.339288726090867
-0.00711643361841135,0.443179396185806
-0.0724764761276021,0.41903597893433
0.0410622863893935,0.317754173553429
0.307704715702625,0.166441187378642
0.607058019347896,0.0248997989765082
0.790495278603002,-0.0558508843553378
0.794740443836166,-0.107703593033065
0.624594421582492,-0.146573841830519
0.396590675142358,-0.178744432324838
0.230581721600497,-0.193810905170882
0.203073068482772,-0.17173605610834
0.289288417934142,-0.0718898706467543
0.378622055987494,0.100494544675014
0.380459054022942,0.305929462941501
0.244876327767951,0.469406758736998
0.00873731314954597,0.507921938374063
-0.232650272872917,0.435152172193422
-0.359680906470743,0.274144788869963
-0.330366144871245,0.0854589529243885
-0.177787346739789,-0.0594785672413632
0.00103427563620996,-0.131461060028732
0.120547134504365,-0.153968134469798
0.136092150142934,-0.155573579268275
0.062627703105736,-0.158969704688201
-0.0120716948810706,-0.165159913728623
-0.0633532396829411,-0.151606284686083
-0.0607907050702877,-0.0952151038056403
-0.0426214180029989,-0.00436865657477298
-0.0493056146127828,0.0999696844684899
-0.0968205486041171,0.163955847046279
-0.189997973774499,0.166117016230184
-0.261887844421254,0.10742573084035
-0.297948556363117,0.0404602445899647
-0.279547720287985,0.00858294414868457
-0.241958753598807,0.0275395172966307
-0.229717237010421,0.0651593650812275
-0.280659185975356,0.0898584813433619
-0.3730338887465,0.0430227792026181
-0.449832694783657,-0.0472833765252343
-0.437683829939785,-0.142606547248327
-0.342638534096792,-0.194165948956501
-0.189612057351718,-0.14033730691784
-0.0368788706596823,0.00992595884389942
0.0156221930023447,0.200402475410923
-0.0485028964426728,0.359186944276152
-0.180241814434991,0.409897306171088
-0.320007960648821,0.339720943011134
-0.379764394312027,0.202455598823019
-0.3248551507649,0.0433006413953327
-0.195416349969358,-0.0694353987224246
-0.0667648056505759,-0.112643417977143
0.0039518590565728,-0.0957245276935831
-0.0391326662133309,-0.0463108503924766
-0.136555256616877,-0.0002469911910358
-0.234471826131528,0.0301329245464461
-0.273604492344859,0.069203845485453
-0.213678250719005,0.124205694256681
-0.0803030110619197,0.213091653696414
0.0931465525332204,0.298550615079059
0.241788945636159,0.359186944276152
0.353552459621159,0.347995148100814
0.386649279979877,0.252641108969688
0.361487048785543,0.0986421103209844
0.274314596832611,-0.0741745388375648
0.141649444746765,-0.205342300355001
-0.0306269078866796,-0.277679849615374
-0.21604010050272,-0.301421888750717
-0.350912739186472,-0.290168347301056
-0.401762053323408,-0.279856463576118
-0.348164956063462,-0.264604754907102
-0.206345703354049,-0.206175895391402
-0.01573025146154,-0.0950144232058307
0.143748868656347,0.0928223729265061
0.205018129206544,0.300897003169423
0.159602619124791,0.467909376626845
0.0255944629165513,0.522911221168945
-0.140646050205974,0.414482087329547
-0.271890984858058,0.201467623684295
-0.335275114094675,-0.0488116355016777
-0.2939195165066,-0.227818493700649
-0.200695773922218,-0.236463187352786
-0.0792069901513858,-0.09686685755986
0.0342082797023978,0.129469698807474
0.100710661593404,0.32175232385627
0.115993234441325,0.375519229078864
0.0813372866981296,0.278328191912289
0.00287127261437621,0.0813218503795486
-0.0925445107337916,-0.10949428211277
-0.1907852513969,-0.214048739281462
-0.273481001796211,-0.205326872494677
-0.300897003169423,-0.100942214830376
-0.25660840355188,0.011207225092944
-0.15041762894755,0.0696515156408152
0.00663788818268198,0.0547394228970946
0.158630088762905,-0.0209633770314779
0.24873555966182,-0.0991823983878325
0.232974444021375,-0.143471014921889
0.092266648541077,-0.141464200465536
-0.137373415334696,-0.0839461344956544
-0.377649525625608,-0.011546837846393
-0.548289577739927,0.0728160920528974
-0.582158264777235,0.161686615174049
-0.468974507983704,0.23616988884149
-0.234842314693985,0.27709323567627
0.0351344968794125,0.223804898620971
0.260081719022967,0.0495217357603018
0.369946489698195,-0.215576994028777
0.345262826671155,-0.4848437201455
0.259695802600186,-0.659543667836983
0.185119894104745,-0.669932707780056
0.179747835323886,-0.497579182011963
0.26281405736914,-0.203459001822067
0.368479997141717,0.101636874541291
0.418634617734711,0.302008485773308
0.330057418499625,0.342159999762525
0.119142378763955,0.273295749056725
-0.146789950290653,0.18654010308025
-0.363524710504288,0.148704138377263
-0.411194024597945,0.193486717105911
-0.292962414005039,0.27212253809503
-0.0620411018540166,0.311023667987902
0.172338097907768,0.289998539338408
0.276367703328193,0.228003746440134
0.219837604038778,0.200294412722599
0.0486418275390301,0.259325314037729
-0.125857448010901,0.394182507944643
-0.166966039126909,0.540972441318782
-0.0481941573836679,0.595958891833584
0.177030941754551,0.48898082269034
0.37442320816833,0.220979925446798
0.410777235538002,-0.102840958140148
0.249291300963762,-0.334163631490789
-0.0717200711423635,-0.387868791439059
-0.364528130419849,-0.26591688427777
-0.477619218552354,-0.068231315123567
-0.374562126577302,0.0773082468416135
-0.109092920913151,0.108290198513913
0.153227157344884,0.0317074945931967
0.29526251851443,-0.0854898255615505
0.320131451197469,-0.178343071125219
0.296991453861555,-0.234440953494366
0.303876339529405,-0.257550061276604
0.339118918128219,-0.248179835276391
0.318155534753049,-0.210822421824184
0.148488013000615,-0.141109156679917
-0.149120927437206,-0.0183699697816625
-0.437236151326166,0.119574612600736
-0.593149329603223,0.239921074963549
-0.567215265563326,0.307689287842301
-0.432960130372354,0.298828451897003
-0.273558174930859,0.234811442056823
-0.164326318692222,0.122353259902652
-0.116147606085392,0.0172276356862573
-0.0645264506446367,-0.0707629770990584
-0.00060204100646722,-0.121241802673537
0.0645110100969273,-0.173048202395521
0.0807969901730248,-0.216842822901959
0.0298550602391674,-0.250943046259725
-0.0487344496796444,-0.283499570093339
-0.0839924434513974,-0.280674613835681
-0.0146033536847157,-0.260467652362262
0.176089284029827,-0.210359315350241
0.416596956015967,-0.142405866648517
0.601454390413551,-0.0643875153191511
0.626400563897292,0.0242668845399174
0.475102988666315,0.104986691005473
0.187991167776403,0.156453474802162
-0.105233680561026,0.171983054122149
-0.249800707935192,0.139472839244278
-0.169281588413138,0.0622263419061168
0.0987501645510513,-0.0124267439531005
0.399801564739311,-0.0576570055244958
0.565594392904525,-0.0417260734631463
0.497023474543048,0.0359526534826677
0.209556592951003,0.131491932665894
-0.168170122725767,0.186987764777355
-0.403568161805181,0.160034852961573
-0.366025512530002,0.0304571020385962
-0.0963728784487549,-0.153474155358693
0.273125941094078,-0.303505867883461
0.512738272769493,-0.360159474638038
0.493318588918475,-0.31140956749417
0.238562611262368,-0.174900645207807
-0.121102867348051,-0.0251004795763178
-0.365454343367735,0.0693119039446483
-0.392654236280814,0.061871293891369
-0.206716191916506,-0.0242051371510293
0.0672279163536474,-0.143779741293509
0.232696573370403,-0.250202069134811
0.199244709226065,-0.292700005047419
-0.00620565381725976,-0.282295486494482
-0.242915839183855,-0.218957691588378
-0.356454589013465,-0.147654417964215
-0.268000880327028,-0.0779720339153662
0.00551099093449876,-0.0393796599980118
0.338331623589305,-0.0329733234663783
0.578144652781043,-0.0510191178704549
0.669392462004492,-0.0855052618801314
0.588734390240439,-0.127617264453444
0.393410641266053,-0.155851449919246
0.16636399732748,-0.132124847102485
-0.0214419219385662,-0.0704851106772155
-0.144181102493128,-0.0082587677138166
-0.189056316049775,0.0169960813920036
-0.172909267070035,-0.0438718105575995
-0.13101338987337,-0.171025968537101
-0.0794231070697763,-0.319236127803258
-0.0436402573206279,-0.417198980898882
-0.0456470590895955,-0.402611093136646
-0.0941653918508493,-0.271582258486438
-0.171164886946073,-0.0818621469046535
-0.249677217386544,0.0790989274630621
-0.312505588404704,0.137311661602115
-0.33312935585458,0.0859529320354936
-0.317985726790401,-0.0163631658981308
-0.295972639918696,-0.105388052205092
-0.253768019433897,-0.100340173030947
-0.165190803282298,0.00923129596113842
-0.00899974166688475,0.159386510664658
0.233406677858156,0.268108943015351
0.481092517106928,0.286154735304864
0.638533967047813,0.246435455152428
0.623374876290283,0.182109685107601
0.412737724122098,0.147500054778405
0.0527789300838699,0.174730837245159
-0.291619411997209,0.211300956158452
-0.462290319832177,0.206222212805401
-0.404231965795447,0.114295171731363
-0.152825796145265,-0.0549709761340661
0.153952689692961,-0.222060518497008
0.354247119332073,-0.299723809124241
0.365608723470059,-0.246296536743456
0.236494059989948,-0.0870180803088655
0.0929921808891537,0.0918652873414578
0.0412629669892031,0.202718024697152
0.120346453904556,0.199090329123742
0.246234774552619,0.0973917177663839
0.286741332327455,-0.00191418174291748
0.185536700081202,-0.0313215697121585
-0.043316081943042,0.0375735345997254
-0.295015537417134,0.169621204338433
-0.457118941651127,0.281739762109053
-0.470332971684885,0.307920841079273
-0.359464814927123,0.220408756284532
-0.231785788282841,0.0561287465480524
-0.160173788287058,-0.120994813117984
-0.167984886902795,-0.242406415295912
-0.230751512646631,-0.280504805873033
-0.255172766716051,-0.265500095217826
-0.212211741246014,-0.214233992020947
-0.148765883651587,-0.155650769319437
-0.153798326507151,-0.0907847027495049
-0.302270894730928,-0.0115622752222561
-0.54694654189907,0.102732895451825
-0.78708375915578,0.22037788364737
-0.879118862918142,0.301005065857747
-0.780121666520254,0.344367469443917
-0.525612686877956,0.332650821520312
-0.227092961352572,0.26059114291091
-0.00305651610264325,0.18674078368006
0.103257755658348,0.128049498290225
0.132834951590237,0.0820165100904633
0.177015496977713,0.0331740040661878
0.291634839857533,-0.0448289003717761
0.428637792004542,-0.151837837923055
0.468804733854083,-0.278899361074556
0.289164927385494,-0.358492284565237
-0.11921956035686,-0.352811482496244
-0.596900532641795,-0.255589572692508
-0.910579315091681,-0.0916954793788102
-0.892904062114167,0.102547651170596
-0.5295028083255,0.272770897308458
0.0569623415844527,0.365408025953736
0.571043641736546,0.375179613153568
0.780322364036577,0.322616791529832
0.68132516763869,0.209494847676679
0.389705789474508,0.074004739333174
0.0843783683324355,-0.0479934767838583
-0.0485955185832871,-0.127540074402283
0.0546622370750613,-0.131214070473179
0.276336830691031,-0.069219281804034
0.439289274738262,0.0464497814888339
0.453352344585258,0.176042966615827
0.312798920749027,0.262644249406492
0.13701836309082,0.267599519127408
0.0593705087821679,0.202069665483724
0.135104183462467,0.09686685755986
0.288748138325551,0.00929304335002656
0.412012174857508,-0.00364311999756791
0.430798944271935,0.075610175673394
0.330520524973568,0.217877098538169
0.206885999879154,0.357550609923999
0.126521235084654,0.449523968412038
0.125579585818186,0.449956219165332
0.18084385623442,0.364960347340117
0.195879456443302,0.206253085442563
0.110760110985952,0.0120562575052075
-0.069203845485453,-0.183607084134268
-0.269529135074343,-0.343935218690622
-0.396636992556358,-0.424840271551971
-0.382867221220657,-0.423373778995493
-0.253258595545955,-0.333577034468198
-0.0964037510859169,-0.180365321900152
0.0126428619287732,-0.0228003750669263
0.0440724911574091,0.0937022853769062
0.0443040443943807,0.124499001226233
0.0866012827906654,0.0665023797764423
0.192004779772595,-0.0302718577573676
0.343873473416298,-0.0899511077131045
0.462506445208824,-0.0671044173467427
0.479687769824774,0.0680769477086288
0.387374795411441,0.266719606677008
0.232094531570974,0.445340548453198
0.0895806191506473,0.522864903754945
0.0287899098512313,0.469375869183323
0.0594631309227822,0.304864297751615
0.129253573430826,0.0866476002046651
0.155295708617304,-0.0981018137958796
0.107904273632874,-0.191572545935814
0.0214264856199853,-0.170917905848777
-0.0610840078107116,-0.0970829744782506
-0.0560978739108904,-0.0256562103054394
0.031846425689554,-0.013646262813257
0.131955047598094,-0.0910008196678955
0.184070190608211,-0.224576748383047
0.110590303023304,-0.37343524994612
-0.0573945796503623,-0.46726103432993
-0.258198420490033,-0.472339777682981
-0.404463519032418,-0.373543312634443
-0.435630706527689,-0.196713051479702
-0.359788969159067,-0.00898430429102167
-0.221319541372094,0.127509201765121
-0.118617518557431,0.177694728828304
-0.0908618843424098,0.150618309547359
-0.169914502849729,0.0693427765818103
-0.300341295700508,0.00236185321988225
-0.42084212124913,-0.013260340046783
-0.503167383085983,0.0460329839706337
-0.523466962470888,0.149800159287797
-0.494707908340305,0.256098996580451
-0.435383725430393,0.315577559592686
-0.371814377287319,0.310344436137312
-0.301097700685746,0.235444356493414
-0.2252405354568,0.123325790264538
-0.138376818333744,0.0267059222602304
-0.047175318066039,-0.0631679954017125
0.0292375821211576,-0.125162788299986
0.074591336355765,-0.169250715775976
0.060080609040792,-0.218139524412302
0.00435321972755095,-0.254848595567594
-0.0712723925287446,-0.272523899294649
-0.0967279222343744,-0.272786325168782
-0.0222292080192236,-0.249090620363953
0.168200995362929,-0.215453503480129
0.419205786896978,-0.171705183471178
0.609172921867342,-0.103705425813711
0.63109334007802,-0.00484720227482288
0.460654019313051,0.102099981015234
0.156669600178809,0.178543751725028
-0.109772144305485,0.188160975739051
-0.21106940292148,0.11611673344823
-0.112828662258372,0.0155295708617304
0.115051585174858,-0.0396420858721453
0.335028099164352,-0.0178296774856861
0.460268085973756,0.0486881364947731
0.466998591539283,0.0549555398154851
0.366627537412917,-0.0480552220581823
0.21779992540352,-0.230226660898364
0.0411085953451365,-0.396189313942739
-0.141232647228565,-0.444429763365636
-0.277880530215184,-0.3592177999968
-0.33174003643275,-0.216595841804663
-0.262397268309197,-0.122677439509366
-0.100741534230566,-0.177061814391713
0.0830970946824163,-0.348689807811729
0.196805669391188,-0.534041272069959
0.180210941797829,-0.628438191783009
0.0455853095861432,-0.582652226971827
-0.158799896725553,-0.400326416487578
-0.33893364847222,-0.148549758274939
-0.436279048824604,0.0940264565253637
-0.423080480484198,0.279177231725527
-0.325549810475815,0.386294236194258
-0.178991430338647,0.448474264915503
-0.0139395655536809,0.486618972906624
0.133529611301152,0.506038622924615
0.266148437514741,0.485461172888739
0.337652391738714,0.430876117406583
0.34182038383723,0.333731414570522
0.259834737925672,0.222986731444894
0.0901672246314951,0.137759340215734
-0.0711643382986776,0.100834152142052
-0.155218518566142,0.108629814439208
-0.108815058720436,0.125255406211472
0.0675366554126523,0.12273918478369
0.270439920161905,0.0892255669067711
0.374886314642273,0.0141248087776274
0.308600072929863,-0.093300924177287
0.092343830133982,-0.216873695539121
-0.188377101115698,-0.334781118067056
-0.389196365586565,-0.42695514023839
-0.40262652099697,-0.482420091254433
-0.210976785009994,-0.472725711022276
0.117428871277155,-0.40603807427722
0.425859119327856,-0.266086692240417
0.571120848704221,-0.105449797479416
0.526091221212223,0.0279408784962499
0.345679615731098,0.102748331770406
0.117336253365669,0.0959560809305547
-0.0405219940934171,0.0651748013998085
-0.0875275041968084,0.0509264957298406
-0.0388702403391973,0.0868328444858937
0.0529178611802272,0.157163579289914
0.0993676426690611,0.206438321265535
0.0812909777423867,0.16438808088306
-0.00649895550040157,0.0027632138908604
-0.114650223975239,-0.250171196497649
-0.190816124034062,-0.509342147349568
-0.206021532205592,-0.699015916142583
-0.177061814391713,-0.759281807526759
-0.125301715167215,-0.678685514870057
-0.0610840078107116,-0.503939215931546
-0.0392715973096881,-0.304679061928644
-0.0644955737783464,-0.103551054169644
-0.135798843173381,0.0541219447790848
-0.23533629380509,0.181137171662229
-0.328158675189853,0.300665449932452
-0.378683801261817,0.387405684965116
-0.330505097113244,0.427973988014276
-0.213770868630491,0.36438917817785
-0.0583825421017009,0.209710956136813
0.0600342958559206,-0.0190183226513985
0.0964500600416598,-0.249738962660868
0.0222755190895308,-0.397841076155215
-0.123294917627376,-0.455343688890002
-0.244258858108198,-0.409650325073792
-0.280396743184709,-0.284626463641035
-0.199275581863227,-0.137373415334696
-0.0168108381680571,-0.017119577227062
0.178204152716246,0.0430845244769421
0.30525023109091,0.0483022158428632
0.308785308752835,0.0326954591590995
0.191603418572976,-0.00128126677768566
0.0232326089037074,-0.0224607612561952
-0.129176391837921,-0.0215345440791806
-0.19993936893698,-0.0182464750038863
-0.180303576625828,-0.0266596111899232
-0.121457919591927,-0.0565918572511239
-0.0757799836360416,-0.114542161286915
-0.0783579587964044,-0.179963960700533
-0.135104183462467,-0.21624078110253
-0.19699090521416,-0.210498250675727
-0.186246787652441,-0.14804035130351
-0.0789754369144142,-0.0482095937022489
0.115221393137506,0.0631834359494219
0.33488918075538,0.127246775890987
0.467754996524522,0.138207010371096
0.480598554912336,0.0954003480868689
0.366534936417945,0.02483805158762
0.16823186800009,-0.0404911172271267
-0.013970439248125,-0.0865704101535034
-0.106916315410664,-0.132510771983523
-0.0783733951149854,-0.197994308213208
0.0309665195828465,-0.249646344749382
0.112890407532696,-0.272029920183544
0.106638444759693,-0.185336019481392
-0.0104199411268508,0.0222137695860785
-0.185104466244421,0.314774837193447
-0.31735281235381,0.572402105437727
-0.339875323113458,0.681356091025392
-0.222338389147979,0.583223396134094
-0.0358909082083437,0.273635364982021
0.114835468256468,-0.128003180876226
0.169636632198758,-0.42389863074376
0.0985340476326607,-0.498212096448554
-0.0373882903184968,-0.336278500177209
-0.113399831420638,-0.0439181195133425
-0.0691575323005817,0.191973907135433
0.0961567615303643,0.267769327090056
0.292113408024828,0.161563107708888
0.398010884117863,-0.0492438693384589
0.344074170932621,-0.228698406151049
0.148626948326101,-0.276661001839489
-0.107827092039969,-0.190538270299604
-0.304601888793995,-0.0524238820691221
-0.37815894951355,0.0269066028600399
-0.313447263045942,-0.032849828688602
-0.176289964629636,-0.198827903249608
-0.0502163954712165,-0.360267537326361
0.0278482563556356,-0.439381875733234
0.0520533935066649,-0.380999333631533
0.0802103931504337,-0.22297130358457
0.142899845759622,-0.0439489963796328
0.236061826153167,0.0870489614042843
0.313894941659561,0.126011819654967
0.297809637954145,0.0944895714575636
0.205218809806353,0.0363694510008678
0.0921585858527534,-0.0212258050201757
-0.00578885629905958,-0.0777713533155566
-0.0387313050137117,-0.137589532253087
-0.00311826375585192,-0.189087188686937
0.041340148582108,-0.20702493520464
0.031074580156606,-0.153520455856179
-0.0220130889862689,-0.0110374192448606
-0.0812446687866437,0.196527798740217
-0.0896114917878093,0.390925300933689
0.00230010556667359,0.481910701199517
0.153088222019398,0.446035208164113
0.249939643260677,0.312999584432323
0.19456731015612,0.179794152737885
-0.0426831632773229,0.133637673989475
-0.358924501485505,0.206716191916506
-0.565517219769877,0.343935218690622
-0.537329334801561,0.449446795277389
-0.250973918896887,0.466689865167664
0.166610995341289,0.371860660868291
0.481895239506166,0.224376067783237
0.516041797194446,0.0973608366709651
0.240924477962597,0.0562368050072477
-0.198797030612446,0.100988523786119
-0.572633658674698,0.190970504136385
-0.668543388358226,0.257179572714147
-0.438085191139404,0.302564193242224
-0.0120408201293444,0.315129880979067
0.361919265705811,0.333237418542903
0.486186722153329,0.376074970380806
0.316920561600515,0.388532595429326
-0.0324639038075638,0.34271570723144
-0.321659722861298,0.185197084155907
-0.400172036385255,-0.0400897560275075
-0.243780306857417,-0.244197095917361
0.0337297347953095,-0.3266612930797
0.243888369545741,-0.247901964625419
0.267723009676056,-0.0817695205349108
0.0884382808261137,0.0716274447726208
-0.167274782415042,0.103458436258158
-0.343827189835326,-0.0193888090992915
-0.318001154650725,-0.19560158579233
-0.115113330449182,-0.318541468092343
0.164449826157384,-0.279300722274175
0.370749212097433,-0.054523305978704
0.40258020358297,0.250742365659916
0.280659185975356,0.48174089323687
0.087774493752361,0.527048323713785
-0.0366473174227108,0.40500379864101
-0.0425442321809656,0.194274011644825
0.0875583768339704,0.0458014307336621
0.293549044860657,0.0439798690167948
0.474547247364373,0.172893839209711
0.557227552986846,0.343734555007326
0.502982113429985,0.432203725387115
0.344398325164565,0.409202646460173
0.0965272416345648,0.279084613814042
-0.140229252687773,0.119003443438469
-0.302826636032871,0.0155141345431494
-0.34861263467708,-0.0376044072368874
-0.276954317267298,-0.0515285375292694
-0.144073056721318,-0.0958171456050691
-0.00246991194339807,-0.197500329102103
0.0549709761340661,-0.33246558569734
0.0111146040096118,-0.426769904415419
-0.122970738020662,-0.421166275481074
-0.26556184049215,-0.316380281991924
-0.328467401561473,-0.186601848354574
-0.272230600783353,-0.132171164516484
-0.11424886277562,-0.196589544014541
0.0699756910184011,-0.358245269634914
0.184811150816612,-0.53458155167855
0.16418740028325,-0.631232326153047
0.031830989370973,-0.578437917459312
-0.172909267070035,-0.40163856277476
-0.352255741194302,-0.145446931366309
-0.436171019969308,0.105696795493226
-0.408075769828991,0.291820075680505
-0.302703145484223,0.397084637336949
-0.158537470851419,0.455837684917621
0.00162087966329488,0.49168228839935
0.141109156679917,0.502827767160688
0.269884178859962,0.486325640562301
0.363030748309696,0.414744530120194
0.362860940347048,0.313292882943618
0.264481247441941,0.207982020789688
0.0809359254985104,0.14297701889427
-0.0980709411587176,0.122831802695176
-0.161779233085535,0.113600512020448
-0.0845790489322451,0.109586900024256
0.110790983623114,0.0834675832448735
0.284950651706006,0.0686944258266385
0.343641920179327,0.0920814042598484
0.284688208915359,0.143054208945432
0.146620142328005,0.203906663519172
0.030441663605451,0.220007395084912
-0.0511271763296502,0.155990368328219
-0.125147351981405,0.00791915496036764
-0.221952455808684,-0.185366892118554
-0.327541188613586,-0.358353332323238
-0.38198732568677,-0.44764065296259
-0.341511623632583,-0.40469507226939
-0.206268513302887,-0.193347798696939
-0.0540756358233418,0.146187908491224
0.027616703118664,0.51506926683256
-0.0237420285625219,0.772279712183869
-0.178018899976761,0.824965990523226
-0.346976300324928,0.649571383120828
-0.470533669201208,0.290924752286294
-0.527758411285024,-0.0864006021908558
-0.525535513743308,-0.288377666679607
-0.476847351873764,-0.250310131823135
-0.379656331623704,-0.0275395172966307
-0.224885474754667,0.24439777651717
-0.0187713309812817,0.381863835138123
0.187512616525623,0.303675675846109
0.332357523009017,0.0532574771055224
0.356778777078437,-0.23414765498307
0.237188719700863,-0.402240587657675
0.0293765153320791,-0.379100590321761
-0.178204152716246,-0.219312735373998
-0.289813303515436,-0.0529641743650986
-0.243116519783665,-0.0107286801858557
-0.0595403125156871,-0.136431757609972
0.184564169719316,-0.347393123217899
0.386973434211821,-0.507705846830443
0.484040997746261,-0.51533167579018
0.47548892200561,-0.38647947201723
0.384966628213725,-0.187003209554193
0.262536203634682,-0.0217969720678783
0.131738930679703,0.0339304153951191
0.0465578399480292,0.00449215214551083
0.0177370553450718,-0.0652674235404228
0.0676601501904286,-0.0927451913336012
0.201390450549647,-0.0722449228906306
0.370980765334405,-0.0244058177508389
0.532636490954778,-0.0111146040096118
0.589197496714382,-0.0734490064894882
0.496405987966781,-0.192560504158024
0.2484268332902,-0.305157630095938
-0.0900591619431715,-0.327896232399206
-0.382481287881362,-0.250310131823135
-0.529626298874148,-0.107394858203188
-0.492562183933237,0.0348875052092957
-0.338702095235249,0.126351427122006
-0.201513941098295,0.137450596927601
-0.191572545935814,0.1014207576229
-0.339597452462486,0.0526863079432556
-0.554217360906215,-0.0131522805303056
-0.695017799672769,-0.0838535081259117
-0.651392953295952,-0.163677976395307
-0.396806800519005,-0.268417669386971
-0.00603584744053528,-0.331076266275511
0.353475252653484,-0.316642690949544
0.525334816226985,-0.199352771914389
0.469206095053702,0.00648351865317953
0.233483867909317,0.223635090658323
-0.0231399867630931,0.365052982168116
-0.183529894083106,0.366534936417945
-0.182078812470439,0.257411125951119
-0.0596946841597538,0.0938875296581348
0.0697287014628485,-0.0533964082018797
0.124699673367786,-0.138006329771287
0.0885772161515993,-0.174900645207807
0.00219204684315777,-0.219096626913864
-0.0650358660743228,-0.300310406146832
-0.0676755865090096,-0.399431059260341
-0.00163631664267718,-0.462768854166444
0.0778330985898806,-0.441280652876033
0.110667493074466,-0.315006390430419
0.0795774702555862,-0.118478583231946
-0.0113770319983096,0.0767988229536706
-0.0987501645510513,0.182588236358382
-0.134147089419162,0.171828690936339
-0.119867911112032,0.0595711893819775
-0.0962956883975932,-0.0790834911444811
-0.107441167158931,-0.173758306883273
-0.202332091357857,-0.171983054122149
-0.344074170932621,-0.0807661175358628
-0.487684104263483,0.0447208419125808
-0.576755333359214,0.16625595155567
-0.565054113295933,0.247330812379666
-0.46037614866208,0.276228768002708
-0.300464786249156,0.27212253809503
-0.148889374200235,0.244089050145551
-0.0623807135501835,0.214095056695462
-0.0450758941564571,0.20578997896862
-0.0920196589855245,0.19958432515136
-0.151884138420541,0.188747572761642
-0.189256996649585,0.150834434924007
-0.205265110303839,0.0557582622147235
-0.188315338924861,-0.104292031294558
-0.15912406787401,-0.279501402873985
-0.133745728219542,-0.404880308092362
-0.092251212222496,-0.411209452458269
-0.0421583072999274,-0.268849903223752
0.044118800113152,-0.02939195165066
0.172940139707197,0.217475737338549
0.309819584389045,0.357458008929027
0.43527566274207,0.313231137669295
0.488301590839749,0.126104437566453
0.446992310665675,-0.097885696877489
0.313586181454914,-0.22730908672922
0.107796219402807,-0.193316926059777
-0.127401147535054,-0.0289134067435717
-0.335336859368999,0.136153895417258
-0.466010633317073,0.182047939833277
-0.522942110722621,0.0649586844814179
-0.505529232869699,-0.143409252731051
-0.428282714385896,-0.309896757523693
-0.296111558327668,-0.301051383271747
-0.111917885629066,-0.0923901390897249
0.11114603586699,0.225749942428229
0.326630403526024,0.512306055849226
0.498273841722878,0.613124754756183
0.599802662034102,0.494090455597065
0.587391354399582,0.20077296397338
0.486263895287978,-0.140152062636612
0.325982061229109,-0.385306244139021
0.165036423179975,-0.497208710366019
0.0727543467785734,-0.489073423685312
0.0510036815518739,-0.430644564169611
0.0661936407174374,-0.372647955407205
0.0470672596068437,-0.294768556319839
-0.0403213134936075,-0.189210696152099
-0.182418428395734,-0.0371104281257823
-0.337019477302124,0.112519927428495
-0.422833465553875,0.196157310177759
-0.395185894027177,0.203026751068772
-0.246991196454371,0.128883093326626
-0.0204385210540825,0.0656996573772039
0.177308795489009,0.0918807236600388
0.27093389927301,0.22726276931522
0.233900656969261,0.419607148096597
0.0989354088322799,0.550311811598347
-0.0573791391026529,0.530151150622415
-0.138809052170525,0.326012950782785
-0.116842274254564,0.0233097926111766
0.00838226354887497,-0.220408756284532
0.176922879066227,-0.299307020064298
0.309881329663369,-0.184394361756668
0.338223560900981,0.0248071768358939
0.245879730766999,0.176042966615827
0.095323166493964,0.191032249410709
-0.0419576267001178,0.0835139006588732
-0.0926988823778582,-0.0418804451072129
0.00191418174291748,-0.0818467021278157
0.193996140993854,-0.00234641637266022
0.413123657461393,0.150834434924007
0.548227832465603,0.271566813709601
0.544769961771353,0.25168402338464
0.393966382567995,0.0763665891168894
0.161624852983212,-0.165190803282298
-0.0364157641857392,-0.338100070352333
-0.116054988173906,-0.348319336165785
-0.0258414524721038,-0.221612839883389
0.180612302997448,-0.0410622863893935
0.388084916815707,0.0688951064264481
0.502441833821393,0.0560824375923094
0.481324070343899,-0.0211486213127065
0.352857799910244,-0.0908001390680859
0.183421831394782,-0.06188673020995
0.0644647011411844,0.0582744836425056
0.0262891247420302,0.176799388517579
0.0334981794437737,0.214465545257919
0.0212875524090638,0.122831802695176
-0.0529024248616462,-0.0790989274630621
-0.187666996627946,-0.286741332327455
-0.309495396324074,-0.37433057334033
-0.335954345945265,-0.305173057956262
-0.224298877732076,-0.117876549890773
-0.0171658882973691,0.0696823882779772
0.201946174935076,0.163322932609688
0.339813577839134,0.114742841886725
0.338300734035629,-0.0230473646224788
0.233391233081318,-0.160976510686297
0.0941808281694303,-0.197454028604616
0.00214573603717114,-0.107765346765645
0.00898430429102167,0.0616243001066881
0.0838226354887497,0.262597948909006
0.154029879744122,0.41633451322532
0.172554223284416,0.492361486416914
0.103967851687844,0.485214191791443
0.0242668845399174,0.435152172193422
-0.0136153891188129,0.363324046820991
0.0152362691785886,0.295633023993401
0.0788519379075095,0.240816415274273
0.108074081595522,0.18251104630722
0.0629673148019029,0.107904273632874
-0.0790217458701571,-0.00811983556017724
-0.266302817617065,-0.165561274928242
-0.386108966538259,-0.324253125881985
-0.419421912273625,-0.424608718314999
-0.336247644456561,-0.396220169663387
-0.179902215426209,-0.198920538077608
-0.0303027325090937,0.140846730805783
0.0260730078236396,0.520271500734258
-0.0348103215018266,0.781680827737758
-0.171303822271558,0.838118309115687
-0.323049042283127,0.655175012055172
-0.447764143511237,0.303413233055462
-0.52221656145803,-0.0670735447095808
-0.542269159745639,-0.274577022706745
-0.494090455597065,-0.238130377425587
-0.383669943619895,-0.0098487740791482
-0.216981758227444,0.256531230417232
-0.000524856274756063,0.388177517810679
0.201050834624351,0.301637980294338
0.340678045512696,0.0326182733370662
0.34518561970348,-0.249847025349191
0.225703641930743,-0.411471895248916
0.0219822163491069,-0.378622055987494
-0.183159405520649,-0.205635598866297
-0.285506393007949,-0.0384997517767401
-0.231523362408708,0.00927760703144557
-0.0353506137978031,-0.0675366554126523
0.2251479006288,-0.17723162235436
0.416921144080938,-0.198874220663608
0.458276707835985,-0.0724610398090211
0.324206808467985,0.107302231833446
0.0578576861243054,0.238006886876939
-0.206253085442563,0.20558929836881
-0.349492530210967,0.0280798117071714
-0.296960598140906,-0.196604988791378
-0.0579039993091768,-0.374824569367949
0.278945678488556,-0.420270952086863
0.568172368064888,-0.313539864040914
0.708586873492146,-0.142297803960193
0.662893475842909,0.0255172770945179
0.483176530072699,0.117058391172954
0.259001142889271,0.102902703414472
0.105063881056635,0.0274314588374354
0.0843629320138546,-0.0717046263655257
0.173418690957978,-0.133452429708247
0.280211507361737,-0.12439093853791
0.305188485816586,-0.0519916440032125
0.223897516532456,0.0620874108097596
0.060898763529483,0.19067720562509
-0.120361898681394,0.296744472764259
-0.227957429026135,0.345417172940451
-0.2364168868553,0.3025024479679
-0.168586928702223,0.18339095875762
-0.0628283837055456,0.00954003502014331
0.0415408291819176,-0.183622511994592
0.0966507406414694,-0.343688237593327
0.114079054812972,-0.419205786896978
0.0878671201221036,-0.412706834568423
0.0269992250006543,-0.339890750973782
-0.0410159732045222,-0.224916347391829
-0.116487222010687,-0.134996120774143
-0.193903523082368,-0.0702998663959869
-0.25768899660209,-0.0135382043540617
-0.28008801681309,0.0491512471978446
-0.273187686368402,0.127663573409187
-0.215623311442777,0.21421854724411
-0.120886750429661,0.244536711842656
-0.00506331919321346,0.196311690280083
0.0924210201851437,0.09231295749682
0.142220613909032,-0.0181692891818529
0.128064934608806,-0.0458168670522431
0.053458157705332,0.027616703118664
-0.0480089131024393,0.152053946383188
-0.124097640026614,0.241063396371569
-0.135876024766286,0.227432577277868
-0.0538440783572419,0.0739121129634313
0.102408724303367,-0.163693404255631
0.254261998545003,-0.351777206860034
0.337621536018066,-0.398829034377425
0.295895432951021,-0.251190044273535
0.146789950290653,0.0277556342150213
-0.0546468007564803,0.306886565443063
-0.210390187987403,0.466720720888312
-0.275256237640822,0.458492833212632
-0.233344932583832,0.327139827413967
-0.130009986874322,0.148626948326101
-0.0355204196458865,0.00909236275021696
-0.0014510732865704,-0.0839461344956544
-0.0468202658221627,-0.152455307582808
-0.121180048940956,-0.208753870551764
-0.173850924794759,-0.272184300285867
-0.187281063288651,-0.286586952225131
-0.160112043012734,-0.202424726185857
-0.134394078974714,-0.0142791783071298
-0.147654417964215,0.210143189973594
-0.192375268335053,0.373219124569472
-0.226660727515791,0.382234306784066
-0.214974952229348,0.221844393120361
-0.135876024766286,-0.0248689263393462
-0.00515594133382776,-0.196913732079512
0.101497939215805,-0.176629580554932
0.122986174339243,0.037033242303749
0.0330659456069926,0.348736125225728
-0.120408207637137,0.565733311313497
-0.24966178952622,0.615440287125899
-0.285382868626274,0.486541765938949
-0.17360392678095,0.271798366946572
0.0628129473869646,0.0868637171230557
0.331539372749454,0.0251467906466249
0.533269405391369,0.0745141547628601
0.615733619470221,0.124499001226233
0.560886121197418,0.0965581227299835
0.393750257191348,-0.060821581936578
0.175981221341503,-0.276552956067678
-0.0302718577573676,-0.446081525578113
-0.182078812470439,-0.475627840414582
-0.250943046259725,-0.359927921401066
-0.210189507387593,-0.176367154680798
-0.103967851687844,-0.0410159732045222
0.0298396239205864,-0.0105743106563533
0.142174296495032,-0.0572402080062957
0.170454799374834,-0.0977467615520033
0.143455570145051,-0.0467276479106768
0.0859992494494933,0.09231295749682
0.0340693464914764,0.263230863345597
0.0279254421776689,0.357411691515027
0.0843011782812739,0.30947996846375
0.141325273598307,0.143007891531432
0.142776338294461,-0.0585523500643485
0.0379285868436017,-0.181260662210877
-0.149738414013473,-0.139750701436993
-0.335028099164352,0.0205002684429706
-0.41985416302692,0.20816725661266
-0.335074416578352,0.303397805195138
-0.107348549247445,0.259695802600186
0.150433073724387,0.130781836636398
0.307071801266034,-0.0219667800305259
0.251730340798639,-0.0713495825799063
-0.000802721341956293,-0.0174591899805109
-0.342576788822468,0.111192344822733
-0.607196937756868,0.253876065205708
-0.681078186541394,0.330350717010921
-0.541914115960019,0.338022897217685
-0.235737655004709,0.287235328355073
0.0999851207870709,0.215623311442777
0.32868352693812,0.169451396375786
0.383037029183305,0.164511571431708
0.287621227861341,0.172121989447635
0.14203537808606,0.191587973796138
0.0412166538043318,0.200834709247704
0.0435785078171756,0.20495638393222
0.141340709916888,0.19969237092317
0.275611298342955,0.161918168411021
0.362274343324457,0.0826494245270541
0.331956161809397,-0.046928324281358
0.171936736708149,-0.206500066539859
-0.0766907687236037,-0.312474732684056
-0.323388658208422,-0.324716232355928
-0.474470074229725,-0.246173029278295
-0.474964070257343,-0.104045041739006
-0.307164436094034,0.0142791783071298
-0.0272307782376258,0.0605437155147351
0.25541976472986,0.00977158931439697
0.425720200918884,-0.120840441473918
0.452194544567373,-0.247361685016828
0.349307294387995,-0.30804433162792
0.181538532861848,-0.262196587709387
0.0278791311073618,-0.119728975786546
-0.0235413479627123,0.0741591025189839
0.0112998472335583,0.263987268330836
0.0576261328873339,0.391758912886603
0.0376507204217587,0.455235626201679
-0.102840958140148,0.44517074049055
-0.323373230348098,0.362876368207373
-0.530259213310738,0.216148163191044
-0.628407336062361,-0.00642177073565035
-0.576276731358893,-0.253428403508602
-0.411703448485888,-0.463185677059414
-0.244999818316599,-0.573837708440529
-0.165190803282298,-0.565609820764849
-0.232789191281889,-0.447069483800323
-0.413741110204632,-0.269621752985829
-0.598907304806864,-0.0972064734851553
-0.721353224912285,0.0165329728034963
-0.720457867685047,0.0745295910814411
-0.635539202827507,0.071951624379335
-0.519947346502314,0.0385306244139021
-0.416519782881318,0.0083513898544309
-0.338779302202924,-0.0404602445899647
-0.249677217386544,-0.113137405546505
-0.0993830789876421,-0.198519176877988
0.113955564264324,-0.286895712429778
0.334256266318789,-0.316797071051867
0.471799498074389,-0.249229555689438
0.48169457582287,-0.101590565585548
0.3730802061605,0.0980246322029746
0.205805406828944,0.26492892605556
0.0791761175142238,0.338732984788924
0.046187351385572,0.313138502841295
0.117907422527935,0.178111517888247
0.24428973074536,-0.00330350724411895
0.348149528203137,-0.17050109987232
0.365994622976327,-0.279455102376499
0.289751524408085,-0.303938084803729
0.163847784357955,-0.264311456395807
0.0542608758754421,-0.172322670047444
-0.0116394599870073,-0.0620719744911786
-0.0411240316637175,0.0394259689537548
-0.0449832720158428,0.0974071540849649
-0.0343780855504812,0.104168532287654
-0.0183699697816625,0.0558200074890475
0.0222600806563856,-0.0192190011366439
0.0845481762950832,-0.101374448667157
0.146851695564977,-0.162690018173097
0.18654010308025,-0.19969237092317
0.188253593650537,-0.213662822858681
0.159664364399115,-0.232943571384213
0.137080108365144,-0.260189781711291
0.174406649180188,-0.27088758185901
0.269266709200209,-0.24567905016719
0.362675704524076,-0.157117278792428
0.393920065153996,-0.0181229781115458
0.302162832042605,0.131090571466275
0.0933472331330299,0.213709123356167
-0.165962636127861,0.178821622375999
-0.333824015565494,0.0250387321874296
-0.314728519779448,-0.179469981589428
-0.0967896759669551,-0.348195845617137
0.254169380633517,-0.414111615683603
0.561904968973304,-0.338841047477248
0.714051516351465,-0.16625595155567
0.672572428214743,0.0030102050323361
0.479919323061746,0.0990125904251849
0.245370306879056,0.0972682187594792
0.102516778533434,0.0201452183136585
0.0956010286866785,-0.0688796701078671
0.18260368113522,-0.130720091362074
0.27900742376288,-0.136339139698486
0.28677222188113,-0.0755329940804891
0.200402475410923,0.039796457516212
0.0605282791961541,0.185737380681012
-0.0834830195634545,0.32320342238545
-0.178435705953218,0.378405930610846
-0.219991967224588,0.323187960692099
-0.208028338203688,0.163199425144526
-0.14095478503585,-0.0551407840967138
0.00225379449636643,-0.2036751102822
0.208475999900793,-0.213631950221519
0.401669418495408,-0.107796219402807
0.487051189826892,0.0323404090297875
0.43595489459266,0.102671150177501
0.286942029843778,0.0769686309163182
0.127771627639254,-0.00174437523403273
0.074020175651755,-0.0282341812366738
0.118663827513174,0.0896578007435523
0.186046107052631,0.349971064545234
0.202023364986237,0.65089899110136
0.143532760196213,0.871894361324996
0.0694045260852626,0.900190275148609
0.0561904960515047,0.727805859826841
0.103612807902225,0.40671730612781
0.156453474802162,0.0628283837055456
0.128836775912626,-0.159386510664658
-0.0161624863556032,-0.219328180150835
-0.233375805220994,-0.155172218068656
-0.427433708405685,-0.0929921808891537
-0.511101972250368,-0.0953077217171262
-0.44345723300375,-0.1796088999984
-0.273264876419563,-0.291094560248942
-0.0864623559234365,-0.32967148516033
0.0344552713725146,-0.260807268287558
0.0621182834469216,-0.0657459663329469
0.0221983332674975,0.172554223284416
-0.0339149769619739,0.354231691471749
-0.030071177157558,0.419962225715243
0.0305188494274843,0.386340519775231
0.111192344822733,0.313539864040914
0.17365024419495,0.281971315346024
0.178729004464513,0.315253371527715
0.136339139698486,0.380119438097647
0.0860455584052363,0.408724112125906
0.0475458023993678,0.341650575874582
0.047175318066039,0.176104711890151
0.0734798791266501,-0.0455390006304002
0.107039805959312,-0.233854339555261
0.135289427743695,-0.30741141719133
0.132973878457466,-0.257997739890223
0.107441167158931,-0.113384395102057
0.0373728539999158,0.0569160326287098
-0.069281027078358,0.17443752181735
-0.201050834624351,0.225842577256228
-0.314543283956476,0.21696633036712
-0.356994902455084,0.184101063245373
-0.314450649128476,0.165684782393403
-0.179732407463561,0.146373161230709
-0.0135999528002319,0.134502141663038
0.086786527071894,0.102686586496082
0.0634612981421364,0.0354895470087245
-0.0992441521204132,-0.0269683502489281
-0.339365899225515,-0.0683548141304717
-0.545727030439888,-0.0825104976598252
-0.618450479206529,-0.0597718699817871
-0.54083352290981,-0.00509419341629858
-0.352302058608301,0.0353043027274959
-0.121025685755146,0.0717200711423635
0.059092642360325,0.092359266452563
0.160683212175001,0.103736298450873
0.190569142936766,0.131615431672798
0.154384923529742,0.142483039783165
0.0909390659353148,0.131244943110341
0.0152980165674767,0.0869717713531226
-0.0977004525962604,0.00768760066611397
-0.211856697460394,-0.0836065185703591
-0.300804402174451,-0.145462376143147
-0.33079839562454,-0.164974677905651
-0.268726412675104,-0.14198906067206
-0.148889374200235,-0.0965581227299835
-0.0347176993612123,-0.0432543324395897
0.00330350724411895,0.0230010556667359
-0.0601732269522779,0.0936714127397442
-0.167768761526147,0.182788916958192
-0.237188719700863,0.271644003760762
-0.210266680522242,0.327325063236939
-0.0835293369774542,0.30327431464649
0.0550790345932614,0.171242076997234
0.0890248863069615,-0.0547239865785136
-0.0126891719417982,-0.292885240870391
-0.201745494335266,-0.449230669900742
-0.352934973044892,-0.475705047382258
-0.350557695400853,-0.350588551121501
-0.147808798066538,-0.132804078953075
0.189534867300556,0.0950761684801546
0.466952274125284,0.25836822845268
0.544291393604059,0.317568937730457
0.364975809033468,0.305404611193234
-0.0129824746822221,0.2586769548243
-0.384009559545191,0.22618217626501
-0.569453624798393,0.19688285944235
-0.528839004335234,0.128697849045397
-0.319884470100173,0.00245447483185551
-0.0972682187594792,-0.193085355906292
0.00568079731122324,-0.394120762670319
-0.0459094891928574,-0.520286928594583
-0.188824762812804,-0.510607976222749
-0.298519725525383,-0.351144292423444
-0.288717248771875,-0.0881912912705611
-0.123989577338291,0.164727679891841
0.09127868186061,0.326831101042347
0.252301509960906,0.366627537412917
0.288748138325551,0.293734280683629
0.210467361122051,0.185058148830421
0.0934244147259349,0.0871261429971892
0.0329270123960711,0.0267522333305375
0.0705159833143775,-0.0131831552820317
0.165360594328432,-0.0614081831882975
0.287945415926312,-0.136462630247134
0.340230366899077,-0.226845980255276
0.311903563521789,-0.293116794107362
0.221720902571713,-0.296620982215611
0.0851502096362552,-0.201498496321457
-0.0269683502489281,-0.028280492306981
-0.0990280267437659,0.161177191286106
-0.12522453357431,0.315747367555333
-0.102331534252205,0.386355981468582
-0.0457088085930478,0.345478918214775
0.0377124656960827,0.212906400956928
0.120994813117984,0.0155758819320375
0.161223491783592,-0.187852232450918
0.133761164538123,-0.323033614422803
0.0455853095861432,-0.345355427666127
-0.0812755414238057,-0.232912698747051
-0.176722198466418,-0.0222600806563856
-0.188948253361452,0.224576748383047
-0.093285487858706,0.397439714955596
0.0745295910814411,0.409989940999088
0.242035926733455,0.249399346735573
0.325704190578138,-0.0312598223232704
0.286463461676483,-0.286741332327455
0.143054208945432,-0.377742160453607
-0.0435939441357566,-0.249198683052276
-0.204601323230087,0.0641713984007605
-0.306577805238416,0.408122053409964
-0.32454642439328,0.614483218457364
-0.265314842478341,0.593674215184517
-0.158923387274201,0.362042790087486
-0.0230010556667359,0.0378359647029873
0.0991515257506705,-0.2131842716079
0.176274519852799,-0.251051108948049
0.183066787609163,-0.0880986733590752
0.118648391194593,0.171674310834016
0.020268715205999,0.370625721548785
-0.0393642194503024,0.370764639957757
0.00358137234435925,0.178497451227542
0.173727434246111,-0.128435423171264
0.435013219951423,-0.384704219256105
0.674934311831485,-0.481030771832604
0.797364736410528,-0.436618664749899
0.759050254289787,-0.306222761452796
0.567755545171917,-0.195246542006711
0.309680632147046,-0.163832339581117
0.107472039796093,-0.198719857477798
0.0177833664153789,-0.258244720987519
0.022723189244893,-0.272323218694839
0.0629827553496123,-0.220841007037826
0.0625196446465408,-0.140306434280678
-0.0125039287178517,-0.106900879092083
-0.135876024766286,-0.182233192572763
-0.233020744518861,-0.36304617617002
-0.249955088037515,-0.568481128269534
-0.202609962008828,-0.69861458877599
-0.130179794836969,-0.687438254294004
-0.091355863453515,-0.543967239372115
-0.134286024744647,-0.305188485816586
-0.193548479296748,-0.0661318912139851
-0.227000343441086,0.100000557105652
-0.165545847067918,0.156252794202352
-0.0193116232772582,0.126089001247872
0.148781311511911,0.0635539202827507
0.245154198418923,0.0140476240128762
0.232974444021375,0
0.115360320004735,-0.0072090552303846
-0.0378977099773113,-0.0302872940759486
-0.171365567545882,-0.0665641250507663
-0.266549798714361,-0.119435677275251
-0.311239759531523,-0.18187813187063
-0.358121779086266,-0.24050767198614
-0.406269627514191,-0.304123354459728
-0.419915908301244,-0.361471620925219
-0.364558986140498,-0.404432629478743
-0.197963435576046,-0.388362787466678
0.0462645372076053,-0.290693199049323
0.291418748313913,-0.112427301058752
0.408338178786611,0.090275278861562
0.367522894640155,0.229454811136288
0.192190015595567,0.254416361730812
0.00464652167501328,0.126536671403235
-0.0705931691364108,-0.0889477047140566
0.0197592955471845,-0.295602134439725
0.247516048202638,-0.393549593508052
0.475056671252316,-0.324963213453223
0.583609295640362,-0.166641867978451
0.547749264298308,0.0117938295165097
0.39228376463487,0.104832327819663
0.210683486498699,0.0803338836990816
0.103551054169644,0.00219204684315777
0.0904296505056287,-0.0267985444008447
0.161840978359859,0.0869254623973796
0.216456906479177,0.343672809733002
0.204524150095439,0.649278118442559
0.149614906548311,0.86295635224505
0.0880986733590752,0.90119369506417
0.0868791534416366,0.724517763262212
0.128373669438683,0.40370711404718
0.159988535547573,0.0655607262808467
0.123696278826995,-0.159154940511172
-0.025486404457356,-0.214650781080891
-0.244011860094389,-0.154230560343932
-0.432666831861059,-0.0757336746802987
-0.508832723461625,-0.0786203846705379
-0.446436569363732,-0.166657312755289
-0.278096638675318,-0.274360897330097
-0.0878671201221036,-0.326630403526024
0.0331276929958807,-0.259371631451728
0.0534118445204607,-0.0643875153191511
0.00808896133709212,0.175132198444778
-0.0287127261437621,0.350758359084149
-0.000432234596702675,0.422694547144903
0.0673822837685857,0.386973434211821
0.133853790907866,0.314682202365448
0.131599995354217,0.250665192525268
0.0498304748193067,0.229670936512935
-0.0481478441987966,0.231507934548383
-0.101791246185357,0.213801758184166
-0.0650821792591942,0.16103825596062
0.0308893358753773,0.0948446152431831
0.132850387908818,0.0416488876411129
0.212412421845823,0.0140630613887393
0.23227978431046,0.0135227680354807
0.212041933283366,0.01924987588837
0.16123893656043,0.0314141918527728
0.0738966766448503,0.0567616609846431
-0.0364929500077725,0.101822118822519
-0.141140029317079,0.175842286016017
-0.210312997936241,0.249522854200734
-0.225410343419447,0.276552956067678
-0.206963173013802,0.242684285946883
-0.205527553094487,0.140646050205974
-0.246898561626371,0.00436865657477298
-0.345972914242394,-0.137666713845992
-0.443518978278074,-0.284194246720767
-0.451299221173162,-0.404988370780685
-0.332481013557665,-0.490123161014873
-0.0947983062874401,-0.52531938836666
0.198565477375475,-0.473451226453839
0.405559539942952,-0.310437037132284
0.436232765243632,-0.0382527622211875
0.299322447924622,0.255836570706317
0.08113660609832,0.4950475242656
-0.064402951637732,0.566319942169115
-0.052501063662027,0.437699257800109
0.0924055754083059,0.152748623010617
0.229146084764668,-0.200016558988141
0.224792856843181,-0.447393671865294
0.0408770421081649,-0.503306301494956
-0.263431543945407,-0.359881603987066
-0.491172864511407,-0.100293864075204
-0.490292935144494,0.169389651101462
-0.246049538729647,0.330458779699244
0.148688693600425,0.352317486468626
0.480644872326336,0.287111837806425
0.580305771215409,0.197762754976236
0.408230116098287,0.172816649158549
0.0724456034904402,0.222554497608113
-0.211810380046394,0.299121784241326
-0.28314452630772,0.329393614509359
-0.124514437544814,0.268232433563999
0.125857448010901,0.121427046954765
0.293008731419038,-0.0373882903184968
0.249754407437705,-0.126444053491749
0.0307812774161821,-0.0887933330699899
-0.221350414009256,0.0750698876065459
-0.363972389117906,0.285784229825893
-0.339088028574544,0.473528433421514
-0.180735810462609,0.553213940990654
-0.0130133483766662,0.50233377113307
0.0381910127177352,0.355713611888551
-0.0373419813627539,0.148086651800996
-0.1685251834279,-0.059833615256111
-0.213678250719005,-0.221273240874608
-0.0995683232688707,-0.330288971736597
0.132587962034684,-0.380459054022942
0.377742160453607,-0.357890225849295
0.492963545132856,-0.284364054683415
0.437544911530813,-0.169652076975595
0.24532400638157,-0.0600497321745016
0.0348103215018266,-0.0042297241568131
-0.0852119633688359,-0.0302564214387866
-0.084177687732626,-0.149198117488368
0.000540293221098294,-0.308522865962188
0.0802567021061767,-0.416874826666938
0.0953077217171262,-0.41049936488703
0.0455081279932382,-0.263678525042702
-0.0123032491753242,-0.0109447971042463
-0.0303490435794009,0.242282924747264
0.0143563630718811,0.394321426353615
0.0895343101949044,0.389057447177593
0.141695762160765,0.228744723565049
0.111748077666419,-0.00262428147290051
0.0129824746822221,-0.193363226557263
-0.110513121430399,-0.26679679672817
-0.194690800704768,-0.220455073698531
-0.212798355185118,-0.100988523786119
-0.174422093957026,0.000972527784760904
-0.111902449310485,0.0176598705803205
-0.040552866730579,-0.0490894976943923
0.0212721160904828,-0.166734485889937
0.0961413252117833,-0.24858119647601
0.167475463014852,-0.248781877075819
0.193116245459967,-0.152810368284941
0.166394869964642,0.0002469911910358
0.0640479036229842,0.14390324875867
-0.0894416838251617,0.213539315393519
-0.217784480626683,0.175533559644398
-0.259371631451728,0.046202787704153
-0.183730574682916,-0.131908730184094
-0.0224761975747762,-0.311718327698817
0.143270334322079,-0.447054055939999
0.230905892748955,-0.516088080775419
0.167845951577309,-0.519684903711667
-0.0176753068989015,-0.457489447130098
-0.232495892770594,-0.357674134305674
-0.397640378638892,-0.245061580507437
-0.44449150863996,-0.150618309547359
-0.388640624284622,-0.125919193285225
-0.270856709221848,-0.163183997284202
-0.128929402282369,-0.251900148761287
-0.0122723744235981,-0.352240313333977
0.0466504620886435,-0.408507986749259
0.0693119039446483,-0.405034688194685
0.0375426619625635,-0.351530225762739
-0.0381292632142829,-0.300001679775212
-0.136447193928553,-0.267568646490246
-0.220501391112531,-0.268633794763618
-0.263400671308245,-0.303845483808757
-0.225966067804876,-0.294475257808543
-0.119481986230993,-0.202270346083533
0.0117783921406467,-0.0255635881648251
0.126320554484844,0.209294167076869
0.167691588391499,0.413000133079718
0.157518639992047,0.52639998141687
0.158923387274201,0.519762076846315
0.211331845712127,0.429147182059458
0.33070576079654,0.310344436137312
0.470224908996561,0.206438321265535
0.553677081297624,0.152038518522864
0.524022669939803,0.120593451918365
0.400959330924169,0.0808587439056055
0.254370061233326,0.0109139234098022
0.212288931297175,-0.0748537706881553
0.281322973049109,-0.141958188034898
0.418603762014063,-0.139488275562859
0.507798447825415,-0.0587839033013201
0.430675453723287,0.0696360793222342
0.157827366363667,0.168509738651062
-0.255265401544051,0.182572808498058
-0.602102766543493,0.0871415793157702
-0.75546889304689,-0.070963657698868
-0.667107785355424,-0.217614672664035
-0.407303903150401,-0.292962414005039
-0.125656767411091,-0.285568138282273
0.0176444332044575,-0.205805406828944
-0.0414790839075937,-0.110297004512008
-0.231724043008517,-0.0373265450441729
-0.403676224493504,0.00123495597169903
-0.426569240732122,-0.00975615193853389
-0.276197895365546,-0.0117783921406467
0.00992595884389942,0.00930848072588964
0.289766986101436,0.033590801584388
0.471182011498123,0.0770149398720612
0.498845010885145,0.102022799422329
0.384488093879458,0.0927915002893441
0.207071235702126,0.0768605682279945
0.000926216978774275,0.0519453350474696
-0.15829047283761,0.00186787093693085
-0.279732956110957,-0.0614236237360068
-0.357689562165999,-0.155990368328219
-0.376121287794806,-0.263061055382949
-0.331076266275511,-0.325750507992138
-0.210945912372832,-0.295247090654106
-0.0797009692624909,-0.135922342180286
0.0257333940129085,0.123310353945957
0.0673205384942617,0.401576817500436
0.0279254421776689,0.586140953386725
-0.0253165964947084,0.611565593538679
-0.04615647874841,0.457118941651127
-0.0216426025383758,0.171134014308911
0.0240198928698007,-0.110682929393047
0.0587993396199011,-0.291403286620562
0.0298396239205864,-0.312551905818704
-0.0418958814257939,-0.20558929836881
-0.09127868186061,-0.0478082325026297
-0.0885772161515993,0.0851810907316739
0.00375117872108373,0.144489845781261
0.162983316684393,0.145693929380119
0.282403549182805,0.127509201765121
0.324021572645013,0.117644988195545
0.25557412791567,0.129762997318769
0.109617781119675,0.158367662888772
0.0161779226741842,0.154168815069608
0.0239118344106054,0.105604169123483
0.133004759552885,0.0394259689537548
0.271860112220896,-0.0239272707291864
0.328251276184825,-0.0496761031752401
0.247778474076772,-0.0175518110638432
0.0606363376553494,0.0506486293079977
-0.159834172361763,0.124838608693272
-0.301699725568662,0.18156940549901
-0.324994103006899,0.210822421824184
-0.222986731444894,0.224653921517695
-0.0750081338739652,0.242499033207398
0.0330041982181044,0.270764091310362
0.0602041038185683,0.290399900538027
0.0137234475780082,0.289211244799494
-0.0484720195763825,0.254601614470298
-0.0788519379075095,0.200062859485628
-0.0449369588309714,0.135922342180286
0.0355512965121768,0.0815997125722632
0.127246775890987,0.0424824869066417
0.19993936893698,0.0278945674259428
0.232341529584784,0.0169960813920036
0.221226923460608,0.00527943664024509
0.166703613252775,0.00864469153757271
0.0753477497992605,0.0417415097817272
-0.0404602445899647,0.105882039774454
-0.148102096577834,0.19058457079709
-0.205697344140621,0.264326884256131
-0.209587465588165,0.278251018777641
-0.183066787609163,0.243008457095341
-0.193347798696939,0.147469182141243
-0.262304650397711,0.0211486213127065
-0.367800765291127,-0.114588478700915
-0.449925329611657,-0.263446971805731
-0.444846586258607,-0.399770675185636
-0.32148991489865,-0.499045708401468
-0.0891483853138662,-0.535044658152493
0.153103666796236,-0.467770458217873
0.336324817591209,-0.292453023950123
0.417415106275529,-0.0460329839706337
0.362243453770782,0.217522054752549
0.206175895391402,0.434997792091099
-0.0154986971672863,0.555081828579778
-0.225225090679962,0.538178374614799
-0.358785583076532,0.403259435433561
-0.393179088029081,0.191958462358596
-0.288995119422847,-0.0356902276085341
-0.11239642842159,-0.180195513937505
0.0656379078737516,-0.202285790860371
0.18457959757964,-0.087774493752361
0.198241306227017,0.0793613533371956
0.144026739307318,0.208198129249822
0.0650976155777751,0.242869521769855
0.030071177157558,0.188269038427375
0.0559280659482428,0.10432290393172
0.124946671381596,0.0500620280562783
0.169482269012948,0.068231315123567
0.145338885594499,0.103720862132292
0.0578268134871435,0.112010503540552
-0.0540601952756325,0.0510345541890359
-0.115406637418734,-0.0721677412977256
-0.0793767981140334,-0.190738950899414
0.0107286801858557,-0.251375280096507
0.100710661593404,-0.228080919574783
0.0962493794418502,-0.137944576038706
-0.0143872367663251,-0.0251622269652059
-0.164943805268489,0.0527943664024509
-0.280890739212328,0.0551562204152947
-0.278482572014613,-0.00262428147290051
-0.187481743888461,-0.0725536661787638
-0.058320796827377,-0.132896696864561
-0.000555730200480591,-0.137913703401544
-0.0837300175772638,-0.106978060684988
-0.258538036415328,-0.06188673020995
-0.43316079405565,0.00824333086659456
-0.474886863289668,0.0800097125506241
-0.326151869191757,0.133020195871466
-0.0269683502489281,0.1572561972014
0.287513199006045,0.112056812496295
0.458122361566688,0.0172893830751454
0.396791338825654,-0.0903524689127237
0.156576982267323,-0.142791783071298
-0.144705971157908,-0.106607572122531
-0.340122304210753,0.0022383576491444
-0.337976579803685,0.111284971192476
-0.167321099829042,0.132541644620685
0.0695125845444579,0.0327108954776805
0.23021123303804,-0.160497959435516
0.244058177508389,-0.367754447877127
0.125440650492701,-0.491697716259674
-0.0196357986548441,-0.495495202879219
-0.0555575816149139,-0.39957001150234
0.0707475407804775,-0.296775362317935
0.291063670695266,-0.256315105040585
0.514606160358617,-0.314867472021447
0.652890335406105,-0.438455662785348
0.656672394165325,-0.546421690150803
0.555544935053721,-0.543318863242173
0.405574967803276,-0.395278528855177
0.281045102398138,-0.149506860776501
0.219806731401616,0.105326306930768
0.241403012296864,0.238624356536692
0.299893617086889,0.200278984862275
0.35895539103918,0.042328115262575
0.360746071660629,-0.129670379407283
0.287158121387398,-0.209510275537003
0.139735265118412,-0.141973615895222
-0.0540447589570515,0.0145261689199645
-0.214836016903863,0.153721136455989
-0.314527856096152,0.197438583827779
-0.31563930486701,0.118046349395164
-0.210776104410185,-0.00262428147290051
-0.0543226253788944,-0.0795311612998433
0.0980246322029746,-0.0708092860548014
0.172245479996282,0.00373574187386169
0.141541390516698,0.063615669786203
0.0258260161535228,0.0534427171576227
-0.126721915684463,-0.0400588833903455
-0.241804373496483,-0.170161500863538
-0.276537511290841,-0.256037251306127
-0.246018666092485,-0.251220916910697
-0.189812737951528,-0.156685044955647
-0.158645533539743,-0.0211177465609804
-0.192390696195377,0.0942580097623353
-0.271273515198305,0.141464200465536
-0.327587506027586,0.117783923521031
-0.301529917606014,0.0453383200305906
-0.167135847089557,-0.0235722227144385
0.0295463211801625,-0.0845790489322451
0.216426033842015,-0.116641593654754
0.3042622728687,-0.124637928093462
0.268247878340837,-0.131584559035636
0.169096352590166,-0.129377072437731
0.080179512055015,-0.107641847758741
0.0874811952410654,-0.0954775296797738
0.196327118140407,-0.0936405316443255
0.342900943054412,-0.118849071794403
0.417106379903909,-0.160791257946811
0.370826385232081,-0.185444065253203
0.195864011666464,-0.177277922851847
-0.0343317765947383,-0.134656513307104
-0.196203627591759,-0.0806271906686339
-0.223264602095866,-0.0436711299577899
-0.0936559764211632,-0.0198519176877988
0.0737114323636217,-0.012565677164022
0.183128532883487,0.0299168076280555
0.164712252031517,0.131692613265703
0.0384071296361258,0.279594020785471
-0.0930539346217344,0.428653219864867
-0.153103666796236,0.513046999141113
-0.0842394330069499,0.502040472621774
0.0757028020431367,0.391990466123575
0.212489611896985,0.235799400279033
0.232912698747051,0.11569993593003
0.104477275575787,0.0878825564406846
-0.145462376143147,0.128975711238112
-0.389041985484241,0.175024135756455
-0.530583401375709,0.16517535850546
-0.538332754717122,0.0708555992396728
-0.441218873768683,-0.047931727280406
-0.318803877049964,-0.116795956840564
-0.236494059989948,-0.0979628784703939
-0.224175387183428,0.00416797623928391
-0.247022069091533,0.129068337607854
-0.278328191912289,0.216688459716149
-0.283376079544691,0.20909348647706
-0.252039067170259,0.150093457799092
-0.210791549187022,0.0996146322246137
-0.166472060015804,0.106731071129435
-0.120238399674489,0.189087188686937
-0.0575643833838815,0.290446217952027
0.0616706132915594,0.335537523052295
0.218278459737788,0.275317999831659
0.372817763369853,0.143362952233565
0.450743479871219,0.0390091714355546
0.397609522918244,0.0532111639206511
0.214558163169405,0.190893314085224
-0.0392407246725262,0.399045159754073
-0.265700775817636,0.531046507849653
-0.394275108939615,0.513602740443055
-0.430551963174639,0.316488344680248
-0.392191129806871,0.0133683985059783
-0.332851519036635,-0.254107618442679
-0.295818259816373,-0.383237692866601
-0.251622278110316,-0.357272773106055
-0.183915810505888,-0.222708877710437
-0.0403984950865124,-0.106869997996664
0.149892777199283,-0.0759343552801083
0.309371905775426,-0.150618309547359
0.354540417843369,-0.276167022728384
0.244274285968522,-0.353753123304455
0.00399816986255943,-0.333962967807493
-0.24956915469822,-0.212860100459442
-0.404633326995066,-0.046202787704153
-0.413494129107337,0.122245205672585
-0.296142447881344,0.25753463341628
-0.154894347417685,0.327788169710882
-0.100062302379976,0.336371135005209
-0.182372127898248,0.279069169037204
-0.341789494283554,0.138932542719173
-0.474006967755781,-0.0603121622777636
-0.452287179395372,-0.281678016834729
-0.248889939764143,-0.430428472625991
0.0947828699688591,-0.444429763365636
0.410329556924383,-0.308198711730244
0.563803712283076,-0.0457088085930478
0.482219427571137,0.226444619055657
0.199337327137551,0.408724112125906
-0.1460798458029,0.445988890750113
-0.416041214714024,0.374855458921624
-0.494291119280361,0.277988592903508
-0.378128059959875,0.239396206298768
-0.127601828134863,0.293595328441629
0.15316541207056,0.369792109595871
0.370996193194729,0.381292665975856
0.471320929907095,0.26576252109196
0.48174089323687,0.0279408784962499
0.406562926025487,-0.271736621672248
0.285521820868273,-0.521506473886791
0.163230297781688,-0.651547299565248
0.0282187428035286,-0.641636793956443
-0.0898739176619429,-0.532065321792511
-0.169188970501652,-0.359665478610419
-0.202826070468962,-0.166657312755289
-0.184456107030992,0.0163322922036867
-0.153489583219018,0.203335494356905
-0.0991206531135085,0.363462965229964
-0.0352734300903339,0.465269656192159
0.0522386377878935,0.446575521605731
0.174823455156645,0.320795255187735
0.315562131732361,0.134671949625685
0.439598001109881,-0.0263045610606112
0.497255027780019,-0.065452663592523
0.449632031100361,0.0286972898251811
0.266256500203065,0.186833401591546
0.00864469153757271,0.310884715745903
-0.23518193061928,0.317013196428515
-0.363015286616345,0.192267205646729
-0.318603213366667,-0.000895343086089812
-0.15518764592898,-0.154848046920198
0.0525319405283174,-0.19063088821109
0.199275581863227,-0.100880461097795
0.223990134443942,0.0627666384312217
0.150494818998711,0.201375005772809
0.0616860496101404,0.246373709878104
0.0199908487841561,0.189056316049775
0.0528869885430652,0.101281822297414
0.130411348073941,0.0428838438771325
0.181029108973905,0.0508493099078073
0.155805132505247,0.0954775296797738
0.0457088085930478,0.112134002547457
-0.0700683131590153,0.0553414646965234
-0.120794132518175,-0.0637700372011413
-0.0786975662634429,-0.194690800704768
0.0264126195198064,-0.263446971805731
0.101158331748766,-0.23445638135469
0.0792687354257097,-0.129438817712055
-0.0378668373401493,-0.00382836348583495
-0.171766928745502,0.0681078203457907
-0.252255192546907,0.044118800113152
-0.246404582515266,-0.0191726921809009
-0.171844118796663,-0.0815534036165202
-0.0991515257506705,-0.102177171066395
-0.0777867896341376,-0.0899356713945235
-0.112489054791333,-0.0881604186333992
-0.169682949612757,-0.133730291900961
-0.21333863479371,-0.176799388517579
-0.221396731423255,-0.159401938524982
-0.172446160596092,-0.0350881858091053
-0.0488116355016777,0.153273474758884
0.134471269025876,0.317337384493486
0.330535952833893,0.367800765291127
0.462259464111528,0.267429711164761
0.466550912925664,0.0844401136067595
0.298072046911765,-0.0909390659353148
0.0445201613127712,-0.19181952703311
-0.143640822884537,-0.193363226557263
-0.187481743888461,-0.156715917592809
-0.0685863673674432,-0.122260641991166
0.108568069164884,-0.101436193941481
0.195709648480654,-0.069234718122615
0.136771373535267,0.0158537472965984
-0.0463108503924766,0.156623282764809
-0.220408756284532,0.344336579890242
-0.266225627565903,0.516304206152066
-0.126397744536006,0.626477703198913
0.136524383979715,0.620874074264569
0.382419542607038,0.506501763231585
0.454757091867411,0.31973008999785
0.288377666679607,0.116765084203402
-0.0516674686256267,0.0030102050323361
-0.393966382567995,0.0266750496230684
-0.572324898470052,0.174808010379807
-0.540972441318782,0.389736679028183
-0.359773541298743,0.588147793217848
-0.149259862762692,0.685138149784612
-0.024467565139727,0.6875926005633
-0.0265824274824541,0.626508626585616
-0.104415521843206,0.559126296296618
-0.155496389217113,0.521954118667383
-0.116363723003783,0.50782933737909
0.019265312206951,0.474902324983019
0.186663593628898,0.384086732679839
0.30565159229053,0.216024672642396
0.317908553655753,0.00361224603880332
0.244613901893818,-0.184363489119506
0.156021240965381,-0.334642199658084
0.107147868647636,-0.374685650958977
0.107070678596474,-0.34415134406727
0.121272675310699,-0.260375034450776
0.0843320509184358,-0.137033799409401
-0.0137080112594272,-0.00460021113334717
-0.144042167167642,0.125826575373739
-0.245493814344218,0.208120956115174
-0.274422642604421,0.220300710512722
-0.235814845055871,0.126335990803425
-0.180087451249181,-0.0721368686605637
-0.170778970523291,-0.295401470756429
-0.209309594937193,-0.439582573249557
-0.266966604690818,-0.42735650143801
-0.253304896043441,-0.258414528950167
-0.106098156692845,0.0194814312399058
0.166780803303937,0.275719361031278
0.468279848272789,0.407257585736401
0.664051242027767,0.393209977582757
0.682946107963545,0.246281091966618
0.5295028083255,0.0620102249877263
0.303552185297461,-0.0724764761276021
0.135119619781048,-0.129840178911674
0.106839125359502,-0.126536671403235
0.221798092622875,-0.11486634089363
0.372709700681529,-0.105002127324054
0.432697687581707,-0.112813225939791
0.334642199658084,-0.0633223670457791
0.0866321638860841,0.0685554905011529
-0.221535666748741,0.235367166442252
-0.442793462846511,0.364312005043202
-0.486171294293005,0.374994377330597
-0.389289000414564,0.249646344749382
-0.217136138329768,0.0151282107193933
-0.0607135234773827,-0.198827903249608
-0.00802721394820398,-0.304926076858966
-0.0526091221212223,-0.29711497824323
-0.144922079618042,-0.220578564247179
-0.208182701389497,-0.175055008393617
-0.211671444720909,-0.218525457751597
-0.155774259868085,-0.363725408020611
-0.085736815117103,-0.522787730620297
-0.0541836942825371,-0.604495505880884
-0.080164075736434,-0.567107202875002
-0.153196284707722,-0.433176221915974
-0.225888877753715,-0.294537003082867
-0.244042732731551,-0.23947339634993
-0.174252285994378,-0.280751803886842
-0.0476384245399821,-0.321675150721622
0.0924673291408866,-0.271227197784305
0.185644745853012,-0.0971138471154126
0.168062076953956,0.161053700737458
0.0650358660743228,0.385059263041725
-0.0806734996243769,0.472324349822656
-0.181044536834229,0.387220449142144
-0.169914502849729,0.178126962665085
-0.0266750496230684,-0.0281724317332215
0.194443819607472,-0.114341480687106
0.385908302854963,-0.0589691475825487
0.460978173544995,0.0795774702555862
0.37334261511812,0.177663856191142
0.150556564273035,0.158506598214257
-0.116425476736363,0.0208244438205565
-0.289597178138789,-0.133745728219542
-0.296512919527287,-0.197037222628159
-0.168741291888033,-0.135382045655181
0.00807352448987008,0.0316920561600515
0.111161472185571,0.183900382645563
0.0707321002327681,0.236030953516005
-0.0962185068046883,0.155573579268275
-0.292267754294124,-0.0166873423329987
-0.398859890098074,-0.202718024697152
-0.361394413957544,-0.31357075359459
-0.210297570075917,-0.333422654365875
-0.0178142390525409,-0.271366133109791
0.0940110202067827,-0.167984886902795
0.0639398451637889,-0.0769995035534802
-0.0895034290994856,0.00543380616974754
-0.280751803886842,0.0537051472608846
-0.40154592794676,0.0645418869632177
-0.400419017482551,0.0278791311073618
-0.310329008276988,-0.0771075662418039
-0.194057886268178,-0.234703379368499
-0.116873146891725,-0.377819333588255
-0.115561000604544,-0.425442330267913
-0.155264835980142,-0.328143247329529
-0.190198654374309,-0.117876549890773
-0.160822147500487,0.0966970495972124
-0.0452611342085573,0.203582492370715
0.12542521417412,0.139750701436993
0.28884077315355,-0.0613773105511355
0.380597972431914,-0.267105540016303
0.349662338173615,-0.37096533747408
0.204832876467058,-0.320208658165144
-0.010466252197158,-0.148071223940672
-0.235953780381357,0.039549463731531
-0.398211547801159,0.133066504827209
-0.452904665971639,0.0802258294690147
-0.376476331580425,-0.0267367970119565
-0.196713051479702,-0.0905994584682763
0.0250696069391558,-0.0368943112073917
0.20165287642378,0.12852804108275
0.243965542680389,0.273558174930859
0.136123022780096,0.293394664758333
-0.081182915054063,0.147608117466729
-0.311100841122551,-0.107873400995712
-0.433870915459916,-0.320687192499412
-0.400774095101197,-0.370533086720786
-0.199707815700008,-0.250325576599972
0.0835910822517782,-0.00645264495873546
0.349816718275938,0.230952193246441
0.496544906375753,0.323342340794423
0.487792166951806,0.274592450567069
0.367013470752212,0.130488529666846
0.172538778507578,0.00978702563297796
-0.00734798791266501,-0.020639201653892
-0.144428100506937,0.0288670956732646
-0.209896208876298,0.0732946348454215
-0.201282387861323,0.0426831632773229
-0.133375239657085,-0.0817077752605868
-0.00600497321745016,-0.236679312729433
0.148364522451967,-0.315870858103981
0.272477598797163,-0.277525469513051
0.314867472021447,-0.134764567537171
0.25069606516243,0.0277247615778593
0.0731556995199359,0.115020712537696
-0.148750438874749,0.114850904575049
-0.337112112130123,0.0322477868891732
-0.411749765899888,-0.034640513539179
-0.363848898569259,-0.0177679279822337
-0.24046135457214,0.0807352448987008
-0.136570692935458,0.199182963951741
-0.118957134482726,0.243101075006827
-0.190955059359548,0.155496389217113
-0.326120979638081,-0.0340230375357334
-0.400280099073579,-0.235089295791281
-0.344645340094888,-0.344135916206945
-0.119111497668536,-0.324870612458251
0.216302543293367,-0.211578826809423
0.546313627462479,-0.0791915538328048
0.755252767670242,-0.00446127845106676
0.792857162219745,-0.00356593523281669
0.68251385721025,-0.033590801584388
0.457721000367069,-0.0346868246094861
0.212705720357119,0.0295463211801625
0.0473142491623962,0.125440650492701
-0.000710099663902905,0.179578027361238
0.0613927468697165,0.126119873885034
0.171797818299177,-0.048919693960873
0.250943046259725,-0.295231662793782
0.242082244147455,-0.501778029831127
0.134795440174333,-0.573637010924206
-0.0366318811041298,-0.47201558961801
-0.187080382688841,-0.238315630165072
-0.218849628900055,0.0414018980855604
-0.108398261202236,0.265546412631826
0.122291514628328,0.360838706488628
0.369051166303984,0.323759129854366
0.504572130368137,0.19290012008332
0.474439218509076,0.0420193762035702
0.287698434829017,-0.080164075736434
0.0371413007629443,-0.154462113580904
-0.156299111616352,-0.176104711890151
-0.181708323907982,-0.169760139663919
-0.0607752687517067,-0.150896180198331
0.102887267095891,-0.121149176303794
0.192467886246539,-0.0659003379770135
0.130720091362074,0.0303336051462557
-0.0411394722114268,0.162751763447421
-0.212412421845823,0.334256266318789
-0.25267198160685,0.494769653614629
-0.10969496271258,0.610886429354143
0.161208063923268,0.63600230930145
0.40330575284756,0.522463542555326
0.46519248305751,0.312644540646703
0.291789219959857,0.0830507857266733
-0.0581818615018913,-0.0480397857396013
-0.397377935848245,0.00707012307674524
-0.556687273378254,0.238933099824825
-0.514621588218941,0.499802113386706
-0.334595882244084,0.625381716121406
-0.144875762204043,0.533470102907692
-0.0563911766513143,0.268803602726266
-0.0965581227299835,-0.00291758342036284
-0.201483068461133,-0.120933059385404
-0.290384472677703,-0.0313524444638847
-0.339412216639515,0.120516261867203
-0.349245549113671,0.184039317971049
-0.362382372179754,0.0556656400741092
-0.400897585649845,-0.246095856143647
-0.451160268931163,-0.538965669153713
-0.493565570015771,-0.675428274026077
-0.47854543150024,-0.604634424289856
-0.386016365543287,-0.339242408676867
-0.223002176221732,-0.0156685040726518
-0.0320162336522016,0.210405615847727
0.118725581245755,0.257009764751499
0.185768253318174,0.123341226583119
0.169173525724815,-0.0824796250226632
0.0943351998134969,-0.245293133744408
0.0222909554081118,-0.300310406146832
-0.0142328672368227,-0.228590343462725
-0.0121951896588468,-0.103798052183453
0.0114233430686167,-0.0150973370249492
-0.00268602912610918,0.0155450082375935
-0.06540635463678,-0.00686944247693564
-0.160930193272297,-0.0239890202326387
-0.24118690383673,0.0133529611301152
-0.25670103837988,0.0799016498623005
-0.198071498264369,0.140970221354431
-0.093285487858706,0.100494544675014
0.00307195294986529,-0.05174465444766
0.052485627343446,-0.277031490401946
0.024822615269039,-0.458585468040631
-0.062874696890417,-0.485445745028415
-0.165947208267537,-0.348319336165785
-0.248442261150524,-0.0859838046726556
-0.278945678488556,0.180380749760476
-0.240538544623302,0.364744255796496
-0.135227674011114,0.428668647725191
0.0117783921406467,0.398875351791425
0.172785776521387,0.328868762761092
0.288393094539931,0.236586694817947
0.31523794366739,0.122353259902652
0.27212253809503,-0.0337142984767285
0.165314293830946,-0.214681653718053
0.056313990829281,-0.37644544202675
-0.0150973370249492,-0.437020025949519
-0.0395185910943691,-0.350480488433177
-0.0221057111268832,-0.123109673346147
-0.0283113649441429,0.156376301667514
-0.0901672246314951,0.333067610580256
-0.21008144469927,0.352363803882625
-0.326074696057109,0.232418702719432
-0.36201190053381,0.0893336295950948
-0.268093498238513,0.0593859451007489
-0.069188409166872,0.186061551829469
0.170053438175215,0.395293956715501
0.318186390473697,0.540401272156515
0.323928937817014,0.523497818191536
0.192375268335053,0.301128556406395
-0.027246216670771,-0.0314141918527728
-0.203320066496581,-0.305775082839177
-0.260483080222587,-0.407844216592019
-0.196203627591759,-0.308167822176568
-0.0493673641162352,-0.0962956883975932
0.109833898038065,0.0746839627255077
0.217028075641444,0.095894327197974
0.271628558983925,-0.000169806442804611
0.308476548548188,-0.0993985153062231
0.356439161153141,-0.0834984558820355
0.403413815535884,0.0693582129003913
0.418140655540119,0.260143464297291
0.353768584997806,0.348164956063462
0.218093223914816,0.238068632151263
0.0549555398154851,-0.0577187550279482
-0.0304879746757582,-0.378436820164522
0.00336525489732762,-0.558786680371323
0.132973878457466,-0.496992584989372
0.27900742376288,-0.219482543336645
0.364821428931145,0.15213113643435
0.318680386501316,0.421706588922692
0.163739721669631,0.467214716915931
-0.0294845737912744,0.316472916819924
-0.148503457777453,0.0688487932415768
-0.114171681182715,-0.1246070554563
0.0278173837184736,-0.181785513959144
0.208630380003116,-0.133004759552885
0.322416127846536,-0.0540756358233418
0.334750262346408,-0.0184317171705507
0.259433376726052,-0.0379285868436017
0.151343858811949,-0.0614853690103308
0.0759961005544322,-0.0523312599285078
0.0445819108162236,0.0152208318027255
0.0372184865849776,0.104261158657396
0.0125193660937148,0.147731608015377
-0.0446127834533855,0.117799359839612
-0.127246775890987,0.00782653334839438
-0.192437013609377,-0.132557080939266
-0.212582229808471,-0.242483605347074
-0.179423664175428,-0.279100041674366
-0.0903833415498857,-0.240939905822921
0.0049243870395741,-0.156468919578999
0.107734474128483,-0.0573945796503623
0.220053712498912,0.0463417230296386
0.345324571945479,0.176151029304151
0.496313353138782,0.330566842387568
0.620148558833006,0.454417475942116
0.663248519628529,0.494939461577276
0.570179140229957,0.409542262385469
0.339551135048487,0.192452441469701
0.0443194807129616,-0.0560052517702761
-0.218587203025921,-0.242483605347074
-0.331523911056103,-0.286463461676483
-0.266488053440037,-0.192313523060729
-0.071056275610354,-0.0357674134305674
0.132109410783904,0.0768914493234133
0.25152966019883,0.0868945897602176
0.227772193203163,0.0062210906644818
0.0802412657875957,-0.0863697295536938
-0.0766598876281849,-0.0799479588180434
-0.169806440161405,0.0458323033708241
-0.145477804003471,0.222322944371142
-0.0276938868261332,0.334950926029704
0.103473872576739,0.31037529185796
0.169111780450491,0.146681887602329
0.137774776534315,-0.0466504620886435
0.0165329728034963,-0.149151800074368
-0.144273737321127,-0.0731865806153546
-0.280396743184709,0.126860851009949
-0.364420067731525,0.315222515807066
-0.396498040314358,0.382033609267743
-0.383978669991515,0.284441227818063
-0.352610784979921,0.0793613533371956
-0.307473162465654,-0.087681875840875
-0.260236099125291,-0.0786358209891189
-0.20470938591841,0.128003180876226
-0.150865307561169,0.433870915459916
-0.0965426779531458,0.656270999132679
-0.0355204196458865,0.655190439915496
0.0106360580452414,0.40775158176402
0.0568851599915478,0.00734798791266501
0.0833749653333876,-0.369452527503603
0.125733949003996,-0.538085739786799
0.184919213504936,-0.470688015470504
0.259387059312053,-0.228729278788211
0.358754693522857,0.0519916440032125
0.457041768516479,0.237512907765834
0.512105358332902,0.259109188661081
0.522448114695002,0.118895380750146
0.480042813610394,-0.0906920763797622
0.388393643187326,-0.284996969120006
0.289689779133761,-0.422385820773283
0.210096889476108,-0.465671017391778
0.160791257946811,-0.4504347534996
0.115468382693058,-0.400233781659579
0.0619947886691453,-0.329331869235035
-0.030796713734763,-0.241588265036349
-0.108552624388046,-0.147546355275891
-0.136956617816496,-0.0581355525461483
-0.0447517145497428,-0.00711643361841135
0.187327380702651,0.0118247032109538
0.475087560805991,0.0110991666337487
0.700050191778793,0.00111146040096118
0.756534024403748,0.00350418757960803
0.6067184034226,0.0309665195828465
0.266781351951332,0.0861690489538842
-0.126042692292129,0.156206493704866
-0.398504846312454,0.224252560318076
-0.45762836553907,0.263940967833349
-0.339813577839134,0.270131176873771
-0.160744957449325,0.235506101767738
-0.0704696743586345,0.147870543340862
-0.159849617138601,0.0238037759514101
-0.381740310756448,-0.10514106264954
-0.607289572584867,-0.201467623684295
-0.722217658752821,-0.228652088737049
-0.669562236134112,-0.188176420515889
-0.486001486330358,-0.0741591025189839
-0.277278488415755,0.0535970888016893
-0.170748097886129,0.138870797444849
-0.222909558310246,0.149815587148121
-0.380196611232295,0.0723684218975352
-0.516875375314333,-0.0629827553496123
-0.526153000319574,-0.20992708151346
-0.365855704567355,-0.306516059964092
-0.100170365068299,-0.325781397545813
0.160374468886868,-0.249584599475058
0.304154210180376,-0.096835984922698
0.311069951568875,0.067428596953457
0.215561566168453,0.183252023432135
0.0881758549519801,0.222508197110627
-0.012596550858466,0.172847521795711
-0.0713341462613253,0.0546776733936422
-0.0948446152431831,-0.046928324281358
-0.130797272954979,-0.0851039006805123
-0.190723506122576,-0.0359217808455057
-0.256237931905937,0.0835447732960352
-0.320748937773736,0.177602110916818
-0.349863035689938,0.167768761526147
-0.374701078819301,0.0049706975812402
-0.415238492314786,-0.253258595545955
-0.460576812345376,-0.506578936366233
-0.504417750265814,-0.637916514304574
-0.493689094397446,-0.56934556211007
-0.402410395620323,-0.337868517115362
-0.231013955437278,-0.0266287385527612
-0.025486404457356,0.207920275515364
0.13101338987337,0.258321911038681
0.191927589721434,0.127833381371835
0.168015759539957,-0.0839152534002357
0.0928686903405058,-0.25478685029327
0.0123495591883493,-0.298349917562736
-0.0193270617104034,-0.226876852892438
-0.015035588578779,-0.107719029351646
-0.00546467986419161,-0.018863953121896
0.00154369489854366,0.00862925469035068
-0.0465269673108672,-0.00239272717864684
-0.143640822884537,-0.00824333086659456
-0.2363242520273,0.0200525982876084
-0.278744997888746,0.0798244682693955
-0.243348073020636,0.123495598227185
-0.103952415369263,0.102702022814663
0.0987810371882133,0.000941653892076441
0.3060220977695,-0.134409515293295
0.447038628079674,-0.221952455808684
0.485507490302739,-0.232974444021375
0.431277478606202,-0.170331291909672
0.319189810389258,-0.0941190828951064
0.206855127241992,-0.0709173445139967
0.146311399039872,-0.111284971192476
0.13660156557262,-0.174128795445731
0.140630605429136,-0.187744186679108
0.128049498290225,-0.0974997719964508
0.0536279614388513,0.0722603592092116
-0.0485492053984158,0.257349380676795
-0.126274245529101,0.368850468787661
-0.105094753693797,0.37096533747408
0.0638163503860126,0.266380007668227
0.323357768654747,0.114850904575049
0.585230168299163,0.0242668845399174
0.733764532546805,0.041571706048208
0.708293541147824,0.148426267726291
0.514930314590561,0.297269324512526
0.241171459059893,0.41800170329812
0.0121797533402659,0.454139605291145
-0.0684474320419576,0.383067884903953
0.0324175948518208,0.245030690953761
0.236756485864081,0.0975460809521937
0.408554304163258,-0.00665332502990401
0.440601421025443,-0.0422818063068321
0.275997214765736,-0.020268715205999
-0.0308893358753773,0.0313215697121585
-0.379918774414351,0.0583671057831199
-0.627851594760418,0.0445047249941903
-0.69415329816618,-0.0098487740791482
-0.60551435365677,-0.0776478543086519
-0.404849452371713,-0.112164875184619
-0.186478340889413,-0.0960486988420406
-0.0520842661438268,-0.00449215214551083
-0.0462491008890243,0.157086389238753
-0.142714593020137,0.334379756867437
-0.284317737269415,0.473296880184543
-0.375256820121244,0.520225183320259
-0.382743730672009,0.455714194368973
-0.287636689554693,0.322138257195565
-0.134440396388714,0.165298849054108
0.0165020991090522,0.0650358660743228
0.108506315432303,0.0713804552170682
0.120732378785594,0.15829047283761
0.0622417782246978,0.254231125907841
-0.02483805158762,0.268294178838323
-0.0773545557973564,0.148441712503129
-0.0654835404588134,-0.101050269060443
-0.013275776365364,-0.38368537148022
0.0466967710443865,-0.601608804348902
0.0862771116422079,-0.667447401280719
0.0644492648226034,-0.569237499421746
0.0236494064219076,-0.349971064545234
0.0158074362262912,-0.0875738131525514
0.0726308477716688,0.115807998618354
0.183838637371239,0.198627222649799
0.282465294457129,0.172909267070035
0.287559482587017,0.0760424095101752
0.157873683777667,-0.0379903321179256
-0.104816883042825,-0.130256976429874
-0.388563451149974,-0.175765112881369
-0.588950515617086,-0.169497696873272
-0.623158750913636,-0.112334683147266
-0.458369342663984,0.000293302046582527
-0.161964468908507,0.133730291900961
0.15952542907363,0.258152103076033
0.383392072968924,0.336679861376828
0.467940232347494,0.345031273434183
0.429486797984753,0.275410617743145
0.328390228426824,0.162149721647992
0.204632195867249,0.057286521191167
0.0937794669698111,0.00166719060144177
0.010466252197158,0.0242051371510293
-0.0604356570555398,0.106406891522721
-0.0977621978705843,0.204724830695248
-0.0757799836360416,0.259016570749595
-0.00148194711317474,0.2363705694413
0.0967896759669551,0.11197963090339
0.143146826856918,-0.075563866717651
0.113446140376381,-0.290106602026732
0.00717818153594053,-0.446791613149352
-0.120917623066823,-0.525026089855365
-0.181106299025067,-0.501006196985564
-0.108737868669275,-0.352332948161977
0.111207781141314,-0.132109410783904
0.366257065766974,0.0990280267437659
0.527218131676432,0.255280829404375
0.487066617687216,0.264234266344645
0.257349380676795,0.119559176282155
-0.0497687253158544,-0.119821602156289
-0.250402749734621,-0.368696088685337
-0.227988301663297,-0.528391325721615
-0.00815070925462131,-0.551485005643529
0.288501157228255,-0.434534685617155
0.508477679676005,-0.237775333639967
0.550296383738023,-0.0465887125851912
0.394244253218967,0.0802721384247577
0.149290735399854,0.132310091383713
-0.0374500398219491,0.149692096599473
-0.0739121129634313,0.180257259211829
-0.00802721394820398,0.24035330880033
0.0681078203457907,0.322894662180804
0.0491358108792636,0.369452527503603
-0.0944741266807258,0.360545407977333
-0.267074667379141,0.280010826761928
-0.362243453770782,0.151081416021302
-0.302826636032871,0.0356902276085341
-0.129145519200759,-0.0478082325026297
0.0604974065589922,-0.0827111782596348
0.12439093853791,-0.0768760045465755
0.0211486213127065,-0.0548937903120328
-0.193641097208234,-0.0514667880258171
-0.403629907079504,-0.0550635982746804
-0.47170686324639,-0.0738349313705264
-0.365932877702003,-0.0986421103209844
-0.146666459742005,-0.141340709916888
0.0505251345302214,-0.201498496321457
0.107811655721388,-0.273635364982021
0.0224298865044691,-0.306099270904148
-0.114758278205306,-0.242082244147455
-0.171859563573501,-0.0390863572575879
-0.0817849568534918,0.247469730788638
0.11715100908444,0.508909896596273
0.304030719631729,0.639166915317431
0.370085441940194,0.567493136214297
0.267908262415542,0.284688208915359
0.0379594594807636,-0.100093183475395
-0.207333661576259,-0.432682259721383
-0.332218604600044,-0.581741441884265
-0.290307265710028,-0.510824101599397
-0.106731071129435,-0.300310406146832
0.141850125346574,-0.0637391645639793
0.35237923174295,0.0717200711423635
0.46689052885096,0.0462336645704433
0.491358100334379,-0.0736188144521358
0.449770949509333,-0.193008182771643
0.349369039662319,-0.240229801335169
0.199538007737361,-0.198287623641017
0.00588147791103284,-0.129762997318769
-0.191587973796138,-0.0860609947238173
-0.308476548548188,-0.130226103792712
-0.308121504762569,-0.233576485820803
-0.191757781758786,-0.314867472021447
-0.0309202106271035,-0.319282411384231
0.0763974617540514,-0.213554760170357
0.0544769927938326,-0.0385769375987734
-0.102346970570786,0.0892101305881901
-0.305543529602206,0.086771090753313
-0.410576538021679,-0.0690186012042244
-0.352904117324244,-0.314388903854152
-0.119265869312603,-0.52252528782965
0.172029371536149,-0.586866536484342
0.350341570024205,-0.474269410546429
0.318093789478725,-0.212597674585309
0.0910780012608004,0.120778696199594
-0.216333415930529,0.396297376631062
-0.434488368203156,0.525427451054984
-0.450666306736571,0.527418829192756
-0.294428940394543,0.423404634716142
-0.0788056289517666,0.297223040931553
0.075625611991975,0.195014988769739
0.0772928020647757,0.144844889566881
-0.0575798197024625,0.129423381393474
-0.222662560296437,0.0965889953671455
-0.305450928607233,0.0150973370249492
-0.268232433563999,-0.12542521417412
-0.134316897381809,-0.282665975056939
-0.0128898525416078,-0.411811511174212
0.0019759295282864,-0.435831404044012
-0.110127196549361,-0.345077557015156
-0.254555297056298,-0.146234225905224
-0.32113487111303,0.0690649101599674
-0.231600552459869,0.221628284660227
-0.0123341228697683,0.239365333661606
0.255049276167403,0.0976695799590984
0.430335837797992,-0.135011557092724
0.428236430804923,-0.382712841118334
0.260421334948263,-0.512506719532522
-0.0257179576943275,-0.493256843644152
-0.279177231725527,-0.326584086112025
-0.412212872373831,-0.0564683624733476
-0.416905682387586,0.216009227865558
-0.342916404747764,0.431956710456793
-0.286787649741454,0.539181760697333
-0.267892817638704,0.548011707088955
-0.310807542611255,0.468897334849056
-0.356006944232874,0.324870612458251
-0.328451973701148,0.162165149508316
-0.202254918223209,-0.0142483046126858
0.0115005278333679,-0.162798063944907
0.253104215443631,-0.250881300985401
0.428622330311191,-0.2698533062228
0.489382183889959,-0.222569942384951
0.438193253827728,-0.140893039761526
0.316133300894628,-0.0869408987159606
0.205928897377592,-0.0869100260787986
0.142791783071298,-0.13433233370039
0.132232909790808,-0.189365059337909
0.13640088497281,-0.180010261198019
0.118447710594784,-0.0842548693255309
0.0607443961145447,0.081198351372644
-0.0344861440096765,0.253011597532145
-0.102223480022138,0.360221219912362
-0.0828964225408634,0.369143767298956
0.0594631309227822,0.260328717036777
0.313107647120647,0.112952161265276
0.578545980147636,0.0138006323427594
0.749155176541306,0.0208090075019755
0.74160648688319,0.130519410762265
0.536989718876265,0.281878697434538
0.228868214113697,0.417168125178233
-0.0273851477671283,0.457983409324689
-0.0769531945977372,0.391110536756661
0.0894262475065807,0.24459845711698
0.325503526894842,0.0861999215910462
0.449323270895715,-0.0176753068989015
0.352826910356568,-0.0495680447160448
0.105295434293606,-0.0179686085820433
-0.0908001390680859,0.0384380022732878
-0.0891483853138662,0.0703461795808583
0.108336507469656,0.0715039457657161
0.341712321148906,0.0620256613063072
0.423466413823493,0.084733412118055
0.306855675889387,0.152100263797188
0.0849958464504453,0.257009764751499
-0.0701300626624677,0.342978150022087
-0.0586604085235438,0.332187715046369
0.0702998663959869,0.19600294699195
0.159865044998925,-0.0500311511899879
0.0980863774772986,-0.320934173596707
-0.137512342201925,-0.503784835829223
-0.440694022020415,-0.509604590140215
-0.643705345228863,-0.356547223841465
-0.645326217887664,-0.114696532930982
-0.425596710370236,0.102547651170596
-0.0956164650052595,0.188963698138289
0.205913469517268,0.124715118144624
0.337312775813419,-0.0192344395697891
0.28738967462437,-0.153628518544503
0.140846730805783,-0.189210696152099
-0.0158383099207353,-0.113924683168905
-0.105233680561026,-0.00711643361841135
-0.138129820319935,0.055295151511652
-0.153952689692961,0.0145570436716907
-0.182850662232516,-0.133668546626637
-0.235444356493414,-0.282048505397186
-0.266009519105769,-0.342314346031821
-0.23859348389953,-0.271258070421467
-0.118663827513174,-0.0983951123071751
0.0506331929894167,0.101374448667157
0.213801758184166,0.229053449936669
0.309155780398779,0.245879730766999
0.294027579194924,0.154971537468846
0.202254918223209,0.0126582982473542
0.0930384983031534,-0.11880276283866
0.0224144501858881,-0.200695773922218
0.0183699697816625,-0.22411362499259
0.0584597279237342,-0.224484113555048
0.114310608049944,-0.215916609954072
0.139287594963049,-0.21003512728527
0.129222700793664,-0.21727505673874
0.0768605682279945,-0.255296274181213
-0.00733255106544298,-0.303752848980757
-0.106036402960264,-0.398921635372398
-0.208352509352145,-0.498891328299144
-0.292314071708124,-0.555359699230749
-0.331493055335454,-0.533408357633368
-0.311795500833465,-0.398983380646722
-0.2587695896523,-0.162720890810259
-0.207781340189878,0.089302748499676
-0.192992737994806,0.258738717015138
-0.209973382010946,0.295602134439725
-0.248812749712981,0.202208600809209
-0.235706782367547,0.0638935319789176
-0.130704655043493,-0.0250541685060106
0.0656533441923326,0.0044767152982888
0.302872953446871,0.161100001234944
0.485677298265387,0.379903312720999
0.518141204187515,0.5517628762945
0.408230116098287,0.606934528799248
0.218216714463464,0.523729371428508
0.0409233510639079,0.322863806460155
0.00558817569924998,0.0767216413607657
0.109756707986904,-0.140182935273774
0.300094280770185,-0.262335523034873
0.479471644448127,-0.288470267674579
0.536433977574323,-0.232109976347812
0.462907806408443,-0.129299890844826
0.31554667003901,-0.00157456885730825
0.152563370271131,0.102208043703557
0.0475303660807868,0.158969704688201
0.0285429202956787,0.149861904562121
0.0595094398785252,0.0723529855789542
0.109015739320246,-0.0289288430621527
0.133869227226447,-0.0951842311684783
0.137450596927601,-0.0931619888518013
0.138361382015163,-0.0361533340824773
0.146450334365357,0.0383608206803828
0.162381274884964,0.0767679503165086
0.157580385266371,0.0397347080127597
0.118123539446326,-0.057286521191167
0.0305960331349534,-0.162010786322506
-0.0652982961775848,-0.215839419902911
-0.132402717753456,-0.153628518544503
-0.165098168454299,-0.011901887975705
-0.170578289923482,0.151837837923055
-0.178142390525409,0.26891166541459
-0.182017067196115,0.312042481930761
-0.173711989469274,0.314990962570095
-0.122183451940004,0.317584365590782
-0.0551716567338757,0.349338150108644
-0.0134301458948664,0.390446766599422
-0.0471135685625866,0.393750257191348
-0.216534096530339,0.311332394359522
-0.478560859360565,0.110590303023304
-0.735122996247986,-0.142498484560003
-0.86150525371587,-0.331523911056103
-0.783070147159588,-0.372339229035586
-0.502935796015985,-0.230597149460821
-0.102779212865824,0.0460329839706337
0.236972611240729,0.315469496904362
0.362505896561429,0.473744524965134
0.237080673929052,0.467600650255226
-0.0555112684300426,0.333113927994255
-0.345401745080127,0.162134276871154
-0.49581939094419,0.0465424036294482
-0.433392347292622,0.0438100610541472
-0.215438058703291,0.129022020193855
0.0189720115810913,0.212659419859633
0.154940664831684,0.237466590351834
0.114928086167953,0.175101325807617
-0.0782190234709187,0.0446745329568379
-0.299029149413326,-0.0616397406543974
-0.440786656848415,-0.0761659085170798
-0.42834445966022,0.0196821097251512
-0.280890739212328,0.220949052809636
-0.0670272357538378,0.438702677715671
0.146928885616138,0.582513308562855
0.293224856795686,0.612507302012944
0.354895461628988,0.509913316511834
0.335784537982618,0.29603438519302
0.231446189274059,0.0403830587679314
0.0826802971642161,-0.163770594306793
-0.0631988722680029,-0.240970778460083
-0.142714593020137,-0.162134276871154
-0.121349856903604,0.0305497220646463
-0.010466252197158,0.26803175296419
0.147638990103891,0.426214163113476
0.284919762152331,0.452688540594991
0.329872182676653,0.339983385801781
0.253243150769117,0.139858764125316
0.0816769026234249,-0.0428066622842276
-0.117305380728507,-0.14794771647551
-0.271211769923981,-0.170562862063157
-0.32459274180728,-0.137203607372048
-0.270331857473581,-0.135351173018019
-0.150155203073416,-0.21096135714967
-0.00463108482779124,-0.336062374800562
0.127478329127959,-0.455760511782973
0.251869259207612,-0.477310492180734
0.35000195409891,-0.365979195116002
0.40495748122701,-0.178296770627732
0.407736153903696,-0.00129670375706796
0.361394413957544,0.070006563655563
0.257318508039633,0.0194042454178725
0.138237883008258,-0.082186318053111
0.0658694653398516,-0.116286541410878
0.056267681873538,-0.00535662140499631
0.103736298450873,0.231368999222898
0.164233700780736,0.474948608563992
0.209325039714031,0.6050048959358
0.232557638044918,0.529734361562471
0.246373709878104,0.25390693784287
0.253953255256869,-0.102995329784215
0.277726150112861,-0.368850468787661
0.289983111478084,-0.43104592536923
0.259819293148834,-0.303675675846109
0.180473367671962,-0.0999233755127469
0.0542454395568611,0.0154523860969792
-0.06085245457374,-0.039827330153374
-0.0721523049791446,-0.261748909095768
0.0408770421081649,-0.508987103563948
0.227787621063487,-0.632405520198229
0.369545128498575,-0.5294101734975
0.376908548500693,-0.192406140972215
0.221998773222684,0.26281405736914
-0.0445510381790616,0.659574523557632
-0.288439411953931,0.840711678303347
-0.396065823394091,0.797565433926851
-0.363509282643963,0.574223675612851
-0.252409555732716,0.278698680474747
-0.172785776521387,0.0293610768989339
-0.194520992742121,-0.0965735590485645
-0.309109462984779,-0.109123793550313
-0.431910393042793,-0.0728932736458023
-0.458847876998252,-0.0473605623472676
-0.349785828722263,-0.0711025930243537
-0.128883093326626,-0.135536417299248
0.0518681492254363,-0.211439891483937
0.106854561678083,-0.241403012296864
0.00645264495873546,-0.194304884281987
-0.166394869964642,-0.0897041096992952
-0.265654458403636,0.00699293831199402
-0.213678250719005,0.0375426619625635
-0.0316766198414706,-0.0373419813627539
0.176459772592284,-0.220208075684722
0.292082518471152,-0.438579187167023
0.250989363673725,-0.60190206902717
0.10390610641352,-0.66502380622268
-0.0437020025949519,-0.600713447121664
-0.0777095995829759,-0.441188018048034
0.0420348125221511,-0.25887763542411
0.235691337590709,-0.0938566485627161
0.385136436176373,0.015359765013647
0.391002507901365,0.0956164650052595
0.243641371531932,0.178343071125219
0.0611457573141639,0.270177494287771
-0.0381447037619922,0.332635393659988
-0.0110682929393047,0.318572323812992
0.0918807236600388,0.186833401591546
0.15694747082978,-0.0548937903120328
0.0719207432839163,-0.313339200357618
-0.158028046963477,-0.491913841636322
-0.448057442022533,-0.504880856739757
-0.648784088581913,-0.341233752981612
-0.648074001010675,-0.0981172501144606
-0.426893394964066,0.114233426457039
-0.0904605231427907,0.19461362757012
0.203891235658848,0.120593451918365
0.328621781663796,-0.0279563148148309
0.279856463576118,-0.162952444047231
0.134316897381809,-0.195076734044063
-0.00808896133709212,-0.115530127967382
-0.0902135335872381,0.00103427563620996
-0.131244943110341,0.0659312106141755
-0.1684788660139,0.000385923724635915
-0.220979925446798,-0.138330500919744
-0.258491719001328,-0.277602659564213
-0.25064974774843,-0.328498291115148
-0.182804361735029,-0.249985960674677
-0.106885434315245,-0.0898276087061999
-0.0455853095861432,0.0760578458287561
-0.0381755763991542,0.166101571453347
-0.055279715193071,0.167182164503556
-0.0699756910184011,0.111717205029257
-0.0689259790636101,0.0419576267001178
-0.0678299539239478,-0.01469597582533
-0.097839387921746,-0.0585214774271866
-0.160729512672487,-0.125486959448444
-0.228389662862916,-0.199846751025494
-0.251390724873344,-0.265870583780284
-0.220732944349503,-0.260467652362262
-0.124792299737529,-0.139287594963049
-0.02131842716079,0.061871293891369
0.0314296281713538,0.278081210814994
0.0161779226741842,0.380258390339646
-0.0503244539304118,0.316797071051867
-0.145400630868823,0.109293601512961
-0.210405615847727,-0.128281051527197
-0.210884167098508,-0.265422905166665
-0.176166474080988,-0.232804636058727
-0.112350119465847,-0.0391017935761689
-0.0657459663329469,0.205542980954811
-0.0581818615018913,0.364265687629202
-0.0895034290994856,0.356547223841465
-0.170284991412186,0.187327380702651
-0.273403811745049,-0.0665332524136043
-0.398057167698835,-0.288300459711932
-0.499971921349354,-0.403737969767828
-0.543396070209848,-0.420301807807512
-0.494862288442628,-0.376244778343454
-0.342530471408469,-0.338547748965952
-0.114943522486534,-0.325210228383546
0.0895960554692283,-0.329933927950977
0.188145547878727,-0.289967649784732
0.165345166468108,-0.185382319978879
0.049722412130983,-0.0177679279822337
-0.0409851005673602,0.175487242230398
0.00148194711317474,0.290214664715055
0.204647640644086,0.322632253223184
0.492840054584208,0.254725105018946
0.719794063694781,0.125795702736577
0.757244111974987,0.0183236587113554
0.547841899126308,-0.0496761031752401
0.166008953541861,-0.0403676224493504
-0.20662357400502,0.0412475306706221
-0.387359367551116,0.134841749130076
-0.314466110821828,0.204678513281248
-0.0621182834469216,0.225425771279772
0.222261199096818,0.200001114211304
0.371289491706024,0.166703613252775
0.327510332892938,0.165206231142622
0.134548450618781,0.211501636758261
-0.063692851379108,0.271057389821658
-0.160173788287058,0.288624647776903
-0.129207264475083,0.226521792190305
-0.021333863479371,0.0476847377248535
0.0553414646965234,-0.20785853024104
0.0149275301195837,-0.445093567355902
-0.124128512663776,-0.593766850012517
-0.260575698134072,-0.57820636422234
-0.323928937817014,-0.453383200305906
-0.251251789547859,-0.270625155984877
-0.098858227239375,-0.134934375499819
0.0261656299642539,-0.127879690327578
0.0596329346563015,-0.221041670721122
-0.011191788774363,-0.318417943710669
-0.120655197192689,-0.321227472108003
-0.1916188464333,-0.171504502871368
-0.165885462993213,0.0882067275891421
-0.0683856867676336,0.341141151986639
0.0369406201631347,0.450527354494572
0.0947519973316971,0.344599022680889
0.0875120678782274,0.0716428810912018
0.0219513415973807,-0.264095331019159
-0.0193579343475653,-0.495788501390515
-0.0203922099837753,-0.556131532076312
0.00356593523281669,-0.441450427005654
0.017135013545643,-0.242252052110102
-0.0217506609975711,-0.0753940587550034
-0.086678472841827,0.0174746262990919
-0.0998153128244233,0.0357211002456961
-0.0156993777670959,0.0535816524831083
0.153026476745074,0.117197318040183
0.319328728798231,0.251761213435801
0.367646385188803,0.39952369408834
0.231754915645679,0.475720475242582
-0.0592315734566823,0.432975558232678
-0.356979440761733,0.244613901893818
-0.528684658065937,-0.0289905904510409
-0.48820895601175,-0.311934453075465
-0.264157076293483,-0.489042567964663
0.0148503453548325,-0.534967485017845
0.196095564903435,-0.462120511869529
0.182526491084058,-0.283839202935148
0.0318773004412801,-0.0627511978835123
-0.114063618494391,0.154523858855227
-0.130797272954979,0.312119688898436
0.0138160697186225,0.3627374497984
0.201776366972428,0.292113408024828
0.288825311460199,0.121411610636185
0.167197592363881,-0.112473610014495
-0.158691834037229,-0.325750507992138
-0.520888987310525,-0.445124423076551
-0.739028545555854,-0.455220198341355
-0.699247469379554,-0.359912459707715
-0.397069209476625,-0.204261707304791
0.0381755763991542,-0.0562985545107
0.376815947505721,0.0559743791331141
0.473451226453839,0.124174821619519
0.345478918214775,0.141294400961145
0.108768749764693,0.133946408819352
-0.071071711928935,0.0900128529874285
-0.0814916583421963,-0.0135382043540617
0.0689722880193531,-0.158475725577095
0.237420289854348,-0.304725379342643
0.312011626210113,-0.3730802061605
0.223866643895295,-0.332002479223397
0.00341156570331425,-0.164557888845707
-0.224252560318076,0.0703770522180203
-0.334812007620731,0.266565243491198
-0.269822433585638,0.363879788122934
-0.0697287014628485,0.316133300894628
0.161331554471916,0.192081969823757
0.279038296400042,0.07099453033603
0.222230326459656,0.00649895550040157
0.0287899098512313,0.00407535462731065
-0.21190299795788,-0.0190183226513985
-0.37959458634938,-0.0815534036165202
-0.394414061181614,-0.207580659590069
-0.246095856143647,-0.346744747087957
0.00225379449636643,-0.397223589578949
0.253536449280412,-0.317244749665486
0.415377444556785,-0.0982253128027842
0.43311447664165,0.166657312755289
0.327880804538882,0.342947260468412
0.149275307539529,0.36857259813669
-0.0234950368924052,0.253567338834088
-0.120809568836756,0.0698521962406248
-0.127925999283321,-0.0787130025820239
-0.0574717612432672,-0.143362952233565
0.0294691374726934,-0.165206231142622
0.0947983062874401,-0.21333863479371
0.100062302379976,-0.337451728055418
0.0433006413953327,-0.498736948196821
-0.0373574176813348,-0.620488174758301
-0.116008679218163,-0.605900253163038
-0.150510263775549,-0.429980794012372
-0.128543477401331,-0.128296487845778
-0.036770812200487,0.175641605416208
0.105032999961216,0.323759129854366
0.244891772544789,0.279377912325337
0.360066839810038,0.0961258804349456
0.391357551686984,-0.110760110985952
0.318726703915315,-0.209355912351193
0.13992050939964,-0.160112043012734
-0.107163304966217,0.00598953637022813
-0.326537802531052,0.203011323208448
-0.439042293640966,0.336124153907913
-0.402055351834703,0.414451231608898
-0.205018129206544,0.45826127997566
0.0852119633688359,0.486294784841653
0.348736125225728,0.50642455626391
0.503398936322955,0.487143824654891
0.519237225098048,0.406377690202515
0.440246377239823,0.264898053418398
0.34797972024049,0.106499517892464
0.299353337478297,0.0243131956102246
0.336201327042561,0.0606826466110924
0.419576292375949,0.19993936893698
0.483639636546642,0.355559265619255
0.495495202879219,0.410098003687411
0.44660637732638,0.311100841122551
0.355667328307578,0.0728932736458023
0.285290267631301,-0.150772689649683
0.250896745762239,-0.254292871182164
0.225117027991638,-0.195478095243682
0.161223491783592,-0.0332820625253831
0.0089534305965776,0.102192607384976
-0.193409543971263,0.124360065900748
-0.378436820164522,0.0165329728034963
-0.447470844999942,-0.121380729540766
-0.354216229778398,-0.186864274228708
-0.136261949647324,-0.096928602834184
0.127586383358026,0.153983562330123
0.314049287928857,0.422663691424254
0.347130680427252,0.590926432061507
0.227725875789163,0.576137812949921
0.0232171725851265,0.403537306084532
-0.176151029304151,0.167367400326528
-0.301313826062394,-0.00957090871458738
-0.312474732684056,-0.0479780404652774
-0.258414528950167,0.026613300119616
-0.179068620389809,0.126397744536006
-0.111547397066609,0.186308549843278
-0.0749000796438983,0.175271116853751
-0.046125606111248,0.110451376156075
-0.0401051965752169,0.0420965620256035
-0.0624887720093788,-0.0167490897218869
-0.107194177603379,-0.0551716567338757
-0.184919213504936,-0.110435939837494
-0.236077270930004,-0.193378671334101
-0.248040899950905,-0.248179835276391
-0.207704150138717,-0.255296274181213
-0.123125109664728,-0.1452925681805
-0.0325719622667591,0.0642177115856318
0.0264280579529516,0.272276918197353
0.0213801745496781,0.372864080783853
-0.0387313050137117,0.310699479922931
-0.130503974443684,0.104816883042825
-0.211887570097556,-0.128003180876226
-0.239056607289986,-0.253119660220469
-0.199399072411875,-0.206561828730696
-0.123202291257633,-0.0290986489102361
-0.0515131012106884,0.20092732715919
-0.0313833192156108,0.342839197780088
-0.078604948351957,0.344753402783212
-0.18545951003004,0.20785853024104
-0.31662726308922,-0.0214882330088734
-0.422694547144903,-0.25541976472986
-0.471104838363475,-0.419977653575568
-0.486016914190682,-0.470564524921856
-0.482852342007728,-0.386494899877554
-0.478761556876888,-0.231368999222898
-0.460715764587375,-0.0988273461439563
-0.403413815535884,-0.0669963588875474
-0.283900948209472,-0.140306434280678
-0.10597465768594,-0.267367965890437
0.0921894584899153,-0.334333439453437
0.239674076949739,-0.260869013561882
0.335012671304028,-0.109741271668323
0.379934202274675,0.0296235070021958
0.367028898612537,0.0652056740369704
0.314990962570095,-0.031846425689554
0.221967900585522,-0.162134276871154
0.109988261223875,-0.224098197132266
-0.00353506153837262,-0.146651014965167
-0.034270027091286,0.0523466962470888
0.021704349927264,0.255635890106508
0.169003717762167,0.359634622889771
0.347547469487195,0.306083843043824
0.487020334106243,0.12956231671896
0.541173138835105,-0.0982870580771082
0.488656634625369,-0.319977071095146
0.369051166303984,-0.463324595468387
0.213076208919576,-0.528314152586966
0.0611611936327449,-0.551037360862937
-0.0521768882844411,-0.530228323757063
-0.119728975786546,-0.479132028522832
-0.116008679218163,-0.392237447220871
-0.0451993889342334,-0.258028612527385
0.0453537563491716,-0.0946902520573732
0.148812184149073,0.0365855721483868
0.20713298097645,0.11508245781202
0.206407448628373,0.10824388955817
0.171164886946073,0.0656533441923326
0.142683720382975,0.038823927154326
0.149892777199283,0.0569005963101288
0.220408756284532,0.133761164538123
0.3162722193036,0.247809346713933
0.371351270813375,0.354123628783426
0.315747367555333,0.418804425697359
0.124020449975453,0.439860443900529
-0.163647103758145,0.402441285173998
-0.452997266966611,0.319529426314554
-0.619685452359062,0.194798863393092
-0.621074771780892,0.0316303087711634
-0.483454366890643,-0.131322124703246
-0.27005398682261,-0.267213602704627
-0.081152042416901,-0.324345760709984
0.0181692891818529,-0.269127773874723
0.0471135685625866,-0.119065188712793
0.0491049382421016,0.0486727001761921
0.0854435166058075,0.143285762182404
0.191649719070462,0.113893810531743
0.322200002469889,-0.0134610195893105
0.394414061181614,-0.151714347374407
0.355049841731312,-0.207626977004068
0.218957691588378,-0.148735011014425
0.020670074291054,-0.0248997989765082
-0.132325527702294,0.0655298494145563
-0.185829998592498,0.0465732762666102
-0.133961845137933,-0.106700198492273
-0.0195123038770678,-0.305898573387825
0.0658077158363992,-0.432358071656412
0.0691420959820007,-0.411240342011945
-0.0127509203879685,-0.226351984227658
-0.119126942445374,0.0100957646919829
-0.202393836632181,0.15829047283761
-0.208460572040469,0.128512604764169
-0.139550020837183,-0.0569005963101288
-0.0486572638576111,-0.257086954802661
-0.00328807013257639,-0.342545899268793
-0.0365546952820964,-0.251869259207612
-0.133467866026828,-0.0305960331349534
-0.259186378712243,0.197886262441398
-0.339242408676867,0.322724854218156
-0.344135916206945,0.292962414005039
-0.276846254578974,0.180226386574667
-0.171103141671749,0.0876355584268753
-0.0798553409065575,0.0755021214433271
-0.0551562204152947,0.153273474758884
-0.122492195228137,0.231291809171736
-0.241140586422731,0.223249157319028
-0.361440731371543,0.0948137426060211
-0.436803934405898,-0.0716428810912018
-0.435044109505098,-0.146064417942576
-0.354617590978017,-0.047159881747458
-0.217367691566739,0.216009227865558
-0.0789136831818335,0.463988399458653
0.0134455832707295,0.537915931824152
0.0539521368164372,0.372015040970615
0.0376352841031778,0.0104045037509877
0.00480089120451572,-0.371613679770995
-0.0129979110008031,-0.569484480519042
0.0118555769053979,-0.485769933093386
0.0756564930873937,-0.177169877080036
0.156839408141457,0.210220380024755
0.211856697460394,0.474470074229725
0.211192910386641,0.497795307388611
0.161177191286106,0.334456930002085
0.0853045812803218,0.128049498290225
0.0127817940824125,0.0242360097881912
-0.0394722779094977,0.0917263520159722
-0.0481632805173776,0.272446726160001
-0.0333592483474165,0.454664457039412
-0.0169806440161405,0.52562811473828
-0.000910779999391978,0.477665535966354
0.0220748384897212,0.373975529554711
0.0694971482258769,0.275827406803088
0.128172988838873,0.250356449237134
0.191834971809948,0.259819293148834
0.236586694817947,0.235629592316386
0.209386784988355,0.123341226583119
0.0854126439686455,-0.0739584219191743
-0.104693392494178,-0.279254421776689
-0.32872984435212,-0.396204741803063
-0.50508155425608,-0.348566317263081
-0.568388493441535,-0.187003209554193
-0.493102463541828,-0.0149584038140278
-0.309202097812778,0.0605900244704781
-0.076644451309604,-0.0348411941389886
0.114279735412782,-0.238547183402044
0.203505302319553,-0.412459853471127
0.2028878326598,-0.431200305471554
0.141001093991593,-0.26404901360516
0.0977004525962604,0.0581355525461483
0.119404804638089,0.409326137008821
0.209710956136813,0.630352396786133
0.321814069130594,0.652118468727515
0.382465860021038,0.493781695392419
0.317923981516077,0.248843622350143
0.116379159322364,0.0241588260807221
-0.148102096577834,-0.0983796759885941
-0.370455913586138,-0.124529873863395
-0.437992556311405,-0.0859374957169126
-0.321783213409945,-0.0648814986593846
-0.0900591619431715,-0.067444033272038
0.156854836001781,-0.0836991364818451
0.292638259773095,-0.075579303036232
0.241557392399187,-0.00538749509944038
0.0429455933805848,0.0985031749954988
-0.196666734065702,0.20387579088201
-0.356608969115789,0.246805943714885
-0.356994902455084,0.184255426431183
-0.199723243560332,0.0453228837120096
0.0219667800305259,-0.123896959426805
0.18550582744404,-0.239782139638063
0.218479140337597,-0.221906155311198
0.12564133109251,-0.106623008441112
-0.0467122073629674,0.0554186505185567
-0.204987256569382,0.181847259233468
-0.273511874433373,0.19564790320633
-0.258831334926624,0.0956936465981644
-0.192298078283891,-0.0628438200241266
-0.129330763481988,-0.185119894104745
-0.106499517892464,-0.191171184736195
-0.129315327163407,-0.0676910228275905
-0.166672740615613,0.106422327841302
-0.181847259233468,0.245833413352999
-0.1470060756673,0.25940250408889
-0.0732637622082595,0.134085344144838
0.0189720115810913,-0.0790063095515762
0.113816628938839,-0.283962693483796
0.200031986848466,-0.380875843082885
0.259448804586377,-0.347346805803899
0.28299016312191,-0.218525457751597
0.25183838657045,-0.0613464379139735
0.170609162560644,0.025501840775937
0.0625968304685741,0.00764129012444787
-0.0221211495600284,-0.0949835505686687
-0.0251313543280439,-0.230535404186497
0.0875275041968084,-0.329347330928386
0.285521820868273,-0.368063174248747
0.486294784841653,-0.360282965186686
0.593674215184517,-0.32247787312086
0.561009611746066,-0.271628558983925
0.370780101651109,-0.24149563020835
0.0827266145782158,-0.214110484555786
-0.190708078262252,-0.181229789573715
-0.362119963222134,-0.149429670725339
-0.408893920088554,-0.113708566250515
-0.386402265049555,-0.064649945422413
-0.367368514537832,0.00132757771583255
-0.384565300847133,0.0983488033514321
-0.41116313504427,0.227370832003544
-0.398412211484455,0.348828760053728
-0.2810296576213,0.42255562873593
-0.0460947292449577,0.398736399549426
0.246975751677533,0.275117319231849
0.483006722110051,0.105882039774454
0.555159001714426,-0.0263045610606112
0.42488658896597,-0.0633069307271981
0.134610195893105,0.0024853487906201
-0.190214099151147,0.126351427122006
-0.423713394920788,0.198056053487532
-0.508693805052653,0.16326117041885
-0.436201875689956,0.00881449791429719
-0.264635627544264,-0.196249945005759
-0.0738194950519454,-0.341789494283554
0.0922203395853341,-0.366442301589946
0.228065491714458,-0.2483805158762
0.318294453162021,-0.081152042416901
0.368032318528098,0.0422200568033798
0.379656331623704,0.0469900737848104
0.328204992603853,-0.0574100159689433
0.224237132457752,-0.182480173670058
0.093254615221544,-0.225996940442038
-0.0137080112594272,-0.134702822262847
-0.0371567370815252,0.0561596234143427
0.0365392589635155,0.25370625724306
0.19456731015612,0.345401745080127
0.358399649737237,0.297470022028849
0.490786931172112,0.11528313841183
0.5294101734975,-0.11591605284842
0.475180161800964,-0.333839477258846
0.359233261690151,-0.470564524921856
0.207549786952907,-0.526893943611462
0.0500620280562783,-0.546468007564803
-0.0800560215063671,-0.537668950726856
-0.148750438874749,-0.490570805795465
-0.139642647206926,-0.393935526847347
-0.0529024248616462,-0.245061580507437
0.0724301671718592,-0.0792996080628717
0.158228727563286,0.0429919023363278
0.166888865992261,0.0607289597959637
0.0984568660397558,-0.00277865100240296
0.00606672113497935,-0.0800868941435291
-0.053504466661075,-0.0828037961711208
-0.039564900050112,0.034239154454124
0.0194042454178725,0.196759351977188
0.0935479137328395,0.328822445347092
0.149090054800044,0.327680140855585
0.142467611922841,0.149290735399854
0.0962802520790122,-0.141911870620898
0.0177679279822337,-0.421860969025016
-0.0693890897666816,-0.559172613710618
-0.145956355254252,-0.509064276698596
-0.188299911064537,-0.315577559592686
-0.178219580576571,-0.0890094499883805
-0.128142116201711,0.0675829643683953
-0.087728184796618,0.114079054812972
-0.0666721835099616,0.071967060697916
-0.0749309522810603,0.0450141446530047
-0.0725845388159258,0.0435013219951423
-0.0119481990460122,0.060898763529483
0.109262728875799,0.0313678807824657
0.273295749056725,-0.0837145728004261
0.369714936461223,-0.242005054096293
0.331801781707074,-0.383392072968924
0.161069128597782,-0.366442301589946
-0.100540853630757,-0.151683457820731
-0.30498782213329,0.206484638679535
-0.368402790174042,0.549493661338784
-0.249353046238086,0.706966000833345
-0.0144026741421882,0.584365734458627
0.220485946335693,0.221566539385903
0.33453413696976,-0.191973907135433
0.264434946944455,-0.461009063098671
0.105249125337863,-0.466658975613988
-0.050741251448612,-0.268124370875675
-0.0798090319508145,0.000710099663902905
0.0351036221276863,0.182063384610115
0.207704150138717,0.172600523781902
0.309526285877749,0.0103581926806806
0.246960323817209,-0.202424726185857
0.0222909554081118,-0.341804922143878
-0.260282399622777,-0.351005340181444
-0.473111610528544,-0.226969470803924
-0.531416979495596,-0.0648660623408036
-0.410406730059031,0.054523305978704
-0.172646841195902,0.0909853833493145
0.0445047249941903,0.0474223076215915
0.14401129453048,-0.0687716116486718
0.100000557105652,-0.215221950243158
-0.0358600355711817,-0.381925580412447
-0.181399597536362,-0.551423260369205
-0.264311456395807,-0.674903456110836
-0.282357248685319,-0.721029036847314
-0.241248649111054,-0.674116161571922
-0.154662794180713,-0.534288253167255
-0.0258105798349419,-0.363987816978231
0.140460805924745,-0.214357482569595
0.318232707887697,-0.114820031937887
0.459280127751546,-0.0534427171576227
0.513432932480408,0.0211486213127065
0.458508261072956,0.14425829254429
0.294552430943191,0.303505867883461
0.0913867445489337,0.441157128494359
-0.0754249313921654,0.473806304072485
-0.130750963999236,0.363447537369639
-0.0743134741630505,0.130565719718008
0.0357056639271151,-0.156345429030352
0.121303547947861,-0.374685650958977
0.125749393780834,-0.466180441279721
0.0575643833838815,-0.459064002374899
-0.00768760066611397,-0.402611093136646
0.00316457456183854,-0.362150818942782
0.105418924842254,-0.368835040927337
0.25650035778007,-0.354756543220016
0.357056647729408,-0.272693707257296
0.340647155959021,-0.0961567615303643
0.177756474102627,0.132433590390618
-0.0674131564057476,0.294922902589135
-0.284302309409091,0.326012950782785
-0.383361217248276,0.217583800026873
-0.326800211488672,0.0166255949441106
-0.151945900611378,-0.177478603451656
0.0352888664089149,-0.268448558940646
0.1452925681805,-0.228899086750859
0.14720675626711,-0.111809822940743
0.0695434571816199,-0.00259340751413592
-0.0354586722569984,0.050741251448612
-0.121334420585023,0.0348411941389886
-0.180550557723124,0.00574254522875243
-0.237327655026348,0.0210714354906732
-0.284904334292006,0.0684474320419576
-0.314033860068533,0.109880206993808
-0.288562902502579,0.109509718431351
-0.180890173648419,0.0483639611171872
-0.00311826375585192,-0.0307040915941487
0.177200749717198,-0.0739738582377552
0.267259903202113,-0.0511734852853932
0.205280555080677,0.0327108954776805
-0.00424516100403513,0.112056812496295
-0.282743165108101,0.117444307595736
-0.517600924578923,0.0447362782311618
-0.598876449086215,-0.0475458023993678
-0.515100122553209,-0.0732328895710976
-0.320640875085412,-0.00236185321988225
-0.109139229868894,0.169343333687462
0.016100737909433,0.35827615918859
0.0376507204217587,0.447084945493674
-0.0180149196523505,0.367800765291127
-0.0716428810912018,0.170161500863538
-0.0608061456179971,-0.03953402741295
0.0301792356167533,-0.146311399039872
0.182078812470439,-0.106159901967169
0.321011346731356,0.0261193188939467
0.389026557623917,0.146681887602329
0.381910118719095,0.161624852983212
0.313246565529619,0.0779411612782042
0.218432839840111,-0.0615625548323641
0.123402971857443,-0.188901952863965
0.0370641149409109,-0.249630916889058
-0.0438409379204375,-0.25660840355188
-0.125780266417996,-0.248828194489819
-0.181214344796877,-0.289396480622466
-0.207904830738526,-0.352224885473653
-0.209803574048298,-0.377803905727931
-0.181399597536362,-0.294398050840868
-0.152856668782427,-0.0771075662418039
-0.123418408176024,0.200989089350027
-0.109386227882703,0.408461669335259
-0.0647116906967369,0.442268611098244
0.027277089307933,0.282635102419777
0.171087713811425,0.0188330783701699
0.342993577882412,-0.207472596901745
0.473868049346809,-0.298890231004354
0.510870419013396,-0.242962139681341
0.412907532084746,-0.120114900667584
0.220424201061369,-0.00702381200643809
0.010512562210183,0.0338841043248119
-0.0977158889148414,0.0282187428035286
-0.0648969349779656,0.0442577354386377
0.0825722429341492,0.152686860819779
0.251051108948049,0.356331098464818
0.336479197693532,0.565640710318524
0.271644003760762,0.690649143890958
0.0733100711640025,0.665178152491977
-0.163554485846659,0.465346829326807
-0.32148991489865,0.213601077584357
-0.337297347953095,0.0310900164751869
-0.205157064532029,-0.024097078691834
-0.0117938295165097,0.0467585205478388
0.110451376156075,0.158645533539743
0.0987347282324703,0.21779992540352
-0.0522232014693125,0.173897242208759
-0.25597548911529,0.0429764660177468
-0.388671513838298,-0.12067063351127
-0.404015840418799,-0.239828440135549
-0.288393094539931,-0.277293916276079
-0.14405761194448,-0.236494059989948
-0.0681232566643717,-0.149939094613282
-0.125502395767025,-0.064665381740994
-0.290924752286294,-0.0109293597283832
-0.460175451145757,-0.0027323399320958
-0.513340331485435,-0.0264589305901136
-0.387683555616087,-0.0522695104250555
-0.121627727554575,-0.0530876691428748
0.184687660267964,0.0137543223297344
0.38984470788348,0.167120419229232
0.428745820859839,0.377001183328693
0.298689533488031,0.601716867037225
0.114850904575049,0.738179471909589
-0.018910262077639,0.712276297423367
-0.0402441276715741,0.517616352439247
0.0487653223168064,0.202810642608638
0.167537208289176,-0.073047645289869
0.232912698747051,-0.183807764734077
0.196327118140407,-0.0892718758625141
0.0661164548954041,0.140028572087964
-0.0774317373902614,0.354401499434397
-0.165870018216375,0.437421387149138
-0.154539303632065,0.337667819599039
-0.0385151880953211,0.121812971835804
0.118324220046136,-0.0777559169969756
0.245154198418923,-0.134502141663038
0.307843634111597,0.00396729590379484
0.296852535452583,0.2475469208398
0.23425570075488,0.45236435253002
0.146666459742005,0.492762847616533
0.0732637622082595,0.355682756167903
0.0186478340889413,0.0953694754497069
-0.0249924211171225,-0.15606755837938
-0.0499076564122116,-0.296281366290316
-0.0582899199610866,-0.319606599449202
-0.0628592563427076,-0.268556604712457
-0.0489968755537779,-0.199599753011685
-0.0353506137978031,-0.124915798744434
-0.0168262744866381,-0.0371876097186872
0.0122106270347099,0.0868791534416366
0.0490740613758113,0.217815353263845
0.0897195460178762,0.310081993346665
0.13143018739157,0.2939195165066
0.141340709916888,0.132649707309008
0.101389884985738,-0.133761164538123
0.0196049260176821,-0.402317760792323
-0.0802567021061767,-0.54969432502208
-0.169883630212567,-0.515038377278885
-0.20574366155462,-0.321335534796327
-0.182480173670058,-0.0846871031623121
-0.128543477401331,0.0801177667806911
-0.0706703549584441,0.128497168445588
-0.0656070352365896,0.0902444062244001
-0.08217088173453,0.0386849960579687
-0.0759806642358512,0.0333592483474165
-0.0165329728034963,0.0525319405283174
0.119867911112032,0.0390246077541356
0.279439657599661,-0.060883327210902
0.363478426923315,-0.245833413352999
0.307488590325978,-0.404926625506361
0.123233163894795,-0.399461948814016
-0.115422073737315,-0.164835742580165
-0.287991733340312,0.246481772566428
-0.321721468135622,0.616165870223516
-0.219714096573617,0.737531163445701
-0.0337451711138905,0.514359145428294
0.136215640691581,0.0291758347322695
0.231523362408708,-0.445865400201465
0.228281600174592,-0.661226319603135
0.140028572087964,-0.573714217891881
0.0329887618995234,-0.295941750365021
-0.0445664744976426,-0.0290986489102361
-0.0494754225754305,0.0656996573772039
0.00662245133545994,-0.0187404562295556
0.103551054169644,-0.17360392678095
0.174885200430969,-0.270192922148095
0.209973382010946,-0.259680357823348
0.222184009045656,-0.164418953520222
0.235305421167928,-0.044134236431733
0.314527856096152,0.0424207374031893
0.441234335462034,0.0823869986529206
0.554340851454863,0.104986691005473
0.57457871939847,0.110513121430399
0.442731717572187,0.114989839900534
0.182063384610115,0.102285225296462
-0.08775905743378,0.0477619235468868
-0.235892018190519,-0.0504479487081881
-0.204338897355953,-0.175888603430017
-0.036060711941863,-0.288238714437608
0.141819252709412,-0.309788694835369
0.220825562260989,-0.213446697482033
0.146141607993738,-0.0276630141889712
-0.043316081943042,0.193502161882748
-0.235984653018519,0.369097449884957
-0.311347822219846,0.410098003687411
-0.229670936512935,0.292792606042391
-0.0257951435163609,0.0414945202261747
0.182773489097867,-0.279485975013661
0.310961922713579,-0.545449159788917
0.32463905922128,-0.691544433452141
0.262520758857844,-0.698815286292313
0.209294167076869,-0.574702209947118
0.246589835254752,-0.359032564173828
0.370502231000137,-0.144026739307318
0.528700085926261,-0.00680769455940646
0.627234142017179,0.0286201040031478
0.586357078763372,-0.0313524444638847
0.420224634672864,-0.127570947039445
0.164449826157384,-0.19663586142854
-0.0783888314335664,-0.176567835280608
-0.216950885590282,-0.0592470140043916
-0.24464477453098,0.116826829477726
-0.183761447320078,0.299029149413326
-0.133174559057276,0.416241912230347
-0.144983824892366,0.433176221915974
-0.223588773244323,0.365438915507411
-0.331709180712102,0.239735822224063
-0.382249734644391,0.106468636797045
-0.34452184954624,0.0193733706661463
-0.189905355863013,-0.00737886160710908
0.00606672113497935,0.0265669890493089
0.156823963364619,0.0771075662418039
0.201035389847514,0.125147351981405
0.122445886272394,0.144551591055585
0.00226923160790899,0.114217990138458
-0.069991127336982,0.0546313644378993
-0.0305805968163725,-0.0109911081745534
0.130766400317817,-0.048966002916616
0.342947260468412,-0.031074580156606
0.486279356981329,0.0399045159754073
0.475766792656582,0.135752534217638
0.289890476650084,0.227833938477487
0.0211023102423994,0.274299152055773
-0.217043503501768,0.235675909730385
-0.309140352538454,0.112921288628114
-0.239180097838634,-0.0788365015889285
-0.0606054650181875,-0.283962693483796
0.127154149521244,-0.461580232260938
0.207889402878202,-0.5621519500706
0.1590160221022,-0.580027934397464
0.0329733234663783,-0.505776213966995
-0.0768914493234133,-0.331631973744426
-0.0836219548889401,-0.104508148212949
0.0194505564881796,0.126011819654967
0.183962127919887,0.305373721639558
0.313941225240533,0.37329629770412
0.320177768611469,0.306454314689768
0.202656279422828,0.148611520465777
-0.000216117298351337,-0.0384688791395781
-0.188330783701699,-0.161130873872106
-0.301020527551098,-0.15937106588782
-0.33349986133355,-0.0264280579529516
-0.30767382614895,0.182727171683868
-0.275009256543526,0.350248935196206
-0.266472625579712,0.411564496243889
-0.257781614513576,0.325735080131813
-0.227077533492248,0.149275307539529
-0.141819252709412,-0.0217815357492973
0.0060204100646722,-0.109571463705675
0.158352235028448,-0.0949989868872497
0.265669903180474,-0.0214573603717114
0.278297319275127,0.0139086918592368
0.174777137742646,-0.0383453843618018
-0.00759497905414071,-0.17277033174455
-0.2028878326598,-0.335074416578352
-0.357519754203351,-0.439598001109881
-0.446390251949732,-0.427294756163686
-0.440894719536738,-0.309680632147046
-0.358662092527885,-0.133653110308056
-0.223928389169618,0.0331585677476069
-0.0547239865785136,0.141140029317079
0.11611673344823,0.19958432515136
0.247516048202638,0.25733395281647
0.337112112130123,0.344645340094888
0.376522648994425,0.45142271172181
0.376831375366045,0.515779354403799
0.343719127147002,0.49577307353019
0.282388121322481,0.364713366242821
0.195400905192521,0.172631413335577
0.0980091958843936,-6.174779775895e-05
-0.000617477985849517,-0.0748074532741556
-0.0642331479042128,-0.0329424508292163
-0.0695743298187819,0.0713495825799063
0.00413710254483984,0.17980958059821
0.153072794159074,0.226367429004496
0.311069951568875,0.1805351298628
0.425797374053533,0.0897812997504569
0.450944177387543,0.00546467986419161
0.331909844395398,-0.032849828688602
0.134687385944266,-0.0271227197784305
-0.0884228445075327,-0.0128435414713007
-0.288223286577284,-0.01573025146154
-0.405574967803276,-0.0316920561600515
-0.483979252471937,-0.0259803856830253
-0.537823330829179,0.0323712837815137
-0.589151145467355,0.140862167124364
-0.629503390805922,0.245740795441514
-0.619330408573443,0.277432851601565
-0.526832198337138,0.209788146187974
-0.353861185992778,0.0696360793222342
-0.155758815091247,-0.0766907687236037
0.0085983809959066,-0.143795186070346
0.058073803042696,-0.0961721978489453
-0.0322477868891732,0.0195894896991011
-0.194860608667416,0.118725581245755
-0.340338429587401,0.0841159340000452
-0.396034933840415,-0.0819702011347204
-0.327788169710882,-0.298488869804735
-0.180102896026019,-0.452734858008991
-0.0341310959949287,-0.463278278054387
0.0189257005107842,-0.330736650350216
-0.0203613373466133,-0.137743903897153
-0.142776338294461,0.00117320818633011
-0.27999538198509,0.00963265610347552
-0.351314100386091,-0.0864006021908558
-0.346235323200014,-0.171519947648206
-0.238902227187663,-0.15105054338414
-0.0644801374597654,0.0186015230186341
0.119126942445374,0.265870583780284
0.279038296400042,0.434009833868888
0.372169421072938,0.413061878354042
0.367090643886861,0.149753841873797
0.269606325125504,-0.261501927998472
0.0970521018410886,-0.630445031614133
-0.0895960554692283,-0.784166134237094
-0.249862470126029,-0.65960537927828
-0.329424504063034,-0.307874523665273
-0.312274035167733,0.129485135126055
-0.256345977677747,0.469561138839322
-0.240739225223111,0.59930869983951
-0.313246565529619,0.504788255744784
-0.446174160406112,0.260822696147882
-0.557381933089169,-0.0165638464979403
-0.558339035590731,-0.215669628856777
-0.390138006394775,-0.269282153977047
-0.0957862729679071,-0.173573054143788
0.210251252661917,0.0224761975747762
0.391975004430224,0.261378420533311
0.367970573253774,0.460592274038727
0.178605496999352,0.563247970981134
-0.0691575323005817,0.547517711061337
-0.222153136408494,0.430243202969992
-0.200155494313627,0.249970515897839
-0.0329733234663783,0.0927606276521822
0.177802791516627,0.0104353774454318
0.279933636710766,0.0263817468826445
0.247654983528124,0.100077747156814
0.105727668130388,0.140244689006354
-0.0481941573836679,0.104430966620044
-0.0955701560495165,-0.0106978054341295
-0.0170732661567548,-0.131569122717056
0.125193660937148,-0.177401430317008
0.233375805220994,-0.101359012348576
0.225302280731124,0.0759034826429463
0.112874971214115,0.254292871182164
-0.039549463731531,0.322802061185831
-0.133853790907866,0.218278459737788
-0.0985186113140797,-0.033575365265807
0.0323249727112065,-0.336170437488885
0.179547154724076,-0.549941339952403
0.23104482807444,-0.585245596159487
0.169760139663919,-0.456084666014917
0.0551870930524567,-0.243440690932122
-0.0588147759384821,-0.0640942125787272
-0.0796855329439099,0.00117320818633011
-0.00881449791429719,-0.0484565832578015
0.101096578016186,-0.154276877757932
0.188577781715508,-0.235799400279033
0.211300956158452,-0.241835246133645
0.200788408750218,-0.182325810484248
0.218679820937407,-0.0763357164797275
0.305852289806853,0.0161161752852961
0.444476080779636,0.0793459170186146
0.569700605895689,0.102840958140148
0.585816765321754,0.0996455048617756
0.441311508596682,0.0930848072588964
0.179392791538266,0.0761504721984988
-0.0841159340000452,0.0476229882214011
-0.234209400257394,-0.0347485741129385
-0.200711218699056,-0.151590839909245
-0.0396729585093073,-0.273913235632992
0.122245205672585,-0.326584086112025
0.20387579088201,-0.248673814387496
0.139411093969954,-0.0456470590895955
-0.0310128306531536,0.226213048902172
-0.211146592972642,0.419344739138977
-0.294938364282486,0.438795278710643
-0.226213048902172,0.246960323817209
-0.0373882903184968,-0.063661978741946
0.181198916936553,-0.340925026609992
0.316750753637868,-0.442716289711863
0.312459304823732,-0.352549039705597
0.141217210909984,-0.153381537447207
-0.11072923834879,0.00581972999350365
-0.313894941659561,0.0254555297056298
-0.364574447833849,-0.0869872076717036
-0.219513415973807,-0.251545088059154
0.0901826609500761,-0.365191900577088
0.411950429583184,-0.358970818899504
0.617524266258643,-0.252085384584259
0.619917005596034,-0.129253573430826
0.445834544480817,-0.0758108562732036
0.184888340867774,-0.129917368962836
-0.0383145074955115,-0.264157076293483
-0.129099210245016,-0.408863030534878
-0.0738966766448503,-0.485630980851387
0.0802875747433387,-0.461240616335642
0.214048739281462,-0.356006944232874
0.282434421819967,-0.213045336282414
0.265036988743883,-0.0799942677737864
0.212458739259823,0.0171504509215061
0.206206768028563,0.081105733461158
0.250757810436753,0.100371045668109
0.323527576617394,0.0768914493234133
0.356099545227846,0.00203767731365533
0.289813303515436,-0.102563095947434
0.14577111943128,-0.184502424444992
-0.0365855721483868,-0.209386784988355
-0.174391221319864,-0.129917368962836
-0.220208075684722,0.0368943112073917
-0.16025097833822,0.234332890806042
-0.0305497220646463,0.38058254457159
0.111207781141314,0.428668647725191
0.204848321243896,0.37101165488808
0.223310902593352,0.278930233711718
0.184348044342669,0.226645299655467
0.0981018137958796,0.270856709221848
0.016440350662882,0.385537797375992
-0.0460484202892147,0.490215762009846
-0.0820628190462063,0.498320159136878
-0.0790217458701571,0.36417308663423
-0.0393642194503024,0.133020195871466
0.0175209373693991,-0.118401401639041
0.0634921750084268,-0.261270374761501
0.0705777328178298,-0.253521021420088
0.0134147095762854,-0.101667747178453
-0.0807506812172818,0.103057075058539
-0.17030041927251,0.242746031221207
-0.199429945049037,0.268232433563999
-0.145879165203091,0.159895917636087
0.00101883865682766,-0.0195586149473749
0.161779233085535,-0.178821622375999
0.269282153977047,-0.257812487150738
0.280288697412899,-0.238037759514101
0.193594779794234,-0.149012864748882
0.049691539493821,-0.0329887618995234
-0.0549401034969042,0.0526863079432556
-0.0843629320138546,0.0868791534416366
-0.0263045610606112,0.0612383794547782
0.0449832720158428,-0.00557273885202795
0.0500465917376973,-0.0793304807000337
-0.0356439144236628,-0.138824488489106
-0.203335494356905,-0.146820822927815
-0.371104255883053,-0.105943785048778
-0.4624446999345,-0.0163477295795498
-0.409959051445412,0.108645250757789
-0.220841007037826,0.224453240917886
0.0340230375357334,0.313015012292647
0.241156031199568,0.36128635126922
0.332913264310959,0.377294481839988
0.279702083473795,0.391280344719309
0.122553940502461,0.419144041622654
-0.0554495231557187,0.45551349685265
-0.190399334974119,0.458153217287337
-0.253382086094602,0.391728023332928
-0.267398838527599,0.234471826131528
-0.278559745149261,0.000648351878533979
-0.296250510569668,-0.255342574678699
-0.324083317919337,-0.444985504667579
-0.313786878971237,-0.515146439967208
-0.233329487806994,-0.450249517676628
-0.0631988722680029,-0.261872416560929
0.143270334322079,-0.00561904939369405
0.2699459410508,0.254092190582355
0.252996169671821,0.448536010189827
0.0738812403262693,0.571213415866166
-0.167213037140718,0.602797426254408
-0.346605828678984,0.544275965743735
-0.356500906427465,0.420919294383778
-0.155650769319437,0.257982295113385
0.193332353920101,0.0616860496101404
0.533948637241959,-0.12749376544654
0.692578709088351,-0.263446971805731
0.619515678229442,-0.350341570024205
0.371737170319643,-0.378081776378902
0.0975152083150318,-0.346667573953308
-0.0421428709813464,-0.296265938429992
0.0392407246725262,-0.231940168385165
0.27108826245882,-0.191943034498271
0.468032867175493,-0.159031449962525
0.515470628032179,-0.111346716466799
0.317059513842515,-0.0279871895665571
-0.0633841123201031,0.0945050077761446
-0.435815942350661,0.243656816308769
-0.642763704420653,0.376167571375779
-0.602998123770731,0.4623983825205
-0.367708130463127,0.486850526143596
-0.0807506812172818,0.410638283296003
0.106020966641683,0.27098021668701
0.130843581910722,0.126027255973548
0.0437637520984042,0.0114542167630608
-0.0635539202827507,-0.0523775688842507
-0.0999079391941659,-0.0713958915356492
-0.059138951316068,-0.0787747563146046
-0.00960178240903145,-0.114989839900534
-0.0124730550234077,-0.186679021489222
-0.0948291789246021,-0.259278996623729
-0.166580122704128,-0.294135641883248
-0.143208572131242,-0.283792885521148
0.0341465323135097,-0.214480973118243
0.357458008929027,-0.112350119465847
0.664823108706357,-0.0541682537348278
0.797735208056472,-0.0536279614388513
0.667509112722016,-0.119713539467965
0.298921086725003,-0.194027013631016
-0.133900099863609,-0.191140312099033
-0.439289274738262,-0.0731093905641929
-0.484149060434585,0.125471523129863
-0.298380807116411,0.299584890715269
-0.0212875524090638,0.365562406056059
0.183190278157811,0.259958228474319
0.2019616027954,0.0209016296425898
0.059046333404582,-0.252949852257821
-0.148086651800996,-0.427387390991685
-0.279470530236823,-0.437452276702813
-0.279501402873985,-0.308383947553216
-0.141603135791022,-0.112581672702819
0.0217660994307163,0.0359372171640867
0.111022536860085,0.0712569562101636
0.0976695799590984,-0.0027632138908604
0.0169806440161405,-0.103118820332863
-0.068200442486405,-0.148904818977072
-0.113924683168905,-0.0999696844684899
-0.128574350038493,0.0172739467565644
-0.147098693578786,0.111439334378285
-0.207580659590069,0.133668546626637
-0.27284808735962,0.0695434571816199
-0.305790544532529,-0.0498613474564687
-0.266349118114551,-0.147978589112672
-0.138716425800783,-0.185583000578688
-0.0126582982473542,-0.157487750438372
0.0617632354321737,-0.111022536860085
0.0110065444931344,-0.0961104441163646
-0.15424600512077,-0.126598425135815
-0.332789739929284,-0.195030416630064
-0.431370113434202,-0.246080411366809
-0.365716752325355,-0.223974706583618
-0.16827818541409,-0.129469698807474
0.0547857318528375,0.00270146623765173
0.1908315688109,0.122106270347099
0.175595304918722,0.197500329102103
0.0494754225754305,0.212350676571499
-0.101281822297414,0.205620171005972
-0.161794660945859,0.184656787630802
-0.0875892494711323,0.152671432959455
0.0826802971642161,0.0981172501144606
0.256098996580451,0.0330659456069926
0.330412462285245,-0.0308275884864892
0.270331857473581,-0.0558200074890475
0.0914330535046767,0.000509419328413832
-0.105619605442064,0.117938295165097
-0.237729016225967,0.248395960653038
-0.269992241548286,0.327124399553643
-0.197855372887722,0.294475257808543
-0.067459469590619,0.135922342180286
0.0674903422277809,-0.0793459170186146
0.160806702723649,-0.259927355837157
0.203690555059038,-0.318217280027372
0.188191848376213,-0.247284494965666
0.120686069829851,-0.133066504827209
0.0143872367663251,-0.054538742297285
-0.118447710594784,-0.0594013814193299
-0.247732156662772,-0.110034578637875
-0.350140872507882,-0.138361382015163
-0.408708684265582,-0.0752705682063555
-0.432111090559116,0.105665922856064
-0.417801039614824,0.312366669995732
-0.371845233007967,0.447903095753237
-0.282635102419777,0.409573151939144
-0.146481207002519,0.198781602752122
0.0240353313029458,-0.104647083538435
0.190322144922957,-0.365222790130764
0.293055048833038,-0.44387405589672
0.276460321239679,-0.340832391781992
0.127802500276416,-0.152316372257322
-0.100262982979785,0.00642177073565035
-0.297732430986469,0.034995563668491
-0.364095879666554,-0.0840850613628833
-0.230303850949526,-0.245046135730599
0.0685400541825719,-0.370270677763166
0.392391827323194,-0.368773295653013
0.614189886113042,-0.265438349943503
0.625042100196111,-0.146681887602329
0.451947563470077,-0.0855206981987124
0.171921308847825,-0.137651277527411
-0.0575643833838815,-0.273234003782401
-0.150541136412711,-0.407767009624344
-0.0807506812172818,-0.474886863289668
0.0791761175142238,-0.456748470005183
0.207457169041421,-0.357843908435295
0.263879205642512,-0.238840481913339
0.236200761478652,-0.112211184140362
0.203551619733553,0.000632914899151683
0.219559733387807,0.0895188738763234
0.282125695448347,0.127123276884082
0.336340245451533,0.0774008647530994
0.327325063236939,-0.0383762569989638
0.234055020155071,-0.164202828143574
0.120701506148432,-0.210606296447537
0.0284811707922264,-0.130673773948074
-0.0019913665076687,0.0443349170315426
0.0101575131381531,0.194412946970311
0.025856890905249,0.215823992042586
0.0472679402066533,0.0704542380400536
0.0999542481499089,-0.184548724942478
0.191371865336005,-0.389721217334832
0.310977350573903,-0.441759187210301
0.399508266228016,-0.294351767259895
0.382357797332714,0.00407535462731065
0.217815353263845,0.314852010328096
-0.0390246077541356,0.5173539096486
-0.298874769311003,0.566767586949707
-0.470271226410561,0.495433457604895
-0.505946021929642,0.409202646460173
-0.423914058604084,0.391728023332928
-0.278359064549451,0.436973742368546
-0.14297701889427,0.497810735248935
-0.076551833398118,0.505884276655318
-0.085736815117103,0.420703169007131
-0.162612828121935,0.269390199748857
-0.261038821524529,0.127972308239064
-0.340523665410373,0.0350881858091053
-0.378683801261817,-0.0179840470151885
-0.363601917471963,-0.0571938990505527
-0.30146817233169,-0.141109156679917
-0.211841252683556,-0.285228522356977
-0.113893810531743,-0.451607947544782
-0.0131214068358615,-0.544646437389678
0.0472679402066533,-0.51439003498197
0.0722294865720496,-0.343317765947383
0.0784814493450523,-0.0849186563992836
0.0810285434099964,0.141695762160765
0.107981463684036,0.257318508039633
0.159355621110982,0.228883641974021
0.219744969210779,0.111408461741123
0.249445664149572,-0.0122569381050171
0.229856172335907,-0.094288890857754
0.145755674654443,-0.115684499611449
0.011901887975705,-0.0987656008696323
-0.142946146257108,-0.0840078797699783
-0.276753636667488,-0.101559692948386
-0.35580624671655,-0.131167761517436
-0.378375074890198,-0.135289427743695
-0.347840767998491,-0.0866630365232461
-0.266704178816684,0.00767216381889194
-0.152578815047969,0.12542521417412
-0.0378668373401493,0.21298359100809
0.0540910721419228,0.243147392420827
0.072013369653659,0.204663068504411
0.0119636353645932,0.108598941802046
-0.123958704701129,-0.0151745217897004
-0.299970790221537,-0.130735527680655
-0.42110453020675,-0.225595579242419
-0.432666831861059,-0.260776378733882
-0.312027054070437,-0.214712526355215
-0.0942425734437543,-0.0974534630407078
0.146342288593547,0.077570672715747
0.308461120687864,0.223063921496056
0.331168867270483,0.274746830669392
0.208923678514412,0.225487516554096
-0.0120871311996515,0.106129029330007
-0.22794200116581,-0.000339612885609221
-0.356037799953522,-0.00121951899231674
-0.376105826101455,0.121766654421804
-0.285475503454273,0.296327683704316
-0.134440396388714,0.411055106188973
0.0303644798979819,0.3609776248976
0.167460035154528,0.109664090075418
0.266565243491198,-0.228513170328077
0.333021326999283,-0.505575516450672
0.372092214105263,-0.566180989927116
0.400588825445199,-0.349029423737024
0.430551963174639,0.0330659456069926
0.455822257057297,0.378020031104578
0.465609272117454,0.502997575123336
0.472617648333952,0.354602163117693
0.451129413210514,0.0222446443378046
0.375966907692483,-0.323728274133718
0.27709323567627,-0.503383474629604
0.165298849054108,-0.451314649033486
0.0916182977859053,-0.232943571384213
0.0762276537914038,0.00850575938393335
0.132634270990427,0.129624061993283
0.234950377382309,0.0963111247161742
0.339057172853895,-0.0509728089147119
0.391125998450013,-0.198179560952693
0.367893366286099,-0.232696573370403
0.295941750365021,-0.154323178255418
0.209294167076869,-0.027261652989352
0.1452462507665,0.0607598324331257
0.116332850366621,0.046202787704153
0.102794649184405,-0.0474686208064629
0.0500311511899879,-0.164974677905651
-0.0289597178138789,-0.234132210206232
-0.133869227226447,-0.248612069113172
-0.197376838553455,-0.231585107683032
-0.159463683799306,-0.198102370901531
-0.0389782987983926,-0.16951314165011
0.143779741293509,-0.126042692292129
0.282094805894672,-0.0309202106271035
0.292530197084771,0.119389368319508
0.166147888867346,0.286339971127836
-0.0350573131719433,0.396590675142358
-0.185783681178498,0.383515563517572
-0.189179823514937,0.230072297712554
-0.0129824746822221,0.0105279995860461
0.278189273503317,-0.194876053444254
0.548829857348518,-0.262783184731978
0.667802445066339,-0.195972074354788
0.593782277872841,-0.0747457079998317
0.369576018052251,0.0156839403912328
0.0908001390680859,0.00640633388842831
-0.0940727739393634,-0.093254615221544
-0.120361898681394,-0.208229018803497
0.000293302046582527,-0.244629329754142
0.172183734721958,-0.148518885637777
0.269189519149047,0.0610068262178067
0.225626451879581,0.272199728146191
0.0508493099078073,0.364975809033468
-0.164959250045326,0.26747602857876
-0.336479197693532,0.0190337589699795
-0.387112386453821,-0.27176749430941
-0.310946461020227,-0.458786131723928
-0.165761955528051,-0.469823547796942
-0.0347948830686814,-0.319220666109907
0.0329424508292163,-0.0625196446465408
0.0087064394551019,0.166580122704128
-0.0676292775532666,0.283731123330311
-0.129469698807474,0.283962693483796
-0.108722432350694,0.195354587778521
-0.0139241281778178,0.0949218052943447
0.139735265118412,0.0586449722049628
0.27471595803223,0.0952151038056403
0.338208133040657,0.188068357827565
0.304972360439939,0.264172521070321
0.17758666613998,0.276522083430517
0.0169652076975595,0.215762246768262
-0.113106524451086,0.0884382808261137
-0.165653909756241,-0.0426986038250323
-0.137913703401544,-0.130581156036589
-0.0498459111378877,-0.147222184127434
0.044396666534995,-0.107950591046874
0.0976850162776794,-0.0428066622842276
0.105110190012378,0.0238192122699911
0.0558971933110808,0.0650667429406132
-0.0395957769164024,0.104045041739006
-0.132449026709199,0.164156527646088
-0.190646332987928,0.242406415295912
-0.210930484512508,0.33975183256481
-0.168679546613709,0.407350220564401
-0.0854898255615505,0.386155283952259
0.0167645270977499,0.260189781711291
0.0976078346847745,0.0587067174792868
0.11776848720245,-0.141294400961145
0.0407381110118076,-0.255280829404375
-0.11735168968425,-0.22726276931522
-0.299662063849917,-0.0653754819996181
-0.437112660777518,0.144551591055585
-0.465871681075074,0.281878697434538
-0.374484953442654,0.265901456417446
-0.191634291210138,0.0959560809305547
-0.00461564798056921,-0.142591102471489
0.0966353043228884,-0.336633543962829
0.0868019633904749,-0.359464814927123
-0.02028415152458,-0.172477033233254
-0.149784714510959,0.15591319519357
-0.208275319300983,0.50503523684208
-0.173989860120245,0.744477760554848
-0.0639398451637889,0.776185261491737
0.038808490835745,0.593504373388842
0.0467739568664198,0.250834983571402
-0.0614544963731688,-0.143486442782213
-0.245231371553571,-0.470317543824561
-0.400403589622227,-0.638997073521756
-0.452842920697315,-0.6394601799957
-0.411085961909621,-0.493596459569447
-0.282094805894672,-0.263446971805731
-0.153890944418637,-0.024112515010415
-0.0995528869502897,0.14385693134467
-0.124514437544814,0.205249682443515
-0.191001376773547,0.16708954659207
-0.191063122047871,0.100232110342623
-0.0745141547628601,0.0292684568728838
0.121890153428709,-0.0182619113224672
0.324824295044251,-0.0498459111378877
0.438254999102052,-0.115452946374477
0.388933956628945,-0.249445664149572
0.223048476719218,-0.452040198298076
0.0232943562925956,-0.638101716294519
-0.1241902579381,-0.713217938231578
-0.173557626283464,-0.645434280575988
-0.140476242243326,-0.396158424389063
-0.0538595146758229,-0.0713804552170682
0.0159309320613496,0.177663856191142
0.0458940486451481,0.241989626235969
0.0540447589570515,0.0915256714161626
0.0891483853138662,-0.175873158653179
0.180473367671962,-0.405405159840629
0.306407997275768,-0.458585468040631
0.391589104923956,-0.30560527487653
0.373682231043415,-0.00787284441870153
0.2252405354568,0.307179863954358
-0.0246836820581176,0.515779354403799
-0.281554526286081,0.570395265606604
-0.451484456996134,0.506810489603205
-0.496375098413106,0.432018455731117
-0.421336083443722,0.402549314029295
-0.267367965890437,0.45142271172181
-0.134069907826257,0.505050664702404
-0.0646036322375417,0.501639111422155
-0.0733100711640025,0.415531790826081
-0.158244172340124,0.273589047568021
-0.258059485164547,0.140970221354431
-0.341434450497935,0.0558971933110808
-0.380597972431914,0.00152825805132163
-0.363941533397258,-0.0540910721419228
-0.31347811876659,-0.149722969236635
-0.229732681787259,-0.290832117458295
-0.117475188691154,-0.438718105575995
-0.0293147679431909,-0.519715793265343
0.0350573131719433,-0.506316493575586
0.0599262373967254,-0.388424532741002
0.0603893480997969,-0.200742091336218
0.0495062952125924,-0.0159463683799306
0.0302564214387866,0.126613861454396
0.000355049831951452,0.185336019481392
-0.0391172298947499,0.179963960700533
-0.118308783727555,0.146218781128386
-0.220979925446798,0.12439093853791
-0.308754419199159,0.137805649171477
-0.34513930228948,0.198056053487532
-0.289180389078845,0.275132747092174
-0.144705971157908,0.328451973701148
0.056267681873538,0.301854105670985
0.248195280053228,0.180766683099771
0.36852628072269,-0.0280952480257524
0.386556645151878,-0.265438349943503
0.311733755559141,-0.461348679023966
0.18891738072429,-0.534025844209635
0.0620102249877263,-0.459588854123166
-0.0353506137978031,-0.277077807815946
-0.0792069901513858,-0.0707166639141871
-0.0764128980726324,0.0716274447726208
-0.0424207374031893,0.0810748608239961
0.0187250199109746,-0.0100185799272316
0.0842857419626929,-0.138006329771287
0.116024115536744,-0.234209400257394
0.103875233776358,-0.263138245434111
0.0397810169685026,-0.22539489864261
-0.0425287958623846,-0.162149721647992
-0.0799325224994624,-0.123603652457252
-0.0540910721419228,-0.128188425157454
0.0457705538673718,-0.152100263797188
0.138423127289487,-0.150463946361549
0.164372636106222,-0.118231593676393
0.0843938046510165,-0.0620102249877263
-0.0719053069653353,-0.0321088557928159
-0.221458476697579,-0.0682621919898574
-0.271319815695791,-0.164650506757193
-0.150170647850254,-0.262042224523577
0.111531960748028,-0.283345206907529
0.413710254483984,-0.18172376868482
0.625026672335787,0.0255790244834061
0.640988417826501,0.236139016204328
0.454309413253792,0.337652391738714
0.161470489797402,0.273264876419563
-0.128265615208616,0.0320625447225088
-0.275642170980116,-0.26389465041935
-0.225564706605257,-0.467075764673931
-0.0241896987178841,-0.463834019356329
0.249877897986353,-0.234749696782499
0.456825643139831,0.0926525734221152
0.524995200301689,0.366287921487622
0.438038873725404,0.453475835133906
0.233977847020423,0.332882374757284
-0.000802721341956293,0.0671661668501951
-0.175039563616779,-0.222986731444894
-0.217722735352359,-0.396297376631062
-0.150988798109816,-0.397439714955596
-0.00177524919279733,-0.261193184710339
0.123001610657824,-0.0744832821256981
0.179794152737885,0.0699293820626581
0.146975203030138,0.115190520500344
0.0505560113965118,0.0611766299513259
-0.0225688197153905,-0.0470518232882627
-0.0540138863198895,-0.166904293852585
-0.0363231420451249,-0.277895958075508
-0.0154832597914232,-0.356562651701789
-0.0486418275390301,-0.415207636594137
-0.145153632855014,-0.434303132380184
-0.284317737269415,-0.418433954051415
-0.363478426923315,-0.364219370215202
-0.290569708500675,-0.288223286577284
-0.0685091815454099,-0.226105003130362
0.219945649810589,-0.1804888124488
0.440184598132473,-0.17261596855874
0.473667351830486,-0.171288394411234
0.2707332186732,-0.162211466922316
-0.0403830587679314,-0.0943351998134969
-0.313925797380209,0.0413864617669794
-0.416010358993375,0.187404570753812
-0.314697664058799,0.295123600105458
-0.103473872576739,0.315963492931981
0.0577496276651101,0.254370061233326
0.0500157148714069,0.162859809219231
-0.146898012978976,0.108676123394951
-0.40909458377185,0.141973615895222
-0.57011742878866,0.249553726837896
-0.513741692685055,0.386973434211821
-0.254771405516432,0.470826967712503
0.0943969450878209,0.429301562161782
0.366334238901622,0.244876327767951
0.455328261029678,-0.00713187046563338
0.398088057252511,-0.240955350599759
0.305512673881557,-0.354077311369426
0.287297073629397,-0.322508762674536
0.369082022024632,-0.168062076953956
0.478715239462888,0.0201452183136585
0.500095411898002,0.143115954219756
0.352965862598568,0.136786809853848
0.0196049260176821,-0.00676138401774035
-0.37536484897654,-0.219405370201997
-0.652411801071837,-0.410005368859412
-0.71826582586398,-0.481447594725574
-0.594831981369375,-0.402101669248703
-0.362073645808134,-0.223249157319028
-0.14902830952572,-0.00186787093693085
-0.0496297942194971,0.154184242929932
-0.0570858405913574,0.178188707939409
-0.0940418928439447,0.0509419320484216
-0.0787130025820239,-0.179315601487105
-0.000200680335489073,-0.401715735909408
0.126814542054206,-0.543010136870553
0.218710693574569,-0.561194847569038
0.229146084764668,-0.457829063055393
0.16418740028325,-0.288238714437608
0.0522695104250555,-0.0945976256876305
-0.0437791884169852,0.0575180744281386
-0.0662553859917614,0.166441187378642
-0.0379903321179256,0.241032523734407
0.0246528073063914,0.262968437471463
0.113507885650705,0.256376850314909
0.198596350012637,0.209078041700222
0.289226672659818,0.121828408154385
0.378822753503817,0.0276012646855189
0.440524214057768,-0.0520688298252459
0.416133849542023,-0.0719361880607541
0.294845729454487,-0.0184934645594388
0.0946593709619544,0.0781881508337568
-0.0931928614889633,0.148750438874749
-0.192560504158024,0.148765883651587
-0.165159913728623,0.0547857318528375
-0.0500465917376973,-0.0988119098253753
0.0602349764557302,-0.199414517188713
0.0985340476326607,-0.191155739959357
0.020299587843161,-0.0174283162860669
-0.13805263872703,0.250109451223325
-0.292082518471152,0.512614782220845
-0.364759683656821,0.652303738383514
-0.32351214875707,0.61653634186946
-0.225117027991638,0.430027111426372
-0.128157552520292,0.169544014287272
-0.0807198085801198,-0.0302409830056414
-0.0763511527983084,-0.104245722338815
-0.0585369137457675,-0.0469592011476484
0.00501700865154736,0.0748846433253173
0.126474926128911,0.192792057394996
0.246852261128885,0.248442261150524
0.311672010284817,0.239303588387282
0.274283724195449,0.231940168385165
0.189704675263204,0.261949589695578
0.115267702093249,0.359588305475771
0.111377589103961,0.481509339999898
0.173511308869464,0.549802387710404
0.245941476041323,0.509033420977948
0.257658123964928,0.33178635384675
0.156978343466942,0.0893336295950948
-0.0371104281257823,-0.147345674676082
-0.206222212805401,-0.271319815695791
-0.267028349965142,-0.24428973074536
-0.165113613231136,-0.0844246772881785
0.0541836942825371,0.137512342201925
0.257225890128147,0.340369285308049
0.342051937074201,0.468434228375112
0.266765924091008,0.492840054584208
0.0970057928853457,0.462521873069148
-0.0793304807000337,0.396883973653653
-0.184178236380021,0.318109217339049
-0.206592701367858,0.22829704495143
-0.179053175612971,0.103612807902225
-0.163122252009878,-0.0741591025189839
-0.184703105044802,-0.3025024479679
-0.19989305152298,-0.517585462885572
-0.184348044342669,-0.659991346450602
-0.113971000582905,-0.68121717261642
-0.0117012073758954,-0.532636490954778
0.0464806541259959,-0.247654983528124
-0.0104508148212949,0.0960332625234596
-0.187311952842326,0.39435231590729
-0.429347879575781,0.548690938939546
-0.602550445157112,0.535801063137732
-0.624764195712113,0.37954826893538
-0.486742463455272,0.152517052857131
-0.269297581837371,-0.0808896165427675
-0.107904273632874,-0.232202594259298
-0.0667030603762519,-0.25887763542411
-0.168062076953956,-0.18442523439383
-0.304694523621995,-0.0493673641162352
-0.362799195072724,0.0803030110619197
-0.291434176174237,0.149105499576882
-0.103427563620996,0.153782898646827
0.117907422527935,0.0987347282324703
0.26787738977838,0.0245601872803413
0.297794176260793,-0.0157611251559841
0.209541148174165,-0.0261656299642539
0.0893336295950948,0.0191726921809009
-0.00460021113334717,0.0864777922420175
-0.0458631760079861,0.136261949647324
-0.0554495231557187,0.16739827296369
-0.104492711894368,0.162211466922316
-0.193085355906292,0.145910037840253
-0.2939195165066,0.158954276827876
-0.345432600800775,0.195709648480654
-0.295617596133077,0.270347302250419
-0.141433327828374,0.324407505984308
0.0630136279867742,0.303644786292434
0.259834737925672,0.180658620411448
0.368109491662746,-0.0273234003782401
0.37649175944075,-0.275132747092174
0.297361959340526,-0.474331155820752
0.174391221319864,-0.541883226406344
0.0523930052028317,-0.457674682953069
-0.0373111087255919,-0.270486220659391
-0.0806426269872149,-0.0640942125787272
-0.0774317373902614,0.0696978288256865
-0.0410931590265555,0.0784351403893093
0.0202069678171109,-0.00972527824408982
0.0769531945977372,-0.138068075045611
0.108722432350694,-0.229979679801068
0.0921585858527534,-0.263771159870702
0.0326491480887924,-0.245416624293056
-0.0392098520353642,-0.183668829408592
-0.0884074081889517,-0.133452429708247
-0.0961258804349456,-0.0774008647530994
-0.0856750698427791,-0.000756410535969664
-0.0973917177663839,0.107116996010474
-0.161964468908507,0.237312227166024
-0.242545350621398,0.328204992603853
-0.274561577929907,0.330119163773949
-0.182958724920839,0.198997711212256
0.0292993295100457,-0.0435321988614326
0.286926568150427,-0.299106322547975
0.482250317124813,-0.465254228331834
0.543951777678764,-0.495587837707218
0.459326445165546,-0.406964287225106
0.288501157228255,-0.265685331040798
0.133992717775095,-0.178281325850895
0.0750698876065459,-0.194891481304578
0.131476496347313,-0.328776161766119
0.241819818273321,-0.508045428922711
0.307859095804949,-0.635215014762536
0.26556184049215,-0.632884054532496
0.128064934608806,-0.49436829241501
-0.0298859349908936,-0.286648697499455
-0.102547651170596,-0.0952151038056403
-0.041618015003951,0.00504788234599143
0.108182144283846,-0.0258105798349419
0.269050583823562,-0.121349856903604
0.325009530867223,-0.194443819607472
0.252795489072011,-0.180365321900152
0.0695897661373629,-0.028681851392036
-0.140568860154812,0.214635353220567
-0.283453269595853,0.461101664093643
-0.313663388422589,0.615795330911518
-0.245401179516218,0.624856830540112
-0.151637157323245,0.491358100334379
-0.0786666936262809,0.252949852257821
-0.0497378526786924,0.00464652167501328
-0.0419113177443749,-0.168787609302033
-0.00220748382254007,-0.234286573392042
0.1018375551411,-0.180735810462609
0.250032278088677,-0.0477619235468868
0.37096533747408,0.10162143822271
0.407983135000992,0.231029383297603
0.327587506027586,0.322848344766804
0.144505290558099,0.346343385888337
-0.0808433075870245,0.322678570637183
-0.262829502145978,0.260359589673939
-0.346821954055632,0.17133469490872
-0.312042481930761,0.115931489167001
-0.200387047550599,0.09583258192365
-0.0571167132285194,0.106376018885559
0.0706240417735728,0.151112305574978
0.153196284707722,0.169096352590166
0.177092687028875,0.1241902579381
0.110266131874847,-0.00128126677768566
-0.0287127261437621,-0.167660715754337
-0.228837341476535,-0.300495641969804
-0.429579432812753,-0.339118918128219
-0.558941060473646,-0.238825037136501
-0.55211792008012,-0.0180612307226576
-0.368310189179069,0.237219609254538
-0.0572402080062957,0.415547252519432
0.296651871769287,0.43729789660049
0.557567168912141,0.316102411340953
0.635076096353564,0.152038518522864
0.492191712287293,0.0363540146822869
0.199198391812065,0.0249769847985415
-0.108861367676179,0.116193915041135
-0.316225901889601,0.217506609975711
-0.359572877615447,0.252579363695364
-0.269451945023181,0.175101325807617
-0.145215378129338,0.0236957174922148
-0.0845327315182454,-0.0970521018410886
-0.120763251422756,-0.0945513167318875
-0.250387321874296,0.0652365466741324
-0.373975529554711,0.318001154650725
-0.411703448485888,0.525936874942927
-0.354308864606397,0.588255855906171
-0.181337852262038,0.476476880227821
0.011207225092944,0.260683760822396
0.121843844472966,0.063600233467622
0.115097894130601,0.00785740704283845
-0.0141865561665155,0.0934552958213536
-0.200541410736409,0.275935469491412
-0.354617590978017,0.420131999844864
-0.439273846877938,0.419746100338596
-0.429224389027133,0.266241072342741
-0.352811482496244,-0.00284039865561162
-0.259201823489081,-0.273573619707697
-0.185691063267012,-0.446452031057083
-0.16605527095586,-0.493565570015771
-0.190198654374309,-0.445849972341141
-0.220702071712341,-0.374654761405301
-0.209278722300031,-0.326522340837701
-0.131553686398475,-0.302178293735956
-0.00753323113661153,-0.275966342128574
0.137836521808639,-0.231276381311412
0.238547183402044,-0.162196022145478
0.252996169671821,-0.0883147902774658
0.151992201108864,-0.0492438693384589
-0.0294845737912744,-0.0325102148778709
-0.225286835954286,-0.0229547445964287
-0.363601917471963,0.00643720811151343
-0.377402544528312,0.0838071991701687
-0.270486220659391,0.200371602773761
-0.0931619888518013,0.31869581436164
0.0635076113270077,0.366581253831945
0.109401664201284,0.318016582511049
0.025223974354094,0.17571879546737
-0.15010890257593,0.00568079731122324
-0.336803351925476,-0.126073564929291
-0.432419816930736,-0.15745687780121
-0.408770429539906,-0.079592915032424
-0.280906167072652,0.0751779418366128
-0.127138713202663,0.2801960625849
-0.0508338735892263,0.45546717943865
-0.0717972527352684,0.573621583063882
-0.169991692900891,0.590169993243241
-0.255728508017994,0.500002777070003
-0.256237931905937,0.31973008999785
-0.150340455812901,0.0644492648226034
0.0474840571250439,-0.181862704010305
0.215175632829158,-0.320995918871031
0.275935469491412,-0.323249705966423
0.189627485212042,-0.173866369571597
0.0089534305965776,0.0606517739739304
-0.151806965285893,0.261748909095768
-0.182387555758572,0.328930508035416
-0.0280643732740262,0.203428112268391
0.283900948209472,-0.0642331479042128
0.61954653395009,-0.333067610580256
0.844308535072623,-0.485121556963444
0.887130591384147,-0.461518486986614
0.737685509714997,-0.280350442687223
0.439845016040204,0.0167182160274428
0.104477275575787,0.31730649493981
-0.134255152107485,0.491975586910646
-0.236941738603567,0.494985778991276
-0.194181393733339,0.346667573953308
-0.0756719294059747,0.120500825548622
0.0403058729458981,-0.116394595640945
0.114032745857229,-0.295509533444753
0.119790729519127,-0.381462473938503
0.0924518928223056,-0.408276433512287
0.0743906557559554,-0.37923954256376
0.0949989868872497,-0.325704190578138
0.145817419928767,-0.296837107592259
0.219853031899103,-0.280211507361737
0.271458751021277,-0.273774300307506
0.280520250649871,-0.285105031808329
0.23513561320528,-0.289226672659818
0.159787871864277,-0.276444893379355
0.0824487439272445,-0.243595054117932
0.0421428709813464,-0.211825824823232
0.0548166087191279,-0.210359315350241
0.103087947695701,-0.231940168385165
0.143640822884537,-0.263925523056512
0.14421197513029,-0.277016062541622
0.0888242057071519,-0.227015771301411
-0.0327726428665687,-0.120022282756098
-0.153396965307532,0.00784197019561642
-0.239133780424635,0.124992980337339
-0.266102137017255,0.18457959757964
-0.221520221971903,0.195740521117816
-0.126366871898844,0.180581430360286
-0.0271535945301567,0.18871670012448
0.0549092308597422,0.256670165742718
0.129222700793664,0.353290016830512
0.195169351955549,0.425596710370236
0.281477336234919,0.402533886168971
0.362583069696077,0.240090882926196
0.408014024554667,-0.00926216965558249
0.369452527503603,-0.258553464275652
0.233669103732289,-0.414914338082842
0.0642177115856318,-0.415948613719052
-0.0807969901730248,-0.276877127216136
-0.102532214852015,-0.114758278205306
0.0123804339400754,0.0147885979659443
0.199136646537741,0.0631988722680029
0.364049562252555,0.0569777821321621
0.39475367710691,0.0688796701078671
0.244968945679437,0.14306965372227
-0.0435013219951423,0.289720668687437
-0.34586485155407,0.424022121292408
-0.51610354246877,0.462182257143853
-0.49581939094419,0.325148449276195
-0.278683252614422,0.0477773598654678
0.00673050979465523,-0.291356969206562
0.208275319300983,-0.553723364878597
0.240168056060845,-0.633563286383087
0.114804595619306,-0.566906539191706
-0.0971447197525745,-0.391141426310337
-0.276321402830707,-0.211810380046394
-0.336031519079913,-0.0785431946193763
-0.277556359066727,-0.00861381784312864
-0.175178498942265,0.0491203745606826
-0.116780520521983,0.126644734091558
-0.139441966607116,0.234564444043014
-0.21190299795788,0.334132775770141
-0.247608666114124,0.333283735956903
-0.184193681156859,0.205280555080677
0.0129516009877781,-0.0393950963165928
0.269637197762666,-0.310637734648607
0.47139813687477,-0.475473494145286
0.538317293023771,-0.511626823998635
0.450913287833867,-0.424053010846084
0.27575023366844,-0.281832380020538
0.119003443438469,-0.185428637392878
0.0653291688147467,-0.197901690301722
0.126289681847682,-0.333330053370903
0.239180097838634,-0.500836389022916
0.292344961261799,-0.64521815519934
0.24424341333136,-0.657768448908886
0.106761943766597,-0.516474014114714
-0.0384380022732878,-0.293471837892982
-0.0928841266590868,-0.0694199624038436
-0.0309819580159916,0.0317692419820849
0.118725581245755,-0.0142019935423786
0.24651264520359,-0.152162009071512
0.291650301550885,-0.25733395281647
0.234240272894556,-0.208275319300983
0.104369212887463,0.0253474712464345
-0.0793459170186146,0.324530996532956
-0.245617304892866,0.508261554299358
-0.390678319836394,0.452194544567373
-0.485414889307766,0.170887033211615
-0.487838484365806,-0.183560766720268
-0.377140101737665,-0.421999887433988
-0.160667767398163,-0.445741909652817
0.0793767981140334,-0.282727737247776
0.264434946944455,-0.0522232014693125
0.270254667422419,0.104878636775406
0.0774008647530994,0.152748623010617
-0.251992766672773,0.101359012348576
-0.55599261366734,0.0112844098576953
-0.664946599255005,-0.0473605623472676
-0.532883505885101,-0.0637700372011413
-0.242807776495531,-0.0488579444574207
0.0364003278671582,-0.037820524155278
0.13039591175536,-0.053504466661075
0.0245447488471961,-0.0762739712054035
-0.166533805290128,-0.0689414153821911
-0.263400671308245,-0.00270146623765173
-0.168926544627519,0.167521780428852
0.0589845839011297,0.398504846312454
0.301329253922718,0.604541789461857
0.394321426353615,0.702304012707211
0.294799412040487,0.627218714156855
0.0680615113900478,0.380026837102674
-0.155959495691057,0.0425442321809656
-0.229547445964287,-0.203026751068772
-0.100525417312176,-0.253490148782926
0.153643963321341,-0.114989839900534
0.378961671912789,0.130025423192903
0.450944177387543,0.338393368863629
0.366936297617564,0.381601392347476
0.17837394376238,0.268433114163809
0.00952459764428023,0.077601545352909
-0.064665381740994,-0.0946130620062115
-0.0536279614388513,-0.160899320635135
-0.0251622269652059,-0.115360320004735
-0.0605900244704781,-0.0435167625428516
-0.173665688971787,-0.031815553052392
-0.30701005599171,-0.138855361126268
-0.397671268192568,-0.344753402783212
-0.375519229078864,-0.550188321049699
-0.258429973727004,-0.653461504568372
-0.130025423192903,-0.600744302842312
-0.0614390600545878,-0.428421666627895
-0.0878208027081039,-0.1907852513969
-0.178327643264894,0.0157456888374031
-0.254462679144812,0.115885180211258
-0.247948282039419,0.11631741404804
-0.155342026031304,0.0460792929263767
-0.0435476351800136,-0.031475939241661
0.0224607612561952,-0.077632417990071
0.00478545435729369,-0.082140009097368
-0.0566536025254478,-0.0537668967643369
-0.098873663557956,-0.0178142390525409
-0.0643257700448271,-0.000293302046582527
0.0450295809715857,0.0130442220711103
0.14680539506749,0.0341928433838168
0.162196022145478,0.07099453033603
0.0447825914160332,0.149630351325149
-0.141325273598307,0.227926556388973
-0.300017107635537,0.273944108270154
-0.319359618351906,0.268355924112647
-0.135382045655181,0.189488549886557
0.162489337573287,0.0642022710379225
0.425272522305265,-0.0749000796438983
0.506285637854938,-0.156793090727457
0.369946489698195,-0.15094249761233
0.0990125904251849,-0.059077206041744
-0.170578289923482,0.0687716116486718
-0.2801960625849,0.165314293830946
-0.191788654395948,0.18152308808501
0.0228621224558144,0.109062048275989
0.238037759514101,0.0139550018722619
0.325426319927167,-0.0221520221971903
0.238763291862177,0.0419885035664082
0.0357519728828581,0.188299911064537
-0.177308795489009,0.307334210223654
-0.282403549182805,0.28776018010334
-0.243440690932122,0.0778794075456235
-0.0893336295950948,-0.295478643891078
0.0901672246314951,-0.661164540495784
0.217630117440873,-0.850946371977123
0.268726412675104,-0.772233428602896
0.277556359066727,-0.419344739138977
0.289612605999113,0.0717355074609445
0.311949880935789,0.447177546488646
0.334873752895055,0.552565598693739
0.356639858669464,0.35620760791617
0.315562131732361,-0.0435476351800136
0.212458739259823,-0.418449381911739
0.070963657698868,-0.606949956659572
-0.0747611443184126,-0.541095965700457
-0.182001639335791,-0.2716131311236
-0.222276626957142,0.075610175673394
-0.20884648846325,0.33277431206896
-0.141170901954241,0.449446795277389
-0.0490431887386493,0.433994406008564
0.0586140953386725,0.347763594863842
0.178898812427161,0.267167285290627
0.262042224523577,0.210390187987403
0.290060284612732,0.188732144901318
0.269606325125504,0.149800159287797
0.197886262441398,0.0860918673609792
0.113121969227924,0.0305034131089033
0.0601269179965349,0.00991052146803634
0.0485183327612538,0.0403984950865124
0.0632606175423268,0.100278427756623
0.06540635463678,0.145663056742957
-0.00808896133709212,0.148287332400806
-0.152825796145265,0.10432290393172
-0.355744501442227,0.0575643833838815
-0.527032895853461,0.0466813347258055
-0.573359174106262,0.114171681182715
-0.464436044239245,0.24770128402561
-0.202594517231991,0.366704744380593
0.0813835956538726,0.432435278624087
0.281014229760976,0.390786382524717
0.296126986187993,0.262057652383901
0.10762641144016,0.103782607406615
-0.201745494335266,0.00385923744459954
-0.498227558141905,-0.0137543223297344
-0.655885099626411,0.0659157742955945
-0.623745347936227,0.211733206911746
-0.433176221915974,0.356346526325142
-0.170686352611805,0.453506690854554
0.03601440298612,0.430258664663343
0.130318730162455,0.291820075680505
0.105233680561026,0.0418804451072129
0.0161779226741842,-0.26452756485594
-0.0403521861307694,-0.541790625411371
-0.0347331356797933,-0.702659056492831
0.0410468500708125,-0.681556788541715
0.135196801373952,-0.496205290450458
0.203798600830848,-0.194520992742121
0.211439891483937,0.100509980993595
0.151559967272083,0.264126203656321
0.0896578007435523,0.256330549817422
0.0652519872218418,0.0854435166058075
0.0820782638230441,-0.140321870599259
0.134394078974714,-0.287544054726693
0.167228465001043,-0.256469485142908
0.147808798066538,-0.0601423543151159
0.0745450274000221,0.2123043591575
-0.0217506609975711,0.453336882891906
-0.103473872576739,0.550373556872671
-0.14137158255405,0.497640927286287
-0.110837301037113,0.320378432294765
-0.0514513517072361,0.102933576051634
0.00575798207597446,-0.0799942677737864
0.0257025213757466,-0.204215406807305
0.00246991194339807,-0.252069939807421
-0.0449523951495524,-0.270347302250419
-0.0929613082519917,-0.272987005768592
-0.115113330449182,-0.264836308144074
-0.120994813117984,-0.24464477453098
-0.101189204385928,-0.19958432515136
-0.0584751642423152,-0.130241540111293
-0.0168262744866381,-0.0655144130959753
0.0278328200370546,-0.0121180048940956
0.0520225208695029,0.00929304335002656
0.0611148846770019,0.00231554241389562
0.0389011129763593,-0.0144026741421882
0.010497125891602,-0.0220748384897212
-0.00585060368794772,-0.0104199411268508
0.0124267439531005,0.0109139234098022
0.0759034826429463,0.0561596234143427
0.147669862741053,0.106067275597426
0.210174062610756,0.141078284042755
0.201498496321457,0.133961845137933
0.110158069186523,0.0587993396199011
-0.0324947785592899,-0.0816305852094251
-0.175919476067179,-0.272415853522839
-0.262922120057464,-0.448752135566475
-0.285660739277245,-0.555915406699664
-0.254200253270679,-0.545495477202917
-0.228883641974021,-0.424330881497055
-0.220146330410398,-0.242113116784617
-0.20972640091365,-0.0575180744281386
-0.157920001191666,0.0657922795178182
-0.00314913771461651,0.104384649206044
0.232526765407756,0.095925199835136
0.488455970942072,0.0914947987790006
0.668080281884283,0.125610458455348
0.701177102243002,0.199321899277227
0.589629747467677,0.2604367797251
0.404216537935123,0.268556604712457
0.247222749691342,0.186509230443088
0.185922616503983,0.0410468500708125
0.219667796076131,-0.117243626995926
0.265886011640608,-0.240909033185759
0.222431007059465,-0.297794176260793
0.0459094891928574,-0.307303354503006
-0.214758843769214,-0.296960598140906
-0.433778280631917,-0.296651871769287
-0.452348924669696,-0.301560807159689
-0.264141648433159,-0.286756760187779
0.0405219940934171,-0.220208075684722
0.287420564178045,-0.108012336321198
0.313200281948646,0.0231399867630931
0.0944895714575636,0.109000303001665
-0.264789990730074,0.125610458455348
-0.567940814827916,0.0693119039446483
-0.673097313796037,-0.0116394599870073
-0.532312336722834,-0.0604510933741208
-0.235830272916195,-0.0718589980095924
0.0350881858091053,-0.0565764209325429
0.122831802695176,-0.0447517145497428
0.0149738411898908,-0.0458631760079861
-0.164928360491651,-0.0542917527417324
-0.26576252109196,0.00515594133382776
-0.174838883016969,0.14938335331134
0.0761041632427559,0.374917204195948
0.319606599449202,0.605992887991037
0.42115084762075,0.71155071432575
0.32144359748465,0.631710860487314
0.0767370776793466,0.362922685621372
-0.171952181484987,0.0223218280452738
-0.248241580550715,-0.20801289342685
-0.090306151498724,-0.224808301620019
0.185274274207069,-0.0567616609846431
0.392700553694814,0.140553423836231
0.394151618390967,0.233792594280937
0.174792582519483,0.157225324564238
-0.135937778498867,-0.0440261779725378
-0.328235848324501,-0.239025717736311
-0.277834212801184,-0.359017136313504
-0.00157456885730825,-0.395201355720528
0.36236694431943,-0.383654515759571
0.637978225745871,-0.358754693522857
0.715641533289617,-0.322802061185831
0.58388720012436,-0.254617042330622
0.32040932184844,-0.153458710581856
0.0532883497426844,-0.0298241854874412
-0.134023598870514,0.0518372765882743
-0.235830272916195,0.0631988722680029
-0.295123600105458,0.0144644215310764
-0.342792914199116,-0.0497995979530163
-0.423389206855817,-0.090337024135886
-0.476476880227821,-0.100525417312176
-0.466134123865721,-0.0904605231427907
-0.372215738486938,-0.0728315283714784
-0.213940676593138,-0.0518835855440172
-0.070238121121663,-0.000802721341956293
0.0276784505075522,0.0859683683540746
0.0477310466805964,0.215129332331672
0.0543843748823467,0.362490434868078
0.100247546661204,0.481432133032223
0.250387321874296,0.545480049342592
0.480274366847365,0.515532373306503
0.670133405296379,0.402518458308646
0.737392177370675,0.247901964625419
0.593519801249167,0.0858757504425886
0.281554526286081,-0.0186323977703603
-0.066471502910152,-0.0269837865675091
-0.321212044247679,0.0562368050072477
-0.376291095757454,0.217058948278606
-0.263061055382949,0.388347325773327
-0.0884074081889517,0.497100647677696
0.0515285375292694,0.522123926630031
0.0926062560081155,0.438085191139404
0.0460021113334717,0.262844930006302
-0.0514513517072361,0.0533192223798464
-0.125872884329482,-0.133159122738695
-0.141803816390831,-0.24336350088096
-0.112242056777524,-0.243378945657798
-0.0678145176053668,-0.147021503527624
-0.0435785078171756,0.00757954220691868
-0.0590308928568727,0.172986457121197
-0.107780783084226,0.294922902589135
-0.164017592320602,0.359233261690151
-0.210050572062108,0.361039370171924
-0.249708090023706,0.320980491010707
-0.253845192568546,0.254061317945193
-0.224978109582666,0.177494048228494
-0.142668292522651,0.109123793550313
-0.0156839403912328,0.0432234598024277
0.113909246850324,0.00557273885202795
0.174128795445731,0.00268602912610918
0.104693392494178,0.0494291136196875
-0.0919733415715247,0.142652847745813
-0.3369577320278,0.260189781711291
-0.522957538582945,0.359557415922095
-0.579611111504494,0.412814897256746
-0.469098032365379,0.391203171584661
-0.215839419902911,0.281461891458081
0.0716428810912018,0.127015222654015
0.292360389122123,-0.0294691374726934
0.384102160540163,-0.123526470864347
0.350434204852205,-0.137960020815544
0.25852259163849,-0.0974843356778698
0.16966750483592,-0.024822615269039
0.125965510699225,0.00761041590136275
0.110960791585761,-0.0321397284299779
0.0946439346433735,-0.12687628732853
0.0516365959884647,-0.260375034450776
-0.00889168320768946,-0.36232062690543
-0.0504633892558975,-0.392160274086223
-0.0324330311704018,-0.337112112130123
0.0513741658852028,-0.207735022775879
0.176938306926551,-0.0394722779094977
0.266302817617065,0.11114603586699
0.262829502145978,0.213585632807519
0.147901415978024,0.255157338855727
-0.0529487380465176,0.236447759492462
-0.24961547211222,0.182217747795925
-0.36029839304701,0.13329805806418
-0.325611589583166,0.11466566029382
-0.132819515271656,0.143378380093889
0.146234225905224,0.210498250675727
0.402317760792323,0.29841166283706
0.557783294288788,0.380906732636561
0.54802713494928,0.404725927990038
0.416396258499643,0.375303103702216
0.232480464910269,0.27388236299583
0.0628129473869646,0.15109686079814
0.0165020991090522,0.051713781810498
0.0729395826015453,0.0134455832707295
0.169188970501652,0.0582436110053436
0.207102108339288,0.134069907826257
0.118895380750146,0.180149196523505
-0.0982253128027842,0.116595276240754
-0.367198706575184,-0.0749772612368032
-0.5518555111225,-0.360221219912362
-0.573004130320642,-0.636203006817773
-0.430320409937667,-0.806256461909501
-0.22395926180678,-0.814638662021451
-0.0650821792591942,-0.64883043982894
-0.0080117765723409,-0.367816193151451
-0.0653291688147467,-0.102393287984786
-0.160019425101248,0.0551407840967138
-0.183252023432135,0.0620256613063072
-0.0738966766448503,-0.0277710726481665
0.142776338294461,-0.136385448654229
0.339535707188162,-0.168154694865442
0.404401773758094,-0.0982098764842032
0.284117039753092,0.0502781449746688
0.021658040971521,0.193332353920101
-0.245447496930218,0.244150795419875
-0.373728548457415,0.176907434289389
-0.296358539424964,0.0334518704880308
-0.0677373360124619,-0.114573042382334
0.180041133835181,-0.183468148808782
0.361749457743163,-0.139858764125316
0.40464875485539,-0.0347640104315194
0.344552705266889,0.0758417289103656
0.252039067170259,0.126799105735625
0.156793090727457,0.0911397465351244
0.086771090753313,0.0245138762100342
0.00168262744866381,-0.0152825802488957
-0.123032483294986,0.0372030460372682
-0.268216988787161,0.180257259211829
-0.398458528898455,0.349863035689938
-0.430428472625991,0.457520302850746
-0.375750782315835,0.451237475898838
-0.25339753087144,0.343163385845059
-0.139102350681821,0.181692896047658
-0.109370783105865,0.0651130518963561
-0.142405866648517,0.0613001247291022
-0.174221413357216,0.136586129254039
-0.120578015599784,0.234919504745147
0.0244058177508389,0.247809346713933
0.210945912372832,0.131970483916675
0.329578884165358,-0.0797627145368148
0.300588276797803,-0.30224003901028
0.144273737321127,-0.413432383833013
-0.0380675179399589,-0.3506811859495
-0.120423643955718,-0.154585604129551
-0.00705468570088216,0.0766907687236037
0.256839956788852,0.216657587078987
0.536418549713998,0.191325547922005
0.67795993177244,0.0409079147453269
0.585893972289429,-0.157580385266371
0.292082518471152,-0.285413758179949
-0.0467276479106768,-0.263663097182378
-0.274067598818802,-0.115422073737315
-0.303938084803729,0.0382681985397685
-0.170778970523291,0.0895034290994856
-0.0302718577573676,-0.0309047721939583
0.0277556342150213,-0.299692919570566
-0.0324947785592899,-0.555066400719453
-0.168046632177119,-0.665162724631652
-0.281925014848538,-0.539011952734685
-0.304895187305291,-0.195184796732387
-0.21997652244775,0.220254393098722
-0.103165129288606,0.535121865120169
-0.0465578399480292,0.607814458166161
-0.0536279614388513,0.413725682344308
-0.109833898038065,0.0317692419820849
-0.121782090740385,-0.371860660868291
-0.0372647955407205,-0.631077912217696
0.0939029659767158,-0.678052566600439
0.180967363699581,-0.541960433374019
0.135042429729886,-0.320857000462059
-0.0587993396199011,-0.114403234419686
-0.31326202722297,-0.000648351878533979
-0.480691155907309,0.0159772431316567
-0.488039148049102,0.00206855127241992
-0.32153623231265,0.0130596594469734
-0.062612266787155,0.0890866315812854
0.15041762894755,0.220532263749693
0.219698668713293,0.327772741850558
0.133961845137933,0.346667573953308
-0.0176135595100134,0.258630654326814
-0.1469597582533,0.0700374405218534
-0.162242339559478,-0.159309320613496
-0.0794385433883573,-0.354061883509102
0.0334518704880308,-0.473605606556162
0.134378642656133,-0.514853141455913
0.17556443228156,-0.488409653528073
0.195200224592711,-0.431879537322144
0.224638493657371,-0.376522648994425
0.253227722908793,-0.311687438145142
0.245231371553571,-0.257766186653252
0.16040534152403,-0.195555268378331
-0.00879906106707515,-0.140044008406545
-0.196697606702864,-0.128172988838873
-0.287945415926312,-0.152995604107912
-0.218618075663083,-0.245740795441514
0.0142328672368227,-0.35274973722192
0.336000629526238,-0.421567636680693
0.593998403249488,-0.436695871717575
0.688333543855188,-0.371135145436728
0.588394774315144,-0.263940967833349
0.340662583819345,-0.126814542054206
0.0652365466741324,-0.0187250199109746
-0.150741817012521,0.0434241404022373
-0.255605000552832,0.0503244539304118
-0.302023913633633,0.00722449207760664
-0.340755218647344,-0.0283268012627239
-0.408801285260554,-0.0615934274695261
-0.476415134953497,-0.0813218503795486
-0.479070283248508,-0.078558639396214
-0.395664462194471,-0.0728469646900594
-0.226398301641658,-0.0445510381790616
-0.0599879869001777,0.00226923160790899
0.0458014307336621,0.0904296505056287
0.0604047844183779,0.219544288610969
0.0481015352430536,0.361394413957544
0.0879288653964276,0.479873005647746
0.256546658277556,0.533717084004988
0.519345287786372,0.493596459569447
0.729581078754938,0.379270398284409
0.76246177373701,0.225225090679962
0.550666855383966,0.0810594245054151
0.211300956158452,0.0143872367663251
-0.0820628190462063,0.034254590772705
-0.147067820941624,0.105573296486321
0.0147885979659443,0.165792845081727
0.237003483877891,0.157132706652752
0.331261502098483,0.0598953647595634
0.218062351277654,-0.0663480081323757
-0.043316081943042,-0.141927315397736
-0.290538818946999,-0.11921956035686
-0.388764148666297,0.0014510732865704
-0.332002479223397,0.121457919591927
-0.178173263162571,0.164125638092413
-0.0271072834598495,0.0761041632427559
0.0497687253158544,-0.0878671201221036
0.0749463885996413,-0.224823729480343
0.118771890201498,-0.251900148761287
0.218973119448702,-0.114387798101105
0.367970573253774,0.127925999283321
0.498366476550877,0.355451202930931
0.549138617553165,0.437282468740166
0.485522918163063,0.338470541998277
0.320239513885793,0.0899974166688475
0.107348549247445,-0.209139786974546
-0.0635539202827507,-0.408801285260554
-0.146002672668252,-0.455374578443678
-0.161501362434564,-0.377865651002255
-0.137651277527411,-0.237821651053967
-0.122584813139623,-0.115422073737315
-0.115792553841516,-0.022707752926312
-0.130318730162455,0.0413247122635271
-0.122862683790595,0.114928086167953
-0.0857985688496837,0.20077296397338
-0.0418650087886319,0.273635364982021
-0.0164866617331891,0.293857771232277
-0.0529178611802272,0.241480202348026
-0.12522453357431,0.135181365055371
-0.209216977025707,0.00893799322071452
-0.223851199118457,-0.0827729235339588
-0.148796756288749,-0.128265615208616
0.00250078590216266,-0.149614906548311
0.182294937847087,-0.19771645447875
0.297763320540145,-0.301684297708337
0.33282062948296,-0.422586484456579
0.269976813687962,-0.504618447782137
0.149599478687987,-0.479332726039155
-0.000478545435729369,-0.317738745693105
-0.15217745384835,-0.0789908732329952
-0.276830809802136,0.142853528345622
-0.3265686582517,0.23911835256431
-0.289427370176141,0.171272949634396
-0.146604714467681,-0.0243286319288055
0.0874503226039035,-0.268602922126456
0.299538573301269,-0.439783236932853
0.411826939034536,-0.468110040310141
0.358029178091294,-0.404046729972475
0.116842274254564,-0.297253896652202
-0.210745231773023,-0.214141357192948
-0.472031051311361,-0.213230589021899
-0.539011952734685,-0.253027042308983
-0.378375074890198,-0.285537248728597
-0.0882067275891421,-0.232897253970213
0.173001884981521,-0.0781881508337568
0.247608666114124,0.131198634154598
0.105959221367359,0.322416127846536
-0.154554731492389,0.412320935062155
-0.353969248681102,0.348519999849081
-0.37928585997776,0.18147677067101
-0.222801495621923,-0.0468202658221627
0.0212412434533208,-0.229917917610231
0.184456107030992,-0.278791315302746
0.154060752381284,-0.202733452557476
-0.0653291688147467,-0.0253629075650155
-0.346050087377042,0.171396457099558
-0.523405217196564,0.309541713738074
-0.507690385137091,0.346883699329956
-0.310853860025255,0.274762258529716
-0.0771384388789658,0.127478329127959
0.0615779911509451,-0.032865265007183
0.0320934173596707,-0.147530927415567
-0.107225050240541,-0.179763280100723
-0.229547445964287,-0.151791520509055
-0.208414254626469,-0.100000557105652
-0.0193270617104034,-0.0655761625994277
0.23848543812772,-0.0593859451007489
0.45826127997566,-0.0674131564057476
0.507566894588443,-0.0609913856700973
0.370255216069814,-0.00322632247936773
0.138809052170525,0.101698619815615
-0.0701609352996297,0.19595662957795
-0.151791520509055,0.230025980298555
-0.0931002435774774,0.153813771283989
0.0319236115115873,-0.0341619686320907
0.103659116857968,-0.261270374761501
0.0714113278542302,-0.435754197076337
-0.0401051965752169,-0.498582601927525
-0.172106544670797,-0.428097478562924
-0.242267479970426,-0.286201052718863
-0.204369769993115,-0.155558134491437
-0.0735107517638121,-0.111099726911247
0.0977158889148414,-0.171489075011044
0.242174862058941,-0.287173583080749
0.310236373448988,-0.349430784936643
0.305589847016206,-0.299939934500888
0.242499033207398,-0.0991978347064135
0.151915011057703,0.183622511994592
0.0595711893819775,0.442438419060891
-0.0221828969489165,0.560608250546447
-0.0665486887321853,0.500002777070003
-0.0753786224364224,0.287991733340312
-0.0434395767208183,0.0249924211171225
0.0228621224558144,-0.165746527667727
0.0920659679412674,-0.22730908672922
0.138500308882392,-0.136802246172429
0.136894864083915,0.0368479980225204
0.0812755414238057,0.203767728193686
-0.00679225771218442,0.293116794107362
-0.096913166515603,0.284672781055035
-0.179948515923695,0.185567572718364
-0.244027304871227,0.0783733951149854
-0.276506638653679,-0.0165947201923844
-0.280504805873033,-0.0806889359429579
-0.222863240896247,-0.112319246828685
-0.0992287073435755,-0.170871588434777
0.0738812403262693,-0.252502173644202
0.272307790834515,-0.358044605951618
0.411024216635298,-0.440076569277176
0.430474756206964,-0.464698487029892
0.320208658165144,-0.434102468696888
0.10762641144016,-0.30870810178516
-0.131769803316865,-0.143162271633756
-0.293255712516334,0.00972527824408982
-0.337343665367095,0.115545564285963
-0.261146867296339,0.128852220689464
-0.136153895417258,0.0605900244704781
-0.0476847377248535,-0.061855857572788
-0.0224607612561952,-0.204987256569382
-0.0665178160950233,-0.322740315911507
-0.127277648528149,-0.351514764069387
-0.145570438831471,-0.297223040931553
-0.111964194584809,-0.15833679025161
-0.0271690308487377,0.0141248087776274
0.0638163503860126,0.146820822927815
0.0933472331330299,0.183051342832325
0.0542300032382801,0.10410678701333
-0.0424979232252227,-0.0322632253223184
-0.156407174304676,-0.127756191320673
-0.228312489728268,-0.0919733415715247
-0.228266172314268,0.113338086146314
-0.147299374178596,0.433778280631917
-0.0277710726481665,0.7341041484721
0.106314273611235,0.860872373112306
0.219482543336645,0.739043973416178
0.260143464297291,0.367445721505507
0.207163853613612,-0.118138975764907
0.0611457573141639,-0.513294014071436
-0.126335990803425,-0.656209287691382
-0.302301784284604,-0.511086510557017
-0.402009034420703,-0.162103404233992
-0.377834761448579,0.212659419859633
-0.230103170349716,0.456130983428917
-0.0238346507031362,0.511395270761663
0.173804607380759,0.418433954051415
0.300742656900127,0.29845798025106
0.319977071095146,0.245833413352999
0.262150270295387,0.293626217995305
0.159741554450277,0.398010884117863
0.071951624379335,0.448211822124856
0.0326800228405185,0.381230886868505
0.0463108503924766,0.227123833989734
0.106869997996664,0.047962599917568
0.179485409449752,-0.0265978638010351
0.262551631495006,0.0266904859416494
0.32144359748465,0.146620142328005
0.372030468830939,0.248040899950905
0.423667077506789,0.238331058025396
0.451793183367754,0.104708828812759
0.472092796585685,-0.0779720339153662
0.46622675869372,-0.206731619776831
0.441419571285006,-0.214990397006186
0.368819579233985,-0.106931751729245
0.22897627680202,0.0398890754276979
0.0247917405173129,0.116240232455135
-0.22503985485699,0.066486939228733
-0.446266761401084,-0.0784660130264713
-0.576415717433919,-0.204431515267439
-0.572386677577403,-0.192282650423567
-0.438841596124643,-0.0174283162860669
-0.2243606230064,0.258213848350357
-0.0459712344671814,0.484766513177824
0.0376198477845968,0.577604339339425
-0.000216117298351337,0.508693805052653
-0.114650223975239,0.341202897260963
-0.202115982897723,0.166641867978451
-0.18467223240764,0.0794385433883573
-0.0492901782942018,0.0820165100904633
0.148611520465777,0.130889890866465
0.291989883643153,0.133869227226447
0.288917946288198,0.0656224715551706
0.149275307539529,-0.0526245626689317
-0.0769840672348992,-0.133606801352313
-0.268618349986781,-0.104230286020234
-0.355312250688932,-0.00506331919321346
-0.309804122695694,0.129407945074893
-0.183684257268916,0.170037993398377
-0.0532266002392321,0.085783124072846
0.0346868246094861,-0.0804265100688243
0.0750390149693839,-0.221334986148931
0.124437247493653,-0.247469730788638
0.231461617134384,-0.120639760874108
0.367877938425775,0.111269534873895
0.498351048690553,0.329733230434654
0.558586016688027,0.423250288446845
0.49293265557918,0.329594312025682
0.325009530867223,0.0900900345803334
0.100170365068299,-0.199152091314579
-0.079160672737386,-0.415655315207756
-0.16434176346906,-0.470826967712503
-0.178018899976761,-0.378791863950141
-0.145431503505985,-0.208537745175117
-0.11363138465761,-0.0615934274695261
-0.123680842508414,-0.00572710838153039
-0.153890944418637,-0.0578113771685625
-0.174344903905864,-0.159077767376524
-0.157287069838562,-0.230674339511983
-0.0803184473805007,-0.21779992540352
0.0660392690733708,-0.111176908504152
0.262829502145978,0.0310282690862988
0.435352835876718,0.158166982288962
0.502318343272745,0.229223257899316
0.423373778995493,0.263910095196187
0.210421060624565,0.288501157228255
-0.0274468951560164,0.32386719254269
-0.166626440118127,0.350187189921882
-0.129685815725864,0.352394693436301
0.0476229882214011,0.296528347387612
0.225502961330933,0.198225861450179
0.262212015569711,0.115175075723506
0.123989577338291,0.105866603455873
-0.0988273461439563,0.187620679213946
-0.262891247420302,0.340153193764429
-0.235398039079414,0.490400997832817
-0.026891166541459,0.554896592756806
0.259510549860701,0.478267560849269
0.449029972384419,0.29535515334243
0.403815176735503,0.0754094950735844
0.123233163894795,-0.0753168771620985
-0.236123571427491,-0.0934861684585156
-0.466118696005397,-0.0214264856199853
-0.429996221872696,0.0816460215280061
-0.152300944396998,0.109293601512961
0.196975477353836,0.00989508409217325
0.41494519380349,-0.183035914972001
0.377973713690579,-0.402132524969351
0.134980684455562,-0.542963819456553
-0.158429408163096,-0.543612161753468
-0.337004049441799,-0.422787181972902
-0.300403040974832,-0.261887844421254
-0.0940264565253637,-0.134857193906914
0.142884400982784,-0.1121803115032
0.253891509982545,-0.169327905827138
0.171272949634396,-0.248936240261629
-0.0238500870217172,-0.321706040275297
-0.18975097576069,-0.346235323200014
-0.20264083464599,-0.334549564830084
-0.0484257106206395,-0.313910369519885
0.213986994007138,-0.311394139633846
0.43393266073424,-0.291094560248942
0.491527908297027,-0.255327146818374
0.382311479918715,-0.173742862106436
0.181708323907982,-0.0371413007629443
-0.010512562210183,0.116332850366621
-0.104832327819663,0.243548753620446
-0.0604202207369589,0.299662063849917
0.0828192324897017,0.292051662750504
0.253999572670869,0.244474966568332
0.395787952743119,0.198673540063798
0.449184352486742,0.158784468865229
0.400310988627254,0.116008679218163
0.274330024692935,0.0470209464219723
0.102609404903177,-0.0604356570555398
-0.0826648608456351,-0.170840715797615
-0.228852769336859,-0.250418194511458
-0.302533337521575,-0.247006624314695
-0.297238468791878,-0.147391992090081
-0.202316663497533,0.00588147791103284
-0.0555730179334949,0.144119357218804
0.097916569514651,0.212643975082795
0.222786050845085,0.175132198444778
0.310699479922931,0.0574254522875243
0.37033242303749,-0.0560052517702761
0.412737724122098,-0.133051068508628
0.430845261685934,-0.13164630430996
0.410777235538002,-0.103612807902225
0.32450010697928,-0.105542423849159
0.181399597536362,-0.155959495691057
0.0270455360709614,-0.26488260864156
-0.0907847027495049,-0.359032564173828
-0.156499792216161,-0.37442320816833
-0.161702043034373,-0.29152677716921
-0.130287849067036,-0.121565973821994
-0.120855877792499,0.0781263971011761
-0.167722461028661,0.200170922173951
-0.248056344727743,0.216827395041634
-0.312119688898436,0.156546109630161
-0.32386719254269,0.074591336355765
-0.277648976978212,0.0658540247921422
-0.214480973118243,0.140460805924745
-0.202548216734505,0.269683498260153
-0.272292346057677,0.377773016174255
-0.382743730672009,0.378267012201874
-0.453815451059201,0.250016833311839
-0.396945718927977,0.0391635388504928
-0.192591376795186,-0.205218809806353
0.108969421906246,-0.371752632012995
0.387560065067439,-0.39750146022992
0.530104833208415,-0.289782413961761
0.491049373962759,-0.0882067275891421
0.29742370461485,0.136215640691581
0.0371567370815252,0.33484286334138
-0.179145793524457,0.460669447173376
-0.296250510569668,0.494877716302952
-0.335074416578352,0.431493603982849
-0.32320342238545,0.288532012948903
-0.315099025258418,0.102686586496082
-0.306948310717387,-0.0852737086431599
-0.29189728264818,-0.179917643286533
-0.249028875089629,-0.163338360470012
-0.181029108973905,-0.0273234003782401
-0.123989577338291,0.178528323864704
-0.114619351338077,0.35004827151291
-0.146218781128386,0.41881988739071
-0.152933858833588,0.329532566751358
-0.107765346765645,0.130179794836969
0.00290214657314081,-0.0819084558603964
0.135906905861705,-0.203165686394258
0.20884648846325,-0.163214869921364
0.15538832652879,0.000910779999391978
0.00344243966207884,0.22411362499259
-0.187188445377165,0.392916679071461
-0.286015783062865,0.440910147397063
-0.218124096551978,0.372725128541854
0.00673050979465523,0.246682453166238
0.291310685625589,0.0993058973947371
0.476893669287764,-0.0221057111268832
0.443055871804131,-0.109849334356646
0.208198129249822,-0.182634553772382
-0.106638444759693,-0.272354091332001
-0.333005865305932,-0.345787678419422
-0.362845512486724,-0.368927641922309
-0.219559733387807,-0.320162340751144
0.0114233430686167,-0.172631413335577
0.193409543971263,0.0115159641519489
0.242560778481722,0.139472839244278
0.144597908469585,0.15838310766561
-0.0241588260807221,0.0382373216734782
-0.174067050171407,-0.160189216147382
-0.234410080857204,-0.328081502055205
-0.225178773265962,-0.38238868688639
-0.181245217434039,-0.288948835841874
-0.157271641978238,-0.0962185068046883
-0.177370540763333,0.100648907860824
-0.223912944392781,0.231847550473679
-0.270872153998686,0.217645545301197
-0.302610510656224,0.088700715158504
-0.336757068344504,-0.0975152083150318
-0.370996193194729,-0.284055294478768
-0.38363905406622,-0.397130954750949
-0.339829005699458,-0.439212101603614
-0.187620679213946,-0.397377935848245
0.0597409931154967,-0.28708094825275
0.335352287229323,-0.122276078309747
0.534519806404226,0.0668265551540282
0.552364935010443,0.239813012275225
0.391743451193252,0.336587260381856
0.086755654434732,0.323141677111126
-0.239859312772711,0.183715129906078
-0.456486027214536,-0.0240507676215268
-0.517261308653628,-0.221566539385903
-0.43595489459266,-0.32940907620271
-0.313030473985998,-0.320424749708765
-0.228559470825563,-0.210065999922432
-0.225024410080152,-0.0725999751345068
-0.288686393051227,0.00339612885609221
-0.33209508021837,-0.0173665678398966
-0.327664679162234,-0.0996455048617756
-0.265253097204017,-0.163523613209497
-0.185166211518745,-0.137172734734886
-0.118324220046136,-0.00808896133709212
-0.086709345478989,0.180226386574667
-0.0799170861808815,0.348952250602376
-0.0620874108097596,0.408646938991258
0.00192961872229977,0.352348376022301
0.117506061328316,0.223820326481295
0.255558700055346,0.0955547197309355
0.373605057908767,0.013260340046783
0.440910147397063,0.0111763513985
0.452904665971639,0.0391789793982022
0.411749765899888,0.0348720688907147
0.339674625597135,-0.0322323505705922
0.252949852257821,-0.137527778520506
0.138809052170525,-0.213276889519386
0.0034270028148568,-0.213122526333576
-0.12584201169232,-0.0974380267221268
-0.228065491714458,0.0771538751975468
-0.271288943058629,0.236030953516005
-0.23207910371065,0.307504018186302
-0.131785239635446,0.272045364960381
0.0114387793871977,0.14834907767513
0.164434381380546,-0.00875275052540905
0.296945170280582,-0.136339139698486
0.386402265049555,-0.21190299795788
0.389474236237536,-0.256021806529289
0.309171208259103,-0.272662834620135
0.158213299702962,-0.284935223845682
-0.0105434369619092,-0.288007161200636
-0.129809306274512,-0.26083814092472
-0.123711715145576,-0.185922616503983
0.0190955063588676,-0.0789600005958332
0.247130131779856,0.0400743197089265
0.450573671908572,0.138330500919744
0.523127346545592,0.202115982897723
0.434581003031155,0.245401179516218
0.210065999922432,0.281106847672462
-0.0366936306075821,0.329594312025682
-0.160420786300867,0.36025207563301
-0.118710144927174,0.358708409941884
0.0605900244704781,0.298427090697384
0.233452978355642,0.200047431625303
0.266302817617065,0.114681096612401
0.13308194114579,0.0941653918508493
-0.0941962644880113,0.189426804612233
-0.259881038423158,0.350063699373234
-0.234085909708746,0.502086790035774
-0.00961721978489453,0.561688843596656
0.286617841778807,0.471228328912123
0.476693005604468,0.266534370854036
0.414404914194899,0.0617632354321737
0.105712231811807,-0.068231315123567
-0.275395172966307,-0.0694353987224246
-0.478020579751973,0.00887624583182638
-0.398952524926073,0.0808124264916058
-0.0830353494080923,0.0780492155082711
0.230720640009469,-0.0127972314582756
0.332372950869341,-0.134656513307104
0.190368462336957,-0.235691337590709
-0.0483176521614442,-0.26167173596112
-0.17826589799057,-0.200417920187761
-0.084717975799474,-0.0783425224778234
0.202409281409019,0.0475612429470772
0.481200579795251,0.133699419263799
0.587607479776229,0.193363226557263
0.469283268188351,0.238686118727529
0.195138479318387,0.282835783019586
-0.0634304255049744,0.325148449276195
-0.177154432303199,0.360823244795277
-0.104755137768501,0.354247119332073
0.0810439881868341,0.290816689597971
0.246188474055132,0.194412946970311
0.256546658277556,0.10762641144016
0.110281568193428,0.0999233755127469
-0.107302231833446,0.194366629556311
-0.24424341333136,0.350449632712529
-0.207796768050203,0.496405987966781
-0.00351962442683006,0.557891356977112
0.278405381963451,0.473790842379134
0.447933951473885,0.27792683071267
0.398412211484455,0.0639244088452079
0.11983703847487,-0.077586109034328
-0.237898824188615,-0.0855670071544554
-0.46347897557071,0.00111146040096118
-0.423203971032846,0.0948137426060211
-0.150541136412711,0.113754883664515
0.197253348004807,0.0047237064397645
0.413802855478956,-0.197207030590807
0.362274343324457,-0.417847357028824
0.114696532930982,-0.545927727956211
-0.183900382645563,-0.534612441232226
-0.345123874429156,-0.413139085321717
-0.3042622728687,-0.252054511947097
-0.0972373461223172,-0.136370012335648
0.140213807910936,-0.114403234419686
0.245879730766999,-0.176444327815446
0.174468394454512,-0.256901718979689
-0.0294228264023862,-0.313308310803943
-0.19679022461435,-0.334395184727761
-0.222909558310246,-0.326692148800348
-0.0566072935697049,-0.315963492931981
0.201251515224161,-0.314404365547504
0.419468229687625,-0.309232987366454
0.48924323164796,-0.273110513233753
0.384549839153782,-0.184919213504936
0.183236595571811,-0.0434704493579803
-0.0137851960241784,0.117274508091345
-0.0945358804133065,0.249353046238086
-0.0486572638576111,0.302255466870604
0.0907075126983432,0.28816154130296
0.271427878384115,0.241109713785569
0.400743205547522,0.179531726863752
0.443827738482721,0.145385186091985
0.397393397541596,0.103952415369263
0.272029920183544,0.0350881858091053
0.0992750247575752,-0.0642022710379225
-0.0826031155713112,-0.171242076997234
-0.234132210206232,-0.239874757549549
-0.314388903854152,-0.237914268965453
-0.296976026001231,-0.142436739285679
-0.203906663519172,0.00757954220691868
-0.0490277524200683,0.151915011057703
0.109741271668323,0.211764079548908
0.231816677836517,0.169034590399329
0.312351242135408,0.0501700865154736
0.363447537369639,-0.0745141547628601
0.404123903107123,-0.143208572131242
0.424284564083055,-0.148117524438158
0.402364078206323,-0.116410031959526
0.319359618351906,-0.11094535526718
0.179855898012209,-0.165808272942051
0.0233097926111766,-0.264990671329884
-0.105882039774454,-0.353629632755807
-0.172322670047444,-0.372493575304882
-0.167274782415042,-0.28609299003054
-0.134486705344457,-0.11383206525742
-0.123047928071823,0.0772928020647757
-0.16015834351022,0.210282125299079
-0.240260673972331,0.22814268176562
-0.306624122652416,0.16310680723304
-0.319714662137526,0.0871107066786082
-0.275055557041012,0.0689105427450291
-0.210436488484889,0.149614906548311
-0.195323715141359,0.282141123308672
-0.25660840355188,0.386942578491173
-0.363123349304668,0.392870361657461
-0.440570531471768,0.273125941094078
-0.401715735909408,0.0519607713660506
-0.199337327137551,-0.19368739770572
0.100571726267919,-0.37204593052429
0.37649175944075,-0.416982889355262
0.517739842987895,-0.309202097812778
0.48371680968129,-0.107055242277893
0.30358304101811,0.127601828134863
0.0523158236099268,0.337883944975686
-0.165499529653918,0.469221522914027
-0.286633269639131,0.503615027866575
-0.311239759531523,0.441805504624301
-0.308152394316244,0.305466356467558
-0.310668624202283,0.114742841886725
-0.305805972392853,-0.065421790955361
-0.294166497603896,-0.173958987483083
-0.251668578607802,-0.16159398034605
-0.18363795677143,-0.0211486213127065
-0.119265869312603,0.18649378566625
-0.106947188047826,0.359202372136476
-0.125255406211472,0.420996501351453
-0.143656250744861,0.340245794759401
-0.106329709929816,0.139102350681821
-0.000555730200480591,-0.0770458125092232
0.126089001247872,-0.200278984862275
0.202224045586047,-0.172446160596092
0.159726109673439,-0.00991052146803634
0.00651439287626465,0.217429436841063
-0.180365321900152,0.400218353799255
-0.272508471434325,0.4503421186716
-0.208599490449441,0.384611584428106
0.0145724799902717,0.244258858108198
0.294753128459514,0.0845790489322451
0.471135694084123,-0.0340075991025882
0.440539675751119,-0.120963932022566
0.199090329123742,-0.192143715098081
-0.111948758266228,-0.263292608619921
-0.33763696387839,-0.332589076245988
-0.377402544528312,-0.357581499477675
-0.227849366337811,-0.307519479879653
0.0019604925489041,-0.172693158609901
0.186802528954384,0.00416797623928391
0.243054774509341,0.138515745200973
0.146666459742005,0.154956092692009
-0.0151590844138374,0.032186039500285
-0.174699964607997,-0.14898199211172
-0.248781877075819,-0.320285831299792
-0.233252297755832,-0.380150327651322
-0.191171184736195,-0.285105031808329
-0.157595813126695,-0.092359266452563
-0.17277033174455,0.116147606085392
-0.215854864679748,0.236231634115814
-0.261640863323958,0.233067061932861
-0.297979445916792,0.107255922877703
-0.342314346031821,-0.0915565440533246
-0.384704219256105,-0.274993811766688
-0.396019505980091,-0.390230641222775
-0.355837136270226,-0.427649799949305
-0.200695773922218,-0.393734829331024
0.0533809718832987,-0.290893862732619
0.332805201622636,-0.133051068508628
0.540354988575542,0.0533037860612654
0.569499908379366,0.225672769293581
0.401252629435465,0.325364574652843
0.0972836550780602,0.317136686977163
-0.234425508717528,0.193069928045967
-0.462151401423205,-0.0054183693225255
-0.523636770433535,-0.203459001822067
-0.447918523613561,-0.314280841165829
-0.32045563926244,-0.306485204243443
-0.244320603382522,-0.200371602773761
-0.235104740568118,-0.0666721835099616
-0.288053478614636,0.00710099677118931
-0.332002479223397,-0.00620565381725976
-0.327865376678557,-0.0863234205979508
-0.274515277432421,-0.155357453891628
-0.18684882945187,-0.136755937216686
-0.118355092683298,-0.00532574771055224
-0.0834521469262925,0.183931255282725
-0.0766907687236037,0.352687991947596
-0.0548011724005469,0.41468278484587
0.0195277401956488,0.349461674490319
0.126444053491749,0.22189071053436
0.256098996580451,0.0833440926962256
0.375256820121244,1.54369494397375e-05
0.439937617035177,-0.000694662750600739
0.450357546531925,0.0242823208584984
0.407875072312668,0.0219359052787997
0.338640349960925,-0.0400280107531836
0.244089050145551,-0.13701836309082
0.129469698807474,-0.217213311464416
0.00137388852181918,-0.209788146187974
-0.129732124681607,-0.0956319013238404
-0.223233729458704,0.0904296505056287
-0.261640863323958,0.245956920818161
-0.224051879718266,0.313632498868914
-0.122646566872204,0.277540914289889
0.0120871311996515,0.146867140341814
0.16724390977788,-0.0182619113224672
0.292190581159476,-0.151158606072464
0.373666803183091,-0.229578318601449
0.384040415265839,-0.270100304236609
0.301390999197042,-0.27693887249046
0.14898199211172,-0.291403286620562
-0.0215654188309067,-0.280396743184709
-0.138639244207878,-0.251390724873344
-0.133869227226447,-0.182032511972953
0.0123958702586564,-0.0769531945977372
0.245926048180999,0.0322323505705922
0.451098523656839,0.116965764803211
0.529564553599824,0.18467223240764
0.44418278226834,0.225688197153905
0.221998773222684,0.265700775817636
-0.0126274245529101,0.325858570680461
-0.144721399018233,0.367630957328479
-0.105156498968121,0.360823244795277
0.0609605130329353,0.291356969206562
0.2363242520273,0.188593209575832
0.276676446616326,0.100247546661204
0.147654417964215,0.0810748608239961
-0.0827266145782158,0.187219318014327
-0.256068123943289,0.362258881631106
-0.232619383319242,0.518743262903457
-0.00367399395633251,0.566211879480791
0.319405935765906,0.447748715650913
0.507335341351472,0.236200761478652
0.427294756163686,0.0339921627840072
0.0864314832862745,-0.0564374856070573
-0.313385517771618,-0.0335290541954999
-0.496405987966781,0.0322786616408993
-0.360854134348952,0.074020175651755
-0.0269837865675091,0.0467893931850008
0.252980724894983,-0.0305651604977915
0.247994599453419,-0.0836373912075211
-0.0116703336814514,-0.0896423644249713
-0.299461366333594,-0.0785431946193763
-0.377325371393664,-0.0806580633057959
-0.192714884260348,-0.132202037153646
0.0881758549519801,-0.197731882339074
0.240739225223111,-0.196975477353836
0.178188707939409,-0.0993522063504801
-0.0231862978334003,0.0845790489322451
-0.176907434289389,0.260452207585425
-0.178281325850895,0.335691903154618
-0.0806117458917962,0.274546150069583
-0.014340925696018,0.0930848072588964
-0.0570395274064861,-0.101250949660252
-0.198441986826827,-0.192761184757834
-0.31554667003901,-0.119898783749194
-0.286880284569454,0.105326306930768
-0.0991052167949276,0.370502231000137
0.144922079618042,0.54466189908303
0.329578884165358,0.524130732628127
0.366982615031564,0.304586460933671
0.260081719022967,-0.0225379470782285
0.0963111247161742,-0.327232462241967
0.011191788774363,-0.46653548506534
0.0599108010781444,-0.410360412645031
0.186015234415469,-0.230257533535526
0.298936514585327,-0.0418341319223415
0.286339971127836,0.0191263811105938
0.147793353289701,-0.0805345642988912
-0.0202069678171109,-0.269081473377237
-0.115684499611449,-0.420965611797778
-0.0565301077476716,-0.418125227679795
0.134131653100581,-0.23115287384625
0.327016336865319,0.074606772674346
0.381910118719095,0.337142967850771
0.236694740589757,0.408909347948878
-0.0604819660112828,0.228914531527696
-0.386695597393877,-0.152856668782427
-0.564807098365611,-0.552905214619034
-0.513633629996731,-0.799942745403918
-0.301499061885365,-0.807676637051979
-0.0252394127872392,-0.581834076712264
0.191541673298652,-0.219004009002378
0.244660219307817,0.117382562321412
0.125548713181024,0.31284520433
-0.0760424095101752,0.33970551515081
-0.268572049489294,0.234332890806042
-0.37266338326753,0.113986436901486
-0.378822753503817,0.0431925829361374
-0.272987005768592,0.0241896987178841
-0.134208834693485,0.0189565731479461
-0.011191788774363,-0.0176907442747646
0.0488270718202587,-0.127864254008997
0.000694662750600739,-0.277510041652727
-0.120855877792499,-0.364142197080554
-0.260961631473367,-0.345031273434183
-0.352811482496244,-0.202949577934124
-0.332403840423016,0.0144026741421882
-0.181800958735981,0.222307516510817
0.0319081751930063,0.33376227029117
0.214944079592186,0.32040932184844
0.263122800657273,0.216950885590282
0.118447710594784,0.0903524689127237
-0.183159405520649,0.0272307782376258
-0.522448114695002,0.0488888170945827
-0.749695422316871,0.122106270347099
-0.751424357663995,0.189318741923909
-0.544090729920763,0.18955029516088
-0.207055807841802,0.109139229868894
0.141896442760574,-0.0576106965687529
0.35108254714912,-0.219420798062321
0.376970293775017,-0.312953267018323
0.271258070421467,-0.317676966585754
0.132093974465323,-0.232403274859108
0.0409542279301982,-0.0919579052529438
0.0452920110748477,0.0444275391721569
0.122430449953813,0.136894864083915
0.213014463645252,0.186524658303412
0.258460846364166,0.204199962030468
0.251313534822183,0.21111572033548
0.1916651638473,0.210822421824184
0.144366355232613,0.19274575689751
0.128666976408235,0.142637419885489
0.124591619137719,0.0542300032382801
0.124591619137719,-0.0724301671718592
0.0981481227516225,-0.196280817642921
0.0339304153951191,-0.304030719631729
-0.0455544369489812,-0.354123628783426
-0.127046095291177,-0.354787398940665
-0.200834709247704,-0.325364574652843
-0.269513707214018,-0.284441227818063
-0.324345760709984,-0.256670165742718
-0.358924501485505,-0.229223257899316
-0.366118113524975,-0.196064692266273
-0.336757068344504,-0.1357834068548
-0.275827406803088,-0.0490123161014873
-0.199383644551551,0.0471135685625866
-0.126366871898844,0.1233566629017
-0.0627511978835123,0.133668546626637
-0.0270455360709614,0.0705622964992488
-0.0186632725220864,-0.0476538608585631
-0.010512562210183,-0.160389896747192
0.00776478543086519,-0.213616505444681
0.0338377932545048,-0.191541673298652
0.0847797295320547,-0.101250949660252
0.142853528345622,-0.00682313140662849
0.192390696195377,0.0355821691493388
0.244073605368713,-0.0133992722004223
0.265886011640608,-0.149213545348692
0.252332382598068,-0.304694523621995
0.177185304940361,-0.417554058517528
0.0770149398720612,-0.438857023984967
-0.0249924211171225,-0.359835286573067
-0.080194948373596,-0.219559733387807
-0.0558354480367569,-0.0777095995829759
0.0376815930589207,-0.0105279995860461
0.136555256616877,-0.0085983809959066
0.163569913706984,-0.0657614026515279
0.067428596953457,-0.124329193263586
-0.137110981002306,-0.148904818977072
-0.382573922709362,-0.138207010371096
-0.572340326330376,-0.0940882102579444
-0.608586324844751,-0.0521151430101172
-0.475349969763611,-0.0112380987873881
-0.20264083464599,0.0271381560970115
0.116857710573144,0.0728932736458023
0.364528130419849,0.127972308239064
0.49410588345739,0.2028415152458
0.476662116050792,0.258105802578547
0.345741361005422,0.277417423741241
0.156530664853323,0.265407477306341
-0.0391017935761689,0.206515511316697
-0.207256488441611,0.155928623053895
-0.313493580459942,0.135227674011114
-0.339088028574544,0.134563886937362
-0.297300214066202,0.160497959435516
-0.223974706583618,0.187944867278917
-0.162350402247802,0.181739213461657
-0.163122252009878,0.147021503527624
-0.226645299655467,0.101050269060443
-0.327294207516291,0.0787438752191859
-0.380613434125265,0.0866630365232461
-0.351159720283768,0.125178224618567
-0.227386259863868,0.183190278157811
-0.053550775616818,0.216564969167501
0.107888837314293,0.233591913681128
0.18442523439383,0.224638493657371
0.162813508721745,0.191603418572976
0.0971601560711555,0.137496905883344
0.0498767837750497,0.0508647504555166
0.0678299539239478,-0.0541682537348278
0.139596329792926,-0.174067050171407
0.204308024718791,-0.265654458403636
0.219575161248131,-0.285598994002921
0.203258321222257,-0.216781077627635
0.212072805920528,-0.0635384839641697
0.320687192499412,0.121519664866251
0.530274641171063,0.280458505375547
0.744292490898849,0.335105306132027
0.845342810708833,0.29112541596959
0.724517763262212,0.178049772613923
0.364543558280173,0.0449678356972618
-0.106839125359502,-0.0147577232142182
-0.480845536009632,0.0325565259481781
-0.582822001101448,0.162196022145478
-0.363324046820991,0.341635114181231
0.0273542751299663,0.507767592104766
0.360236647772686,0.596792469953471
0.464328015383948,0.602488666049761
0.312968728711674,0.539397886073981
0.0301637992981723,0.422679119284578
-0.16005029773841,0.274113916232801
-0.146527524416519,0.127972308239064
0.0965889953671455,0.00889168320768946
0.402919819508265,-0.0551253477781328
0.557181269405873,-0.0614699326917498
0.482759707179729,0.0004939823820716
0.191001376773547,0.107610975121579
-0.144196547269966,0.213107081556738
-0.331076266275511,0.276136150091222
-0.284919762152331,0.266410880305389
-0.0474377439401725,0.193394099194425
0.206469193902697,0.0900745982617525
0.326877418456347,-0.0102810079159294
0.281369273546595,-0.0741591025189839
0.141031966628755,-0.10762641144016
0.064696254378156,-0.139040605407497
0.103844361139196,-0.186416595615089
0.2251479006288,-0.25453985227946
0.321968449232917,-0.312382097856056
0.272523899294649,-0.338763840509573
0.071009966654611,-0.307287926642682
-0.204138216756144,-0.214357482569595
-0.406177026519219,-0.111238653778476
-0.436541491615251,-0.0545850512530279
-0.279501402873985,-0.0686944258266385
-0.0313524444638847,-0.140321870599259
0.154168815069608,-0.205404045629325
0.190106036462823,-0.200001114211304
0.0774626100274233,-0.0910934375793814
-0.0652828598590038,0.0885000345586944
-0.140800413391783,0.255836570706317
-0.114711969249563,0.334456930002085
-0.04160257868537,0.275194492366498
-0.0232943562925956,0.099444824261966
-0.0945821893690495,-0.0917263520159722
-0.220485946335693,-0.182881534869678
-0.305049567407614,-0.122662003190785
-0.258661526963976,0.0976232710033554
-0.0783733951149854,0.365438915507411
0.151204923486464,0.54280943935423
0.319344156658555,0.528530277963614
0.36749200508648,0.301267508648394
0.26679679672817,-0.0455698732675622
0.104153095969073,-0.360792389074628
0.00628283858201098,-0.478699811602564
0.0250850432577368,-0.394954340790206
0.145215378129338,-0.196357990777569
0.278096638675318,-0.029036901521348
0.313894941659561,-0.0253937823167417
0.200989089350027,-0.157426005164048
-0.0108984860339391,-0.302579654935575
-0.22825072753743,-0.329995673225301
-0.357210993998704,-0.207920275515364
-0.354926351182664,-0.0127663567065495
-0.249399346735573,0.126891723647111
-0.108490879113722,0.11798460412084
-0.00767216381889194,-0.045106766793619
0.0229547445964287,-0.277185870504269
0.00453846321581799,-0.473065326947571
-0.0216426025383758,-0.557304759954521
0.00399816986255943,-0.491388989888055
0.0990125904251849,-0.288223286577284
0.248936240261629,0.0162396711203545
0.365979195116002,0.334441502141761
0.410931581807298,0.564390309305667
0.375179613153568,0.619052571755499
0.292792606042391,0.486526338078625
0.238840481913339,0.215160204968834
0.254555297056298,-0.0584751642423152
0.337528901190066,-0.214095056695462
0.42115084762075,-0.199877623662656
0.416164705262672,-0.0634304255049744
0.258136675215709,0.0960641351606216
0.00387467429182158,0.159278447976334
-0.214048739281462,0.119173251401117
-0.283561332284177,0.00279408784962499
-0.158028046963477,-0.105851158679035
0.0956473376424214,-0.142899845759622
0.334101886216466,-0.104245722338815
0.435785086630013,-0.0253165964947084
0.359480242787447,0.00293302026758488
0.152100263797188,-0.0537051472608846
-0.0897195460178762,-0.177061814391713
-0.25049538456262,-0.305311976365234
-0.287929988065988,-0.364528130419849
-0.22209139113417,-0.346729319227632
-0.108614378120627,-0.285290267631301
0.0161316126611592,-0.244860899907627
0.121457919591927,-0.286957457704102
0.218093223914816,-0.379069734601112
0.298396234976736,-0.457983409324689
0.358631202974209,-0.440292660820796
0.370810957371757,-0.292808067735742
0.292777178182067,-0.0332820625253831
0.135011557092724,0.224283432955238
-0.0299013713094745,0.386093538677935
-0.151621712546407,0.381647709761475
-0.189874483225851,0.236972611240729
-0.159510001213305,0.0511117400110692
-0.0952305401242213,-0.062627703105736
-0.0429301570620038,-0.0401051965752169
-0.0299322439466365,0.096835984922698
-0.0196975481582964,0.25335121345744
-0.0120871311996515,0.354957206903312
0.0307658410976011,0.339304153951191
0.0934707321399346,0.208614935226279
0.131322124703246,0.0427912217365182
0.100942214830376,-0.0840696250443023
-0.0146342284364419,-0.110173505505104
-0.175224816356264,-0.0232943562925956
-0.322555046255508,0.130797272954979
-0.397439714955596,0.278142956089318
-0.372972143472176,0.388424532741002
-0.283422396958691,0.430953324374258
-0.186138741880631,0.411348404700269
-0.0900745982617525,0.35404642181575
-0.0330196345366854,0.264543009632778
-0.00586604053516975,0.160467086798354
-0.00858294414868457,0.0679843255680145
-0.0470981322440057,4.63108472867105e-05
-0.125857448010901,-0.0228621224558144
-0.250881300985401,-0.00563448676955713
-0.376059508687455,0.0285274818625335
-0.474933180703668,0.0518372765882743
-0.495942881492838,0.0269066028600399
-0.444198210128665,-0.0265206800935659
-0.335444922057322,-0.0947674336502781
-0.241449329710864,-0.116054988173906
-0.19047652502528,-0.0653600456810371
-0.186154169740955,0.059046333404582
-0.18255736372122,0.236632995315433
-0.098842790920794,0.396760483105005
0.0669191772946425,0.477310492180734
0.297176723517554,0.455004072964707
0.485630980851387,0.367661813049127
0.518094886773515,0.24862751389001
0.361595111473867,0.159834172361763
0.0541836942825371,0.122584813139623
-0.261038821524529,0.0996918222757753
-0.448196394264532,0.0839924434513974
-0.436788472712547,0.027632139437245
-0.246018666092485,-0.0965735590485645
0.0124267439531005,-0.235938335604519
0.183576194580592,-0.356964012901408
0.191973907135433,-0.418264146088767
0.0503244539304118,-0.418696363009035
-0.165298849054108,-0.354926351182664
-0.330844713038539,-0.281153165086461
-0.376723312677721,-0.221458476697579
-0.290199203021704,-0.177138987526361
-0.130503974443684,-0.141186338272822
0.00401360697410199,-0.0656533441923326
0.0601269179965349,0.0189874478996723
0.0215808551494877,0.105434361160835
-0.0884382808261137,0.171905864070987
-0.21179495218607,0.171257521774072
-0.304787124616967,0.122955301702081
-0.342885515194088,0.0436248210020469
-0.32423769802166,-0.00220748382254007
-0.287019202978426,0.0269992250006543
-0.232850953472727,0.125239969892891
-0.194243139007663,0.256114424440775
-0.154107069795284,0.346466876436985
-0.09127868186061,0.355374029796283
-0.0129516009877781,0.274468960018421
0.0935324774142585,0.153443282721531
0.207040363064964,0.0384534428209971
0.294367195120219,0.000339612885609221
0.320841572601735,0.0556347674369473
0.290507963226351,0.184564169719316
0.202671707283152,0.322045622367565
0.111130599548409,0.412753151982422
0.0669037409760615,0.445340548453198
0.0878825564406846,0.427155837754713
0.165978080904699,0.392453572597518
0.251174599496697,0.354370609880721
0.267800199727218,0.316071555620304
0.171519947648206,0.251159171636373
-0.0138778171075107,0.145030142306366
-0.22845140813724,-0.000509419328413832
-0.379671759484028,-0.149769286650635
-0.413339749005013,-0.249816152712029
-0.313925797380209,-0.274221962004612
-0.124915798744434,-0.221705474711389
0.0452765747562667,-0.116919455847468
0.152378134448159,-0.028295928625562
0.158522026074582,-0.00603584744053528
0.083189721052159,-0.053473594023913
-0.0140476240128762,-0.13992050939964
-0.0914176171860957,-0.215067587057348
-0.158877086776715,-0.256546658277556
-0.221612839883389,-0.262335523034873
-0.287914560205664,-0.249353046238086
-0.35508069745196,-0.242838649132693
-0.361734029882839,-0.265469222580665
-0.259001142889271,-0.315346006355714
-0.0418341319223415,-0.379162335596085
0.258862207563786,-0.419190359036654
0.525952302803251,-0.412861214670746
0.686897940852386,-0.371196890711052
0.678253264116762,-0.304123354459728
0.508971675703624,-0.226707044929791
0.238562611262368,-0.164943805268489
-0.0204230847355015,-0.119343059363765
-0.169297016273462,-0.120778696199594
-0.178867939789999,-0.168000314763119
-0.081167478735482,-0.246281091966618
0.0721831776163066,-0.315145308839391
0.213369507430872,-0.287173583080749
0.300958782276774,-0.133514174982571
0.318186390473697,0.136277385965905
0.27905374117688,0.454139605291145
0.214496417895081,0.692316300130731
0.172832093935387,0.747688650151802
0.178945112924647,0.572000710405081
0.211100275558642,0.214079611918624
0.244876327767951,-0.200711218699056
0.257179572714147,-0.501237750222536
0.217367691566739,-0.597703255041033
0.134085344144838,-0.499786685526382
0.0509110594112596,-0.295185345379782
-0.00813527240739927,-0.111778950303581
-0.00126582979830337,-0.0613618742325545
0.060867890892321,-0.126922596284273
0.0890866315812854,-0.248457705927362
0.0391789793982022,-0.29608070260702
-0.120809568836756,-0.210683486498699
-0.363586455778611,-0.0288053482843764
-0.558848459478674,0.155372898668466
-0.611133410451439,0.242468160570236
-0.478298450402945,0.185258829430231
-0.186123297103793,0.00180612301940166
0.134054471507676,-0.213493014896033
0.300109742463536,-0.330551414527244
0.232943571384213,-0.286756760187779
-0.0323095342780613,-0.0995991959060327
-0.333252880236254,0.153227157344884
-0.480490492224012,0.330782967764215
-0.387791618304411,0.395046975618205
-0.102794649184405,0.330829251345188
0.240909033185759,0.184085618468535
0.462460127794824,0.0398582027905359
0.448119221129884,-0.0453537563491716
0.234425508717528,-0.0558817569924998
-0.0656996573772039,-0.00410622858607525
-0.275287127194497,0.0571012769099384
-0.31658094567522,0.0889477047140566
-0.202609962008828,0.0456161864524335
-0.0487344496796444,-0.0822480633274349
0.0424361737217703,-0.257997739890223
0.0312443860046894,-0.433948088594564
-0.0174283162860669,-0.534859422329521
-0.0270455360709614,-0.513278552378084
0.0589228343976774,-0.319838152686173
0.235073867930956,-0.0112535361632512
0.385043835181401,0.334781118067056
0.439999362309501,0.574007550236204
0.395340274129501,0.622711072300017
0.307642970428301,0.466149551726045
0.238933099824825,0.181692896047658
0.2483805158762,-0.0757954199546226
0.329856720983302,-0.212844655682604
0.416010358993375,-0.184641359770478
0.413185402735717,-0.063631106104784
0.263277180759597,0.0657150936957849
0.0130905331414174,0.129207264475083
-0.210729803912698,0.110050014956456
-0.291495921448561,0.0376970293775017
-0.178111517888247,-0.0441496769794424
0.0838071991701687,-0.122337823584071
0.352672530254245,-0.157426005164048
0.46622675869372,-0.136972054135077
0.373358042978444,-0.0483330884800252
0.101050269060443,0.115931489167001
-0.227633257877677,0.296111558327668
-0.454016114742497,0.41701374507591
-0.510654293636749,0.407010604639106
-0.410298667370707,0.273311193833563
-0.239751267000901,0.0525936858026413
-0.10080327950489,-0.148935691614234
-0.0103118826676555,-0.254015000531193
0.0835910822517782,-0.24325545510915
0.218942246811541,-0.148503457777453
0.391728023332928,-0.0445047249941903
0.52149101219344,0.0260730078236396
0.520564799245554,0.0312443860046894
0.358075495505293,-0.00747148374772339
0.0734026975337452,-0.0577033187093672
-0.185876316006497,-0.0951842311684783
-0.301807788256985,-0.138237883008258
-0.210282125299079,-0.199352771914389
0.0396883990570167,-0.299785554398565
0.302039341493957,-0.403105055331237
0.444352590230988,-0.468727526886408
0.374716506679625,-0.432512451758735
0.153088222019398,-0.288933374148523
-0.10410678701333,-0.0604510933741208
-0.25887763542411,0.175224816356264
-0.244860899907627,0.307226181368358
-0.109957388586713,0.311301538638874
0.0198056066174917,0.198333924138503
0.0643875153191511,0.0537051472608846
-0.0213493019125161,-0.0286046676845668
-0.200834709247704,0.00032417593926699
-0.356593541255465,0.0981326864330415
-0.410113431547735,0.183066787609163
-0.330767506070864,0.172044799396473
-0.136354576017067,0.0362613925416726
0.0853045812803218,-0.178250453213733
0.247778474076772,-0.342947260468412
0.296806218038583,-0.356084117367522
0.239010289875987,-0.196713051479702
0.101050269060443,0.104091350694749
-0.0793767981140334,0.423883202883436
-0.224684794154857,0.634211662513029
-0.322539618395184,0.681680279090363
-0.337791343980713,0.565810518281172
-0.281322973049109,0.345725933145098
-0.162659128619422,0.0994602690388038
-0.0311208891123489,-0.0973299640338032
0.0607289597959637,-0.23445638135469
0.092235775903915,-0.312119688898436
0.0647888765187703,-0.341233752981612
0.0216117299012139,-0.337235602678771
0.00830507878412375,-0.294521575222543
0.0336525489732762,-0.21716701096693
0.0870335250857033,-0.115792553841516
0.135814279491962,-0.0223527027969999
0.14095478503585,0.0446127834533855
0.107240486559122,0.0589228343976774
0.0455698732675622,0.0142019935423786
-0.0289134067435717,-0.086709345478989
-0.10348930889532,-0.206639001865345
-0.192529631520862,-0.31154851973617
-0.316735325777544,-0.361919265705811
-0.471907560762713,-0.335197907126999
-0.620472746897977,-0.229007149439182
-0.705731027680812,-0.0601886674999873
-0.654387717516258,0.127570947039445
-0.441851788205273,0.268695540037942
-0.140507114880488,0.332928692171283
0.141772943753669,0.289751524408085
0.30705637340571,0.183854065231564
0.340600838545021,0.115422073737315
0.273048767959429,0.151559967272083
0.214681653718053,0.294768556319839
0.221983328445846,0.482744279319404
0.26695115991398,0.626246149961942
0.306701295787064,0.615749047330546
0.24138758443654,0.453630181403202
0.0465732762666102,0.199646070425684
-0.244474966568332,-0.0182464750038863
-0.517986824085191,-0.0925445107337916
-0.671985831192151,-0.00529487348746713
-0.673159025237334,0.165947208267537
-0.545325669240269,0.300186915598184
-0.3954329089575,0.292144263745476
-0.310745797336931,0.101019396423281
-0.314527856096152,-0.168154694865442
-0.364790539377469,-0.367646385188803
-0.377464289802636,-0.397177272164949
-0.321011346731356,-0.244505839205494
-0.197731882339074,-0.0145416062958276
-0.06644063027299,0.144628781106747
0.0208090075019755,0.129855615230255
0.0571167132285194,-0.0543226253788944
0.0571938990505527,-0.306732185340739
0.057301957509748,-0.479409899173803
0.0587067174792868,-0.472880057291572
0.0283268012627239,-0.283854630795472
-0.0585677863829295,0.000632914899151683
-0.192035652409757,0.242020498873131
-0.3472078535619,0.340569982824372
-0.422694547144903,0.268278750977999
-0.35413905664375,0.107950591046874
-0.142637419885489,-0.0704542380400536
0.114974403581953,-0.209186104388545
0.277479169015565,-0.268016308187352
0.231106573348764,-0.292437562256772
0.00523312609857899,-0.31352443618059
-0.271412450523791,-0.302703145484223
-0.44517074049055,-0.252224319909745
-0.406748195681486,-0.158228727563286
-0.188516019524671,-0.00836682670165294
0.0969440391527649,0.151899583197378
0.273635364982021,0.284858016878007
0.266657861402684,0.337034905162448
0.12108743102947,0.309711521700721
-0.0458014307336621,0.217182438827254
-0.0997226949129373,0.12397414101971
0.0308584611236512,0.0641868347193415
0.264157076293483,0.0324175948518208
0.463633355673033,0.0220902748083022
0.508940786149949,-0.00455390006304002
0.386402265049555,-0.0430382155211991
0.176861133791903,-0.0814144682910346
0.00600497321745016,-0.0803647563362436
-0.00884537213738231,-0.0576570055244958
0.105835722360454,-0.0204539573726634
0.2707795360872,0.0168417118625012
0.378992561466464,0.0288516593546836
0.376692456957073,0.0289134067435717
0.292916130424066,0.0299013713094745
0.195277414643873,0.0527171805804176
0.175008690979617,0.0873885688713228
0.244938073042275,0.115761681204354
0.376198460929454,0.0892255669067711
0.494599845651981,0.00253165959660673
0.55904912316197,-0.118370529001879
0.556363085313283,-0.229763554424421
0.505482915455699,-0.260930758836205
0.451360966447486,-0.175101325807617
0.383561880931572,-0.0031800116733811
0.298180109600088,0.195138479318387
0.171442757597044,0.311934453075465
0.0247917405173129,0.309263843087102
-0.0560361244074381,0.204045598844658
-0.0289905904510409,0.026211941034561
0.12025383599307,-0.123788896738481
0.31563930486701,-0.217213311464416
0.470533669201208,-0.242792348635207
0.492562183933237,-0.239843884912387
0.349029423737024,-0.243039329732503
0.113322649827733,-0.26659611612836
-0.114650223975239,-0.285228522356977
-0.227741320566001,-0.274577022706745
-0.181090854248229,-0.213307762156548
-0.0347485741129385,-0.10122007702309
0.130148922199807,-0.0039827330153374
0.229532001187449,0.0269683502489281
0.224777428982857,-0.0230319283038978
0.156962898690105,-0.154215132483608
0.0866167191092463,-0.287281645769073
0.0409542279301982,-0.357581499477675
0.0342854655244311,-0.316349392438249
0.0256716466240204,-0.166966039126909
0.00108058644219659,0.0554803957928806
-0.0372030460372682,0.249476536786734
-0.062627703105736,0.341588830600258
-0.0582590473239246,0.307473162465654
-0.00952459764428023,0.161640297760049
0.0557582622147235,-0.0362150835859296
0.113693129931934,-0.207704150138717
0.154369495669418,-0.295015537417134
0.1796088999984,-0.293996689641249
0.212921845733766,-0.218278459737788
0.250341004460297,-0.117799359839612
0.281554526286081,-0.0466350257700625
0.26074550609672,-0.0221057111268832
0.166966039126909,-0.0431308376618134
0.0141093714017643,-0.0841313703186262
-0.147870543340862,-0.0944741266807258
-0.244119922782713,-0.071071711928935
-0.238315630165072,0.019929101395268
-0.132557080939266,0.159154940511172
-0.0188022036184437,0.307195291814682
0.0225842560339715,0.425318839719265
-0.0343935239836264,0.481123406660603
-0.145755674654443,0.45142271172181
-0.263308053396759,0.327417698064938
-0.304370335557024,0.162720890810259
-0.266457180802875,0.00132757771583255
-0.199568880374523,-0.103767171088034
-0.162690018173097,-0.108969421906246
-0.20216228339521,-0.00060204100646722
-0.304895187305291,0.18447155180783
-0.423034163070198,0.35413905664375
-0.486757891315596,0.437405959288814
-0.450450181359924,0.418156083400444
-0.348782442639728,0.26063746032491
-0.22825072753743,0.0498922200936306
-0.116765084203402,-0.13805263872703
-0.038808490835745,-0.242591668035397
0.0642022710379225,-0.244629329754142
0.218139524412302,-0.162412147522126
0.396374549765711,-0.0584906005608962
0.520333246008582,0.00656070341793075
0.513803437959379,0.0214573603717114
0.353768584997806,-0.00645264495873546
0.0698367599220438,-0.0586604085235438
-0.196697606702864,-0.0952768490799642
-0.310961922713579,-0.135798843173381
-0.21613273533072,-0.199460817686199
0.0328807013257639,-0.296636410075935
0.305713337564853,-0.403599051358856
0.438008018004756,-0.474516391643724
0.359387607959448,-0.450820686838895
0.129701252044445,-0.307257037089006
-0.114943522486534,-0.0624887720093788
-0.236586694817947,0.189982528997662
-0.210143189973594,0.333221990682579
-0.0893645022322567,0.32278659949248
0.00767216381889194,0.177957154702437
0.0177061805933456,0.0107441165044367
-0.0478391051397917,-0.0421737478476368
-0.127030658972596,0.0768142592722516
-0.183344641343621,0.284657353194711
-0.200989089350027,0.471506199563094
-0.187929422502079,0.49027750728417
-0.148719566237587,0.340801536061344
-0.075610175673394,0.104214849701653
-0.00572710838153039,-0.104153095969073
0.025887763542411,-0.201112579898675
-0.0493673641162352,-0.197654692287913
-0.256315105040585,-0.163400105744336
-0.511055654836368,-0.156731345453133
-0.703986664473363,-0.18871670012448
-0.724255354304592,-0.206191340168239
-0.570920151187898,-0.164604189343194
-0.320332148713792,-0.0526708716246746
-0.093300924177287,0.110019142319294
0.0109756707986904,0.253289468183117
-0.00876818737263108,0.33996792410843
-0.0896886733807142,0.345648726177423
-0.159818744501439,0.289334735348142
-0.166904293852585,0.215962927368072
-0.121071994710889,0.159077767376524
-0.029052337839929,0.136339139698486
0.0849649738132833,0.129176391837921
0.183684257268916,0.124823172374691
0.270547982850228,0.081198351372644
0.290631453774999,-0.00723992945346972
0.240245246112006,-0.12997911423716
0.125888320648063,-0.270409047524743
-0.0158228736021543,-0.37545748380454
-0.109108357231732,-0.418835315251034
-0.0995837595874517,-0.397393397541596
0.0260884441422206,-0.305420039053558
0.236957166463891,-0.184101063245373
0.43729789660049,-0.077586109034328
0.519700331571992,-0.0277401978964403
0.439351020012586,-0.047175318066039
0.225178773265962,-0.10038648198669
-0.0391481025319119,-0.127138713202663
-0.236108143567166,-0.078604948351957
-0.297454594168525,0.0621800329503739
-0.225950623028039,0.2586769548243
-0.0767062050421847,0.44345723300375
0.0561750597329237,0.566705841675383
0.137357979016115,0.597888457030978
0.134486705344457,0.534365426301903
0.0903679052313047,0.422972417795874
0.0226768781745858,0.303397805195138
-0.0666567471913806,0.209741828773975
-0.158769024088391,0.14907462693972
-0.243641371531932,0.102331534252205
-0.308584611236512,0.0655452857331373
-0.331446737921455,0.0283576760144501
-0.275719361031278,-0.00662245133545994
-0.131121452561693,-0.0185706503814721
0.0774934826645853,-0.00717818153594053
0.289211244799494,0.0175055010508181
0.445201630044226,0.0455390006304002
0.534766787501522,0.070238121121663
0.550574254388994,0.128342796801521
0.527449684913404,0.213770868630491
0.465933460182425,0.331523911056103
0.376815947505721,0.445494928555521
0.261486483221635,0.501855236798802
0.118123539446326,0.482404663394109
-0.0428529712399705,0.397609522918244
-0.173526753646302,0.296327683704316
-0.247315367602828,0.242437287933074
-0.246234774552619,0.272246045560191
-0.162813508721745,0.360962197037276
-0.0701763716182107,0.448211822124856
0.00873731314954597,0.46648916765134
0.035366050116384,0.383963242131191
0.0157919988504281,0.242637968532884
-0.0247917405173129,0.120485389230041
-0.0713958915356492,0.0858911867611696
-0.096928602834184,0.161871850997021
-0.134301461063228,0.270964771910172
-0.191171184736195,0.31244384313038
-0.260174353850967,0.199538007737361
-0.335861711117266,-0.0442422991200567
-0.365130155302764,-0.338455114137953
-0.323790019408041,-0.547811009572632
-0.2157313741311,-0.570688597950926
-0.0442577354386377,-0.395046975618205
0.152625115545455,-0.104894073093987
0.347856229691842,0.160544276849515
0.495834818804514,0.270270112199257
0.558925632613322,0.196219072368597
0.542284587605963,0.00853663307837742
0.432327215935763,-0.172847521795711
0.250680620385592,-0.260143464297291
0.0641250894450175,-0.212211741246014
-0.0872341972272561,-0.0688333569229958
-0.1478396707037,0.0645264506446367
-0.12025383599307,0.115144203086344
-0.0233406673629027,0.071056275610354
0.0805808732546342,-0.0444892886756093
0.137821085490058,-0.149445115502177
0.152841240922102,-0.174252285994378
0.14385693134467,-0.0829736041337684
0.190013418551337,0.082201754371692
0.284827161157358,0.279146359088366
0.408847602674554,0.423543586958141
0.490045954047198,0.476615798636793
0.462166829283529,0.425010079514618
0.293178539381686,0.27522536500366
0.0248071768358939,0.0859529320354936
-0.22006915727575,-0.0976232710033554
-0.327294207516291,-0.208074638701174
-0.264280566842131,-0.211424463623613
-0.0758262925917846,-0.116039551855325
0.141541390516698,0.0143100520015739
0.24961547211222,0.0964500600416598
0.184224553794021,0.0873885688713228
-0.0200062872173013,-0.0414636475890127
-0.257426570727956,-0.24149563020835
-0.418233256535092,-0.419653465510597
-0.457211576479126,-0.517832477815895
-0.4056367130776,-0.483639636546642
-0.324654487081604,-0.357164710417732
-0.273079640596591,-0.208414254626469
-0.257164144853823,-0.121272675310699
-0.275317999831659,-0.134594759574524
-0.300356723560832,-0.253768019433897
-0.330535952833893,-0.403552733944856
-0.361734029882839,-0.497270455640343
-0.38948966409786,-0.494862288442628
-0.43424138710586,-0.397655806499216
-0.438733533436319,-0.237389400300672
-0.353490714346835,-0.0874811952410654
-0.176768515880417,-0.0155913193079006
0.0597564294340777,-0.0257951435163609
0.255790253292318,-0.108583505483465
0.306176444038797,-0.209170659611708
0.198333924138503,-0.288748138325551
-0.022059400056576,-0.307627542567977
-0.247809346713933,-0.255605000552832
-0.352209423780302,-0.164650506757193
-0.307473162465654,-0.0742517288887265
-0.184610470216802,-0.0194042454178725
-0.082155445415949,-0.000432234596702675
-0.0904142141870477,-0.00143563630718811
-0.205326872494677,0.00785740704283845
-0.341650575874582,0.0556347674369473
-0.391820658160927,0.12997911423716
-0.266904859416494,0.199646070425684
0.0273851477671283,0.214820589043538
0.36889678620166,0.132402717753456
0.608601752705075,-0.0278791311073618
0.647580038816083,-0.214249419881272
0.48061398277266,-0.366658426966593
0.20216228339521,-0.415562680379757
-0.0515748464850124,-0.344336579890242
-0.175533559644398,-0.207688722278392
-0.152949286693913,-0.0880060469893325
-0.0165947201923844,-0.0341465323135097
0.131075135147694,-0.0413555891298174
0.22193702794836,-0.0634921750084268
0.239843884912387,-0.0275858283669379
0.173881797431921,0.0941808281694303
0.060867890892321,0.245416624293056
-0.0754403677107464,0.334472391695436
-0.190600015573928,0.278266446637965
-0.276275085416707,0.0753786224364224
-0.310838398331904,-0.192992737994806
-0.260930758836205,-0.389304428274888
-0.134764567537171,-0.408430813614611
0.0555884542520759,-0.242869521769855
0.260560270273748,0.00693119039446483
0.419252104310977,0.170022565538053
0.49711607553802,0.141911870620898
0.484612166908528,-0.0844401136067595
0.390307814357423,-0.358384221876913
0.254107618442679,-0.511395270761663
0.101991926785167,-0.444167354408016
-0.0615779911509451,-0.137790212852896
-0.195725076340978,0.234595316680176
-0.246944879040371,0.502580752230365
-0.18959661257488,0.543550416479145
-0.0229547445964287,0.365670468744383
0.243625943671607,0.0846407942065691
0.474423756815725,-0.117953731483678
0.568434777022508,-0.135721661580476
0.463942082044653,-0.0151436470379743
0.196111009680273,0.133838354589285
-0.132078538146742,0.139550020837183
-0.361965583119811,-0.0404293719528028
-0.377294481839988,-0.336417452419208
-0.1908315688109,-0.584566431974951
0.0786358209891189,-0.631309465454668
0.282310931271319,-0.460036532736785
0.312397559549408,-0.111068854274085
0.153674835958503,0.260869013561882
-0.0809667981356724,0.486171294293005
-0.249090620363953,0.498752409890172
-0.260668332962072,0.335259652401323
-0.136123022780096,0.0988119098253753
0.0245447488471961,-0.0920814042598484
0.0819856374533014,-0.186987764777355
-0.0253937823167417,-0.186632720991736
-0.274993811766688,-0.161115446011782
-0.557428250503169,-0.164573316706032
-0.728176331472785,-0.17344956359514
-0.717185266646797,-0.1804888124488
-0.548613731971871,-0.138083511364192
-0.312644540646703,-0.0355512965121768
-0.0952614127613832,0.103118820332863
0.000355049831951452,0.240739225223111
-0.0113307209280024,0.332125969772045
-0.0723838582161162,0.359356752238799
-0.140213807910936,0.308136932622893
-0.157055516601591,0.228929959388021
-0.125857448010901,0.150000839887606
-0.0387158686951307,0.107610975121579
0.0762739712054035,0.119373932000927
0.199846751025494,0.140862167124364
0.293302029930334,0.122183451940004
0.303243425092814,0.0101883868325972
0.230612594237659,-0.181152599522553
0.0968205486041171,-0.353521570067483
-0.0386386828730974,-0.412228300234155
-0.132186600835065,-0.290291837849704
-0.16449612665487,-0.0559589428145331
-0.136848555128172,0.179284728849943
-0.079145236418805,0.291295223932238
-0.0141865561665155,0.248056344727743
0.0588610891233534,0.141356146235469
0.0928378177033438,0.0488733807760017
0.0786358209891189,0.0475921155842391
0.0175518110638432,0.108444570157979
-0.101714056134196,0.176783943740741
-0.181739213461657,0.201205197810161
-0.157395132526886,0.188469719027184
0.000663788857916276,0.16553040229108
0.24941479151241,0.125811139055158
0.446174160406112,0.0800251488692051
0.486943127138568,0.0224916360079214
0.349183803839347,-0.0118247032109538
0.106869997996664,0.0246836820581176
-0.102717459133244,0.135227674011114
-0.186323977703603,0.300619166351479
-0.154539303632065,0.400681460273198
-0.0864469196048555,0.382450432160714
-0.0530259196394225,0.240137183423683
-0.0929767445705727,0.0249924211171225
-0.173387818320816,-0.125733949003996
-0.207688722278392,-0.143702568158861
-0.138639244207878,-0.0124421813289636
0.0168262744866381,0.17432947604554
0.143579060693699,0.308661818204187
0.154786284729361,0.314188240170856
0.0160389905205449,0.163585358483821
-0.240600289897626,-0.0794076707511954
-0.446282223094436,-0.314697664058799
-0.463617893979682,-0.446035208164113
-0.26679679672817,-0.462336637246176
0.0874348778270657,-0.389736679028183
0.428591474590543,-0.294552430943191
0.60361557651397,-0.243718561583093
0.562491565995895,-0.239195525698959
0.35378401285813,-0.266333690254227
0.128790466956883,-0.272292346057677
0.00924673227971941,-0.232696573370403
0.0643566426819891,-0.156468919578999
0.237837078914291,-0.076536397079537
0.416087532128024,-0.0187558925481365
0.465084420369187,-0.00470826959254247
0.359511132341123,-0.0421583072999274
0.134039035189095,-0.112350119465847
-0.0983488033514321,-0.201097135121838
-0.218973119448702,-0.264651055404588
-0.197021777851322,-0.268386796749809
-0.0357211002456961,-0.216580397027825
0.180118323886343,-0.0851193369990932
0.359634622889771,0.102563095947434
0.427495453680009,0.310298118723312
0.376059508687455,0.482312062399137
0.223341792147027,0.566180989927116
0.0335599289472261,0.544322283157735
-0.12916095551934,0.427140376061362
-0.24169631080816,0.26404901360516
-0.264481247441941,0.127169585839825
-0.21628709851653,0.044134236431733
-0.141217210909984,0.0229393061632835
-0.0763820254354704,0.0410314095231032
-0.0472061907032009,0.0526554353060937
-0.0732483258896786,0.0293302042617719
-0.144350910455775,-0.0096480934793386
-0.219667796076131,-0.0512506711074265
-0.263570479270892,-0.0685400541825719
-0.259278996623729,-0.0630136279867742
-0.178759877101675,-0.0481324078802156
-0.0246528073063914,-0.0768760045465755
0.173048202395521,-0.169034590399329
0.38022750078597,-0.301715187262013
0.523729371428508,-0.42079580383513
0.57726472341413,-0.473173389635895
0.508246126439034,-0.411657131071888
0.338794730063248,-0.2354906569909
0.135690788943314,0.0348411941389886
-0.0393796599980118,0.302409846972928
-0.107333112928864,0.487653248542834
-0.0721986139348876,0.544414884152707
0.0201760930653847,0.446699012154379
0.102146298429233,0.237682715728481
0.0894571201437427,-0.0017289383868107
-0.00246991194339807,-0.196851986805188
-0.105125626330959,-0.291372430899913
-0.12770988236493,-0.276444893379355
-0.0470672596068437,-0.185104466244421
0.125733949003996,-0.0779720339153662
0.285382868626274,-0.0199908487841561
0.325843142820137,-0.0308893358753773
0.230180360400878,-0.0931774251703823
-0.0104353774454318,-0.129114646563597
-0.255126466218565,-0.098858227239375
-0.399276712991044,-0.00413710254483984
-0.40909458377185,0.131893293865513
-0.327417698064938,0.228219854900268
-0.252008194533097,0.220578564247179
-0.266225627565903,0.0839461344956544
-0.357365374101028,-0.106468636797045
-0.448397057947828,-0.249059747726791
-0.430922434820583,-0.260112591660129
-0.26457388226994,-0.111871576673323
-0.00938566549064086,0.128898529645207
0.21903488163954,0.340477347996373
0.290106602026732,0.402595631443294
0.198797030612446,0.296667299629611
0.0120408201293444,0.0581972978204723
-0.121195493717794,-0.216148163191044
-0.0834212742891305,-0.394676470139234
0.114279735412782,-0.414327707227224
0.34621989533969,-0.319189810389258
0.458230390421985,-0.191788654395948
0.325657873164138,-0.122198888258585
-0.0226305671042787,-0.136678747165525
-0.413077340047393,-0.18871670012448
-0.648753232861265,-0.201282387861323
-0.649278118442559,-0.127354830121054
-0.422972417795874,0.0458323033708241
-0.116070424492487,0.230072297712554
0.105465242256254,0.333206562822255
0.148935691614234,0.307519479879653
0.0251313543280439,0.163214869921364
-0.167321099829042,-0.0283731123330311
-0.349971064545234,-0.145709374156956
-0.466396566656368,-0.118926261845564
-0.535862842245083,0.0385769375987734
-0.597780462008708,0.254972086116242
-0.659512812116335,0.416566066462291
-0.687716091111948,0.470116846308237
-0.620040496144682,0.420471615770159
-0.401576817500436,0.315886285964306
-0.0738966766448503,0.21986847667594
0.244830010353951,0.19564790320633
0.444584143467959,0.239535141624254
0.474115030444105,0.310575989374284
0.373852039006063,0.346775636641632
0.223573345383999,0.301931278805633
0.0920814042598484,0.181770086098819
-0.0135382043540617,0.0449215225123904
-0.113538766746124,-0.0745295910814411
-0.21676564976731,-0.135814279491962
-0.287420564178045,-0.126413180854587
-0.266657861402684,-0.109586900024256
-0.0870489614042843,-0.0963265610347552
0.232418702719432,-0.121859280791547
0.567184409842677,-0.165267976416946
0.75392515968971,-0.196697606702864
0.66374248182312,-0.228883641974021
0.262783184731978,-0.22829704495143
-0.300356723560832,-0.194150521096177
-0.75935894682838,-0.162798063944907
-0.929860080533727,-0.134301461063228
-0.755530604488187,-0.119759856881965
-0.37536484897654,-0.109756707986904
-0.00166719060144177,-0.0921585858527534
0.158074364377476,-0.0665486887321853
0.0381447037619922,-0.034995563668491
-0.238562611262368,-0.031475939241661
-0.456455171493888,-0.0719207432839163
-0.440462468783444,-0.138762734756526
-0.160575149486677,-0.218865073676892
0.280906167072652,-0.265484650440989
0.639753512340022,-0.233530168406804
0.748877272057308,-0.163569913706984
0.592794285817604,-0.0858757504425886
0.263771159870702,-0.0438872468761805
-0.0486881364947731,-0.0688487932415768
-0.242236607333264,-0.140707795480298
-0.319251555663582,-0.194397502193473
-0.341326387809611,-0.15041762894755
-0.367924255839775,-0.0069157535472428
-0.409897306171088,0.196404308191569
-0.416458037606994,0.352703419807921
-0.313663388422589,0.36133266868322
-0.0832205936893209,0.190800696173738
0.199599753011685,-0.12874415800114
0.431354685573877,-0.437884493623081
0.531324378500624,-0.597903952557356
0.481509339999898,-0.54762577374966
0.34006055893643,-0.314466110821828
0.20765784964123,-0.0167645270977499
0.162859809219231,0.173356945683654
0.208738425774927,0.173465008371978
0.298905658864678,-0.00507875656907654
0.355837136270226,-0.23218714948246
0.348180383923786,-0.366797345375565
0.294367195120219,-0.319591171588878
0.228837341476535,-0.086678472841827
0.176413455178284,0.220686626935503
0.126891723647111,0.466288503968044
0.0704233654028916,0.566335370029439
-0.00705468570088216,0.496575795929429
-0.0797472782182338,0.326877418456347
-0.108645250757789,0.171921308847825
-0.0695588935002009,0.075610175673394
0.0256870829426014,0.0594168177379109
0.102810085502986,0.0984723023583368
0.121658600191737,0.129438817712055
0.0374654761405301,0.154076197158122
-0.106993497003569,0.152038518522864
-0.197994308213208,0.15010890257593
-0.160482531575191,0.171813246159501
0.019265312206951,0.177494048228494
0.262999310108625,0.150680071738197
0.454185922705145,0.0810748608239961
0.484998066414796,-0.00341156570331425
0.334920070309055,-0.0465269673108672
0.108706996032113,0.00808896133709212
-0.0848877837621217,0.16119261914643
-0.166873421215423,0.322879234320479
-0.136879427765334,0.414065298269603
-0.0833904016519686,0.378730118675817
-0.0611148846770019,0.2140641840583
-0.102547651170596,0.0233252310443217
-0.168972845125005,-0.0957245276935831
-0.186601848354574,-0.102099981015234
-0.131955047598094,0.00597409952300609
-0.00192961872229977,0.14137158255405
0.122692875827947,0.252949852257821
0.153674835958503,0.2827894825221
0.0575798197024625,0.240291546609492
-0.132433590390618,0.140059444725126
-0.349724083447939,-0.00663788818268198
-0.503182810946308,-0.128311924164359
-0.530892127747329,-0.193718270342882
-0.446776185289027,-0.157827366363667
-0.308553755515863,-0.0386232465545164
-0.17842026117638,0.122523067865299
-0.102732895451825,0.228188982263106
-0.0721523049791446,0.1925450762977
-0.0570395274064861,0.0540756358233418
-0.0140167503184321,-0.131615431672798
0.0634458618235554,-0.266920287276818
0.121118303666632,-0.28211025067151
0.107950591046874,-0.223418965281676
0.0176444332044575,-0.162581955484773
-0.0901363519943332,-0.165283421193784
-0.113615948339029,-0.267383393750761
-0.0102038231511781,-0.431277478606202
0.17428315863154,-0.574347166161499
0.349353611801995,-0.627851594760418
0.381091968459533,-0.558261828623056
0.21008144469927,-0.392005893983899
-0.0964346237230788,-0.176984624340551
-0.390709175557042,0.00753323113661153
-0.527218131676432,0.0817695205349108
-0.45421681225882,0.0318927367598611
-0.201575686372619,-0.101852991459681
0.119821602156289,-0.256932591616851
0.361718602022515,-0.344475532132241
0.43725157918649,-0.305358293779234
0.385723067031991,-0.147669862741053
0.252857234346335,0.119096061349955
0.112813225939791,0.406593815579162
0.00549555408727672,0.603214249147378
-0.0897967360690379,0.674378570529542
-0.197222458451131,0.59165194749307
-0.325611589583166,0.408322750926287
-0.418449381911739,0.182943280144002
-0.433037303507002,0.0019759295282864
-0.335444922057322,-0.117536933965478
-0.169559459064109,-0.171257521774072
-0.00554186462894283,-0.167722461028661
0.108367388565074,-0.141170901954241
0.135752534217638,-0.0706703549584441
0.0907692664309239,0.0513124206108788
0.0441033637945711,0.206206768028563
0.0132449026709199,0.372848652923528
0.0103736300565437,0.464111890007301
0.00690031617137971,0.453568436128878
-0.0309202106271035,0.326645865219375
-0.101791246185357,0.103118820332863
-0.161022811183783,-0.10287183077731
-0.143841486567833,-0.215916609954072
-0.0305651604977915,-0.180751238322934
0.161300681834754,-0.0585832227015105
0.368479997141717,0.0615162416474928
0.490184906289197,0.0901209072174954
0.505791641827319,0.00179068617217962
0.424500689459703,-0.137172734734886
0.297238468791878,-0.239951947600711
0.198056053487532,-0.229578318601449
0.137574095934506,-0.0889477047140566
0.119312178268346,0.112905852309533
0.114372361782524,0.269637197762666
0.115900616529839,0.306670440066415
0.142405866648517,0.208522317314793
0.196203627591759,0.0257642687646347
0.268232433563999,-0.140090317362288
0.335213368820351,-0.223141111547218
0.331462165781779,-0.19058457079709
0.217583800026873,-0.0747611443184126
0.0103273189862365,0.0788982468632525
-0.19461362757012,0.233715421146289
-0.30125208078807,0.347701849589518
-0.247315367602828,0.445278803178874
-0.0605591518333161,0.506084940338615
0.160822147500487,0.520827242036201
0.292468451810447,0.460762082001375
0.271350705249467,0.327587506027586
0.139225849688725,0.150525691635873
-0.00250078590216266,-0.0396575221907263
-0.049938533278502,-0.202347536134695
0.0541219447790848,-0.327772741850558
0.261424737947311,-0.401762053323408
0.459326445165546,-0.439073149361614
0.519993630083287,-0.434334021933859
0.40060428713855,-0.376862231086693
0.147268501541434,-0.246821388491723
-0.111470215473704,-0.0508647504555166
-0.249754407437705,0.153674835958503
-0.189828165811852,0.287945415926312
0.0273697114485473,0.264265138981807
0.306161016178472,0.0805654369360532
0.528036281935995,-0.175934920844017
0.612368315937918,-0.388733259112622
0.554171043492215,-0.46559384425713
0.370085441940194,-0.387282194416468
0.123696278826995,-0.195153907178711
-0.117197318040183,-0.0117629558220657
-0.284626463641035,0.0628592563427076
-0.339906178834106,0.0110991666337487
-0.286031244756216,-0.110636620437304
-0.176768515880417,-0.171674310834016
-0.0585523500643485,-0.0996609496386134
0.00222292080192236,0.114758278205306
-0.00963265610347552,0.368155809076746
-0.0851193369990932,0.503151921392632
-0.163708849032469,0.431385541294526
-0.191202057373357,0.175687922830208
-0.144783144292557,-0.152547942410807
-0.0481015352430536,-0.394923485069557
0.0193116232772582,-0.458600895900956
-0.00673050979465523,-0.335661013600943
-0.123017046976405,-0.122862683790595
-0.254107618442679,0.0366010084669678
-0.291650301550885,0.0594168177379109
-0.134054471507676,-0.0766753239467659
0.192730312120672,-0.278667807837585
0.560685457514122,-0.40676362354181
0.808942465925161,-0.378730118675817
0.809513635087428,-0.178034344753599
0.537545460178208,0.137990893452706
0.124051322612614,0.45938819043987
-0.259078316023919,0.649972778153474
-0.457551192404421,0.630815503260076
-0.398937097065749,0.429903620877724
-0.16557671970508,0.126397744536006
0.0612692520919402,-0.194582754932958
0.164820314719841,-0.384395492884486
0.0956010286866785,-0.413447811693337
-0.0960332625234596,-0.305929462941501
-0.269343899251371,-0.118355092683298
-0.340245794759401,0.00330350724411895
-0.298643216074031,0.0159000583669055
-0.207225615804449,-0.105866603455873
-0.129207264475083,-0.305126740542262
-0.112627981658562,-0.453475835133906
-0.139935945718221,-0.487236425649864
-0.165514974430756,-0.374346035033682
-0.136972054135077,-0.163446423158336
-0.0479934767838583,0.0657305300143659
0.0421274346627654,0.231909295748003
0.0659620832513375,0.31662726308922
-0.0196357986548441,0.350773786944473
-0.19890509330077,0.379934202274675
-0.389335317828564,0.441651124521977
-0.500419599962973,0.512506719532522
-0.491635970985351,0.538517990540094
-0.376260206203778,0.476584942916144
-0.196327118140407,0.310437037132284
-0.0310128306531536,0.0712415198915826
0.0935942226885825,-0.133220876471275
0.150880735421493,-0.222214881682818
0.153721136455989,-0.189303314063585
0.133344367019923,-0.098904536195118
0.0910625649422194,-0.025486404457356
0.0453074473934286,-0.0225996944671167
-0.0135227680354807,-0.0699756910184011
-0.084748848436636,-0.0931465525332204
-0.151668029960407,-0.0560052517702761
-0.194536437518958,0.0742980378444695
-0.203814045607686,0.224098197132266
-0.176675881052418,0.305728799258205
-0.122615685776785,0.278528872512099
-0.0612229431361972,0.134471269025876
-0.0201297819950776,-0.0565455440662526
-0.00495526073401817,-0.196219072368597
-0.0130287857525293,-0.217938843812493
-0.0325410896295971,-0.129500571444636
-0.031074580156606,-0.0294536990395482
-0.00572710838153039,0.00149738409255703
0.0600342958559206,-0.0594168177379109
0.151174050849302,-0.153242602121722
0.212474167120147,-0.207364534213421
0.196018391768787,-0.14592548261709
0.0969440391527649,0.0246219346692294
-0.0472988128438152,0.216009227865558
-0.184054745831373,0.343765410727975
-0.20972640091365,0.347732739143194
-0.112766916984048,0.238192122699911
0.0953077217171262,0.107086114915055
0.284919762152331,0.0223218280452738
0.342931832608088,0.0334827431251927
0.217028075641444,0.116363723003783
-0.058104675679858,0.183159405520649
-0.342422408720145,0.177355112903008
-0.507983683648387,0.0698676325592058
-0.456053810294268,-0.0491821198350066
-0.230674339511983,-0.115715372248611
0.063631106104784,-0.09231295749682
0.240955350599759,0.00234641637266022
0.204601323230087,0.0846099215694071
-0.0169343340031155,0.0947519973316971
-0.315484924764686,0.0123649965642124
-0.528545705823938,-0.101266385978833
-0.572695370115995,-0.17862094177619
-0.468727526886408,-0.156592410127647
-0.305003249993615,-0.0237729011996839
-0.153041921521912,0.138098947682773
-0.0822789444228536,0.234379208220042
-0.0753014408435175,0.202393836632181
-0.0718126890538494,0.0535816524831083
-0.0253629075650155,-0.137929139720125
0.0607135234773827,-0.265932329054608
0.121473355910508,-0.285830547239893
0.109880206993808,-0.229624619098935
0.0136617001891201,-0.167382845103366
-0.0986112292255657,-0.158058919600639
-0.127987744557645,-0.263246291205921
-0.031830989370973,-0.428653219864867
0.161686615174049,-0.57286521191167
0.336926842474124,-0.634890826697565
0.359758113438419,-0.572602735287996
0.190491952885604,-0.400033117976283
-0.0991360894320895,-0.167907696851633
-0.383947814270867,0.0160081168261008
-0.516921692728333,0.0925445107337916
-0.448782991287123,0.0494754225754305
-0.208445127263631,-0.0918344147042959
0.0949372416129257,-0.249059747726791
0.336571798688505,-0.351206037697768
0.456022920740593,-0.359248689550476
0.434334021933859,-0.295154489659134
0.331523911056103,-0.191696036484462
0.213523887533195,-0.097916569514651
0.143995866670156,-0.0465269673108672
0.127354830121054,-0.0448289003717761
0.154585604129551,-0.0446745329568379
0.235691337590709,-0.0107441165044367
0.339906178834106,0.0526554353060937
0.439397337426585,0.14711412143911
0.490925849581085,0.228003746440134
0.441697441935977,0.252270620407231
0.252394127872392,0.197068095265321
-0.0616243001066881,0.0923747027711439
-0.400835840375521,0.00463108482779124
-0.642130756151035,-0.0130442220711103
-0.681664783563985,0.0554803957928806
-0.507474259760444,0.196666734065702
-0.179392791538266,0.315438641183714
0.133051068508628,0.350742931223824
0.298967404139002,0.276136150091222
0.257781614513576,0.128219306252873
0.062658575742898,-0.0142328672368227
-0.1357834068548,-0.068246751442148
-0.201405878409971,-0.0129207262360519
-0.0970057928853457,0.108197580602427
0.1010039601047,0.216688459716149
0.260961631473367,0.222955858807732
0.286972885564426,0.151312986174787
0.158522026074582,0.0378822736587303
-0.0490586250572303,-0.0222292080192236
-0.20599065956843,0.023448725822098
-0.249121493001115,0.13805263872703
-0.160853020137649,0.243934670043227
-0.0329270123960711,0.249522854200734
0.0231708615148193,0.134764567537171
-0.0326645844073734,-0.0553260283779424
-0.174221413357216,-0.241557392399187
-0.282588801922291,-0.321520770619298
-0.280520250649871,-0.265639030543312
-0.140923912398688,-0.112134002547457
0.103134256651444,0.0483176521614442
0.310684052062607,0.127123276884082
0.385599576483343,0.103612807902225
0.317059513842515,0.019913665076687
0.1452925681805,-0.0543998112009277
-0.0425133595438037,-0.0530104833208415
-0.172662285972739,0.0228466861372334
-0.236941738603567,0.139781574074154
-0.242792348635207,0.24464477453098
-0.260884441422206,0.289936794064084
-0.315021818290743,0.275040129180688
-0.405250813571332,0.213678250719005
-0.486233039567329,0.139565457155764
-0.491929269496646,0.0898121723876189
-0.429100898478485,0.069281027078358
-0.285707056691245,0.072013369653659
-0.112782353302629,0.0946284983247925
0.0600188595373397,0.143579060693699
0.21469709849489,0.217907971175331
0.320208658165144,0.294104752329572
0.366998042891888,0.327108971693319
0.336185899182237,0.269235836563047
0.214434672620757,0.0941962644880113
0.0277247615778593,-0.168972845125005
-0.16532972169127,-0.436541491615251
-0.295478643891078,-0.606795610390276
-0.313323772497294,-0.608277564640104
-0.230658894735145,-0.440416151369444
-0.0724919124461831,-0.138021766089868
0.0762122174728228,0.177725601465466
0.110405058742075,0.415331127142785
0.0403213134936075,0.508601170224653
-0.0954620933611928,0.478699811602564
-0.211964760148718,0.384472666019134
-0.222261199096818,0.283854630795472
-0.104137659650492,0.215777674628587
0.104662519857016,0.154925220054847
0.29256105280542,0.0982561854399462
0.385028407321076,-0.00969440454964575
0.355065269591636,-0.143517315419375
0.220053712498912,-0.26778475495038
0.0503244539304118,-0.341187469400639
-0.0667802419691569,-0.314466110821828
-0.0976232710033554,-0.192637694209186
-0.0669191772946425,-0.0165484101793594
-0.0219822163491069,0.130503974443684
-0.0199599761469941,0.21003512728527
-0.0784968856636333,0.197438583827779
-0.161022811183783,0.108490879113722
-0.23311337934686,0.0188485146887509
-0.242684285946883,-0.0382990711769305
-0.177879964651275,-0.0628438200241266
-0.0859529320354936,-0.0568079741695145
-0.0141402461534905,-0.0634767344607174
-0.00151282107193933,-0.0987192919138894
-0.0587221537978678,-0.155542706631113
-0.117042954854373,-0.206870555102316
-0.135304864062276,-0.204570450592925
-0.0629364421647409,-0.142946146257108
0.0935324774142585,-0.0693427765818103
0.259016570749595,-0.0418032592851796
0.372786907649205,-0.101683183497034
0.381138285873532,-0.252069939807421
0.288053478614636,-0.431401002987877
0.165607592342242,-0.544260537883411
0.079592915032424,-0.556316767899284
0.0858757504425886,-0.446421141503408
0.171797818299177,-0.288038050754312
0.275317999831659,-0.177092687028875
0.336895986753476,-0.174422093957026
0.287096376113074,-0.281431018820919
0.175502670090722,-0.403506416530857
0.0921894584899153,-0.440230915546472
0.109370783105865,-0.319452219346878
0.254323743819326,-0.0596638115225918
0.448119221129884,0.20992708151346
0.57950304881617,0.348782442639728
0.561503607773685,0.28816154130296
0.348211273477461,0.0648660623408036
0.00619021697003772,-0.212026505423042
-0.296574664801611,-0.394599297004586
-0.438918769259291,-0.39677591096533
-0.346266212753689,-0.223758581206971
-0.0611611936327449,0.0178296774856861
0.259510549860701,0.17650607308977
0.475674157828582,0.182526491084058
0.523822006256507,0.0520070845509219
0.435831404044012,-0.120809568836756
0.299739236984565,-0.207333661576259
0.21210367855769,-0.166348569467156
0.212242613883176,-0.00413710254483984
0.244938073042275,0.182696299046706
0.244830010353951,0.335892566837914
0.154323178255418,0.395046975618205
-0.00782653334839438,0.395587255226796
-0.164912932631327,0.386371409328906
-0.225286835954286,0.37820526692755
-0.147793353289701,0.388532595429326
0.0504788255744784,0.36650404686427
0.274129344093126,0.277216743141431
0.406578387718838,0.107641847758741
0.393456958680052,-0.081121169779739
0.24237554265875,-0.215993800005234
0.0335136178769189,-0.255805681152642
-0.141201774591403,-0.212628547222471
-0.216534096530339,-0.142081678583546
-0.205049001843706,-0.125039289293082
-0.130303293843874,-0.207117553116126
-0.0319081751930063,-0.336247644456561
0.0145261689199645,-0.446760757428703
0.00632914912367709,-0.500790071608917
-0.0492593056570399,-0.48092270914428
-0.124082203708033,-0.414235106232251
-0.182217747795925,-0.351869841688034
-0.205126191894867,-0.349986526238586
-0.170902461071939,-0.391758912886603
-0.0945821893690495,-0.421042784932426
-0.0169188966272524,-0.376831375366045
0.0236648427404886,-0.251159171636373
-0.0199599761469941,-0.0700374405218534
-0.175811413378855,0.101714056134196
-0.404015840418799,0.19461362757012
-0.608663464146372,0.195153907178711
-0.701825478372944,0.147391992090081
-0.630892710227751,0.0972682187594792
-0.414404914194899,0.0947365610131161
-0.134594759574524,0.139040605407497
0.0852891449617409,0.196157310177759
0.180272703988666,0.222523624970951
0.162890698772907,0.21012776211327
0.068185006167824,0.184564169719316
0.00296389422634947,0.166719058029613
-0.0100803283734019,0.17142732973672
0.00239272717864684,0.199661498286009
-0.0251931017169321,0.227324514589544
-0.160899320635135,0.217491182115387
-0.373419822085795,0.162798063944907
-0.573698790031557,0.0809976707728344
-0.635770756064479,-0.00514050395796468
-0.502766021886364,-0.0432852050767517
-0.183329213483296,-0.0436865662763709
0.18530514684423,-0.0165638464979403
0.406779051402134,-0.00392098509780821
0.377572352490959,-0.00132757771583255
0.125718512685415,0.0120253838107634
-0.217568372166549,0.026227377353142
-0.47166054583239,0.0735570607195551
-0.523034711717593,0.129994550555741
-0.359449353233772,0.159031449962525
-0.0607907050702877,0.133591356575476
0.226213048902172,0.06085245457374
0.396945718927977,-0.0368479980225204
0.417554058517528,-0.113986436901486
0.32630624929408,-0.149800159287797
0.212628547222471,-0.141772943753669
0.136956617816496,-0.104924945731149
0.119867911112032,-0.0614081831882975
0.161346999248754,-0.0277865089667475
0.243625943671607,0.00115777120694781
0.347393123217899,0.0605745881518971
0.441712869796301,0.130550283399427
0.491620543125026,0.205249682443515
0.443410949422777,0.236509504766786
0.259587739911862,0.193625652431396
-0.0510963036924882,0.107116996010474
-0.395232211441177,0.0217815357492973
-0.647394769160084,0.00104971254951213
-0.695573473308657,0.0727543467785734
-0.509295829935568,0.20574366155462
-0.170084310812377,0.322971869148479
0.162381274884964,0.354308864606397
0.315469496904362,0.271690304258248
0.24567905016719,0.118463146913365
0.0369869291188776,-0.0210714354906732
-0.14918267271153,-0.0695434571816199
-0.180504257225638,-0.00372030476231914
-0.0435476351800136,0.122090834028518
0.122847247472014,0.21127008352129
0.232557638044918,0.212088250697366
0.21500582486651,0.135582726254991
0.121102867348051,0.0292530184397386
0.0497532889972734,-0.042605981684418
0.00205311429303762,-0.0727697830971544
-0.00686944247693564,-0.0902135335872381
-0.0237883396328291,-0.118679263831755
-0.0393024741759785,-0.163924974409117
0.0147114132011931,-0.179716962686724
0.153983562330123,-0.116178478722554
0.314188240170856,0.0305805968163725
0.394228825358642,0.173573054143788
0.304972360439939,0.272770897308458
0.074004739333174,0.30353672360411
-0.14385693134467,0.279609465562309
-0.227833938477487,0.256160741854775
-0.155882322556408,0.259433376726052
-0.0243286319288055,0.278420826740289
0.00850575938393335,0.266812241505008
-0.120392771318556,0.209155231751383
-0.355945165125523,0.126814542054206
-0.550250066324023,0.0713495825799063
-0.581185700582322,0.0605128428775732
-0.423358351135169,0.0901826609500761
-0.169868185435729,0.110235259237685
0.0399353886125692,0.0690803507076767
0.102053672059491,-0.068185006167824
0.0091541111963872,-0.239890202326387
-0.128219306252873,-0.382990711769305
-0.190569142936766,-0.397007464202301
-0.113044779176762,-0.26580883850596
0.0657459663329469,-0.0455081279932382
0.20785853024104,0.17463820241716
0.204848321243896,0.2690197111864
0.0462182282518623,0.203073068482772
-0.182634553772382,0.0100957646919829
-0.309001400296455,-0.210467361122051
-0.241989626235969,-0.353583315341807
0.0132294652950568,-0.361656856748191
0.343533857491003,-0.245972348678485
0.598428770472596,-0.0450758941564571
0.67536656258478,0.168941972487843
0.566551495406087,0.347269598836224
0.394074445256319,0.461117125786995
0.228837341476535,0.500033666623678
0.141757507435088,0.456377964526212
0.14302333630827,0.346713891367308
0.145940927393928,0.187450871251299
0.102779212865824,0.0153134539433398
0.0180766670412386,-0.114850904575049
-0.0338223569359238,-0.170670907834968
-0.00634458597089912,-0.167521780428852
0.116780520521983,-0.0975923983661935
0.280983357123814,-0.0304725383571772
0.365701324465031,-0.0027632138908604
0.339844433559782,0.00081815832133859
0.217846225901007,-0.0150973370249492
0.0937949032883921,0.00458477375748409
0.0516365959884647,0.0594013814193299
0.126706479365882,0.128250178890035
0.249214110912601,0.157657558401019
0.317568937730457,0.153350647893532
0.244166223280199,0.106900879092083
0.0083513898544309,0.0629673148019029
-0.281353845686271,0.0460792929263767
-0.469113460225703,0.0587684669827391
-0.446513776331407,0.0638780956603366
-0.237914268965453,0.0136153891188129
0.0210405628535112,-0.105573296486321
0.1805351298628,-0.273079640596591
0.124051322612614,-0.417615803791852
-0.107672720395903,-0.474562709057724
-0.357936543263294,-0.398226975661483
-0.509511955312215,-0.227895683751811
-0.446482886777732,-0.0474686208064629
-0.210637169084699,0.0873422599155798
0.0729241462829643,0.133143686420114
0.259819293148834,0.135304864062276
0.276089832677222,0.145740246794118
0.157487750438372,0.171411884959882
0.0135073306596176,0.201977047572238
-0.0127046093176613,0.191387293196329
0.119528303644993,0.0957245276935831
0.36066889852598,-0.0451839526156524
0.575350518411006,-0.159787871864277
0.637638609820576,-0.171473630234206
0.515902844952447,-0.0277247615778593
0.236988056017566,0.233499295769642
-0.0917417883345532,0.493457541160475
-0.355497520344931,0.622803707128017
-0.469916182624941,0.567199837703002
-0.421536780960045,0.372478147444558
-0.261934161835253,0.140815849710364
-0.0481324078802156,0.00552642778172079
0.143393824870727,0.0257025213757466
0.263308053396759,0.130179794836969
0.288408522400255,0.220316138373046
0.236108143567166,0.185876316006497
0.123696278826995,-0.0039518590565728
-0.0233869784332099,-0.273944108270154
-0.141726634797926,-0.50409359603387
-0.2037214276962,-0.593303743538573
-0.197176157953645,-0.511997295644579
-0.128512604764169,-0.308013442074245
-0.0250232958688486,-0.096835984922698
0.0298859349908936,0.0151590844138374
0.0142791783071298,-0.0097407156199529
-0.0946130620062115,-0.135706225261895
-0.266580688268036,-0.285799691519244
-0.428143795976924,-0.379980519688675
-0.518202949461838,-0.374253400205682
-0.476415134953497,-0.292761750321743
-0.297300214066202,-0.166194189364833
-0.038823927154326,-0.0576878781616578
0.196311690280083,-0.000524856274756063
0.303505867883461,-0.0121643159644028
0.248241580550715,-0.0788519379075095
0.048178721065087,-0.154307750395094
-0.216564969167501,-0.198256734087341
-0.423389206855817,-0.149738414013473
-0.480413319089364,-0.0252548491058202
-0.355790818856226,0.143563632833375
-0.113044779176762,0.293518155306981
0.150093457799092,0.330119163773949
0.348427398854109,0.22026983787556
0.412984705219394,-0.0270455360709614
0.358445967151237,-0.311178014257199
0.251467898007992,-0.515254502655532
0.163292043056012,-0.572818860664643
0.140275561643516,-0.471336391600446
0.184023873194211,-0.294892046868487
0.246883133766047,-0.154909792194522
0.268325051475485,-0.135706225261895
0.218247587100626,-0.222585370245275
0.106931751729245,-0.353876613853103
-0.0176135595100134,-0.409495944971469
-0.128913965963788,-0.304385763417348
-0.206361148130887,-0.0717972527352684
-0.249677217386544,0.206685319279344
-0.278575189926099,0.396050361700739
-0.286972885564426,0.439258385184586
-0.273558174930859,0.329146633412063
-0.235444356493414,0.125780266417996
-0.189164378738099,-0.0629210058461599
-0.152316372257322,-0.163060489819041
-0.162350402247802,-0.142683720382975
-0.230180360400878,-0.0314913776748061
-0.323419513929071,0.121365293222185
-0.402302332931999,0.259325314037729
-0.399678074190663,0.360282965186686
-0.286633269639131,0.437637512525785
-0.0830970946824163,0.459758662085814
0.15404532452096,0.456208156563565
0.323141677111126,0.410823519118974
0.371104255883053,0.326939163730671
0.287528626866369,0.254231125907841
0.108768749764693,0.169050035176167
-0.122893556427757,0.0569314689472908
-0.324484679118956,-0.0941345192136874
-0.45762836553907,-0.299507683747594
-0.497857052662934,-0.503676773140899
-0.464497823346596,-0.635755328204154
-0.37959458634938,-0.618697527969879
-0.24015262820052,-0.414528404743547
-0.0920042226669435,-0.0753477497992605
0.0538595146758229,0.275626726203279
0.153427837944694,0.485167874377444
0.18442523439383,0.479363581759803
0.169482269012948,0.272292346057677
0.124113076345195,-0.00578885629905958
0.0880214833079135,-0.195153907178711
0.082140009097368,-0.194876053444254
0.103041638739958,-0.0284657344736454
0.134008154093676,0.176629580554932
0.152316372257322,0.261424737947311
0.1573488320294,0.163631658981307
0.171782373522339,-0.066471502910152
0.19969237092317,-0.281662572057891
0.240893588408921,-0.345849423693746
0.267506901215922,-0.212968146231252
0.21800060600333,0.0414636475890127
0.0940418928439447,0.264558437493102
-0.0675829643683953,0.312212289893409
-0.21707437613893,0.154107069795284
-0.290801261737646,-0.111948758266228
-0.272570216708649,-0.345293682391803
-0.191958462358596,-0.386865405356525
-0.1134307040578,-0.234533571405852
-0.100664344179405,0.0241742623993031
-0.15296473147075,0.243348073020636
-0.2037214276962,0.306531521657443
-0.162967871907555,0.224468685694723
-0.00393642220935077,0.0574872017909766
0.234842314693985,-0.0698676325592058
0.444476080779636,-0.1229398653835
0.491836634668647,-0.109108357231732
0.359927921401066,-0.0772773657461947
0.106993497003569,-0.0829890404523494
-0.112211184140362,-0.128759594319721
-0.172554223284416,-0.1796088999984
-0.0565301077476716,-0.186586403577736
0.18570650804385,-0.108799622401855
0.392206557667195,0.033606237902969
0.431200305471554,0.167213037140718
0.289597178138789,0.260297844399615
0.043331518261623,0.289427370176141
-0.156175621067704,0.280643741198519
-0.205265110303839,0.273758855530668
-0.122631130553623,0.271335260472629
-0.00531031086333021,0.284719098469035
0.00625196435892587,0.260266971762453
-0.130874454547884,0.205265110303839
-0.359433925373447,0.137790212852896
-0.546020328951184,0.0935016047770966
-0.572155124340431,0.0846253578879881
-0.412984705219394,0.107024369640731
-0.164912932631327,0.111269534873895
0.0375889709183064,0.0501855228340545
0.0931002435774774,-0.0692964676260673
0.000262428137378031,-0.232248911673298
-0.142575657694651,-0.348118638649462
-0.205280555080677,-0.382666523704334
-0.120716942467013,-0.289180389078845
0.0606363376553494,-0.0866630365232461
0.219328180150835,0.153690263818827
0.23528997639109,0.334256266318789
0.127030658972596,0.400310988627254
-0.0103736300565437,0.329964783671626
-0.0902444062244001,0.146187908491224
-0.0777713533155566,-0.0594940035599442
-0.00890711952627045,-0.19870441270096
0.0192035648180629,-0.196759351977188
0.000910779999391978,-0.0728315283714784
-0.0141402461534905,0.116410031959526
0.0186015230186341,0.279640338199471
0.126289681847682,0.328035184641205
0.243718561583093,0.224607621020209
0.286062100476864,0.03042622728687
0.192869247446158,-0.190337589699795
-0.00225379449636643,-0.361625967194515
-0.20392210829601,-0.420008509296216
-0.325472637341166,-0.375225930567568
-0.325642445303814,-0.275348872468821
-0.20992708151346,-0.17743230295417
-0.0473605623472676,-0.100865024779214
0.095894327197974,-0.0451839526156524
0.163554485846659,0.000710099663902905
0.141772943753669,0.0787901926331856
0.0490894976943923,0.179917643286533
-0.0800868941435291,0.282604229782615
-0.19787081766456,0.346698463506984
-0.265145051432207,0.350650296395825
-0.266966604690818,0.311085413262226
-0.212366121348337,0.262844930006302
-0.143964994032994,0.281878697434538
-0.108104954232684,0.378822753503817
-0.111084290592666,0.500110839758326
-0.178250453213733,0.5759680388203
-0.257596378690604,0.542794011493906
-0.305142168402587,0.378035458964902
-0.297717003126145,0.142297803960193
-0.212952718370928,-0.0645110100969273
-0.0933472331330299,-0.175286561630588
0.0219204689602188,-0.166672740615613
0.0781572781965948,-0.0804573827059863
0.063677415060527,-0.0123495591883493
0.0120099464349003,-0.0139550018722619
-0.043331518261623,-0.0925908196895345
-0.0559126296296618,-0.205712788917458
-0.0368016890667774,-0.275364300329145
0.00104971254951213,-0.261872416560929
0.0172121983103942,-0.189087188686937
-0.0184934645594388,-0.119188687719698
-0.0860918673609792,-0.13061202867375
-0.149753841873797,-0.227370832003544
-0.15507960015717,-0.374253400205682
-0.0858603141240077,-0.478360195677269
0.0330505092884116,-0.482450980808109
0.150865307561169,-0.393657656196376
0.20702493520464,-0.241047968511245
0.176305392489961,-0.0940110202067827
0.0939184022952968,0.000555730200480591
0.0387004323765497,0.0431154013432324
0.0631834359494219,0.0587684669827391
0.184950086142097,0.0750544512879649
0.364697938382497,0.112288374191523
0.507968255788062,0.168972845125005
0.519453350474696,0.219930221950264
0.384874027218753,0.235243675893604
0.139179532274726,0.223604218021161
-0.127941435601902,0.201035389847514
-0.289983111478084,0.180180069160667
-0.280535678510195,0.148071223940672
-0.129762997318769,0.0915719803719056
0.0769840672348992,0.00833595247856782
0.235428911716576,-0.0895343101949044
0.250047705949001,-0.133529611301152
0.123032483294986,-0.0951996674870593
-0.07761698167149,0.0351499331979935
-0.240291546609492,0.182248620433087
-0.288146113442635,0.253304896043441
-0.20319655903142,0.210297570075917
-0.0412475306706221,0.0629364421647409
0.0985803565884037,-0.116101297129649
0.146450334365357,-0.184656787630802
0.092328393815401,-0.0592624503229726
-0.0281569954146405,0.22415994240659
-0.126227936573358,0.554047552943568
-0.135304864062276,0.761782609552473
-0.0255790244834061,0.75065255865146
0.175826858155693,0.519700331571992
0.401237201575141,0.150448501584712
0.547255302103717,-0.183668829408592
0.569515403905744,-0.367291341403184
0.488903615722664,-0.409604007659793
0.33561473001997,-0.375827955450483
0.151004242886654,-0.35900170845318
-0.0123186854939052,-0.412660517154423
-0.134980684455562,-0.512151675746902
-0.21800060600333,-0.602010131715494
-0.258429973727004,-0.597224720706766
-0.25975754787451,-0.501268605943184
-0.205759106331458,-0.368479997141717
-0.109941952268132,-0.291603984136885
-0.00930848072588964,-0.335861711117266
0.0757954199546226,-0.464204491002273
0.113677693613353,-0.590447897727239
0.109015739320246,-0.604495505880884
0.0925599470523726,-0.449107179352094
0.104508148212949,-0.156206493704866
0.162350402247802,0.170037993398377
0.234579888819851,0.388686941698622
0.278004020763832,0.43424138710586
0.22794200116581,0.310684052062607
0.0786975662634429,0.0993522063504801
-0.124576182819138,-0.0841931240512069
-0.324067890059013,-0.130627464992331
-0.428267286525572,-0.019898228758106
-0.415053256491814,0.191078566824709
-0.312706285921027,0.42704777506639
-0.200695773922218,0.55460329424551
-0.140630605429136,0.510469057813777
-0.158938832051039,0.289272990073818
-0.215793119405424,-0.0557119490298522
-0.211764079548908,-0.415006939077814
-0.11404818217581,-0.637283566034956
0.0817540842163298,-0.629611453494246
0.302996443995519,-0.382790048086009
0.4280357332886,0.0328189539368758
0.395865125877768,0.478560859360565
0.215330012931481,0.769300375823887
-0.0288053482843764,0.822928362637509
-0.24356418148077,0.647950510462027
-0.321350962656651,0.360653436832629
-0.24118690383673,0.105681359174645
-0.048935130279454,-0.0184471556036959
0.15714815142959,-0.000138932550120148
0.292437562256772,0.101652310859872
0.298072046911765,0.182541918944382
0.198534604738313,0.171797818299177
0.0483948379834775,0.0744987184442791
-0.0979628784703939,-0.0412784033077841
-0.195879456443302,-0.0825259339784062
-0.225163345405638,-0.0259649493644443
-0.177771901962952,0.0824950613412442
-0.0793613533371956,0.157487750438372
0.0689259790636101,0.129871051548836
0.212752037771119,-0.0142328672368227
0.305188485816586,-0.202748897334314
0.312752603335027,-0.32764925130191
0.223650518518647,-0.332403840423016
0.0732174532525166,-0.223990134443942
-0.0426677269587419,-0.0733563801197455
-0.0803338836990816,0.0436093804543376
-0.0145724799902717,0.0677836449682049
0.116749647884821,0.0319081751930063
0.232912698747051,0.000370486778293684
0.2466670083894,0.0274314588374354
0.122785493739433,0.134301461063228
-0.0859066230797506,0.245185071056085
-0.273280321196401,0.293518155306981
-0.325642445303814,0.210498250675727
-0.215762246768262,0.0223218280452738
0.00605128428775732,-0.197006349990998
0.219513415973807,-0.326229042326405
0.311224331671199,-0.308136932622893
0.240229801335169,-0.160636894761001
0.0340230375357334,0.0551407840967138
-0.182866107009353,0.244104478005875
-0.296327683704316,0.333206562822255
-0.270223794785257,0.324916896039224
-0.117073827491535,0.234193955480556
0.0607598324331257,0.11156283338519
0.137481469564763,-0.0247145568098437
0.0962030704861073,-0.162365830108126
-0.0481169715616346,-0.298566042939383
-0.219791286624779,-0.426723587001419
-0.307766460976949,-0.525134152543688
-0.299152639961974,-0.572047061652107
-0.188145547878727,-0.549848705124404
-0.0179377359448814,-0.467060336813607
0.138716425800783,-0.347670960035843
0.238037759514101,-0.211223783023803
0.26059114291091,-0.0876201221082943
0.2028415152458,0.0430536518397801
0.09686685755986,0.1907852513969
-0.0197129844768774,0.339489389774163
-0.119898783749194,0.440493358337119
-0.168772164525195,0.444460652919312
-0.153489583219018,0.330566842387568
-0.0804882553431483,0.106900879092083
0.0256253355537132,-0.164418953520222
0.107379421884607,-0.357704990026323
0.127864254008997,-0.412552488299126
0.0709327808325777,-0.306207333592472
-0.0568388468066765,-0.0499076564122116
-0.166086143593022,0.22928500317364
-0.221473921474417,0.422401248633607
-0.200649473424732,0.465794507940426
-0.104415521843206,0.352857799910244
-0.0100340173030947,0.139889636762478
0.040599175686322,-0.0756564930873937
0.0307195300272939,-0.203412684408067
-0.0205774542650039,-0.192421568832539
-0.0662708223103424,-0.0631371227645505
-0.0449678356972618,0.126274245529101
0.0508493099078073,0.274577022706745
0.176135601443826,0.313200281948646
0.277803340164022,0.222322944371142
0.268927093274914,0.0251931017169321
0.157070961378428,-0.195586141015493
-0.0219513415973807,-0.353814868578779
-0.209278722300031,-0.406424007616515
-0.322755743771831,-0.354262547192398
-0.332064224497721,-0.25753463341628
-0.223233729458704,-0.172044799396473
-0.0659003379770135,-0.105310870612187
0.0781572781965948,-0.0585677863829295
0.177771901962952,0.00717818153594053
0.164619634120031,0.0906457674240193
0.0603121622777636,0.188083785687889
-0.0892255669067711,0.273851490358668
-0.219636923438969,0.328019722947854
-0.276645573979164,0.346976300324928
-0.232712018147241,0.34621989533969
-0.154755412092199,0.334750262346408
-0.116919455847468,0.314234557584856
-0.153335220033208,0.302718573344547
-0.267692137038894,0.318927367598611
-0.37226202206791,0.367677274742479
-0.386201601366259,0.4159794694397
-0.252147129858583,0.408091197689315
-0.00774934858364316,0.299368765338622
0.245354879018732,0.0792378627885477
0.411271197732593,-0.141803816390831
0.415747916202728,-0.241742628222159
0.256886274202852,-0.16103825596062
0.0373882903184968,0.0624115861873455
-0.161007383323459,0.286911140290102
-0.2707332186732,0.368279299625394
-0.265669903180474,0.253829764708221
-0.199522579877036,0.00862925469035068
-0.125471523129863,-0.22328002995619
-0.0770921214649661,-0.325812253266462
-0.0488270718202587,-0.249800707935192
0.0176598705803205,-0.0449523951495524
0.159062322599687,0.161702043034373
0.371104255883053,0.2819095700717
0.572216835781728,0.252147129858583
0.6858790930765,0.128219306252873
0.632961261500171,-0.0475612429470772
0.387683555616087,-0.187281063288651
0.0355976054679198,-0.240986223236921
-0.313400945631942,-0.200170922173951
-0.4950012068516,-0.0915874251487433
-0.5071037881145,0.0257642687646347
-0.36915919515928,0.120331017585975
-0.150494818998711,0.161177191286106
0.0464034683039626,0.155156773291818
0.190106036462823,0.147793353289701
0.241094269008731,0.167892268991309
0.224021007081104,0.224175387183428
0.154585604129551,0.303474978329786
0.0309202106271035,0.337482583776067
-0.105002127324054,0.285938609928216
-0.222569942384951,0.139982254673964
-0.284178818860443,-0.0604356570555398
-0.256716466240204,-0.22415994240659
-0.165592164481917,-0.273573619707697
-0.0376198477845968,-0.173835480017921
0.0649123712965465,0.0419113177443749
0.0979937511075559,0.234240272894556
0.0743752194373744,0.29495379214281
0.021658040971521,0.164449826157384
-0.0322786616408993,-0.105434361160835
-0.0752705682063555,-0.363586455778611
-0.139333903918792,-0.485183336070795
-0.254478107005136,-0.399014270200397
-0.421999887433988,-0.146234225905224
-0.586434285731047,0.111887012991904
-0.662476652949939,0.215685056717101
-0.579086293589254,0.0879288653964276
-0.329779547848654,-0.225518389191257
0.00274777704363836,-0.550419874286671
0.265114161878531,-0.707784151092908
0.362845512486724,-0.596931388362443
0.264496692218778,-0.290693199049323
0.0316920561600515,0.0865086648791794
-0.219575161248131,0.347655532175519
-0.370486803139813,0.378683801261817
-0.349708655587614,0.220810117484151
-0.200248112225113,-0.0375117850962731
-0.0149275301195837,-0.229748126564097
0.127879690327578,-0.266626988765522
0.193671969845396,-0.162381274884964
0.189071760826613,0.0112380987873881
0.145678484603281,0.144289165181452
0.117243626995926,0.18891738072429
0.112504491109914,0.149892777199283
0.10784252835855,0.0872187609086751
0.124838608693272,0.0459249255114384
0.159710681813115,-0.00841313724331904
0.229254130536478,-0.0918344147042959
0.303042761409518,-0.224808301620019
0.33763696387839,-0.388131234229706
0.291696585131857,-0.517678097713571
0.15952542907363,-0.537854186549828
-0.00861381784312864,-0.401499610532761
-0.15523396334298,-0.148719566237587
-0.195107606681225,0.123711715145576
-0.115946925485582,0.298133792186089
0.0239427091623315,0.307519479879653
0.121565973821994,0.177879964651275
0.092266648541077,0.00657614026515279
-0.0807506812172818,-0.105171935286702
-0.31662726308922,-0.0907538216540862
-0.47476337274102,0.0206855127241992
-0.446652694740379,0.138700989482202
-0.25541976472986,0.203474429682391
-0.00807352448987008,0.172029371536149
0.1572561972014,0.0700683131590153
0.165854590356051,-0.0582590473239246
0.0494136730719781,-0.174159668082892
-0.083127975777835,-0.261208629487177
-0.118648391194593,-0.340276684313077
0.00206855127241992,-0.42394494815776
0.220331583149883,-0.508879040875625
0.405235351877981,-0.55211792008012
0.445587529550494,-0.525473768468984
0.315392323769714,-0.405281669291981
0.0881912912705611,-0.2484268332902
-0.111547397066609,-0.130287849067036
-0.158305917614448,-0.116085860811068
-0.0408307331524219,-0.231137445985926
0.151065988160978,-0.374237972345358
0.288007161200636,-0.430320409937667
0.293595328441629,-0.334873752895055
0.177015496977713,-0.0482404663394109
0.00666876240576709,0.325318257238843
-0.11569993593003,0.626647544994588
-0.152100263797188,0.739676854019742
-0.130534847080846,0.620951281232244
-0.111269534873895,0.338532287272601
-0.135505544662086,0.0219667800305259
-0.214125929332624,-0.189473122026232
-0.324006144784689,-0.23848543812772
-0.397053781616301,-0.155573579268275
-0.397377935848245,-0.049969405915664
-0.338949110165571,-0.00821245717215049
-0.260344144897101,-0.0543843748823467
-0.222384689645466,-0.158444852939933
-0.247639538751286,-0.227926556388973
-0.283623077558501,-0.20682425460483
-0.328621781663796,-0.0902289699058191
-0.327726424436558,0.0561287465480524
-0.274962939129526,0.15311909465656
-0.199105773900579,0.15838310766561
-0.101158331748766,0.0628283837055456
0.0044767152982888,-0.0521151430101172
0.107672720395903,-0.0869408987159606
0.177216177577523,-0.0104508148212949
0.204107344118982,0.176212774578475
0.159046894739362,0.383994131684866
0.0666721835099616,0.524007242079479
-0.0187095835923936,0.558724935096999
-0.0484565832578015,0.465331401466483
0.0263817468826445,0.324191380607661
0.185104466244421,0.186987764777355
0.369869316563546,0.0961258804349456
0.466010633317073,0.0912323729048671
0.428884773101838,0.122137142984261
0.241711755584997,0.153782898646827
-0.0466504620886435,0.161856423136697
-0.298473408111384,0.148765883651587
-0.42528795016559,0.121936462384452
-0.399261251297693,0.0744524094885361
-0.266225627565903,-0.00185243395754855
-0.0921740221713343,-0.13846943624523
0.071009966654611,-0.319961643234821
0.198179560952693,-0.493287733197827
0.307581225153977,-0.601686011316577
0.386602962565878,-0.597718682901357
0.389520553651536,-0.475257368768639
0.288871628874199,-0.272215172923029
0.0542454395568611,-0.058073803042696
-0.247037496951857,0.0726925930459927
-0.519777538539667,0.0505405708488024
-0.631587369938666,-0.0739892945563362
-0.545109543863622,-0.21505214228051
-0.297963984223441,-0.292360389122123
-0.0111300403281928,-0.249121493001115
0.157595813126695,-0.115391201100153
0.143980421893318,0.0361842109487676
-0.00077184744927183,0.131970483916675
-0.132541644620685,0.13246446302778
-0.100633471542243,0.0770766851463851
0.140846730805783,0.0182156002521601
0.491960125217294,0.0184471556036959
0.760424145851292,0.108676123394951
0.821045013355034,0.24449041134517
0.648120352257701,0.370378740451489
0.319838152686173,0.431972172150144
0.000355049831951452,0.407056922053105
-0.186555530940574,0.350110016787234
-0.175055008393617,0.293811453818277
-0.021302990842209,0.252502173644202
0.128419978394426,0.231276381311412
0.180658620411448,0.191093994685033
0.130797272954979,0.120562579281203
0.0487498859982254,0.0492901782942018
0.0467893931850008,0.0191109426774486
0.15631455639319,0.0806734996243769
0.334981815583379,0.21003512728527
0.471691435386066,0.338563176826276
0.488394191834721,0.394136190530643
0.372447291723909,0.292128835885152
0.148935691614234,0.0609142040771923
-0.105233680561026,-0.197793627613398
-0.308862481887483,-0.346096404791042
-0.426723587001419,-0.288717248771875
-0.462321209385852,-0.0364157641857392
-0.424994651654294,0.275935469491412
-0.326059234363757,0.505946021929642
-0.168494310790738,0.530567939682358
0.0309202106271035,0.342499581854793
0.231322681808898,0.0447054055939999
0.366179892632326,-0.208707553137765
0.384395492884486,-0.279130914311528
0.268247878340837,-0.148951119474558
0.0589845839011297,0.0997072585943563
-0.144304609958289,0.310097455040016
-0.266287372840227,0.363432109509315
-0.279285294413851,0.228188982263106
-0.210668041721861,-0.00424516100403513
-0.124066758931195,-0.219019436862702
-0.0687407347823815,-0.305049567407614
-0.0460638566077957,-0.231106573348764
0.0019604925489041,-0.0614236237360068
0.146651014965167,0.141232647228565
0.365269107544764,0.25665472096588
0.597394494836386,0.245709922804352
0.722387500548495,0.133051068508628
0.644492639767777,-0.0477001740434344
0.358631202974209,-0.217630117440873
-0.0289751541324599,-0.285398330319625
-0.334981815583379,-0.209988826787784
-0.462737998445796,-0.0417878229665986
-0.418295035642443,0.119713539467965
-0.319436791486554,0.158043491740314
-0.273048767959429,0.0342082797023978
-0.254277426405327,-0.201004517210352
-0.183128532883487,-0.424701353142999
0.00702381200643809,-0.512244276741874
0.282851227796424,-0.453244281896934
0.488455970942072,-0.29845798025106
0.473250562770543,-0.15094249761233
0.225904322530552,-0.0797472782182338
-0.117289944409926,-0.0557428258961425
-0.353043035733216,-0.0509882452332929
-0.37019347079549,0.00583516684072568
-0.193440416608425,0.120562579281203
0.0366473174227108,0.243533308843608
0.176614135778094,0.332805201622636
0.157796493726505,0.379316715698408
0.0373265450441729,0.351468480488415
-0.0813835956538726,0.294922902589135
-0.113569639383286,0.214681653718053
-0.0531031054614558,0.135629035210734
0.038823927154326,0.0630908138088076
0.0662862628580518,-0.00208398811964195
-0.0140784977073202,-0.0439798690167948
-0.156654155401971,-0.0773236831601944
-0.277942275489508,-0.084717975799474
-0.280226935222062,-0.0652056740369704
-0.157086389238753,-0.0287127261437621
0.0334827431251927,-0.00200680348705099
0.195941201717626,0.0160081168261008
0.225209662819638,-0.0181847255004339
0.122214324577166,-0.0778330985898806
-0.0688642295601578,-0.151467349360597
-0.278760425749071,-0.207457169041421
-0.425473185988561,-0.200525965959571
-0.48614040473933,-0.123186854939052
-0.46378770194233,0.028666415073455
-0.38881043224727,0.227864811114649
-0.275657598840441,0.405821948900572
-0.131738930679703,0.536372232299999
0.0346713882909051,0.591698298740097
0.214002421867462,0.5500493688077
0.354540417843369,0.437436848842489
0.405837410593924,0.28299016312191
0.350295252610205,0.138315064601163
0.190399334974119,0.0279563148148309
-0.00903061536132882,-0.0307658410976011
-0.17463820241716,-0.023078239374205
-0.263678525042702,0.0102810079159294
-0.278096638675318,0.0717355074609445
-0.2372041644777,0.123310353945957
-0.187944867278917,0.149939094613282
-0.140985657673012,0.165406911742432
-0.123032483294986,0.156823963364619
-0.103242319339767,0.131800675954027
-0.062874696890417,0.0913867445489337
-0.00785740704283845,0.0587067174792868
0.053535339298237,0.0380366453027969
0.0987810371882133,0.0564066129698953
0.10162143822271,0.106020966641683
0.0603584712335065,0.166857993355099
-0.0308430248050702,0.185629317992688
-0.128219306252873,0.143316634819566
-0.198611794789474,0.0384380022732878
-0.216055545279558,-0.100865024779214
-0.158877086776715,-0.201035389847514
-0.0645264506446367,-0.201081707261513
0.0465115267631579,-0.0779565975967852
0.129006583875274,0.120917623066823
0.141803816390831,0.285645311416921
0.113168278183667,0.30012517032386
0.0583362331459579,0.118494028008783
0.0145879173661347,-0.215700501493939
0.0173665678398966,-0.57028720291828
0.0485492053984158,-0.763233640415599
0.0576415692059148,-0.73841102514656
0.00793459180758967,-0.49815035117423
-0.111053417955504,-0.136076705366096
-0.259525994637538,0.169914502849729
-0.342700279371116,0.296945170280582
-0.305049567407614,0.207102108339288
-0.136925745179334,-0.0270764087081234
0.0785277583007953,-0.247145559640181
0.231415316636897,-0.343101640570735
0.235413483856252,-0.282141123308672
0.0975306446336128,-0.131677176947122
-0.09583258192365,0.00268602912610918
-0.224623048880533,0.0573945796503623
-0.203412684408067,0.00146651013379244
-0.0647116906967369,-0.0763665891168894
0.101513375534386,-0.089750427113295
0.156592410127647,-0.00980246300884104
0.0242668845399174,0.138006329771287
-0.234826869917147,0.26157910113312
-0.48691227141792,0.290754944323647
-0.576585491563539,0.202764325194638
-0.437452276702813,0.0529641743650986
-0.162813508721745,-0.0715348268611349
0.112149438866038,-0.069250154441196
0.226135875767524,0.0660855822582422
0.144551591055585,0.248658386527172
-0.055295151511652,0.36546977122806
-0.239689521726577,0.351808062580683
-0.27988733621328,0.20765784964123
-0.147175883629948,0.0260112604347514
0.0749772612368032,-0.0992287073435755
0.256978892114337,-0.11486634089363
0.301483634025041,-0.0247454294470057
0.163909529632279,0.0904296505056287
-0.054492433341542,0.143841486567833
-0.258985698112433,0.0876046857897133
-0.387143242174469,-0.0421428709813464
-0.425488647681913,-0.17030041927251
-0.429502259678105,-0.20677793719083
-0.417862784889148,-0.144181102493128
-0.380675179399589,-0.0397192716941787
-0.290569708500675,0.017860550122848
-0.131630867991379,-0.038762181880002
0.0522849467436364,-0.181739213461657
0.188052913050727,-0.319313300937906
0.242468160570236,-0.360776961214304
0.20165287642378,-0.233916101746099
0.122415005176976,0.0358754718897627
0.0993367700318991,0.322107401474917
0.188238165790213,0.49784162480261
0.355574693479579,0.476492308088145
0.493596459569447,0.28289752829391
0.463911192490978,0.0418341319223415
0.221443031920742,-0.0995374506317087
-0.163677976395307,-0.0459557981486004
-0.50129949549686,0.188299911064537
-0.618898157820148,0.462089656148881
-0.478066897165973,0.639274978005755
-0.14922899012553,0.643103320345948
0.171689755610853,0.429857303463724
0.348952250602376,0.0914947987790006
0.333175673268579,-0.190893314085224
0.189534867300556,-0.290832117458295
0.0514822243443981,-0.190893314085224
0.0131677179061687,0.0634458618235554
0.0837608902144258,0.31258279537238
0.157765621089343,0.441851788205273
0.143115954219756,0.406918003644133
0.000401360670978147,0.224345178229562
-0.18260368113522,-0.0129670373063591
-0.255496954781022,-0.217028075641444
-0.140059444725126,-0.32346583134307
0.163755166446469,-0.353382651658511
0.498613457648173,-0.353907503406778
0.690741711052903,-0.378081776378902
0.665564051998244,-0.441620234968302
0.475936600619229,-0.516921692728333
0.260066291162643,-0.543473243344496
0.157132706652752,-0.473389481179515
0.202810642608638,-0.31968377258385
0.345309110252127,-0.130349602799617
0.418156083400444,0.0184780282408578
0.305049567407614,0.0747920169555746
0.0270455360709614,0.0340384738543144
-0.292128835885152,-0.0734335701709072
-0.459897614327813,-0.169852757575405
-0.353598777035158,-0.200170922173951
-0.00898430429102167,-0.159093195236848
0.416643273429966,-0.0757028020431367
0.705823662508812,0.00240816402586888
0.722680765226764,0.021704349927264
0.484040997746261,-0.0233406673629027
0.0901517883129141,-0.0972219098037362
-0.302595082795899,-0.160312723612544
-0.556393974866959,-0.184641359770478
-0.631031628636723,-0.153705708595665
-0.545294813519621,-0.100571726267919
-0.36920551257328,-0.0697441377814295
-0.162643700759097,-0.0714576368099732
0.033220315136495,-0.122029088754194
0.187311952842326,-0.175533559644398
0.278281891414803,-0.18871670012448
0.284796271603683,-0.126567552498653
0.237620970454157,0.0147731605900812
0.157503195215209,0.195586141015493
0.106360582566978,0.376630677849722
0.133190003834113,0.491419845608703
0.225919750390877,0.501037052706213
0.317538048176782,0.4074428553924
0.343348621668031,0.232958999244537
0.245648177530028,0.0308275884864892
0.0577033187093672,-0.139133223318983
-0.105418924842254,-0.235413483856252
-0.144582463692747,-0.247608666114124
-0.0496606668566591,-0.205342300355001
0.110652056755885,-0.145416058729147
0.219961094587426,-0.115483819011639
0.187265635428327,-0.135876024766286
0.000632914899151683,-0.217630117440873
-0.216117290553882,-0.332218604600044
-0.325812253266462,-0.429301562161782
-0.24739255765399,-0.483300020621347
0.0135227680354807,-0.463386340742711
0.324006144784689,-0.381817517724123
0.507505149314119,-0.277957703349832
0.456578662042536,-0.189967101137337
0.193363226557263,-0.11983703847487
-0.138623807889297,-0.0731402632013549
-0.355914309404874,-0.0247145568098437
-0.359495670647771,0.040599175686322
-0.178404816399542,0.12977843363735
0.0417878229665986,0.237914268965453
0.182156002521601,0.317198432251487
0.166827120717937,0.367739020016803
0.0459557981486004,0.359109771141503
-0.0768142592722516,0.299600318575593
-0.114017309538648,0.224638493657371
-0.0409387916116172,0.136925745179334
0.059092642360325,0.0627357615649313
0.0780955244640141,-0.000262428137378031
-0.0311517638640751,-0.0414327707227224
-0.194737118118768,-0.0749618249182222
-0.293796025957953,-0.0763974617540514
-0.244305158605684,-0.0522849467436364
-0.0836373912075211,-0.0256253355537132
0.0668111188354472,0.00453846321581799
0.114789159300725,-0.00142019932780581
0.0681695698492431,-0.0337606074324715
0.0575643833838815,-0.0861690489538842
0.195864011666464,-0.130658337629493
0.460160023285433,-0.143162271633756
0.711257449647481,-0.120176654400165
0.761967811542418,-0.0722757955277925
0.519329859926048,-0.0168880229328083
0.07099453033603,0.0298859349908936
-0.409001982776877,0.0341002212432025
-0.669006494832169,0.013260340046783
-0.625952885283673,-0.0177679279822337
-0.349369039662319,-0.0603893480997969
0.00628283858201098,-0.0705931691364108
0.243471563569284,-0.0550327256375185
0.262397268309197,-0.0386849960579687
0.114526724968334,-0.0521614519658602
-0.0613310015953925,-0.136740500898105
-0.136292830742743,-0.261440182724148
-0.0662862628580518,-0.40258020358297
0.0911551828537054,-0.495387140190895
0.212674847719957,-0.500573946232269
0.228435980276916,-0.427387390991685
0.152717733456941,-0.316689008363544
0.0345478935131289,-0.217197883604092
-0.011191788774363,-0.184394361756668
0.0274777699077426,-0.233808039057775
0.123742587782738,-0.322153685055889
0.19393439571953,-0.410561110161354
0.17329520040933,-0.454448365495792
0.0516057233513027,-0.424130183980732
-0.114418670738267,-0.322184574609565
-0.224638493657371,-0.1684325485999
-0.216055545279558,0.0039518590565728
-0.111701768710676,0.136910300402496
0.0122878117994611,0.193147118097129
0.0566536025254478,0.15145190458376
-0.0138932544833737,0.0278945674259428
-0.154755412092199,-0.1452925681805
-0.293579900581305,-0.28919581693917
-0.356670714390113,-0.339952496248106
-0.327911694092557,-0.277602659564213
-0.24118690383673,-0.104755137768501
-0.162443020159288,0.080148639417853
-0.153767453869989,0.178528323864704
-0.203767728193686,0.151266668760788
-0.248334198462201,0.0154523860969792
-0.233514740546479,-0.146712760239491
-0.0899974166688475,-0.223635090658323
0.142359549234517,-0.152686860819779
0.381971863993419,0.0360761524895723
0.528345042140642,0.256917146840014
0.517431116616275,0.39439863332129
0.362691132384401,0.369004848889984
0.112828662258372,0.173048202395521
-0.142652847745813,-0.106283400974073
-0.304910615165615,-0.352255741194302
-0.349106596871672,-0.465177021364159
-0.28712726566675,-0.443426377283102
-0.180396194537314,-0.36210453536181
-0.0932082978075443,-0.303891801222756
-0.0737268686822027,-0.327016336865319
-0.107178741284798,-0.401252629435465
-0.142421294508841,-0.45417049484482
-0.138870797444849,-0.404278283209446
-0.0602349764557302,-0.232526765407756
0.0767833866350896,0.0227849366337811
0.205542980954811,0.264697372818588
0.246898561626371,0.381632248068124
0.171905864070987,0.345942024688718
0.01573025146154,0.195030416630064
-0.132294655065132,0.0209170659611708
-0.200417920187761,-0.0700528768404344
-0.138222446689677,-0.0268757281083138
0.0152980165674767,0.107410294521769
0.158028046963477,0.274175661507125
0.207549786952907,0.395324846269176
0.114434107056848,0.427943098460601
-0.0394259689537548,0.380551688850941
-0.165499529653918,0.283082781033396
-0.159695237036277,0.183730574682916
0.0192807506400962,0.100046866061395
0.269776133088152,0.0502009591526355
0.474670771746048,0.0325874006999042
0.515563229027152,0.0488579444574207
0.383916924717191,0.104045041739006
0.180998236336743,0.182279493070249
0.0315531250636943,0.281137720309624
0.014340925696018,0.366010084669678
0.103504745213901,0.389242683000564
0.190399334974119,0.343873473416298
0.150849862784331,0.22917695740183
-0.064634509103832,0.0990280267437659
-0.37096533747408,-0.00872187630232393
-0.620889569790947,-0.0876664395222941
-0.665934591310242,-0.122384132539814
-0.447810460925237,-0.14493752439488
-0.0411240316637175,-0.172708586470226
0.376785057952045,-0.18457959757964
0.611565593538679,-0.16025097833822
0.593303743538573,-0.101606001904129
0.399847848320284,0.0158846209910424
0.16454244406887,0.16350816843266
0.0197129844768774,0.273172258508077
0.0119481990460122,0.30461731665432
0.0990434715206036,0.259726675237348
0.173835480017921,0.175950348704341
0.172492478010092,0.141387018872631
0.0792841717442907,0.196141882317435
-0.0582899199610866,0.356547223841465
-0.16025097833822,0.536835338773942
-0.190924186722386,0.640633374040882
-0.169636632198758,0.613464370681478
-0.162535638070774,0.434426622928832
-0.203242876445419,0.160698640035325
-0.307195291814682,-0.0703153027145679
-0.422416676493931,-0.156932026052943
-0.490215762009846,-0.0420502488407321
-0.501284067636535,0.199368199774713
-0.443673358380397,0.44759433554859
-0.37329629770412,0.589660603188325
-0.316966879014515,0.553445528060652
-0.252533063197878,0.376430014166426
-0.153736581232827,0.137743903897153
-0.00456933691026206,-0.0648351897036416
0.184517852305316,-0.152717733456941
0.349523419764643,-0.130967080917627
0.44242295736754,-0.076598142353861
0.445155312630226,-0.0679225760645621
0.370131725521167,-0.152023073746026
0.268155243512837,-0.304926076858966
0.183761447320078,-0.458847876998252
0.145940927393928,-0.518419074838486
0.118957134482726,-0.457458557576422
0.0566227298882859,-0.302965554441843
-0.0645264506446367,-0.125687640048253
-0.216441461702339,-0.0152671428730327
-0.328282165738501,-0.00188330778415288
-0.335012671304028,-0.0769377582791562
-0.24428973074536,-0.17556443228156
-0.111192344822733,-0.220810117484151
0.00416797623928391,-0.18379231995724
0.0145416062958276,-0.0789754369144142
-0.0622263419061168,0.0231091141259312
-0.157271641978238,0.0665795613693473
-0.224947220028991,0.0392715973096881
-0.207642404864393,-0.0263354358123373
-0.121457919591927,-0.047144445428877
0.00489351281648898,0.00490894966371102
0.0931311162146394,0.140182935273774
0.124437247493653,0.287960843786637
0.141417891509793,0.370085441940194
0.151127733435302,0.306207333592472
0.161563107708888,0.0815842762536822
0.145554994054633,-0.223480710556
0.0669500499318045,-0.50512787167008
-0.0902135335872381,-0.63961459393105
-0.279115486451204,-0.593427234087221
-0.41116313504427,-0.369853854870195
-0.404170220521123,-0.0652828598590038
-0.242653413309721,0.2036751102822
-0.00365855710911047,0.376707884817397
0.187296508065489,0.402533886168971
0.22809636435162,0.33183267126075
0.0921431495341724,0.201884429660752
-0.143687123382023,0.071997933335078
-0.342638534096792,-0.00830507878412375
-0.405621285217276,-0.0513432932480408
-0.28433316512974,-0.086755654434732
-0.0459094891928574,-0.142297803960193
0.180890173648419,-0.225688197153905
0.300032535495861,-0.318973685012611
0.294907474728811,-0.380443626162618
0.201375005772809,-0.344305724169593
0.101559692948386,-0.197299648502293
0.0546776733936422,0.0540601952756325
0.0617632354321737,0.354617590978017
0.095323166493964,0.587453133506933
0.109432536838446,0.701856334093592
0.0828346688082827,0.657243563327592
0.0293147679431909,0.450666306736571
-0.029006028884186,0.163292043056012
-0.0822634996460159,-0.11239642842159
-0.102192607384976,-0.277880530215184
-0.0875738131525514,-0.308461120687864
-0.0267059222602304,-0.214156801969786
0.0866167191092463,-0.0586912811607058
0.242684285946883,0.0898276087061999
0.381663137621799,0.194737118118768
0.447702398236914,0.235969208241681
0.39844310103813,0.231569679822707
0.220424201061369,0.217923415952168
-0.0205157047615516,0.18757437871646
-0.197253348004807,0.131661740628541
-0.179886770649371,0.0724456034904402
0.0550172893189375,-0.0162396711203545
0.415578108240081,-0.093254615221544
0.711535286465426,-0.127401147535054
0.759081110010435,-0.105635041760645
0.517662669853247,-0.0498304748193067
0.0589228343976774,0.0145724799902717
-0.406207882239867,0.0619484797134023
-0.66063965491449,0.0411085953451365
-0.621723147910834,0.00257797066691388
-0.356917695487409,-0.0471135685625866
-0.00614390589973057,-0.0699602546998201
0.236833675915243,-0.0556038905706569
0.26664243354236,-0.0421274346627654
0.124653364412043,-0.0637700372011413
-0.0639707178009509,-0.133236312789856
-0.152393562308484,-0.256994336891175
-0.0919579052529438,-0.394630186558262
0.0683239372641813,-0.493411223746475
0.203520747096391,-0.511256318519664
0.226490919553143,-0.439736953351881
0.144489845781261,-0.318248135748021
0.0203613373466133,-0.203860346105172
-0.0356439144236628,-0.164588761482869
0.0133838348245592,-0.223048476719218
0.121226366354956,-0.338578604686601
0.207086680478964,-0.456578662042536
0.171041396397425,-0.473312308044867
0.0150510259546421,-0.392299192495195
-0.172446160596092,-0.248164407416066
-0.241619137673511,-0.125517832085606
-0.14592548261709,-0.104122223331911
0.0854435166058075,-0.179377346761428
0.324083317919337,-0.272740024671296
0.417615803791852,-0.291650301550885
0.343194275398735,-0.188392528976023
0.173974415343407,0.0295463211801625
0.0159618057557937,0.263045610606112
-0.0749463885996413,0.40537430411998
-0.110497685111818,0.393426102959404
-0.171628010336529,0.235845717693033
-0.28299016312191,0.023078239374205
-0.38431828591681,-0.127771627639254
-0.407967707140667,-0.150865307561169
-0.297717003126145,-0.0154523860969792
-0.0727389020017357,0.191742353898462
0.158305917614448,0.337081222576448
0.280443060598709,0.34379630028165
0.232974444021375,0.183823192594402
0.0455698732675622,-0.0799633951366244
-0.169219843138814,-0.316287647163925
-0.273697110256344,-0.418217828674768
-0.19855004951515,-0.326491485117052
0.00937022811477778,-0.0929613082519917
0.229593746461773,0.131306688384665
0.334287155872464,0.22794200116581
0.268186116149999,0.169250715775976
0.089750427113295,0.00980246300884104
-0.0971447197525745,-0.168417120739576
-0.179114920887295,-0.277448296378403
-0.127817945053254,-0.305358293779234
-0.00561904939369405,-0.29737738720085
0.108737868669275,-0.298689533488031
0.149506860776501,-0.32360478358507
0.107255922877703,-0.342947260468412
0.0384534428209971,-0.328359338873149
0.0250696069391558,-0.261115994659177
0.0928223729265061,-0.186478340889413
0.189210696152099,-0.135490108343505
0.231816677836517,-0.167135847089557
0.169451396375786,-0.261718036458606
0.0279563148148309,-0.34513930228948
-0.0972990913966412,-0.339674625597135
-0.114850904575049,-0.199136646537741
0.0259495130458633,0.0141865561665155
0.254478107005136,0.186123297103793
0.438826168264319,0.219822159261941
0.49168228839935,0.0889940136697995
0.390307814357423,-0.126598425135815
0.19751577387894,-0.28377744074431
0.0152362691785886,-0.293070476693362
-0.0770612488278041,-0.147777925429376
-0.0527634937652889,0.0478236688212107
0.0169960813920036,0.172893839209711
0.0475612429470772,0.135737097899057
0.0090460527371919,-0.0344398350539336
-0.0410159732045222,-0.214974952229348
-0.040614612004903,-0.265006116106721
0.0806117458917962,-0.108027772639779
0.289519971171114,0.182094257247277
0.452163688846724,0.462197718837204
0.448227249985181,0.551716558880501
0.225580134465581,0.413988125134955
-0.17261596855874,0.0965118053159838
-0.56778646855862,-0.228466852914078
-0.757321318942662,-0.429131754199134
-0.684597836342994,-0.460947317824347
-0.380212072925646,-0.342870087333764
0.0353351774792221,-0.195107606681225
0.371166001157377,-0.0947983062874401
0.46787848707317,-0.0985803565884037
0.354725653666341,-0.150000839887606
0.133251749108437,-0.192097397684081
-0.0347176993612123,-0.169806440161405
-0.04160257868537,-0.0823715623343396
0.115020712537696,-0.00595866267578406
0.348952250602376,0.0246991183766986
0.524887171446393,-0.0232789199740146
0.550003085226727,-0.0941036465765254
0.39233008204887,-0.136771373535267
0.0899819803502665,-0.112350119465847
-0.257380253313957,-0.0168108381680571
-0.522463542555326,0.100463663579595
-0.622402379761424,0.199923924160142
-0.530722319784682,0.278976551125718
-0.288763566185875,0.333360909091551
0.0252548491058202,0.379733504758352
0.295447788170429,0.406424007616515
0.44836620222718,0.401684846355732
0.474207665272105,0.365932877702003
0.401808370737407,0.276568383928003
0.300819830034775,0.189164378738099
0.223264602095866,0.129639498311864
0.171010523760263,0.151668029960407
0.121890153428709,0.236957166463891
0.00927760703144557,0.330072846359949
-0.188932825501127,0.363524710504288
-0.443349204148453,0.283252588996043
-0.654017245870314,0.107271359196284
-0.707367328199937,-0.096851421241279
-0.548968809590517,-0.223542472746837
-0.221967900585522,-0.231677742511031
0.15193045583454,-0.127370266439635
0.394799994520909,0.0243903793176937
0.396050361700739,0.134486705344457
0.171983054122149,0.138932542719173
-0.15440036830658,0.0458477396894051
-0.437452276702813,-0.109231856238637
-0.545480049342592,-0.261069694161691
-0.463370912882386,-0.343935218690622
-0.277232171001756,-0.344259406755593
-0.104755137768501,-0.275348872468821
-0.0384071296361258,-0.175147626305103
-0.090321587817305,-0.073047645289869
-0.182896979646515,0.00288670946159825
-0.207071235702126,0.0291140873433813
-0.129793869955931,0.0261965026014159
0.0246682457395366,-0.000586604093165054
0.172338097907768,-0.0282033064849476
0.21008144469927,-0.0149892775084718
0.104708828812759,0.0595248761971062
-0.106700198492273,0.195076734044063
-0.329733230434654,0.346806492362281
-0.471953844343686,0.438887913538643
-0.475473494145286,0.443673358380397
-0.347655532175519,0.326352532875053
-0.160683212175001,0.11486634089363
0.000138932550120148,-0.118108103127745
0.0579811809020817,-0.30637714155512
0.00926216965558249,-0.384179367507838
-0.116209351359716,-0.342576788822468
-0.258260165764357,-0.227957429026135
-0.330968203587187,-0.0629364421647409
-0.309618886872722,0.104508148212949
-0.21076067654986,0.263709414596378
-0.0662090770360184,0.38881043224727
0.0466813347258055,0.479641452410774
0.0979937511075559,0.523744833121859
0.0621028471283406,0.502997575123336
-0.031074580156606,0.429131754199134
-0.105449797479416,0.337127539990447
-0.115607318018544,0.264141648433159
-0.0114850904575049,0.272215172923029
0.159957662910411,0.337420838501743
0.329131205551739,0.396158424389063
0.423682505367113,0.417137235624558
0.419066868488006,0.348072321235462
0.338779302202924,0.214558163169405
0.21417222983011,0.0600651684930826
0.1233566629017,-0.0614544963731688
0.0603430349149255,-0.112056812496295
0.012565677164022,-0.124576182819138
-0.0482713389765729,-0.131291252066084
-0.149198117488368,-0.195725076340978
-0.248781877075819,-0.31554667003901
-0.29086300701197,-0.447192974348971
-0.211053975061156,-0.531926403383539
-0.0203304625948872,-0.503383474629604
0.2139715492303,-0.384889455079077
0.364404639871201,-0.240013692875035
0.344043281378946,-0.134008154093676
0.153937261832636,-0.118046349395164
-0.132356400339456,-0.175657050193046
-0.335969773805589,-0.248040899950905
-0.379301287838084,-0.289288417934142
-0.249908770623515,-0.244305158605684
-0.0120716948810706,-0.112056812496295
0.195354587778521,0.0420502488407321
0.249600027335382,0.192298078283891
0.14513820499469,0.305512673881557
-0.0437328794612422,0.36438917817785
-0.201498496321457,0.390678319836394
-0.22395926180678,0.378637483847818
-0.10203823574091,0.310205483895313
0.0972682187594792,0.189179823514937
0.270162049510933,0.0187558925481365
0.329331869235035,-0.166487504792642
0.265700775817636,-0.295293408068106
0.140476242243326,-0.320810683048059
0.00359680919158128,-0.229809871838421
-0.0699448183812391,-0.0568388468066765
-0.0514667880258171,0.117938295165097
0.020268715205999,0.245169626279247
0.115437510055896,0.286432605955835
0.182588236358382,0.253335785597116
0.184178236380021,0.169883630212567
0.111686332392095,0.088731587795666
-0.0189565731479461,0.0241279513289959
-0.165468657016756,-0.0248997989765082
-0.299291592203973,-0.0561287465480524
-0.344984956020184,-0.101189204385928
-0.277216743141431,-0.152887541419589
-0.131985920235256,-0.216518651753501
0.0902135335872381,-0.280180634724575
0.274962939129526,-0.324407505984308
0.375658181320863,-0.334518709109436
0.362675704524076,-0.278158383949642
0.262798629508816,-0.146064417942576
0.141232647228565,0.0499848422342449
0.0438718105575995,0.258275593624681
-0.014340925696018,0.384380031191134
-0.0783116413824047,0.379625475903055
-0.172893839209711,0.24449041134517
-0.298210999153764,0.0439026831947615
-0.399708929911312,-0.113245459776572
-0.411302087286269,-0.133051068508628
-0.284688208915359,-0.00873731314954597
-0.0606054650181875,0.18566019062985
0.170609162560644,0.328745272212444
0.288856201013874,0.336401990725857
0.237497462988996,0.174113350668893
0.0368479980225204,-0.0750390149693839
-0.179331046263942,-0.301082272825422
-0.281847824797376,-0.402734583685294
-0.203397239631229,-0.328235848324501
0.0114696530816418,-0.126181627617615
0.238253884890748,0.10846000647656
0.331338675233131,0.248673814387496
0.260899886199043,0.222276626957142
0.0815997125722632,0.0361533340824773
-0.0840850613628833,-0.221551094609065
-0.165206231142622,-0.381385266970828
-0.132696016264751,-0.346667573953308
-0.0401669418495408,-0.113075651813924
0.0292067073694314,0.214805144266701
0.0537977694014989,0.438810740403994
0.0362150835859296,0.433129938335002
-0.0080117765723409,0.196450625605568
-0.0367399395633251,-0.150664626961359
-0.0175981221341503,-0.420703169007131
0.010466252197158,-0.472123652306333
0.0491049382421016,-0.316457455126572
0.103705425813711,-0.0367090669261631
0.165514974430756,0.236586694817947
0.260220654348453,0.388378215327002
0.378066314685551,0.399307568711693
0.488780125174016,0.292576514498771
0.536017188514379,0.149012864748882
0.485414889307766,0.0281415590960595
0.339088028574544,-0.0411085953451365
0.14819471448932,-0.0427140401436132
-0.0228158113855073,0.00693119039446483
-0.116965764803211,0.0596329346563015
-0.115128766767763,0.0982098764842032
-0.0521305793286982,0.106437764159883
0.0243131956102246,0.0633223670457791
0.0704542380400536,-0.029006028884186
0.042590545365837,-0.115036148856277
-0.0584597279237342,-0.16502099531965
-0.201359560995971,-0.130457657029684
-0.347948830686814,-0.0087064394551019
-0.441296080736358,0.13826875564542
-0.43729789660049,0.247670411388448
-0.350125444647558,0.2363242520273
-0.211300956158452,0.0943506361320779
-0.0797164055810719,-0.126305118166263
-0.00642177073565035,-0.309248415226778
-0.00673050979465523,-0.341743176869554
-0.0474068713030105,-0.185490382667202
-0.0558354480367569,0.121967335021614
0.0115931489167001,0.440277232960472
0.164619634120031,0.630290617678782
0.340029669382754,0.625983741004322
0.475226479214963,0.443827738482721
0.506331955268937,0.195632458429492
0.396636992556358,0.00580429314628161
0.195246542006711,-0.0559126296296618
-0.0143718004477441,-0.00364311999756791
-0.154261432981094,0.0806580633057959
-0.200140049536789,0.118988007119888
-0.195555268378331,0.0914176171860957
-0.186046107052631,0.0326645844073734
-0.193301481282939,0.0345633298317099
-0.20382947346801,0.1581361096518
-0.18374600254324,0.362675704524076
-0.0975152083150318,0.542130241336667
0.028681851392036,0.569638894454392
0.154137942432446,0.377093784323665
0.218942246811541,-0.00426059811557769
0.194829736030254,-0.400619714998874
0.0814762220236153,-0.64504838106972
-0.0535816524831083,-0.643458364131567
-0.174561029282512,-0.394059017395995
-0.244752837219303,-0.0218587194567664
-0.27057885548739,0.290152885607704
-0.280690058612518,0.415485507245108
-0.28072093124968,0.327973439366881
-0.249553726837896,0.131152325198855
-0.159463683799306,-0.0372647955407205
0.0145879173661347,-0.0830353494080923
0.222153136408494,0.0245756235989223
0.381925580412447,0.217367691566739
0.40680994095581,0.365191900577088
0.285074142254654,0.389057447177593
0.0670581083909998,0.286170163165188
-0.162782636084583,0.106761943766597
-0.286386288541835,-0.0629673148019029
-0.285166777082653,-0.166811675941099
-0.187620679213946,-0.205512108317649
-0.0677990812867858,-0.212551357171309
0.00534118455777428,-0.230612594237659
0.0315994361340014,-0.303336059920814
0.0506023203522547,-0.388625196424298
0.128481732127007,-0.426754476555094
0.270208366924933,-0.381323521696504
0.413926346027604,-0.216827395041634
0.455914858052269,0.00399816986255943
0.341851239557878,0.192174587735243
0.0954775296797738,0.279871891436442
-0.150572009049873,0.224607621020209
-0.266565243491198,0.038808490835745
-0.171195776499748,-0.18240300053541
0.0743597831187934,-0.362413261733429
0.331462165781779,-0.434982364230774
0.45344494558023,-0.39884446223775
0.377556924630635,-0.310792114750931
0.160220105701058,-0.210945912372832
-0.0889013957583136,-0.167629826200662
-0.234039592294746,-0.168941972487843
-0.230087725572879,-0.193718270342882
-0.137543223297344,-0.199429945049037
-0.0549555398154851,-0.149784714510959
-0.070979094017449,-0.0264589305901136
-0.165731082890889,0.129392508756312
-0.241264076971378,0.255280829404375
-0.196651306205378,0.285243950217302
-0.0155295708617304,0.213925248732814
0.207889402878202,0.074606772674346
0.327525760753262,-0.092266648541077
0.259772992651348,-0.201822684386428
0.0139241281778178,-0.230072297712554
-0.292082518471152,-0.176675881052418
-0.469453076150998,-0.0700837494775963
-0.448937371389447,0.0204385210540825
-0.242468160570236,0.0623652772316025
0.0398582027905359,0.055295151511652
0.218386522426111,0.0180921054743838
0.197793627613398,-0.000586604093165054
0.0039518590565728,0.0210559991720922
-0.238454565490558,0.0757954199546226
-0.383222265006277,0.125440650492701
-0.379841567446675,0.133143686420114
-0.254169380633517,0.0909853833493145
-0.106545826848207,0.00713187046563338
-0.00572710838153039,-0.0780646518268521
0.032186039500285,-0.132387281434875
0.0416797645074033,-0.114341480687106
0.0753940587550034,-0.0576878781616578
0.126490362447492,0.0123804339400754
0.183499021445944,0.0662090770360184
0.170099738672701,0.0820628190462063
0.0777867896341376,0.0768914493234133
-0.0384688791395781,0.0859992494494933
-0.112983033902438,0.117289944409926
-0.0680615113900478,0.186709911042898
0.0960950077977836,0.274592450567069
0.309032289850131,0.322107401474917
0.421042784932426,0.311841818247465
