I,Q
-0.0373239851498526,0.305639904350752
-0.280226394555752,0.378940949756863
-0.420904319583817,0.0858948637828193
-0.28592183663633,-0.340721853515929
-0.217299694982825,-0.670083883477414
-0.14933265093442,-0.749825851323037
-0.0851804633789823,-0.697129468208483
0.11519100746197,-0.483743461267059
0.355170840152372,-0.251833826885935
0.534819017306447,-0.164501694152458
0.509775397028919,-0.244085546999295
0.291408341961293,-0.39880302104825
-0.0020302576366205,-0.480575279382438
-0.137441946403877,-0.410820792869789
-0.00548367239898781,-0.226233953450663
0.338985271505284,-0.0689045184275231
0.640793370178176,-0.0840876795168429
0.702553878117868,-0.265825391913067
0.530114676877581,-0.526429712539758
0.184849448593565,-0.712595018970744
-0.155056341656484,-0.703954443182979
-0.302002949804533,-0.483520413089624
-0.160054338967579,-0.035629750303591
0.183316166509161,0.380270931915026
0.444956812411788,0.481764044131016
0.484045605640656,0.336847713572609
0.230718031869474,0.0176285098991583
-0.244921371415293,-0.262795538079267
-0.616684405865079,-0.236210161124889
-0.741541027833078,0.0413929730000828
-0.628563798040104,0.394186238509068
-0.346792860640123,0.659048751614064
-0.095385401206248,0.708839471725974
-0.0121250715129569,0.54332405121077
-0.109769448214579,0.219849502496278
-0.307430145881298,-0.0664139943644217
-0.451742213490357,-0.108798094814062
-0.458010883711417,0.0806257956037628
-0.336074010370035,0.351135747447194
-0.193416629509157,0.542790396966215
-0.185024525676165,0.53866207084521
-0.354552439983358,0.329853349940579
-0.582446742809422,0.0288048108011333
-0.706944774716544,-0.176290742270419
-0.705318272115234,-0.24511054702079
-0.542976760606487,-0.253449004232804
-0.204107256935604,-0.177996276573275
0.167133409827299,-0.117068781084355
0.379324976494001,-0.146011952183618
0.376809041552485,-0.245827778738237
0.215447332238855,-0.401341554902955
-0.0111819474055416,-0.549434580635198
-0.184976515884561,-0.621882878238266
-0.256586177106406,-0.613742109920964
-0.256433686038071,-0.532472496820311
-0.212736559064621,-0.344161144965282
-0.169502516327701,-0.0371545610202803
-0.115165583684632,0.279565634323431
-0.0574910224542545,0.507276411272295
0.0192662700355624,0.562189345324302
0.121140584124541,0.454379578893495
0.207026979764376,0.185157242695459
0.220456603208698,-0.13418054400235
0.117783187937653,-0.348718644054112
-0.0606592430356451,-0.433899081635248
-0.267895178904021,-0.406283080728923
-0.44555826339591,-0.35739311821166
-0.547121958518846,-0.336316845495434
-0.555491502135418,-0.349085721606358
-0.510004120732498,-0.351082087927293
-0.435395666283566,-0.259234816168293
-0.370402017482757,-0.0352203126880381
-0.335376539802706,0.251588179795311
-0.309734306304127,0.458883418462424
-0.265161819715521,0.521773407700341
-0.168291139767011,0.441153229577568
0.00607947808881741,0.238960469498281
0.2318475131677,0.0461340044155741
0.406698168072773,-0.0131952629113688
0.491127527162371,0.0739053341533048
0.470514325783753,0.202828109433193
0.393553726918234,0.282073107571424
0.344051013960254,0.232881000680564
0.390470213564533,0.0749811688305525
0.528476926415369,-0.0510981130310774
0.67048767136467,-0.0777455950752259
0.736816926254094,0.0363893324101524
0.67393261254232,0.247358235958493
0.390351620865983,0.411298001427063
-0.0944309840916996,0.405698578929693
-0.546593928204742,0.199202441444646
-0.750972256008308,-0.0566552044877183
-0.738039589372456,-0.26891736696029
-0.526531356053417,-0.439077792858317
-0.0788863822795076,-0.485632534346039
0.391020842791826,-0.377780407851925
0.66564216512191,-0.243481258252101
0.749808876340299,-0.155878041751739
0.727238856738827,-0.0677806739586717
0.616396398711148,0.0841667434656971
0.407070895353317,0.2716874364838
0.201678854085927,0.442912436299248
0.0773022719888123,0.511797174228269
0.0590920754803801,0.421980167159988
0.16286958051962,0.209514678963329
0.344025603081839,-0.0558080870645875
0.514479737457786,-0.22627631351397
0.581328560967791,-0.247222694075051
0.506482921121758,-0.141451641129562
0.240056078224569,0.00593264440751597
-0.124723892049782,0.07604289208598
-0.372692066483766,0.0316991259762212
-0.377430253686724,-0.0884192733167813
-0.12216559704496,-0.211367041707299
0.301480569218726,-0.235365875015368
0.621854655394625,-0.177524717744298
0.705665614315209,-0.13024991967498
0.584349953108068,-0.154638429448485
0.225595792131532,-0.291874251061973
-0.216853547032262,-0.449827703735116
-0.473168614573937,-0.475786218826958
-0.522812544941503,-0.356105496116803
-0.387070470213262,-0.0213925349611045
-0.180509386650642,0.417518687654366
-0.0418730064215056,0.671972956556394
-0.0398342768125329,0.701644607234006
-0.162364136219783,0.505392962123767
-0.223537304597173,0.112598826986287
-0.184572727997306,-0.261891942721548
-0.0637907532820265,-0.419317390878435
0.0500138037613838,-0.298961796514139
0.0596624658577902,0.0340484648770444
-0.0226236775090081,0.390422229570776
-0.140180968219597,0.581780384444497
-0.199778481550353,0.596706553840367
-0.13795586529616,0.471403783921806
0.0700114137114827,0.268200135242843
0.325050177963279,0.0915903187623206
0.488862889039776,0.0292791944942589
0.511907279435451,0.109814633142034
0.392339525493395,0.286543048770569
0.202161712371498,0.511266306151094
0.0565620162181209,0.686834166975768
-0.0383348801989891,0.754182849551929
-0.133720284629968,0.730833477019585
-0.261900404415071,0.549186095781502
-0.42172884454322,0.157058357705717
-0.492852835514268,-0.309005775130086
-0.42026334629946,-0.623359701736466
-0.262936729691007,-0.74258016507424
0.00467043964053496,-0.695940703459905
0.305569321443805,-0.376444775965464
0.458437270511861,0.139811052904279
0.404809094993794,0.542358334639627
0.241544175381518,0.711541796105608
0.0550739190611716,0.728791887074425
-0.0450214594033173,0.620276188382766
-0.00134409267302837,0.45705930435994
0.160071275253548,0.345205931934741
0.285791944481185,0.337364444430118
0.292438991711086,0.411453330258469
0.203395674946455,0.47768375359946
0.0622800572118882,0.456229129672239
0.02737318190458,0.334371300931328
0.12975012510344,0.12369324229999
0.322186926619634,-0.100843657889725
0.48125577496703,-0.264427638813182
0.504884692959781,-0.32828899435054
0.372087777736572,-0.355907833019936
0.112372928146857,-0.369783617313743
-0.172314945914517,-0.391800195722697
-0.356602465824194,-0.449477575367762
-0.412167724212845,-0.499508318639845
-0.387093043328605,-0.522931111842207
-0.356661775072393,-0.480448199192518
-0.374866334751451,-0.349015138699411
-0.398325812490976,-0.14309786618422
-0.380477056705416,0.0648072916099988
-0.231294071975182,0.194252453925155
0.0444821264078884,0.225632502466541
0.339222456902386,0.157617461525455
0.535318824776911,0.0392356474678287
0.554217965664535,-0.05611304340341
0.413969265199985,-0.122721876000549
0.126689210662929,-0.16545329930178
-0.215927365660277,-0.18976273867697
-0.472776126143276,-0.209367850522215
-0.611886883616076,-0.207947524306987
-0.642942227567446,-0.1757373010779
-0.587681951315464,-0.072583826587587
-0.467608714376801,0.120293473150872
-0.30429016104247,0.31388517974263
-0.163586812237067,0.394666284829414
-0.100027607522768,0.30361528938833
-0.130021208870325,0.00475797536019572
-0.228303740441617,-0.380047857939745
-0.299890802750272,-0.623012359536491
-0.294616071943996,-0.698250487813186
-0.151419387110265,-0.673373521621504
0.148595658066855,-0.501770118999368
0.426376687689114,-0.277428076390756
0.551905343548182,-0.185538444568449
0.493787491478698,-0.243453035408461
0.250173477510534,-0.382936520161805
-0.0250238430037568,-0.468091598460219
-0.136154337207943,-0.413559827584432
0.0286410331751275,-0.250619625461097
0.359629507692768,-0.0987992817771857
0.641792985119103,-0.088128428399779
0.699905213258135,-0.273023068370261
0.518551514700127,-0.539862186646074
0.157320966880156,-0.721647895934979
-0.192371855438622,-0.707890678541877
-0.317414841046892,-0.478499842663187
-0.127550445957341,-0.0175099139758769
0.24575719583129,0.391430280407379
0.472510717902534,0.473442536103894
0.442440851672425,0.31260320737607
0.123653707100832,-0.0218386829116667
-0.279142085286058,-0.265791519341129
-0.478417960299645,-0.215571574665702
-0.436175019214437,0.0483760436249797
-0.215249669141988,0.335257947104155
-0.0300387766008202,0.379025669883476
-0.034477673316907,0.119279759687048
-0.187596932102808,-0.333024369588272
-0.327094554075818,-0.644444436146215
-0.345606882058925,-0.716325181134944
-0.175864368368897,-0.688121789070626
0.160212466865287,-0.490384858768663
0.461472748276112,-0.25497946145306
0.568966284709348,-0.173376669169944
0.473120630580179,-0.260389734142779
0.215537689194842,-0.41920161014511
-0.039009748628399,-0.479711206324954
-0.126881224031498,-0.399220946155172
0.0440020929864655,-0.23226260051155
0.37562873849743,-0.0932196075310095
0.627595295301582,-0.101710542912435
0.677295671356428,-0.286280452495053
0.505884307900707,-0.540985992418156
0.162158011429393,-0.721599860345529
-0.158416575606444,-0.700995172256126
-0.31167138917471,-0.465776138580795
-0.172416602327098,-0.0312953348642347
0.188463817125518,0.370831216248427
0.455672824918803,0.47099999603455
0.492841536057673,0.330979993475733
0.229560301929762,0.0260573272918902
-0.250684584437592,-0.243052059486431
-0.626705785567837,-0.212245226186603
-0.737963382535058,0.0666031828688422
-0.612304808722998,0.423267789254845
-0.321269219840095,0.666311361249907
-0.0758424041249649,0.712719261397591
0.00462808401123323,0.545057821256189
-0.101501586808435,0.210438048370088
-0.307495079059947,-0.0501521640595134
-0.452044357863953,-0.0857677964918228
-0.450211730472255,0.103390659887415
-0.310731083481982,0.370579919429506
-0.17263967630238,0.556815808767438
-0.159433113934416,0.546139318560657
-0.339812608429913,0.350037326755681
-0.584025209821282,0.0574514937045582
-0.714817297030032,-0.152517807801779
-0.711894762236034,-0.224358991793504
-0.550448332795791,-0.23706577248885
-0.206456589386966,-0.174813944570064
0.175375860355028,-0.119443537313054
0.376478674335248,-0.154161220891211
0.379773962207635,-0.261157787617056
0.205733720840145,-0.415152406018112
-0.0320238563640841,-0.547706486115922
-0.197974128597987,-0.613671475418325
-0.281141263572219,-0.606547245428996
-0.280601933801521,-0.532639099310466
-0.22917908715785,-0.33287471628301
-0.169423445929385,-0.0275200167951555
-0.0999626614451951,0.294963414143971
-0.0335034886027797,0.516947662607698
0.0466959266499999,0.558857347116906
0.13534392367036,0.45304397280488
0.210025772991464,0.185106408039707
0.213292825121288,-0.131249521716984
0.107716603959056,-0.350627478283208
-0.0674531251561216,-0.435757094107515
-0.275126727933152,-0.405489616376232
-0.45402945052614,-0.337643989890526
-0.556050593056233,-0.30831960401935
-0.568511675065263,-0.324327296517535
-0.519508769577747,-0.329441074561955
-0.44918394428338,-0.248806810815207
-0.373587174350116,-0.0217822082018092
-0.328754903451219,0.271255425752904
-0.286074327704664,0.482738222395682
-0.23612262903305,0.541898101065091
-0.153808254760785,0.439063707234343
0.0228156908775772,0.232465913336714
0.243594201222355,0.0443861197236038
0.412224195697971,-0.0210367455788949
0.5003215699405,0.0519113449833475
0.482789044152511,0.195418658457313
0.406576737611151,0.27944704162488
0.365271316051291,0.224819276963733
0.393991413175273,0.074066286915162
0.52267978922544,-0.0630989388924556
0.664786553757948,-0.0921974194747399
0.738691862113407,0.0169479917414512
0.681906778369467,0.226999194959714
0.408587241151753,0.398608195714455
-0.0779714939146556,0.407841786590665
-0.545275245503173,0.223043146855007
-0.757520471689776,-0.0182299624956457
-0.744240514449641,-0.236054858091329
-0.540844826604263,-0.425699004069748
-0.109289414793156,-0.479773327538378
0.368267271515307,-0.388168890904775
0.651272197288091,-0.271026702049325
0.743641849632898,-0.193046727092762
0.731031140116452,-0.0869255264315348
0.621007557319879,0.0682974177151038
0.43201284631934,0.257416351794106
0.229664783206493,0.432831721550446
0.099109894293767,0.499367152825952
0.0846721942149962,0.423663089650732
0.18146380376519,0.194599770327284
0.355772291136494,-0.0715277595099183
0.508781457614136,-0.236303368742871
0.572148655409328,-0.260519626297924
0.500434512910753,-0.15560132115548
0.242004460551747,-0.00615007107304786
-0.113818678139423,0.0824951010831632
-0.373852608388704,0.0430363796400534
-0.38808982050646,-0.0850703388234161
-0.121513324304008,-0.206066912921531
0.297374867808756,-0.243004049694827
0.602215632280673,-0.196175412474995
0.701932665983629,-0.148366934363277
0.584265232981454,-0.169533576934413
0.217025799250714,-0.299718550531821
-0.227747461486027,-0.441003602070152
-0.498892782031749,-0.452267406041388
-0.532009373887011,-0.332603632516125
-0.386982912323577,-0.00759017053113364
-0.165862736917333,0.424854717960227
-0.0176623953700189,0.673164559068043
-0.0227648642836517,0.700097200828858
-0.140440739630964,0.506115869367358
-0.224192415101196,0.11440882966695
-0.198341206150233,-0.265986344674924
-0.0866770351283775,-0.419921653827782
0.0419351276349295,-0.300365173544475
0.0614922425874943,0.0292820193584075
-0.0104844881247695,0.394118467567347
-0.11826885818845,0.582901352453507
-0.181853480230626,0.593690837226234
-0.12365653196498,0.462856389954177
0.0726431293863238,0.250210187845544
0.325662928403996,0.0811538323673279
0.48674793002029,0.0145958295888447
0.504096878335387,0.0919658709070129
0.399398848101921,0.281533777800726
0.218457424922537,0.498551063762225
0.0685176668262362,0.681463468181976
-0.0118737601827471,0.755515617877472
-0.101264394961872,0.732053302374875
-0.242557901744265,0.567339833703731
-0.411252829398531,0.17835206756785
-0.485618448722065,-0.293356698490625
-0.441396090500813,-0.605403626911104
-0.295073519351152,-0.730861699863225
-0.0152029303012641,-0.694446956574658
0.299992446263931,-0.372700528177289
0.454817265150534,0.131190225367709
0.420088256317937,0.525562853314894
0.267590222565198,0.705995981532446
0.0882950308899334,0.730452236449826
-0.0251029069526111,0.626254013686824
0.0144687622978482,0.454201676946746
0.169838533273235,0.347236170827613
0.304569706502878,0.330330558497853
0.316917845541655,0.40371067430228
0.217099219920733,0.472146452315514
0.0928073450513079,0.451123839119189
0.0392243512359649,0.332366447119024
0.134172082308827,0.114792856404089
0.32527325193856,-0.120375355514413
0.464872543223076,-0.272574082656627
0.489430441654115,-0.342133718037634
0.361374577194782,-0.366889305363386
0.0978872247259439,-0.364559734062142
-0.188593709280663,-0.3868078481399
-0.367182962245614,-0.432312178727711
-0.423541684986955,-0.491957701850071
-0.403380281287197,-0.512189662658931
-0.378410107477534,-0.466411436339008
-0.397314923891301,-0.335896108423286
-0.421943456824979,-0.120112759238897
-0.379330626222298,0.0701413058666279
-0.224398539891585,0.195370648665709
0.0549835556557228,0.224898321564202
0.34499696938128,0.14742946643362
0.527463225850468,0.0306091702029611
0.558846047660311,-0.0724313484181758
0.406802649349504,-0.139517383123128
0.120022389383987,-0.181223793503941
-0.215323089812007,-0.189505779230828
-0.487606327551631,-0.195768799723591
-0.613513386217386,-0.188672779678979
-0.647172145606418,-0.139172891585148
-0.602393534227422,-0.0471759600714227
-0.466515917615739,0.127310422797168
-0.295245771569604,0.312510025555934
-0.160486362597398,0.39361868589473
-0.0926209749615746,0.302677821458673
-0.117433033772453,0.0129495988909082
-0.237986291233615,-0.368151516579828
-0.329754518392146,-0.613812692827911
-0.314339789386715,-0.68973699221534
-0.169395210186822,-0.67284827747478
0.125079683044357,-0.515964971053818
0.419961201925863,-0.302115892774786
0.547381742829136,-0.202760338491472
0.471522402418202,-0.258125096020184
0.238237613850382,-0.393951865077192
-0.0328709737872149,-0.471785024491564
-0.151509744066253,-0.412204434547854
0.00552602802828954,-0.257998015830265
0.355806189506277,-0.0990901266941881
0.635736063618883,-0.104856171030098
0.684380379045522,-0.290510396331871
0.49547606369774,-0.551913805241705
0.126889698623944,-0.734557963657643
-0.20634929614501,-0.707916115218138
-0.333851732310747,-0.470455042333401
-0.146054312246924,0.000909239140418903
0.228526814416898,0.402547294634271
0.477867331072353,0.453718844459021
0.475749534289795,0.27733489457062
0.160850628184419,-0.0561892889375772
-0.273280014917479,-0.262733416865843
-0.522866152865712,-0.127700099262604
-0.492931880114737,0.236986702090534
-0.187218555093967,0.582424143896233
0.187913200797148,0.640513824717769
0.46597096391459,0.433859559335013
0.542075951416147,0.057931527125981
0.40488816539211,-0.27934256034815
0.158122905825293,-0.353168824103139
-0.0907008412758833,-0.187337160691441
-0.191115293950476,0.0770199016642559
-0.114657314520646,0.217503007807988
0.106163554275072,0.134765058700504
0.357921148525763,-0.111590750351837
0.467357391760034,-0.377260839231344
0.388874823165628,-0.543287366673607
0.158170902717974,-0.550326876536323
-0.176502529688028,-0.420760316006852
-0.424391620824773,-0.229489719022816
-0.461373942525525,-0.0880832499217853
-0.276366366034252,-0.0569149823485471
0.033929868953763,-0.0951679769592641
0.293198583491839,-0.177776027462142
0.397035378430893,-0.228758375883548
0.324541908799293,-0.230413075530652
0.169200371954104,-0.186453326483839
0.0213191175158167,-0.106626644961065
-0.0700368310393589,-0.0280791141654326
-0.0940130718837007,0.0453151259597375
-0.132675497660509,0.0668573174508353
-0.22999515042373,0.0125966335666646
-0.390992619948186,-0.132283009229848
-0.518469632336585,-0.32269519578362
-0.5346947748796,-0.501338108268472
-0.4460015735834,-0.625728821135792
-0.257066197628905,-0.655623571586531
-0.0446628435445937,-0.510484167052844
0.0521146545837805,-0.159749369729833
-0.045758449046151,0.214509851410275
-0.287590647705254,0.39205433030469
-0.538043696474042,0.323680673504881
-0.682480006509948,0.0538088862053112
-0.660426717765985,-0.260849993515161
-0.463296913974288,-0.471864069092034
-0.143241882660109,-0.475718473683083
0.175398446369294,-0.211259748465343
0.342043348182724,0.191329906232235
0.308449496174496,0.528507987022081
0.125813851047773,0.688243245330094
-0.133900998541942,0.689367051102176
-0.388894584315745,0.575593596586978
-0.581788846138019,0.393003097690941
-0.661790598293932,0.246878215435993
-0.647903514543531,0.184857923186011
-0.550668543210154,0.244480873193028
-0.36435925900005,0.368642836558923
-0.122490327432822,0.456940685863543
0.0946117044531357,0.427963642192343
0.242159763585306,0.21252759651116
0.286452704713505,-0.169389560458524
0.187099962395416,-0.579467710732452
0.0225813222827977,-0.788620961871832
-0.0743034787617248,-0.813873544702821
-0.044679786280024,-0.642987425393824
0.103924346379277,-0.108349121999351
0.304547133387535,0.466668434481919
0.46661761272509,0.664795015451471
0.538328917460593,0.592377778455116
0.52286052893526,0.272006530042288
0.342034886489201,-0.277128769780231
0.0529194151683355,-0.621004719556808
-0.176366987804586,-0.59515636126784
-0.325411631585075,-0.25146958709676
-0.345759373127259,0.274276792095334
-0.266570846474154,0.593659776619522
-0.229972577308387,0.586555256184618
-0.273695102261329,0.277473248419288
-0.311962208293867,-0.159416164749524
-0.334924742123846,-0.376659388247222
-0.305659665500869,-0.249351790314203
-0.164854660282884,0.175020069360453
0.0569686354189867,0.566512496779102
0.251799954313998,0.66165784257787
0.337237364240199,0.52016388008177
0.274039606698233,0.139924008773455
0.0412828484445165,-0.244901584467329
-0.262414323307355,-0.35521603797875
-0.527350231284523,-0.191431549745893
-0.629185061770036,0.0905624809777537
-0.576771061878961,0.264430476576254
-0.41504508697831,0.221936238672124
-0.0929937086915798,-0.0520384122743441
0.275598312559975,-0.361956267028787
0.541720199118342,-0.446207698373789
0.717468799652836,-0.28378709066888
0.81265650551491,0.0302703219438165
0.793585086610989,0.34139672517007
0.715113765877485,0.494527270513642
0.598635149219581,0.504040432648106
0.427802689430486,0.379327814257073
0.252048439167693,0.160076924981845
0.122261603729244,0.0474244481498492
0.0973817739766449,0.0523123144559161
0.153610591663918,0.0884220981809299
0.232720047918707,0.0798972773286442
0.280579360686178,0.00478338865715849
0.267031131644383,-0.0371263252777169
0.176412172732041,0.00931264192614121
0.0240722491409917,0.17007573156926
-0.158693296202703,0.361191025519736
-0.334969914152378,0.42694710386437
-0.484816496878004,0.321802899882496
-0.597231797987091,0.0511715304763651
-0.627019229398028,-0.259056914221544
-0.584832785595793,-0.427014849008246
-0.491542614506221,-0.42911007267546
-0.334854159216899,-0.267121475701447
-0.120016752554613,-0.0520638263774895
0.0648270592095778,0.0242642608971955
0.189974513195656,-0.0691558281453676
0.275417572850154,-0.187865191005544
0.348134116457035,-0.15809467008273
0.436635304384665,0.0857706213559714
0.53804085871097,0.407124554873218
0.623373838956133,0.56666496204959
0.665269386245674,0.550383373819295
0.66111288887672,0.369213226936333
0.55409939876383,-0.0558024373362903
0.331070363330644,-0.477359061908366
0.174028941910896,-0.618135792687019
0.180975308650245,-0.468947158228488
0.319236143184151,-0.126852988288934
0.499067846215426,0.109967111311446
0.587650890708752,0.0500759249748078
0.535183282893468,-0.261869343808359
0.316163929287044,-0.587165220457955
0.052557977670194,-0.696036723043112
-0.127911886680213,-0.509682215208783
-0.17008984299108,-0.00933240871953746
-0.00349859424808932,0.515970646579961
0.249973002448442,0.704759181194418
0.432391223328181,0.613431503853845
0.509950461212597,0.328249472050305
0.411854280382653,-0.0792647592883486
0.164942205273646,-0.32751247918274
-0.106762186844507,-0.278921823276002
-0.337858602172284,-0.0426551777670638
-0.45920816174921,0.168796584066848
-0.506940368528915,0.171993040390802
-0.509656778532523,-0.0511037595346439
-0.445049994231923,-0.359174898048683
-0.327201873115621,-0.550465256182837
-0.162748162956921,-0.576132926357676
0.0390831660736867,-0.440825700123403
0.200814793927366,-0.222410635264173
0.249930642385136,-0.117020771292751
0.149919990496721,-0.20281398511245
-0.0500731001106591,-0.441266172547821
-0.259243303659662,-0.642400060033676
-0.367400386492598,-0.709198113382544
-0.326727476523572,-0.696502632143792
-0.169883718200691,-0.557259118954929
0.0522163077716315,-0.254437319717136
0.232468751099786,0.0383941765482644
0.305781095962491,0.191533206158475
0.290620501539053,0.178419838509571
0.246008492650212,0.0153667063149045
0.239273913328472,-0.210627236874509
0.279622105808558,-0.415146756289815
0.312766972103152,-0.537919454047194
0.282570077278816,-0.569912240130374
0.190197587170937,-0.53050432754517
0.0239112963791346,-0.408635250943356
-0.156722340760182,-0.226677289436
-0.246310637023809,-0.0339806971600539
-0.243382426703668,0.156510553342573
-0.156575499420145,0.354126078980759
-0.0898904341877617,0.542979546773866
-0.0946568829311293,0.674632869277029
-0.187201618807998,0.714501067032461
-0.330161118244627,0.642651382650444
-0.432763976406571,0.409171742950983
-0.398291939919038,-0.00888061265304336
-0.189539664701688,-0.423925711724094
0.0637596926753145,-0.62391595489421
0.259604731483611,-0.585406013736275
0.34422045421348,-0.330302309856367
0.254891929361221,0.0907827300888862
0.0193679232234135,0.475760833746389
-0.22556473152482,0.638909921029648
-0.4230249283316,0.634939787300966
-0.560297486077943,0.56469400660707
-0.601665003053381,0.514767744611717
-0.545611288246553,0.544493106404922
-0.380287881099918,0.618220512813632
-0.128417330980051,0.657312143805572
0.179145531920541,0.567955421907519
0.427212512105112,0.31405459419801
0.512915356069901,-0.00568980404192995
0.418399684098896,-0.243726931140571
0.176053556873317,-0.293777435562772
-0.0773672180663849,-0.158498457969985
-0.216503392867062,0.0526426881226148
-0.150930879096396,0.187568696360245
0.0926266246898718,0.124238221798985
0.355009887390515,-0.105155490539546
0.474012926481304,-0.362199102154185
0.385116438157787,-0.538255496790574
0.127886462902876,-0.571863434422777
-0.212654663802156,-0.437852291976884
-0.440111306169027,-0.224937869662283
-0.444541725067937,-0.0633926086736066
-0.246488538970558,-0.0257438931358911
0.0456200887480215,-0.0951708018234128
0.279859291205659,-0.191928532352208
0.36077312621066,-0.260813283180152
0.307687092428516,-0.237328368764366
0.19227019902604,-0.179216127726411
0.0638359317600202,-0.104435440407412
-0.0567822717787148,-0.0122916715845633
-0.156982125070473,0.0262239265573139
-0.228526814416898,0.0371658572521441
-0.249219060395986,0.0243263837229848
-0.172018451269217,-0.0315127623359493
0.0353247907400378,-0.12915996067699
0.292571695831456,-0.232895112102384
0.477514364941926,-0.330426552283215
0.519302644787357,-0.41075585969114
0.37924309413046,-0.450556234909158
0.0771752046978158,-0.439103229534578
-0.252130321531235,-0.388572678792031
-0.408203214414614,-0.337680700225535
-0.318245015734593,-0.33312038917148
-0.0724285235540271,-0.451956799974269
0.143577899605643,-0.618285471790128
0.1635105667029,-0.733798371876889
-0.00845987719326123,-0.768925493070599
-0.296070296529007,-0.636388336359835
-0.545791976360682,-0.301133227018751
-0.562985673237911,0.146319733386589
-0.31801910399624,0.484440931834389
0.110416084126156,0.548350297163351
0.506652361374984,0.358034091496017
0.654448892461927,0.0597189437923784
0.553370867589788,-0.147384281506165
0.208780510959913,-0.182709065796741
-0.228560712786682,-0.0465462701200065
-0.507234051208989,0.16791276275817
-0.552357167024888,0.312823469386125
-0.465437258074343,0.352553261697197
-0.3480945941568,0.329833562992616
-0.310742382938577,0.286602358018768
-0.431010419413188,0.298583419505298
-0.586278548487282,0.380824373107545
-0.671749856783266,0.453574789286363
-0.670733318455294,0.485937516482707
-0.585886060056621,0.45216576252773
-0.324282124489003,0.343268849064157
0.0406870407392302,0.212104034574864
0.294661269770374,0.131845322972809
0.36550003975487,0.114674263705538
0.285808893666076,0.071510816774488
0.113595604164142,-0.0195542900884161
-0.055344996378595,-0.180046302414111
-0.152376629088962,-0.351403993451008
-0.206332346960118,-0.397933324060315
-0.262705168224357,-0.299074739484392
-0.332744824127865,-0.0838956661482737
-0.400508568250029,0.148849792648848
-0.426012447899939,0.25337277159756
-0.367911493419655,0.1614323051195
-0.219759158439214,-0.128374970916744
0.0168915186439591,-0.44631217965052
0.235120227924744,-0.580930397010986
0.37550165830751,-0.504929890786159
0.443943111846887,-0.179890999380551
0.358771084363581,0.303671760873457
0.195582436083319,0.65898663040064
0.0690202927113866,0.79962503312847
-0.0223356574561544,0.818241842388307
-0.0600775532016405,0.772641518015134
-0.000934652739700182,0.684453799715541
0.125037322981051,0.618322156327291
0.255561151287064,0.601873965606842
0.306077590607791,0.620428653653254
0.221046780534071,0.658633664270213
-0.00658774846207761,0.657992690985856
-0.309220387411844,0.559470097557622
-0.538602787394857,0.383111610143329
-0.596859070706547,0.180054777006557
-0.406624747402755,-0.0407576333203693
0.08239626953473,-0.183595724868491
0.595469753502339,-0.200907975747502
0.831840918984777,-0.150758626877945
0.882588893974308,-0.036239675880159
0.780739977864821,0.162050705288514
0.392297165430089,0.348470159200416
-0.143992986949493,0.302220374051517
-0.460269846307868,0.0756955756838509
-0.478217459439707,-0.226807181591145
-0.282259471211696,-0.510910553853288
-0.0304679850406829,-0.642950689260969
0.0544216334212971,-0.611590414768623
-0.114109523056425,-0.465231133283953
-0.498390136798214,-0.217418287681375
-0.798080464486394,0.0423812755854917
-0.889772459009681,0.188861968183399
-0.878090678335831,0.243461497101984
-0.765762935116429,0.256879833988634
-0.556474142093606,0.271594254663664
-0.350655701126849,0.294144513115019
-0.326286978301307,0.260680579059781
-0.463935049495573,0.103898929051401
-0.583514102894224,-0.142550061821076
-0.569344687516035,-0.412085841849303
-0.38263721355128,-0.629622696431383
-0.0550259157190294,-0.707814471704479
0.284349019352767,-0.627572696388393
0.486163402423214,-0.415872449700785
0.479073019207976,-0.144679158060228
0.261324364309364,0.0781352715406614
-0.00304397472826628,0.191764754726202
-0.178897047066845,0.23254498373503
-0.195187109889586,0.237927007783263
-0.0848246723844074,0.244907234195626
0.0313066310960985,0.243718443649202
0.104025996342397,0.221165373232622
0.0974354270470844,0.130111565826312
0.0633784908023249,-0.0199637293163344
0.0622066429913312,-0.170987788620501
0.142454055136792,-0.269507518487818
0.284365968537659,-0.261829821508124
0.392661431017109,-0.178575141543131
0.45014398532838,-0.0863890150755238
0.426712730432495,-0.0390266913638293
0.366629521053095,-0.067472886306239
0.358107512166035,-0.126353180818471
0.433037846340835,-0.160127746738674
0.563620970996125,-0.0890913201067733
0.653567896017398,0.0332013474539136
0.64170826499249,0.164555353672359
0.516586234783749,0.253273940049127
0.293704014892754,0.187215730229818
0.0545204649697303,-0.0394530749395433
-0.0369258405414326,-0.333902554067577
0.0595466980233883,-0.551987225911723
0.239172269814813,-0.607637204426987
0.430835355229511,-0.511709667934277
0.535702851514049,-0.313376910578643
0.48439011007756,-0.0805213207764939
0.300836758171298,0.094713354416256
0.109865454898864,0.166523484250731
0.014307809535991,0.133260012358662
0.0733179945910029,0.0502989989500889
0.227894302826064,-0.0226999182060791
0.358635568277985,-0.0744954921302939
0.404278226916619,-0.133155531081932
0.307345425754685,-0.220369071116859
0.0911328713551638,-0.345558898065167
-0.172552131311618,-0.459699455930458
-0.388160429211253,-0.501792717912557
-0.530275655437284,-0.450336024494795
-0.573136919297968,-0.320662119127676
-0.537772612707157,-0.121321310935439
-0.40834721799158,0.127697274398455
-0.193235915597183,0.316703259057743
0.0790727459197795,0.405266542400951
0.344226103941777,0.420393238454605
0.526463610909542,0.375809452409404
0.587368507485273,0.354255971135904
0.512370402368751,0.349497996984983
0.308068307200429,0.300105415032031
0.015315879720979,0.133514146940656
-0.239016966781254,-0.159464174541128
-0.32471697298297,-0.449957621688108
-0.259268714538076,-0.649126177661893
-0.0754612022519753,-0.716017361235204
0.181828069352211,-0.606016377351821
0.405399246521321,-0.306498327679938
0.507036388112122,0.0594337486036734
0.447766404235532,0.310942858000669
0.311818204716901,0.322844849088883
0.119409651842194,0.109941700433031
-0.0754640271161239,-0.227363434748889
-0.181514638420943,-0.485149701858313
-0.196999937434398,-0.541014266857489
-0.133932059148654,-0.40959248002313
0.00156151943933311,-0.121710987400874
0.164817949947875,0.158704595659298
0.314517691333464,0.30329057189939
0.430174620795036,0.264741082643373
0.457118587810292,0.107956620669767
0.378291488981137,-0.0377362508542849
0.213493313082303,-0.11455002127869
-0.0238322324302803,-0.0737472062555963
-0.247394946293502,0.0496100094246666
-0.373872369538821,0.161237466886782
-0.33673474480451,0.228896729732216
-0.118031672791349,0.204304920032471
0.232468751099786,0.0978025110487924
0.565543942444887,-0.0313828701808041
0.727219095588709,-0.168533974892409
0.728117015420285,-0.284862938245051
0.607775584073501,-0.377478263478328
0.316234512193991,-0.425679242919631
-0.0773446256026573,-0.328280532657017
-0.396727584328999,-0.0406926872427967
-0.505299780303631,0.35578642835616
-0.376566206427086,0.681562273932563
-0.21535132555457,0.8279893521568
-0.139607740079115,0.830299136510081
-0.21143481264902,0.67517787457387
-0.409538820503229,0.29445795694521
-0.572846074380966,-0.146503285061635
-0.612141043995916,-0.376345944417031
-0.488803605589424,-0.453058058428854
-0.186634053294737,-0.411972873081204
0.225581680709712,-0.306074752844719
0.519119118910157,-0.263560753790472
0.556714165253779,-0.325874702922683
0.38594096311719,-0.437075776809084
0.053046482459332,-0.474464698362317
-0.284910948036655,-0.425100365050852
-0.419851070920836,-0.33253588737225
-0.335068745700812,-0.314218384722938
-0.0815886873107571,-0.427305693925248
0.146045837654478,-0.610347990500144
0.13704098338077,-0.74838292619462
-0.0330403979167872,-0.775510444884922
-0.305069513973342,-0.635433919245286
-0.554356345311049,-0.267556324195415
-0.570059081470411,0.185253249379744
-0.311654439989819,0.492432072644274
0.156871994065445,0.531701605582963
0.548138496846818,0.320602809879477
0.666565521629746,0.0354546796704522
0.524794799840618,-0.1371454646575
0.137995400495318,-0.159068848347395
-0.250275146822039,-0.0228495763484379
-0.43545778749699,0.152927258316255
-0.457389671577177,0.28202509777982
-0.422533608352506,0.363099859748833
-0.435790992477299,0.395301608385473
-0.480521619862537,0.37893248806334
-0.45224202096082,0.319278477449611
-0.207148410225999,0.203127416043718
0.249518392804357,-0.00871683663940295
0.615410920989888,-0.222486867899417
0.712035928049928,-0.387542029042239
0.667497339831105,-0.460978616331792
0.55329744691977,-0.45086967873935
0.390518223356137,-0.360702517505867
0.257320332210899,-0.197095944118683
0.186843002949275,-0.0347007472921881
0.108631492323908,0.0992369615847636
0.00411698998309843,0.183290755630746
-0.09124299591073,0.267835895453669
-0.101532647415147,0.33583963693816
-0.0192803879068441,0.385760249205215
0.0924882579422807,0.420904319583817
0.138133767242909,0.416233877524734
0.0223413055720863,0.394036585203805
-0.275163438268161,0.326809358887113
-0.604339104589374,0.234860443614454
-0.777806092018537,0.146260437037313
-0.802841250602542,0.0321113916806535
-0.666116535916112,-0.122159960215585
-0.285125534520567,-0.248987524727182
0.150013172316857,-0.279257840221537
0.353699692180314,-0.228168198558175
0.228758375883548,-0.0981921810647664
-0.185820814893005,0.0340089329026172
-0.588139398722621,0.107002203555219
-0.748117466358186,0.104319666123548
-0.687415856809773,-0.0284010164644161
-0.308226422199215,-0.21754817983652
0.258384880330475,-0.307226833056134
0.563776274029684,-0.251297334878309
0.52295938628154,-0.0468709972831387
0.129713414768431,0.25479593557586
-0.38897081695099,0.470714826643691
-0.610969202634383,0.515665664443292
-0.609534739199489,0.448314195699753
-0.327648021066183,0.254457080867253
0.199329508735642,0.00817185794659023
0.53086296920174,-0.130809023494719
0.5566153079075,-0.103915871786831
0.292399469410851,0.0398907515223903
-0.103235356853855,0.243029460573242
-0.319399907911233,0.394369790184114
-0.253259828627307,0.442054038767908
0.0516346211623576,0.413799824946759
0.39220963333825,0.300658856224549
0.529917013780714,0.183242758738065
0.389600516576598,0.102845680388419
-0.0390153951319655,0.068396249263537
-0.525831099318708,0.0759355923945624
-0.76328087274685,0.133756994964977
-0.809279361076828,0.196133052411688
-0.744870188277403,0.227273090691825
-0.549265191977664,0.247714014054145
-0.251989155717341,0.203062469966146
0.0355930431933125,0.0940526070828586
0.215359800147016,-0.00335740807808275
0.28159589901415,-0.0357737603300179
0.263580540738436,0.0687576835369476
0.213549784567429,0.268027908822238
0.143662619732256,0.479646247348458
0.0952159803014064,0.602385072533899
0.101323691311148,0.57290819559439
0.163267731577501,0.388406076301877
0.271814516673719,0.100603641179014
0.379248743858757,-0.138763453969595
0.464206133262458,-0.217107681614255
0.495179543254594,-0.140652527048574
0.483610757146689,0.0156010765220494
0.458682917602485,0.138444373310029
0.392393185013296,0.123520990081538
0.243334416912064,-0.0398371016766815
-0.0227959248903637,-0.259658391003512
-0.389947832978727,-0.380652146686939
-0.680895915567638,-0.324818642294475
-0.81817125948136,-0.213580845174141
-0.8025758423618,-0.157772764559015
-0.586159929990885,-0.200487238675354
-0.0733914152610214,-0.296044885650593
0.424922488901949,-0.349232562946395
0.611500070711559,-0.332171621785229
0.563781949555828,-0.184519081376328
0.222568750262958,0.102588720942277
-0.228484454353592,0.357929636017132
-0.480569603856294,0.447399300885439
-0.50104726335147,0.361637173470298
-0.353298716258284,0.114112335021651
-0.158252797980438,-0.162126950822681
-0.0956056503173804,-0.319075190422293
-0.222308991750514,-0.284696335754897
-0.384051890038211,-0.126963106395039
-0.43014637215355,0.0160613423438933
-0.269547066585899,0.0393457720233949
0.0744474887881516,-0.0961167443455152
0.429564682319545,-0.299470065678125
0.586930821228233,-0.440642174246203
0.585434236579915,-0.46416093543608
0.499056546758832,-0.338050615540853
0.356896148504268,-0.0868634052181109
0.264495409754903,0.18013383450595
0.282948454287657,0.346335413232966
0.37774088555169,0.38867432230569
0.39860538374923,0.368329392728731
0.334549202878077,0.306704452470328
0.24412506929953,0.220665565762159
0.257037974785265,0.124814249005769
0.483461129639272,-0.0226575629798687
0.732646291665474,-0.212883387505735
0.84760010083142,-0.381612213529785
0.856345157895915,-0.476085525437483
0.785582646344509,-0.510616871173214
0.632277036817259,-0.489416356030141
0.329839212720913,-0.400042659149349
0.00188060030044445,-0.293319988155615
-0.152791716432812,-0.206942272536686
-0.205397690995687,-0.132274534637402
-0.277267123628899,-0.0454901965928763
-0.447246835614951,0.083616120687866
-0.599877625083752,0.263543830403426
-0.593566594799386,0.42412337482096
-0.35434915295604,0.523507177745761
0.235106090705078,0.490455493271302
0.793240582174085,0.217663960569845
0.959704744277695,-0.0863297187262485
0.910247280741785,-0.267745525598758
0.622526689285694,-0.425611471977909
-0.138670272149459,-0.521869427283549
-0.763772218523791,-0.381417362398144
-0.895044300457194,-0.218914872329693
-0.840238633849298,-0.168206419640398
-0.558075208018655,-0.0947528896154139
-0.123842895605252,0.0654228669148641
0.0670041523414108,0.183649371489469
-0.115913876008791,0.195144749826279
-0.436680450615351,0.104926766835968
-0.646144307821851,-0.0531622535184647
-0.650032610782684,-0.222495355390786
-0.474007302550853,-0.379782423901158
-0.229749503333106,-0.408392390020112
-0.121744872871735,-0.307486617366424
-0.237237998909456,-0.137981276174575
-0.457756723331577,-0.00209802696597635
-0.611788077865489,0.0118681128729979
-0.629650970870716,-0.106242618223927
-0.504856470116141,-0.324316022858786
-0.339792847279796,-0.523493040526094
-0.235885443635949,-0.632443639307414
-0.234716414239642,-0.625149917469166
-0.305027153910035,-0.515730623419788
-0.308059845506906,-0.29688071006659
-0.160997456625533,-0.013824952862785
0.134064776167948,0.278111409738419
0.423725210864156,0.4689782188352
0.566978405879782,0.512508782015265
0.546918671491528,0.518517667926035
0.384097087864589,0.452227883741154
0.151187838542538,0.258511934722548
-0.0229032261941467,0.0211271041472476
-0.0751703637844345,-0.150083768122727
-0.0851465779081217,-0.185143118374716
-0.145656161189043,-0.0858581598972716
-0.31020867709833,0.0621360471854613
-0.522702388138629,0.147480288190449
-0.655730890626333,0.115329361310638
-0.680630455731204,-0.0798888027361983
-0.576957425519233,-0.368820738505672
-0.373719904268333,-0.608484302501733
-0.18447954617717,-0.702308179431552
-0.0986835139427838,-0.656888594768199
-0.124255158084954,-0.442791031635472
-0.214924938754125,-0.116696053803811
-0.237647436525009,0.155186233811629
-0.15045932026742,0.282143690478371
-0.0239367088699147,0.238737395523
0.0904664742934691,0.130710191946286
0.0722449847779039,0.0300924296712598
-0.0659537220931163,0.0283699558577042
-0.209562688754933,0.160170106801981
-0.25456437410921,0.361642823198595
-0.119867086350427,0.556855331067673
0.136335051119917,0.646045502071264
0.409637652051662,0.598954268575916
0.582347937058835,0.44364096747329
0.625689247239865,0.224957630812401
0.525864997688491,-0.020726134674679
0.328136503282206,-0.211381166028042
0.174446854118894,-0.274556337555742
0.141604119298974,-0.230274695884138
0.278393792961899,-0.118923968692473
0.469334022728698,-0.0292707231265437
0.619375430788119,-0.0317301898076639
0.694590960151624,-0.126463311823499
0.686297674968142,-0.274268330401811
0.62919914739401,-0.407330679663607
0.55474883374171,-0.473191213487126
0.494852013800428,-0.471993987045025
0.431417045063515,-0.361078082549483
0.345149460449614,-0.198256498922543
0.220383208336525,-0.0537834753268965
0.0834184575909996,0.0919065745577376
-0.0352909052691772,0.190019698123111
-0.0990167124736311,0.261191660188993
-0.0688423972140992,0.336658512169266
0.0181198379400795,0.386725965776358
0.127606917442468,0.403363357900151
0.160494837189844,0.405644919409792
0.030600698835246,0.380426234948586
-0.266875828610823,0.336455199344102
-0.595856618002549,0.281127152150399
-0.77348861608988,0.197937418262978
-0.807799699815555,0.0691473600023832
-0.648259318437029,-0.122224906293158
-0.241129088037668,-0.283829450732187
0.156524677663316,-0.299899264443795
0.302002949804533,-0.182740126403453
0.147276975365286,-0.0262295730608804
-0.201063278781062,0.065137671726159
-0.515524498629399,0.0346188584791852
-0.659189917427957,-0.0419068886676354
-0.665517922695062,-0.0368241873535816
-0.535428929984092,0.103365249009
-0.305368820583867,0.371477865058927
-0.0223751894305816,0.581498001221017
0.244622039006921,0.604116004816247
0.427359353445149,0.475899161797211
0.489839905067514,0.290524507753692
0.388151941719884,0.184216937002731
0.155039392471592,0.295200599541072
-0.0982034805213609,0.547144557432035
-0.192202428084318,0.740357887014951
-0.131023622877554,0.808466109776173
0.0229625241557873,0.757862138363608
0.271551894600357,0.544882757072512
0.512929493289567,0.184586852318049
0.608326213300794,-0.180046302414111
0.546475361304038,-0.429381130644499
0.401115668962448,-0.570172024440664
0.201523551052367,-0.646271388011771
-0.0331392262404896,-0.684936632203266
-0.24367327162067,-0.680339610814202
-0.416183055767905,-0.624717906738271
-0.507327233029125,-0.545292220485911
-0.510108602009228,-0.44260745416258
-0.395790116399342,-0.328537479204236
-0.139195477599414,-0.223791439179166
0.102662141612296,-0.184857923186011
0.221193596076262,-0.201500952139178
0.141256802896845,-0.208808759601399
-0.135473815825505,-0.190736916941635
-0.428912409578594,-0.115253128675394
-0.552695995935648,0.00134974018432325
-0.443423543226306,0.149581135788115
-0.106909021735083,0.334080456014326
0.317677437322408,0.471319115390885
0.561237765972825,0.520206240145076
0.565481821231464,0.566264011925406
0.315698020186365,0.635089466404075
-0.165809077397432,0.597853010121331
-0.577925979853448,0.404024092334626
-0.743760468129295,0.194927325579296
-0.719239254235419,0.00353530256764184
-0.513861311490926,-0.135459691504762
-0.188379109897828,-0.147285449957732
0.0519847624286353,-0.106403570985784
0.121719449094397,-0.0893849898879242
0.033867747740339,-0.140576281514407
-0.108735973600638,-0.251565580882122
-0.167469426772833,-0.314893256377079
-0.131339878672971,-0.24025092935621
0.0215111308843859,0.017473205253233
0.19945375116249,0.391280627102116
0.321003785801508,0.675858370158462
0.349723882925489,0.802513721148376
0.320868243918065,0.84171829511057
0.246734186061182,0.807136127618009
0.132195464239086,0.683920093875294
0.076949305858386,0.451078641292811
0.108905388056018,0.149191472221603
0.216054432951274,-0.10055846270102
0.348258358883883,-0.300413183336079
0.448393291895914,-0.462136320473658
0.462331197403145,-0.571781552059236
0.396589230480331,-0.616111177724597
0.279139247522986,-0.533952106485892
0.0761643096486792,-0.3120610398423
-0.0853047058058302,0.0581348335016831
-0.115335011038935,0.393299592336241
0.0143558128781333,0.578662972721012
0.225048000667311,0.623339940586349
0.387928867744603,0.538201837270673
0.425128613692338,0.383992606587858
0.298041251971528,0.191363791703095
0.00794031260359397,0.0191166118932036
-0.294511616465111,-0.0575362009322482
-0.465375136860919,-0.0538343003084567
-0.45846265559243,-0.0313913415485193
-0.280150136122661,0.00655386379739969
-0.0269609178125131,0.026675722623808
0.205016489122698,0.0143953464649258
0.306794796527392,0.0173263719750229
0.273957724334692,0.0341275288258986
0.189517065788499,0.0818767073636108
0.125751729834349,0.177335529239877
0.143820747629965,0.270735857132323
0.231271473061993,0.314644771523383
0.311945284906821,0.296824238581464
0.285201792953657,0.207749861210121
0.106327331901078,0.0576971536941053
-0.209150426275231,-0.100448338145454
-0.517862557422012,-0.168946237372111
-0.668409396882347,-0.149795748069874
-0.681251667865443,-0.0909606255861736
-0.536100963875161,-0.0210875721728205
-0.247572848240251,0.0609246706247712
0.0286184439361307,0.123916316275271
0.167113648677181,0.196223409367676
0.123633933051791,0.302960178884307
-0.0399528727358143,0.391156384675268
-0.157289906273444,0.409936984460034
-0.150592037286713,0.269981915079867
0.017289663252379,-0.0781267969482155
0.243325955218541,-0.510935938933857
0.316663710959662,-0.773290952993013
0.282211461420092,-0.840786476909211
0.205070148642599,-0.767090079511521
0.034387313136189,-0.388417375758471
-0.163903068032484,0.230023399065216
-0.191516269872506,0.614193881801978
-0.077347450466806,0.676979389763165
0.0785983622266539,0.463559484451958
0.168923651357845,0.0271388116974351
0.0702119016724978,-0.310330107559952
-0.186362969527852,-0.384238253678483
-0.459770038837405,-0.201678854085927
-0.567783143891221,0.113925971381379
-0.474346131461613,0.351175269747429
-0.191979354109037,0.400277006783379
0.186631228430588,0.258071436500283
0.457186332954167,0.0436547765843365
0.550614935285945,-0.0638585242237477
0.469003655511461,0.0511376450055045
0.277577729696019,0.313854119135918
0.0997000522707561,0.536106639401305
0.00108148632022879,0.626282236530464
-0.0513014194067795,0.548562045884191
-0.119355992322292,0.326815008615411
-0.236280769829682,0.061729434434057
-0.379855844571176,-0.120759382251552
-0.482001229528117,-0.164106380857648
-0.451507865856327,-0.123549225824101
-0.312639917711079,-0.0435559450359033
-0.139974830530285,0.0341444715613289
0.0149742098224165,0.115645617106055
0.0638726420950294,0.212383592934194
0.00750263521456423,0.288861346413065
-0.0534333308358881,0.307913004166869
-0.0400517042842475,0.215916066203683
0.0259556724916738,-0.00961478065645926
0.099372503468206,-0.333854544275973
0.0870271763946551,-0.590483081445685
-0.0741905293420099,-0.675375537670737
-0.26888914411665,-0.608752548505546
-0.383137021021743,-0.436807530805271
-0.294604798285247,-0.279582583508323
0.0819218858416044,-0.243201712791693
0.504975037016845,-0.363712610189549
0.646918036822271,-0.524371199207553
0.570477006577333,-0.631102357692656
0.266130348251889,-0.657936193702884
-0.291247389199436,-0.520000115354687
-0.677465060013962,-0.259892738637541
-0.698603453943612,-0.107117977839082
-0.342913070968506,-0.111161551586167
0.327520940876263,-0.202974937874307
0.722650297043285,-0.339742025522966
0.74452289767312,-0.418591697467465
0.539994890766445,-0.463327974581
-0.0331138121373442,-0.479166201028112
-0.543120764183452,-0.440001149366153
-0.662312953081893,-0.441336807050461
-0.453433623472469,-0.534084810606262
0.0520864156164864,-0.530018657294373
0.475774919370364,-0.292201806313984
0.583785186661109,0.0405091452419427
0.36168234549883,0.358124461350927
-0.0476305793897,0.484861694704383
-0.356339869548678,0.363088560292238
-0.393971652025156,0.112844486975834
-0.121891701312849,-0.126437900945084
0.26677699706239,-0.166308884867896
0.51373990682715,0.0193735713393454
0.476113799876816,0.283671335733401
0.176389573818852,0.466781377452173
-0.250789065714323,0.411648155592264
-0.558015872972611,0.0667302501598387
-0.585733594786132,-0.353696854417243
-0.421649774144905,-0.628448068902472
-0.1684972645574,-0.70916421501276
0.017732987951158,-0.582206719649249
0.0369484297804295,-0.297394628958874
-0.165806252533284,-0.0766725788126654
-0.471691842671429,-0.0796854963604961
-0.687661555496089,-0.218934633479811
-0.74680445918276,-0.373784837446983
-0.684679685656048,-0.473544179617552
-0.509944837282146,-0.527847252587607
-0.155736863038922,-0.421262935442541
0.212860801491469,-0.195901516742884
0.452518728658156,-0.0508835104235114
0.507166254469421,0.0232900761830682
0.407443622633861,0.0580811804312436
0.217500170044917,0.143292704416938
0.0140593230699299,0.314167537168263
-0.0517560387250569,0.504833871202951
0.0317527790466607,0.610658596567264
0.221043942771,0.580139796219213
0.412404909609946,0.420534404268499
0.490046029857903,0.244958081750302
0.404809094993794,0.197118530132949
0.177592488686019,0.320077591530599
-0.0773672180663849,0.556756525317086
-0.169807472666523,0.742526505554339
-0.110591161208757,0.807545591031408
0.0413167306906464,0.755552354010327
0.294638670857185,0.543891603825108
0.527118721413565,0.169533576934413
0.606002240132155,-0.201441655789903
0.526116268709567,-0.452027434476908
0.376478674335248,-0.582932413060219
0.170022084948282,-0.657337580481833
-0.0577310391649659,-0.692427965542688
-0.254073054130115,-0.678659500288683
-0.422169342765485,-0.621456491437821
-0.530230457610906,-0.519136042297203
-0.532794402344026,-0.418828882864566
-0.401446036179686,-0.310626602205252
-0.122524212903683,-0.238830577343136
0.141813068953512,-0.218256924062599
0.230540129922725,-0.201577197673345
0.10023091389847,-0.182011608128335
-0.199225040357835,-0.128925600144037
-0.441525956858112,-0.104847702887113
-0.518393373903495,-0.133949008333546
-0.430219792823568,-0.224751506022011
-0.23813029481058,-0.31984324389657
-0.0658859576008566,-0.347391499659019
0.0649174161655651,-0.248298541651221
0.203892644653846,-0.0122832002168481
0.36435925900005,0.276284457872864
0.499697520043189,0.468227140343661
0.553955395186865,0.531365562839583
0.502442204486129,0.501120684021488
0.308353502389134,0.248459494413078
0.0547237713454325,-0.273085189583685
-0.0966419562449317,-0.72372333265423
-0.082975134504586,-0.903021304047413
0.0683708319356607,-0.934361868985334
0.332256316113996,-0.813421721226115
0.618844562710943,-0.428350480894707
0.741512804989438,0.0664676409853998
0.72222391024284,0.295691919520166
0.676530404049531,0.255089592458088
0.555612906799194,-0.0258229570847453
0.306139711821215,-0.400635622642103
-0.00787254327423812,-0.559961443334563
-0.303112669952641,-0.420754666278555
-0.492104543190108,-0.0398088627093874
-0.481038350720046,0.369230176121225
-0.287497465885118,0.578662972721012
-0.00673175848850445,0.529168721456555
0.288437771577846,0.288852858921696
0.428514271419635,0.0488052488401116
0.358909464010095,0.0117495161435338
0.0844462953755664,0.241148874985631
-0.252856014942205,0.53759754852348
-0.426051970200174,0.69173054657105
-0.511150525417769,0.679966883533658
-0.571959454005985,0.54539386399957
-0.548375682243919,0.282900444496053
-0.401454497873208,0.0393288292879646
-0.212171805516585,-0.0435926521461818
-0.0804366070993423,0.00430053198395241
-0.0381711025729833,0.110486679932026
-0.119819089457747,0.144873996292946
-0.324355545159021,0.114668613977241
-0.569262805152494,0.0603429872402281
-0.731745534070827,0.0753228419538457
-0.755323630306749,0.170135027918535
-0.643295193697872,0.318965059417266
-0.32347171095142,0.459818074426855
0.170120903597792,0.467752717953767
0.567949746381376,0.305597544287445
0.719515961932755,0.0796939645034805
0.668485655315437,-0.0996125201789174
0.482904824885836,-0.207298063531261
0.29961406925509,-0.217573590714935
0.308198199355574,-0.166777618832724
0.526658436243336,-0.102859798259701
0.756001339723961,-0.0438185509856116
0.854611387850496,0.00180435980491912
0.823451614218088,0.1230155457817
0.569494315023452,0.35436326437786
0.0113598420966463,0.510893578870551
-0.48053008155606,0.470697851660953
-0.680438468160481,0.301799636979369
-0.65564617049972,-0.00179024112745476
-0.354487506804708,-0.346795672605349
0.0205736548929024,-0.550976363109895
0.23472206396794,-0.543476516481258
0.241699504212924,-0.384466977382061
0.0815124482260515,-0.143422596572083
-0.101575007478454,0.0935697487972872
-0.181237904925761,0.213436841597176
-0.118020373334754,0.268248145034447
0.0206527188417567,0.337147020183134
0.12502321155923,0.454520744707389
0.132249123758987,0.58717651991455
0.0408875254755145,0.660406956615868
-0.0796629038967685,0.630893395139195
-0.147302399142624,0.466789839145695
-0.115848929931219,0.173359719985052
0.00697177519921587,-0.134951422340775
0.13561781940247,-0.283388952509922
0.195514665141597,-0.256241672669502
0.185594916053575,-0.0901248011701759
0.160404480233856,0.127203129555212
0.192213727540913,0.258184405268383
0.337155481876657,0.237480859832701
0.531650783826134,0.080798041372753
0.680269027907255,-0.129529875992308
0.729079945824048,-0.293257866942191
0.690640587573059,-0.387573089648951
0.593032888959139,-0.4280116261861
0.418724401587835,-0.420647373036598
0.217875735088532,-0.380251170764909
0.0898085453747588,-0.340436658327224
0.070290965621352,-0.330118758181321
0.137907868403479,-0.324426128065968
0.225663563073253,-0.30429016104247
0.283558366965302,-0.244986304593942
0.313611284010519,-0.0921974194747399
0.311400305407825,0.15650209164905
0.268827022903226,0.416908749178875
0.22710648820167,0.572007437999742
0.167576732913712,0.577448771296173
0.0753171922255484,0.383125721565149
-0.0852454094565549,0.0219177468605209
-0.293046092423505,-0.33446729471669
-0.483206969259433,-0.47257846304641
-0.627773197248331,-0.365494390026573
-0.686179108067437,-0.114380593924387
-0.621668291754354,0.180873652237663
-0.434734931849092,0.342681509501855
-0.14519590181666,0.271498260878302
0.206160094741666,0.0035494212451062
0.487532906881612,-0.242292467705677
0.634903102763803,-0.287621708311966
0.709401400409861,-0.120765031979849
0.707904815761543,0.159918797084136
0.616591224044943,0.376916360592287
0.447300495134852,0.391407707292036
0.163445620625327,0.103969524857271
-0.206905562201677,-0.370859464889914
-0.495555108298209,-0.630252421854838
-0.67429966429672,-0.609678742776455
-0.77164757860035,-0.459840673340044
-0.774556027770374,-0.166675962420142
-0.654338787254746,0.246869727944624
-0.408047911381054,0.56371415281626
-0.182949088956914,0.681641370128725
-0.0667302501598387,0.67800438978466
-0.0510726989279319,0.619638052861481
-0.0864370184176661,0.547678263272282
-0.0553308720578518,0.441681259891672
0.0784006991297875,0.276843574591526
0.289897645891155,0.026232397925029
0.494928272233519,-0.203943479309599
0.573365643001546,-0.32124380896168
0.543535851527302,-0.316237349957063
0.353614972053701,-0.2053073340397
0.0122013122100279,-0.10883763001322
-0.288793575471344,-0.15174129263398
-0.423586857015488,-0.350548407884892
-0.366273742957444,-0.589630307844796
-0.189059631280266,-0.73017552875249
0.0254615211989693,-0.726693903037677
0.183815973979624,-0.475427628766081
0.172388353685612,-0.0233465508929256
-0.00984350274767226,0.344384218940563
-0.258972219892777,0.441472348933903
-0.463951972882619,0.261841120964719
-0.512068257995154,-0.0415821615045032
-0.383831653826001,-0.267225956978177
-0.158944605920547,-0.290194140536454
0.0577508067645449,-0.127307597933019
0.131195875096006,0.0579710558756773
-0.024044011786063,0.114002216915546
-0.335746455118024,-0.00915168997046674
-0.620349609052784,-0.200408168277039
-0.744570881666878,-0.288107404360609
-0.738787881696615,-0.262532941803751
-0.569031243685844,-0.0757633401761107
-0.225053650395608,0.267833057690597
0.0758819393241228,0.490596659085196
0.17902693922199,0.489221530696346
0.0205087088153298,0.317423302740415
-0.312699201161431,0.0559040937488721
-0.59049438090228,-0.0716096418734597
-0.704047625003115,-0.0264695897715918
-0.669420311279868,0.071877900776196
-0.514603979884634,0.142688428568667
-0.28162412185779,0.0770650801422496
-0.118429810950307,-0.11037372406285
-0.0724228802751914,-0.280076715452643
-0.0764269188231182,-0.326391459578038
-0.0399020445295234,-0.181974897793325
0.103370892287836,0.134101486502957
0.316175228743639,0.414502945242386
0.471728527208592,0.484720477294797
0.492917742895071,0.390422229570776
0.319351898119629,0.147180968681001
-0.0070169544833922,-0.119305170565463
-0.336226475640524,-0.230091170006938
-0.511963776718424,-0.142694078296964
-0.496822969242949,0.0692461851013548
-0.33438825011622,0.254174697643774
-0.129145849255169,0.289728205637929
-0.0118088141051745,0.142637606811838
-0.0419068886676354,-0.127078887128364
-0.164055546201895,-0.409784493391699
-0.273085189583685,-0.592600878228243
-0.289140891873473,-0.663402912079884
-0.192241963283476,-0.670959204395801
-0.0764212690948209,-0.632680824704515
-0.0172049511875929,-0.549234131370952
-0.0458290416272901,-0.456322311492375
-0.142696903161113,-0.376738458645538
-0.178778441469371,-0.28366849797033
-0.098867052718907,-0.167839342088151
0.142047442385387,0.00677693777268079
0.428361780351301,0.228998373245875
0.573967093985668,0.411300839190135
0.598683184809031,0.500225550357292
0.499031110082571,0.496938749976274
0.272799994394979,0.260465966778023
0.0287031576132823,-0.268451457859611
-0.091810567873453,-0.725880651737023
-0.0766076391845543,-0.907005626591453
0.0546334143894452,-0.940910084666801
0.303694359786646,-0.820441521534406
0.593490336366296,-0.441523170690732
0.73419086030755,0.0447447323575966
0.742083195366848,0.273155772490631
0.692111735545117,0.238497398160673
0.560520534255378,-0.046266721434868
0.296121118285837,-0.41601645327775
-0.0329443912325026,-0.567644815840399
-0.32373149526171,-0.41035488376911
-0.499313493306051,-0.00763817387327592
-0.466546978222451,0.385119275920858
-0.274039606698233,0.585245086772264
0.00851352865133541,0.526873022727249
0.292831480141747,0.273712051446221
0.424880128838642,0.0331307548727745
0.339219619139314,-0.019540170604769
0.040373606583231,0.124610949079529
-0.344725885614395,0.294827872260528
-0.582178496805609,0.30274840436562
-0.642730427250913,0.116312027066673
-0.482625279425428,-0.168613045290725
-0.0930840656475671,-0.376673499669042
0.308452333937567,-0.312171170847328
0.512099318601866,-0.0489887908409656
0.443378345399928,0.28961245070245
0.0884079803096483,0.561333785556033
-0.37349399252998,0.601772322093183
-0.68839287283751,0.456584881970045
-0.83215998674542,0.255205373191413
-0.830669077623245,0.0442759951680376
-0.679484051045933,-0.12796835816534
-0.401962792835041,-0.148262465985469
-0.179789342967969,-0.0323118764169378
-0.145088595675781,0.124077269037128
-0.278334483713701,0.213021754253326
-0.429652214411384,0.191174590299752
-0.45470710834766,0.0815548018398965
-0.345909026432521,-0.105519749677105
-0.1070163214265,-0.307512028244839
0.15788288266512,-0.467411051279935
0.299899264443795,-0.526901297166581
0.316954555876664,-0.459086705489741
0.240039154837523,-0.279410331289871
0.0880041859729311,-0.0025808838407281
-0.0565563729392851,0.297939608457869
-0.119542355962564,0.514685862248175
-0.131153515032699,0.605892134924973
-0.0975512013309479,0.594834455744126
-0.0168858705280272,0.493547468318526
0.078547534020363,0.331892076324821
0.190200412035086,0.194580009177167
0.306851268012519,0.0846552514795659
0.39301158518231,-0.00566156709009258
0.420229447929676,-0.100863425489304
0.398289127953813,-0.22508471100232
0.305611655709265,-0.344494349945591
0.159224151380955,-0.380553315138506
-0.00812385460444795,-0.298365995258314
-0.150572263237673,-0.133305197286118
-0.216895907095569,0.0280508751981385
-0.194125386634158,0.0593349170552402
-0.0878093477402133,-0.0708500629916291
0.0592558531063859,-0.260417956986419
0.169796186108852,-0.385466592322987
0.184177401803573,-0.346770261726934
0.0694184373198066,-0.0988275239692106
-0.157354852351016,0.273265903495659
-0.341837223392335,0.528635067212
-0.425453331181278,0.565591926438645
-0.414878484488156,0.354682332138503
-0.225601441859829,-0.0807613374872053
0.0553619326645638,-0.493205801644694
0.242032683395387,-0.668587298829096
0.322904158337081,-0.646514248935015
0.311710911474945,-0.489402218810474
0.188853493590953,-0.235317865223765
0.0555257102905696,-0.0259556724916738
0.0151266896041931,0.120598429489695
0.0927367492454381,0.222842671792915
0.209345264507949,0.307647570128282
0.284493022929733,0.391404869528964
0.300094115575436,0.405142299974103
0.251864887492647,0.277408315240639
0.205262162011168,-0.0182920853214351
0.207021342935002,-0.353970775947199
0.247008081793292,-0.562491489697899
0.297033201134924,-0.55876137912939
0.312583446225952,-0.330073586152789
0.213448128154847,0.0510981130310774
0.0152706996306199,0.299331711829457
-0.151676346556407,0.253624068416481
-0.195785736009559,-0.100324095718606
-0.0710336017677523,-0.546063060127567
0.0995616919726265,-0.772539874501475
0.230198463248894,-0.798444730073415
0.32490898635154,-0.67873008319563
0.23027753364721,-0.413085430992384
-0.122329374670965,-0.129445168764618
-0.513465985297193,-0.0380073281717083
-0.739942799671101,-0.0656770014968572
-0.802172054474545,-0.0907121407324778
-0.753595484191781,-0.0686729698597961
-0.563716990579332,0.122730350592995
-0.231466324193634,0.431654230460617
0.083638706702132,0.628064042165333
0.295542266214904,0.625279835422158
0.380965564719284,0.481648263397691
0.313619745704042,0.240651879480394
0.150236246292138,0.0545600001688882
-0.0628532789029085,0.0289939993055538
-0.21685919676056,0.0980227601599248
-0.255758814383931,0.148008331403476
-0.223847910664292,0.0601792096142223
-0.144972827841379,-0.168330662067246
-0.0791800520606586,-0.42049769393349
-0.0789315607575013,-0.529595108257
-0.157888532393417,-0.452292842717649
-0.230904395509746,-0.200656666029657
-0.204612701235442,0.105401150529093
-0.0291521272032623,0.261222720795705
0.253635367873076,0.169734064895428
0.499844361383226,-0.0834749355255878
0.562488651934827,-0.347899768823006
0.432981400653555,-0.456217830215645
0.131221285974421,-0.384495226023547
-0.253347360719145,-0.175700590742891
-0.455969345361949,0.0497455480833783
-0.35971139005631,0.110413259262008
0.0319758530219418,-0.00701977854135815
0.51026674280586,-0.225852764476597
0.724302184725163,-0.413811124403354
0.734625708801518,-0.493426012059057
0.636456133099402,-0.496978272276509
0.309751255489019,-0.439026971101488
-0.173924460634165,-0.328915856213077
-0.499369990589023,-0.244091196727592
-0.559933220490922,-0.22795926180256
-0.436745409591847,-0.264958506890357
-0.230026211030442,-0.309053784921689
-0.0822409665011701,-0.320882355339885
-0.0997988838191893,-0.325143359783415
-0.252706361636942,-0.301384549635519
-0.435536883693152,-0.227707939185792
-0.543634657277889,-0.0993866213394877
-0.484237644807071,0.0932704357373004
-0.225282348301341,0.318165945336277
0.153921197731038,0.45154455039349
0.493827013778933,0.414576365912405
0.669072969079893,0.275132377661449
0.664343243570458,0.0918698642227283
0.443688951467048,-0.0450694627454595
0.0142485115743503,-0.0814107918134696
-0.401138242077791,0.0164114852225363
-0.595983698192469,0.219219828668516
-0.589986111738294,0.387098693056902
-0.465329990630233,0.457344473750799
-0.252271513142975,0.38293370819658
-0.042460339534346,0.160559783267416
0.00910086257035851,-0.137639609500743
-0.0522276007787646,-0.412791774110156
-0.118057083669764,-0.57767465723668
-0.0902208078544604,-0.652268974465946
0.122515738311237,-0.648366585881139
0.435652612830785,-0.536620532495742
0.687675641120063,-0.338959834829024
0.809296284463874,-0.0604615799387787
0.769854525104579,0.264698722580067
0.588486689326904,0.549920302481687
0.396295573598103,0.703584502069815
0.300175997938977,0.71188346277944
0.387084581635082,0.579289808785703
0.616819947748522,0.314873469429116
0.796770243478348,0.0369907866190052
0.856723560702602,-0.132875985621524
0.846001872669443,-0.194032204814022
0.795524981446797,-0.17026492007368
0.711242489495083,-0.103300302931427
0.615128537766409,-0.0393203579202495
0.522273215170805,0.0502792313505099
0.392633208173469,0.1667154976193
0.158964379969588,0.31341927064195
-0.165300808233446,0.450561910435302
-0.458389286518104,0.469480864068735
-0.621431106357252,0.368685196622229
-0.666554222173151,0.159755019458131
-0.556169159956938,-0.144981289534902
-0.324592730556123,-0.403363357900151
-0.14332376502365,-0.50962009399536
-0.105932012156807,-0.461376780288597
-0.204598576914699,-0.252054088895991
-0.390072075405575,0.0271077510907232
-0.503159384607884,0.273429694020588
-0.492593051203977,0.419131027238163
-0.392836495200787,0.449810780348071
-0.228185147743067,0.393415373069566
-0.0826334613812928,0.254056104945223
0.00888908402075851,0.0802982468012128
0.052272782481489,-0.070302258628485
0.0520553550097744,-0.159317346100014
0.0407999901589451,-0.162412146011386
0.0181791359017202,-0.0868125770118199
-0.0457358598071542,0.0330460444203537
-0.135631943723213,0.164736067584333
-0.227569585337124,0.255631759991857
-0.279336910619853,0.308466445359387
-0.273096489040279,0.333349112875058
-0.227496164667106,0.362792091444785
-0.197299256943846,0.403448052228918
-0.255092404423313,0.419749427407177
-0.396131783073174,0.37491715650828
-0.536843632268869,0.248504666441611
-0.585589539613475,0.0340964682191866
-0.462777345353707,-0.197465859434001
-0.147209217322488,-0.330632677073604
0.253273940049127,-0.274872593351159
0.488459101152521,-0.0449988669395897
0.464482840959794,0.263165453394585
0.137148276622726,0.521146520039958
-0.343172855278796,0.59751696737795
-0.675544926328271,0.484330826627207
-0.829144218535595,0.285817355359599
-0.837361296881678,0.078810143194802
-0.678619977988449,-0.101094974057031
-0.385274578954418,-0.133658163416544
-0.176920441896027,-0.0180972487010827
-0.171913969992486,0.120064749447294
-0.300822620951632,0.209077005605213
-0.423922873961022,0.211844263163496
-0.438736126184485,0.114569782428807
-0.315237735016136,-0.0705592180746268
-0.107165981181225,-0.3052841262551
0.0990195373377797,-0.50493551471661
0.220939461494269,-0.565219199158101
0.29123325197977,-0.48457084978738
0.302228835745039,-0.245130308170908
0.212428764962727,0.0863127759908182
-0.00910368662832446,0.307238132512729
-0.326600396333653,0.319806533561561
-0.591183338180394,0.164416986924768
-0.690858011820043,-0.0180125366362965
-0.63536055017096,-0.120999405411725
-0.433232723270322,-0.100798479411731
-0.202669981535485,0.00211496929831531
-0.133364493635393,0.0294203828812678
-0.215554625480811,-0.171080970440637
-0.317313171735388,-0.531134052968625
-0.349212801796278,-0.789188566081862
-0.313856931101143,-0.90982368010872
-0.245189617419106,-0.93575113459385
-0.181201207489675,-0.851700152513093
-0.191183064892198,-0.570465707120738
-0.24426626091127,-0.0948460714355498
-0.178422663373719,0.238788243077675
0.0512421230575042,0.300624957854765
0.374736442596305,0.19211489599248
0.627245166934227,0.084237339271567
0.703098831819018,0.0867843412692566
0.63394017236004,0.227165797449869
0.411086226908377,0.410820792869789
0.149137812701702,0.485033921124988
-0.0366011133783005,0.38004504597452
-0.0932478432735729,0.0745350208799903
-0.043234039512189,-0.295482956966705
0.0192577986678472,-0.538543503944505
-0.0015389296964721,-0.612815915650056
-0.0812272465878849,-0.565275696441074
-0.194949911593562,-0.469684151096052
-0.285328847345731,-0.423730860592453
-0.289584202060963,-0.475266650206377
-0.228924952575857,-0.560370906747962
-0.160181406258575,-0.594165208020436
-0.0993075573906334,-0.508067063659761
-0.0917145611891685,-0.262098067511938
-0.111446746774872,0.0847230224212871
-0.148649304687833,0.361337866859773
-0.187498113453298,0.453569165355912
-0.192160080919935,0.37759969393995
-0.167198355904871,0.152458511452504
-0.0635846220421757,-0.109744037336165
0.094397098620839,-0.288494243062972
0.290544268903809,-0.36678201212143
0.448946707290587,-0.348831587024365
0.508459552090422,-0.306642331256904
0.447941468419209,-0.278054938253293
0.254530501537272,-0.242264244862037
0.00675717178546722,-0.216029022072859
-0.137605724029883,-0.156485142464158
-0.0834269321834455,-0.0616898992348991
0.17949284832267,0.0209266194109633
0.528584193859479,0.0611279834499349
0.748360327281431,0.041440976342225
0.797430977912822,-0.0127660568900542
0.724892336252691,-0.052874233465611
0.515329673295604,-0.0827605286722893
0.181647355440237,-0.12445282118182
-0.100318445990308,-0.141940136244508
-0.248250531859617,-0.162383910268823
-0.297956557642761,-0.201851093405456
-0.243458685136758,-0.219380781430373
-0.14871143880018,-0.201495302410881
-0.0193509821003485,-0.138387901824902
0.1646372360359,-0.0229597009040041
0.343534283102745,0.111458046231467
0.46889917423473,0.197753879486854
0.498921004875389,0.21713309249267
0.410106398915414,0.185685273009563
0.23121218961164,0.132345130443272
0.0528770583297597,0.0567625041791359
-0.000350141795335034,-0.0507479717647997
0.0940949606967036,-0.172266936122913
0.249024235062191,-0.311451127164655
0.32845840880592,-0.433131028160971
0.2712074159613,-0.502975858730684
0.0902462251823367,-0.459058482646101
-0.0980340531670579,-0.246271114723574
-0.118661359518034,0.102371296695294
0.0654878129924367,0.442779732178878
0.344658114672673,0.599013552026268
0.524145313267046,0.565761366691871
0.512969015589802,0.439662320455393
0.205699835369284,0.181613469969376
-0.32932529382863,-0.146576692832731
-0.671823277453285,-0.305922287574231
-0.727148512681763,-0.342486684168061
-0.522244940731472,-0.409493648474697
0.0300105408582569,-0.415115695683103
0.541491475414763,-0.371096650287015
0.710011313087506,-0.329376115585459
0.692860027869276,-0.228888268038694
0.46843605130143,-0.00821986128873251
0.166382292638991,0.309406751052116
0.0374792914081432,0.584414912084563
0.135812657635188,0.701404584073833
0.322813788482171,0.653025728483628
0.458002422017894,0.451462668029949
0.421392827597686,0.0923696652437301
0.149389122419546,-0.272274776046102
-0.178349242703701,-0.483839480850267
-0.398385121739174,-0.499460334646088
-0.435124582516681,-0.407567865060709
-0.319261554062565,-0.277312295657431
-0.151456097445274,-0.133562156732259
-0.0656318230188635,-0.0503752380347945
-0.123619821629971,0.0190686085510614
-0.266367559446837,0.107496354847923
-0.435034238459617,0.225971357175147
-0.477762849795622,0.355549217161213
-0.421107632408981,0.441322669830794
-0.304922672633305,0.439326277712013
-0.122758586335559,0.284323608474353
0.0300020694905418,0.0141553297542144
0.131097043547573,-0.272430079079661
0.153864726245911,-0.491200947832389
0.109354360870729,-0.574099849701731
0.0395519032632457,-0.510486953220223
-0.0744700748024177,-0.315923906126871
-0.190352890204497,-0.00409157628304432
-0.220987471285873,0.303363992569408
-0.168491614829103,0.485358664411774
-0.0365079283334338,0.498079530731094
0.135807007906891,0.320057830380482
0.267556324195415,-0.0109729921077248
0.251565580882122,-0.373942978243614
0.0819698891837467,-0.589257580564252
-0.154567833642615,-0.57943665012574
-0.382117644930699,-0.334074806286028
-0.474800741105698,0.0838307200707012
-0.380968402482356,0.440227086902352
-0.166512184794136,0.539929931789949
0.0846552514795659,0.333292641389932
0.301969051434749,-0.158063609476018
0.368713419465869,-0.613671475418325
0.300568486369639,-0.794226059895346
0.259562371420304,-0.772709314754701
0.207874103636969,-0.520536607362313
0.0419520703703598,-0.0397947448381058
-0.136289866192462,0.328737954266328
-0.253858441848357,0.361521392736973
-0.28125985627077,0.102416475173287
-0.193569120577491,-0.295403912366236
-0.0523010182240523,-0.561997357753579
0.0288443427755605,-0.544662495062456
-0.024696290976476,-0.245116196749087
-0.276507531848145,0.233423168214334
-0.544704855125763,0.560122370298574
-0.675638108148407,0.640118498524036
-0.771585457386926,0.588735174180599
-0.800150225679502,0.454125418513656
-0.715415910251082,0.314568513090293
-0.454870924670435,0.259833455187189
-0.161816331856638,0.316971505061556
-0.0284490198065584,0.403679613695568
-0.0336757343717699,0.416315759888275
-0.0928835841360135,0.337782343739194
-0.0906076594557473,0.22073333670388
0.0353417302507373,0.16508903371476
0.231630088920716,0.289248185115429
0.37037376884127,0.526706420237094
0.39141900674863,0.710011313087506
0.345849742982169,0.80273114539536
0.25609201936424,0.810792869112192
0.18626131311527,0.714167862052152
0.221106063984423,0.435121796349302
0.307048931109385,0.0857508537563925
0.335675846413231,-0.164176963764595
0.232725697647004,-0.235764013174327
0.00935217470675103,-0.184999114797751
-0.238059711903633,-0.0839464943545647
-0.375123281298669,-0.00734450651067302
-0.351994170776381,0.00293102571164276
-0.168779634881956,0.009306994616392
0.0728379676190416,0.0387160820719787
0.280511589744457,0.0885999936782174
0.415025325828193,0.164032960187629
0.480383240216023,0.25338688301938
0.543837995900899,0.321639135155413
0.596850557417332,0.383735634242794
0.610732017237282,0.441616352510868
0.528411967438873,0.512282844479067
0.309429349965305,0.547568106469408
-0.0681195222178163,0.436189156434103
-0.445583648476478,0.172216114366083
-0.60329429182207,-0.111765827434438
-0.540184092169789,-0.314370849993427
-0.292215917735804,-0.363616616404188
-0.01368659095229,-0.179427902245097
0.108411243212775,0.153076911621518
-0.0268169077860862,0.460433662630643
-0.336757343717699,0.57327246118141
-0.606702548462556,0.469960858793389
-0.742822974401792,0.270958931107604
-0.742190462810958,0.0298128809861213
-0.578417325630388,-0.129145849255169
-0.33223939272695,-0.110808585455741
-0.171916794856635,0.00262888718287038
-0.162372610812228,0.0371009111745715
-0.282104168178136,-0.15885424896456
-0.353883218057514,-0.520429288322511
-0.350980444413635,-0.780451919115198
-0.316017087947007,-0.903687714008031
-0.257887910623083,-0.930383221967437
-0.218189153120877,-0.838160410962667
-0.223610725267191,-0.562875516435037
-0.252748721700249,-0.0989969448740522
-0.172792154471791,0.236475595163477
0.0647508201248722,0.297710884754291
0.39046175187101,0.189977338059805
0.628309689255957,0.0625765518571878
0.706507088459504,0.0636552113985841
0.638842175885773,0.206911211929974
0.421886985339852,0.392542838318559
0.14924794370673,0.475774919370364
-0.0399500478716657,0.376823152974305
-0.0800695230976344,0.0691162929462097
-0.0250549052228342,-0.299368422164466
0.00749133978888312,-0.537526965616533
-0.0457047992004422,-0.613183019000149
-0.135790071620922,-0.565617363114906
-0.220199656661479,-0.465078668013465
-0.21075994099488,-0.385709427448386
-0.0832631545574397,-0.37460655044116
0.0597020010569481,-0.3724944033869
0.130549239184429,-0.343912660111586
0.0745943236787271,-0.258068624535058
-0.0637766354107448,-0.152306033283092
-0.218912034566622,-0.0625850200001722
-0.332527399880881,-0.0216071375686704
-0.36225273587624,-0.0229032261941467
-0.328780314329634,-0.0299794802515449
-0.249365901736023,-0.0531566070148982
-0.117670232068477,-0.102376939974129
0.0543849295357494,-0.181593695920336
0.205403340723985,-0.302056609324434
0.297866187787851,-0.400649759861769
0.309593114692388,-0.431162910481522
0.298665301868839,-0.37610875901993
0.314879119157413,-0.222613948089336
0.392986174303895,-0.0190347246925661
0.54076010647765,0.173752221314636
0.644447273909287,0.340001809833257
0.634934163370515,0.47597258246723
0.487981892595246,0.610155951333729
0.171778441007967,0.708588149109207
-0.238728933829477,0.666822468176965
-0.54008244865613,0.444586922894316
-0.627815557311637,0.0541703237034527
-0.450827318676043,-0.38765213424942
-0.158766716872722,-0.690250885309778
0.0154740076186875,-0.753248193587498
0.0261166252535309,-0.618042610866883
-0.161661028823079,-0.197062058647822
-0.329949343725941,0.332956598646551
-0.253104525593747,0.638777216909277
0.0128084129224473,0.678792204409054
0.421748605693338,0.456381594942728
0.685058088462735,0.0607778357341958
0.632624327421542,-0.293788735019367
0.29961406925509,-0.491957701850071
-0.268843946290272,-0.497023470102887
-0.678233113488239,-0.325033228778388
-0.762823425339693,-0.19415644724087
-0.579687972742507,-0.245054075535663
-0.108306761936045,-0.3729744239094
0.291086436437579,-0.477102063765456
0.362153930125653,-0.502326423752804
0.145647686596597,-0.401333093209432
-0.217706320633152,-0.17068000741753
-0.436115735764085,0.0705563932104781
-0.350525808971703,0.191504970415912
-0.0265740678235915,0.10409094241997
0.337302323216694,-0.166201578727016
0.477254580631636,-0.458524776805854
0.371517387359162,-0.670657060022204
0.155155173204917,-0.748190887028205
-0.0296378103529824,-0.691436863890976
-0.0694523163412056,-0.520909334642857
0.0653325035094153,-0.235843083572643
0.281528128072429,0.0773813359376666
0.330110296487798,0.324016690450415
0.155352836301784,0.487380441611124
-0.187659066215155,0.559817439757597
-0.489453040567304,0.525752003122546
-0.62464164830518,0.420393238454605
-0.600744484308616,0.262227959667083
-0.36310550947713,0.0924289615930054
-0.0517193316147784,0.000429206071701009
0.129154323847615,0.0501634602913772
0.132401601928399,0.240970973038882
0.0170044664513086,0.472369500492949
-0.0792929950309119,0.606959495009775
-0.103159117769149,0.591061933516618
-0.0564293056482886,0.379861494299474
0.0126587555862712,-0.0125542775342715
0.0119641195572824,-0.387683220653978
-0.0675491318404062,-0.576900979831953
-0.171227811780674,-0.550067092226032
-0.230260584462318,-0.322743205575224
-0.162530738709937,0.0231855997434338
0.0120403594481708,0.292461590624275
0.191990653565632,0.383857064704416
0.30660843288712,0.302703232337088
0.322570953356772,0.124475407196086
0.260169472132724,-0.0177584004419381
0.168884116158687,-0.0293695546749769
0.0680009230698041,0.0868746982252439
-0.0226039115217946,0.267655155743848
-0.131243871988687,0.385782848118405
-0.238980256446244,0.372635569200793
-0.292117086187371,0.222772063088122
-0.26038124665141,-0.0091601613381819
-0.100078429279597,-0.234532888362442
0.127366907181218,-0.337200679703036
0.322802489025576,-0.271492611150005
0.389258849902766,-0.0717084734218929
0.282197349998272,0.206352108110236
0.0517814528282024,0.482797557441726
-0.164521468201498,0.652102371975791
-0.24197621191026,0.714117040295323
-0.158786478022839,0.711138008218352
0.0769013025162438,0.635055568034292
0.376961532620819,0.491443757159942
0.585778741016818,0.309135667285231
0.634555760563828,0.18226009298203
0.571973539629959,0.168957536828705
0.417541260769709,0.251740645065799
0.210663934310595,0.392028919426275
0.0510896416633622,0.534268388079155
-0.0303691534922497,0.604240247243095
-0.0697939894644989,0.598779152796546
-0.0260375596923113,0.524831484377781
0.088328916360794,0.449542534344258
0.234648643297921,0.400296793731342
0.355769479171268,0.393909530811732
0.405082990725904,0.431730488893707
0.348628274199201,0.425024132415607
0.184993465069453,0.293068691336694
-0.0327862601100634,0.0209266194109633
-0.214464679381743,-0.331968308960065
-0.274595885653823,-0.590703343455741
-0.270007325958281,-0.695181111679151
-0.276465171784839,-0.686630879948451
-0.348247085225135,-0.580995355987482
-0.509944837282146,-0.412238307119792
-0.676649022545928,-0.241722077328267
-0.752113036763129,-0.145469797548771
-0.730212264885346,-0.121239415672974
-0.592756181261803,-0.10088884281718
-0.397114448829209,-0.00878460596875879
-0.339750487216489,0.127299136239497
-0.435452163566539,0.229645022056375
-0.60673644683234,0.226197243115654
-0.703084746195044,0.112423749903686
-0.61899140405098,-0.0925277931414386
-0.228408221718348,-0.270902459622477
0.392102340096294,-0.293399058553931
0.778574145492813,-0.179179417391401
0.884223755077756,-0.0198281906576227
0.833597236347694,0.180947072907681
0.579315245461964,0.377723936366798
0.1993690439348,0.422652201051057
-0.00452360595923351,0.309697595969118
0.0914914872138874,0.15355694504294
0.378277377559317,0.0425422283473489
0.596935277543945,-0.0267039599787367
0.609370974472407,-0.0121504848099197
0.397871202846891,0.00812385460444795
-0.0404922057312432,-0.0141214442833538
-0.451697015663978,-0.0378435505457025
-0.67186279975352,-0.0721602711007524
-0.691541345167707,-0.0999344192531702
-0.564888831940864,-0.119745668787728
-0.315743192214897,-0.115498788664941
-0.000813232556907175,-0.0870187082516707
0.249447784099564,-0.0187608225109941
0.433983801761861,0.0736201389645998
0.541415216981673,0.210432398641791
0.559701659024272,0.345372534424895
0.497057316876979,0.433636511157578
0.333679480092296,0.414406925659179
0.123357212455532,0.182254456152656
-0.0603599299756584,-0.221512689634751
-0.134364095677396,-0.598313243695867
-0.105189369560945,-0.771845241697217
-0.0430363796400534,-0.791125623154599
0.0258427230719589,-0.639853090283294
0.0278390974547212,-0.255131952521394
-0.0300670155681143,0.183635247168726
-0.0646604567194233,0.437519138592267
-0.0210480401983933,0.453701869476283
0.0766274003346717,0.286226792975152
0.144701744074494,0.0454619576255822
0.119319281987283,-0.14408334390548
-0.0354462083027371,-0.223218211038684
-0.267813296540479,-0.211081846518594
-0.443677652010453,-0.175296789956712
-0.494541407733309,-0.163024896452103
-0.388598089670446,-0.198561455261366
-0.180190305991076,-0.248654319746873
-0.0413901481359341,-0.246079101355005
-0.0600154319882165,-0.165715895577296
-0.229173463227399,-0.0515160220143455
-0.423250840069953,0.0521824223007709
-0.492299368523903,0.0831530300018735
-0.373358450646538,0.0179447673069407
-0.0850929248376822,-0.0992962579340389
0.24556234469965,-0.223706719052553
0.432631246488354,-0.303267972986201
0.451298903302866,-0.342387852619628
0.300404721642556,-0.360677106627453
0.0863523111899761,-0.382945007653174
-0.0686701449956475,-0.417953536148333
-0.108738798464787,-0.448175867648931
-0.0397241522569667,-0.450801933595474
0.0619214478026262,-0.402118095868601
0.104192598832552,-0.322121967643139
0.0502255815048011,-0.220558272520202
-0.0694890266762149,-0.132650086782094
-0.217361816196249,-0.0720190859384742
-0.320399497054314,-0.0373748133561435
-0.359770699304508,-0.018735410020214
-0.339067153868826,-0.00435135898096929
-0.257334443632719,-0.0132489135632603
-0.118435460678605,-0.0769323631229557
0.0589282978543743,-0.189491654910085
0.206640128163089,-0.322263159254878
0.283253410626479,-0.419139488931686
0.288017034505698,-0.435644151137262
0.260584559476574,-0.379949026391312
0.291668126271583,-0.240612357180159
0.413991838315328,-0.0505983120100756
0.56456692641715,0.145139417432611
0.654285127734845,0.319758523769957
0.629320603653478,0.474151306127818
0.475080286566106,0.620996257863285
0.168169722204312,0.718987931618651
-0.180868002509366,0.662948302435798
-0.473072646586422,0.431061266967863
-0.616707004778268,0.0721376786370248
-0.53998359130985,-0.316480185082461
-0.324818642294475,-0.609814284659897
-0.0351892488565953,-0.756204626751279
0.237754755564811,-0.733575323699454
0.451202883719658,-0.581836830131777
0.548900926390643,-0.295245771569604
0.431275853451776,0.048130377185971
0.176234270785292,0.27032641951677
-0.100293035111894,0.299588658376675
-0.282434535395373,0.115255953539543
-0.31446968154186,-0.138054696844593
-0.233267865180774,-0.326911028198618
-0.116673454890622,-0.371621868635893
-0.0632711846614458,-0.292503950687581
-0.11039349811189,-0.157696519024848
-0.20809717761225,-0.0783781131155215
-0.270306632568806,-0.109882404083756
-0.231045587121486,-0.163615047979631
-0.0963172323065303,-0.176172149571868
0.0846919618145751,-0.0799706915492012
0.181178608576485,0.112169615321693
0.125946568067067,0.29303479296691
-0.00958936735949649,0.375380253643734
-0.146892948628148,0.339081265290646
-0.135962323839373,0.19808707156824
0.0318092537565182,0.020409878879262
0.255846346475769,-0.096238168357676
0.418786522801259,-0.0960998016100849
0.416490849869799,-0.015284819114267
0.285927486364627,0.107739196422783
0.0981328847154911,0.202336776555176
0.0202743402205503,0.20243278323946
0.152402039967377,0.146395978920756
0.413460996035999,0.0589876006531112
0.624729206194865,-0.0612211652700709
0.649880093916503,-0.164140266328508
0.451637732213626,-0.222396523842352
0.00611053909862073,-0.236986702090534
-0.456548197432882,-0.137862683476024
-0.647717150903259,0.017396964556162
-0.556804509310844,0.152565817593383
-0.209763176715948,0.206532834921133
0.242628510449058,0.127381018603038
0.496907689369562,-0.0426579994064816
0.479586963898106,-0.193258501611449
0.228956013182569,-0.199287161571259
-0.120965519940864,-0.0276612019574337
-0.331508049587683,0.280472041646376
-0.305814968534429,0.551713355977459
-0.108467714697902,0.682573188330084
0.0765483363858175,0.678687723132324
0.0912232347606126,0.572137355952734
-0.114089749007385,0.452744614598663
-0.432755488915202,0.409982156488566
-0.636554938849989,0.487123495063906
-0.667203657151031,0.616461357687644
-0.619903461102222,0.709277157983013
-0.554658489684646,0.705219466364647
-0.512466421951959,0.556228495002982
-0.436172181451365,0.216672833120288
-0.368086557603333,-0.160593668738277
-0.402561406056091,-0.33467625727015
-0.47680275715493,-0.260361485501293
-0.540822227691074,-0.0234679716803556
-0.524503954923616,0.221320676266182
-0.411803458625824,0.316175228743639
-0.205510646864864,0.200128622816631
0.076328087274685,-0.0493615213462401
0.312583446225952,-0.260559148598159
0.449288373964418,-0.309257097746853
0.455672824918803,-0.186292373721982
0.314351088843309,0.00199919662681718
0.0777710124031021,0.116698865769037
-0.157013185677185,0.103469723836269
-0.266714875848966,-0.00858129798069125
-0.216452571110232,-0.0959981516469646
-0.0339383403214781,-0.0842486322787
0.210641348296329,0.0601029705295167
0.379197922101927,0.247897565729191
0.421999928310105,0.356794479192763
0.381166039781376,0.343410040675897
0.296406313474542,0.210774065315623
0.244175891056359,0.00777653658995356
0.293461179767355,-0.16690468612372
0.400291144003045,-0.235676481082488
0.485019783905322,-0.19218549179835
0.448300110075779,-0.0831756160161395
0.248349363408051,0.0333481823444891
-0.0546729495886031,0.133542382683219
-0.329449536255477,0.190279469534479
-0.446639760700378,0.198787354100796
-0.391907488964653,0.202297241356018
-0.247730963239037,0.199196791716348
-0.123187785101229,0.168881291294538
-0.139314083196887,0.152862312238682
-0.31156690789798,0.158837312678591
-0.50775924376002,0.204717182512172
-0.584711380932017,0.262035946298514
-0.519486170664557,0.291038426645975
-0.275296168186378,0.271902048765558
0.0697205752439419,0.186314972635171
0.304473712717517,0.10191103087345
0.333171210928309,0.0467467548562908
0.13104620889182,0.0249193649517571
-0.130365700408305,0.0202602207369033
-0.287830670865426,-0.0492570432942403
-0.26205008351818,-0.218666387475998
-0.0803857788930514,-0.449342033484319
0.0930388871695734,-0.638065660717974
0.141745310910713,-0.719699539405647
0.0499573290515264,-0.702841885271799
-0.15560132115548,-0.56371415281626
-0.340546789332252,-0.344889676139324
-0.35313211376813,-0.177058795744695
-0.15257146732168,-0.162945826053787
0.235509878592334,-0.23691046945529
0.553565692923583,-0.299487014863017
0.693210156236631,-0.278495436475558
0.723051298763161,-0.145647686596597
0.638189903144821,0.034672508324894
0.488874188496371,0.153347982489479
0.372449205560522,0.116947363521655
0.351779558494623,-0.0431945075377619
0.381086995180907,-0.227524387510746
0.401889372165022,-0.34414419578039
0.4091915041011,-0.325394682400183
0.373547652049881,-0.247225531838122
0.3170477376968,-0.179029764086139
0.253053678039071,-0.193337572009764
0.168025705728423,-0.318634692200028
0.0552433399660132,-0.459507468359735
-0.1230155457817,-0.502354646596445
-0.353648870423485,-0.392418595891711
-0.560300272245323,-0.183028146456307
-0.64567277479072,-0.0364401606164433
-0.583587523564242,-0.0785080052706666
-0.327009859747052,-0.32128051929669
0.0320210314999355,-0.613934097491687
0.278916173547705,-0.737988767615626
0.432120165359142,-0.698659951226585
0.559467311390243,-0.463271477298027
0.583437896056826,-0.0317217184399488
0.514208653690901,0.343308371364392
0.455941070922617,0.502411143879417
0.397718711778556,0.474701935355111
0.284334907930947,0.306218756421685
0.0562768210294158,0.158789302886988
-0.241755975698051,0.135832431684228
-0.453156915775133,0.255569638778433
-0.468921773147919,0.432868457683301
-0.306879516654005,0.522586607405304
0.03251518279264,0.48498872329861
0.398266529040623,0.284919409730178
0.592084147370734,0.0198790172515483
0.577039307882774,-0.219634916012366
0.403642903360559,-0.406537215310916
0.203994301066428,-0.49633446122908
0.142439943714971,-0.511605186657547
0.276459547854387,-0.426941454136073
0.517873856878606,-0.224014513154447
0.681494528788688,0.0536225225650394
0.639519885302985,0.347049807187342
0.371308424805701,0.583751339887017
-0.117133727161927,0.63764489784798
-0.554585069014627,0.440371090479318
-0.750167517996869,0.0974495449183661
-0.675127052817041,-0.287381710949639
-0.299577358920081,-0.5832684558036
0.186614279245696,-0.649817972703079
0.515854865846636,-0.548909388084166
0.618618676770437,-0.430979358806476
0.501521634145672,-0.385170097677688
0.145825588543346,-0.4649346644365
-0.272540210084689,-0.537154238335989
-0.550417272189079,-0.477624470149108
-0.666537247190414,-0.301703643194008
-0.673537286348587,0.0137713030170762
-0.531269594852067,0.423795819568949
-0.30331879474303,0.714108527006107
-0.109238593036327,0.820085717640908
0.0540489029160226,0.801502806750855
0.178114869271825,0.698510272123476
0.271196116504705,0.498802386378993
0.31125630183086,0.232282361661668
0.271021052321028,-0.0529137654400382
0.210087907103811,-0.338937261713681
0.11195219107471,-0.55757256278512
0.00327834372613714,-0.665935796206291
-0.119192214696287,-0.628577935259771
-0.292156608487606,-0.452928192071555
-0.489280814146698,-0.175220557321468
-0.633878051146616,0.0647451703965749
-0.689110104554958,0.120234176801597
-0.647256865733031,-0.0377108367511395
-0.408674773243591,-0.293232456063777
-0.0289657635629905,-0.484819334641076
0.325665766167068,-0.484666817774896
0.510591434496954,-0.293946850018152
0.471412297211021,-0.0098350313799571
0.235354575558774,0.228422333140168
-0.0849715072749829,0.283465185145166
-0.31115182055413,0.1427872601171
-0.349458448886902,-0.11027490541334
-0.239793481949053,-0.317804517512328
-0.111599224944283,-0.375360466695771
-0.0453235973274526,-0.289708444487811
-0.101741603519147,-0.158701770795149
-0.216749065755532,-0.0696358615667904
-0.288375650364422,-0.0833817537054518
-0.247756374117451,-0.158252797980438
-0.0742583002837311,-0.180430329151249
0.103695622675699,-0.0876992231846471
0.189788149555384,0.0928892274148493
0.128657341241301,0.293466829495652
-0.0330968694019139,0.399861919439529
-0.138946992745718,0.348727105747634
-0.112545167466386,0.182751425860048
0.0560029188478438,-0.015468361115121
0.264904847370456,-0.120556082325311
0.381561365975109,-0.0802304758594915
0.372271329411619,0.0220165767965888
0.270286871418689,0.11288684703914
0.162437556889801,0.144656559147039
0.130122852383984,0.1257489049702
0.188941025682792,0.122857417883992
0.279816956940199,0.195028981991877
0.339843669036625,0.247327175351781
0.347868708216294,0.206860390173145
0.249176726130525,0.0214461848068133
0.0410174176306596,-0.263317918665074
-0.247561548783657,-0.463785421988157
-0.512658409522682,-0.470206557479705
-0.658436001173347,-0.304256288470533
-0.660096350548748,-0.0708359451203474
-0.420243559351497,0.14993692678269
-0.0413986195036493,0.282363952488427
0.231099220843541,0.270989991714316
0.285543459627489,0.221244443630938
0.0950663205466823,0.189274230663101
-0.169101540405671,0.162550499860054
-0.297849238602959,0.10919623297302
-0.201599783687611,-0.0340879968514715
0.0717677762206297,-0.279712475663468
0.286288914188576,-0.542335735726438
0.272421617386139,-0.725462726630101
0.0527358731674815,-0.812303539384484
-0.274762488143977,-0.764763320175502
-0.552639550248367,-0.58746452706848
-0.636408149105644,-0.382030112838861
-0.419746589644105,-0.175579173180192
0.113496772615708,-0.0331081656337777
0.58422571068122,-0.105579046026381
0.711016551958884,-0.326196608446397
0.59339715454616,-0.581249516367321
0.332982035322812,-0.778034815722115
0.0749275222095744,-0.8523891613869
-0.0647084600615656,-0.84969813646386
-0.0394333073399643,-0.810326960011512
0.0773220395883913,-0.76802189771288
0.148042203975414,-0.73600088878606
0.0889586030874794,-0.718764883441216
-0.0872276643556702,-0.675338801537882
-0.309737118269353,-0.544543928161752
-0.464474379266271,-0.297064261741636
-0.46908270011193,0.00655104014252508
-0.356164805365001,0.287918202957265
-0.212502185632745,0.491966163543594
-0.140810654946282,0.54239223300941
-0.147872789520034,0.499299356086384
-0.176361338076288,0.380765089657192
-0.127064762807621,0.198109657582506
0.0203788166601846,-0.012503450940346
0.210497344719364,-0.221041130805774
0.352959861549678,-0.333716190427305
0.391356885535207,-0.343186966700616
0.35525837224421,-0.19332627255317
0.293898866024395,0.121674277065865
0.286382096008712,0.436813206331414
0.347086517522351,0.584044970971399
0.417479139556285,0.546235338143865
0.387011160965063,0.336105070976747
0.134592806482052,-0.0612776367551975
-0.301548314362602,-0.405656218866386
-0.667697789095351,-0.456378757179656
-0.828364917200416,-0.342320081677906
-0.846301179279968,-0.190838573354217
-0.71856722034435,-0.0352541949341679
-0.449508635974474,0.113694435712575
-0.213871690091144,0.188466641989666
-0.186173781023431,0.189963213739062
-0.360623447107551,0.178080983800965
-0.552458810538547,0.176909142439432
-0.610926842571077,0.187907551068851
-0.490619257998385,0.0910199219354489
-0.130441933043549,-0.135592408524055
0.316209101315577,-0.389185429232748
0.545114318539162,-0.536408783774902
0.571422961998358,-0.536747612685662
0.526822200970419,-0.372943363302688
0.328469708262514,-0.0143727556135636
0.107651657881483,0.306941637867429
0.0392017619969681,0.447845500431693
0.111212373342996,0.426164913170428
0.242651083564401,0.312024355305137
0.329240599499863,0.254090003315007
0.335136516642533,0.330302309856367
0.256749941833488,0.538328917460593
0.178846212411093,0.713015781840737
0.15054402749511,0.773714553626079
0.180037827821665,0.734958913781827
0.263097682452864,0.596285842566066
0.354730341930107,0.416304486229527
0.377178956867803,0.351900963158399
0.273963374062989,0.424561035280153
0.0822522595083031,0.487702347134839
-0.131958278841985,0.411554973772128
-0.283007763535855,0.135547236495523
-0.27298352027218,-0.260765273388548
-0.116577448206337,-0.574836842569296
0.0739194520245865,-0.672613929840751
0.232144007813,-0.566289397005975
0.245500223486226,-0.262964952534647
0.031769721782091,0.0478000035192723
-0.30757979918656,0.179097522128937
-0.575404395183634,0.091946103307434
-0.658554619669744,-0.0935330384622779
-0.550038869382392,-0.243825762689005
-0.22345258447056,-0.238319496213924
0.19597492451398,-0.0326140143410732
0.447359778585204,0.175949075596587
0.442720397132833,0.265836691369661
0.245796718131525,0.17419554440105
-0.030753180229388,-0.0641747800191648
-0.183804674523029,-0.286127961426719
-0.107818260371638,-0.359606908779579
0.156756226231043,-0.243128292121675
0.460845912211421,0.0170524697934509
0.594679152710566,0.2650940487738
0.533565293581374,0.410964822244601
0.31844830276191,0.472553077965841
0.0300641907039657,0.399819585174068
-0.132494783748535,0.255767276077454
-0.0823821516634483,0.108510074761208
0.154053914750332,-0.0254643444507525
0.43045697822067,-0.103472548700417
0.582616183062648,-0.12161498071659
0.579459249038929,-0.061382118031928
0.47496450583278,0.10893644866273
0.318668564771966,0.357172856201604
0.20980834874448,0.54480087470897
0.207283939210518,0.593366093939448
0.25676689101838,0.453916507555887
0.295855710045095,0.144264070716378
0.23129123421211,-0.171738905808809
0.0350875956687443,-0.307859344646968
-0.21472445079311,-0.17957755555036
-0.435423889127206,0.132551255233661
-0.508211067236726,0.417956348113559
-0.439642559305276,0.538515281100865
-0.269261871397194,0.463387258031352
0.0317160687116515,0.197465859434001
0.359940113759888,-0.0921239988047214
0.571804150972425,-0.217045560400832
0.631322619702711,-0.13643388266835
0.547839190236293,0.0212485249346776
0.293667304557744,0.124441521725226
-0.053503926641758,0.0403086637303892
-0.321430172601952,-0.208348487330094
-0.375668260797665,-0.400802225132257
-0.208532026106217,-0.432761138643499
0.144213236060626,-0.221857194071654
0.490359473688094,0.155350011437635
0.623218535922573,0.391845367751229
0.5715048443619,0.450448967465048
0.297038850863222,0.344957447081045
-0.158549292625738,-0.0110238195078331
-0.541372856918366,-0.315474946211084
-0.687887441436596,-0.368134567394936
-0.680175846087119,-0.310756494360397
-0.533751657221646,-0.169078954391405
-0.261428845586094,-0.015468361115121
0.012122247454991,0.0154655378633377
0.214450555061,-0.0693676091135156
0.310524932893747,-0.131718255681812
0.304309922192588,-0.0747044482342933
0.202895880374914,0.133604503896643
0.0163154785382517,0.374437110187934
-0.20749007689983,0.479897569965226
-0.391947037062734,0.412921666265301
-0.464347299076352,0.197115718167723
-0.380782038842084,-0.0452247657790194
-0.115755748111083,-0.188616308193852
0.232753946288491,-0.185513033690034
0.506081970997574,-0.07025990501464
0.600032928117312,0.013731771042649
0.529710888990325,-0.0137458889139307
0.352098626255266,-0.159540420075295
0.194743786803172,-0.323728683296485
0.174172958386784,-0.381417362398144
0.300698378524784,-0.240400582661472
0.508897238347461,0.0379395572299871
0.596633133170348,0.300672967646369
0.505596300746777,0.452434008531543
0.174088238260171,0.473188375724054
-0.342232549586068,0.323127232312362
-0.737669699854984,0.158478696819868
-0.885316551838818,0.120440301591986
-0.900031024109541,0.130696067625543
-0.833004298652787,0.130653720461159
-0.645220951314015,0.0677298457523808
-0.337841652987392,-0.0588661766409504
-0.100578230300599,-0.209943890627922
-0.030885894023951,-0.281338926669085
-0.118525817634592,-0.17755577835101
-0.275047683332682,0.107965095262213
-0.339360810751054,0.466812438058885
-0.259316698531834,0.704301733787262
-0.102057859314564,0.755958979660655
0.0956790709873989,0.645511796231017
0.287921040720337,0.318295837491422
0.31332890078704,-0.100993317644449
0.11697277440007,-0.413082619027158
-0.237797115628118,-0.513000076196514
-0.55982590145112,-0.403984570034391
-0.70419162858008,-0.203240371912895
-0.665080236438022,-0.0200427932651887
-0.413573939006253,0.12498932608837
-0.035996834305299,0.230585301951258
0.250560342010744,0.250153716360417
0.269137628970346,0.246107324198645
0.082029185533022,0.230054459671928
-0.163174549757366,0.188345224426967
-0.292286500642751,0.100637526649874
-0.197158065332107,-0.0593744458049366
0.0621304039066256,-0.284987180671899
0.280215095099157,-0.530493079684268
0.260892353578468,-0.70331063213555
0.0347685150091786,-0.800025983252654
-0.306823045168878,-0.766660854948004
-0.577174849766217,-0.58743630422484
-0.647776434353612,-0.369210414971107
-0.418992673389495,-0.122332199535114
0.126178116634794,0.0430843829821957
0.579970355965987,-0.0834862285327208
0.669259332720165,-0.411295189461838
0.518427272273279,-0.689338828258536
0.298583419505298,-0.796021951154189
0.142544424991702,-0.719304213211915
0.0951538590879825,-0.401330255446361
0.173232652694056,-0.0036228382873026
0.328111092403791,0.145379440592784
0.448929783903541,-0.00214320665324403
0.4978847053973,-0.223749079115859
0.501205404148102,-0.297857726094328
0.553009439765839,-0.0790247425776372
0.603692455778874,0.331976770653588
0.63658037552625,0.585072808755966
0.669564314856834,0.644579978029658
0.652288735616063,0.603477869294962
0.563025195538146,0.40024029644837
0.330098997031203,-0.00272771752202955
0.0231799516275019,-0.330031226089482
-0.192978956151041,-0.366911904276575
-0.281821784954657,-0.15741697356444
-0.242015760008341,0.14912652614403
-0.117554464234075,0.377210017474515
-0.00949618473317787,0.442127407842234
0.0296349854888338,0.335644785806519
0.0179984171526495,0.148268102814843
-0.0191166118932036,0.0216692587820944
0.00306938822677473,-0.026156157227958
0.109484253025874,0.00556838406068262
0.258574055935972,0.0152932904819821
0.367030496975126,-0.0532582602027493
0.378726363272951,-0.145379440592784
0.283660036276807,-0.230398938310986
0.127784819389217,-0.155663442368903
0.00141468575803166,0.101168388277588
-0.0459165769438595,0.439371475538391
0.022812867625794,0.652373455742676
0.143100691048369,0.655352487819646
0.274556337555742,0.471361423858499
0.376216052261886,0.0848416151198377
0.393884094135471,-0.309833137852561
0.303572929325023,-0.549581421975235
0.149273354585144,-0.62116848428389
-0.0581489513729648,-0.580080461173168
-0.289971066561173,-0.472081493339018
-0.444005233060311,-0.332233742998653
-0.480244860569508,-0.163281842999322
-0.403705024573983,0.0710929045664891
-0.228492941844961,0.335328530011102
-0.0536112263331756,0.55233740587477
0.0543143337298795,0.61399338094204
0.0765116325002698,0.499604338223053
0.0248544204865499,0.157524279705319
0.0237108116428503,-0.264636601366643
0.116859818530894,-0.512825012012836
0.287576536283433,-0.527245750007792
0.466857584289571,-0.358629918549688
0.525427311431452,-0.158252797980438
0.387821574502646,-0.122863067612289
0.0731739845645761,-0.321390624503871
-0.293610833072618,-0.569144186656097
-0.479592587828557,-0.654474329138188
-0.477618846218657,-0.634013593030058
-0.288920629863417,-0.421401289291209
0.0676112530538301,0.0587221666145235
0.327619772424697,0.433633673394506
0.395431500540619,0.535925899691484
0.292453103132906,0.419498104790409
0.0565083695971428,0.12410832964384
-0.189548126395211,-0.114414479395248
-0.34372910843654,-0.125988928130373
-0.416033402462642,0.0236035103390673
-0.467379990673223,0.164775602783491
-0.534161069039353,0.12711558456445
-0.606756207982457,-0.102080451778291
-0.617909906746512,-0.339406008577432
-0.530269979911141,-0.456853179569551
-0.335430199322607,-0.326882779557132
-0.0736286071075842,0.117706942403486
0.0667810783661297,0.565179676857867
0.0399415797286813,0.741653970803332
-0.156298778823886,0.67896164466228
-0.430578408682292,0.300322839279014
-0.560037701767653,-0.228083504229408
-0.481159755383822,-0.553497947779708
-0.264458699419894,-0.636072106362264
0.0334978388744824,-0.463229117234721
0.21637351361084,-0.105898126685946
0.166797379982841,0.182954738685211
-0.0528657620978959,0.269019036271795
-0.330107484522572,0.199208091172943
-0.489577282994152,0.0897125386904743
-0.501146069102057,0.0430024941691928
-0.394841349013091,0.0660694963769798
-0.2379608803552,0.0969779796399277
-0.123388273062244,0.0716802376793296
-0.0878968862815135,-0.0350650064297474
-0.0738206204761533,-0.168149948155271
-0.0315409980785127,-0.233632104969949
0.0676479569393779,-0.186371444120298
0.203231897320449,-0.00996774598070285
0.302121542503083,0.192798242239066
0.337104660119828,0.341235772408213
0.283724969455456,0.398814320504844
0.150851821597004,0.351869902551687
-0.00662728043650474,0.231630088920716
-0.178597727557397,0.0842825177495607
-0.357130521936144,-0.0691078248032253
-0.541906562758613,-0.249382850920915
-0.699893913801541,-0.381262059364584
-0.796454013480777,-0.436378306241755
-0.824123648109157,-0.438473555706815
-0.749870997553723,-0.40959248002313
-0.505186837333378,-0.250066184268578
-0.0517306278466422,0.0887242361050653
0.349913084328833,0.338169208239404
0.494148919302648,0.374038972028976
0.386412521946167,0.252514348268373
0.0871796610135279,0.0368044197540026
-0.228981449858829,-0.114880388495927
-0.392398834741594,-0.114422953987693
-0.340103453346915,0.00631667074156288
-0.110449969597017,0.128711000761202
0.13220958855983,0.0992059009780516
0.249117416882327,-0.110023582796572
0.185518683418331,-0.366200322287425
-0.000618395583849862,-0.50529415637318
-0.180419029694655,-0.446015710803066
-0.262761639709484,-0.206707899104811
-0.198866424499111,0.0873377889112364
-0.00332917072315403,0.215755113441826
0.23586284472276,0.0667556610382534
0.408146742929488,-0.245387280515972
0.47569019924375,-0.495484525391263
0.494225126140046,-0.554251864034318
0.518672970959595,-0.429172193888884
0.52933532394671,-0.13442621689082
0.4773449246887,0.100115139614606
0.403112035283384,0.0691191178103583
0.30089604162165,-0.255606323315597
0.15949523514784,-0.652596555515803
0.0238407037979955,-0.831242254168035
-0.0385155973356945,-0.821161591014925
-0.0421497302424955,-0.575113550266632
-0.0753510776964091,0.0158523878522592
-0.0903874103446149,0.547068298998945
-0.119824739186044,0.724852813952456
-0.23015045345729,0.645418614410881
-0.399297178790416,0.322096556764724
-0.562039717816886,-0.0780082042496649
-0.666596582236458,-0.287881492622256
-0.714701516296707,-0.276016211869051
-0.723788291630726,-0.0952413911798211
-0.663216548439612,0.178699383969979
-0.516018630573719,0.440695782170411
-0.362806202866605,0.605214425507761
-0.252028678017576,0.658910371967549
-0.193566295713343,0.645771580541307
-0.15409344994949,0.585016363068685
-0.0766302251988204,0.489715662640666
0.0538766571470325,0.356958269717692
0.169488392006958,0.216893069332497
0.201119750266188,0.082353915920885
0.0402747782595286,0.00912062936375477
-0.328701269729164,-0.00365389889401457
-0.683993514545312,0.0364712212231553
-0.853758665845298,0.0936121024111322
-0.881216551752838,0.10313935016957
-0.787562063480553,0.0141383870187841
-0.402900260764697,-0.143868744522645
0.193247215053777,-0.273296964102371
0.537227659006008,-0.366637982746618
0.579662587661939,-0.411504152015299
0.452527190351679,-0.416496499598096
0.226027828660274,-0.363887674373227
0.114928398287531,-0.23117264151356
0.277882686034841,-0.0447419107181787
0.590200698222206,0.122637168772859
0.800381787146152,0.167638854127136
0.872694491270085,0.144989764127348
0.838230993869614,0.125983278402076
0.675474343421324,0.0467778154630027
0.417795395351702,-0.105101837469106
0.263509932033643,-0.230288833103804
0.353002221612985,-0.239578869667295
0.57546935416013,-0.12732737198206
0.723356229304138,0.0407209262100908
0.720752762270783,0.228916490882334
0.5336386626557,0.402527533484154
0.162883704840363,0.479547441597871
-0.239417916905438,0.375032911443759
-0.455424340065108,0.142781610388803
-0.461472748276112,-0.0990195373377797
-0.332694002371035,-0.276645911494659
-0.145896184349216,-0.338666177946796
0.0145252370077056,-0.258534533635737
0.110938477610886,-0.086078409008404
0.150018822045155,0.063285308982189
0.214699039914695,0.111054245445288
0.304713710079844,0.0181424271790763
0.388787291073789,-0.161790920978224
0.46553327765755,-0.291958971188586
0.507440175999378,-0.263278396364839
0.572925170577127,-0.0118059908533912
0.622196322068457,0.330183717157816
0.649140314881559,0.558950528937042
0.6829487533737,0.622029719578303
0.672283562623513,0.573176493193895
0.581385058250764,0.400940604778771
0.339671416818173,0.0113203101222192
0.0150080936809117,-0.324208703818984
-0.213741797935998,-0.367115191303893
-0.288663683316199,-0.161310887556801
-0.245130308170908,0.151241485163516
-0.116193421469199,0.387640860590672
0.00189754263278341,0.436064914007255
0.0370303185934324,0.324759333046277
0.0295050933336886,0.150032933466975
0.00477209363456873,0.0224486068758693
0.00366237026172973,-0.0189669553632103
0.0823595656491822,-0.00703107316085656
0.228492941844961,-0.00311739156891701
0.359510914994218,-0.0629662218731618
0.416504961291619,-0.149287466006964
0.352375359750448,-0.209740577802759
0.142149098797969,-0.161675153143822
-0.164899845210339,0.0214998362648874
-0.457988284798228,0.232816067501915
-0.600343534184432,0.347543964929508
-0.638537193749104,0.352654905210856
-0.602667455757379,0.260841506023792
-0.474459074431866,0.146446800677585
-0.317428952468713,0.120237001665745
-0.22566921280155,0.185860350092163
-0.207653854525836,0.274962963206069
-0.210550991340342,0.283648736820212
-0.196344839829298,0.137413710661313
-0.0937307015591443,-0.137574663423171
0.0532864991700434,-0.418337562885472
0.152763480690249,-0.559232912160521
0.104751696202829,-0.549951363088399
-0.137687619292347,-0.382425439032593
-0.508442577107684,-0.139991766816253
-0.781236947572212,0.0274691885888646
-0.879988264704025,0.0427511844513483
-0.869303209612337,-0.0983700765620538
-0.708240858504924,-0.352841268851127
-0.376402441700004,-0.585081270449489
-0.0606197078364872,-0.655894655353416
0.0520497085062079,-0.570474168814261
-0.0929146447427255,-0.367550065595706
-0.387700144041024,-0.13279975298628
-0.600306798051576,0.0324389437079343
-0.627041828311218,0.0752522461479759
-0.405656218866386,0.0201387999494732
0.0669307316713923,-0.0753934377597156
0.563098616208164,-0.13092761619327
0.797168407435153,-0.139000639366696
0.842508947498036,-0.0865979711795232
0.787282518020145,0.0304340995698223
0.589105115293764,0.12822814247563
0.290772992607387,0.125531480723217
0.086120762622249,-0.0240327155541992
0.0721856819791671,-0.276422837519378
0.202822459704896,-0.527539432687866
0.331779107556722,-0.678995543032064
0.4043177750147,-0.707018195386562
0.445617546846262,-0.639229040385983
0.38648313065096,-0.482667639488735
0.193264151339746,-0.264125520237431
-0.029459914855695,-0.117277730738893
-0.169316152687429,-0.126488722701914
-0.194540473978009,-0.267703165535452
-0.105799295137513,-0.40315439534669
0.0234538521967086,-0.411955949694158
0.111229322527888,-0.218440475737645
0.109834394292152,0.174489214182201
0.0581602443800978,0.570928778458346
0.0127660568900542,0.786356375344929
-0.0137289461785004,0.827585564269545
-0.0226970949542959,0.746914564389942
-0.0170863552643115,0.49493389616397
-0.0333877143189162,0.114835216467395
-0.13546251636891,-0.178010400894018
-0.300890391893353,-0.283679797426924
-0.43895076426409,-0.237029062153841
-0.431329512971677,-0.0931490117251396
-0.216359389290096,0.0609190273459355
0.193362982888179,0.180416204830506
0.58811396204636,0.204971317094166
0.781906143700209,0.135934075197887
0.798303512663829,0.0537750039591814
0.634694140210342,-0.0485652321294002
0.21713309249267,-0.225186354515979
-0.274587398162454,-0.389546857056697
-0.566450375565678,-0.433568714418011
-0.652661462896607,-0.403854677879246
-0.61759083898587,-0.342238199314365
-0.494261862272901,-0.228145625442832
-0.316403926649371,-0.0868888160965256
-0.146986143347206,-0.0174901479886633
-0.0236063335908506,-0.0598036510200685
0.0798690351366193,-0.194018080493279
0.127239839890221,-0.338282151209657
0.0829807842328833,-0.410400081595488
-0.0217200869883853,-0.359228531770738
-0.159774780608248,-0.156053118834339
-0.209164537697051,0.137684794428198
-0.138258009669757,0.44669904415073
0.0368750123351417,0.633287899619088
0.22531905863635,0.691030238240649
0.29515542751254,0.652599341683183
0.162646506544339,0.498827823055253
-0.201605433415909,0.196370250707713
-0.573899348841793,-0.136312465105651
-0.727337714085106,-0.275539003311777
-0.677154453946842,-0.299647967624874
-0.381626324951605,-0.15793936704917
0.104206716703833,0.199261737793921
0.382128944387294,0.514375256181056
0.342969542453632,0.682564726636562
0.0427172989804877,0.739344186450051
-0.380601299132264,0.612197541278888
-0.664676448550767,0.361027260792653
-0.736334093766369,0.109009869332749
-0.575644418343807,-0.103094171691576
-0.231195240426749,-0.20409595747901
0.0462949571774313,-0.240403394626698
0.0834128143121638,-0.29293031169018
-0.0247951225249092,-0.382902647589868
-0.135711001222606,-0.487123495063906
-0.0970824609166581,-0.55039467327589
0.127974007893637,-0.548288175949927
0.382233425664024,-0.432170987115972
0.514807266911952,-0.246129923111834
0.44348845060711,-0.0729847960601556
0.189553776123509,0.0647225843823088
-0.0905568312494564,0.129473404507181
-0.180317373282073,0.112838837247537
-0.0177894626610154,0.0754019059027
0.320266792933943,0.0560509221899861
0.596235020809236,0.0473849161754221
0.663264584029062,0.0644063221374303
0.536733475465995,0.128490738751146
0.224935031899211,0.220939461494269
-0.0582731937998127,0.321647596848936
-0.12831284970332,0.419252431901939
0.00850788053540351,0.450595757209393
0.194435992701278,0.339456830334261
0.250870948077864,0.0155982516579008
0.0766132824633901,-0.408076134224695
-0.232900761830682,-0.687887441436596
-0.462497799893299,-0.724833052802338
-0.528541885391865,-0.642758701690246
-0.394073295538815,-0.37797523318572
-0.0195938220628432,0.171049909833925
0.345160734108362,0.588051840832936
0.484102102923629,0.665187503882132
0.426848272315937,0.63142426321637
0.150052707516015,0.428155655560912
-0.244356604968334,0.0965233635463811
-0.538597163464406,-0.0811735999669069
-0.662826897772022,-0.0131783209821212
-0.676959628613048,0.157823586315845
-0.604838912059838,0.309282508625268
-0.485437709012244,0.364729148517522
-0.286850842872463,0.303575767088095
0.00444454201037926,0.18892973912512
0.299619718983387,0.122337849263411
0.470223480866751,0.187568696360245
0.454252498703575,0.337587518405399
0.293218344641957,0.461882211689511
0.0600069638452321,0.473555479074147
-0.108128866438757,0.315768603093312
-0.0749501082238405,0.0447673215965934
0.166193104134571,-0.150823572955517
0.465581261651308,-0.138071646029485
0.602619420167929,0.0946201725961201
0.51514047189226,0.437344022812898
0.20707498955598,0.706470352326649
-0.156513378206721,0.776651225639742
-0.411456142223695,0.647728450359854
-0.448503397103096,0.301514441790664
-0.129874367530288,-0.222097191433981
0.279554334866837,-0.596604910326708
0.46239894254702,-0.708031895951463
0.469492163525329,-0.699696250704674
0.350808192195183,-0.603040183037923
0.0959106131056644,-0.450389632419004
-0.121276126007984,-0.305334948011929
-0.110842470926601,-0.240025017617857
0.101696425041153,-0.219502186094149
0.34212241858104,-0.171529943255348
0.461128295434901,-0.0352711376695982
0.409804254541817,0.187105612123714
0.220933837563818,0.427830912274126
0.0550597947404284,0.596969175913729
0.0459335196792899,0.617144691035308
0.199583643317635,0.475726935376606
0.400683632433706,0.179461787715958
0.466236372155331,-0.13908253462916
0.314825485435358,-0.349746481838678
-0.0133703335445076,-0.344607292915844
-0.398102738515695,-0.103701272403996
-0.589093815837169,0.248707979266774
-0.502487350716815,0.560653238375749
-0.267319138798313,0.699950411084514
0.100194203563461,0.664922095641391
0.434048760738356,0.423719586933704
0.594625493190665,0.0264752378875237
0.553334183052625,-0.358361646748028
0.406802649349504,-0.623097079663104
0.304476524682742,-0.73219730595184
0.284665275148185,-0.739575696321009
0.372020006794851,-0.658820027910485
0.475687413076371,-0.488687824856099
0.478858432724064,-0.257537756457882
0.303344205621445,0.0217116156206701
-0.0232759583117865,0.259616030940205
-0.369453250096506,0.381092644909204
-0.570259582330349,0.403970458612571
-0.642597723130543,0.336195415033812
-0.612494010126342,0.22267606930276
-0.47130781593429,0.143377411644628
-0.315062670832459,0.143521428120516
-0.216616361635161,0.220261777874903
-0.199897074248904,0.299193332182943
-0.203336378597179,0.274028307241638
-0.183705842974596,0.110698454450713
-0.103526201770857,-0.149287466006964
0.0324954184177918,-0.409524709081409
0.113680311391832,-0.548906550321095
0.0794483045139334,-0.54694973209824
-0.132155941938851,-0.383049488929905
-0.498810848072516,-0.144670683467782
-0.77252857504488,0.0419266562672144
-0.88635568907998,0.0673204081368278
-0.889978532204379,-0.0639742920581497
-0.726628944061182,-0.329164341066772
-0.358166821414234,-0.589201083281279
-0.00971643465049303,-0.664549368360847
0.0556132488318698,-0.572295445153673
-0.184728031030866,-0.358850154761897
-0.508484937170991,-0.102941687072704
-0.640798994108627,0.0500843963425229
-0.508061388133617,0.0760146563434166
-0.160285874636383,0.00426664731927449
0.123487104610677,-0.0845705378024143
0.109295064521454,-0.120061924583145
-0.203988651338131,-0.106996553826921
-0.530659682174422,-0.0745321960158416
-0.618615839007365,-0.10653063827678
-0.458821297249,-0.233454228821046
-0.144433485171758,-0.412119714421241
0.0728407860337287,-0.525026309711576
0.0456144390197242,-0.493138004905126
-0.132158766803,-0.279980721667281
-0.237910058598371,0.103317245666858
-0.0995306313659145,0.493044823084991
0.265610779631309,0.660550960192833
0.628205207979227,0.546825489671392
0.814616161500836,0.305295399913848
0.812069191750454,0.0436095948816121
0.579569405841803,-0.181918426308199
0.113174867091994,-0.276137642330673
-0.327278105750865,-0.163332677655074
-0.487772930041785,0.0532187282283222
-0.40617013775867,0.246691825997875
-0.191287546168928,0.281821784954657
0.0322666947142134,0.153771544425776
0.160218103694661,-0.00749698790481502
0.206196805076676,-0.0958174312855285
0.240507875903428,-0.0173150757431591
0.30146643199906,0.207360184744685
0.382092234052285,0.405464205497817
0.41357958873455,0.463892689432267
0.364006292869623,0.375976054899559
0.172710259209326,0.131709793988289
-0.107589536668059,-0.165179390670747
-0.343266037098932,-0.330209128036231
-0.471118614530947,-0.32967544799383
-0.441280309767488,-0.202054406230619
-0.304733497027807,-0.00254417552117557
-0.128629105498737,0.193052376821059
-0.0237418722495623,0.308232071927512
-0.0198056014186259,0.34301752644739
-0.0857310861568135,0.347823510389915
-0.165605777471192,0.339603645876452
-0.198948306862653,0.32870408169439
-0.179396841638385,0.343432639589086
-0.0964584174688085,0.400437959545236
0.0374143453305706,0.469153283018877
0.198030600083114,0.578917081505159
0.344768245677701,0.655095541272428
0.449627254470871,0.671981418249916
0.493496646561696,0.631624712480616
0.470841906833611,0.510396609163159
0.394488382882665,0.214854342948255
0.314503579911644,-0.166156406698484
0.275889157476977,-0.400757053103725
0.302816175307341,-0.442231889118964
0.374603712678089,-0.3057641467776
0.360651695749038,-0.107304341479354
0.195376298394006,0.0297733490116941
-0.123568986974219,-0.0142541596902822
-0.481995605597666,-0.24438485360982
-0.679574395102997,-0.445637307996379
-0.685758345197444,-0.578120805187242
-0.573989692898857,-0.66761312056443
-0.341845685085858,-0.67479101007366
-0.0833281006350123,-0.482204568151127
-0.0233098421702817,-0.10885174143504
-0.180365383073677,0.223706719052553
-0.437092751791822,0.400144302663008
-0.619787680368897,0.421279884627432
-0.6839624539386,0.348721456019337
-0.639361744506354,0.20039123199107
-0.47861278563344,0.00014400992565401
-0.248470793869673,-0.165422225796145
-0.0981357095796397,-0.253711626306166
-0.0687266229302357,-0.236698669138758
-0.111664171021856,-0.107583893389223
-0.174085413396022,0.0504091235056551
-0.203423910689018,0.147564995418139
-0.213840629484432,0.14086430156726
-0.225903586233426,0.0453010080884558
-0.240578484608221,-0.0621614645133376
-0.266198119193611,-0.108405593484478
-0.251557119188599,-0.0452219409148708
-0.177581189229424,0.103478198428715
-0.0328992095297782,0.25465474396412
0.111277319420569,0.311835153901793
0.210748654437208,0.204909195880742
0.250941530984811,-0.019921374090124
0.243323143253316,-0.265958096033438
0.245791068403228,-0.426133852563716
0.248304191379519,-0.483147685809081
0.228834608518792,-0.489862503980703
0.1589954405763,-0.496972648346058
0.0508750390557963,-0.540983206250777
-0.0130004262910164,-0.589528664331137
0.0488956090208297,-0.593713436139423
0.325965072777593,-0.475961283010635
0.678571993994691,-0.199541296153252
0.892788124028123,0.0582280153218191
0.961881876106297,0.183400886635774
0.908942735259882,0.257808840224767
0.686972546622282,0.230675671806168
0.138207175014005,-0.102300700889424
-0.374459709101123,-0.466422735795603
-0.513206200986903,-0.58643101375777
-0.351067976505473,-0.627315749841174
0.0891845019269092,-0.512195338185074
0.512943630509233,-0.268990787630309
0.683310181197649,-0.126646850599622
0.60627053773166,-0.120064749447294
0.302401087963491,-0.224754317987237
-0.0557826697367113,-0.339171635145556
-0.23876283219926,-0.363184579875446
-0.162765112141813,-0.269290094240834
0.142002270356855,-0.0819472967200191
0.474679336441922,0.0564631911191492
0.637910357684414,0.0514736684005005
0.604257222225833,-0.0866572675287985
0.37925720555228,-0.373928841023948
0.0358725918784511,-0.645387553804169
-0.26784151938412,-0.743345380785444
-0.445146013815131,-0.712295712360218
-0.518511992399892,-0.606423003002148
-0.496873790999779,-0.395567042424061
-0.341001398976337,-0.0548113098867326
-0.105257140502666,0.246584532755919
0.114742034647259,0.339174447110782
0.21869744808271,0.206035852314819
0.160678375965967,-0.091567726298593
-0.0219431609636664,-0.431671179645508
-0.26561361739438,-0.601554897846199
-0.44421414401808,-0.580896550236895
-0.494233639429261,-0.444730926471281
-0.381002275054294,-0.194520712827891
-0.112980028859276,0.0626047875997511
0.202127826900638,0.202424308647014
0.422753870362562,0.222729703024815
0.484963338218041,0.172662262316646
0.412167724212845,0.189214934313825
0.232110135241062,0.327255506837676
0.0258766085428195,0.517136864011042
-0.14237217277325,0.656524329181179
-0.300407533607781,0.664521145517207
-0.458764799966027,0.527796379235085
-0.580650851550579,0.268273555912862
-0.605733994128342,0.0265458304686628
-0.549084452267844,-0.072236510185458
-0.392576710890496,-0.00485115798651433
-0.211273859887163,0.13591431404777
-0.108639966916354,0.167110823813033
-0.108360408557023,-0.0212626428059593
-0.202040281909876,-0.377520623541635
-0.294751613827438,-0.658156455712939
-0.356345519276976,-0.735266733681567
-0.381973641353734,-0.661417871013389
-0.385647306234962,-0.338414881127874
-0.383868364161011,0.185575154903458
-0.370887687733554,0.542527774892853
-0.368281408734974,0.603040183037923
-0.375775554039621,0.430705463074366
-0.284142894562378,0.142067203535505
-0.0889896636941914,-0.026783023927591
0.0927762779951344,0.0823369731854547
0.119624251225029,0.422463025445559
-0.0162957125510382,0.721345751561382
-0.204502570230414,0.812763824554713
-0.413698181433101,0.697640575135541
-0.541547921102044,0.261346963222553
-0.348600051355561,-0.426368225995591
-0.0294203828812678,-0.845581161395142
0.157908306442458,-0.942547835129013
0.279167496164473,-0.913065334259052
0.373412110166439,-0.741188061702652
0.3536742813019,-0.416053163612759
0.277142881202051,-0.056974285147284
0.321455583480367,0.118435460678605
0.484596234867949,0.127584331428202
0.627925662518819,0.0558758515568472
0.649546940531887,0.0264611184038767
0.513305058333182,0.0927762779951344
0.202093941429777,0.214857167812404
-0.063643918391451,0.332222443542058
-0.133183779723418,0.367030496975126
0.0205905960159673,0.277123120051934
0.271317546966328,0.111816649191267
0.394318968427285,-0.0322723444425107
0.309607226114208,-0.0620626329649044
0.0402437176528166,0.0823595656491822
-0.255270306370062,0.37035965741945
-0.342757767934946,0.639330683899642
-0.221475979299742,0.788527780051696
-0.0260319131887448,0.829409678372028
0.134654927695476,0.764723797875267
0.130447582771847,0.620886101060411
-0.0743655999751487,0.391435930135676
-0.374349578096095,0.156598098333334
-0.576680717821897,0.00431182660345082
-0.573103072523876,-0.122402795340984
-0.37740484280831,-0.272511961443203
-0.103565730520553,-0.421717545086626
0.025368337766468,-0.506996865811887
-0.0205651835251873,-0.47304158597971
-0.16240367141894,-0.26262047389559
-0.232810417773617,0.114431415681216
-0.0629154001163324,0.485112965725458
0.293664492592519,0.646251626861653
0.637709856824476,0.537642746349858
0.817194243453623,0.288683444466316
0.811484664153378,0.0286918613814185
0.580405204459954,-0.198287559529255
0.111234959357262,-0.286805670843931
-0.319439430211468,-0.153124908514198
-0.47244859668911,0.0720049680671925
-0.39287039357057,0.25381608178505
-0.176327452605428,0.290468036268565
0.0157168491935475,0.159630777031283
0.135439930354644,-0.0225587330438009
0.201040692766796,-0.108589132260601
0.272365145901012,-0.00371884456849582
0.359011107523754,0.212366643749303
0.410690900714644,0.395790116399342
0.397634017449789,0.452335202780956
0.28601220649124,0.347306779532406
0.161717500308205,0.115970347493918
0.0693563096569211,-0.127157944627757
0.0507649112754993,-0.258935509557767
0.0816621015313141,-0.257512345579468
0.105305143844809,-0.172052336740078
0.107329752357769,-0.0656628836255755
0.108738798464787,0.0087196598911862
0.166427477566446,0.0814531454273146
0.267694703841929,0.181573934770218
0.366251144044254,0.285419217200641
0.396191092321372,0.378503289297669
0.338685939096913,0.367372163648957
0.194376696352003,0.187040666046141
0.0193735713393454,-0.125009087238487
-0.0633869589453093,-0.437939849866568
-0.0442816416716041,-0.561387445075934
0.0713413894201849,-0.46431345230226
0.237034711882138,-0.160771557786103
0.3400243829486,0.190358539932794
0.337954595957646,0.377232616387704
0.278981132524201,0.317075986338286
0.169542051526859,0.0231375964012916
0.0840537940459823,-0.343844889169865
0.0609754988310622,-0.547878712536528
0.121979233404688,-0.524422072560074
0.266918162876283,-0.279303038047915
0.438874505830999,0.0987484600203564
0.599462537739902,0.365624282181718
0.694599421845147,0.440026586042414
0.728916129501273,0.429378318679273
0.682028234628935,0.420379101234939
0.507202990602277,0.451335587840029
0.18745857825414,0.492296530760831
-0.11188159526884,0.503902053001592
-0.25580963614076,0.440232710832803
-0.232866889258744,0.27949786338171
-0.075077175514837,0.00142315692420114
0.043234039512189,-0.28644140525691
-0.0472776132592738,-0.442138707298828
-0.35249679021207,-0.453337603889262
-0.700910452129513,-0.275479694063578
-0.874750166839219,-0.0414635655812219
-0.877189920741183,0.0885265730081989
-0.720413933360023,0.109817458006183
-0.238960469498281,0.0349689997454629
0.323827514844918,-0.101433822316176
0.533237712531516,-0.237023412425544
0.426035021015282,-0.328763390942588
0.0482094411348253,-0.345265215385093
-0.366203134252651,-0.290668511330657
-0.552806101142829,-0.22741709426879
-0.48718561627733,-0.241953638794917
-0.208551800155258,-0.34814541591363
0.0757689899044079,-0.435838976471056
0.212081448560597,-0.449243227733732
0.170888957072068,-0.345406406996833
0.0257269504004608,-0.0557036057878571
-0.0621784072487679,0.333902554067577
0.0360646052470202,0.638599314962528
0.24847644359797,0.745141272044288
0.409900274125024,0.689731316689197
0.480758805259638,0.562838831897874
0.378141835675874,0.378023242977324
0.152232612613074,0.213747447664296
-0.0315635873175095,0.218468724379131
-0.0647056416468785,0.35933585081054
0.0572877160785524,0.481041188483117
0.211708721280054,0.456039928268896
0.296414800965911,0.2205639222485
0.234674079974182,-0.174864766326893
0.0571324130449925,-0.522691088682034
-0.096994922375358,-0.631551343406289
-0.163798586755754,-0.484819334641076
-0.122126074744725,-0.0746762060422685
-0.00125373350003869,0.420356528119596
0.0761219560348342,0.691648664207509
0.0828424174852922,0.736147730126097
0.0259980277178842,0.618802202647637
-0.012240844184455,0.363856613766515
0.0400742935232443,0.10490417437224
0.129207970468593,-0.0281384105147079
0.146034538197884,-0.0604615799387787
0.00471844298267724,-0.085866628040256
-0.264266686051325,-0.182262917846179
-0.49612271250824,-0.362168041547473
-0.537123177729277,-0.515674177732507
-0.354792463143531,-0.635428295314835
0.0713611570197639,-0.626590056430204
0.515312698312866,-0.368278570971902
0.72895848956458,0.00649456543266765
0.677493334453295,0.373172087006266
0.39861949517105,0.636978539483054
0.0305413992612399,0.729091245280643
-0.232875350952267,0.649182674944866
-0.248846333115442,0.412565862371803
-0.0354236190637402,0.0721574462366037
0.166695736469182,-0.261047656612028
0.151783639798363,-0.480129131431876
-0.07065804962306,-0.529998896144256
-0.324781931959466,-0.404097513004644
-0.432001546862746,-0.152458511452504
-0.210452159791909,0.196932166492677
0.291882712755496,0.465750701904534
0.714588573326453,0.462362258009857
0.875142706865572,0.353651682388711
0.851714289732759,0.297357918623864
0.557400336364514,0.26150791598441
-0.0801796476532006,0.0987964633624986
-0.562898115348226,-0.0624833700370519
-0.66328996910963,-0.133686399159107
-0.505232035159756,-0.193659477533479
-0.16369975520732,-0.208450143742676
0.107078442639924,-0.139429851031289
0.112900958460961,0.0277769730165665
-0.108298287343599,0.266443792082081
-0.32751247918274,0.471434844528518
-0.396843365062324,0.547110659062251
-0.288700393651208,0.484559550330786
0.0130060736007656,0.22369825735903
0.341919105755876,-0.144207586332328
0.447331555741564,-0.422753870362562
0.334139739464678,-0.536651593102454
0.0659029003362869,-0.460851536141873
-0.267906478360615,-0.27491214144924
-0.417981758991974,-0.0941937922451368
-0.324061888276793,-0.0129778362458369
-0.0336813808753364,-0.0205397694220418
0.343556882015934,0.00628278607688495
0.565072357818065,0.0964245319979479
0.57404619018183,0.281714491712701
0.374711031717891,0.493476833815886
0.0121617802356008,0.584959865785712
-0.359426194867605,0.469108136788191
-0.602017969183807,0.143493192377953
-0.631616250787093,-0.220487689613256
-0.490720901512044,-0.466530054835405
-0.236461483741656,-0.531088855142247
0.0300472479685354,-0.380623898045453
0.18406445883332,-0.106036486984076
0.197287957487252,0.110927178154291
0.0897097138263256,0.209703880366673
-0.0409552964172357,0.252652727914887
-0.133161180810229,0.339154685960664
-0.11621319551824,0.519870197401696
0.000327552002087612,0.700687403952078
0.132720682587964,0.786407197101759
0.224147217274818,0.756300646334486
0.243345716368659,0.580357220466197
0.182206446361052,0.169542051526859
0.0206724848289702,-0.287215108459484
-0.193625592062618,-0.47042960565714
-0.394621087003036,-0.377142246532794
-0.536962199169574,-0.100479398752166
-0.558447935299199,0.192309734225198
-0.451793035247186,0.313021106685145
-0.197307731536292,0.218533657557781
0.173094285946465,-0.0571324130449925
0.457858418440928,-0.340176874016934
0.541968683972037,-0.509806457635631
0.465053231337204,-0.600174093931206
0.212177455244882,-0.658232714146029
-0.187277851443242,-0.673175858524638
-0.523543862282924,-0.611096282824303
-0.681378748055363,-0.520694748158945
-0.704965305984808,-0.44281079278559
-0.632731646461345,-0.328506418597524
-0.530428120707772,-0.151097481586551
-0.470342099363147,-0.0428613090069146
-0.531986826569514,-0.101453583466293
-0.630450084951704,-0.273672529145986
-0.680421493177743,-0.413901494258264
-0.687170209719149,-0.451200045956587
-0.638026138417739,-0.363687199311135
-0.535443067203759,-0.0815689197111781
-0.426958377523119,0.237921358054965
-0.372099077193167,0.376837290193971
-0.345460066516734,0.278359894592115
-0.25168982330897,0.0307560050935366
-0.0217850314535925,-0.174878890647636
0.296358329480784,-0.199465050619085
0.561254689359871,-0.0406277443899549
0.639347607286687,0.138195888456333
0.520316345352258,0.238401378577465
0.186893824706104,0.112723069413135
-0.234120612983818,-0.261236832217525
-0.47864100847708,-0.56296023656165
-0.504650345325751,-0.681582086678373
-0.35668153622251,-0.713450630334705
-0.0517701598210693,-0.585784416542962
0.269820962318009,-0.26908678141567
0.456262976446331,-0.0205905960159673
0.465832584268075,0.0289742349307056
0.381205587879457,-0.0765003330436752
0.255826585325652,-0.222193211017189
0.162417795739684,-0.298334934651602
0.103125232298288,-0.280392997045906
0.0623901882169159,-0.177312930326688
0.0651659074687224,-0.0717028301430571
0.105477389613799,0.0134183368866499
0.183406536364071,0.0688028620149413
0.301457970305537,0.155770748509783
0.377774758123628,0.276419999756307
0.393991413175273,0.349961068322591
0.327636721609588,0.355376990740607
0.185964831368893,0.191118118814625
0.0334808961390521,-0.130489942835153
-0.0607157145207718,-0.426904743801064
-0.0525015029603366,-0.554559683934058
0.0464756743141366,-0.46182855216961
0.214854342948255,-0.157510155384576
0.342252310736185,0.189017271216959
0.371751760791038,0.347473382022561
0.313975523799694,0.274711640589302
0.180492450364673,0.00441348100057594
0.057595503730985,-0.333580648543862
0.0225361421924387,-0.519483332901486
0.106160735860385,-0.518667295433452
0.289835524677731,-0.313295028215102
0.499643860523288,0.0281440602430052
0.626270937073869,0.320023957808544
0.662403348734649,0.472056108258449
0.67346948960902,0.502114623436272
0.676383614305186,0.419057606568144
0.681666755209294,0.252697899943419
0.664730056474976,0.100727890055323
0.597147077860478,0.0787254295176505
0.437824069133243,0.218350105882734
0.177202812220583,0.416425890893303
-0.120282173694278,0.504760450532933
-0.346660130721906,0.390137034382071
-0.502334885446327,0.165811902261581
-0.568483452221623,-0.0245240435951205
-0.547359143915947,-0.0669787350135345
-0.467964518270299,0.0761360739061159
-0.321054607558337,0.262408673579057
-0.146277386222205,0.334995350828639
0.00652562644247097,0.197389613899834
0.0357455245874545,-0.109518138496735
-0.0772345010470911,-0.399398848101921
-0.299876691328452,-0.508891562821318
-0.535282088644055,-0.388109581656577
-0.69437353590464,-0.116046593028085
-0.715130740860223,0.200987033246895
-0.600772707152256,0.475503835603479
-0.425653832041216,0.645043049367266
-0.223596588047525,0.718747908458479
-0.0217116156206701,0.740804034965514
0.123173673679409,0.713758398638753
0.205163330462735,0.652856339826094
0.188370635305382,0.558911006636807
0.0654002744511365,0.381792927441759
-0.0816790442667444,0.14519590181666
-0.250066184268578,-0.0541420879608893
-0.334055045135911,-0.162491203510779
-0.324691562104556,-0.149612196394827
-0.280285678006104,-0.0946286407391045
-0.232861239530447,-0.0612606940197672
-0.250780578222954,-0.0917032681820354
-0.362602890041441,-0.208066117005538
-0.501674151011853,-0.349644812527173
-0.553862213366729,-0.459530067272924
-0.46900644167884,-0.553568530686655
-0.200823255620889,-0.627279013708319
0.220225067539894,-0.600320935271243
0.576316452234876,-0.482280774988525
0.753815746201836,-0.323172404340895
0.789352330808945,-0.114372119331941
0.675736965494686,0.146184204402069
0.413624760763082,0.37967229289613
0.143544014134782,0.469825368505638
-0.0127858228772678,0.392311302649755
-0.0665636476696843,0.162296365278061
-0.0869368194386678,-0.0943886304778546
-0.158653761003545,-0.216811186968956
-0.317349882070397,-0.152690060020231
-0.495402643027721,0.0507112614297905
-0.557462457577938,0.251175904416686
-0.500699921151495,0.317301872278793
-0.317934409667473,0.216517530086728
-0.0259669671111722,0.017473205253233
0.198112482446655,-0.118554053377155
0.278221540743447,-0.0743740681181331
0.205787367461123,0.180899063116078
0.0464333207002916,0.475023840878825
-0.056437773791273,0.625135831845193
-0.0605547617589147,0.583852983400676
0.0324587080827825,0.313153836603362
0.184440010978012,-0.0498302617605299
0.295217548725964,-0.251065773411659
0.306800446255689,-0.188926914260972
0.217155691405859,0.104203891839685
0.0895600605210631,0.396990206402361
0.0331335797369231,0.49604645407515
0.0816846939950417,0.354591988081439
0.211818839386159,0.00302985605080193
0.372350374012088,-0.333382985446996
0.449240389970661,-0.490929864065505
0.4649346644365,-0.437934225936117
0.405354074492789,-0.284495860692804
0.256857235075445,-0.150854633562229
0.115128886248546,-0.142790084981249
0.0798831594573625,-0.262668457889348
0.178798215518412,-0.377291899838056
0.359832820517932,-0.35249679021207
0.540466475393268,-0.157162838982447
0.637495270340564,0.0640420629998709
0.633316174058421,0.158399626421552
0.52096583192583,0.0121081287775266
0.293963799203044,-0.373765076296865
0.0638161641604412,-0.670219425360857
-0.0759779460084074,-0.72406216156499
-0.0983616084190694,-0.527166705407323
-0.0453010080884558,0.0169169311347392
0.0293836725462586,0.557473757034533
0.0832546799649938,0.746680216755913
0.0173009578718775,0.654299264954511
-0.126669436613888,0.231666799255726
-0.267530913317,-0.347312429260704
-0.344324935490211,-0.635784099208333
-0.337821891837275,-0.641550124195858
-0.260127112069417,-0.477748712575956
-0.132585140704522,-0.194289164260164
-0.022781807019082,-0.0578157528421175
0.0390464589634082,-0.181895840293933
0.0418814777892207,-0.448622015599493
-0.0008866493975579,-0.663925318463536
-0.038052506649702,-0.725618029663661
-0.0452558263857314,-0.678029826460921
-0.0652280286821463,-0.554048577007001
-0.130907855043152,-0.425718765219865
-0.221939076435196,-0.391579959510488
-0.311326884737807,-0.39364690873837
-0.373440333010079,-0.348230136040243
-0.320721402578028,-0.172521070704906
-0.114318472710963,0.130433471350027
0.198897485105823,0.410210880192144
0.50268217605061,0.49443976421965
0.697070184758131,0.369552081644939
0.756664911921507,0.158857073828709
0.67958285679652,-0.0307560050935366
0.449884201018089,-0.0968622118055257
0.1104302084469,0.0742752430191614
-0.145913120635184,0.391286276830414
-0.246875377672922,0.601809058226038
-0.241555474838113,0.60920153421918
-0.202749039034877,0.372435094138701
-0.172365767671346,-0.130100266369718
-0.2294106486245,-0.596785650036529
-0.363015165420066,-0.753762086681935
-0.484985937131231,-0.716412687428937
-0.553918659054009,-0.575048591290136
-0.468791855194928,-0.336988879386503
-0.165738494490485,-0.044679786280024
0.251884674440611,0.127643627777477
0.552187726771662,0.132407251656696
0.624079771216985,0.0767657670822628
0.467456249106313,0.0794539477927691
0.121496375119116,0.106550405876359
-0.247265054138357,0.137958690160309
-0.430911613662601,0.12116318303773
-0.357531472060328,0.0025413516647553
-0.0565224874684245,-0.175124550637184
0.293159035393758,-0.34098163782622
0.489297737533744,-0.389032938164413
0.50151317245215,-0.287429694943396
0.28888675729148,-0.0657955941954078
-0.0379395572299871,0.205685711048541
-0.257910483738426,0.367524628919445
-0.306631031800309,0.327628234118219
-0.172806265893611,0.14550650788378
0.0769831913292467,-0.115264415233065
0.297860538059553,-0.302562040725348
0.392726389993605,-0.308181250170682
0.379912316056303,-0.153542820722197
0.302426498841906,0.0937278766949957
0.215865244446853,0.268897605810173
0.181943837186613,0.266215068378502
0.205702660233433,0.0681223470819649
0.241092403500505,-0.201275053299748
0.25162489013032,-0.392514589677072
0.199634477973388,-0.398020856152153
0.102244229404297,-0.19282647798163
-0.0212824087931729,0.140740059140413
-0.149439957075299,0.43789465204019
-0.259700725268972,0.555745610919565
-0.349226913218098,0.508939546815076
-0.414373053087241,0.32418329294057
-0.386429471131059,0.0920788203267278
-0.263377227913272,-0.028350191482856
-0.102930394065571,-0.000672046336514186
0.0408056366625116,0.160644490495106
0.0476531686286969,0.361174076334844
-0.126031275294757,0.506062209847456
-0.39324593281634,0.545481370293562
-0.599451238283307,0.525842398775302
-0.692484462825661,0.478982675150912
-0.683747867454688,0.416606604805278
-0.50332882486111,0.374835274144739
-0.106183321874651,0.324084461392136
0.307881943560157,0.259424017571636
0.538839972791958,0.192659875491475
0.599454024450687,0.130916316736675
0.571428585928809,0.0619892187443474
0.548203455823314,-0.0380609780174171
0.55684686937415,-0.189195160264785
0.559131268646862,-0.37324831964151
0.498150113638041,-0.527279648377576
0.327574600396164,-0.6141486839756
0.0206837794484686,-0.578267646527279
-0.402742119968066,-0.376571856155384
-0.686721224005515,-0.0983954938899301
-0.734202159764145,0.0846383087441356
-0.593402830072303,0.0969553936256616
-0.193453339844166,-0.0331787582149168
0.294401485460083,-0.228094777888156
0.581345484354837,-0.328746441757697
0.669482432493292,-0.269919793866443
0.622444806922153,-0.0272037577750077
0.408824426548854,0.296646336634715
0.131520605483869,0.506881085078562
-0.120293473150872,0.530953313258804
-0.342156291152978,0.368679546893932
-0.485965739326347,0.127835641146046
-0.556451543180417,-0.0438467899529057
-0.569220445089187,-0.0384619474899857
-0.483675716123184,0.116427794901075
-0.323017101307335,0.28993716819139
-0.126855813153083,0.332366447119024
0.020440939485974,0.184420249827895
0.033624906165479,-0.11879125167318
-0.104909824100537,-0.394728406042838
-0.333761362455837,-0.486214224180043
-0.547071136762016,-0.37450206916443
-0.69216823282809,-0.0991014261507826
-0.700122637505119,0.223105268068431
-0.58575335593625,0.493211425575145
-0.415386753652142,0.650992651827683
-0.212897511826478,0.722060145515757
-0.00365107523913997,0.736963767594131
0.164916781496308,0.715158963703863
0.246632542547523,0.660878541242691
0.219826929380935,0.557956589522258
0.0749134043382928,0.366454456869418
-0.122476216011002,0.119728732501759
-0.252237640571037,-0.0562429355585552
-0.258291698510339,-0.0750997679785646
-0.152675935699487,0.0166684430563126
-0.00137232992718425,0.120197466466587
0.0817609330797473,0.109876754355458
0.0445075405110338,-0.078810143194802
-0.06399123479358,-0.317146569245233
-0.175672355000328,-0.486674509350272
-0.247578497968549,-0.460944717962008
-0.222789012273014,-0.193357333159882
-0.129699303346611,0.247177522046518
0.0191420259963491,0.613863514584741
0.166277824261184,0.727879830023184
0.250786227951251,0.666226641123294
0.297140494376881,0.433119728704377
0.26606541507324,0.108603256581344
0.182288341623517,-0.117961076985479
0.123571811838367,-0.174565446817445
0.101476175930021,-0.115481852378972
0.108086512824912,-0.0792224056745036
0.101261570097724,-0.0775055783645145
0.00194836962980029,-0.100914253695595
-0.188407345640391,-0.0322666947142134
-0.413765952374822,0.162121301094384
-0.505429698256622,0.390153957769116
-0.415434763443746,0.555759748139231
-0.192572343399637,0.52524094779118
0.167432729336747,0.179831703031276
0.417075351669029,-0.368580715345499
0.367406036220895,-0.750255024290861
0.167850628645823,-0.858499690811328
-0.0620626329649044,-0.750602366490836
-0.345078851744821,-0.289601151245855
-0.46317267154744,0.321608074548701
-0.30360117796651,0.64249040409074
-0.0986976318140654,0.638723557389376
0.08167057612376,0.368075258146738
0.101238984083458,-0.0320464456030809
-0.0947274722875377,-0.275928679777212
-0.340366049622431,-0.232211778754721
-0.467182327576357,0.0278475688224363
-0.332081251930319,0.331426141426295
0.0169169311347392,0.502764110009844
0.415474311541827,0.463359035187712
0.671233125925757,0.246477239513963
0.718267913733825,0.0220278714160872
0.577211585899072,-0.108445128683636
0.246451828635548,-0.139768692840972
-0.0778613693590894,-0.0587447590782511
-0.208399309086923,0.127217240977032
-0.12401795978893,0.349478210037019
0.0951736202380999,0.566597216905715
0.312473315220924,0.708415922688601
0.420175814207622,0.763608453796708
0.441980618097889,0.784791993957044
0.389388742057911,0.769764129451822
0.257325981939196,0.696290831827259
0.0474272697892671,0.543050181276505
-0.21986645168117,0.342339842828024
-0.482797557441726,0.195983399106426
-0.656959177675146,0.112700483398869
-0.712936685644575,0.0102783560787361
-0.65722463751158,-0.180769170960932
-0.449390069073769,-0.446402575303276
-0.166887749837752,-0.635707840775243
0.0600323747236468,-0.67258849316449
0.157897006985863,-0.52912919915632
0.0998101768263223,-0.183920455256354
-0.0552009863521682,0.263233224336307
-0.153621891120513,0.563412008442664
-0.133130120203517,0.658718384396826
-0.0412659057090862,0.64823950569122
0.0311372069665262,0.583409673213185
0.0129721889360877,0.54607152182109
-0.143707791760788,0.556897691130979
-0.347614573634301,0.527996880095023
-0.491076705405542,0.407166914936525
-0.50180117960608,0.137583138015616
-0.277069460532032,-0.218160930277237
0.0909239152511644,-0.458787398879216
0.38866021088387,-0.490737824899089
0.529504764199936,-0.324764982774574
0.47615610834443,-0.0224570782435844
0.231294071975182,0.272198543410857
-0.0451457018301652,0.405678791981729
-0.208622383062205,0.337516935498453
-0.221481629028039,0.160785682106846
-0.107823910099935,-0.0114078454387886
0.0541110273541774,-0.0917484466600291
0.186953133954302,-0.0626782082697696
0.274392572828659,-0.0319052604408027
0.361289857068169,-0.0624833700370519
0.423002355216257,-0.136544000774455
0.461772106482329,-0.196774038594968
0.420915619040412,-0.17997853147239
0.262761639709484,-0.0821590776881672
-0.00207826097876278,0.0475797511834091
-0.272836704729989,0.122351973584154
-0.399785686804285,0.0815858624466085
-0.307207071906017,-0.0573554870202736
0.0201162107104764,-0.18866995481483
0.436482787518485,-0.198050361233231
0.712659977947239,-0.108583482532304
0.784151020672687,-0.0142400402066352
0.713800758702059,0.0417826462407875
0.465581261651308,-0.0360166019048779
0.146045837654478,-0.294494667280219
-0.0514369580654912,-0.546235338143865
-0.0843531135554305,-0.639799430763393
0.0146748951500644,-0.543626195584367
0.10876703420735,-0.259960509579263
0.0968819729556431,0.0581404832299804
-0.0513381297417888,0.215399322447251
-0.291975894575632,0.150140239607854
-0.49993470544029,-0.0413986195036493
-0.582186958499132,-0.191869236002933
-0.569660917513606,-0.207526787234839
-0.474603078008831,-0.0918218608805861
-0.327297866900982,0.113717021726841
-0.176434758746307,0.292399469410851
-0.0385748969097005,0.374914318745208
0.080041287355071,0.382304008570971
0.211824489114456,0.368205150301883
0.293387759097337,0.423586857015488
0.331262376699213,0.502300987076544
0.333767012184134,0.522953710755396
0.289152165532221,0.409027739374017
0.23285558980215,0.076980366465098
0.165701784155476,-0.340786786694579
0.113965506580537,-0.603556913895432
0.0487628920015359,-0.631387527083515
-0.0633558983385973,-0.409143520107343
-0.277083571953853,-0.000951595072039144
-0.491700755302853,0.334625435513321
-0.610491994077109,0.437815607439721
-0.656575150938008,0.363887674373227
-0.587732773072293,0.17964815135623
-0.332575409672485,0.00212344046448479
-0.0210536867019599,-0.0620372220864897
0.134570220467786,-0.0568895714701324
0.0747835121831476,-0.0838476628061315
-0.164959141559614,-0.264467186911263
-0.411343199253442,-0.507397815936071
-0.502597507519689,-0.676262158045718
-0.4189813739329,-0.781016685562157
-0.171535592983646,-0.82322289051451
0.197999539476402,-0.666455364826872
0.463189594934486,-0.339095376712466
0.496342922922603,-0.0733914152610214
0.300893229656425,0.00596088176244468
-0.00592982075264136,-0.0974071913045211
-0.181884540837338,-0.259073863406435
-0.156363724901459,-0.341648021988991
0.0877952298689316,-0.278972645032832
0.404128573611356,-0.0818230542931712
0.582923951366696,0.146308446828917
0.591163577030277,0.302245784929931
0.436355758924258,0.378887316034808
0.229958440088721,0.336020350850134
0.12555971646578,0.214845881254732
0.2164073990817,0.0827266496508902
0.458270668021707,-0.00797702052005515
0.662118127748098,-0.0418024138403665
0.706625655360209,-0.0133025642151518
0.557719404125157,0.04988108674209
0.170197149131959,0.0762800839325427
-0.301350677063581,-0.0316257117556642
-0.583514102894224,-0.236726917780244
-0.607374582353625,-0.478107302636833
-0.447780541455198,-0.724367143701659
-0.246737023824253,-0.858197546437731
-0.0825035692261476,-0.859648933259671
-0.00125655725568613,-0.708382024318817
-0.0946229974602687,-0.299337361557754
-0.261397784979382,0.119497183934032
-0.344867077226134,0.260172284097949
-0.297950907914464,0.101309573439866
-0.110139363529897,-0.25996615930756
0.0835144642752841,-0.553105459349047
0.186442039926168,-0.636470270319068
0.194023730221577,-0.502975858730684
0.0393711861265404,-0.179309309546547
-0.187786133506152,0.121945347933827
-0.374022022844084,0.18762799270952
-0.477093602071933,-0.0308915437522483
-0.463370334644306,-0.380262470221504
-0.375007500565344,-0.615995448586965
-0.258737846460901,-0.666105236459518
-0.133166830538527,-0.507033550349051
-0.0363808610424372,-0.13414665853149
0.0510472848247865,0.241880218124899
0.0934737421130026,0.432690555736552
0.103303121346114,0.460679309721267
0.103108289562858,0.395301608385473
0.0819416534411834,0.29123325197977
0.0588407657625357,0.179348844745704
0.0189443661242135,0.0375047055112887
-0.033593845558767,-0.149798560035099
-0.104370494329839,-0.346750500576816
-0.169581573827094,-0.470407006743951
-0.219742209254322,-0.427830912274126
-0.223946742212726,-0.178250411155268
-0.13956821777888,0.235326352715134
0.0120544781256351,0.595729537812629
0.174074126838351,0.720317913776815
0.281982737716514,0.665755108092163
0.321828310760911,0.430928537049647
0.27921548015823,0.10248142125086
0.18752917406001,-0.136063967353032
0.0977658007137831,-0.20319518698544
0.0989884767310678,-0.140737234276264
0.127310422797168,-0.0694043129990634
0.110447144732868,-0.0667500177594177
0.00870836527168779,-0.088738353976347
-0.210454984656057,-0.0498839116062387
-0.429657864139681,0.12401795978893
-0.496512363175829,0.390425041536001
-0.375611789312538,0.583844521707153
-0.133960294891218,0.560537457642424
0.191087058207913,0.191694158920332
0.379920777749826,-0.424628806221875
0.288847209193399,-0.806596797847311
0.130072030627154,-0.879008359317524
-0.0128903009292675,-0.679851102800333
-0.20345497129573,0.00880154789800641
-0.270224750205265,0.649366200822066
-0.176858320682603,0.821136154338664
-0.119689197302601,0.746739500206265
-0.0365813457787215,0.416521910476511
0.0608907851539106,0.0298100561219726
0.0651009613911498,-0.08866493975579
-0.0190149587053526,0.0536253442044573
-0.15421204264804,0.285862527388131
-0.249213410667689,0.412173373941142
-0.306588671737003,0.390840128879851
-0.333303940846526,0.247795922215532
-0.375126119061741,0.0640787733348802
-0.498344938971836,-0.0485652321294002
-0.655945477110246,-0.0870949473363763
-0.758793956564967,-0.0829666663616016
-0.772412794311555,-0.0864285502746817
-0.633324635751944,-0.137241471341785
-0.276950867833482,-0.164414162060619
0.134558921011191,-0.0858016819626834
0.353854995213874,0.0687802760006752
0.301861758192793,0.262645884774005
0.0594365670183605,0.440023748279342
-0.203271432519607,0.464525201023101
-0.320145362472321,0.314224034451236
-0.218225863455887,0.02198833944166
0.0624579527091756,-0.329141767951429
0.306856917740816,-0.558044147411943
0.381245110179692,-0.592064386220616
0.299828681536848,-0.43111773845299
0.0306825876482489,-0.0299201806775389
-0.254745088021184,0.451857994223682
-0.330135707366213,0.740151762224562
-0.264986755531844,0.849856277260492
-0.201608258280057,0.85573524521827
-0.214786572006534,0.756735494828454
-0.353064342826409,0.522770184878196
-0.56104572680641,0.2318475131677
-0.734814910204861,0.0665749471262789
-0.806170411046866,0.0579032849339561
-0.760589847823811,0.116230131804208
-0.584386637645231,0.214670804172132
-0.223353752922126,0.298603180655415
0.130055081442263,0.250837075505926
0.32200621270766,0.0566354368881394
0.345174871328029,-0.211982617012164
0.233956848256735,-0.469698288315719
0.155211644690044,-0.614292739148257
0.172388353685612,-0.629758238314826
0.307656031821804,-0.548618543167164
0.474171067277935,-0.371799770582642
0.55285976066273,-0.18745857825414
0.508730635857307,-0.0556443094385817
0.275996450718933,-0.00921381199007338
-0.0258653139233211,-0.050491012318658
-0.250721294772601,-0.119502833662329
-0.308805300067994,-0.192818003389184
-0.191075771650241,-0.225618391044721
-0.011983885544496,-0.180469864350407
0.0997113452778891,-0.0910933426054674
0.0300585442003992,0.0155276590767617
-0.227227918663293,0.0837262452434322
-0.524032370296793,0.0583183722778063
-0.691798291714925,-0.0268931484831572
-0.67215080690745,-0.167873227559012
-0.432679256279958,-0.341176463160014
-0.039131169415829,-0.428302471103103
0.315175613802712,-0.371387495204017
0.448969306203776,-0.174141897780072
0.355732768836259,0.120445951320283
0.0955717648465198,0.445541340008864
-0.140548045771843,0.667886990498695
-0.194255278789304,0.756902097318608
-0.128939711565857,0.768425685600136
0.00751392983406264,0.692574806882725
0.124105504779691,0.475190443368979
0.114451189730257,0.136524239624338
-0.0633446053314643,-0.205942670494683
-0.317815791171076,-0.442104860524737
-0.484006083340421,-0.486626525356514
-0.476729336484912,-0.407500094118987
-0.298543871407217,-0.207699026554368
0.0125147455598444,0.0622094678554798
0.306546311673696,0.216492119208313
0.459380388169815,0.195701028781869
0.491240470132624,-0.0155107163413314
0.433170602056898,-0.313097365118236
0.35678601749924,-0.533520095754996
0.334187749256282,-0.602548837260982
0.35183602997975,-0.486406263346458
0.340312415900376,-0.233815656644995
0.214250067099985,0.0232307782214275
-0.0113683134643615,0.16430685591974
-0.248109340247878,0.139926820738681
-0.411746987140697,0.0347402792666152
-0.421898284796446,-0.0112327748056498
-0.255547039865244,0.0681618758316613
0.0418278247187812,0.27149542311523
0.335551603986383,0.475777757133435
0.534242951402894,0.536002158124574
0.630060382688422,0.480987528963216
0.629371425410308,0.357681151163437
0.527745557478256,0.158727181673564
0.327642371337886,-0.0692546596938008
0.0644515070648854,-0.224551005162073
-0.202130651764786,-0.30674962449886
-0.39935930000384,-0.381561365975109
-0.513864149253998,-0.469116598481714
-0.555370045875949,-0.556649206277284
-0.550643158129586,-0.611886883616076
-0.516800821267661,-0.599877625083752
-0.432907979983536,-0.488944771403318
-0.310397878501673,-0.257136780535852
-0.15126972090608,-0.000344494359619783
0.00160669902582795,0.0947783004938286
0.091830335473032,0.0154288291406938
0.0885265730081989,-0.142504889792544
-0.0436406554883241,-0.290191302773383
-0.267609983715316,-0.3334309952386
-0.487976217069103,-0.245483274301334
-0.625773967366478,-0.0943490952786967
-0.644608200873298,0.0202545726209714
-0.485022621668394,0.0522163077716315
-0.20302577253006,0.0314308735229464
0.149499253424574,-0.000937476394574785
0.440735356066338,-0.0048681003188533
0.598508120625354,0.012088362790313
0.68730291383952,-0.0175296799630905
0.725911712343735,-0.116345912537533
0.745336097378082,-0.268722541626496
0.73931874977379,-0.397811919396538
0.722159002862037,-0.429861176964845
0.678876924535667,-0.331951359775173
0.525574152771489,-0.112994140281097
0.248191222611419,0.117952602393033
0.00179588863874964,0.214382784119278
-0.0689722893692443,0.133723109494117
0.0652562644247097,-0.0561469288742706
0.307503566551316,-0.206606242692229
0.515292937162749,-0.142888916529682
0.594029666136994,0.106587116211368
0.499835899689703,0.417976109263676
0.295240121841307,0.61979614206242
0.0946371153315504,0.6448990457903
-0.00527471669807972,0.477850356089615
0.055429703606285,0.194780497138182
0.237972179811795,-0.0164792545518921
0.436567507645098,-0.0224373122563709
0.537682268650093,0.11350805917338
0.524458757097237,0.226863653076272
0.366022420340676,0.195864806407875
0.0805071964557507,-0.0575587933959757
-0.212245226186603,-0.414104807083428
-0.433495293747992,-0.571877571642443
-0.539831126039362,-0.501103760634443
-0.534578994146275,-0.160819567577707
-0.346996173465287,0.425941839195147
-0.0239931835797721,0.812789209635281
0.236918931148813,0.863511799544243
0.401991015678681,0.741357501955878
0.490345336468428,0.372299552255259
0.441325507593866,-0.241916928459908
0.291484574596537,-0.671506995860022
0.236633735960108,-0.774812974317592
0.369498422125038,-0.685817628647796
0.607041377373316,-0.38736412709549
0.760572924436765,-0.0279492220102874
0.752163858519958,0.211691772095162
0.564134915686254,0.342413263498042
0.133804991857658,0.246488538970558
-0.345454416788436,-0.0588181732988081
-0.575074027966397,-0.359276541562342
-0.525407550281335,-0.577265245418973
-0.285619692262733,-0.724485710602363
0.0417177001632149,-0.747829459204256
0.272342546987823,-0.624051496777653
0.269662821521378,-0.389154368626036
0.0277035587960095,-0.147305224006772
-0.285328847345731,-0.0211751074893899
-0.428844638636873,-0.0524647958500581
-0.376735620882466,-0.165602952607043
-0.164244734706316,-0.219406192308788
0.0756362728851141,-0.164467808681597
0.138466959324295,0.0121589561776348
0.01736590394945,0.210491694991066
-0.201331537683798,0.264695910614841
-0.360284618196791,0.146791305114489
-0.34910267079125,-0.130840084101431
-0.185939407591556,-0.399836508561114
0.0387076107042636,-0.487507521801044
0.184973703919336,-0.332259153877068
0.149256405400252,0.0746649130351354
-0.0343421346581953,0.522775808808647
-0.176369812668734,0.746098526921908
-0.219908811744477,0.767931553655816
-0.196988650876727,0.6345585983269
-0.0736568428501475,0.356777555805718
0.084858557855268,0.0880804250576367
0.110125239209154,0.000480033119104312
0.00212061680961019,0.0922567158240152
-0.151902245395837,0.258091223448247
-0.270893972131108,0.366392335655994
-0.30233331702177,0.368408463127047
-0.303815764450422,0.276253397266152
-0.348074833006683,0.119838850607864
-0.480473584273087,-0.00801090518473307
-0.65696485320129,-0.0740098089805738
-0.768626186460074,-0.069638686430939
-0.779232093759908,-0.0670295632198255
-0.630978115265808,-0.105934837020955
-0.270625726127295,-0.12419303687153
0.127242651855447,-0.0876116910928084
0.356644825887501,0.0417911176085027
0.301059832146579,0.229997988186802
0.063053760414462,0.419743777678879
-0.171414175420946,0.490706764292377
-0.287765737686777,0.364703737639107
-0.212575606302764,0.0449508635974474
0.0375075271507065,-0.382157167230934
0.255995999781032,-0.623673145566658
0.351395531757485,-0.616805810528855
0.313012644991623,-0.360767476482363
0.0524422066110613,0.13000990941373
-0.240474003331491,0.520254224138834
-0.385585185021538,0.62121930604072
-0.403405692165612,0.501914122576334
-0.197033822905259,0.217940668267182
0.180692938325688,-0.0314252270193799
0.472973789240142,-0.0515809680919181
0.537922291810266,0.12660167857109
0.325482214492021,0.381349591456423
-0.128239429033302,0.553548769536537
-0.536363585948523,0.522801245484908
-0.739530550090323,0.383577519244008
-0.77157132016726,0.23367165306803
-0.627640441532268,0.139912709316861
-0.26953857909453,0.22014883490465
0.0784712949356574,0.416671563781773
0.205211327355415,0.588633530666941
0.132960705748137,0.676431598298944
-0.0910312213920435,0.657094719558589
-0.301729054072422,0.525591076158535
-0.419404922970273,0.325891652107574
-0.402202790197368,0.128061539985476
-0.3395443624261,-0.0197971300509107
-0.335353940889517,-0.11615671113419
-0.402369392687522,-0.136255980721601
-0.501739058392656,-0.0889190743377831
-0.528635067212,0.023739048997779
-0.425718765219865,0.17511042631644
-0.197477145991672,0.290004939133111
0.0781296218123641,0.303039249282622
0.272478088871265,0.164916781496308
0.321111079043464,-0.0994233252250354
0.20436985321112,-0.381086995180907
-0.00648609446804384,-0.57217971601604
-0.209853533671935,-0.60443507257689
-0.32725269487245,-0.521942796357875
-0.353945339270938,-0.405924464870199
-0.294062630751477,-0.347874332146745
-0.171182626853219,-0.435474762479728
-0.0623252421393434,-0.591640785587551
0.00867730466497582,-0.702186774767776
0.0578157528421175,-0.702189612530847
0.086561260844514,-0.542454354222834
0.0547209529307454,-0.195079803748707
-0.0207882575004684,0.188763136634966
-0.0827153501942956,0.392819571813741
-0.0922793082877428,0.364158758140112
-0.0143501663745668,0.121829580099425
0.113451587688253,-0.192385979759365
0.235193622796917,-0.392988986269121
0.279805657483604,-0.412543263458614
0.202257719055783,-0.242484481074246
-0.0106002607962677,0.0407322224419546
-0.239762421342341,0.288039633418887
-0.381146278631259,0.392791323172255
-0.404278226916619,0.35608292300146
-0.281937565687982,0.216994738644002
-0.0786943689109385,0.0332747648992013
0.0738573308111626,-0.0934172641784144
0.10940802039063,-0.140847365281292
0.0289572921952753,-0.0888004751897709
-0.070353086834776,0.017396964556162
-0.0653918063081521,0.126669436613888
0.0815350342403175,0.203615924057587
0.333778311640729,0.193755484217763
0.558781140279508,0.114369294467792
0.652980582252942,-0.0289572921952753
0.570677455841578,-0.19993943431221
0.294810923075636,-0.35982998275486
-0.0923583722365971,-0.473733381020896
-0.387697332075799,-0.507750782066498
-0.494270323966424,-0.502956097580567
-0.422920472852716,-0.543874680438062
-0.199411403998107,-0.614589207995711
0.0429742584266294,-0.667700626858423
0.218364243102401,-0.666254915562626
0.321164738563365,-0.580086136699312
0.38751943012905,-0.359299140475531
0.438340799990752,-0.00459702300142991
0.468656313311486,0.356416102183922
0.492550691140671,0.561232142042374
0.473939505811285,0.621891339931789
0.367883244778169,0.590223297135395
0.0930050016987128,0.376902223372621
-0.247392108530431,-0.0109984054046876
-0.423276250948368,-0.38033305312845
-0.384085788407994,-0.61253920795272
-0.15379695530419,-0.759437767612396
0.143916754314249,-0.798286589276784
0.360945352631266,-0.736949630374465
0.423908762539202,-0.609294716039316
0.200738548393199,-0.390072075405575
-0.332962248374848,-0.0726487726651596
-0.714681755146589,0.231683748440617
-0.769973092005283,0.410250402492379
-0.691236363031038,0.505438159950145
-0.460724455951953,0.541166732127977
-0.126677911206334,0.508555520077937
0.0658972506079896,0.43869660388425
-0.0836500061587266,0.356232576306722
-0.416849465728522,0.303903322340107
-0.643871208005733,0.266008943588113
-0.687048805055373,0.191358141974798
-0.456350534336016,0.0364062751455827
0.119305170565463,-0.187334335827292
0.582006270385003,-0.402166079862358
0.685775320180182,-0.546080035110305
0.611672297132164,-0.63536055017096
0.392331063799872,-0.674751487773426
0.0778867802375041,-0.595255167018427
-0.165148330064035,-0.403959159155976
-0.196068106334116,-0.190940229766799
-0.059529755287958,-0.0288782282464211
0.10525149722383,0.0639968845218773
0.151024060916532,0.0971106966592215
0.0897633668967652,0.114298711560846
0.0223074201012257,0.181427106329104
0.0417346428986452,0.290448275118447
0.172176579166925,0.385847781297054
0.270216288511742,0.423860752747598
0.227806770734226,0.413715130617992
-0.0699916525613653,0.324733922167862
-0.5425983577998,0.192908360345171
-0.827260820982759,0.154469002094182
-0.885720339726074,0.186682050187418
-0.797380156155993,0.236057695854401
-0.40175383028158,0.295782289375077
0.231119007791505,0.259429667299933
0.624528705334927,0.0460577653308685
0.635668318475008,-0.234617582691209
0.383591630665828,-0.462884612797817
-0.0112355980574331,-0.52853058593527
-0.287155799211286,-0.361075244786411
-0.291317972106383,-0.00168293962212611
-0.03725903907228,0.399026120821377
0.265427253754109,0.586575017334735
0.430214143095271,0.558371676866109
0.417083813362552,0.409349644897732
0.208517914684397,0.150634384451097
-0.0506237261132211,-0.0580275338102655
-0.175243143335734,-0.0963850032482515
-0.141347159852832,0.0179024104683649
-0.00852199921286787,0.162804634442047
0.118763015930616,0.219677276075673
0.178052748058401,0.13103209747
0.198222613451683,-0.0462215397321435
0.224714795687002,-0.188588059552366
0.31384846940762,-0.221899528337115
0.416821217087036,-0.107682718488195
0.470841906833611,0.0638669923667321
0.411450492495398,0.206227865683388
0.221823295701871,0.272492200293085
0.0248092403961909,0.237480859832701
-0.0837883664568562,0.173546083625324
0.00584793274582116,0.144972827841379
0.268462757316205,0.183657846081915
0.517046468358285,0.26124813167412
0.627547259712132,0.298481750193793
0.537611685743146,0.292365571041067
0.248925403513758,0.180639278805787
-0.0975088412676414,-0.0103715387050547
-0.292535011294293,-0.183643721761172
-0.271969819707279,-0.29897874569903
-0.0782679885599552,-0.331400730547881
0.148101513223612,-0.331375319669466
0.232638165555166,-0.297614890968929
0.115281364417957,-0.242682144171113
-0.152111195050375,-0.144269720444675
-0.397422242931103,-0.0308124765786633
-0.489520837306871,0.0639884099294314
-0.392709440808713,0.0851606957794034
-0.127776344796771,-0.0213812387292407
0.157128953511587,-0.218700260047935
0.331776295591496,-0.407878471127828
0.355467334797671,-0.499423598513232
0.268313104010943,-0.44074097999679
0.0875439201510872,-0.195946688771416
-0.105096187740809,0.139099470915129
-0.221820483736645,0.407144316023336
-0.280565223466512,0.475235589599665
-0.270538194035456,0.365163997011489
-0.172329057336337,0.202156062643201
-0.00999880739359752,0.0817072800093077
0.202223833584922,0.0823821516634483
0.399630383770725,0.151953067152666
0.534079186675811,0.175536813116885
0.606050275721605,0.0591344290942251
0.60730683720975,-0.210118967710523
0.533587840898871,-0.486730955037552
0.432238758057693,-0.634154810439644
0.354292681470914,-0.586493134971194
0.210144378588937,-0.286520475655226
-0.0308407155459574,0.189415422274841
-0.244040349172917,0.546015076133809
-0.359612558507876,0.623303204453494
-0.365920776827017,0.49057973569815
-0.175432331840155,0.214388433847576
0.170022084948282,-0.0309084832629478
0.456435254462629,-0.0645644500351388
0.536281703584982,0.111706531085162
0.338629467611786,0.371398794660612
-0.0961647476876575,0.559376915737486
-0.511568450524691,0.536521726745155
-0.730570854946223,0.404634030810117
-0.773652432412655,0.260632569268178
-0.624356478914321,0.161138648237272
-0.24608191332023,0.229108504250903
0.110263605956745,0.424374671639882
0.23858209248944,0.586577855097807
0.140929247644833,0.665224240014988
-0.083616120687866,0.658167755169534
-0.285357095987217,0.534813341780304
-0.38125075990799,0.369427839218091
-0.356305996976741,0.178422663373719
-0.322974741244028,0.00112384225184904
-0.360620635142326,-0.12369324229999
-0.444431568265063,-0.164648535492495
-0.512268758855092,-0.0814305594130486
-0.48341025628675,0.0859824023241195
-0.341518129833846,0.2625442154625
-0.168350436116286,0.317358369561766
-0.0495987131928028,0.179250013197271
-0.0163352445254653,-0.0908702686301863
-0.0428584841427659,-0.307088479207466
-0.0631582352417309,-0.321867833061146
-0.0813147851291851,-0.0771272013556735
-0.144498431249331,0.311823854445199
-0.248035919577859,0.577349913949894
-0.386279817825796,0.621744550187444
-0.546040461214378,0.415457362356935
-0.571386225865503,-0.014765253718417
-0.340863045127669,-0.47788709222247
0.010614379473732,-0.729271933394771
0.312391432857383,-0.758562446694009
0.506776603801832,-0.676307355872096
0.573919109991911,-0.586625890687257
0.499960142116551,-0.579623013766012
0.324019528213487,-0.644337168702105
0.139997416544551,-0.710751143718143
0.0592897385772465,-0.709824949447234
0.104997356192376,-0.620081363048971
0.241408659295922,-0.422621140444345
0.398557373957626,-0.220188357204884
0.513132780316884,-0.0895967644066108
0.564041733866118,-0.0143191057678548
0.543513252614113,0.057649150351963
0.461469962108733,0.197149590739661
0.33471296760516,0.424394458587845
0.205730895975996,0.636447671405879
0.0871429506785186,0.729017824610624
-0.0161065224342523,0.700266641082084
-0.0854797764389691,0.492720079798205
-0.120124045796569,0.106536288005078
-0.146477861284297,-0.232525222584912
-0.193377107208922,-0.384249553135077
-0.26936916463915,-0.324558857984185
-0.339516113784613,-0.143044219563242
-0.378508939025967,0.0358387064075905
-0.347783988089681,0.152221326055402
-0.20987894455035,0.171744555537106
-0.00249334852415869,0.139031699973408
0.239502637032051,0.114812630453129
0.431786960378833,0.128103900048782
0.535903300778295,0.163784475333934
0.563835609075729,0.164699357249324
0.520923471862523,0.0926943956315931
0.398673154690951,-0.046520856016861
0.217562291258341,-0.213541309974983
0.0351468952427503,-0.336215176183929
-0.0962296937652301,-0.37048673760937
-0.119559305147456,-0.309206275990024
-0.00969666866327946,-0.165749781048157
0.216082668693837,0.0109504020625453
0.475294873050018,0.172749794408484
0.621343548467568,0.276352228814585
0.624243535944068,0.314074355348127
0.467227525402735,0.287265930216314
0.128948186158303,0.13141329934299
-0.240812832242251,-0.128205543562441
-0.473270309683288,-0.31471535443033
-0.497043231253005,-0.374809837468478
-0.311213941767554,-0.328074382068782
0.0351836023530288,-0.170375038179785
0.3597876484894,-0.0265486537204461
0.527604391664362,-0.0481473199214013
0.527720172397687,-0.231977405322845
0.376323371301688,-0.467018562849274
0.146678349245312,-0.605767892498125
-0.0746705627634327,-0.519765716124965
-0.260067828619065,-0.133161180810229
-0.375535556677294,0.378921188606745
-0.37324831964151,0.691016152616675
-0.391139435490377,0.733321163319615
-0.534245789165966,0.481108933626993
-0.647683252533476,-0.053698761649745
-0.655987837173552,-0.452758751818329
-0.653977359430797,-0.537405509357064
-0.671828901383736,-0.385107976464264
-0.64297612593723,0.0319871460290749
-0.48939091935388,0.49148895498632
-0.311292986368023,0.687878979743073
-0.208119763626516,0.626239876467157
-0.151283845226823,0.331626642286234
-0.146212440144633,-0.0242924982521242
-0.233499400849578,-0.189005971760365
-0.384565808930494,-0.11142979758998
-0.5104784915267,0.119257160773859
-0.550092528902293,0.31358868509733
-0.514666101098058,0.349119619976142
-0.442054038767908,0.226716811736235
-0.334393874046671,0.0379960319398445
-0.240609545214933,-0.0904551812863361
-0.194026555085725,-0.0562909389006975
-0.160237877743702,0.0934031463071327
-0.0685882626321061,0.26476933128486
0.0603203947765005,0.34985658704586
0.220761585345366,0.360516153865595
0.302067882983182,0.333154261743418
0.240985084460703,0.286537399042272
0.0539387783604564,0.260087589769182
-0.234131912440412,0.19724278545872
-0.432097566445953,0.0493163428682464
-0.449404154697743,-0.187040666046141
-0.264557530968327,-0.440179051312902
0.0220363427838023,-0.596243482502759
0.236484082654846,-0.568291413055208
0.25793027068639,-0.351051027320581
-0.00644373843565076,0.00404074928602743
-0.423194368584827,0.312727449802918
-0.694588122388552,0.39246941764854
-0.790032826393537,0.314709704702033
-0.768792788950228,0.147172506987478
-0.542330111795986,-0.0131387882015113
-0.143371774815254,-0.00955548269481856
0.144786451302184,0.141643654498132
0.182107614812619,0.314359550536832
-0.0122323728167399,0.362955856171867
-0.280740313448035,0.212897511826478
-0.427799851667414,-0.105884008814665
-0.356289047791849,-0.413356514759269
-0.091567726298593,-0.542889202716802
0.244424375910055,-0.401996665406978
0.507719721459786,-0.0327128458895064
0.572741593104235,0.362221675269528
0.46185677501325,0.582167197349014
0.263292507786659,0.631799828259985
0.0624043060881976,0.450796258069331
-0.0515555572135034,0.0713272715489033
-0.028697507884985,-0.272520448934572
0.0868097521476713,-0.44198624202834
0.174396032362065,-0.435788154714227
0.150368963311432,-0.304109447130496
-0.0038430886077091,-0.153339520795957
-0.239485687847159,-0.0909606255861736
-0.435124582516681,-0.147336284613484
-0.518156188506394,-0.27259386960459
-0.464708778495993,-0.378926838335043
-0.287477704735,-0.416394830286591
-0.0350339458230355,-0.333354762603356
0.167446840758567,-0.143843333644231
0.254417558567019,0.0509371602692202
0.213165757830291,0.187862366141396
0.0735975465008722,0.206747434303968
-0.0748936367387138,0.150716279713561
-0.159085797532287,0.0566721407736871
-0.167548497171149,-0.0429516691876326
-0.0893426298246177,-0.106479816519951
0.0580585944169775,-0.183124153140591
0.186874063555987,-0.277628551452848
0.263094844689793,-0.400356077181695
0.26862935980636,-0.525444234818498
0.19334604660221,-0.605174903207526
0.087676637170381,-0.573591580537745
-0.0497963762896692,-0.382368967547467
-0.155595671427182,-0.0752748386117034
-0.163654583178788,0.223345291228603
-0.0345765016406095,0.374609362406386
0.20449693340104,0.307972287617221
0.457624019211207,0.0398512195479632
0.602850981634579,-0.263004500632728
0.591203150926204,-0.4328147981634
0.503839931788168,-0.396335095898338
0.281564838407438,-0.143411297115489
0.0177922859127987,0.231511496222166
-0.109679091258592,0.505985951414366
-0.092177651875161,0.512073881925606
0.0499516793232291,0.216794237784064
0.210743004708911,-0.302355915934959
0.210375927156664,-0.723065384387135
0.0744531320669874,-0.894699847615983
-0.0579230525335351,-0.896498576637898
-0.118969140721006,-0.757780256000067
-0.0676253709251118,-0.363850964038217
0.135397570291338,0.242289655740452
0.406291542422446,0.608919150995701
0.576720240122132,0.67289631306423
0.630565865685029,0.643922081358255
0.58355646295753,0.559249887143259
0.427763141332405,0.350833603073598
0.238963307261352,0.0138814275726424
0.152678760563636,-0.239316273391779
0.19613022754754,-0.319552398979568
0.29333128761221,-0.266040004194825
0.290033187774597,-0.158156791296154
0.100821071875459,-0.0444397695693126
-0.206075387513976,0.037369166852577
-0.491491792749392,0.0974664876537964
-0.609918765936628,0.207899514515383
-0.514321596661155,0.401070496933916
-0.242077881221765,0.654979760539103
0.0706721674943416,0.809138143667242
0.256303793882926,0.826345926168445
0.301720566581053,0.769326494790475
0.219053226178361,0.541669377361512
0.0702994337643364,0.0904664742934691
-0.0425761138182095,-0.278416366077242
-0.0834975215398538,-0.3519546226783
-0.0863805469325394,-0.109845693748746
-0.128408856387605,0.30812196672033
-0.231531257372283,0.600425416547973
-0.371664228699199,0.638907134862269
-0.529897252630597,0.434288783898529
-0.558202236612882,-0.00343929588335728
-0.348337429282199,-0.469814069049044
-0.008273511940624,-0.72149821683187
0.291205029136129,-0.760171974312581
0.485508291919191,-0.689420710622077
0.556798885380392,-0.613092623347392
0.492725755324348,-0.595258004781499
0.311391817916457,-0.658215739163291
0.129433869308023,-0.715410286320631
0.0438947932950479,-0.705095223937799
0.091768214259608,-0.614312500298374
0.242716042540896,-0.432933365064105
0.39904869393672,-0.240471165568419
0.518382126042593,-0.117526228491512
0.566467298952724,-0.0351271276431714
0.546181678623964,0.057332894556546
0.479369539651122,0.208283541252521
0.35451856741142,0.429491261649527
0.207252878603806,0.621857493157697
0.0947218290087019,0.706868516283453
0.00450383997201995,0.69258332017194
-0.0559323294914354,0.561282963799204
-0.0828904208274345,0.292769358928323
-0.0770057837929742,0.0110492328047958
-0.0535067482811759,-0.196308129494289
-0.00799396325548546,-0.287178398124475
0.0540404315483075,-0.278952883882714
0.179809104118087,-0.240826969461917
0.337053838362999,-0.210824887072452
0.453444922929064,-0.242580500657454
0.485412323931675,-0.328819862427715
0.393051107482545,-0.436110060237941
0.180803056431793,-0.50076488012799
-0.11629790274593,-0.446984213541589
-0.396241914078202,-0.247869342885551
-0.541268375641636,0.0779291403008106
-0.511706830171205,0.414051147563527
-0.357813855283807,0.646028578684218
-0.186718760522427,0.719501876308781
-0.0480654311083984,0.635038644647246
0.0652223789538491,0.39449119484789
0.111212373342996,0.0837318949717295
0.105957423035222,-0.118644423232066
0.0524873850890549,-0.121024816290139
-0.0322158697326532,0.0308068300750968
-0.11984732520031,0.226716811736235
-0.157786875980835,0.364658565610575
-0.136191034644029,0.396312496985148
-0.0437168977977605,0.332487877580646
0.0744644315235819,0.239451815275221
0.127892112631173,0.188045904917519
0.0840086155679886,0.203923705260558
-0.0707229957006326,0.242727316199645
-0.208037881262974,0.238624452552746
-0.24123640707747,0.183592900004343
-0.120815866635601,0.0907375516108925
0.12862345577044,0.0397665058708117
0.350808192195183,0.0976330836944893
0.414133029927068,0.242137164672117
0.230949567538278,0.39051257362784
-0.175663880407882,0.430262152886875
-0.592784404105443,0.280254617399392
-0.811010293359176,0.0259161405172466
-0.820080093710457,-0.21573252742756
-0.639090660739469,-0.41058644523576
-0.241643006929951,-0.397789320483349
0.213851928941026,-0.0356834033740306
0.419664707280564,0.387719905191142
0.339809796464688,0.62401481224049
0.0460803545698653,0.64170826499249
-0.391368159193955,0.338714187738399
-0.671563493142995,-0.116616983405495
-0.715486544753721,-0.404907926542227
-0.614487564482052,-0.520406689409322
-0.354041358854146,-0.457124211740743
0.0124328575530242,-0.0891421483130642
0.280186846457671,0.33772022252577
0.337403966730353,0.54902233105442
0.231178291241857,0.5480650761768
0.000282372415592769,0.377258027266119
-0.205321458360443,0.107312809622338
-0.285687463204454,-0.104429790679114
-0.229046383037479,-0.165930507859055
-0.0800130451630462,-0.0875495698793845
0.0386341932589759,0.0770057837929742
0.089915851515638,0.257114207420509
0.0708980663337714,0.420929730462232
0.0503837094025097,0.532670159917178
0.109938875568882,0.599118033302999
0.252398593332894,0.598595626919346
0.443751072680472,0.542827081503378
0.5357084754445,0.46185677501325
0.432029795504232,0.403597705534181
0.0906867234046016,0.349438687736784
-0.342054647639319,0.298015841093113
-0.608134174134379,0.284165467677721
-0.627936961975414,0.280991610266956
-0.381171689509674,0.251879024712313
0.0834297570475941,0.114442715137811
0.467425188499601,-0.10201268083657
0.564420085077113,-0.314966651249251
0.410004755401755,-0.456565120819928
0.120431839898463,-0.475125484392484
-0.0996831095353258,-0.378297138709434
-0.0622264105909102,-0.254538963230795
0.245638577334894,-0.199507410682391
0.584527855054817,-0.268906067503696
0.688788199031243,-0.410462202808912
0.576101865750964,-0.565210737464579
0.266068227038465,-0.67139689065284
-0.192154431191638,-0.59285498701239
-0.544803712472042,-0.30857376439919
-0.639692111723591,0.0561977570805615
-0.534418015586571,0.371892952402778
-0.407330679663607,0.518500692943297
-0.406418622612365,0.465403411300251
-0.552535068971637,0.24999276359856
-0.692707562598788,0.0035494212451062
-0.702810824665087,-0.145760642465773
-0.521423279332987,-0.170589650461543
0.00374425826854993,0.0221775295584459
0.575565322147645,0.284868587973348
0.821011911911816,0.375363304458842
0.856418578565934,0.385830832112162
0.770419239955845,0.386997049543243
0.525610837308652,0.283493433786652
0.223266220830288,-0.0135567004095102
0.0757915823681355,-0.247626481962306
0.0880211287083614,-0.267372798318214
0.151882471346796,-0.061351057425216
0.13723017188519,0.297806904337498
0.0301489043811172,0.601334635836143
-0.113064736086966,0.742549104467528
-0.214955999360837,0.748156988658421
-0.270374403510528,0.642688067187607
-0.228060905316219,0.422931746511464
-0.0771272013556735,0.136953451288931
0.0534785125386125,-0.0991494294929249
0.0787932004593717,-0.266147297436781
0.0331279332333566,-0.366160774189344
-0.0719964934747466,-0.400389975551478
-0.199583643317635,-0.384667478241999
-0.324389443528805,-0.299150972119636
-0.454015313306474,-0.166382292638991
-0.569019944229249,-0.0157563811679747
-0.632062398737655,0.101258745233575
-0.603760252518441,0.115795283310241
-0.442443689435497,0.0141892136127097
-0.150100704408696,-0.138359666082339
0.130837259237282,-0.245398579972567
0.270275571962094,-0.24139171011103
0.233835417795113,-0.0838871980052894
0.0768645921812345,0.154500062700894
-0.0856209616012473,0.308353502389134
-0.138122467786315,0.274528114712102
-0.0284179591998464,-0.0142033330963567
0.188266166927574,-0.423442853438522
0.3127076886528,-0.720557936936988
0.324508036227356,-0.820161976073998
0.305320810792263,-0.79161696893154
0.271509560334897,-0.612731195523443
0.194337161152845,-0.267225956978177
0.134575870196083,0.0328229704450726
0.128544398271047,0.134454452633384
0.0864313751388303,0.0392808259458223
-0.0290081171768355,-0.134674701744516
-0.223559877712516,-0.304253450707461
-0.395984967530983,-0.36591512709872
-0.473343678757614,-0.338112736754277
-0.427350891751626,-0.350469337486577
-0.307173173536233,-0.408657824058699
-0.207427955686406,-0.550869044070092
-0.217895496238649,-0.677391639343944
-0.311326884737807,-0.708339664255511
-0.395041824075183,-0.646426691045331
-0.402959544215049,-0.457443331097078
-0.234250505138963,-0.124921555146649
0.0837798983138718,0.218573179858016
0.333196621806724,0.376718697495421
0.40073164222531,0.31987146674021
0.229964089817018,0.0932252508098453
-0.126124457114893,-0.237003651275426
-0.411399670738568,-0.486377988907126
-0.502391331133608,-0.588427405876551
-0.401245561117594,-0.640437566284678
-0.169457331400246,-0.65484421865566
0.0876258089640901,-0.59995383192115
0.250436099583896,-0.49553250938502
0.290939595097542,-0.359095827650367
0.265348183355793,-0.175607408922755
0.265373594234207,0.109427781540748
0.303942844640341,0.445193997808889
0.33318532235013,0.675968526961336
0.3215544150288,0.783272861991229
0.234939488214924,0.80884451258286
0.0622461781904891,0.707701528734226
-0.0630255246718986,0.34865087311239
0.0157168491935475,-0.187179032793732
0.245023014928951,-0.592886047619102
0.455178692974483,-0.730232026035463
0.595320125994923,-0.696208949463718
0.689906380872874,-0.534864163537134
0.658294835359453,-0.236012523825869
0.421101982680683,0.120877987849025
0.190564677622107,0.339795659245021
0.141869553337561,0.372243080770132
0.287102165489231,0.247880616544299
0.470497402396707,0.0329246236329237
0.522549922868141,-0.14921123337172
0.413969265199985,-0.24512465844261
0.134067601032097,-0.235766850937398
-0.196692156231427,-0.14075982029053
-0.403809505850713,-0.02500125376476
-0.437601020955808,0.0312501563862411
-0.314802886522169,0.0322554017070804
-0.141228567154281,-0.0404442023891009
-0.00486245300910409,-0.150860283290527
0.0542719801160345,-0.228865669125504
0.0727363112064598,-0.273141661068811
0.158518232019026,-0.263094844689793
0.294881505982583,-0.253499825989633
0.434362204568548,-0.272441378536256
0.486397801652936,-0.329257522886908
0.397422242931103,-0.43173895058723
0.173164881752334,-0.499347391675834
-0.12613010684319,-0.449350495177842
-0.402589654697577,-0.24651959957727
-0.534615678683438,0.0782792815670883
-0.492889520051431,0.430183082488559
-0.338268039787837,0.660799445046529
-0.167116460642407,0.727038355878889
-0.0357370532197394,0.634423056443457
0.0643413760598577,0.3832979737836
0.113160742771251,0.0772768611103976
0.109362835463175,-0.113516533765826
0.0511687056122165,-0.114454014594405
-0.0329585091037843,0.031363105805956
-0.108238990994323,0.22610689905859
-0.151526680352221,0.360310029075206
-0.12265128019468,0.400788113710437
-0.0316115906596518,0.362546418556314
0.0716011737304753,0.270012975686579
0.141465752551383,0.192052774779056
0.147661002102424,0.109893690641427
0.125689608620925,-0.0156519031159749
0.142699728025262,-0.191835350532072
0.228317851863437,-0.383868364161011
0.325564096855563,-0.507372379259811
0.361959078994012,-0.494846338274285
0.256450635222963,-0.298171144126673
-0.0662671594738462,0.0923273116298851
-0.400497268793435,0.469410281161788
-0.540203853319906,0.635253231131158
-0.574492338132392,0.659568320234644
-0.548559259716812,0.569898102910707
-0.406045895331822,0.396792543305494
-0.203466270752324,0.279757647692
-0.118170026640017,0.323451949801302
-0.18368325696033,0.519867359638624
-0.267626932900208,0.716655548352182
-0.277857275156426,0.808694833479752
-0.231158530091739,0.805074828118424
-0.127669038655892,0.682790612577068
0.052679398457624,0.424736125261677
0.142180159404681,0.134674701744516
0.0392384723319773,-0.000333199437802863
-0.188206857679376,0.0686616768526631
-0.405740913195153,0.21066112234537
-0.470186796329587,0.305670964957464
-0.367036146703423,0.264904847370456
-0.104796874680822,0.0120714208610654
0.196522728877124,-0.370342708234558
0.323113095092696,-0.667573546668503
0.285698762661049,-0.797010266638521
0.215983837145404,-0.80312079606295
0.157606162068861,-0.682928992223582
0.111342265498142,-0.378401619986165
0.0841526255944155,-0.00875636861383008
0.0739730986455645,0.255530090680352
0.00716378856778499,0.343285798249049
-0.159218514551581,0.263365928456678
-0.399291529062119,0.0657165302465536
-0.566667799812662,-0.141222917425984
-0.599945370227627,-0.304236501522569
-0.486697108263461,-0.444640530818524
-0.231006039023405,-0.511593887200952
0.108476189290348,-0.503958498688873
0.373846958660407,-0.409660250964852
0.493440149278723,-0.285266726132307
0.450931799952774,-0.204592940085325
0.28547003895747,-0.1687937592027
0.0700368310393589,-0.188799846969975
-0.128166021262206,-0.239773720798935
-0.249433672677744,-0.259531310813592
-0.273025880335486,-0.182003146434812
-0.158340330072277,0.0108233347715488
0.0724539408819034,0.25808557371995
0.380364113735162,0.413771602103119
0.630204386265388,0.392579548653568
0.751952109799118,0.217231924041103
0.728035133056743,-0.0591541966938041
0.481428001387635,-0.393276993423052
0.0288951677571206,-0.609308853258983
-0.462565545037175,-0.552707295392242
-0.749021061715905,-0.32339266635095
-0.808124443102341,-0.114089749007385
-0.676403375455304,-0.0275482525377188
-0.297448288478775,-0.0686221416535052
0.169974075156678,-0.218587317077682
0.441557017464824,-0.360160375769943
0.484584935411354,-0.392621908716875
0.384303212654978,-0.268908905266768
0.226174670000311,-0.0384873615931311
0.145074471355038,0.133841702192667
0.206086686970571,0.113033675480254
0.38836371623857,-0.159322982929388
0.476816894374597,-0.507863725036751
0.4305614594974,-0.717465961889765
0.343602054044466,-0.766115901246855
0.194605420055581,-0.668468680332699
-0.0332691183956348,-0.392376235828404
-0.186535221746304,-0.0981470025867727
-0.168124537276856,-0.0351864272171775
0.024029892302416,-0.190533617015395
0.282239710061579,-0.456068151112536
0.427819612817531,-0.614676765885395
0.51861363591355,-0.592120831907897
0.575263229369741,-0.390780845429499
0.530854507508217,0.000245663995267407
0.409872025483538,0.392957925662409
0.316254273344109,0.607640042190059
0.29759229205574,0.64919397440146
0.321119566534833,0.596164386306597
0.355280971157399,0.516687878297408
0.331677464043063,0.466222286531357
0.214800696327277,0.452823710794825
0.021855625647097,0.420850660063916
-0.201890628604614,0.358141410535819
-0.35223700590178,0.257571654827666
-0.372615808050676,0.142259216904074
-0.220171408019993,0.0778444266236591
0.0629972889293353,0.034082350347905
0.364353609271752,0.00604559342413949
0.538461621580964,-0.0452614728892979
0.534065049456145,-0.164400037739876
0.375171291090273,-0.333815021975738
0.104059881813258,-0.489517999543799
-0.12280658322824,-0.540203853319906
-0.175039830510571,-0.466247671611926
-0.0334611317642039,-0.268716891898198
0.254547424924318,-0.0218132688085212
0.518754853323136,0.151986952623527
0.629922054637601,0.171453710620104
0.592541594777891,0.0648694128234228
0.4006412723704,-0.158826013221997
0.1610737021597,-0.451349725059695
0.0298552345999663,-0.667243179451266
0.0312190957795291,-0.774691569653816
0.149115226687436,-0.785873491261512
0.287952101327049,-0.697798715932172
0.350427003221116,-0.479948391722055
0.226838242197857,-0.0900739794133465
-0.06840754227067,0.283843587951853
-0.296855299188176,0.473671259807472
-0.369009914111169,0.465781762511246
-0.273285664645777,0.237175877696032
-0.0168604564248818,-0.126869924574903
0.199628828245091,-0.425684892647928
0.22854376360179,-0.49669588905303
0.00166034977849227,-0.283451073723346
-0.447952767875803,0.144233010109666
-0.708616423548539,0.496187619889043
-0.762713320132512,0.635431133077907
-0.796146193581037,0.605104320300579
-0.805975585713072,0.406957952383064
-0.63077761440587,-0.0348758179253269
-0.185758693679581,-0.502001680466018
0.126104695964775,-0.697956856728804
0.253446192267578,-0.686647803335496
0.248772912445424,-0.508098124266473
0.0992426113130608,-0.17748518254514
-0.059572108901803,0.193851490902048
-0.151806238711552,0.449200867670426
-0.148479890232453,0.559453174170576
-0.107572593932629,0.593953459299596
-0.094682293809544,0.554842015561846
-0.134762233836355,0.492177963860127
-0.215893480189417,0.455071373934681
-0.317838390084266,0.431227869458018
-0.388047460443153,0.427438423843465
-0.396109209957831,0.43729603881914
-0.328636310752669,0.442875700166393
-0.227216619206698,0.422479948832605
-0.119759793108471,0.37179693281957
-0.0623563027460553,0.32454755852759
-0.0877020480487957,0.330098997031203
-0.153014790408094,0.366228545131065
-0.204768004269002,0.406729228679485
-0.200326285913497,0.421070922073972
-0.124941316296766,0.337974357107763
0.058900062111811,0.167607793520424
0.235529665540297,-0.0423925718173555
0.350184142297872,-0.212951158447456
0.379564999654174,-0.29387345514598
0.309923481909625,-0.313921890077639
0.173472675854229,-0.292947260875072
0.0204804714604011,-0.30102312181157
-0.116537925906103,-0.403750196602515
-0.231723270740852,-0.526740318606878
-0.326826308072005,-0.587681951315464
-0.439670782148916,-0.530766949618532
-0.547093735675205,-0.302011411498056
-0.590768250836544,0.0558532655425812
-0.494089584256603,0.40304991406996
-0.288951690470129,0.594120010194058
-0.0628843395096204,0.582401596578736
0.129837657195279,0.394143878445761
0.140406854160104,0.15208578417196
-0.0471223102257139,-0.0253881037536815
-0.332504826765538,-0.0820828386034616
-0.552639550248367,-0.0662925703522609
-0.57801348614744,-0.0878432332110739
-0.373601285771936,-0.233934249343546
0.0617943805116296,-0.471448981748184
0.421889797305077,-0.622032557341374
0.554943659075504,-0.637656197304575
0.605570229401259,-0.468029477246795
0.402651775911001,-0.057058992374974
0.00300726620716809,0.464211757192909
-0.202667156671336,0.755874259534042
-0.197276658030657,0.804854566108369
-0.0772034404403791,0.74646841643938
0.182217745817647,0.545303468346813
0.424340799067944,0.28715298724606
0.500626552077169,0.0971502318583794
0.416651802631656,-0.00395603762433263
0.262922592471341,-0.0921804767393096
0.173755046178785,-0.215715578242668
0.203918068431184,-0.385068428366183
0.285854065694609,-0.514177593084189
0.335108293798893,-0.498878644812083
0.26195971366327,-0.310205865133104
-0.0337604448241907,0.095554828560551
-0.375278584332229,0.484316689407541
-0.527251425533936,0.650653822916923
-0.557965051215781,0.675782111725372
-0.526762917520067,0.583949002983884
-0.379725952416031,0.419142326694757
-0.179741333176366,0.287525714526604
-0.101795256589586,0.324019528213487
-0.177798613476408,0.525043284694314
-0.263329218121668,0.710053673150813
-0.247730963239037,0.820893345011112
-0.19252998333633,0.82283323984692
-0.0858525101689743,0.704759181194418
0.0660243178989862,0.424337961304872
0.133550857275665,0.101083674600436
0.0278080368480092,-0.0344070775110372
-0.197403738220577,0.0528262301234688
-0.367809849905997,0.26352969318376
-0.405707040623216,0.39969534274722
-0.339832369580031,0.307901704710275
-0.165958743601618,-0.0759158247949834
0.093123600846725,-0.516645518234102
0.277710459614235,-0.703118592969135
0.465126652007223,-0.624974853285489
0.663784152649642,-0.253132748437387
0.691668425357626,0.226231141485438
0.544710530651906,0.521553145690286
0.254459892832479,0.60756662152004
-0.123608522173377,0.412308915824585
-0.404094701039419,0.078956971635916
-0.404106000496013,-0.153353632217777
-0.100117964478755,-0.232567556850373
0.404673553110352,-0.165300808233446
0.753485378984599,-0.0783639952442398
0.824069988589256,-0.0335288994811944
0.718900425324659,0.0331081656337777
0.358723100369824,0.0693676091135156
-0.0580303522249527,0.0641239518128739
-0.173563032810216,0.0871937788848096
-0.00275595487695826,0.106894903863801
0.271187654811182,0.0808912231928889
0.389634389148536,-0.0291323628284142
0.217469109438205,-0.289657622730982
-0.1408304160964,-0.585038961981874
-0.46281402989087,-0.711431639302734
-0.555852929959367,-0.726374783681343
-0.433433172534568,-0.731770919151396
-0.107002203555219,-0.545196200902703
0.253104525593747,-0.0731288060865824
0.352443130692169,0.284278436445821
0.142855031058822,0.357011903439747
-0.269067020265553,0.156993411628144
-0.576785199098627,-0.195785736009559
-0.639912373733646,-0.409118109228928
-0.53475122056688,-0.48931187475341
-0.27361605766086,-0.390365758085649
-0.0187382332719973,-0.113553244100835
0.0965685420243747,0.13644799409017
0.0855560155236747,0.233200094239053
0.0404442023891009,0.159063211518021
0.101939266616013,0.048607588967976
0.282400662823436,0.0357794100583151
0.482280774988525,0.19557961121917
0.585256386228858,0.439738578888484
0.540037250829752,0.640248416477027
0.405193121730932,0.75266082822735
0.239135559479804,0.748673771111622
0.122792471806419,0.598155154494927
0.15126972090608,0.265308661055558
0.280472041646376,-0.0413845016323676
0.382572254574784,-0.190553378165512
0.366637982746618,-0.183832910265593
0.229757965026629,-0.0688565150853808
0.0693732523923514,0.0499912112976562
-0.0231291250335764,0.11932493171558
0.00421299626429165,0.120050638025474
0.0982966623414969,0.0715559952524817
0.153181392898248,0.0157620276715412
0.0877557011192353,-0.00581404808114323
-0.0833365687779967,-0.0194752261395618
-0.236026635247689,-0.0531170750404711
-0.247824145059173,-0.116388259701917
-0.068060225868541,-0.248846333115442
0.20875227521735,-0.3746347732848
0.41387608337985,-0.433820037034778
0.42692166718811,-0.416694162694963
0.167565433457118,-0.29365600510115
-0.281251394577247,-0.0746253842854391
-0.609769138429211,0.142544424991702
-0.668672018955709,0.251943957890963
-0.519364766000781,0.228292440985023
-0.138303181698289,0.0639262887160074
0.257743881248272,-0.136521414760189
0.393675157379856,-0.271351419538265
0.257458686059567,-0.285235665525595
-0.0631243562203318,-0.161700564022236
-0.375120469333444,-0.00496975431288707
-0.483472377500174,0.040057350787814
-0.361092193971303,-0.0735015398165876
-0.0621699326563219,-0.318787157470517
0.24113192580074,-0.48335381059947
0.384760660062135,-0.42971717338788
0.356907447960863,-0.0987117496853471
0.153187029727622,0.466888644896283
-0.0255179959088267,0.848280596416012
-0.0913192414448972,0.943403394897282
-0.189147163372104,0.90127066221064
-0.368439523733759,0.562869892504586
-0.476895938975066,-0.132907046228236
-0.484796735727887,-0.579687972742507
-0.507245350665583,-0.633146733805195
-0.534163906802424,-0.427777278552071
-0.465637758934281,0.113011089465988
-0.249388500649212,0.614261678541545
-0.0139181362952863,0.777871050995032
0.156733627317854,0.699591769427944
0.278198941830258,0.357715023735374
0.321128028228355,-0.155604146019628
0.266822169090922,-0.512045659081965
0.149219707964166,-0.642857507440833
0.025774953742603,-0.623266519916331
-0.116199071197496,-0.513830250884214
-0.292690314327853,-0.392514589677072
-0.412486791973487,-0.311806905260307
-0.449669614534177,-0.277433726119053
-0.417436779492978,-0.221580460576472
-0.311527359799899,-0.133960294891218
-0.184154815789307,-0.0551840436167379
-0.103337006816975,-0.0247104104601231
-0.0894245186376206,-0.0767092891476746
-0.117678706660923,-0.167076938342172
-0.113101446421976,-0.23479832240103
0.0106567346999424,-0.237678497131721
0.24539293024427,-0.182844607680184
0.537654045806452,-0.1267004972206
0.714653532302949,-0.130727128232255
0.726603507384921,-0.23895484556783
0.592773104648848,-0.395558580730538
0.25080882686444,-0.555045354184855
-0.161279826950089,-0.61261825255319
-0.424284327582817,-0.52161526690371
-0.433148003143709,-0.366694454231745
-0.142245105482254,-0.172408127734652
0.339764598638309,-0.0351525417463168
0.699619992271584,-0.0498754402385235
0.802635125812152,-0.195348062651443
0.735885108052735,-0.364839279522549
0.517272405894484,-0.534361569899291
0.187269389749719,-0.652127808652052
-0.0844604132468481,-0.613541609061026
-0.202582436544723,-0.420647373036598
-0.141875190166935,-0.0459928192532959
0.0100129260710619,0.417682452381448
0.123992548910515,0.728735441387145
0.139836463782694,0.840227334392703
0.04039337418281,0.835198302272742
-0.151645285949695,0.678636901375494
-0.316045336588494,0.280579360686178
-0.341263995251853,-0.154844567137798
-0.245209378569223,-0.392460955955017
-0.151235848334142,-0.371189832107151
-0.104565326113095,-0.106731126237795
-0.120200291330736,0.232864051495672
-0.18735409697741,0.435743008483541
-0.237729344686396,0.36766300856596
-0.232762407982014,0.0668544925866866
-0.130744077417146,-0.35240642035716
-0.0101315219943433,-0.661584473503543
0.0753736701601366,-0.746138049222143
0.142603721340977,-0.693083076046711
0.14396475120693,-0.474984266982898
0.0717705946353168,-0.153559769907089
-0.00189189512148853,0.13134270353712
-0.0213642976061758,0.307641920399984
0.0194893440108435,0.376032526384685
0.0898565487169011,0.40219714046907
0.157606162068861,0.404549310683504
0.191979354109037,0.388852224252439
0.201726850978608,0.357014741202819
0.16577801679072,0.296027936465701
0.09751166613179,0.185148768103013
0.0275849628727281,0.0880691320505037
-0.0462751928025831,0.0218669202665954
-0.0802417688666246,-0.0169931718318102
-0.0931377187180066,-0.00310609654632725
-0.0604502869316457,0.0207148400551806
-0.0125712202697018,0.0261363912407445
0.00587617010074988,0.0136442357260796
-0.0261589804797413,-0.0281327640111414
-0.131464121099819,-0.0944253343634023
-0.249447784099564,-0.160898625077099
-0.335260759069381,-0.210361802835921
-0.317087285794881,-0.191194364348792
-0.164761478462748,-0.0798012706443596
0.0660158497560018,0.134824355049779
0.29156929472315,0.4054444443477
0.41326898266743,0.594139822939868
0.437465479072366,0.67851833447479
0.398198758098902,0.671651051032679
0.362552068284612,0.560794455785335
0.346363661874453,0.332603632516125
0.323011451579037,0.0663716343011152
0.228899541697442,-0.110749289106465
-0.0172247171748065,-0.156089829169348
-0.382216476479132,-0.124461295774266
-0.698295685639564,-0.0844491202397151
-0.844268102624024,-0.0786971937750871
-0.866883268456182,-0.149702566249738
-0.779373259573802,-0.263125905296505
-0.591397976259999,-0.345482639632077
-0.391980909634672,-0.263024261782846
-0.304470874954445,-0.0477576466806966
-0.344652464944376,0.197976953462136
-0.38434838468351,0.3760579372631
-0.301161475660238,0.446591725110928
-0.031831842995515,0.452611910478292
0.355334630677301,0.416101173404363
0.624977691048561,0.358130111079224
0.633813143765813,0.371124898928501
0.385957912302082,0.411851468417428
-0.0735128328237207,0.340030032676897
-0.435319459446168,0.172148343424362
-0.457118587810292,-0.0291747164422592
-0.121120822974424,-0.176748189677575
0.416956758970478,-0.212462650433587
0.754227995782615,-0.151868359924976
0.829435063452597,-0.073182459157022
0.715192862073647,0.034234831742047
0.344999781346505,0.0990957764224853
-0.0535660478551819,0.0893821650237756
-0.166099922314435,0.0675124215053969
0.00401533558597332,0.0665551795266999
0.269281632547311,0.060173559885925
0.396817954183909,-0.0443155271424647
0.227496164667106,-0.268454269824836
-0.17177279127967,-0.558154252619125
-0.48781245234202,-0.708650270322631
-0.582918327436245,-0.717717284506532
-0.472363876562497,-0.722684195413069
-0.113214402291152,-0.522996070818703
0.276798376765148,-0.0429657870589143
0.372389922110169,0.287161448939583
0.115589145620928,0.310087272434554
-0.315599188637932,0.0648694128234228
-0.590110354165141,-0.191301670489671
-0.574752122442683,-0.30162173503262
-0.253129936472161,-0.230037510487037
0.23684832244402,0.0630594101427592
0.496678965665984,0.323802103966503
0.408522282175257,0.49164425801988
0.00103913048938139,0.582362022682809
-0.470260216999606,0.559916245508184
-0.708760427125504,0.519802452257821
-0.765082387936145,0.475543409499406
-0.705837840735815,0.38901036504907
-0.464561937155956,0.230012099608622
-0.0825826396244634,0.0362001439057319
0.199275862114664,-0.0865866781723902
0.355043785760298,-0.106496759255381
0.442003165415386,-0.0318713749699421
0.51843011003635,0.0573103085422799
0.624305657157492,0.0942333209948332
0.681206521634757,0.0902914036603303
0.664778092064426,0.0828988954198804
0.55070527934301,0.080744394751775
0.33015546851633,0.0619666262806198
0.108202287108776,-0.0132065575308672
-0.0398596909156784,-0.151566215551379
-0.0920392915770314,-0.348187775976936
-0.111074019494328,-0.550055792769438
-0.198841013620697,-0.671024163372296
-0.411300839190135,-0.671125806885955
-0.667446518074276,-0.545156678602468
-0.836384280853941,-0.350683949768335
-0.878776797850873,-0.167514611700288
-0.774448708730572,-0.0543566873437245
-0.41229761636799,0.0140649695734964
0.114047388944078,0.00624607775733243
0.465112566383249,-0.13456174587534
0.501275987055048,-0.371506087902568
0.314416047819805,-0.582562523542747
0.0560622216465806,-0.701254956566417
-0.124328578754972,-0.707602671387946
-0.159673124195666,-0.61919752884137
-0.0746310275642748,-0.397772371298457
0.0885068118580815,-0.0825176935468908
0.20798987147137,0.197152415603809
0.230602251136149,0.35299092215639
0.180746584946666,0.347620197564752
0.106338624908211,0.20065101630136
0.0662050382604223,-0.0399754619748111
0.0756278047421297,-0.289231235930537
0.144289481594793,-0.466177088704979
0.214958824224986,-0.547079598455539
0.275615235947021,-0.548720186680823
0.33945399257119,-0.490650318605097
0.359790460454625,-0.397814731361764
0.328150640501872,-0.288562014004694
0.20629281176096,-0.181074140198678
0.0137571835334291,-0.0766669355338296
-0.182596122826488,-0.0178148751517955
-0.264320345571226,-0.0127801755675185
-0.151300781512792,-0.100959432173588
0.149061580066458,-0.261293303702652
0.467439274123575,-0.423434391744999
0.615374184857033,-0.538297805258189
0.627869165235846,-0.585682721433611
0.548161095760007,-0.566275311382001
0.283835100460484,-0.424439630616377
-0.130238633117309,-0.185448087612461
-0.438998748257847,0.0586656951293969
-0.551281293650871,0.195909978436407
-0.501578131428645,0.205442875923142
-0.386536764373015,0.140641227591979
-0.271774968575638,0.0342913064519044
-0.20497695392354,-0.0104393080344105
-0.17509631489462,0.054125145225459
-0.135270503000341,0.212471125026033
-0.0612663437480645,0.403287099467061
0.0406616266360847,0.53288474640109
0.0989969448740522,0.565374502191661
0.063917820573023,0.491279992432859
-0.0859174562465469,0.307608047828047
-0.290239312564987,0.058004941346538
-0.418244381065336,-0.159591241832125
-0.402383504109342,-0.309011424858383
-0.236063345582698,-0.388070059356342
0.0755374477861424,-0.374338278639501
0.373714254540036,-0.297100972076646
0.511847995985099,-0.230650260927753
0.462153295456396,-0.201698615236044
0.172286710171953,-0.237339668220961
-0.261835471236422,-0.324544746562365
-0.600450801628542,-0.381696907858552
-0.742272345174499,-0.40170300852475
-0.72950065709835,-0.430129422968658
-0.597220498530496,-0.460515544994184
-0.360761826754066,-0.400966015657186
-0.11496510862254,-0.23910166111002
-0.0417628818659393,-0.0856322610578418
-0.137213222700298,-0.0363893324101524
-0.28065275555835,-0.102684727626562
-0.324940046958252,-0.20939326140063
-0.185529969976003,-0.276035973019168
0.16889824047943,-0.18898056088195
0.564860609097224,0.101617361092299
0.742664885200853,0.395400439933907
0.73413441462027,0.6009619085556
0.591327393353052,0.77260483347797
0.381502082524757,0.854040997473086
0.165936144688429,0.797349095549281
0.0419972488483535,0.528211466578935
0.113700072541949,0.141191856819272
0.244430025638352,-0.0894584041084812
0.274960151240844,-0.0882893811616361
0.0999033586464582,0.0595918765013819
-0.228953201217343,0.228405409753122
-0.500109769623967,0.264461537182966
-0.582963473666931,0.153870375974209
-0.422296422955405,-0.0864821968956597
-0.0232787815635698,-0.316929144998249
0.353058693098111,-0.383614229579017
0.525263495108677,-0.280731825956666
0.433410573621379,-0.0528375263553326
0.0974071913045211,0.186608629517399
-0.274734239502491,0.281861333052738
-0.526009001265457,0.2159358273538
-0.590658145629362,0.0567625041791359
-0.518424434510207,-0.10706997449694
-0.392621908716875,-0.179569093856837
-0.248674080896991,-0.13673037731365
-0.134234203522251,-0.0354575045346008
0.00271924635586007,0.00539331302445245
0.195763149995293,-0.0898367811173222
0.398280640462444,-0.315974727883701
0.501818154588818,-0.5330880850241
0.488300960355889,-0.638074122411497
0.4407183810836,-0.636930503893605
0.336299896310542,-0.507256650122178
0.215246844277839,-0.279198556771185
0.178575141543131,-0.12197358367639
0.227775710127514,-0.128790058260594
0.252265863414677,-0.245565182462721
0.158379865271435,-0.377738047788619
-0.0658916008796924,-0.372638406963865
-0.341323304500051,-0.178174165621101
-0.480490559255825,0.150063994073687
-0.394132604787013,0.458942701912776
-0.159755019458131,0.590257195505178
0.0849460963965682,0.491169887225677
0.176383924090554,0.200529598738661
-0.0328173207167753,-0.138955467338164
-0.429031002277144,-0.296315969417477
-0.745158195431334,-0.179151181648838
-0.834740854865586,0.0500702752465105
-0.727964550149797,0.273683828602581
-0.38505996667266,0.416694162694963
0.0973704809695118,0.366702941723114
0.411309300883658,0.136397172333341
0.43102736859808,-0.0819924751980128
0.242261407098965,-0.133892523949497
0.0519762910609201,0.077864194223238
-0.00278701568521591,0.47674631146765
0.122015943739697,0.741665270259926
0.315469296482786,0.77550760712185
0.435940671580408,0.64142588176901
0.45205849508362,0.229272294775832
0.29387345514598,-0.37548754688569
0.0749275222095744,-0.735165038572216
-0.005839461378106,-0.781714156129486
0.0628984573809021,-0.579817890695499
0.186063650018404,-0.0179447673069407
0.211398115212934,0.549615320345019
0.126466136687648,0.800384624909224
-0.0277572086417183,0.837717049179484
-0.185145943238865,0.727992772993437
-0.174076951702499,0.46625897106852
0.116007057828927,0.155609795747925
0.480676922896097,-0.0171880084521626
0.672794617954879,-0.0601566171504947
0.676149215075465,-0.0438241974891781
0.463107712570944,-0.0444454192976099
0.07476091971942,-0.158941781056399
-0.252028678017576,-0.341676270630478
-0.341546378475333,-0.477822133245974
-0.209000772969969,-0.510983922927615
0.0248967757127603,-0.391450067355342
0.229715604963322,-0.102385414566575
0.250004063055154,0.249487332197645
0.138272121091577,0.523346199186058
-0.00906697790568059,0.670061284564225
-0.138272121091577,0.706868516283453
-0.197262546608837,0.681847494919114
-0.242473181617652,0.622684830082326
-0.299153809882708,0.555138536004991
-0.354549628018132,0.469929798186677
-0.350551245647964,0.396309685019923
-0.228538113873493,0.299687489925109
0.0335147816099127,0.210370277428367
0.315068320560756,0.182454931214748
0.434706709005451,0.222916092462933
0.327690355331643,0.373652133326612
-0.0274324814785861,0.543219569934039
-0.42018708786637,0.614956311345803
-0.643111667820672,0.601834443306607
-0.727572061719136,0.53448865008921
-0.707978236431562,0.398515013894319
-0.494055737482512,0.198640525659682
-0.0997480556128984,0.0213897100969558
0.224378778741468,-0.0802643613303521
0.381479483611568,-0.0848274972485561
0.458070167161769,-0.0248995989645436
0.514491036914381,0.0198423101412698
0.600868726735464,0.0565422550680034
0.673672828232029,0.0671199201758128
0.677784179370297,0.0646830491831509
0.573752507501756,0.0787536652602138
0.344005841931722,0.0534672163067487
0.0839097840195554,-0.0167531551210988
-0.0753567274247063,-0.154180982041328
-0.111562514609274,-0.353086941739598
-0.10665488715309,-0.551933617987515
-0.187503750282672,-0.669256494957093
-0.422988243794437,-0.66248523109819
-0.707198883500691,-0.50260313145014
-0.877469466201591,-0.294265943576641
-0.893446072295217,-0.133178129995121
-0.737068248870862,-0.0636185075130363
-0.31599732679689,-0.0439710323797536
0.116334613080939,-0.0840792113738585
0.185589266325278,-0.1911774151639
-0.0710900797023405,-0.259302587110014
-0.389436751849515,-0.21926783846012
-0.488930685779344,-0.0590412472740892
-0.307718153035228,0.107165981181225
0.0901953969760457,0.195139100097982
0.443454603833018,0.132647261917946
0.554774270417971,-0.0467806371024206
0.465095591400511,-0.214103238658871
0.250526443640961,-0.256213424028016
0.0356721071421668,-0.105025598384401
-0.06615703491828,0.148855442377145
-0.094671000802411,0.346126450679505
-0.177109630400448,0.371187020141925
-0.35465975902316,0.159986568025858
-0.568517350591407,-0.185004764526048
-0.698705149052963,-0.408598540608347
-0.726741887031435,-0.444874930048246
-0.673204081368278,-0.381041797354529
-0.477745874812884,-0.101956209351443
-0.137758202199294,0.336971955999457
0.128180132684026,0.587518186588381
0.240231168206092,0.616780425448287
0.25596493917432,0.522383320377986
0.22051310049167,0.344096211786632
0.19116330374208,0.165148330064035
0.184682859002334,0.0258963745300331
0.198233912908277,-0.0826475792525744
0.177733667398836,-0.196731691430585
0.11500181895755,-0.3215544150288
0.0357568175945876,-0.426721192126018
0.00778218389970277,-0.447636537878232
0.0683369464648001,-0.374160402490598
0.19929844812893,-0.216294443212524
0.330096185065978,-0.033379242951201
0.345177683293254,0.108857391163337
0.229972577308387,0.1866622890373
-0.0106030840480509,0.233739424009751
-0.269914144138145,0.327165162780611
-0.405517839219872,0.469523224132041
-0.399751814232347,0.615461742746717
-0.291690699386926,0.698846314866857
-0.156118064911912,0.669420311279868
0.0264837092552389,0.456141571782555
0.248264643281438,0.088718586376768
0.398947050423061,-0.241465130781048
0.453018536128619,-0.368710607500644
0.414587639571153,-0.252819330405042
0.220880178043917,0.060741131848648
-0.117681531525071,0.433342828477504
-0.366245494315957,0.632771168761579
-0.463486063781939,0.645141906713545
-0.435607466600099,0.580066375549194
-0.13632940139162,0.439583275854924
0.350353582551098,0.304967844661837
0.675290817544124,0.253417943626092
0.72636632198782,0.282256633448625
0.546602389898265,0.384026479159796
0.133192241416941,0.350155919454231
-0.266367559446837,0.115930825193683
-0.37619912887484,-0.202653032350593
-0.158625525260982,-0.493533331098859
0.207368659337131,-0.606538783735473
0.467972979963822,-0.51345752360367
0.534274012009606,-0.27365839192632
0.334097405199217,0.079524543598639
-0.0226829754706488,0.353973587912425
-0.250551880317221,0.414082208170239
-0.203022947665911,0.291718948028413
0.125621837679204,0.000584510919171939
0.502385707203157,-0.298738722538858
0.638624751638789,-0.466558277679045
0.60191916343322,-0.505003311456178
0.423310123520305,-0.406633209096278
0.108792445085765,-0.190440422296336
-0.080755687758908,0.0587306412069695
-0.0171061212515251,0.221173834926145
0.193422279237454,0.248744689601783
0.362439125314358,0.200255690107627
0.312888402564775,0.132746093466379
0.0151492804555553,0.0995136886304842
-0.376153931048462,0.108479014154496
-0.646816393308612,0.130673481611277
-0.692258576885154,0.117915892058024
-0.534655200983672,0.00943406271357123
-0.216311392397416,-0.172766743593376
0.0910029792000186,-0.323629851748051
0.202167349200873,-0.35879368327677
0.11794414069951,-0.226968134353002
-0.050033568136232,0.0785192982777997
-0.133587567610674,0.416013641312525
-0.0544526940280091,0.629419409404066
0.116498390706945,0.675242781954674
0.285077550526809,0.577883619790141
0.368769890950996,0.397244340984354
0.305662503263941,0.225265424914295
0.105728705781105,0.181283089853216
-0.15007811839443,0.292438991711086
-0.341252721593105,0.447899108355902
-0.410696550442941,0.518650372046406
-0.418608646652357,0.434926919419815
-0.367744890929501,0.128298725382577
-0.250543392825852,-0.303988016668874
-0.131311642930408,-0.641329862185803
-0.0418475923183601,-0.750777430674514
0.0438552613206208,-0.68999956269301
0.0960630977245372,-0.41810037748837
0.061088448250777,-0.0274974243314279
-0.0289008174854179,0.260892353578468
-0.13337014336369,0.333679480092296
-0.20987894455035,0.191089883072062
-0.220312599631732,-0.0761501917773976
-0.142775960660506,-0.326078015747846
-0.0112638354123618,-0.456262976446331
0.128804182581338,-0.433712717994976
0.267203358064988,-0.290154592438373
0.36963396400848,-0.134378207099217
0.426277881938527,0.00657927709436246
0.43255501385311,0.0943180346719847
0.343186966700616,0.158806252071879
0.159882086749127,0.263682184252094
-0.112195026200108,0.4012879211809
-0.365579084355339,0.543389010187265
-0.480290058395887,0.624155978054383
-0.482475651918012,0.6422786553699
-0.384150721586644,0.6168651455749
-0.133531096125547,0.447032249131039
0.213213767621895,0.194673190997302
0.437253678755833,-0.0436265376170424
0.483489352482912,-0.198010838932996
0.379231794673865,-0.19796847886969
0.208187534568237,-0.0880041859729311
0.0861687659643913,0.107312809622338
0.0669307316713923,0.328399125355568
0.132887285078119,0.4724711956023
0.219022165571649,0.504893154653304
0.231816452560988,0.4208845584337
0.173207241815641,0.220826518524016
0.0266644280043096,-0.0363046219577316
-0.112655298471413,-0.228922140610631
-0.153610591663918,-0.270656786734007
-0.0808940480570376,-0.149550075181403
0.0836443564304293,0.0539613675994532
0.256317905304746,0.173887763198079
0.355594414987591,0.0968650302202128
0.323025563000858,-0.232657926705283
0.146011952183618,-0.653313787233251
-0.093072772640434,-0.882029803053492
-0.271006915101362,-0.906229111423654
-0.371441154723918,-0.811905427023372
-0.393723141373614,-0.476031865917582
-0.288446259069215,0.214196420479007
-0.0169395219861014,0.709692245326864
0.260742700273205,0.774121179276406
0.462077037023306,0.602322951320475
0.582808170633371,0.164241909842167
0.508970607421788,-0.358706151184932
0.255566801015362,-0.655838158070443
-0.0297451100444,-0.696762416454082
-0.292263927527408,-0.574856603719413
-0.454791828474274,-0.413435585157585
-0.481549457647104,-0.354600449774962
-0.404382708193349,-0.440890659099898
-0.261812872323233,-0.582898566286128
-0.146864712885584,-0.638932519942837
-0.080188115796185,-0.561528610889828
-0.0952357414515238,-0.340371699350729
-0.182652594311614,-0.0736737855855778
-0.287785498836894,0.0268620878764452
-0.4144746966009,-0.0564038883204123
-0.503035142181036,-0.221086302834306
-0.567898924624546,-0.332222443542058
-0.625076496799148,-0.288333290301115
-0.657710307762377,-0.101560889607172
-0.657560628659268,0.156939765007166
-0.630735254342563,0.323773855325017
-0.603619035108856,0.320018308080247
-0.54104811363158,0.154567833642615
-0.356063136053496,-0.0723466347410242
-0.0384817118648339,-0.185329482014988
0.348484270622236,-0.108566546246335
0.648027756970379,0.0822099058944581
0.768883133007292,0.18833957469867
0.761747603561369,0.163728003848807
0.612550455813623,-0.0407152797065243
0.298131621826438,-0.421807914941536
0.00943971002332044,-0.691609090311582
-0.111522979410116,-0.756035186498053
-0.0335091351063462,-0.706504250696433
0.16058801900998,-0.514629364965203
0.29861448011201,-0.275301817914675
0.267666455200442,-0.148460116183413
0.0471844314391378,-0.148496826518422
-0.259779795667288,-0.205530408014981
-0.449813618111142,-0.193919261843769
-0.427452535265285,-0.0813232532721695
-0.206798256060798,0.0830739660530192
0.144744104137801,0.179362956167525
0.416010803549453,0.118198275281503
0.515631817669201,-0.0407491619526541
0.437174634155364,-0.219375131702076
0.253499825989633,-0.26890325553847
0.0732841155696038,-0.124667420564655
-0.0463316675124405,0.132170053360672
-0.0981300598513424,0.337830353530798
-0.183519479334324,0.36304057629848
-0.37276829911901,0.167333897788314
-0.57080737379457,-0.160387531048965
-0.699696250704674,-0.379765474716266
-0.739601132997269,-0.4318716547076
-0.681728876422718,-0.37041047917628
-0.479496619841042,-0.100493516623447
-0.130744077417146,0.321080018436752
0.145955480698491,0.588867929896662
0.266672515785659,0.627126548437831
0.281979925751288,0.52003679989185
0.228405409753122,0.29215379652238
0.177089856351407,0.0758424041249649
0.192055599643205,0.00506293734229703
0.249346140585906,0.0874648562022329
0.282445834851968,0.234617582691209
0.252285624564795,0.333874331223936
0.125274521277075,0.318979170839086
-0.113273698640427,0.164908319802785
-0.421994278581808,-0.0452840653530255
-0.64186356802605,-0.195088278341153
-0.698346507396393,-0.258698324160666
-0.607871552061017,-0.338005417714475
-0.323895285786639,-0.443547785653154
0.0211214560313157,-0.507431714305855
0.209782937866065,-0.541014266857489
0.140994193722406,-0.537786749926823
-0.11142979758998,-0.444674429188308
-0.360064356186736,-0.287559587098542
-0.397097499644317,-0.178013212859243
-0.184160465517604,-0.183502543048355
0.147485937918747,-0.329633087930524
0.336161542461874,-0.540328095746754
0.235377174471963,-0.697448587564818
-0.0520384122743441,-0.743986354069801
-0.418264142215453,-0.601614181296551
-0.638141867555372,-0.349718233197192
-0.571668609088982,-0.0862478299132456
-0.155767923645634,0.0974128345833568
0.384308862383275,0.091852921487298
0.654293589428368,-0.0352146629597408
0.586140168840768,-0.163677169193054
0.195302877723988,-0.168754224003542
-0.3242877742173,0.0191194367573523
-0.563824309619134,0.312755698444404
-0.439010047714442,0.58231120092598
-0.0959699159044013,0.733182783673101
0.28461164142613,0.686842680264983
0.499875421989938,0.523625744646465
0.441963643115151,0.358296713569379
0.128965135343195,0.215159312186001
-0.219493724400626,0.200972921825074
-0.362145442634284,0.280565223466512
-0.220047165593145,0.388617850820563
0.077999729657219,0.483478053026318
0.306040880272782,0.495219117150521
0.307695579919885,0.479313042368149
0.0687266229302357,0.484870156397905
-0.309872660152795,0.484779812340841
-0.570462869357666,0.444363823121188
-0.624322580544538,0.392678380202001
-0.535361133244525,0.26693230009595
-0.274889542536051,0.0447503788611631
0.00430335563882701,-0.202669981535485
0.128324149159915,-0.380025259026556
0.0491215046355287,-0.454421938956801
-0.168895415615282,-0.430911613662601
-0.413915605680084,-0.345767834820782
-0.594744060091369,-0.259695075540675
-0.646745758805973,-0.190033809544931
-0.5891982971139,-0.146892948628148
-0.411221768791819,-0.0591598464221014
-0.141268089454516,0.096512070539248
0.147423816705323,0.256207800097565
0.358051040680909,0.352383821443971
0.45659618142664,0.329607677052109
0.443477151150515,0.183756677630349
0.292246978342516,-0.0392130582288319
0.0580275338102655,-0.23996854613273
-0.175282678534892,-0.317510834832254
-0.355806189506277,-0.239367095148608
-0.475407867615963,-0.0609331452172172
-0.550259131392447,0.107691193080641
-0.591835662517038,0.211502583590741
-0.612064785562826,0.212572781438615
-0.592451199125134,0.171625949939633
-0.477666830212415,0.170154789068652
-0.264433288541479,0.253104525593747
-0.0225897936505129,0.412040644022925
0.159633601895431,0.52547529542521
0.252056900861216,0.531583038682259
0.254922989967933,0.413235084297646
0.196423897328691,0.157349202622719
0.175124550637184,-0.144970002977231
0.25123802563011,-0.319312375819395
0.360535915015713,-0.338448753699812
0.455331158244972,-0.254578511328876
0.478189236596067,-0.139271723133581
0.416877688572163,-0.12822814247563
0.31658182859612,-0.252361882997885
0.284436551444606,-0.437815607439721
0.359635157421065,-0.571002199128364
0.484147249154315,-0.552402313255574
0.604409687496321,-0.378243504987379
0.577635134936445,-0.0683708319356607
0.292221567464102,0.317417653012118
-0.149403246740289,0.555019917508595
-0.485937516482707,0.559577416597424
-0.658574380819861,0.418224619915218
-0.674514302376324,0.13530721333535
-0.444742225927875,-0.222938665578276
-0.069649979438072,-0.523433757075742
0.204988253380134,-0.672484011887759
0.331019541573814,-0.689872534098783
0.405094290182499,-0.615927651847397
0.452569550414985,-0.437564284822953
0.478505466593638,-0.165975679887587
0.478423584230096,0.107448351505781
0.457093151134031,0.238748694979594
0.384427455081826,0.211912021206294
0.277117470323636,0.00262888718287038
0.175034193681196,-0.306772223412049
0.145404851471198,-0.540316796290159
0.182692129510772,-0.612931696383381
0.208167773418119,-0.490263454104887
0.158111606368698,-0.195907153572259
-0.000821703723076656,0.137213222700298
-0.202870456597577,0.306780685105572
-0.306551961401993,0.232333209216343
-0.235306591565016,-0.0344917911881887
-0.0103461254080919,-0.375719082554494
0.235995574640977,-0.5972854059113
0.337161131604955,-0.633708662489082
0.267259855347961,-0.548443478983487
-0.0481473199214013,-0.364616205547268
-0.460171040557281,-0.122939300247533
-0.66616173374249,0.0702768477500704
-0.609051906711764,0.177671546185412
-0.28247689545868,0.278588618295694
0.199414228862255,0.397698950628439
0.498565200981891,0.452936653765078
0.525305855171984,0.471101691143901
0.323480198442789,0.450937475478917
-0.0250746712100478,0.250608351802348
-0.311267575489609,-0.0185038646772178
-0.370831216248427,-0.202489254724587
-0.214199245343155,-0.234549811749488
0.053882303650599,-0.0505107766935062
0.285303436467316,0.243306194068424
0.367838072749637,0.45929283028013
0.352722676152577,0.521491024476862
0.289214286745645,0.396865963975513
0.248287242194627,0.116317663896047
0.264142443624477,-0.183200398674759
0.323723033568187,-0.36823339894337
0.392901454177282,-0.335689983632897
0.46389836495841,-0.141629530177388
0.520996892532542,0.135663004329925
0.558837585966788,0.370173293779178
0.568480614458551,0.487654363141081
0.501239250922193,0.544704855125763
0.29190812363391,0.551837598404307
-0.0936883414958378,0.428336369472886
-0.509953298975668,0.193128609456304
-0.73592463035297,-0.0512223554579253
-0.742938755135117,-0.25934494717332
-0.56143259130662,-0.436364220617781
-0.1302019227823,-0.479332803518267
0.369910697503663,-0.28488553715824
0.657648186548953,0.0089314392469689
0.714184785439198,0.24784390620929
0.620377831896425,0.396256025500022
0.47157038641196,0.420300056634469
0.362885273264921,0.287251818794494
0.360137776856754,0.0863918399396724
0.445820885469272,-0.0244280369108359
0.508479313240539,0.011650686207466
0.497249356043394,0.132395952200101
0.415149568255041,0.225573193218343
0.293376459640742,0.182079379070056
0.182870018558598,-0.0184784505740723
0.122391495884389,-0.311614891891738
0.0896984208191926,-0.53560399416777
0.051631796298209,-0.601961523496526
-0.0342856599483379,-0.521702824793394
-0.203802287697859,-0.335337017502471
-0.404272577188321,-0.128711000761202
-0.561709350599648,-0.00990562396109621
-0.642699366644201,-0.000352965525789264
-0.651164929843981,-0.0320351493712171
-0.605745293584936,-0.0290702416149902
-0.505525666244138,0.0713526888767795
-0.374171676149346,0.221343275179371
-0.195359362108038,0.322898508608784
0.0106623820096916,0.305292587948623
0.196966051963537,0.117780363073505
0.334978401643747,-0.158504107698283
0.370633553151561,-0.385206808012697
0.310188915948212,-0.47076564840052
0.171490420955113,-0.414598939027748
-0.0404046704146738,-0.222436046142587
-0.26211501669683,0.0325886002379277
-0.442584855249391,0.227250491778636
-0.539311557418782,0.331750884713081
-0.532156215227048,0.390885300908384
-0.424109237601294,0.409087048622216
-0.216878957910677,0.428229050433084
0.0387612605499724,0.421929345403158
0.207792208374504,0.379268505008874
0.181026130407074,0.272235253745867
-0.0526568092186272,0.114369294467792
-0.410662677871004,-0.0539754886954657
-0.658421863953681,-0.164258859027059
-0.721481293444825,-0.222916092462933
-0.625195115295545,-0.3191175504856
-0.321593937329035,-0.425673593191333
0.0281497067465717,-0.516992808838384
0.195446894199876,-0.552746817692477
0.126228938391623,-0.543468054787735
-0.132610551582937,-0.449836217024332
-0.37593934456455,-0.298061038919491
-0.401861123523536,-0.173563032810216
-0.200955972640183,-0.173167706616483
0.134776358157098,-0.338383820521162
0.329785578998858,-0.553483810560042
0.224678085351993,-0.712578095583698
-0.0796318432900566,-0.74708684240624
-0.452419922907569,-0.587857015499141
-0.666314199012979,-0.304668538051311
-0.586606077941447,-0.0675180712336942
-0.128911475823294,0.0811368896318976
0.425992660951976,0.0535095731453245
0.66284665892214,-0.0732191694920312
0.544552389855275,-0.1540087427218
0.0923414295011668,-0.109936050704734
-0.36191390696548,0.0432170967767587
-0.471818871265656,0.218813203018188
-0.246403818843945,0.357599243002049
0.104297073659821,0.375529906948997
0.270046848258516,0.276547079946226
0.100038900529901,0.0987795206270683
-0.346869093275367,-0.0688028620149413
-0.694415895967946,-0.143930865736069
-0.781702856672892,-0.1887405506207
-0.655942639347174,-0.299094500634509
-0.300949701141551,-0.435889849823578
0.070048124046492,-0.51187343266136
0.214809170919723,-0.55459353070815
0.105748466931222,-0.540364780283917
-0.164103555993499,-0.433580013874605
-0.389583567391706,-0.278738271600956
-0.387259645818759,-0.170007960627538
-0.163829647362466,-0.18136498511568
0.154545247628349,-0.343347919462473
0.30861609866465,-0.553204265099634
0.202116527444043,-0.704987904897997
-0.0883938624383666,-0.742340141914067
-0.438764400623818,-0.593885662560028
-0.638540031512176,-0.326589122674904
-0.56612279451582,-0.0720332038097558
-0.154968809564645,0.0998694731755976
0.379494416747227,0.0798492739865019
0.647711475377116,-0.0622235857267615
0.579309621531513,-0.17900716517295
0.195715140203689,-0.170897431664514
-0.323050973879272,0.0256845951742504
-0.559921921034328,0.329624626237001
-0.419969663619386,0.601953061803003
-0.0710731369669102,0.731497049217131
0.313083227898569,0.673249279194656
0.503255404191092,0.510210245522887
0.441472348933903,0.343850538898162
0.132288658958145,0.213402956126315
-0.22179507285823,0.198406152227806
-0.355331792914229,0.29631031968918
-0.230249285005723,0.399263306218478
0.0787141365105175,0.461851151082799
0.313453143213888,0.472310217042596
0.330449151196404,0.467566354313495
0.0819953000621614,0.480165815969039
-0.294988825022385,0.49050347726506
-0.548508437959982,0.470203719716633
-0.624492020797764,0.411713088770914
-0.53918163946579,0.277758443607993
-0.276448248397793,0.054461168620455
0.00606535941135306,-0.199863201676966
0.106378160107369,-0.39695065830428
0.0313151024638137,-0.457149648417004
-0.182505765870501,-0.424933788358543
-0.439402536145103,-0.332067140508498
-0.602910265084931,-0.233386457879325
-0.644029348802365,-0.176494055095582
-0.586383029764012,-0.129326563167144
-0.415237100346879,-0.0449226278548841
-0.144560552462755,0.101953384487295
0.143143051111675,0.255959289446023
0.369512533546858,0.333433807203825
0.475565956816903,0.312498726099339
0.443237179586034,0.175573523451895
0.293503539830662,-0.0407237510742394
0.0433836992669131,-0.241439719902634
-0.198414626820252,-0.317011027361791
-0.366942964883287,-0.230689783227988
-0.482441753548228,-0.051905698479781
-0.538136878294178,0.130667831882979
-0.581433042244521,0.224884210142382
-0.606310060031895,0.234555461477785
-0.583658158066881,0.190691744913103
-0.474004464787781,0.181918426308199
-0.267378448046512,0.263786665528825
-0.016256180576611,0.410456553080614
0.183095917398028,0.518692732109712
0.273285664645777,0.524481356010427
0.258170268048716,0.404809094993794
0.206222228854014,0.147420991841174
0.18183089421636,-0.144162414303796
0.236229948072853,-0.336328144952029
0.3533777866566,-0.357514548673282
0.448108070909363,-0.263854436470546
0.473340892590235,-0.156973650478027
0.407870009434305,-0.141894964215976
0.309350279566989,-0.265887513126491
0.270128756419904,-0.461486885495778
0.330771056720118,-0.583259994110077
0.458315865848085,-0.571818236596399
0.581608106428199,-0.411408132432091
0.582424143896233,-0.0915507835631627
0.303406326834869,0.297979130758104
-0.140522634893429,0.554313985247742
-0.468469949671214,0.587667814095798
-0.638633213332312,0.444663129731714
-0.668813184769603,0.161260065799972
-0.463813644831797,-0.208331538145202
-0.100250681498049,-0.525328454085173
0.183700193246299,-0.678439238278628
0.312583446225952,-0.699343284574248
0.371246303592277,-0.63199465359378
0.427009225077794,-0.460481646624401
0.465826960337624,-0.190889395111047
0.475277949662972,0.0757915823681355
0.456867265193525,0.227258979270005
0.389959132435322,0.199877313098786
0.277238874987412,-0.0128253548516949
0.163050307330518,-0.322090907036427
0.131331404080525,-0.551899719617731
0.152003888909495,-0.617988951346982
0.190914818888384,-0.50332882486111
0.159342756978429,-0.205586879500108
0.00224768450369807,0.121437078769841
-0.187842604991278,0.301062644111805
-0.298789544295687,0.246556309912279
-0.242956039903223,-0.0175946244282977
-0.0155869570384024,-0.36123903531134
0.225677674495073,-0.601447578806397
0.315709293845113,-0.643662297047965
0.250664823287475,-0.562807771291162
-0.0632175380404678,-0.36006154422151
-0.466050008515059,-0.104356376458557
-0.658458600086536,0.0834664609331418
-0.602464117134369,0.199388805084918
-0.267977061267562,0.289341366935565
0.209819648201074,0.385715077176683
0.510495466509438,0.432682068245183
0.543473730313878,0.449248851664183
0.33756491949221,0.430168971066739
-0.0114558487809309,0.258768907067613
-0.299215931096132,-0.00441630465545054
-0.3686343748654,-0.205880549281259
-0.222004009613845,-0.224144405309592
0.0347233365311849,-0.040678569371515
0.288858508649993,0.227450992638574
0.390345971137685,0.449246065496804
0.364777158309125,0.516109026226475
0.302107431081263,0.395366567361969
0.248273130772807,0.10802156674734
0.259635792090323,-0.206179868790707
0.313859768864215,-0.371407256354135
0.38522938112804,-0.356673074528987
0.454173454103106,-0.163826822498317
0.532048947782938,0.124554477594402
0.580583106406704,0.355625475594303
0.581517762371134,0.475362669789585
0.526455149216019,0.52910097631268
0.310959807185561,0.546859388041176
-0.083585060081154,0.442870076235942
-0.506711644825336,0.207563497569849
-0.743819751579647,-0.0293441405718315
-0.760256642843502,-0.233586932941417
-0.570928778458346,-0.421065272345674
-0.149072866624129,-0.473002012083783
0.36209743284268,-0.303380915956454
0.663871658943635,-0.0218386829116667
0.720693478820431,0.219905999779251
0.635315352344582,0.369029675261287
0.485793512905742,0.402671537061119
0.389521446178282,0.266638617415876
0.373355638681312,0.0754668519802726
0.443293625273315,-0.0253118630566105
0.509343386298023,-0.00217709131792195
0.500699921151495,0.115092175913537
0.430163321338442,0.211050785911882
0.294345013974957,0.179792167832118
0.18534643119988,-0.0219968108093752
0.118105080562444,-0.312244591517346
0.0837798983138718,-0.542920263323514
0.0424716357662098,-0.603226546678194
-0.057668917951542,-0.519243361337005
-0.213857578669323,-0.32638580984974
-0.408095921172658,-0.1154169063014
-0.560653238375749,0.0123001421460957
-0.63922336485984,0.025806014349315
-0.651659061788301,-0.0102557660335565
-0.598186215101639,-0.00784995322905861
-0.506209051187493,0.0800554052263527
-0.35649801034531,0.22644572796935
-0.180675989140797,0.327382587027595
0.00993668537399087,0.298961796514139
0.202048756502322,0.109552023967595
0.330790817870236,-0.175104776588143
0.363314472030591,-0.390687637811517
0.295861333975546,-0.480609126156529
0.158608588975013,-0.419339989791624
-0.0423784507213431,-0.215605460136563
-0.265277600448846,0.0452304122825859
-0.433179063750421,0.243789052353995
-0.521270762466806,0.355170840152372
-0.521609642973259,0.407073733116389
-0.416135045976301,0.42055984094476
-0.20098139641752,0.438109290119795
0.0529928326136232,0.412359737581414
0.215308965491263,0.366067592369208
0.193509811329293,0.262451033642364
-0.042081962525505,0.110848120654899
-0.407590463973898,-0.0394982534175369
-0.661575960214328,-0.134155133123936
-0.728546239983801,-0.193266976203895
-0.634939787300966,-0.290945244825839
-0.342633525508098,-0.408804665398736
-0.00125938101133356,-0.512681008435871
0.169183435668135,-0.56262140765089
0.105923537564361,-0.544526953179014
-0.138610975800183,-0.437098375722273
-0.374631961319575,-0.276634612038065
-0.419975313347683,-0.148982509668142
-0.221543750241463,-0.150145889336151
0.120270887136606,-0.337655289347121
0.316912221611204,-0.563940090352459
0.221958837585313,-0.725135197175935
-0.0935386881905752,-0.747445432467117
-0.491423996009824,-0.55405136317438
-0.697016525238229,-0.255397386559982
-0.598544805162517,-0.0348334610867512
-0.100589523307732,0.0529420044073323
0.480832225929657,0.00129891308653353
0.675268218630935,-0.10450602976382
0.496348598448747,-0.130478643378559
0.012503450940346,-0.0623167675468974
-0.38293370819658,0.0659480788142806
-0.345429005910022,0.127508085894035
0.0555426530259999,0.111559689745125
0.465877782094454,0.0859005135111166
0.549612482581947,0.0961901650155337
0.277137231473754,0.201455780110646
-0.134846941064045,0.306766573683752
-0.342048997911021,0.297516059420496
-0.25135099439821,0.129239031075305
0.0372420963368497,-0.1660604000142
0.238985906174542,-0.417947886420036
0.222746652209707,-0.509789534248586
0.0978731004052007,-0.410086637765296
0.0183372654117941,-0.129639994098412
0.11641649544448,0.155200345233449
0.334967102187153,0.257283621875889
0.482032290134829,0.121719449094397
0.401138242077791,-0.212544545696052
0.0869537621740981,-0.568446716088767
-0.270521244850565,-0.707317501997087
-0.491511553899509,-0.621162860353439
-0.543538637694682,-0.386296767010688
-0.377147896261091,0.0645531570280058
-0.112610113543958,0.496238441645873
0.0145421797431359,0.64826494236748
-0.0732445803704459,0.586470587653697
-0.292938799181549,0.33497275191545
-0.458776099422621,0.0742808862979972
-0.428728857903548,-0.0049443410159243
-0.209836584487043,0.146757419643628
0.0575531436676785,0.421565079816138
0.202071342516588,0.595904601996307
0.0934793853918384,0.593538371955745
-0.218177879462129,0.3369945291148
-0.512621724985519,-0.116165185726636
-0.560277724927826,-0.433605450550866
-0.361368927466485,-0.549940063631805
0.110684343028893,-0.323110283127471
0.590906630483058,0.213775683406859
0.736410300603767,0.554601992401673
0.672131045757333,0.72193590308891
0.464864081529553,0.824343910119212
0.0805636743903389,0.749232862032438
-0.296821400818392,0.322071145886309
-0.373618234956828,-0.185947882184002
-0.193250039917926,-0.464638143993354
0.109845693748746,-0.508606393430459
0.393305242064538,-0.357395930176885
0.543242168847228,-0.195398884408272
0.549443093924413,-0.0916354972403142
0.401691709068156,-0.0617972053757782
0.201348473969767,-0.0412630808449376
0.0221747063066627,0.0337632696883393
-0.0538314786690388,0.210175439195649
0.0321706880299288,0.427269009388085
0.22469784650211,0.51982505117101
0.413122141327393,0.459569589573159
0.526779840907113,0.243597038985426
0.481385692920021,-0.0663518731509978
0.242043982851981,-0.356723896285817
-0.086476553616824,-0.49286408337517
-0.338920312528789,-0.45097416001608
-0.387587201070771,-0.311866214508505
-0.159015201726417,-0.143244707524257
0.320430557661026,-0.0761473669132489
0.71585075874505,-0.14479492589463
0.850613031278174,-0.268770525620253
0.824101049195968,-0.339866267949814
0.686831380808389,-0.307800061196616
0.298953334820616,-0.164219323827901
-0.222933015849979,0.107445526641632
-0.487631764227892,0.347207947983973
-0.48915657171985,0.460007275830198
-0.359296302712459,0.467820514693334
-0.186326259192843,0.338694426588282
-0.0672074587171129,0.122038529753963
-0.0896447677487531,-0.0783809379796701
-0.221267016746281,-0.206634491333715
-0.340391486298692,-0.276086794775998
-0.404410956834836,-0.298066662849943
-0.390820367729734,-0.311984807207056
-0.31352375191868,-0.322305519318185
-0.236337241314809,-0.293009382088496
-0.213400131262167,-0.211601415139175
-0.206114922713134,-0.074961407680435
-0.185625976660287,0.121086937503563
-0.132706558267221,0.314221196688164
-0.0274804848207284,0.458008045948345
0.0994515674170603,0.518794375623371
0.223082669155241,0.507290496896269
0.325075588841694,0.459569589573159
0.422914823124419,0.396388755418239
0.494462311537147,0.342774691321991
0.53782910999013,0.299772210051722
0.551798076104072,0.253742686912878
0.505813724993761,0.173241127286502
0.420345228663002,0.0464926170495669
0.302231673508111,-0.0927508671167197
0.186464625940434,-0.202494904452884
0.092556028884002,-0.208452968606825
0.0458685736017173,-0.0999824225953125
0.0408084615266602,0.0808799301857559
0.0257382450199592,0.247956874977389
-0.00131867917451993,0.322686734090098
-0.0415878080080698,0.283182827719533
-0.132915520820682,0.151402437925373
-0.225629690501316,0.0168209244504546
-0.310219976554924,-0.0418842994286386
-0.373883668995416,0.0493671678498066
-0.388651749190347,0.259844754643784
-0.338474164578226,0.473075432753801
-0.213030215946849,0.608120036914712
-0.070248612007507,0.621143099203322
0.0612635188839159,0.521454339939699
0.127087348821887,0.31310866457483
0.0785334161490814,0.115713388047776
-0.0764946897648394,0.0218358596598834
-0.214227481085719,0.0248064171444076
-0.236978214599166,0.119282584551197
-0.076675403676814,0.19324156532548
0.241106514922325,0.2099975372489
0.57920230249171,0.156304428552183
0.768787113424085,0.0516233249304938
0.78980694045303,-0.010676500687156
0.659862002914718,-0.0267886704311575
0.287291341094728,-0.0527358731674815
-0.206010441436404,-0.107374937285224
-0.555217580605461,-0.171354879071671
-0.694305790760765,-0.241541363416292
-0.668734140169133,-0.310406340195196
-0.506101732147691,-0.388756230467077
-0.24565271455456,-0.400152764356531
0.0581235404945501,-0.333837620888927
0.309697595969118,-0.26326990887347
0.457101664423246,-0.233680114761553
0.492745516474465,-0.234047192313799
0.431860381048852,-0.269092431143968
0.329923932847526,-0.309056596886915
0.243427624530046,-0.29470362983368
0.254022232373286,-0.246940336649417
0.355583115530996,-0.179876875059808
0.488058151028337,-0.149939751646839
0.557134876528081,-0.167932523908287
0.504229582455758,-0.21911253542656
0.318987658330455,-0.300630607583062
0.0509710457400808,-0.344683525551088
-0.190821637068248,-0.363410465815952
-0.292913388303134,-0.341097418559545
-0.253474415111219,-0.290984767126074
-0.159520646026255,-0.208865231086526
-0.0863748972042421,-0.0758904074671072
-0.108250290450918,0.0843898174409782
-0.211172216373504,0.277823402584489
-0.289276433756915,0.403648553088856
-0.308336553204242,0.423911600302274
-0.304084036252081,0.321331341053519
-0.345349935511706,0.0854656585676874
-0.519480546734106,-0.181633231119494
-0.745259890540685,-0.30041602109915
-0.897212970592274,-0.248826571965325
-0.950423195205573,-0.158111606368698
-0.878282717502246,-0.110972363081746
-0.517715716081975,-0.062455127845027
0.187277851443242,-0.00950183204292708
0.669332753390183,-0.115377371102242
0.712083912043686,-0.300800047836289
0.433006785734123,-0.529123575225869
-0.120861038664134,-0.698103698068841
-0.534276849772678,-0.6752286963307
-0.630277806935406,-0.631836512797148
-0.456898325800237,-0.66395921683332
-0.0663405736944032,-0.628038605489072
0.222630871476382,-0.43871920279744
0.193089087156069,-0.210500169583512
-0.183186287252938,-0.016318301790035
-0.597951815871918,0.102280933289845
-0.741216284546292,0.12155849633254
-0.667542486061791,0.017656747254087
-0.28746359331318,-0.184360953478619
0.211697421823459,-0.358740023756869
0.441012063763675,-0.433647810614173
0.37370011732037,-0.411569085193948
0.0317640720537938,-0.291831890998666
-0.33795178399242,-0.122095014138013
-0.488998430923219,0.0265345358491644
-0.411591684107137,0.113911859959559
-0.207405356773217,0.161593257881357
-0.103065929499552,0.218920522057991
-0.163324203062628,0.295658046948229
-0.33328980362686,0.400652571826994
-0.437872104722693,0.472725304386447
-0.355255560278985,0.504997635930034
-0.070310733220931,0.447774865929054
0.335938468486593,0.294553950730572
0.597782427214384,0.12261456985967
0.62052183547339,0.0479411886815505
0.409462587867985,0.10620308947423
0.0490650299256712,0.226541747552557
-0.220626043461924,0.324440265285634
-0.267753987292281,0.30233331702177
-0.108634317188056,0.11671299008978
0.0917710326742951,-0.167350834074283
0.18087930196596,-0.409914385546845
0.135036142467388,-0.503650730384825
0.0427822450580603,-0.406616285709232
0.041839120950645,-0.140991368858257
0.174311312235452,0.132345130443272
0.357158744779784,0.249165426673931
0.460317881897318,0.132508908069278
0.365180946196381,-0.199781306414502
0.0583381398773853,-0.560034864004581
-0.274807660172509,-0.709737443153242
-0.479852372138847,-0.626536396910303
-0.535536249023895,-0.3771846065961
-0.380268119949801,0.103653269061854
-0.113801728954531,0.543115088657309
0.0257806018585349,0.658916047493693
-0.0358358847681726,0.560633477225632
-0.233708363403039,0.292029554095533
-0.430965247384656,0.0657334729819839
-0.466222286531357,0.0723127492701636
-0.275250996157846,0.261188848223768
0.0525946847804725,0.454325919373594
0.363642027282602,0.445284341865953
0.532709682217413,0.249648284959502
0.513601527180636,-0.0183203226763638
0.357734784885492,-0.20232830196273
0.154084975357044,-0.16808217721355
0.0215901948332401,0.0999203013818885
-0.00678258508242999,0.441418689414002
0.0437987866107634,0.670795439668718
0.090842032887623,0.74024778180777
0.0337322090816273,0.678343270291112
-0.152675935699487,0.419842609227313
-0.405910353448379,-0.0448181498028843
-0.555443466545968,-0.443934598557672
-0.585976404113685,-0.632559368445047
-0.537865794527293,-0.682307780089343
-0.449000366810488,-0.604452047559628
-0.378655754568158,-0.294751613827438
-0.397549297323176,0.113070385815264
-0.496851192086589,0.32170971806236
-0.594704537791134,0.293907327717917
-0.606182979841975,0.0912091168893309
-0.396309685019923,-0.149606559565453
-0.0084965859159051,-0.255295717248477
0.318112285816376,-0.196807924065829
0.414649760784577,-0.0167023285271733
0.223108105831502,0.157103542633172
-0.166147932106038,0.220363421388562
-0.502896814130214,0.161384308226819
-0.627527498562015,0.0577875170995541
-0.525223972808442,0.0126587555862712
-0.214221831357421,0.0909803931857526
0.157851822058408,0.271560382091726
0.39034315917246,0.432566313309705
0.431134687637882,0.494609152877184
0.338838430165247,0.486157778492763
0.172207639773637,0.422621140444345
-0.0137600083975778,0.386166874855543
-0.164586414279071,0.45097416001608
-0.282058970351758,0.569435031573099
-0.356794479192763,0.646045502071264
-0.434125019171447,0.61769810642998
-0.508891562821318,0.420966440797241
-0.447625238421638,0.0418560636860753
-0.230709570175952,-0.357988919467485
0.0104816640668036,-0.575698077863708
0.192033013628938,-0.55433374639786
0.266090825951655,-0.355487095947789
0.238085122782048,-0.0842458074145514
0.144111579648044,0.079535836605772
0.0679162158421141,0.0327297854002059
0.0264357059130966,-0.179800629525641
0.00345341456082164,-0.40650896666943
-0.0163041839187533,-0.537148562809846
-0.0767911779606775,-0.501179967471841
-0.15443794148747,-0.306472891003678
-0.205366630388975,-0.055754433994148
-0.147065200846599,0.127070412535918
0.0399698154712446,0.146249150479642
0.277879874069615,-0.00993668537399087
0.466044384584608,-0.243472796558578
0.516673741077742,-0.44771274471563
0.451346887296624,-0.575203894323696
0.340346288472314,-0.625110395168932
0.227826531884343,-0.60438425082006
0.108072394953631,-0.535860940714988
0.0376938940157092,-0.41172722599058
0.00248205350156893,-0.259570833113827
0.0135990556357206,-0.118805375993923
0.0818964685137282,-0.0139124881793544
0.20515203100614,0.00878178191079285
0.395722345457621,-0.0289064639889844
0.561155883609284,-0.0832123263511488
0.666449740896421,-0.120242651394043
0.692780931673114,-0.0900711545491978
0.642905491434591,0.00438241999077261
0.510775011969846,0.115730337232668
0.381801389135282,0.150769926334539
0.300136475638743,0.0684131919989673
0.287610434653217,-0.136679542657898
0.251593829523608,-0.397410943474508
0.100208321434742,-0.596573849719996
-0.154051089886183,-0.664693371937812
-0.471282379258029,-0.573439063671565
-0.676163352295131,-0.413486406914414
-0.707681767584108,-0.280164273342328
-0.525125167057855,-0.228187985506138
-0.0745914988145785,-0.21062441201036
0.395567042424061,-0.184488020769616
0.626211653623517,-0.169892192793136
0.613871976278263,-0.0673317011439608
0.362100270605752,0.145464147820474
-0.0118737601827471,0.374801375774955
-0.231562317978995,0.540616102900685
-0.224918108512166,0.603161587701699
-0.0212824087931729,0.595712614425584
0.28277339010398,0.494674111853679
0.499618475442719,0.371827993426282
0.552695995935648,0.284848826823231
0.436364220617781,0.247894753763966
0.203350490018999,0.208805934737251
-0.0066413991139691,0.0948573644426829
-0.0922680088311483,-0.0377701331004148
-0.0306543486809548,-0.179789342967969
0.13326566208696,-0.280960549660244
0.31913166190742,-0.278117059466717
0.455915685842048,-0.207916450801352
0.512008974544802,-0.08714012581437
0.48640910110953,-0.0281553532501382
0.425656644006441,-0.0799000957433313
0.339934038891535,-0.229715604963322
0.276050084440988,-0.418433556670833
0.197333142414707,-0.534285311466201
0.101103442200015,-0.534895224143845
-0.0044360706426641,-0.417196782130651
-0.163609398251333,-0.229602661993069
-0.32630955141665,-0.053729822256457
-0.45255262702794,-0.00184389177934625
-0.492158202710009,-0.0924007258504421
-0.453193600312297,-0.290137669051328
-0.328060270646961,-0.485288081504827
-0.199947908904656,-0.602503691030296
-0.148474240504156,-0.643207635808188
-0.176640883536696,-0.617243496785895
-0.284182416862613,-0.559021163439681
-0.404196344553077,-0.496342922922603
-0.413429935429287,-0.452140377447161
-0.271057762656037,-0.381660197523542
0.0261250966212461,-0.235379986437189
0.365754174336863,-0.0151408090878401
0.565942106401692,0.190855509640186
0.600027252591169,0.309409563017341
0.461260999555272,0.368976041539232
0.191183064892198,0.320122789356978
-0.0768674170453831,0.169858307322276
-0.237342480186186,0.0477294109381332
-0.241075454315613,0.0186874066780717
-0.118342278858469,0.0912232347606126
0.0394926069139704,0.213614730645002
0.159074498075693,0.321105429315166
0.264179153959486,0.373366938137907
0.3533777866566,0.369617014823588
0.448108070909363,0.340222046045466
0.53464673929015,0.322288570133293
0.532687083304224,0.35877957185495
0.396812304455612,0.456254514752808
0.0687068553306567,0.569237368476233
-0.332507638730763,0.612835676800174
-0.603229384441266,0.583186573440058
-0.729489357641755,0.532094094013624
-0.749791952953253,0.454690184960615
-0.656047120623904,0.357113572751252
-0.346843682396952,0.259006092464714
0.0372420963368497,0.181717938347184
0.259760034517171,0.176392398683
0.273505926655832,0.259223516711698
0.121911462462966,0.389213677874234
-0.101586300485587,0.484757213427652
-0.313371260850346,0.431840594100888
-0.453535266986128,0.196327890644406
-0.496882252693301,-0.219507835822447
-0.439204873048237,-0.606182979841975
-0.369566193066759,-0.796219614251055
-0.327546351754678,-0.828452423494408
-0.313131237690173,-0.70794717582485
-0.337403966730353,-0.281852845561369
-0.353939715340487,0.335526193107968
-0.28831636691407,0.694480854944442
-0.197722818880142,0.773683493019367
-0.13901193882329,0.683609487808174
-0.070626989016348,0.427926931857333
0.000590158329693981,0.172766743593376
-0.00609077311140717,0.107329752357769
-0.0902151645756247,0.219290411575463
-0.119231749895445,0.392268942586448
-0.0317414828147969,0.435053999609734
0.213563908888173,0.284275598682749
0.546783129608086,-0.0104873113765528
0.715198486004098,-0.279102537187977
0.721698717691808,-0.379531127082236
0.637918819377937,-0.282315942696823
0.276595063939984,0.0130286636459451
-0.192544107657073,0.347730328569779
-0.390340321409388,0.491971787474045
-0.30058543555453,0.415392403380439
0.0825995759104321,0.110193010150875
0.483057290156324,-0.277862924884724
0.580628304233082,-0.497915766004012
0.461388079745191,-0.570231307891016
0.104813817416253,-0.481876987101269
-0.386051094122218,-0.25110532150974
-0.651080209717368,-0.0214659507940268
-0.625262912035112,0.0878742938177859
-0.332682702914441,0.072603594187166
0.115959060936247,-0.0238717644047075
0.41075585969114,-0.11791025522865
0.453843086885869,-0.152204376870511
0.295624148578445,-0.072950910589295
0.0761191311706856,0.141033728921564
-0.038368762445119,0.4128680067454
0.00302138488463244,0.628481915676563
0.0896786532196137,0.717002838956465
0.0843898174409782,0.687540099236621
-0.0913192414448972,0.464516739329578
-0.388366554001642,-0.00596370541731929
-0.582133298979231,-0.43644326521825
-0.615922027916946,-0.61958439334158
-0.564470906833942,-0.670984641072062
-0.468645013854891,-0.578117967424171
-0.378503289297669,-0.252576469481797
-0.388900234044043,0.137297942826911
-0.486773315100859,0.315347866021164
-0.586577855097807,0.274389735065588
-0.599007876500125,0.0966504308373776
-0.394832887319568,-0.110184535558429
-0.0256591810711049,-0.210582051947054
0.317714147657418,-0.184812751157479
0.428720396210025,-0.0780618573201044
0.252776970341735,0.0622800572118882
-0.149287466006964,0.198115307310804
-0.519511607340818,0.251630539858618
-0.637354052930978,0.21727428410441
-0.539345455788565,0.0684583704769609
-0.149550075181403,-0.212572781438615
0.318422891883496,-0.47692983734485
0.52855880877891,-0.596333826559823
0.578965117094609,-0.575076814133777
0.540952145644065,-0.404153984489771
0.363444364185736,-0.080755687758908
0.167907113029873,0.228027032744281
0.0275934310157125,0.376393954208635
-0.124548827866105,0.3558146511998
-0.342712570108567,0.225141182487447
-0.590344701799171,0.0786040119549512
-0.721125489551327,0.0110689987920094
-0.714529289876101,0.00855023656779659
-0.514524883688472,0.0320831527133594
-0.0955124684972445,0.0858327425693953
0.294429708303724,0.131455659406296
0.450296450598868,0.187964022553978
0.306054991694602,0.305103386545279
-0.0589960687960956,0.469870514736324
-0.386943390023342,0.597649671498321
-0.492745516474465,0.646341970918717
-0.446385600320538,0.604708994106846
-0.201023743581904,0.414370215324169
0.161982934346793,0.0515386144780731
0.362673472948388,-0.299374046094917
0.320808960467713,-0.468715596761838
0.132347955307421,-0.46034894250403
-0.0408536400046539,-0.295872633432141
-0.0950437345324162,-0.0761981951195398
0.0513296583740736,0.025673300554752
0.321235321470311,-0.0385071259679793
0.51874071610347,-0.192191141526647
0.565812188448701,-0.29874718423238
0.466383213495368,-0.266381670868657
0.206097973528243,-0.0448379174024633
-0.115888465130377,0.292825830413449
-0.330658087952019,0.51270639351644
-0.386226158305895,0.510365548556447
-0.344514111095708,0.27172698458188
-0.159040612604832,-0.204389627260161
0.0721405035011734,-0.643851446855616
0.190214536355829,-0.82408128804585
0.27333367443738,-0.843697712246613
0.347671045119427,-0.75058822927117
0.375577890942754,-0.507773380979687
0.24566682597638,-0.158309269465565
0.0551925117597223,0.152565817593383
-0.0714769313036274,0.35668153622251
-0.112858611296577,0.466425573558675
-0.0682494143729615,0.506722944281931
-0.0100806954004177,0.493313069088804
0.0049471646707989,0.43431700674217
-0.0506293726167876,0.330536683288243
-0.138246710213163,0.172888161156075
-0.210087907103811,0.0344155488787523
-0.222063318862044,-0.0591203112229435
-0.170050320690845,-0.0854289482326781
-0.0698194003429136,-0.0137120050554355
0.0562034068088588,0.140483099694271
0.186235902236855,0.315192562987604
0.321650408814162,0.445287179629025
0.490639019148502,0.468997979985317
0.674339238192647,0.371068427443375
0.808344705112397,0.181071315334529
0.858014020560531,-0.0497257837085301
0.783905373582063,-0.258565594242449
0.564465282903491,-0.419162087844875
0.171834912493094,-0.501465188458392
-0.231531257372283,-0.417803882843071
-0.464711564663373,-0.260573260019979
-0.507779004910138,-0.170050320690845
-0.422835752726103,-0.247968148636138
-0.351178107510501,-0.457132725029958
-0.362848562929911,-0.648524726677771
-0.428486022778149,-0.730895598233009
-0.46203189079262,-0.707845532311191
-0.366307615529381,-0.599069997713549
-0.0565337804755575,-0.311696800053125
0.40231010923717,-8.75354488337585e-05
0.723926619681548,0.0521767757972044
0.82190420781294,-0.11262706272885
0.78164357322254,-0.315079620017351
0.64712416161266,-0.462054438110117
0.530154199177816,-0.433221423813728
0.47690161450121,-0.152210026598808
0.50138330609485,0.23813029481058
0.550092528902293,0.464225894412576
0.55352900838642,0.474507058425624
0.483294527149118,0.310674611996855
0.296070296529007,-0.00824527458569528
0.0878347650680895,-0.232409441851587
-0.0357681138264514,-0.180975308650245
-0.0688452156287863,0.112742830563252
-0.0513381297417888,0.478683368540387
-0.0325942467414942,0.669920067154639
-0.0381795739406985,0.656634485984052
-0.0232759583117865,0.402603766119398
0.0898509054380654,-0.0377023653834243
0.28304728583609,-0.392986174303895
0.460021361454172,-0.502453452347032
0.566215976335956,-0.398441593224301
0.510704377467207,-0.164160027478626
0.215509453452278,0.114987694636806
-0.1678421669523,0.330821878476948
-0.385068428366183,0.411286727768315
-0.303078797380703,0.440933019163205
0.0368580728244422,0.465507892576982
0.430437217070552,0.407966029017513
0.634476715963359,0.300328489007312
0.58355646295753,0.186134245824274
0.263829025592132,-0.00107866266535419
-0.183516654470176,-0.238830577343136
-0.420012023682693,-0.405978124390101
-0.401900671621617,-0.47511980886634
-0.193747009625317,-0.459603487942942
0.0615458892084723,-0.334125628042858
0.133497210654687,-0.201543312202485
-0.0758311111178319,-0.0958061382783955
-0.431775660922239,-0.0364853390944369
-0.664269822900439,0.00256111785351453
-0.700461466415879,0.0482376801021194
-0.558329316802802,0.081396673942188
-0.257102907963915,0.124901793996531
-0.0148330230477729,0.112209150520851
-0.00313715755613057,0.07853624101323
-0.188486416038707,0.0340089329026172
-0.431640119038796,-0.00922793066753774
-0.569920701823897,-0.021245700070529
-0.559707282954723,-0.02670678323052
-0.447393676954988,-0.037654362041282
-0.320379735904196,-0.0824160371343089
-0.29655599257765,-0.137698905850018
-0.40834721799158,-0.168615870154874
-0.579518532489281,-0.101004610651582
-0.701093978006713,0.0502029922658043
-0.730409927982212,0.222653470389571
-0.697759193631937,0.362374166337863
-0.649897068899241,0.390399630657586
-0.629238669694245,0.267129963192816
-0.582613345299576,0.00447277896221663
-0.470734587793808,-0.296011013078655
-0.283580965878491,-0.462113773156161
-0.0694099627273606,-0.461227101185488
0.0607439567127967,-0.306647980985201
0.0191420259963491,-0.0353502016184525
-0.200354521656061,0.205157680734437
-0.470065340070119,0.335032035365802
-0.627953885362459,0.375354816967473
-0.63370582472601,0.369376991663416
-0.475749534289795,0.374307218032789
-0.148824381770433,0.405461367734745
0.196680856774832,0.417792583386476
0.345025218022766,0.388993415864179
0.264436126304551,0.309014262621455
0.0352626663018831,0.152489572059216
-0.219010866115055,0.0120460075641026
-0.357458077188156,-0.023434086209495
-0.340109103075213,0.0606931285065058
-0.230526018500905,0.256995614721959
-0.106081671911531,0.444067354273735
-0.0383941765482644,0.531190498655905
-0.0353812622251645,0.462511885517274
-0.0415482760336426,0.234561111206083
-0.02080237537175,-0.108639966916354
0.0298467632322511,-0.393762689471695
0.0616560137640385,-0.511932716111712
0.0584397962899671,-0.455605079774928
-0.00571521774198407,-0.232587343798336
-0.0847625511709835,0.0725330048307576
-0.164069670522639,0.327439058512722
-0.218107270757336,0.446786602040415
-0.256532517586505,0.436429179594276
-0.317183279580242,0.327376937299298
-0.38625156918431,0.184137879503338
-0.43936585160794,0.0838956661482737
-0.397642479143312,0.049564830946673
-0.25395727339679,0.0803914286213487
-0.0107612127519421,0.118991739634195
0.236204537194438,0.126850163424786
0.371746111062741,0.0817807006793262
0.34467225189234,-0.0618226162541929
0.175022894224602,-0.275838309922302
-0.00336870289912683,-0.48257729543167
-0.0623563027460553,-0.624565441467782
0.00793748854562802,-0.684795466389373
0.172153993152659,-0.652023327375322
0.36414180895522,-0.499626937136242
0.447794627079172,-0.257707196711109
0.408124144016299,-0.0246228751435537
0.315277283114217,0.132071221812238
0.268070243087698,0.129874367530288
0.31840596849645,-0.0464643813070036
0.439834546875999,-0.327348688657812
0.529948074387426,-0.536753236616113
0.546695571718401,-0.617263257936012
0.53099004939166,-0.585928420119927
0.481778181350682,-0.391509350805695
0.351130097718897,-0.0788807325512104
0.200399706583516,0.204801889739862
0.0767092891476746,0.358740023756869
-0.0903902352087635,0.360891718909211
-0.339843669036625,0.243738230597166
-0.589932452218392,0.103334188402288
-0.719185594715518,0.0353671443538828
-0.711078673172308,0.0142033330963567
-0.512226398791786,0.0264667665198086
-0.0856350794725289,0.0820969564747433
0.31164595249845,0.129600471798178
0.466640160042587,0.184485195905467
0.323968706456657,0.302262734114823
-0.0560170367191254,0.465987887301635
-0.387578739377248,0.59422732923386
-0.481411078000589,0.650970052914494
-0.415098746498211,0.628236268585939
-0.161310887556801,0.44183093899478
0.175045480238868,0.0561638716097009
0.32773271539495,-0.318191356214692
0.262640235045707,-0.503444605594435
0.0986863323574709,-0.479891946034774
-0.0235216215260644,-0.26164910759615
-0.0188257685885667,-0.0166769144240278
0.086518907230669,0.0364909888227342
0.190073344744089,-0.162208833186223
0.240660366971763,-0.467272671633421
0.221371498023011,-0.674717589403642
0.206431178508551,-0.687695453865873
0.195085453477004,-0.497777386357498
0.112940493660119,-0.153604941935621
0.0195006386303419,0.157459333627747
-0.0195966453146265,0.297013414186961
0.102029623572,0.282445834851968
0.421085033495792,0.214730100521407
0.723161403970343,0.151470208867095
0.866033384214056,0.12555971646578
0.87741580668169,0.122947774839979
0.75872337365802,0.139088184357458
0.477277127949133,0.044984749068308
0.135979260125342,-0.187498113453298
-0.0258031910975318,-0.401827250951598
0.00629972840922392,-0.523382935318913
0.117828359966185,-0.526858937103275
0.22474866825894,-0.448204090492571
0.241196858979389,-0.339394709120837
0.169926078263997,-0.263995628082286
0.0258031910975318,-0.221899528337115
-0.145147892025057,-0.20489224669585
-0.302025522919876,-0.184589677182198
-0.420099555774531,-0.104443908550396
-0.432693367701778,0.0348645216934632
-0.353033282219697,0.216862008725785
-0.160890150484653,0.411473091408587
0.0574232515125333,0.544478969185256
0.185239125059,0.59228459663498
0.161624318488069,0.563321664385599
-0.04525865124988,0.455164555754817
-0.376919172557513,0.286119499733196
-0.630797375555987,0.147209217322488
-0.711160555535849,0.0931998399314306
-0.619516596602012,0.104116359747846
-0.322206687769752,0.160924035955514
0.0802587116020549,0.179538033250125
0.357051451537828,0.0845592447952813
0.425346037939322,-0.137783625976632
0.292066264430542,-0.426083030806886
0.0479637779205474,-0.651337156264587
-0.149646081865688,-0.748221947634917
-0.248431245771592,-0.754414359422886
-0.235854383029237,-0.706950398646995
-0.164620299749931,-0.608069215157883
-0.049748372947527,-0.469246464839013
0.0940046037407163,-0.344948959589676
0.239513936488645,-0.256442147731594
0.368916732291033,-0.186227427644409
0.461661949679456,-0.129919552457743
0.493039199154539,-0.0743768929822818
0.414463397144305,-0.0093182900420731
0.191956768094771,0.0110802934115078
-0.14323905779596,0.0101512879815568
-0.454167778576962,-0.0158467397363273
-0.649496067179365,-0.0387866746531179
-0.736924245293896,-0.0569319250839774
-0.752632605383709,-0.127011116186643
-0.728992387934364,-0.240129498894587
-0.666130621540086,-0.40047185791502
-0.554206717803632,-0.554969095751765
-0.40829639623475,-0.645415828243502
-0.213092337160273,-0.670628837178564
0.0363102684612981,-0.59541893174551
0.235399773385152,-0.470624482586627
0.345383808083643,-0.399808285717474
0.332377746575618,-0.444174621717845
0.19656508894043,-0.562514088611088
0.0508863320629293,-0.658249637533075
-0.0578976416551204,-0.667319437884356
-0.080693566545484,-0.562480190241304
-0.0370049044902869,-0.380285043336847
0.0339750474317566,-0.208272241795927
0.099109894293767,-0.162615445937627
0.134945772612478,-0.286545886533641
0.182565062219776,-0.440390851629435
0.264317533606,-0.483574072609525
0.388733631553888,-0.307737939983192
0.518122341732302,0.0640787733348802
0.546825489671392,0.443191981759656
0.483833856919816,0.648922890634575
0.340693604874443,0.701830970874278
0.0750800003789857,0.55542370539585
-0.25215573240965,0.138472609052592
-0.542496714286141,-0.224974579997292
-0.697541769384954,-0.301768576372657
-0.756422050998263,-0.176454519896424
-0.731307847813788,0.0519734661967715
-0.587509673299166,0.274618458769166
-0.35396228845583,0.385709427448386
-0.0852538775995393,0.299961385657219
0.12956093659902,0.0771272013556735
0.208780510959913,-0.1191555172602
0.160856265013793,-0.185129006952896
0.0172218939230232,-0.0984632583821898
-0.129741650510994,0.0808008662369016
-0.207549373249106,0.23654620386827
-0.230350954317228,0.259398606693221
-0.234357798380919,0.110421733854454
-0.315551178846328,-0.14725438935102
-0.456935061933092,-0.399847808017709
-0.599493598346614,-0.511280443370761
-0.672825678561591,-0.513271159963399
-0.646988619729218,-0.484706391670823
-0.436403742918015,-0.384608168993801
-0.0266531317724458,-0.139042999430002
0.350912673471913,0.128366496324298
0.487467947905117,0.274739889230788
0.389363331179497,0.287474892769775
0.0967577305287952,0.159356868400249
-0.239426404396806,-0.0268084364183711
-0.385226569162815,-0.132599265025265
-0.270761268010738,-0.123043781524264
0.0613284649614885,0.0694184373198066
0.414528356120801,0.342715407871639
0.599987730290934,0.503119862307649
0.631000714178997,0.564211122523652
0.580453188453712,0.558803739192697
0.491356250865949,0.461359805305859
0.426294805325573,0.292165095978975
0.407793776799061,0.175799422291324
0.436748247354919,0.206267400882546
0.472361038799426,0.369170866873026
0.5070815859385,0.521533384540168
0.540076773129986,0.588173245496712
0.570976814047796,0.568669815861895
0.627615056451699,0.453970115480096
0.633683225812821,0.280672542506314
0.525238110028108,0.110370912097624
0.262383262700643,0.0237757577204229
-0.101800906317883,0.0689835823763774
-0.372542387380657,0.199767194992682
-0.427226649324778,0.337717410560545
-0.257283621875889,0.441613514747797
0.0718496585841711,0.449593356101087
0.39134274831554,0.352016743891724
0.523927889020062,0.210178264059798
0.451939876587223,0.0888597779885078
0.281175161942003,0.0182553765987912
0.134502449526065,-0.000367084152867205
0.154751372418739,-0.00714119852260548
0.335082882920478,-0.0380186211788413
0.510261067279716,-0.121535910318274
0.550431357813053,-0.230709570175952
0.363017977385291,-0.31858949437365
-0.087109065207658,-0.319800883833263
-0.565899746338385,-0.151809063575701
-0.781979564370228,0.114578257021253
-0.754484993925526,0.357277337478335
-0.565837625124961,0.53127805654559
-0.238652701194233,0.592329794461358
0.0949731387265464,0.488049637739121
0.260898003306765,0.290391803633321
0.217793852724991,0.125743255241903
0.0059072311105532,0.0589367724468203
-0.213030215946849,0.0745689063508509
-0.347021584343701,0.104218009710966
-0.366016770612379,0.0373183386462861
-0.277781042521182,-0.160664251645224
-0.113149456213579,-0.392178572731538
0.0897040705474899,-0.513203414819523
0.269287282275608,-0.419012434539612
0.417953536148333,-0.114691199991507
0.478107302636833,0.274900841992645
0.403561020997018,0.52363704410306
0.213465077339739,0.567336995940659
-0.0895205253219052,0.350367693972918
-0.418676391796232,-0.0131783209821212
-0.62259164826219,-0.205298859447254
-0.699495749844736,-0.129767061389409
-0.657947493159478,0.185278660258158
-0.48133203340012,0.532156215227048
-0.276555541639749,0.699749910224575
-0.110068767724027,0.609184610832135
0.0925927392190112,0.163945428095791
0.26407186071753,-0.403625954175667
0.255434096894991,-0.704488097427534
0.172882511427778,-0.736613639226776
-0.013884252436791,-0.519113443384014
-0.392381885556702,-0.0898283129743378
-0.660799445046529,0.197767990908675
-0.735159414641765,0.224740206565417
-0.654474329138188,0.028025461094993
-0.29716309329007,-0.217870085360235
0.208193184296534,-0.217367465924546
0.53736320088945,0.0603345126477822
0.545128404163136,0.457626856974278
0.303505158383302,0.736254997570207
-0.0320690348420778,0.805919088430099
-0.347190998799081,0.632347619724206
-0.462201279450154,0.142792909845398
-0.241527251994472,-0.418097539725299
0.0690259359902224,-0.694418733731018
0.274118677096549,-0.691278723094345
0.345575821452213,-0.485355826648703
0.194803083152448,-0.146051487382776
-0.0325857753737791,0.150558151815853
-0.102924744337273,0.280463579952853
0.0724793517603181,0.264568830424922
0.454916070901121,0.208068941869686
0.762055371865417,0.143642845683216
0.878937776410577,0.0917851505455768
0.869009630123647,0.104542740098829
0.74089721678565,0.114948159437648
0.463878603808293,0.0230924163109325
0.140274150039733,-0.179456137987661
-0.00935217470675103,-0.384568646693566
0.0066413991139691,-0.512296981698733
0.097816628920074,-0.545153840839397
0.191877697696456,-0.478158175989355
0.227812420462523,-0.35954197560093
0.175901078703906,-0.246412280537467
0.0368072446181513,-0.181367797080906
-0.141739661182416,-0.191047523008755
-0.324174831247047,-0.212499360768596
-0.449070949717434,-0.164131791736063
-0.452786974661969,0.011650686207466
-0.32668230449504,0.295903694038853
-0.109289414793156,0.526313931806433
0.089695595955044,0.576466131337985
0.211762367901032,0.392034569154573
0.243582927563606,0.0399754619748111
0.180085837613269,-0.301616085304323
0.0938238833792802,-0.434503370382442
-0.00286325638228691,-0.369504071853335
-0.107366462692778,-0.207374296166505
-0.152523457530076,-0.078567301619942
-0.130882444164737,-0.0940554254975457
-0.027709205299576,-0.192518683879736
0.142332637574092,-0.298188093311565
0.257450224366044,-0.325281739429929
0.217977378602191,-0.308282919482187
-0.0393401255198284,-0.258401829515367
-0.407214898930282,-0.17336536971335
-0.64323591024752,-0.0799480990854736
-0.677882985120884,0.00398992228901055
-0.502642653750375,0.018145252043225
-0.161892577390806,-0.0616306028856238
0.146415740070873,-0.25113354435338
0.236893520270399,-0.479538979904348
0.175421045282483,-0.594690400571468
0.0970909290596425,-0.565312380978237
0.0701667231945041,-0.359810221604743
0.160192692816247,-0.0457499776784359
0.286975085299311,0.166416178109852
0.32252578132824,0.179857113909691
0.193484400450878,-0.0137204764231506
-0.0601876777572067,-0.28417395516909
-0.2396805389788,-0.460693395345241
-0.240891902640567,-0.455229514731313
-0.00598629505940745,-0.242656733292698
0.399398848101921,0.113894910774667
0.646598969061628,0.37967229289613
0.638492047518418,0.501665637722638
0.391633593232543,0.609130951312234
-0.130470168786113,0.577423334619913
-0.573681924594809,0.444281940757647
-0.725451427173506,0.385748949748621
-0.690778915623881,0.375433887365789
-0.478426421993168,0.405656218866386
-0.177869209282278,0.416126584282778
-0.0178459373708729,0.347481843716084
-0.121829580099425,0.241213808164281
-0.392466605683315,0.130775138023858
-0.61375903330801,0.0544526940280091
-0.660782521659483,0.0437084264300453
-0.526028762415574,0.0822099058944581
-0.180467039486259,0.180122535049355
0.170414573378943,0.308779889189579
0.339620595061344,0.38289699786157
0.295098930229567,0.388236661846497
0.0421807908492075,0.321164738563365
-0.298049739462897,0.125875972261197
-0.549284953127782,-0.14574651814503
-0.618517033256778,-0.399404497830218
-0.547731871196491,-0.588173245496712
-0.357373357061542,-0.714952838913474
-0.101713367776583,-0.739660416447622
0.152944194602224,-0.624127755210743
0.343740407893134,-0.412828484445165
0.390953071850105,-0.214927763618274
0.320453156574215,-0.0937391697021287
0.213363420927157,-0.0623760638961727
0.115391482524062,-0.0852341164494219
0.0742526505554339,-0.0945919368535568
0.121911462462966,-0.0567483863078542
0.236224298344555,-0.00343929588335728
0.346233769719307,0.0540178423093107
0.404794983571974,0.0796374930183538
0.397137047742398,0.0681279903608007
0.270845962339505,0.0619129732101802
0.0289516424669781,0.124082905866502
-0.269702369619459,0.282855272467521
-0.508188468323537,0.465431634143891
-0.591208774856655,0.594944560951307
-0.606888912102828,0.636546477156466
-0.585318507442282,0.570750876511597
-0.481577680490744,0.340058281318383
-0.223523193175352,-0.0861348804935307
0.0280960569008629,-0.489563197370178
0.0878968862815135,-0.695810837102606
0.0252017385010443,-0.735402223969317
-0.0764975081795266,-0.624828011945452
-0.165803440568058,-0.345276514841687
-0.131455659406296,0.0168576331730985
0.0247640603058319,0.30079156034492
0.18111931222721,0.419978151110755
0.201540487338336,0.395711046001026
0.0630509355503133,0.268827022903226
-0.214405370133544,0.119836025743715
-0.442951958599483,0.049533770339961
-0.481473199214013,0.0730497421377282
-0.324197430160236,0.151086182129956
0.0388487958665418,0.178987404022832
0.406878881984748,0.111816649191267
0.578956655401086,-0.0447503788611631
0.565363202735067,-0.234357798380919
0.452075418470665,-0.360278968468494
0.368690846350527,-0.337756932860779
0.417343597672842,-0.131650497639014
0.551682295370747,0.13503331760324
0.6524355769561,0.291128796500885
0.622134200855033,0.303649187758114
0.384605357028575,0.129724714225025
-0.0201698621685506,-0.228058093350993
-0.349438687736784,-0.486008099389654
-0.4366748266849,-0.53679281051204
-0.29559873770003,-0.420878908705402
-0.0035494212451062,-0.0799848094204828
0.204592940085325,0.329232112008494
0.138444373310029,0.568692414775084
-0.153864726245911,0.601896564520031
-0.475656352469659,0.471081878398091
-0.618121707063045,0.298447877621855
-0.455692586068921,0.200634067116468
0.0784825879427904,0.207320649545527
0.620253589469577,0.223955203906248
0.825335063366616,0.150642859043543
0.818275740758091,0.0605886472297753
0.580811830110282,-0.116069179042351
0.141940136244508,-0.368103506788225
-0.183290755630746,-0.492039584213613
-0.223322692315414,-0.451434445186309
-0.0230444129687902,-0.244339681581288
0.281409535373878,0.0333284147449101
0.540768568171173,0.172727208394218
0.669434396903842,0.102224461804718
0.719273152605203,-0.139491972244713
0.711894762236034,-0.41776433474499
0.686385232857827,-0.590372976238503
0.676688544846163,-0.638898673168746
0.654601357732416,-0.588667429036724
0.516597534240344,-0.473414313260253
0.0904467066938902,-0.347879981875042
-0.394505332067557,-0.300096927540662
-0.635580760585323,-0.315088081710874
-0.660087888855225,-0.37669326081916
-0.542976760606487,-0.459114979929074
-0.342509257283404,-0.440167751856308
-0.150335077840572,-0.280892778718523
0.0201387999494732,-0.0757322795693987
0.19302977790787,0.0977488579783528
0.344917898982964,0.17564693122299
0.44123232577373,0.152181790856244
0.397523886444762,0.136786848798777
0.109334599720612,0.148146685252144
-0.368597664530391,0.207749861210121
-0.735100131191413,0.284673762639553
-0.824654516186332,0.337700461375653
-0.769123156167465,0.366013958647153
-0.330898111112192,0.336147431040054
0.477229143955375,0.243204550554765
0.907420662339611,0.061729434434057
0.964256619436073,-0.036728180669297
0.891938239785997,0.0327495529997849
0.535075963853666,0.146455275270031
-0.000663575170344705,0.154378645138195
-0.223243621917099,0.100778718261614
-0.0168773991603121,0.0455551426704489
0.398932913203395,0.0268762057477269
0.656507405794133,0.0642510191038704
0.627135010131353,0.167367783259174
0.219934222622891,0.338589945311552
-0.418408145792418,0.412461381095073
-0.763876699800521,0.361340678824999
-0.838247917256659,0.291286911499671
-0.752409557206274,0.166111221771029
-0.383523859724107,0.0739335698958682
0.0925306180055873,0.105412443536226
0.371870353489589,0.202153237779053
0.483175908652721,0.264873786763744
0.512765728562484,0.187173383065435
0.543837995900899,-0.0334018321901979
0.560579817705731,-0.328661721631084
0.515470839109498,-0.516871404174608
0.396524297301681,-0.522462364978456
0.105725880916956,-0.262211036280037
-0.304267562129281,0.238728933829477
-0.50306904055082,0.622391147402252
-0.501182805234912,0.750181603620843
-0.503176359590622,0.704296109856811
-0.463022992444331,0.436138334677274
-0.344528222517528,0.0104844881247695
-0.284442201172903,-0.254304589798919
-0.348577452442372,-0.230339654860633
-0.459177101142498,0.0507225576616543
-0.491802398816511,0.373443170773151
-0.44569096751628,0.527751233004399
-0.411049516573368,0.454371117199972
-0.367157551367199,0.1091821215512
-0.299105800091104,-0.357201104843091
-0.231985892814214,-0.650156853209531
-0.158323393786308,-0.74302347526173
-0.0349577035135991,-0.68416579256161
0.0964330065903938,-0.492528092227482
0.153833665639199,-0.274844370507519
0.0912373526318943,-0.133511322076507
-0.0532977921771764,-0.108950572983473
-0.172337531928783,-0.159091447260584
-0.190652209713945,-0.209520328691626
-0.0633191880035881,-0.249447784099564
0.155654967776458,-0.252511536303147
0.285777833059364,-0.256312255576449
0.214800696327277,-0.280664055014945
-0.066535411927121,-0.278331671748475
-0.425371448817736,-0.205665949898424
-0.653406969053386,-0.075085650107283
-0.670281546574281,0.0385466579424064
-0.490130749984516,0.0648524700879925
-0.167444015894419,-0.0446459040338942
0.114849327889215,-0.284185254625685
0.205753481990262,-0.510825833726675
0.149380660726023,-0.611833275691868
0.0894104007663389,-0.55760078562876
0.0878573510823556,-0.323022751035632
0.171945030599198,-0.0444284765621796
0.268965376751894,0.123902191954528
0.286362334858595,0.1157755092612
0.186063650018404,-0.0404470240285188
-0.0231093590463628,-0.235642608510551
-0.210534055054373,-0.385155986255868
-0.245672475704677,-0.424973310658778
-0.0854120054972478,-0.370740872191363
0.217435236866267,-0.222063318862044
0.538283719634215,-0.0191674400994946
0.707786248860839,0.125353591675391
0.725601106276615,0.192193966390796
0.638754617996088,0.170115266768418
0.456265814209403,0.0187721187428579
0.261877831299728,-0.219781757352403
0.148906264133975,-0.355515344589275
0.106852543800495,-0.290600740388936
0.0935217454551449,-0.0773220395883913
0.027983107481148,0.215715578242668
-0.0841865110652761,0.40668970637925
-0.16148878950355,0.419740939915808
-0.144258420988081,0.336175653883694
-0.00729932722649669,0.245649876791488
0.155883691480036,0.254095653043304
0.187382332719973,0.417990246483343
0.0441969312191833,0.638043061804785
-0.165515420515204,0.775140503771758
-0.328111092403791,0.802519345078827
-0.388341143123227,0.734989974388539
-0.248250531859617,0.557019147390448
0.179405316230831,0.245051263570438
0.576508491401291,-0.0493841105852369
0.704550218640958,-0.155759449053188
0.63191839516069,-0.0605745293584936
0.301573751038862,0.177807088068854
-0.182333513652049,0.412368199274937
-0.475105723242366,0.507776218742758
-0.565402776630994,0.447532056601502
-0.550095366665365,0.214721625928961
-0.398385121739174,-0.202811160248301
-0.204522344279455,-0.598855411229637
-0.0857536786205411,-0.78825107235436
0.0167870405919594,-0.839552514334255
0.186266962843567,-0.782894459184541
0.413243571789015,-0.587235803364902
0.589698104584363,-0.293351048762327
0.621863117088148,-0.0341331785541959
0.500603953163979,0.14978162374913
0.263837487285654,0.241643006929951
0.0104590740216241,0.250800365170917
-0.160229403151256,0.215252494006137
-0.206843440988253,0.099078833687055
-0.152136605928789,-0.0984067868970631
-0.0859908704671039,-0.342876360633496
-0.0593236175986456,-0.566393878282705
-0.063358723202746,-0.662019321997511
-0.0514313115619247,-0.644986603679985
0.0338818656116207,-0.485319142111539
0.163262081849204,-0.163431509203507
0.260016981064389,0.148409294426583
0.223427173592145,0.305159858030406
0.0369625476517111,0.254524851808975
-0.27592584201414,0.0840199150245832
-0.565306757047786,-0.0698504673990871
-0.696364252497278,-0.0771723798336671
-0.701644607234006,0.050612433106088
-0.589407259667361,0.229458658416104
-0.423730860592453,0.365963111092478
-0.29259148277942,0.333981624465892
-0.227899952554361,0.118226511024067
-0.214120174944839,-0.191442849202488
-0.203000348752722,-0.41478530266802
-0.208628032790502,-0.450962860559486
-0.240468353603193,-0.301020284048498
-0.310965456913858,-0.0163973657388893
-0.409713910484753,0.227535686967341
-0.486383664433269,0.337624228740409
-0.483932662670403,0.278557557688982
-0.329864623599328,0.0984237296324934
-0.02013597669769,-0.156733627317854
0.272602331298113,-0.391370996957027
0.383258425685519,-0.534082024438883
0.275442983728569,-0.64808141649028
0.00275313102053799,-0.708712391536054
-0.287254630759719,-0.685470338043513
-0.445530040552269,-0.594230166996932
-0.41035488376911,-0.460320668064697
-0.214715989099587,-0.227298501570239
0.00976443799263531,0.0600069638452321
0.0737584992627294,0.305958972111394
-0.0870412942659368,0.491328028022309
-0.350624640520137,0.587766671442077
-0.535968259754791,0.612971218683616
-0.580433427303595,0.599612165247319
-0.491223546745579,0.53734338814364
-0.206561070663697,0.356495172582238
0.172823215078503,0.0451852338045923
0.349472560308722,-0.266435304590712
0.235509878592334,-0.438925327587829
-0.0886310542849294,-0.376828802702602
-0.486547429160352,-0.0740324014443014
-0.685080635780231,0.304194167257109
-0.671043924522414,0.54879076958777
-0.593368931702519,0.627055965530884
-0.463048429120592,0.541505561038737
-0.18337265089321,0.274175148581675
0.17838595303871,0.00127067583237765
0.418741350772727,-0.109910639826319
0.503052117163774,-0.0184135044964997
0.431795422072356,0.15449442587152
0.270583366063989,0.243899183359023
0.0900259760712042,0.131359652722012
-0.0228975796905801,-0.215116952122694
-0.0167644497405972,-0.56541970001804
0.068438602877382,-0.706337648206278
0.197539267205096,-0.613219703537312
0.28663341862548,-0.253923400824853
0.231330782310191,0.247954037214318
0.0948686574498159,0.574195817689247
0.013274326860223,0.641798609049554
0.0389758631575383,0.470065340070119
0.203864408911283,0.154982920986466
0.382614614638091,-0.0753256668179944
0.428669574453195,-0.0907912046813321
0.192227851861656,0.14536531627204
-0.288065044297302,0.446876946097479
-0.639830491370105,0.576917903218998
-0.797512860276364,0.524718541407528
-0.875741320086623,0.308463633394162
-0.724545045648408,-0.17502571908875
-0.20747030285079,-0.664843051040921
0.227386033662078,-0.833331828106952
0.41319272423434,-0.788892045638717
0.469048801742147,-0.596102265093173
0.241208158435984,-0.178083808665113
-0.0814136166776183,0.312860153923288
-0.19692651676438,0.565654047652069
-0.0895770032564934,0.586490348803814
0.172650962860051,0.426063269656769
0.416290349009861,0.142840906738078
0.503608370321518,-0.0298495880963997
0.446012873039995,-0.0270597477485809
0.32845840880592,0.174672752958324
0.223797088907463,0.46568858069111
0.210788189636366,0.628897003020413
0.246545010455684,0.648999097471973
0.273556748412661,0.515600757062489
0.209771638409471,0.224621613866866
0.0557629021371324,-0.120265237408309
-0.0839860295537226,-0.358875565640312
-0.119172453546169,-0.477771311489145
0.0188681254271425,-0.534115871212974
0.271529321485014,-0.578115181256791
0.46022186231411,-0.634934163370515
0.518622097607073,-0.694269054627909
0.495888313278518,-0.711570018949248
0.422974106574771,-0.661872480657474
0.267542212773595,-0.45926460743649
0.051795570699484,-0.101586300485587
-0.127468550694877,0.20451104482286
-0.211474347848178,0.328088519288448
-0.225768044349984,0.27434175107183
-0.201252467285482,0.139901409860266
-0.141530698628955,0.0337632696883393
-0.0670097956202465,0.0378350791779874
0.0335966704229156,0.101676657441574
0.14294256315066,0.128465327872732
0.23811618338876,0.0526765735934754
0.291442214533231,-0.150363313583135
0.289841174406028,-0.367600887352536
0.239310623663481,-0.471615584238338
0.164498869288309,-0.418365785729112
0.0911244032121794,-0.19687569500755
0.0431465041956196,0.0904354136867572
0.0269835086638753,0.292334510434355
0.0380073281717083,0.314458382085265
0.052577745269773,0.182025732449078
0.0458572805945842,0.0366039350177183
0.000324728271633382,0.000765229265151311
-0.0966334881019473,0.104864645622544
-0.224398539891585,0.252632940966924
-0.30676373592068,0.320371274210673
-0.283321181568201,0.211618364324066
-0.153435527480241,-0.06277985823289
0.0581574195159492,-0.359745288426093
0.237492133491449,-0.525198587727874
0.274129976553143,-0.514855250905709
0.135146260573493,-0.359013945286826
-0.168991422299566,-0.154203580954518
-0.433732479145093,-0.0227225090574413
-0.509148509368537,-0.0511800018440803
-0.321509243000268,-0.192049949914907
0.0943406271357123,-0.310296234988015
0.501835077975864,-0.285029540735205
0.693517924540679,-0.143992986949493
0.645302833677556,0.0354151476960251
0.339657305396353,0.16389176857589
-0.103133700441273,0.132432662535111
-0.365245905172877,-0.00330658108106586
-0.299848442686966,-0.130526653170163
0.0483195689151223,-0.154217692376338
0.49141269655323,-0.0394078932368189
0.73419086030755,0.0866572675287985
0.763992480533846,0.162197533729628
0.665588505602009,0.162200358593777
0.455158931824366,-0.00257523653097889
0.225262587151223,-0.235837433844345
0.117461282413939,-0.368255997856559
0.112720244548986,-0.313167948025182
0.11436083277427,-0.0752211855412639
0.0501408710523804,0.222966914219763
-0.0783555206517939,0.4101346475569
-0.162245543521232,0.426777663611144
-0.14823986707228,0.345248291998047
0.00150786868666878,0.248569625418106
0.165857087189036,0.24539293024427
0.21036462770007,0.410352071803884
0.073193752164155,0.63139604037273
-0.148141035523847,0.778893264849148
-0.31084121448701,0.811142997479546
-0.36103291052095,0.751124721278797
-0.225477199432981,0.567325696484065
0.175593284602012,0.234318276080684
0.568751698225436,-0.0599053074326503
0.692072213244882,-0.170346802437222
0.625517020819259,-0.0844265277759875
0.309062246615212,0.150371788175581
-0.137631134908297,0.403385931015494
-0.446927767854308,0.523391397012436
-0.564287380956742,0.51690246478132
-0.563496728569277,0.435861575384246
-0.477534126092044,0.293715314349348
-0.327910617341699,0.155194708404075
-0.229808786783458,0.0774236895515116
-0.206465063979412,0.0824753334835842
-0.255504679801938,0.0762433735975335
-0.382363317819169,0.0237192830105655
-0.528812917563057,-0.0665692973979816
-0.647906352306603,-0.185563855446863
-0.690041922756317,-0.264772143250085
-0.633649327443038,-0.313515264427311
-0.378441168084245,-0.287421233249874
0.115284189282106,-0.156939765007166
0.590974427222625,-0.0500392146397985
0.810823929718904,-0.0783837563943572
0.81545201171468,-0.179269774347389
0.641852268569455,-0.32822406117189
0.218262573790896,-0.481817703650917
-0.230856385718143,-0.505212274009639
-0.450903577109133,-0.382456499639305
-0.376269711781787,-0.183454533256752
-0.0735128328237207,0.00907262602161249
0.213871690091144,0.0755233234653993
0.293958149474747,-0.0141496816382825
0.113931621109676,-0.197451735113258
-0.194396470401043,-0.330739996113406
-0.414113268776951,-0.314291805392957
-0.432100378411179,-0.20425126051257
-0.232415091579885,-0.0593207991839585
0.0890743773713429,0.00590158339771265
0.314540290246653,-0.0717536518998865
0.34767950681295,-0.252709199400014
0.209760351851799,-0.391255216223702
0.0304086854666768,-0.377091424775964
-0.0371009111745715,-0.196231883960122
0.074961407680435,0.0970146899749369
0.299718550531821,0.347196648527379
0.436369844548232,0.431075378389684
0.424010431850707,0.34985658704586
0.199897074248904,0.148214456193865
-0.191821226211329,-0.0745660814867022
-0.479519167158538,-0.176982563109451
-0.564835172420963,-0.121815455778682
-0.462890288323961,-0.0113429001673987
-0.206335171824267,0.0772062653045278
0.0762574914688152,0.0589876006531112
0.266288489048521,-0.0706919350939206
0.344127272393344,-0.246259815266979
0.3381211984478,-0.397162458620813
0.365152723352741,-0.451078641292811
0.446162552143103,-0.425814784803073
0.568929600172185,-0.34187674569257
0.664306507437602,-0.243458685136758
0.676852309573245,-0.178391602767007
0.609500840829706,-0.143865919658497
0.424095126179474,-0.133607328760791
0.162386735132972,-0.168197957946875
-0.115967522629769,-0.233109724384143
-0.349831176167445,-0.328814212699418
-0.48969873925362,-0.410100749187116
-0.545546329270058,-0.426580000514278
-0.502764110009844,-0.36108373227778
-0.322867448002072,-0.121962297118719
-0.0163437158931805,0.280381697589311
0.287370411493044,0.602387910296971
0.45066355394896,0.702960503768196
0.467027024542797,0.69411375159435
0.351788020188146,0.571069995867932
0.0958089631425441,0.182525527020618
-0.142886091665534,-0.294376074581669
-0.190739741805784,-0.598228575164946
-0.0909380395719076,-0.701554263176942
0.103791629359983,-0.679379569769202
0.275705605801931,-0.57298445402748
0.305089275123459,-0.441221026317135
0.126940520380773,-0.33897397204869
-0.190285119262776,-0.245703536311389
-0.454224275859935,-0.133028463790935
-0.561777095743523,0.0427709488261965
-0.504591010279707,0.2313674926452
-0.298238915068394,0.406356501398942
-0.040057350787814,0.500923020924622
0.11557220933496,0.453117393474899
0.148053503432008,0.267683404385334
0.0896786532196137,0.00123961492334716
0.0205228266866115,-0.220606282311806
0.0230359416010751,-0.326659705581851
0.116244256124952,-0.30247450863351
0.25219528050773,-0.173670326052172
0.357266063819586,-0.0457019743362936
0.369772317857148,0.0374482308014312
0.268722541626496,0.0799113951999259
0.132579490976225,0.0807020346884684
0.0234171450864301,0.097206703343506
0.0192719181514943,0.154254402711347
0.109995347054009,0.233397731538073
0.19540453413657,0.305772608471122
0.214024168260555,0.296053347344115
0.0880945493783799,0.209294429852196
-0.161579146459537,0.114199880012412
-0.405210070915824,0.0865330251019506
-0.540435414786556,0.190166526564225
-0.506697559201362,0.408030962196163
-0.343037313395353,0.631412963759775
-0.159418989613673,0.74146760716306
-0.0495563595789578,0.747338113427315
-0.10556210329095,0.636043883518624
-0.259440940958682,0.437126598565914
-0.421903908726898,0.29177541951354
-0.487741869435073,0.295850060316798
-0.389750169881861,0.446238758980501
-0.215653457029244,0.596364887166535
-0.102854154980865,0.634719525290911
-0.167288712860859,0.467927782137444
-0.421731682306292,0.0833591612417243
-0.669770439647223,-0.251576880338717
-0.766714514467905,-0.341760990757091
-0.750077122344112,-0.286212681553332
-0.499508318639845,-0.055344996378595
0.0260262650728129,0.333645607520358
0.454472760713631,0.515764521789572
0.613798555608245,0.457175085093265
0.490958086909145,0.282242522026804
0.0470263035414293,-0.0393118865525343
-0.427043097649732,-0.247047629891373
-0.677289995830285,-0.197203250259562
-0.716415525192009,-0.0075449912469573
-0.604700532413323,0.204079021193041
-0.42997695769817,0.314814185978763
-0.328359577257487,0.239728522972557
-0.348396738530397,-0.00762970250556077
-0.402332682352513,-0.284620103119652
-0.387669083434312,-0.484664031607516
-0.251181554144984,-0.568898539565473
-0.0110774701597245,-0.59184691037794
0.203920893295333,-0.585372115366491
0.276945218105185,-0.572558067227035
0.158916370177984,-0.582333799839169
-0.126039749887203,-0.539034798125753
-0.434404564631854,-0.37948876701893
-0.596551250806807,-0.118599238304611
-0.566187753492316,0.14687318747803
-0.343469324126249,0.327893668156807
-0.0257523645036062,0.37498208968693
0.220688164675348,0.299102988125878
0.330217589729754,0.193235915597183
0.314692755517141,0.189915216846381
0.201534837610039,0.321520516659017
0.074128408128586,0.510616871173214
0.024956073674401,0.645534395144206
0.0510614026960681,0.692035477112027
0.119454823870726,0.66437430417717
0.216396099625106,0.581839667894849
0.29544343466647,0.506076295471431
0.324801693109584,0.503554710801617
0.27781491509312,0.563341425535717
0.171256047523238,0.603071243644634
0.0523038430882009,0.550716578799604
-0.0177358112029413,0.374228173432319
0.0457443311748694,0.0854741331601333
0.28375886782524,-0.179281073803983
0.573156680448085,-0.309694758206046
0.75170078718235,-0.325188557609793
0.819690391447175,-0.277018638775203
0.78496143421027,-0.201204470392801
0.580114359542952,-0.172306471322071
0.190160876835928,-0.232203317061198
-0.148115624645432,-0.302612862482178
-0.283482134330058,-0.330915060297084
-0.243664809927147,-0.320207483685745
-0.10963391923006,-0.288347427520782
-0.0206640134612551,-0.274824609357401
-0.000101654069613397,-0.281048081752083
-0.0175296799630905,-0.322794027332054
0.031843136002648,-0.366734002329826
0.24571764773321,-0.351240228723925
0.549265191977664,-0.274802010444212
0.754710879866032,-0.179060824692851
0.80472469975107,-0.0856124934582629
0.690228286396589,0.0116422148397508
0.257837088866254,0.054797192015451
-0.298027140549708,0.0320295028676506
-0.587837254349024,0.0323034050492227
-0.541627017298206,0.0141129729156387
-0.165489996737867,-0.0332069971822109
0.350486286671469,-0.0735071895448849
0.651452936997912,-0.159212864823284
0.684707908499688,-0.238457850062592
0.497814122490353,-0.260443367864834
0.0669194386642592,-0.204691758734835
-0.363684387345909,-0.0700565986389379
-0.577301929956136,0.0808742804574586
-0.588303163449703,0.191293195897225
-0.470065340070119,0.229921729753712
-0.319419669061351,0.214967298817432
-0.214080652644605,0.159540420075295
-0.197646573345975,0.0913926556654542
-0.261810060358007,0.047040421412711
-0.392477879342063,0.00416781698011532
-0.536140486175396,-0.0753200170896971
-0.653822056397237,-0.154872802880361
-0.699196443234211,-0.240442942724779
-0.635436757008358,-0.291707648571818
-0.395151955080211,-0.281872606711486
0.0947500647512653,-0.182584823369893
0.588017942463152,-0.0746225594212904
0.813802961795874,-0.0978448646626374
0.819201935028999,-0.204578815764581
0.643614261458515,-0.347594786686337
0.19978413127865,-0.492971402414972
-0.273895603121268,-0.507146493319304
-0.472982250933665,-0.370896175224923
-0.362402414979349,-0.169652169632963
-0.0385494828065551,0.0205651835251873
0.236879383050732,0.0799848094204828
0.25226021368638,-0.0273816532722952
0.0311513248378079,-0.208275066660076
-0.221300915116064,-0.324519309886104
-0.363190229603743,-0.302299444449832
-0.327071980960476,-0.195260530559604
-0.187995083160689,-0.0475741046798426
-0.0783978742656389,0.0574881975901059
-0.00344211994132323,0.100671412120735
0.0107922733586541,0.130535114863685
0.0403510173442342,0.177716731112867
0.0663659910222794,0.248377612049537
-0.0300726620716809,0.270721719912657
-0.256668059469947,0.1687937592027
-0.496503901482307,-0.0458629270981507
-0.587134159851243,-0.237161766274212
-0.458089928311886,-0.388979304442358
-0.122961886261799,-0.465832584268075
0.199346457920534,-0.438143136893886
0.310380929316781,-0.410236291070559
0.195799860330303,-0.412992249172248
0.00957242462406618,-0.435855951453794
-0.0219064522410225,-0.419258081630236
0.196802274337532,-0.338959834829024
0.533466436235095,-0.225714384830083
0.732778995785845,-0.16455252880821
0.751237715844742,-0.158139842111262
0.584742441538729,-0.169618284162103
0.240990734189,-0.176406523003744
-0.0646604567194233,-0.100665768841899
-0.130710191946286,0.117805773951919
0.0240044798116359,0.372731588784001
0.225302135249304,0.542188945982093
0.30375648100007,0.54156205832171
0.167652978447879,0.376074886447992
-0.122032892924589,0.0538879533788963
-0.331499562096314,-0.266251778713512
-0.313854119135918,-0.388253611031389
-0.061718141426924,-0.298877076387526
0.303892022883512,-0.0114869101938256
0.475232751836594,0.295420835753281
0.362645250104748,0.490373559312068
-0.0250181965001903,0.531328878302419
-0.506776603801832,0.362351567424674
-0.789691159719705,0.108719024415746
-0.851242705105936,-0.135640418315659
-0.755422436057336,-0.3738045985971
-0.56889286403933,-0.562398307877763
-0.371187020141925,-0.65461265718901
-0.256405437396585,-0.635151587617499
-0.248456656650007,-0.506375653677648
-0.243670459655445,-0.282708431127484
-0.161389957955117,-0.0232533690727897
-0.022812867625794,0.160110810452705
0.0490509120543896,0.243484096015173
0.00153328218517723,0.241959262725368
-0.19997614464722,0.14528060904435
-0.443279488053649,0.0566777905019844
-0.544755676882592,0.0207346060423942
-0.509552297255792,0.0137656549011443
-0.335337017502471,0.0182864372055032
-0.15238227881726,-0.0176426277704399
-0.102840030660122,-0.109354360870729
-0.226349734183988,-0.198476748033676
-0.401355692122621,-0.232104485512765
-0.484822120808456,-0.211011263611647
-0.367823961327817,-0.158645299310022
0.000417911175077298,-0.115512912985684
0.433114104773926,-0.10343301350126
0.64984340937934,-0.138537555130165
0.617794126013187,-0.129953437928604
0.343878787539649,-0.0264441772808117
-0.0419068886676354,0.179642501627932
-0.238872937406442,0.434452548625612
-0.118986089905897,0.607817944136808
0.216782938327469,0.639508585846391
0.540198177793763,0.477649906825369
0.700484065329068,0.235696268030452
0.62611284787293,0.0231093590463628
0.295903694038853,-0.145918770363482
-0.133186591688644,-0.189505779230828
-0.397348822261084,-0.187916012762374
-0.415126995139698,-0.214241605406462
-0.240702727035069,-0.268801586226965
-0.0391707013902561,-0.326032843719314
-0.0123650882236683,-0.296550342849353
-0.216811186968956,-0.132477847462566
-0.54726033816536,0.102656491883999
-0.738728598246262,0.271359881231788
-0.77237327201132,0.277600328609208
-0.70828321856823,0.050033568136232
-0.361687995227128,-0.382131756352519
0.0842091035290037,-0.715879033184382
0.333541126243628,-0.799735138335652
0.467396965655961,-0.736927083056968
0.523591897872374,-0.532325655480274
0.379773962207635,-0.224827738657255
0.0617746129120507,-0.0294062617852554
-0.238491748432376,-0.0618480271326076
-0.413751840953002,-0.207862804180374
-0.441607890817345,-0.322568141391547
-0.367132140488784,-0.262431272492247
-0.178654199042523,0.0296914601986912
0.068091286475253,0.428466261628032
0.251254974815002,0.673994733755744
0.336847713572609,0.720360273840122
0.314822647672286,0.660511437892598
0.193478750722581,0.436954372145308
0.0400517042842475,0.14026002571899
-0.0477915321515572,-0.0159879265109709
-0.00939170668117816,0.0336700878682034
0.178891397338548,0.22315608982526
0.433757915821354,0.400068070027764
0.623150739183006,0.446752703670631
0.70688265350312,0.392966387355932
0.664738569764191,0.333580648543862
0.440100006712433,0.230418725258949
0.0471420746005621,0.093177247467703
-0.305642716315977,0.0184417418514284
-0.441737757174644,0.0443211736460312
-0.350683949768335,0.138661797557013
-0.0422344406949162,0.237766055021406
0.361272907883277,0.272317136109408
0.619375430788119,0.163256432120907
0.667742986921729,-0.0191956774544233
0.490438518288564,-0.250520819710509
0.126446362638607,-0.454170616340034
-0.260429256443014,-0.468410666220862
-0.528248202711791,-0.278173530951843
-0.587419329242102,0.0957101315941109
-0.466744641319317,0.479197261634824
-0.270275571962094,0.706258603605808
-0.146412915206725,0.759386945855566
-0.173882113469782,0.656945092051172
-0.272958109393765,0.441672798198149
-0.378381858836047,0.254572861600579
-0.403448052228918,0.230045972180559
-0.305944860689574,0.363370943515718
-0.123328976712969,0.535098562766855
0.0641013593491463,0.585640412965996
0.213007629932583,0.430092712633649
0.314517691333464,0.0642397260967374
0.352044992533211,-0.342890472055316
0.347992950643142,-0.582714988813235
0.350141808032411,-0.626237090299778
0.373457282194971,-0.479716830255405
0.361222086126448,-0.188314163820255
0.304835140541466,0.0877528762550866
0.252997206553945,0.226502199454476
0.267711627228975,0.190406549724398
0.357923986288835,0.00947924199774756
0.478539364963422,-0.229647834021601
0.543809721461567,-0.414737318674262
0.494371967480083,-0.540647163507396
0.335170415012316,-0.635095090334526
0.0598121256125144,-0.660251653582308
-0.27196133221591,-0.626403692789932
-0.484409871227677,-0.530730265081369
-0.539447099302224,-0.430623580710824
-0.435805129696965,-0.369986930138907
-0.160850628184419,-0.268781825076848
0.202613497151435,-0.103359599280703
0.505697944260436,0.128629105498737
0.658131019036678,0.36393568416483
0.675861207921534,0.535908976304438
0.636049507449075,0.645627576964342
0.544798036945899,0.671506995860022
0.371616218907596,0.537323626993523
0.131207161653677,0.0820828386034616
-0.109343074313058,-0.432083455024133
-0.258144857170302,-0.654959999388985
-0.296835538038058,-0.632522683907884
-0.266119048795295,-0.383218903385285
-0.186704636201684,0.028849989279127
-0.120149456674984,0.301003334863606
-0.124715430356259,0.279319961434961
-0.174156009201892,0.0188709486789257
-0.229015322430767,-0.278647927543892
-0.253533724359417,-0.385652955963259
-0.250902008684576,-0.225790643263173
-0.260149710982606,0.127556095685638
-0.282595488157231,0.429426328470877
-0.333368874025176,0.500056110104066
-0.397103149372614,0.302604400788655
-0.342924344627254,-0.0844773559822784
-0.159684423652261,-0.409315746527948
0.0864031329468054,-0.466758778538983
0.328184513073809,-0.226660340251108
0.448252074486329,0.172331882200485
0.422087460401944,0.477545425548638
0.300365173544475,0.527028325760808
0.18290107916531,0.318778695776994
0.154104749406084,-0.0774999350856787
0.215068955230014,-0.389363331179497
0.279876240390551,-0.464844268783743
0.224432412463523,-0.337096198426305
-0.0121448375001705,-0.0749472833596919
-0.374877608410199,0.124266457541548
-0.623029334519229,0.205005202565026
-0.670614699958897,0.177442822481833
-0.516693502227859,0.121089762367712
-0.150586387558416,0.126288234740899
0.183355701708318,0.185750219087135
0.261186010460696,0.262264670002092
0.0715475206600357,0.280198145914265
-0.30886177155312,0.157100717769023
-0.589678291838553,-0.0418955956605024
-0.62741171782869,-0.218790629902846
-0.438061254530345,-0.382654162736172
-0.0667330750239874,-0.453108880185683
0.212795855413896,-0.444510664461225
0.277278423085493,-0.432461832032974
0.145822763679197,-0.430084250940126
-0.0180181831398631,-0.442875700166393
-0.012393325578597,-0.408112844559704
0.205188741341149,-0.335207125347326
0.533136069017857,-0.241318289441011
0.724395366545299,-0.189567900444252
0.73400733443035,-0.184855098321862
0.571970753462579,-0.193783719960327
0.235710379452272,-0.176835721769414
-0.0575531436676785,-0.0700396559035076
-0.118683945532301,0.119502833662329
0.0350537101978836,0.352739625337469
0.248137588889364,0.504960951392871
0.321836772454434,0.524159450486712
0.180918824266195,0.409589668057905
-0.11307886040771,0.113409227624947
-0.358195044257874,-0.238039950753516
-0.36753592837604,-0.478446183143286
-0.20376557736285,-0.575587921060834
0.004136755970312,-0.491587760736907
0.135665829194074,-0.220555434757131
0.120284998558426,0.0979888746890642
0.0233719649960711,0.293785897256295
-0.0159992211304693,0.282442997088896
-0.00971643465049303,0.082322855314173
0.00408028126045456,-0.203618748921736
-0.0640194769856049,-0.434788591368993
-0.226753522071244,-0.472025047651737
-0.386833259018314,-0.303042087045694
-0.428353318657778,-0.0159935730145374
-0.262801187807565,0.306551961401993
0.0479073032106899,0.529883115410931
0.332095363352139,0.566693184893231
0.487321158160772,0.478638170714009
0.484872994160977,0.369560543338462
0.31632204428583,0.25876044537409
0.0697177503797933,0.150634384451097
-0.151727168313236,0.0799029206074799
-0.251147681573046,0.00302985605080193
-0.220580871433392,-0.13409583677466
-0.0813514954641943,-0.293164685122056
0.107293048472221,-0.452755914055257
0.268352626311178,-0.53361043981206
0.351943323221706,-0.531487019099051
0.361702132446794,-0.477206545042186
0.295996875858989,-0.414582015640702
0.197372664714942,-0.454275097616764
0.128417330980051,-0.584920343485478
0.103063111084864,-0.715825373664481
0.161562197274645,-0.779921102633715
0.276106581723961,-0.738031127678933
0.403648553088856,-0.54977624730903
0.442776894415806,-0.23029164506903
0.333501578145547,0.0880634823222064
0.152150730249532,0.256012948965924
-0.0275821380085795,0.239135559479804
-0.111347915226439,0.107084092368222
-0.0919912882348891,0.0108487480685115
-0.0115518554652155,0.0206781313325368
0.0741142902573043,0.151484333187838
0.105991308506082,0.317372480983586
0.0785531837486603,0.40888089803398
0.014307809535991,0.387245534396939
-0.0105494333961594,0.278393792961899
0.0420876090290715,0.181291564445662
0.154118860827905,0.198411801956103
0.252568007788274,0.349387865979955
0.254070216367044,0.544549552092203
0.157363326943462,0.663945079613653
-0.0061274814309597,0.680836580521593
-0.197838586714544,0.575048591290136
-0.301652795639332,0.364201118203418
-0.263473221698634,0.145585565383173
-0.148211631329717,-0.00550061473132677
-0.0671227450399614,-0.0603514553832125
-0.117935666107064,-0.0905257706427444
-0.315217973866019,-0.110901767275877
-0.563942876519839,-0.14327294326682
-0.715994813917707,-0.18795837282568
-0.717401002913269,-0.246686202067424
-0.560105446911528,-0.318225228786629
-0.211542118789899,-0.350068387362393
0.189460594303373,-0.329088108431528
0.411746987140697,-0.294952114687376
0.400709043312121,-0.244655937376705
0.176494055095582,-0.149228169657689
-0.13345485059138,-0.00363130925192641
-0.351449191277386,0.146842126871318
-0.366646470237987,0.203621573785884
-0.177445647345982,0.128747698197288
0.121470964240702,-0.0944987550334208
0.339733538031597,-0.307376486361397
0.393104767002446,-0.397131398014101
0.282598325920302,-0.321921492581047
0.0543933976787338,-0.0806512064821775
-0.14237217277325,0.188576772994694
-0.208659093397214,0.267008532731194
-0.135835256548377,0.0522501932424921
0.0249814877775465,-0.396764294664008
0.0939904794199731,-0.770718546566371
0.0258907264141012,-0.902047177378439
-0.0955802394389657,-0.875724396699577
-0.313201846394966,-0.657365803325474
-0.595690015512395,-0.162982536388796
-0.703550655295723,0.307681442700219
-0.650165314903054,0.52145996387015
-0.573184954887418,0.572416901413141
-0.428200827589444,0.54270283907653
-0.191115293950476,0.536033218731286
0.0565648410822695,0.607351983440436
0.239957246676136,0.68589956260703
0.360662995205632,0.731686250620475
0.404676390873423,0.710381202604978
0.399475080737165,0.636730054629359
0.320537876700828,0.524896443354277
0.183234284145619,0.451030657299053
0.0325236541603551,0.526937981703744
-0.061718141426924,0.68061637010723
-0.0648891804230017,0.783504371862186
-0.0584539141612488,0.786892867352556
-0.101583475621438,0.628287090342768
-0.175149961515598,0.218753919567836
-0.276236473879106,-0.267265479278412
-0.3823548303278,-0.532466821294168
-0.427565478235538,-0.560865038692282
-0.346513315179715,-0.428949119913603
-0.111215198207145,-0.140754183461156
0.21889508538173,0.112929194203524
0.49905370899576,0.148101513223612
0.610816737363895,-0.0326930782899274
0.555697626925807,-0.339982048683139
0.365836056700404,-0.622185022611863
0.190158051971779,-0.746923026083465
0.150716279713561,-0.696855598274218
0.243676109383742,-0.424473503188315
0.353694042452017,0.0999146581030528
0.344155495236985,0.577556090335976
0.224048385726384,0.784848491240016
-0.0371517393808624,0.798066327266728
-0.414949093192949,0.529679828383613
-0.634075714243482,-0.0650190725781469
-0.563124001288733,-0.588585546673183
-0.363032088807111,-0.841032123999835
-0.0991578976359093,-0.917826171970892
0.210076607647216,-0.815553655228339
0.420785726885266,-0.524582999524085
0.352268066508492,-0.174658628637581
0.0626471412135961,0.0104534267118749
-0.257924620958092,-0.0172473064138033
-0.451434445186309,-0.163519041295346
-0.449198029907354,-0.268976676208489
-0.306162284936558,-0.257074659322428
-0.0669109705212748,-0.111957840803007
0.156550088541731,0.0497229588443815
0.301997300076235,0.0938436509788592
0.340213584351943,0.00380920394303118
0.260073478347362,-0.152616639350212
0.0973704809695118,-0.252378806384931
-0.127550445957341,-0.184708269880748
-0.330991292932328,0.0543849295357494
-0.42960420461978,0.324344245702427
-0.41645413953479,0.486377988907126
-0.295361552302929,0.481272698354075
-0.0946258223244174,0.324166369553524
0.0674164148211124,0.0964414747333782
0.104644396511411,-0.080219176402897
0.00235780966390132,-0.105595988761811
-0.194941449900039,-0.0388544455948391
-0.36125314673316,0.00806737989459051
-0.373677544205027,-0.0478677712362628
-0.191713932969373,-0.227645817972368
0.124379400511802,-0.404114462189536
0.379172511223513,-0.451773274097069
0.458361012078771,-0.327340226964289
0.318739147678913,-0.0295587431793974
-0.012122247454991,0.316082046923503
-0.300212708273987,0.490023430944714
-0.424360560218061,0.448319871225896
-0.347826348152987,0.22570592313656
-0.0551699257454562,-0.115992946407107
0.259167045226571,-0.397763909604935
0.389416964901552,-0.506838725015256
0.354863071848324,-0.487739031672002
0.150439546218379,-0.353120814311535
-0.110249481636002,-0.160940985140406
-0.201402120590745,0.0418588853254931
-0.120669025295564,0.257732607589523
0.115651266834352,0.447678897941539
0.354840472935135,0.576519739262194
0.464008470165592,0.644215712442637
0.45190319205006,0.680853555504331
0.301381737670293,0.703536518076057
0.0518661665053539,0.663312568022819
-0.194966860778453,0.517995261542383
-0.352589972032206,0.325521736792256
-0.394028123510282,0.142400408515813
-0.316593128052715,-0.0738008528765744
-0.165083383986462,-0.31173632235336
0.00362848559705181,-0.5259186056127
0.132325356394232,-0.646288362994509
0.193337572009764,-0.640691726664517
0.202353725740068,-0.488987131466624
0.119926382699703,-0.149078516352426
-0.0293159048292681,0.266802407940804
-0.130879619300589,0.532480958513834
-0.151193488270836,0.589839270398256
-0.0771074337560946,0.435107659129635
0.0881820814702185,0.0367648877795755
0.229873745759954,-0.38382881606293
0.263631362495265,-0.618974429068242
0.223528817105804,-0.659390418287895
0.126141406299785,-0.519426887214205
0.00806737989459051,-0.205951145087129
-0.0505616048997971,0.121270476279686
-0.0295559215399795,0.303626588844924
0.0475119834664186,0.270159817026616
0.0984943254383633,0.0631977704408888
0.044058567696323,-0.222379574657461
-0.11818415096076,-0.421895447033375
-0.2990577902995,-0.446041095883635
-0.42974539623152,-0.30316349170947
-0.400725992497013,-0.00594958673985493
-0.211333169135361,0.30917237762024
0.0737839101411441,0.51376812967079
0.345957036224125,0.550182872959357
0.484150086917387,0.456576420276522
0.492395388107111,0.342475384711466
0.334552014843303,0.243526430280633
0.097215177935952,0.158566228911706
-0.127680338112486,0.0959049698268287
-0.273520038077652,-0.00705931051578528
-0.250842699436378,-0.148030917417742
-0.0970796360525095,-0.306614082615417
0.128352384902478,-0.434658673416001
0.300348250157429,-0.506502682271875
0.364305599480149,-0.529727812377371
0.304869013113403,-0.530317963904898
0.203511442780857,-0.520482947842412
0.161169708843984,-0.491551076199744
0.221766824216744,-0.479767652012234
0.371929662737787,-0.505920992437871
0.469497787455781,-0.558922306093401
0.455288798181665,-0.602633557387595
0.302223186016742,-0.599869111794537
-0.0186704639426414,-0.44126054861737
-0.38496959681775,-0.0929993519704155
-0.573955794529074,0.233321498902829
-0.556321676823118,0.359493965809326
-0.372548037108955,0.213445303290699
-0.0562683528864314,-0.139076884900863
0.220928187835521,-0.459905580720847
0.354710580779989,-0.546579790985076
0.37131691229707,-0.375637200190953
0.311245002374266,-0.00568415673218075
0.20972364151679,0.33969966545966
0.137981276174575,0.46690561987902
0.0841017973881246,0.343088135152183
-0.0401618288398137,0.0417007574277846
-0.283021874957675,-0.253064977495666
-0.567029227636611,-0.360329790225323
-0.767889193592509,-0.243992365179159
-0.848805840562736,-0.050807268114075
-0.790527009933549,0.141214442833538
-0.525226810571514,0.290795591520576
-0.0165498471330313,0.349373754558135
0.480544218775726,0.247759211880523
0.689672033238845,0.0660892639765588
0.687910040349785,-0.093787173044271
0.515151771348855,-0.212553007389574
0.208006820656262,-0.253019805467134
-0.0882893811616361,-0.239166620086516
-0.302898057670883,-0.22570592313656
-0.373008322279183,-0.250272309058967
-0.351497175271144,-0.344053851723326
-0.247640619181972,-0.460416687647905
-0.066210681539258,-0.51379635251443
0.146895773492296,-0.444815595002202
0.341376964019953,-0.224587715497083
0.436728486204801,0.0784797630786418
0.396436765209843,0.31519537495283
0.265105348230394,0.388657398918644
0.0562203495442891,0.242010110280044
-0.116029643843193,-0.0883797445670849
-0.167791332296547,-0.367747702894727
-0.133302372421969,-0.438654243820944
-0.0360307197761596,-0.234069791226988
0.0689440471772195,0.180325847874519
0.152534756986671,0.534426528875786
0.251062961446433,0.64753924895651
0.409996267910386,0.511692692951539
0.622574724875144,0.140500048879163
0.749992453813191,-0.230034698521811
0.772071127637723,-0.350280161881079
0.756032400330673,-0.156696929881768
0.492299368523903,0.346038918587667
0.0547435389450114,0.760338576802735
-0.195091103205301,0.860620273761265
-0.35915511110072,0.763286548272993
-0.361504469349927,0.401671947918038
-0.0467269872567118,-0.172354481113674
0.299616907018162,-0.528725411269065
0.470237618086417,-0.543829482611684
0.48923561632032,-0.32084283303965
0.307495079059947,0.067430532692394
0.0353360837471708,0.348619812505678
-0.180537622393205,0.396304035291626
-0.291089248402804,0.229890669147
-0.298309523773187,-0.0313151024638137
-0.242137164672117,-0.227338023870474
-0.196457782799551,-0.29019695250168
-0.186814767206711,-0.220905588922332
-0.187068901788704,-0.133912297998537
-0.205914434752119,-0.0648891804230017
-0.257040786750491,0.0201529194331203
-0.356777555805718,0.158947430784696
-0.433156464837232,0.362453236736178
-0.420012023682693,0.569629856906894
-0.307836771531625,0.707738213271389
-0.15168480824993,0.725502248930336
0.0427822450580603,0.56435517769631
0.234027431163682,0.182483179856234
0.268146501520788,-0.225886637048534
0.134815880457333,-0.454009689376023
-0.0681534076886769,-0.455045988854113
-0.197062058647822,-0.252085149502703
-0.131215636246123,-0.00102218815704243
0.151809063575701,0.142490765471801
0.495978657335582,0.088055014179222
0.660243191888785,-0.0923668403795815
0.598824350622925,-0.248693867844954
0.352971161006273,-0.322359178838086
-0.0178346411390091,-0.257450224366044
-0.243357015825253,-0.0893398114099306
-0.235267043466935,0.101724660783716
-0.0454901965928763,0.265271950720549
0.154110399134382,0.388377853458236
0.189638496250122,0.500366767766878
0.0136527070937948,0.623373838956133
-0.251712422222159,0.711217052818822
-0.423521923836838,0.731296548357193
-0.47027430262358,0.698174280975788
-0.393353251856142,0.578600851507588
-0.112384227603452,0.368538355282192
0.174528736482436,0.189819210162096
0.236314642401619,0.189638496250122
0.0628109188396019,0.373392349016322
-0.200958797504331,0.568486289984695
-0.358703339219706,0.616898992348991
-0.39902047109308,0.4766982758782
-0.273714889209293,0.0360476625115899
-0.0419492455062112,-0.515555559236111
0.0568754535988508,-0.817493550064148
0.0559153867560051,-0.880047496558685
0.0899920906003436,-0.798670616013922
0.152458511452504,-0.490864905089009
0.221526801056571,-0.0325490682635006
0.351875552279985,0.266918162876283
0.501815316825747,0.303403514869643
0.584445972691275,0.17710398067215
0.580326159859485,0.0398540411873811
0.509747174185279,-0.00482292103467696
0.404374246499826,0.0809505259916258
0.361843298260687,0.237173065730806
0.400124541512891,0.323183703797489
0.448189953272905,0.272907287636936
0.50143412785168,0.09437733102126
0.48563537210911,-0.119711783316867
0.404216105703195,-0.251478048790283
0.294565250187166,-0.241668443606212
0.160590843874128,-0.0936205770035781
-0.00487657168656845,0.0807500380306107
-0.166130982921147,0.13039111128672
-0.27532722879309,0.000256958891891118
-0.318216767093106,-0.288282468544286
-0.259392956964924,-0.568073988808224
-0.143834859051785,-0.719939510970128
-0.034692275924473,-0.752934749757306
0.0241428417221308,-0.662852282852591
-0.0747835121831476,-0.485855634119166
-0.311479375806141,-0.280311088884519
-0.560687136745533,-0.128719462454725
-0.667426756924158,-0.106637944417659
-0.617441159882761,-0.164013199037512
-0.363006677928697,-0.238370317970753
0.0779969112425319,-0.270552305457277
0.443059277639285,-0.251334045213318
0.592894560908317,-0.212008027890579
0.563047794451335,-0.133065174125945
0.395527520123826,-0.002995971386124
0.14270255288941,0.224844687842147
-0.0898452557097681,0.500344168853689
-0.217068159314021,0.697296070698637
-0.299083226975761,0.783366043811365
-0.383120071836851,0.769603202487811
-0.449423915847861,0.651153630387386
-0.397594469351708,0.400285494274748
-0.0703672047060576,0.0732191694920312
0.386799386446377,-0.125576665650672
0.710316295224175,-0.104751696202829
0.808539530446192,0.0301799649878292
0.735026710521394,0.240826969461917
0.438826521837242,0.409626378392914
0.0166966804112414,0.37477596489654
-0.236119817067825,0.171095094761381
-0.217607489084719,-0.0669843847418318
0.00429770832907781,-0.207162521647819
0.19145979838738,-0.21010484338978
0.131190225367709,-0.11477592011812
-0.256103318820834,-0.0164623118164618
-0.704013726633331,0.0109532261205113
-0.902513086479119,-0.026401820442236
-0.934858838692725,-0.147062375982451
-0.814700881627449,-0.356537532645545
-0.475441714390055,-0.56334988722924
-0.0314704054973736,-0.608763847962141
0.236568776983613,-0.537566487916768
0.220050003356216,-0.460772491541403
-0.00562768242541466,-0.398034993371819
-0.223365052378721,-0.354140190402579
-0.283849211882304,-0.29575404073359
-0.20001003011808,-0.194159272105019
-0.0846750190791448,-0.0892889832036397
-0.0910199219354489,-0.0445357762535972
-0.274773761802726,-0.136710603264609
-0.529637468320307,-0.297292985445215
-0.672904774757753,-0.398890578937935
-0.670947904939206,-0.444745012095255
-0.543346650123959,-0.371435504995621
-0.216037483766382,-0.0830909087884495
0.186125784130751,0.297741945361003
0.47058212252332,0.448684136812917
0.612920396926787,0.324061888276793
0.646949097428983,-0.0256535345675384
0.5371316394228,-0.45641265554944
0.344096211786632,-0.701156099220137
0.157592050647041,-0.717169441446619
-0.0821138992101736,-0.486841111840426
-0.361775527318966,-0.0349661748813142
-0.510543450503196,0.327204685080846
-0.517148111871944,0.405037818697372
-0.394361328490591,0.197468671399226
-0.0956564785236713,-0.190138290821662
0.19067762059236,-0.489026653766859
0.351951810713075,-0.534355894373147
0.400598912307093,-0.333083678836471
0.324612517504086,0.0100609294132042
0.204019711944843,0.334436234109978
0.122095014138013,0.443203281216251
0.0829299560265924,0.325075588841694
-0.0179645332941543,0.0674672430274033
-0.263103332181162,-0.22323234825835
-0.564036058339975,-0.332987659253263
-0.795025173976334,-0.225866875898417
-0.870322637299073,-0.0433046320933281
-0.799376548274775,0.140008716001145
-0.481329195637048,0.33486827063872
0.0754470843806936,0.404749785745596
0.506155391667592,0.257989554136742
0.64127057873545,-0.000691812424500587
0.577999400523466,-0.21662763529391
0.464739839102705,-0.245263038089124
0.421726032577995,-0.043558769900052
0.402674349026344,0.309231686868438
0.293720964077646,0.596568225789545
0.0242727322649106,0.707362648227773
-0.359169248320386,0.634425894206529
-0.619601316728625,0.436632466621594
-0.639517047539914,0.245141607627502
-0.322424112016735,0.12341085907651
0.206834966395807,0.0743627751110001
0.525108192075117,0.050053335735811
0.525336915778696,-0.0413929730000828
0.26488792398341,-0.208817221294922
-0.0915451402843269,-0.377074475591072
-0.282496656608797,-0.487106520081168
-0.250114194060182,-0.543987623408316
-0.0732106948995853,-0.531371238365726
0.105643992103953,-0.452837796418799
0.149321351477825,-0.335274896289047
0.0632740095255944,-0.216429997994889
-0.0719908501959108,-0.0999118332389042
-0.0977770937209162,-0.0029169070341784
0.0372872780395741,0.0559859761124135
0.257574466792892,0.0945298156401328
0.425704653798045,0.0989094127822135
0.418004357905163,0.0747213909697236
0.231452186973967,0.0330121589494931
-0.064663281583572,0.00355506855485541
-0.302573340181943,-0.00663010449447069
-0.334153876684344,0.03866243222627
-0.167071288613875,0.127299136239497
0.137309229384583,0.225533670918108
0.438710741103917,0.281689080834286
0.621956298908284,0.229320278769589
0.683262197203891,0.10828135105763
0.648665892491664,-0.10163147896358
0.525599537852058,-0.380830022835842
0.338355571879676,-0.605084559150462
0.108453603276082,-0.741696330866638
-0.130862670115697,-0.770509635608602
-0.351418130670674,-0.69111212060419
-0.525421635905309,-0.541847227712569
-0.591694445107452,-0.357525822332031
-0.514081573500982,-0.194362584930183
-0.287104977454457,-0.0536846437784633
0.0273703570404314,0.0207995521199668
0.270371591545302,0.0058338140683568
0.398452892680895,-0.0508129146176416
0.412433158251432,-0.147884076077705
0.351008667257275,-0.216167375921527
0.276451060363019,-0.252045627202468
0.207795033238653,-0.269764490832883
0.178191114805992,-0.256312255576449
0.150744515456125,-0.216782938327469
0.0879081792886465,-0.156061580527862
0.00275877853183287,-0.0999457187097648
-0.0972434136785153,-0.0683595389285277
-0.161401244512788,-0.0937391697021287
-0.1636856437855,-0.175466217311015
-0.108154283766633,-0.270662436462304
0.0424744574056277,-0.297372030045685
0.19701688661929,-0.23138160406702
0.309098956950222,-0.0699069388842138
0.333857382039045,0.14309786618422
0.253144047893982,0.290628989030422
0.10940802039063,0.288564851767765
-0.0840255583034189,0.0947077111374203
-0.216054432951274,-0.208882167372495
-0.236800338450263,-0.431439643976704
-0.190787751597388,-0.434729256322948
-0.0898367811173222,-0.15771346820974
0.0047325616601416,0.364187006781598
0.046520856016861,0.770272398615808
0.0611844549350616,0.889857179136295
0.0399415797286813,0.874018849497798
0.0346527439500458,0.664913633947868
0.185001939661899,0.174568271681594
0.382656974701397,-0.289358316120457
0.466513131448359,-0.440486871212643
0.435313783920025,-0.301568101310565
0.205493697679972,0.0633784908023249
-0.112737180834955,0.400282656511676
-0.313817408800908,0.512104942532318
-0.320218783142339,0.412413371303469
-0.130523828306014,0.183677607232033
0.15937664244929,-0.027209407503305
0.333363224296879,-0.101078031321601
0.300235307187176,-0.00190319014407829
0.0893115692179057,0.114493549793563
-0.157947828742693,0.135880428576909
-0.232556283191624,-0.000200484408772564
-0.0303437393891042,-0.241614784086311
0.347560914114399,-0.420136266109541
0.624384701757962,-0.442390029915596
0.720634195370078,-0.321500755508899
0.61357550743081,-0.0983333726765061
0.242210585342136,0.105799295137513
-0.176110028358444,0.095933205569392
-0.344412467582049,-0.119259985638008
-0.22331139285882,-0.395236675206824
0.0695342051542085,-0.558733104690058
0.32425955137366,-0.529657229470424
0.397470226924861,-0.319309563854169
0.21517624847197,-0.0387160820719787
-0.119234574759593,0.156397610372319
-0.384546047780377,0.17483653058433
-0.442407004898334,0.0270908083552928
-0.24001936788956,-0.151967191473409
0.0924656719280147,-0.231271473061993
0.404580371290216,-0.144834461093788
0.581599644734676,0.0398032162058209
0.62660697981725,0.204539280565423
0.631432724909893,0.242264244862037
0.609184610832135,0.159373817585141
0.560774694635217,0.0229286402972921
0.438171411333219,-0.0422739758940741
0.206148808183995,0.0753680204318394
-0.0681816434312402,0.299139698460888
-0.250436099583896,0.489565983537557
-0.315858972948222,0.525472457662138
-0.288720154801325,0.330149818788033
-0.203700631285277,-0.0845140663172877
-0.193594531455906,-0.493194502188099
-0.326368860664849,-0.655730890626333
-0.533825026295972,-0.566684723199708
-0.687048805055373,-0.305058214516747
-0.645280286360059,-0.0212485249346776
-0.303640700266745,0.133166830538527
0.281073492630498,0.0134042182091855
0.650015635799946,-0.338841242130473
0.622698967301992,-0.642809523447075
0.410964822244601,-0.805074828118424
0.0781126790769338,-0.813627897612197
-0.286822594230977,-0.574311598422572
-0.510221544979482,-0.105271258373948
-0.457324712600681,0.291710460537044
-0.255530090680352,0.414576365912405
-0.072247803192591,0.24978663880817
-0.0497737870506724,-0.141714250304001
-0.165100333171354,-0.481286835573742
-0.267914940054138,-0.614227780171761
-0.231720458775627,-0.572716208023667
0.00188060030044445,-0.34041124744881
0.291524096896772,0.0119443535700689
0.392613421225506,0.309996902579643
0.200216154908469,0.477511527178855
-0.246773734159263,0.525949666219412
-0.614558147388999,0.519364766000781
-0.728306216823628,0.539938393483472
-0.676773264972776,0.607120473569478
-0.488300960355889,0.694379159835091
-0.273943587115025,0.732855254218935
-0.195751850538699,0.663179863902449
-0.311744784046883,0.474346131461613
-0.531410760665961,0.205680061320244
-0.616842546661711,0.000926181573530701
-0.455616379231523,-0.0998101768263223
-0.023707988391067,-0.0505305442930851
0.456254514752808,0.0959049698268287
0.64249040409074,0.200749847849793
0.497283254413178,0.273350623622272
-0.020167037304402,0.242165413313604
-0.613953858641805,0.142109563598811
-0.857350448362985,0.0922821267024299
-0.85928466767265,0.0741679368782823
-0.661107264946269,0.0721489780936194
-0.112692008806423,0.143580724469792
0.474800741105698,0.213318235999702
0.746875042089707,0.176310516319459
0.803338220309933,0.106957025077225
0.7289557033972,0.0810041726126038
0.538786313272057,0.0836415315662807
0.248806810815207,0.118037322519646
-0.0562937637648461,0.201472716396615
-0.27791939636985,0.282375251945021
-0.401869611014905,0.297199803625079
-0.422782093206202,0.18762799270952
-0.364833629794252,-0.0323401121595011
-0.257255399032249,-0.315486219869832
-0.20111692540204,-0.557177236591387
-0.25150629743177,-0.664919257878319
-0.369769505891923,-0.64222783361307
-0.48775600665474,-0.519562429097648
-0.507925846250175,-0.312261540702238
-0.366307615529381,-0.0325773040060639
-0.0720670892806165,0.212454175841141
0.176321802877131,0.340323715356971
0.214577622351996,0.360713816962462
0.0662360988671343,0.311219591495851
-0.178981754294535,0.227826531884343
-0.336251886518938,0.188974911153653
-0.259678152153629,0.225237176272808
0.0324587080827825,0.339840857071399
0.352841268851127,0.468337245550843
0.48224125268829,0.549146573481267
0.367654521074591,0.635786885375713
-0.00525495071086616,0.662990662499105
-0.43271031688667,0.556366823053804
-0.637424687433617,0.424001944359338
-0.607710625097006,0.301664095095927
-0.26650872526073,0.184795801972587
0.229331578226184,0.09404978221871
0.527384129654306,0.00637596910629492
0.506344593070936,-0.0887016500907993
0.239149670901624,-0.218736970382944
-0.0969610369044974,-0.366920365970098
-0.291461975683348,-0.467021400612345
-0.255609161078668,-0.534214728559254
-0.0865584424298269,-0.53891906898812
0.0965572490172417,-0.465188773220647
0.14903615628912,-0.350263212696187
0.040057350787814,-0.219804330467746
-0.0998638298967619,-0.0960405052608096
-0.112203500792554,-0.00855306062576254
0.0698109321999292,0.0528234084840509
0.314000960475955,0.0901473936339035
0.439187949661191,0.0862506547773942
0.357878788462457,0.0655442844775634
0.117483868428205,0.0267378438372319
-0.11380455381868,-0.00447277896221663
-0.170620711068255,0.00256111785351453
-0.102402357302006,0.0539274853533234
-0.0975681376169167,0.141725536861673
-0.322884397186964,0.21500683401659
-0.65041379975675,0.238748694979594
-0.843573469819766,0.236229948072853
-0.87145495636037,0.193139908912898
-0.699001617900416,0.0557826697367113
-0.0857254428779778,-0.0641380696841555
0.601814682156489,-0.0918670393585797
0.82340363022433,-0.104249070317678
0.793065517990408,-0.0461876574860137
0.501620491491952,0.0718327158487408
-0.0236599850489248,0.112612938408107
-0.372395571838467,0.0941909673809882
-0.385895791088658,0.0684470710203663
-0.159771955744099,0.0893341616816333
0.115634330548384,0.213685326450872
0.21926783846012,0.399322589668831
0.116408033750957,0.59311477132268
-0.0917173860533171,0.698761594740243
-0.238559519374097,0.696954404024805
-0.283397440001291,0.615043817639796
-0.202650207486444,0.475757995983318
-0.043050497511335,0.333442294695194
0.0183796206380045,0.297750407054526
-0.0419831309770718,0.379068029946782
-0.172309296186219,0.504692705389058
-0.241914090696836,0.608314913844199
-0.19138920258151,0.651131031474197
-0.0306628200486699,0.608148311354045
0.197053584055376,0.460368703654147
0.341464496111791,0.229616773414889
0.314393448906616,-0.0263058137579514
0.143623084533098,-0.21559133581582
-0.0329274484970723,-0.28585690345768
-0.0910848680130215,-0.221227494446046
0.0386200753876942,-0.0311965033158015
0.264904847370456,0.222543339384543
0.457251291930663,0.397072088765902
0.529549910430622,0.436581644864764
0.493643436306041,0.361659772383487
0.366971187726927,0.130656545325308
0.245534121856009,-0.14472433008876
0.234295677167495,-0.285729823267761
0.310445888293277,-0.231483247580679
0.388270534418434,-0.0252356223595395
0.362235812489195,0.213123410665908
0.136371761454926,0.327645183303111
-0.237486483763152,0.223763190537679
-0.583432220530682,-0.0500731001106591
-0.733106576835703,-0.295841572825429
-0.699233179367066,-0.431064078933089
-0.531515241942691,-0.467337630609916
-0.165323407146635,-0.25053493113233
0.243950005115852,0.171710670066246
0.464304939013045,0.477020181401914
0.512144516428245,0.571180101075114
0.429344446107336,0.573961470055217
0.280717714534846,0.514395017331173
0.163815535940646,0.457245668000212
0.138613800664332,0.500849600254604
0.193089087156069,0.583638345321072
0.248380424014763,0.627273389777868
0.226457027425944,0.567328534247136
0.0894866398510445,0.331403568310952
-0.141138210198294,-0.049412349552531
-0.33698041769298,-0.39157430978219
-0.385141849036201,-0.523442218769265
-0.263108981909459,-0.493547468318526
-0.0224344890045876,-0.29419817263492
0.210686533223784,-0.040983532159799
0.308249021112404,0.0793777087080635
0.201718376386162,0.0123283795010244
-0.0499347365877988,-0.191281896440631
-0.270611614705475,-0.41874981246625
-0.324711323254673,-0.562367247271051
-0.189980162923953,-0.60860292099813
0.0390577519705412,-0.56744147721739
0.226920124561398,-0.441127844497
0.215102840700874,-0.289084420388346
-0.0577366888932632,-0.159667487366292
-0.436607029945333,-0.064999304978568
-0.67828677300814,-0.011131120811616
-0.712823742674322,-0.0381315705985562
-0.568681115318489,-0.15174129263398
-0.286190082640143,-0.293094102215109
-0.0813571387430301,-0.449087924700172
-0.0679388018563802,-0.555852929959367
-0.201461429838943,-0.568957823015825
-0.31031315837506,-0.490235231261247
-0.228292440985023,-0.341436247470305
0.119714608181016,-0.170815549300973
0.566648038662545,-0.0296208676175521
0.805391058115995,0.0244308617749845
0.831222493017917,0.0548113098867326
0.62282320972884,0.167418605016004
0.0434204063771916,0.273833481907844
-0.542575758886611,0.290660049637134
-0.754877482356187,0.272958109393765
-0.757102546582854,0.184315768551164
-0.57925312424854,-0.0213868868451726
-0.261180360732399,-0.272020641464108
-0.0601989772138013,-0.428358942588229
-0.0558109054792746,-0.463299700141667
-0.179602979327698,-0.386997049543243
-0.28287787138071,-0.26763539459373
-0.270724557675728,-0.225539320646405
-0.132455248549377,-0.334936041580441
0.0540291385411745,-0.562889653654703
0.142236630889808,-0.750472448537845
0.135623469130767,-0.824640378966666
0.131862272157701,-0.797806542956438
0.198168966830705,-0.621287102780287
0.3176943865073,-0.25505571988615
0.48576245229903,0.0736286071075842
0.625615878165538,0.158842949507966
0.68165266958532,-0.021779384950026
0.642566662523831,-0.355492745676086
0.492115842646703,-0.641637682085543
0.35883039361178,-0.77307074257865
0.332055841051904,-0.741247345153004
0.3315278107378,-0.549262354214593
0.231488897308977,-0.212304522535879
0.00603429840154973,0.0987117496853471
-0.281310703825445,0.228475992660069
-0.51610051293726,0.196226234231824
-0.628467830052589,0.13009461664142
-0.628798197269826,0.134327385342387
-0.523806484356286,0.253197707413883
-0.361778365082038,0.47218881237882
-0.213973346503725,0.65984502793198
-0.145616625989885,0.71134129524567
-0.133946183469398,0.642222158086927
-0.0682014110308192,0.441065723283576
0.113429001673987,0.179368605895822
0.337093360663233,0.00803067117194664
0.49234172858721,-0.011495380755358
0.500315894414357,0.108755734750756
0.374688432804702,0.259477651293691
0.179235888876528,0.331719824106369
0.000158128552731951,0.268725353591721
-0.00906980196364654,0.0998497120254802
0.105550810283817,-0.0509399851333689
0.246417930265765,-0.114725085462367
0.344581882037429,-0.072846435762026
0.31851044977318,0.0272489394777321
0.182367399122909,0.0584200286903882
-0.0191589687317794,-0.0271049294513053
-0.157956303335138,-0.232830178923735
-0.209579625040902,-0.440133905082216
-0.239999606739442,-0.536979174152312
-0.250289258243859,-0.432975725127411
-0.253177920465919,-0.0844265277759875
-0.195472305078291,0.373335877531195
-0.0217906795695244,0.703954443182979
0.215198847385159,0.784535047409825
0.438402921204176,0.682344464626506
0.592431437975017,0.426825673402748
0.580103060086358,0.047571279815694
0.327834384706455,-0.333414046053708
-0.0392412939713952,-0.546094120734279
-0.304922672633305,-0.554974771277909
-0.347428184196183,-0.467046785692914
-0.131701319395843,-0.30831960401935
0.235874144179355,-0.135075664767623
0.523029969188487,-0.0203759934084014
0.59067790677948,0.040119472001238
0.418972886441531,0.114233765483273
0.0667584859024021,0.226202892843951
-0.265975045218329,0.361990139600724
-0.395473860603925,0.488648302555864
-0.368690846350527,0.557256332787549
-0.266172708315196,0.500496634124177
-0.143939340328515,0.282126741293479
-0.10066294397775,-0.114696849719804
-0.138297531969992,-0.542400694702933
-0.206950747129132,-0.76294483000347
-0.240810020277025,-0.829014352178295
-0.187399281904865,-0.802677485875459
-0.0759948887438377,-0.630111204445252
0.0439682075156049,-0.240846730612034
0.139266073405283,0.171010387533691
0.176556176309006,0.40235244350263
0.144537966448489,0.44024684805247
0.0378040185712754,0.306430556738217
-0.154449240944065,0.0816536333883297
-0.393412535306494,-0.138958292202312
-0.580244277495943,-0.258014965015157
-0.642117676810197,-0.288454720762738
-0.583638345321072,-0.307497916823019
-0.338547585248245,-0.333377335718699
0.0250210197519736,-0.300695566559558
0.282030747508118,-0.223734967694039
0.25128884738694,-0.121041765475031
-0.121157533309433,0.0350282993194689
-0.611034161610879,0.170087018126931
-0.838262054476326,0.248174299224373
-0.857491614176879,0.227611945400431
-0.689152464618264,0.0995560422443292
-0.0675491318404062,-0.0462271894604408
0.594377008336969,-0.129354798909707
0.810524623108379,-0.138752154513
0.787638321913643,-0.0694890266762149
0.51166730787097,0.0562965886289947
0.000937476394574785,0.109950175025477
-0.36094254066604,0.0924854395275936
-0.388722332097294,0.0747693943118659
-0.170259270345383,0.100140550493021
0.111401561847417,0.208712752917115
0.240804370548728,0.395931308011082
0.149883280161712,0.583799323880775
-0.05763785734483,0.699196443234211
-0.220789808189006,0.708401785468935
-0.275804437350364,0.627925662518819
-0.191019287266192,0.475001241965636
-0.0146748951500644,0.312868641414657
0.0559040937488721,0.269137628970346
-0.0172275404265897,0.362433475586061
-0.159469824269425,0.530865806964812
-0.23470795254612,0.656786951254541
-0.177917206174959,0.667604607275215
0.0176172152796599,0.562101839030309
0.276448248397793,0.353538739418457
0.363085748327013,0.179727221754545
0.213936636168716,0.176163674979422
-0.144470195506767,0.303507996146374
-0.45307219564852,0.42770950761035
-0.54617600309782,0.442155682281566
-0.488905249103083,0.274251381216919
-0.270156979263544,-0.0649908368355836
-0.0533966237256096,-0.418998297319946
0.0682014110308192,-0.598971191962962
0.129151498983467,-0.565563703595005
0.255202535428341,-0.355512506826203
0.445013258099068,-0.0406333908935214
0.577008247276062,0.157340728030273
0.599024851482863,0.161782446385778
0.431699428286995,-0.0168435153018168
0.0754386162377092,-0.314486630726752
-0.270696309034242,-0.485321928278919
-0.426995087858128,-0.463963272339213
-0.345914676160819,-0.252841903520385
-0.0382981698639799,0.140276974903882
0.283902871402205,0.4590048231262
0.418210482695552,0.550061468295581
0.292405119139148,0.44550744163908
-0.0404442023891009,0.124842497647256
-0.377850990758872,-0.19547512994244
-0.5033514237743,-0.305611655709265
-0.398636444355942,-0.227645817972368
-0.12041771557772,0.0025808838407281
0.170135027918535,0.254505090658857
0.283244948932956,0.403637253632262
0.202110877715746,0.449528397124591
0.0102868274464512,0.450609894429059
-0.148372584091574,0.459298505806274
-0.198363792164499,0.488024252658553
-0.1281236611989,0.522013430860514
-0.0335458422166247,0.488560744666179
-0.0323514083913649,0.391334286622017
-0.146446800677585,0.294994474750683
-0.289203013086897,0.224214988216539
-0.342116768852743,0.277018638775203
-0.229814436511756,0.410730448812725
-0.00440500963286078,0.514426077937885
0.166294760547152,0.491539776743149
0.162654981136785,0.281756851776007
-0.0761106630277012,-0.0367535947724425
-0.420904319583817,-0.263557941825247
-0.644980928153842,-0.257964143258327
-0.685992744427166,-0.0590836073373958
-0.547590705382597,0.221069353649414
-0.272331247531228,0.433001161803672
-0.00772570918984533,0.42404711638787
0.110226895621736,0.195537251155864
0.057668917951542,-0.0955011754901115
-0.0555285351547182,-0.262815299229385
-0.0832772724287214,-0.191157654013783
-0.00446995530734203,0.0752155422624281
0.083322450906715,0.329489084353558
0.070626989016348,0.379525477353939
-0.147468988733855,0.139390315832131
-0.47281002451306,-0.281273993490436
-0.639291161599407,-0.533576541442276
-0.61466825259618,-0.604491569859863
-0.329068347281411,-0.56032003339544
0.301858946227567,-0.146895773492296
0.777227239947604,0.227018956109832
0.887643311174837,0.327354338386109
0.833628296954406,0.397475876653158
0.535270789187461,0.434480771469252
-0.0719259041183383,0.308226422199215
-0.54842934176382,0.165410939238474
-0.639556569840148,0.185561030582715
-0.497119438090403,0.243461497101984
-0.179049525236256,0.294520078158634
0.0613680001606463,0.241524414231401
0.0457640987744483,0.119423763264014
-0.21015284028246,0.0171428299741689
-0.539116732084987,-0.00216862015175247
-0.715421585777225,0.0906302519194749
-0.718931485931371,0.184377889764588
-0.545995314983692,0.214715989099587
-0.112570591243723,0.154500062700894
0.403196755409997,-0.0151069236169795
0.697236787248285,-0.202780099641589
0.740863318415866,-0.342458435526574
0.645477949456926,-0.429491261649527
0.36824751036519,-0.504206983542569
-0.08488961846198,-0.565408400561445
-0.457796297227504,-0.536725013772473
-0.630373826518614,-0.47402706370097
-0.658961193724379,-0.425272617269303
-0.583559300720602,-0.361662584348713
-0.463553860521507,-0.276434111178127
-0.35410348006757,-0.207862804180374
-0.278924661039074,-0.250193264458498
-0.204813189196457,-0.380335865093676
-0.0328681489230662,-0.515936748210177
0.263165453394585,-0.551442272210574
0.587780757066051,-0.431990273203997
0.807562514418454,-0.212846677170725
0.861309282635072,0.0150419791517723
0.739688639291262,0.231311021160074
0.32527325193856,0.333902554067577
-0.249315079979194,0.186148370145017
-0.581870728501561,-0.0268677359923771
-0.568147409478242,-0.177953916509968
-0.246974209221355,-0.210150028317235
0.263106144146387,-0.0763422051459667
0.642425496709937,0.122366085005975
0.736486559036857,0.276916969463698
0.647217343432796,0.403337947021737
0.424349260761467,0.468004040570534
0.178069697243293,0.40114672956916
0.0811566572314766,0.257961331293102
0.161991408939239,0.0942700313298424
0.290290134321816,-0.023662808300708
0.310945669965894,-0.0523603177980584
0.186891012740879,-0.0465321490239941
-0.046919000625281,0.00444736566525386
-0.269083969450445,0.0493474034749584
-0.311933985450226,0.0194949921267754
-0.155556136228024,-0.11397963090128
0.160305648685423,-0.338104249262908
0.435895473754029,-0.529820994197507
0.536298626972028,-0.619327395198669
0.535081587784117,-0.617641660742699
0.452744614598663,-0.476658753577965
0.243286432918306,-0.167960759650851
0.0160218103694661,0.192075360793322
-0.0506802008230785,0.464166610962223
0.0325236541603551,0.552498332838781
0.21214639463817,0.481250151036578
0.409572718873013,0.299122749275996
0.493894758922808,0.0538794820111811
0.45066355394896,-0.194529174521414
0.282875033617638,-0.424162897121195
0.0592756207059649,-0.583692004840973
-0.109091764595213,-0.678168206107435
-0.187701413379538,-0.705530072431767
-0.124291868419963,-0.694884642831698
0.0171512997295187,-0.631949455767402
0.13972352081244,-0.518130803425825
0.148502476246719,-0.424352098524539
-0.01539212041805,-0.435327921139691
-0.276900046076652,-0.501112222327966
-0.502874215217025,-0.521589830227449
-0.601690439729641,-0.498426821335377
-0.602579897867694,-0.431188321359937
-0.504029133191512,-0.29621994983427
-0.334656496120033,-0.0903591746020515
-0.192919659801766,0.0893539292812122
-0.0904834170288994,0.165015613044741
-0.0143416950068517,0.17861185187814
0.0883853878459207,0.194766372817438
0.244198489969548,0.295864171738618
0.397252802677877,0.446252896200168
0.443615530797029,0.581599644734676
0.331090124480761,0.683646223941029
0.064925890758011,0.692684963685599
-0.295720168161653,0.56503004935045
-0.513689085070321,0.367761840114393
-0.492985539634638,0.219265000697048
-0.208794635280656,0.1893956482258
0.228538113873493,0.264653550551535
0.509625717925811,0.339829557614805
0.549798846222219,0.379666643167833
0.371274552233764,0.343842077204639
0.0073162691557443,0.169163661619095
-0.31414496405292,-0.0666822468176965
-0.378500451534598,-0.286469628100551
-0.22473455683712,-0.457979823104705
0.0443578839810405,-0.555796432676394
0.251545819732005,-0.584863846202505
0.279418792983394,-0.562977159948696
0.114211166570084,-0.468690211681269
-0.177284694584125,-0.276832275134931
-0.411673566470679,-0.00276724969800235
-0.46382210652532,0.273472028286048
-0.35585136153481,0.447421899798628
-0.178750205726808,0.470731750030737
0.0102840033884853,0.323226063860796
0.0976274404156535,0.0578806989196901
0.0540856132510319,-0.207569134399223
-0.0628250367108836,-0.375956293749441
-0.206642953027238,-0.424233505825988
-0.286232442703449,-0.372886891817561
-0.287731839316993,-0.253903639674735
-0.171205212867485,-0.140488749422568
0.0397439166318149,-0.0473284414655647
0.262267507765164,0.0114812620778937
0.459162963922831,0.0596737653143848
0.512573689396069,0.126189403192465
0.424114887329591,0.212369468613451
0.201577197673345,0.331708524649775
-0.127801755675185,0.438349313279968
-0.376162418539831,0.493962555662376
-0.490413133207996,0.495058138590818
-0.490760423812278,0.407178188595273
-0.388101119963054,0.215467093388972
-0.232505435636949,-0.0908250901521927
-0.0995052140380383,-0.410383132410596
-0.0129891308653353,-0.572199477166157
0.0888117746463655,-0.560992118882201
0.260437718136537,-0.373016783972706
0.463994332945925,-0.078505180406518
0.598779152796546,0.125794089897656
0.599612165247319,0.139952244516019
0.414152791077186,-0.0257213038968943
0.0505616048997971,-0.30260721275388
-0.287200971239818,-0.476732174247984
-0.437132274092057,-0.45014398532838
-0.349464098615199,-0.237322719036069
-0.0290109420409841,0.125387477146251
0.301737515765945,0.431837782135663
0.425422270574566,0.525568477245346
0.30257898991024,0.452134701921018
-0.0409468250495205,0.180080187884972
-0.384478276838655,-0.167260477118295
-0.502752810553249,-0.339674254581245
-0.39373727859328,-0.305382932005687
-0.108704912993926,-0.0357907030654482
0.156654569818461,0.343359218919068
0.263792315257122,0.538467245511415
0.206295636625109,0.482735436228302
0.0462187180927257,0.137899393811034
-0.0748682194108376,-0.353149062953022
-0.11979650344348,-0.632920847864688
-0.0848613827194167,-0.605937332751351
0.0116309194140697,-0.271707197633917
0.0670154453485438,0.256173901727781
0.0609274954889199,0.605846937098595
0.0191702633512778,0.650447698126534
-0.0694466730623699,0.446391275846682
-0.177208461948881,0.0280960569008629
-0.289307494363627,-0.367058719818766
-0.422259712620396,-0.533042887197722
-0.565710544935042,-0.487654363141081
-0.687003607228994,-0.325397494365408
-0.735311879912253,-0.142965149164926
-0.68038480864058,-0.00336305538783195
-0.504367962102272,0.0668770850504142
-0.226180293930762,0.0518661665053539
0.0301771401236806,-0.0360928409895835
0.16183328104153,-0.116529451313657
0.159935733370105,-0.171114855911498
0.0651094295341342,-0.173582793960333
-0.0498387299035142,-0.0901445687697548
-0.103783154767537,0.0527810516454751
-0.0470630106517078,0.178572316678982
0.111164376450316,0.238203715480599
0.327388236755893,0.164493232458935
0.521366782050014,-0.036423217881013
0.607798131390998,-0.256436498003297
0.575288614450309,-0.387750965797854
0.488097673328571,-0.356207165428308
0.319526988101153,-0.142646068505361
0.143137401383378,0.208455793470973
0.0438552613206208,0.463889851669195
0.0405825626872305,0.485801974599265
0.0833393936421453,0.242250107642371
0.0636241507918721,-0.23898306841147
-0.0796572606179328,-0.648688491404854
-0.304541483659238,-0.767843995766131
-0.512949254439684,-0.692402580462119
-0.661632457497301,-0.484087965703963
-0.699300924510942,-0.214953174496689
-0.574449978069086,0.0022872164781252
-0.289267946265546,0.0680065727981014
0.0236712796684232,-0.0282315955595746
0.224135917818223,-0.157476269913716
0.295706030941986,-0.206021740892998
0.290719333087486,-0.152413339423972
0.287692317016758,-0.06913323568164
0.296923070129897,-0.0878037044613776
0.291176780494643,-0.291205029136129
0.222294854530848,-0.570541913958136
0.0542663303877372,-0.745336097378082
-0.115877165673782,-0.746397833532433
-0.25105449975291,-0.51591698706006
-0.329825101299093,0.0435615915394698
-0.221803534551753,0.594472976324484
-0.00243122650455205,0.809688772894535
0.156815522580318,0.787226072332864
0.279599506895369,0.515493438022687
0.364153108411814,-0.0214207707036678
0.367024847246828,-0.458883418462424
0.349099833028178,-0.598155154494927
0.385003495187533,-0.479793088688495
0.378825194821384,-0.201585672265791
0.241275929377705,0.0453603044377311
-0.0351864272171775,0.117102666555215
-0.362828775981948,-0.0567992145141452
-0.571840835509588,-0.30668469132021
-0.587713011922176,-0.458471168881645
-0.426009610136868,-0.528330085075332
-0.102345879367417,-0.43215403793108
0.250492571069023,-0.173232652694056
0.435296860532979,0.0745378457441389
0.433371051321144,0.224743018530642
0.290253423986807,0.297326858017152
0.113358405868117,0.318843628955643
0.00951030260445954,0.356368118190165
-0.021474422161742,0.464954425586617
-0.0467015731535664,0.578386265023676
-0.157930892456724,0.62303495844968
-0.3641276975334,0.556677429120924
-0.580670612700696,0.325174420390127
-0.656857534161487,0.00978985128959808
-0.505977489720843,-0.275290518458081
-0.146774355929597,-0.42146906023293
0.224000401732627,-0.337725872254067
0.397814731361764,-0.0533401490157522
0.252624479273401,0.296027936465701
-0.106863843257089,0.55218210284121
-0.41215642475625,0.621030104637376
-0.538340165321495,0.566679099269257
-0.491872981723458,0.459405824846076
-0.219626428520997,0.32530996227357
0.157148714661704,0.248374774286465
0.359248292920856,0.250924607597765
0.348693233175697,0.28294280455936
0.213256114786278,0.297976318792878
0.0911836995614547,0.215543338923139
0.121976408540539,0.0203618755371197
0.251240863393182,-0.225338845584313
0.334978401643747,-0.406960764348289
0.262580925797509,-0.425557812458008
-0.014903615628912,-0.315805313428321
-0.330677874899982,-0.0792167559462063
-0.469271901515274,0.165972855023438
-0.357763033526978,0.304815379391348
0.0187071726652853,0.331251077242618
0.460309368608103,0.218062098728804
0.664580428967559,0.0456172638838728
0.625966006532893,-0.0642143087688611
0.347360439052308,-0.104782756809541
-0.079809738787344,-0.0768984776520951
-0.326326500601542,-0.0129467756391249
-0.280263104890761,0.00454901965928763
0.0166515019332477,-0.0497257837085301
0.379169673460441,-0.147759833650857
0.555488664372346,-0.217802314418513
0.535592694711175,-0.219812817959115
0.376588805340275,-0.149660206186431
0.163058769024041,-0.0154090631534803
0.019997614787195,0.120414890713571
-0.035282433901462,0.200128622816631
-0.0516854461439178,0.170360926757965
-0.116529451313657,0.0809900547413221
-0.211694596959311,-0.0223638948110831
-0.285727011302535,-0.0993979143466207
-0.26237480100712,-0.126929220924178
-0.121708162536726,-0.128106712014008
0.0581320086375345,-0.153161618849208
0.160751796635985,-0.205476761394003
0.0712510324641977,-0.30465158886642
-0.196802274337532,-0.419404922970273
-0.482820104759223,-0.43304914579743
-0.605561767707736,-0.389795341910393
