I,Q
-5.188779354095459,12.471317291259766
-17.15675163269043,11.20345401763916
-17.73984718322754,-2.2373921871185303
-7.00445556640625,-18.017719268798828
1.4160895347595215,-32.021202087402344
6.149540424346924,-35.845458984375
7.31635856628418,-30.780689239501953
11.734356880187988,-17.907697677612305
17.815629959106445,-5.158716201782227
24.415904998779297,1.0311169624328613
24.468515396118164,-2.918818712234497
17.37261962890625,-12.083212852478027
6.563741207122803,-19.612308502197266
0.11837281286716461,-18.18703269958496
2.9952287673950195,-8.722009658813477
14.873429298400879,1.8862404823303223
28.63640785217285,6.616351127624512
35.532928466796875,-0.05177505686879158
31.95502281188965,-14.507871627807617
19.520030975341797,-28.270225524902344
4.68376350402832,-32.86296463012695
-5.465817451477051,-23.604623794555664
-5.746405124664307,-2.869131565093994
2.5169358253479004,18.173879623413086
11.567758560180664,27.19234275817871
15.327295303344727,20.99854278564453
8.658334732055664,3.8008737564086914
-6.773764133453369,-13.983649253845215
-22.66766357421875,-19.26032066345215
-33.37131881713867,-10.071500778198242
-34.13291549682617,7.124707221984863
-25.99420928955078,23.35618782043457
-15.273432731628418,28.93307113647461
-8.29841423034668,22.06389808654785
-7.148715496063232,7.017399311065674
-11.509928703308105,-6.689629554748535
-17.020631790161133,-10.429333686828613
-19.492265701293945,-2.6223647594451904
-18.274507522583008,10.101773262023926
-15.306209564208984,19.877864837646484
-15.206626892089844,19.62337303161621
-18.918981552124023,8.389646530151367
-24.712778091430664,-7.335773944854736
-28.1409969329834,-19.218984603881836
-26.642650604248047,-22.522775650024414
-18.807498931884766,-18.415218353271484
-5.573543071746826,-9.496338844299316
8.440378189086914,-1.9597276449203491
17.102678298950195,-0.4868525564670563
18.6907958984375,-5.039717197418213
14.160686492919922,-13.620806694030762
6.893180847167969,-22.693967819213867
1.31817626953125,-28.892986297607422
-1.7739219665527344,-30.013248443603516
-2.8764383792877197,-25.645355224609375
-3.9837565422058105,-16.58910369873047
-6.189624309539795,-3.124040126800537
-8.524721145629883,10.13956069946289
-9.18213939666748,20.15030860900879
-6.642865180969238,23.545541763305664
-1.0066908597946167,20.32275390625
5.779390811920166,10.528290748596191
10.510753631591797,-2.3603579998016357
9.388821601867676,-12.453362464904785
3.4962778091430664,-18.202899932861328
-5.207568645477295,-19.891643524169922
-13.569658279418945,-20.859710693359375
-17.89266586303711,-21.90648651123047
-18.385364532470703,-22.841360092163086
-15.980538368225098,-21.81608772277832
-14.131250381469727,-16.497453689575195
-14.32645034790039,-6.0391011238098145
-16.983888626098633,5.943275451660156
-18.903532028198242,15.020402908325195
-18.169496536254883,18.193086624145508
-12.700129508972168,15.5252103805542
-2.6384401321411133,9.839557647705078
8.691320419311523,4.794412136077881
17.066144943237305,5.505692958831787
18.99476432800293,9.977972030639648
16.41269302368164,15.132304191589355
12.175907135009766,17.079505920410156
10.67171573638916,14.235844612121582
14.803072929382324,8.571277618408203
22.435510635375977,5.263310432434082
29.898426055908203,7.155605316162109
31.908676147460938,13.899515151977539
25.065807342529297,21.479759216308594
10.073380470275879,22.726118087768555
-9.485065460205078,15.07614517211914
-25.490863800048828,0.5507363080978394
-32.165672302246094,-14.939818382263184
-28.274608612060547,-24.85849952697754
-15.159027099609375,-26.527618408203125
3.637197732925415,-20.55887222290039
21.51316261291504,-9.832250595092773
32.7976188659668,0.14613927900791168
36.009761810302734,5.781478404998779
32.59302520751953,9.374625205993652
24.377283096313477,12.702634811401367
12.869650840759277,16.759878158569336
2.144698143005371,20.739459991455078
-3.8290576934814453,22.148868560791016
-3.1204910278320312,18.19788932800293
4.164551734924316,10.348748207092285
14.952552795410156,2.2305028438568115
24.745346069335938,-2.008579969406128
27.98462677001953,-1.4388455152511597
22.67914581298828,1.1885298490524292
9.355835914611816,3.404210090637207
-6.295053482055664,1.316506028175354
-15.332097053527832,-3.71882700920105
-13.94147777557373,-8.590901374816895
-1.8645284175872803,-9.993420600891113
15.548174858093262,-5.272078514099121
28.915117263793945,2.014842987060547
32.530391693115234,5.646403789520264
26.617389678955078,2.153884172439575
12.372776985168457,-8.573156356811523
-3.0175671577453613,-21.597505569458008
-13.031030654907227,-27.55852699279785
-16.914785385131836,-22.15325164794922
-15.404749870300293,-5.431579113006592
-13.163182258605957,14.669251441955566
-11.824545860290527,28.315736770629883
-12.778209686279297,29.76105499267578
-13.6936674118042,18.395803451538086
-10.161480903625488,1.3052325248718262
-3.7691407203674316,-13.0610933303833
3.14324688911438,-17.624187469482422
5.840978145599365,-11.006166458129883
1.8879106044769287,2.366203546524048
-6.174384117126465,15.69222640991211
-14.142732620239258,22.2595157623291
-17.059045791625977,21.927989959716797
-12.14876651763916,17.196626663208008
-0.6478145122528076,11.450638771057129
11.696778297424316,7.97314977645874
19.518779754638672,7.926594257354736
19.0626163482666,11.656485557556152
11.766508102416992,17.22710609436035
1.3259007930755615,24.198993682861328
-8.626601219177246,30.346237182617188
-14.38991641998291,32.615570068359375
-17.77554702758789,29.73224449157715
-19.100194931030273,18.972427368164062
-19.193723678588867,0.7766258716583252
-15.788260459899902,-20.031936645507812
-8.095489501953125,-34.75254440307617
1.4352964162826538,-37.85320281982422
11.262953758239746,-29.50176239013672
17.566984176635742,-10.83643627166748
16.6646785736084,12.296784400939941
8.941218376159668,29.34748077392578
-1.2851905822753906,35.15505599975586
-9.145187377929688,32.30659103393555
-10.980278968811035,25.360383987426758
-6.32720422744751,18.521482467651367
1.8720440864562988,16.010183334350586
7.021365642547607,17.94611167907715
6.591298580169678,20.822341918945312
1.5553394556045532,22.199182510375977
-3.982921600341797,19.80750846862793
-3.407132863998413,13.999098777770996
3.786677360534668,6.415931701660156
14.72791576385498,-0.15970934927463531
23.5643310546875,-4.148058891296387
25.62844467163086,-6.45622444152832
20.14175033569336,-9.372119903564453
9.337882041931152,-13.432496070861816
-2.0975160598754883,-18.10394287109375
-8.704890251159668,-23.634687423706055
-9.979016304016113,-27.232635498046875
-8.546433448791504,-27.837862014770508
-8.326180458068848,-25.19462013244629
-10.764618873596191,-19.282451629638672
-14.203693389892578,-10.934349060058594
-16.120622634887695,-2.0223586559295654
-11.905757904052734,4.84702205657959
-1.0144153833389282,9.671079635620117
11.714315414428711,11.063369750976562
21.50251579284668,9.215960502624512
23.639070510864258,5.349532604217529
18.10373306274414,0.5204645991325378
7.057274341583252,-4.948275566101074
-6.277934551239014,-10.647706985473633
-16.64338493347168,-15.345041275024414
-22.730085372924805,-18.12043571472168
-24.631147384643555,-17.006227493286133
-23.401491165161133,-11.252514839172363
-20.436532974243164,-1.2369645833969116
-16.440250396728516,8.682760238647461
-11.975486755371094,13.533540725708008
-7.775444507598877,10.665244102478027
-5.323018550872803,-1.7739219665527344
-3.9676811695098877,-18.530250549316406
-3.18646240234375,-31.22453498840332
-1.37725830078125,-35.89598083496094
3.976032018661499,-30.866493225097656
12.934577941894531,-18.226490020751953
21.464101791381836,-5.345983505249023
25.410280227661133,0.33737295866012573
23.71944808959961,-3.180408239364624
15.175311088562012,-12.452527046203613
5.137630462646484,-19.170549392700195
0.3484377861022949,-18.34966468811035
4.395243167877197,-9.348946571350098
16.007469177246094,1.213791012763977
28.726806640625,5.539304733276367
35.35025405883789,-0.6762073040008545
31.68069839477539,-15.304330825805664
18.504364013671875,-29.319921493530273
2.9672534465789795,-33.93312072753906
-6.387538909912109,-23.836986541748047
-4.96393346786499,-2.1436543464660645
4.521340370178223,19.384122848510742
13.11432933807373,27.333681106567383
13.739806175231934,18.941320419311523
4.924893379211426,0.29165223240852356
-7.892773151397705,-14.723740577697754
-16.905391693115234,-15.350678443908691
-18.30310821533203,-3.6146504878997803
-13.168192863464355,10.437684059143066
-6.2317962646484375,14.942949295043945
-2.9547274112701416,3.944925308227539
-3.2184042930603027,-16.343589782714844
-4.082505226135254,-32.94668197631836
-2.9119293689727783,-38.45884704589844
3.329887628555298,-31.927255630493164
13.38510513305664,-17.366147994995117
22.510875701904297,-4.140751838684082
25.956005096435547,0.7737030386924744
22.93113136291504,-4.160793781280518
14.338768005371094,-14.046280860900879
4.679379463195801,-19.98371124267578
0.38497260212898254,-17.406230926513672
5.0159173011779785,-8.490274429321289
16.49306869506836,1.4831048250198364
27.850805282592773,5.033662796020508
34.52248001098633,-1.8989754915237427
31.170881271362305,-15.581787109375
18.846956253051758,-28.903425216674805
4.048892974853516,-32.985931396484375
-6.408206939697266,-23.426334381103516
-6.459773540496826,-3.099822759628296
2.6591084003448486,17.827322006225586
12.400543212890625,26.68231773376465
15.906842231750488,20.665136337280273
8.672322273254395,3.658701181411743
-7.250178337097168,-13.252326965332031
-23.695022583007812,-18.420854568481445
-33.53082275390625,-8.967523574829102
-33.8690299987793,8.534951210021973
-25.444726943969727,24.222583770751953
-14.527078628540039,29.561887741088867
-7.175438404083252,22.11149787902832
-7.141617298126221,6.849756717681885
-12.032063484191895,-6.344740867614746
-17.20288848876953,-9.423686981201172
-19.731515884399414,-1.5977197885513306
-17.77157974243164,11.170259475708008
-15.221031188964844,20.713153839111328
-14.486577033996582,20.123794555664062
-18.70895767211914,9.371285438537598
-25.322805404663086,-6.094216346740723
-29.110525131225586,-18.343400955200195
-27.827213287353516,-21.670366287231445
-19.3133487701416,-17.73775863647461
-5.6251091957092285,-9.183809280395508
8.605306625366211,-2.3302950859069824
17.389738082885742,-1.1277776956558228
18.601024627685547,-5.624065399169922
13.865067481994629,-14.547121047973633
6.0196852684021,-23.179149627685547
0.4643053412437439,-29.136831283569336
-2.741572856903076,-29.96836280822754
-3.885634422302246,-25.783977508544922
-4.706310749053955,-16.345678329467773
-6.437852382659912,-3.071012496948242
-8.215950012207031,10.56127643585205
-8.634325981140137,20.515239715576172
-5.816969394683838,23.85995101928711
-0.64447420835495,20.189767837524414
5.949538707733154,9.92410945892334
10.049580574035645,-2.458897590637207
8.853743553161621,-12.831236839294434
2.7058730125427246,-18.387035369873047
-5.646612644195557,-20.274736404418945
-14.076761245727539,-20.43319320678711
-18.897687911987305,-21.3048095703125
-18.933385848999023,-22.41672134399414
-17.173452377319336,-21.465145111083984
-15.03167724609375,-16.16488265991211
-14.988043785095215,-5.489200115203857
-16.61520004272461,6.425952434539795
-18.593090057373047,15.925004959106445
-17.33670997619629,18.930255889892578
-12.090102195739746,15.461952209472656
-2.164113759994507,9.427026748657227
9.241012573242188,4.803806781768799
16.90476417541504,4.948902130126953
19.679323196411133,9.4621000289917
16.822509765625,14.94211483001709
12.470064163208008,16.961549758911133
11.484667778015137,13.833126068115234
14.7913818359375,7.9078049659729
22.38477897644043,4.539085865020752
29.945608139038086,6.220731258392334
31.901159286499023,13.138755798339844
25.59337043762207,20.7924861907959
10.670254707336426,22.448453903198242
-9.258757591247559,15.352974891662598
-26.32072639465332,1.3611829280853271
-33.15461730957031,-13.825610160827637
-29.301342010498047,-23.923208236694336
-16.158201217651367,-26.552461624145508
2.269334077835083,-20.81357192993164
20.52922821044922,-10.528499603271484
32.490936279296875,-1.3223516941070557
36.385963439941406,4.428854942321777
33.19428253173828,8.219290733337402
24.875410079956055,11.967554092407227
13.781142234802246,16.42438507080078
3.0449161529541016,20.88559913635254
-2.6008615493774414,21.92569351196289
-2.602740526199341,18.15696907043457
4.724682807922363,10.031834602355957
15.284080505371094,1.6908314228057861
24.509225845336914,-2.726123809814453
27.86855125427246,-2.4363503456115723
22.19208335876465,0.7411348819732666
9.330157279968262,2.8966891765594482
-5.832209587097168,1.4542945623397827
-15.63251781463623,-3.702751636505127
-14.44524097442627,-8.74059009552002
-1.8864492177963257,-9.546443939208984
15.428966522216797,-5.992753982543945
28.667306900024414,0.7912397980690002
32.52600860595703,4.891907691955566
26.610292434692383,1.2336242198944092
12.347724914550781,-9.432872772216797
-3.780414342880249,-21.327774047851562
-14.585951805114746,-26.849960327148438
-17.477630615234375,-21.717548370361328
-15.54692268371582,-5.268738269805908
-12.4702730178833,15.215394973754883
-11.154393196105957,28.766889572143555
-12.090937614440918,29.5266056060791
-12.847311973571777,18.594552993774414
-10.274843215942383,1.4684909582138062
-4.292945384979248,-13.318089485168457
2.360149383544922,-18.04840850830078
5.564983367919922,-11.161073684692383
2.157641887664795,2.29459547996521
-5.561017036437988,15.781371116638184
-13.133954048156738,22.764114379882812
-16.0515193939209,22.003982543945312
-11.32600212097168,17.01040267944336
-0.09958347678184509,10.915977478027344
12.018284797668457,7.386296272277832
20.021080017089844,7.124916076660156
19.08098793029785,10.777563095092773
12.208683967590332,16.92313575744629
1.9561785459518433,23.630512237548828
-7.905090808868408,30.256675720214844
-13.286148071289062,33.037498474121094
-16.501420974731445,30.157718658447266
-18.34193992614746,19.77828025817871
-18.790170669555664,1.2964640855789185
-15.991602897644043,-19.576398849487305
-9.46356201171875,-34.0341682434082
-0.058873251080513,-37.72522735595703
10.480273246765137,-29.715333938598633
17.27261734008789,-10.91388988494873
16.759252548217773,11.556902885437012
9.606569290161133,28.84789276123047
-0.09165020287036896,35.45317840576172
-8.05394458770752,33.27194595336914
-10.071084022521973,25.68648338317871
-5.133664131164551,18.55426025390625
2.6624488830566406,15.963836669921875
7.915529251098633,17.525230407714844
7.055395126342773,20.674739837646484
2.1622350215911865,22.039472579956055
-2.602740526199341,19.67577362060547
-2.7910513877868652,13.71788501739502
4.103590965270996,5.9614386558532715
14.986791610717773,-0.2714014947414398
23.031757354736328,-4.738670349121094
25.076038360595703,-7.705715179443359
19.841955184936523,-9.961479187011719
8.39382266998291,-13.546692848205566
-2.6311333179473877,-18.2181396484375
-9.151241302490234,-23.22445297241211
-10.719733238220215,-26.991714477539062
-9.460638999938965,-27.799448013305664
-9.179216384887695,-24.802967071533203
-11.701788902282715,-18.833803176879883
-15.389718055725098,-10.654805183410645
-16.117490768432617,-2.2812340259552
-11.55982494354248,5.037838459014893
-0.7912397980690002,9.891958236694336
11.94876480102539,10.381525039672852
21.41044807434082,8.501547813415527
24.26851463317871,4.708189964294434
18.111040115356445,-0.3131555914878845
7.189634799957275,-5.45621395111084
-6.108412742614746,-10.527873039245605
-17.6323299407959,-14.671965599060059
-23.182281494140625,-17.1964168548584
-25.468109130859375,-15.911017417907715
-24.313190460205078,-10.418478012084961
-20.712528228759766,-1.1929140090942383
-16.016864776611328,8.755829811096191
-11.424542427062988,13.841476440429688
-7.887971878051758,11.046876907348633
-4.9480671882629395,-1.2390522956848145
-4.72259521484375,-18.28473663330078
-4.818003177642822,-31.50908851623535
-2.0344674587249756,-35.85401916503906
3.3056702613830566,-30.981525421142578
12.18363094329834,-18.987459182739258
21.56827735900879,-6.529502868652344
25.714248657226562,-0.7776697278022766
23.060150146484375,-3.998579263687134
14.623530387878418,-12.762551307678223
4.6678972244262695,-19.64863395690918
-0.4108601212501526,-18.770545959472656
3.9094343185424805,-10.039977073669434
15.90371036529541,0.8225553631782532
28.536407470703125,5.156210899353027
34.676971435546875,-1.6094108819961548
30.85751724243164,-15.942333221435547
17.665315628051758,-30.307823181152344
2.3764333724975586,-34.532291412353516
-7.206544876098633,-23.57518768310547
-5.945989608764648,-1.4701610803604126
4.051189422607422,19.688926696777344
13.366315841674805,26.508203506469727
15.697863578796387,18.081186294555664
6.953097820281982,-0.041545309126377106
-8.048516273498535,-14.211000442504883
-20.004796981811523,-12.257535934448242
-23.434267044067383,3.3244597911834717
-16.352149963378906,22.299808502197266
-1.6672403812408447,30.41680145263672
13.35253620147705,24.891693115234375
21.398338317871094,9.683606147766113
20.144046783447266,-6.063318252563477
11.067336082458496,-11.901582717895508
-1.4388455152511597,-8.745809555053711
-8.698836326599121,0.2778733968734741
-7.669597625732422,7.223038196563721
2.300023317337036,6.624284267425537
16.37407112121582,0.1413375586271286
24.998374938964844,-8.942888259887695
24.75745391845703,-17.16217803955078
14.140227317810059,-20.43528175354004
-1.5768427848815918,-19.444456100463867
-14.147116661071777,-15.09702205657959
-17.2331600189209,-9.61220645904541
-10.01555061340332,-5.755382061004639
2.9140172004699707,-3.0983612537384033
14.643572807312012,-2.903369903564453
18.95029640197754,-3.988767147064209
16.30225372314453,-4.71048641204834
9.208026885986328,-4.944518089294434
2.015260696411133,-3.916323661804199
-2.4572274684906006,-1.8398934602737427
-4.588355541229248,0.5515713691711426
-6.492550373077393,1.0277765989303589
-9.527654647827148,-2.4816536903381348
-14.062982559204102,-10.737061500549316
-16.801006317138672,-21.015871047973633
-14.954014778137207,-30.306779861450195
-9.188819885253906,-35.23292541503906
-0.8991740942001343,-32.014312744140625
5.433040618896484,-21.327356338500977
4.269772052764893,-5.288571357727051
-4.581257343292236,8.097159385681152
-17.411659240722656,11.939787864685059
-27.232635498046875,5.63220739364624
-30.014293670654297,-8.359792709350586
-24.281875610351562,-21.57120132446289
-12.649188995361328,-26.717182159423828
0.5112786889076233,-21.115245819091797
9.783397674560547,-5.943066596984863
11.355021476745605,12.473821640014648
5.042640209197998,26.742443084716797
-5.628032207489014,31.60637664794922
-16.914995193481445,27.582117080688477
-25.746816635131836,18.492881774902344
-30.798643112182617,7.7207465171813965
-32.46358871459961,-0.18664072453975677
-30.351247787475586,-2.0783092975616455
-26.61801528930664,2.5376040935516357
-20.006465911865234,9.99530029296875
-11.103870391845703,16.938377380371094
-1.826323390007019,18.458433151245117
6.871677398681641,11.664210319519043
13.401180267333984,-3.502958297729492
16.118743896484375,-21.92360496520996
14.439186096191406,-35.270713806152344
11.600326538085938,-38.48118591308594
7.709264278411865,-27.501323699951172
5.344313144683838,-2.5914669036865234
5.928452968597412,23.84721565246582
8.80593490600586,38.693504333496094
13.642727851867676,36.29953384399414
17.92085075378418,18.3045711517334
17.40748405456543,-6.956646919250488
10.7619047164917,-25.61174201965332
1.1588844060897827,-27.61760902404785
-9.673584938049316,-13.91934871673584
-17.960098266601562,6.923035144805908
-20.263879776000977,21.12568473815918
-18.218557357788086,20.907102584838867
-14.64085865020752,7.126168727874756
-10.178600311279297,-10.800736427307129
-8.611778259277344,-19.876401901245117
-8.927230834960938,-14.043566703796387
-8.944141387939453,5.103809833526611
-5.616758823394775,24.644718170166016
0.4891490340232849,32.27861785888672
6.453510284423828,26.274171829223633
9.154582023620605,9.152076721191406
4.7361650466918945,-9.240177154541016
-6.111961841583252,-17.8463191986084
-19.230884552001953,-14.975726127624512
-27.80153465270996,-5.415712833404541
-28.373775482177734,2.7190256118774414
-19.5129337310791,3.0476300716400146
-2.5841598510742188,-3.398155689239502
16.221668243408203,-11.047711372375488
30.355632781982422,-10.575263977050781
36.91979217529297,-0.07891520857810974
36.22166442871094,16.5588321685791
30.33454704284668,31.854394912719727
23.70107650756836,37.39328384399414
17.938386917114258,32.84083557128906
12.212023735046387,21.422138214111328
7.713648319244385,9.339969635009766
4.2017130851745605,3.460577964782715
3.19857120513916,3.3939802646636963
5.156210899353027,5.512582302093506
7.930352210998535,6.167285919189453
10.941447257995605,4.082922458648682
11.101573944091797,2.1862435340881348
6.624284267425537,2.5810282230377197
-1.3279885053634644,7.207797527313232
-11.46399974822998,12.34250545501709
-19.94696617126465,12.843554496765137
-24.812152862548828,6.570003986358643
-25.63408088684082,-6.867502212524414
-22.760982513427734,-20.95616340637207
-18.583070755004883,-28.2288875579834
-14.56904125213623,-25.283973693847656
-10.029120445251465,-14.697853088378906
-3.8781187534332275,-3.469555139541626
2.3244495391845703,1.9751766920089722
8.42284107208252,-0.3066836893558502
13.332077026367188,-3.95766019821167
16.42333984375,-1.576216459274292
16.568435668945312,9.670453071594238
16.760921478271484,25.72614860534668
18.275968551635742,37.77658462524414
20.32087516784668,38.77241897583008
22.890628814697266,27.311552047729492
23.503997802734375,5.237840175628662
20.36847496032715,-15.640451431274414
16.393068313598633,-23.37247085571289
13.725192070007324,-16.3916072845459
14.689919471740723,-0.6288164258003235
19.099985122680664,11.661079406738281
23.62362289428711,10.587790489196777
26.001934051513672,-3.407132863998413
22.372879028320312,-20.216907501220703
12.909943580627441,-29.0416316986084
1.9206875562667847,-22.58916473388672
-6.460817337036133,-2.157850742340088
-7.3975701332092285,21.335498809814453
-0.6054341197013855,35.32833480834961
8.673365592956543,34.152122497558594
16.472400665283203,20.978918075561523
17.46552276611328,2.2029452323913574
10.826623916625977,-10.934975624084473
-0.6768336296081543,-12.492194175720215
-13.071949005126953,-6.22114896774292
-21.12860679626465,0.7162911891937256
-23.271635055541992,0.008977126330137253
-19.931100845336914,-9.197587966918945
-13.11495590209961,-21.144681930541992
-5.352246284484863,-28.140161514282227
1.939894437789917,-26.21028709411621
7.715944766998291,-17.22731590270996
10.89217758178711,-6.382737159729004
11.28341293334961,-1.31817626953125
8.676915168762207,-6.3246989250183105
3.991689920425415,-18.78870964050293
-1.2927062511444092,-31.7514705657959
-4.023423194885254,-38.63483810424805
-2.558689832687378,-36.32479476928711
1.0718271732330322,-25.576459884643555
5.569576263427734,-9.46794605255127
8.961051940917969,4.772490978240967
9.84018325805664,11.779242515563965
9.437674522399902,10.932470321655273
9.56961727142334,3.9591217041015625
12.306596755981445,-5.487738609313965
17.258005142211914,-13.363810539245605
20.72296714782715,-17.956132888793945
20.254486083984375,-19.94216537475586
15.100362777709961,-19.31627082824707
6.213633060455322,-16.238161087036133
-3.4054625034332275,-11.183412551879883
-9.825570106506348,-4.687104225158691
-11.735818862915039,3.0793633460998535
-11.18758773803711,12.42956256866455
-11.60053539276123,21.37746238708496
-14.436264038085938,27.201946258544922
-19.90229034423828,28.00884437561035
-24.70046043395996,22.438642501831055
-24.186676025390625,10.53079605102539
-15.678447723388672,-6.002357482910156
-1.8540898561477661,-19.811893463134766
11.682581901550293,-25.021757125854492
19.543413162231445,-20.833824157714844
18.256553649902344,-8.307391166687012
8.893827438354492,7.339323043823242
-5.748075008392334,19.546337127685547
-19.67097282409668,23.782913208007812
-29.552701950073242,20.690814971923828
-35.126243591308594,15.40057373046875
-36.5197868347168,12.555242538452148
-33.69658660888672,14.859441757202148
-26.59964370727539,20.56868553161621
-15.230634689331055,25.909658432006836
-0.33361509442329407,26.399433135986328
13.058796882629395,18.750503540039062
21.019210815429688,6.556434154510498
20.19498634338379,-4.660799026489258
10.631422996520996,-9.520347595214844
-1.3340427875518799,-7.262077808380127
-9.431828498840332,-0.5125312805175781
-8.51637077331543,5.544732570648193
2.1904189586639404,5.793796062469482
16.18805694580078,0.6711968183517456
24.9729061126709,-8.485681533813477
24.311729431152344,-17.216876983642578
13.546692848205566,-21.929033279418945
-2.7561867237091064,-20.718791961669922
-15.12499713897705,-14.95276165008545
-17.37825584411621,-8.533906936645508
-9.522017478942871,-4.321338176727295
3.3445017337799072,-3.3831241130828857
13.959223747253418,-4.339083671569824
18.055089950561523,-5.67730188369751
15.53084659576416,-5.409449577331543
9.918472290039062,-4.501298427581787
3.8555715084075928,-3.145752191543579
-2.219855546951294,-1.275795817375183
-6.60737419128418,-0.7309051156044006
-9.769201278686523,-1.5400991439819336
-10.09738826751709,-2.2000224590301514
-6.2568488121032715,-3.358071804046631
2.7653725147247314,-4.633032321929932
14.94002628326416,-5.511538505554199
24.732818603515625,-6.985039710998535
27.9090518951416,-9.704900741577148
22.071414947509766,-13.561933517456055
8.68964958190918,-17.046937942504883
-5.246608734130859,-19.31251335144043
-12.170896530151367,-19.44925880432129
-8.442465782165527,-18.107282638549805
3.3939802646636963,-19.221698760986328
15.238150596618652,-23.704626083374023
19.342994689941406,-29.749155044555664
12.561088562011719,-34.19993209838867
-2.857022762298584,-31.89781951904297
-18.696849822998047,-20.101247787475586
-25.837215423583984,-1.5849847793579102
-19.92254066467285,15.617695808410645
-3.1167330741882324,24.324464797973633
16.355281829833984,22.099597930908203
26.87981414794922,12.317453384399414
24.646596908569336,1.529451847076416
10.543113708496094,-4.449105739593506
-8.601758003234863,-4.565182209014893
-23.438024520874023,0.06555390357971191
-28.140161514282227,5.367069244384766
-24.002748489379883,7.975237846374512
-18.284528732299805,8.738502502441406
-16.605806350708008,7.8297247886657715
-21.7501163482666,6.682949066162109
-31.494474411010742,6.964788913726807
-38.741729736328125,8.692781448364258
-40.10896682739258,10.108871459960938
-32.86129379272461,10.315553665161133
-17.67554473876953,9.478801727294922
-1.1398863792419434,8.896332740783691
10.015132904052734,9.214289665222168
13.202221870422363,9.430994033813477
9.974214553833008,6.885247707366943
4.402341365814209,0.7281911373138428
0.2056388407945633,-7.901750564575195
-1.6330020427703857,-16.123546600341797
-3.336150884628296,-18.864492416381836
-6.81071662902832,-15.569887161254883
-12.267139434814453,-7.4908905029296875
-18.347993850708008,0.8210939168930054
-20.87766456604004,4.441589832305908
-16.96843910217285,1.462645411491394
-6.868546009063721,-8.349771499633789
6.6453704833984375,-18.126279830932617
18.2945499420166,-21.020463943481445
23.191049575805664,-15.847551345825195
20.038618087768555,-1.0135802030563354
10.526203155517578,17.833166122436523
-1.8989754915237427,31.514516830444336
-11.051886558532715,37.33732986450195
-15.780953407287598,37.095367431640625
-15.909765243530273,33.181549072265625
-10.508874893188477,29.08234214782715
-3.5860490798950195,27.868759155273438
1.6854033470153809,29.635374069213867
3.5584912300109863,31.289045333862305
-0.8148308396339417,31.657106399536133
-10.270668029785156,27.529924392700195
-21.516084671020508,18.701025009155273
-28.731189727783203,8.226388931274414
-27.676481246948242,-1.1509511470794678
-15.365082740783691,-6.98796272277832
6.028871536254883,-6.181065082550049
28.30550765991211,0.6954141855239868
41.5828857421875,9.048317909240723
42.53696823120117,16.559457778930664
31.58570671081543,21.09186363220215
10.713052749633789,19.61272621154785
-9.907825469970703,10.236846923828125
-19.88120460510254,-3.3100545406341553
-16.538372039794922,-16.291397094726562
-4.094822406768799,-25.16518211364746
8.176074981689453,-27.683162689208984
11.18696117401123,-24.643465042114258
1.750539779663086,-20.251354217529297
-17.683687210083008,-15.853397369384766
-36.97553253173828,-12.166512489318848
-46.95183563232422,-9.753961563110352
-47.29233932495117,-6.782323837280273
-39.44173812866211,-2.2764322757720947
-27.48211669921875,3.416318655014038
-18.237972259521484,7.135145664215088
-16.7605037689209,6.065197467803955
-20.3054256439209,-2.179145336151123
-22.195423126220703,-14.634804725646973
-17.866779327392578,-26.931171417236328
-6.366244316101074,-33.72184753417969
9.1840181350708,-31.18862533569336
22.22005844116211,-22.127782821655273
26.763946533203125,-10.027868270874023
20.906475067138672,0.7972941398620605
9.15792179107666,6.758732795715332
-2.9081716537475586,7.699451923370361
-10.456682205200195,6.853305816650391
-10.794890403747559,6.993808269500732
-6.473761081695557,8.425764083862305
-1.8973052501678467,10.281524658203125
1.3557549715042114,10.237264633178711
1.8459477424621582,6.440357685089111
2.4847850799560547,0.13403059542179108
5.051408290863037,-6.175010681152344
9.507194519042969,-8.813241958618164
15.01956844329834,-6.922408580780029
18.62482452392578,-1.8925036191940308
19.280155181884766,2.959946632385254
17.596420288085938,3.9814600944519043
15.778865814208984,2.0096237659454346
15.957573890686035,-0.4177495539188385
19.716066360473633,-0.6555390357971191
24.584592819213867,4.33762264251709
27.074806213378906,11.385919570922852
24.41172981262207,16.673864364624023
17.659679412841797,17.789533615112305
9.099048614501953,11.316816329956055
2.6067070960998535,-1.3259007930755615
3.398364305496216,-13.79471206665039
10.10135555267334,-21.88101577758789
19.19059181213379,-22.038637161254883
26.339725494384766,-15.096186637878418
26.944114685058594,-5.267694473266602
20.852821350097656,3.3522262573242188
10.910340309143066,7.746007919311523
1.9641118049621582,7.990478038787842
-1.441141963005066,5.520933151245117
2.424868106842041,2.952848434448242
9.364813804626465,2.1599385738372803
15.584710121154785,2.1284141540527344
18.302274703979492,-0.06952054053544998
15.360281944274902,-4.801092624664307
8.149352073669434,-12.75169563293457
-0.9993838667869568,-21.2139949798584
-9.057503700256348,-26.89881134033203
-15.76968002319336,-27.805709838867188
-19.414602279663086,-22.43488311767578
-20.249683380126953,-12.408059120178223
-17.95070457458496,-0.13215166330337524
-11.944171905517578,10.134550094604492
-2.2158889770507812,17.93358612060547
8.722427368164062,22.26348304748535
16.604970932006836,23.82988739013672
19.20311737060547,24.4188289642334
16.576995849609375,22.07851219177246
8.680046081542969,15.946717262268066
-1.3916634321212769,5.326567649841309
-7.539951324462891,-9.625776290893555
-7.004246711730957,-23.47414207458496
-0.8803847432136536,-31.980073928833008
8.43933391571045,-32.26358413696289
16.524803161621094,-22.39918327331543
20.906057357788086,-6.531172752380371
19.943836212158203,9.705944061279297
14.108285903930664,19.013137817382812
8.159790992736816,17.284727096557617
3.1357312202453613,5.9612298011779785
0.18142147362232208,-10.184237480163574
-0.4749526381492615,-22.46599006652832
-0.36806219816207886,-25.05098533630371
0.03173309937119484,-17.907489776611328
1.6457369327545166,-4.348478317260742
4.231984615325928,8.652070999145508
8.566892623901367,16.398496627807617
13.78510856628418,16.92230224609375
16.8866024017334,10.82244873046875
16.231689453125,3.3488857746124268
10.247912406921387,-1.8645284175872803
-0.022547202184796333,-3.2029552459716797
-10.503447532653809,-1.1246460676193237
-17.247356414794922,1.8127533197402954
-16.367599487304688,4.689191818237305
-7.117191314697266,6.584618091583252
8.244969367980957,7.176064491271973
24.265382766723633,6.961030960083008
34.95880889892578,4.424679756164551
37.520633697509766,-0.187893345952034
32.07944869995117,-6.900487899780273
18.572839736938477,-13.129778861999512
0.6964580416679382,-13.943147659301758
-15.996613502502441,-6.695266246795654
-26.386489868164062,7.9541521072387695
-28.770021438598633,24.110475540161133
-26.020097732543945,34.63855743408203
-21.85679817199707,35.9110107421875
-20.144046783447266,25.70214080810547
-20.778499603271484,6.058934211730957
-21.72026252746582,-14.171125411987305
-20.297283172607422,-26.266864776611328
-13.881143569946289,-26.58711814880371
-1.619431972503662,-18.94361686706543
13.660055160522461,-9.104894638061523
25.220924377441406,-3.410055637359619
28.40007972717285,-5.549534320831299
22.090829849243164,-12.284676551818848
8.138287544250488,-18.752174377441406
-6.109874248504639,-21.228609085083008
-12.740422248840332,-19.435688018798828
-9.03537368774414,-17.312076568603516
2.6259138584136963,-18.4738826751709
15.189507484436035,-23.591262817382812
18.861360549926758,-30.964614868164062
11.882793426513672,-35.52457809448242
-3.232600688934326,-32.432064056396484
-19.574312210083008,-19.178274154663086
-26.487743377685547,-0.10897814482450485
-19.83464813232422,15.925213813781738
-0.892284631729126,24.329683303833008
18.44361114501953,21.342180252075195
27.669591903686523,11.229759216308594
23.35618782043457,1.6069056987762451
7.320324897766113,-4.627813339233398
-9.767322540283203,-4.39545202255249
-19.82483673095703,0.5283978581428528
-23.052217483520508,5.558094024658203
-22.530292510986328,8.964600563049316
-23.731555938720703,10.367955207824707
-25.55975914001465,8.91971492767334
-22.911088943481445,6.815518379211426
-10.544783592224121,5.8119587898254395
10.188830375671387,3.099822759628296
29.629528045654297,-0.3127380311489105
39.41355514526367,-4.7422194480896
38.63337707519531,-8.734952926635742
31.05501365661621,-10.430377960205078
20.90292739868164,-9.395085334777832
12.49302864074707,-4.4347004890441895
7.6865081787109375,1.282476544380188
2.863494634628296,5.402560234069824
-2.291046380996704,7.639743804931641
-7.185876846313477,9.637258529663086
-8.765851020812988,11.869222640991211
-5.844318389892578,15.395146369934082
-1.6797665357589722,18.344654083251953
0.1595005840063095,18.949045181274414
-4.6681060791015625,16.162586212158203
-15.858407974243164,9.057085990905762
-29.073991775512695,0.6661863327026367
-37.52939987182617,-7.1800312995910645
-36.7540283203125,-13.084266662597656
-26.49024772644043,-15.501619338989258
-8.183382034301758,-13.818929672241211
9.904693603515625,-9.318883895874023
17.16614532470703,-4.333029270172119
10.092586517333984,-1.0181732177734375
-8.233695030212402,-1.1369636058807373
-27.066246032714844,-4.116743564605713
-34.89179611206055,-7.786717891693115
-28.844552993774414,-11.763585090637207
-9.272746086120605,-12.848356246948242
14.686370849609375,-9.299259185791016
27.198606491088867,-2.4787309169769287
21.98185157775879,5.396296977996826
1.3872792720794678,11.581746101379395
-23.529048919677734,13.80556869506836
-37.07073211669922,12.52747631072998
-34.42686462402344,9.38798713684082
-16.599332809448242,5.697134971618652
8.107807159423828,2.8893821239471436
23.64178466796875,1.8146321773529053
24.25995445251465,3.3864645957946777
10.91201114654541,5.7933783531188965
-8.084633827209473,8.409897804260254
-18.85739517211914,11.609095573425293
-16.542339324951172,14.78324031829834
-3.3987820148468018,17.085351943969727
11.795944213867188,17.359676361083984
18.964284896850586,14.916644096374512
14.00243854522705,9.408446311950684
-2.909841775894165,2.187913656234741
-23.037395477294922,-4.096701145172119
-36.50684356689453,-7.102786064147949
-41.22651672363281,-6.421359539031982
-37.25215530395508,-2.3242406845092773
-26.276050567626953,2.1741347312927246
-12.514114379882812,4.5841803550720215
0.24843676388263702,4.3134050369262695
8.657081604003906,2.6758100986480713
11.658574104309082,2.440108299255371
9.59571361541748,6.304448127746582
4.714035511016846,13.997636795043945
-1.0643115043640137,21.698759078979492
-4.739923000335693,26.395883560180664
-3.9338605403900146,25.323638916015625
1.5357149839401245,17.668237686157227
9.718052864074707,7.369803428649902
17.12543487548828,-0.8622217178344727
21.803770065307617,-2.447415351867676
22.24051856994629,1.2960466146469116
19.60228729248047,7.1862945556640625
16.72647476196289,11.836236953735352
13.973628997802734,10.23204517364502
10.006573677062988,1.265566110610962
2.3699615001678467,-11.117650032043457
-10.947293281555176,-21.25658416748047
-25.331573486328125,-26.160390853881836
-34.07278823852539,-25.607358932495117
-33.69011306762695,-21.82318687438965
-21.566190719604492,-17.325437545776367
1.159928321838379,-12.71724796295166
22.45054054260254,-8.809484481811523
31.440195083618164,-4.72447395324707
25.760805130004883,0.39708128571510315
7.006543159484863,6.810298919677734
-14.722905158996582,11.285083770751953
-27.023239135742188,11.63101577758789
-26.18043327331543,7.449553966522217
-15.673019409179688,-0.13883231580257416
-4.31215238571167,-8.5023832321167
0.14342525601387024,-14.140645027160645
-5.0937886238098145,-14.41413402557373
-14.317682266235352,-10.306785583496094
-17.83567237854004,-5.157881259918213
-11.161909103393555,-1.943026065826416
4.508396625518799,-2.739067554473877
22.228618621826172,-6.361233711242676
32.72559356689453,-9.833293914794922
33.23207092285156,-10.500524520874023
25.547441482543945,-6.775225639343262
15.25151252746582,1.1897825002670288
8.103839874267578,10.801779747009277
6.960196018218994,18.098304748535156
9.813461303710938,21.312952041625977
11.21180534362793,20.543842315673828
9.281305313110352,16.924388885498047
6.56353235244751,11.903461456298828
9.007607460021973,8.233695030212402
19.911476135253906,5.586069107055664
36.36362838745117,2.505662202835083
49.26062774658203,-0.8048098683357239
53.261085510253906,-4.549524307250977
49.187347412109375,-8.083589553833008
36.46258544921875,-10.990299224853516
18.307701110839844,-11.919327735900879
3.5992014408111572,-11.637279510498047
-3.8499348163604736,-10.3065767288208
-6.639524936676025,-8.028891563415527
-10.800527572631836,-5.219886302947998
-19.659072875976562,-2.2486658096313477
-29.491323471069336,2.148247241973877
-32.79907989501953,8.933493614196777
-22.350332260131836,16.966142654418945
3.283331871032715,23.359737396240234
32.997413635253906,24.184171676635742
49.50029373168945,17.462181091308594
50.58089065551758,6.422612190246582
34.395965576171875,-8.244969367980957
0.6494846940040588,-24.168930053710938
-28.468975067138672,-31.966922760009766
-39.32816696166992,-30.624528884887695
-35.93731689453125,-23.826547622680664
-21.674123764038086,-11.742708206176758
-5.693377494812012,1.1580493450164795
-0.16033565998077393,7.887554168701172
-7.421787261962891,6.074174404144287
-19.564916610717773,-1.85304594039917
-26.67918586730957,-11.884881019592285
-24.07957649230957,-19.639240264892578
-14.105780601501465,-22.472671508789062
-3.7662179470062256,-19.32316017150879
-0.9190072417259216,-13.667153358459473
-7.8635454177856445,-8.751863479614258
-18.691213607788086,-6.328248023986816
-25.927404403686523,-8.114278793334961
-24.83511734008789,-13.707237243652344
-16.257368087768555,-20.930484771728516
-6.441192626953125,-26.9269962310791
-0.2807961702346802,-30.72369384765625
-0.6570004224777222,-30.133501052856445
-5.471036911010742,-25.61863136291504
-8.48589038848877,-16.132522583007812
-6.396933555603027,-2.425285577774048
1.7133785486221313,13.228109359741211
11.16671085357666,25.888362884521484
16.685138702392578,31.998029708862305
15.432098388671875,31.803245544433594
9.086105346679688,23.914648056030273
2.350337028503418,11.999913215637207
-1.436131477355957,0.2939487099647522
-1.218384027481079,-7.035562038421631
-0.8547059893608093,-8.522215843200684
-4.6614251136779785,-5.419053077697754
-13.382599830627441,-1.4747540950775146
-23.53134536743164,-0.9686946272850037
-29.496959686279297,-5.212161540985107
-27.9637508392334,-14.294508934020996
-18.795806884765625,-24.724468231201172
-6.1725053787231445,-32.19218444824219
3.6328134536743164,-33.7819709777832
5.871458530426025,-29.202802658081055
1.0131627321243286,-19.60980224609375
-7.11238956451416,-7.518239498138428
-11.520576477050781,3.46663236618042
-9.904275894165039,9.14142894744873
-3.95703387260437,9.317631721496582
2.2530500888824463,6.410503387451172
2.403573513031006,1.9044034481048584
-3.313603639602661,0.4488563537597656
-10.678605079650879,3.5678858757019043
-15.261323928833008,11.165040016174316
-12.78029727935791,21.49750518798828
-3.445128917694092,29.9401798248291
8.408644676208496,32.89553451538086
18.24423599243164,28.754364013671875
22.97163200378418,18.965538024902344
21.51190948486328,6.585244655609131
15.628551483154297,-3.95452880859375
10.222024917602539,-8.845809936523438
8.822845458984375,-7.326170444488525
12.810986518859863,-0.7442664504051208
19.734647750854492,5.288989067077637
26.602149963378906,7.684420585632324
31.943540573120117,5.303603172302246
34.62749099731445,-0.727564811706543
34.437721252441406,-7.4364013671875
32.150638580322266,-11.857949256896973
28.36271095275879,-12.288434028625488
22.743654251098633,-9.049570083618164
16.32271385192871,-3.5363616943359375
9.289655685424805,0.9158757328987122
1.9745503664016724,4.822596073150635
-4.010478973388672,7.285669326782227
-7.2791972160339355,9.161680221557617
-7.273977756500244,12.480711936950684
-4.2607951164245605,15.742958068847656
-0.04071022570133209,18.303735733032227
1.2365469932556152,18.56302833557129
-3.9870970249176025,15.606212615966797
-15.500157356262207,9.980268478393555
-29.76397705078125,2.6879186630249023
-38.59392166137695,-5.025938510894775
-37.42584991455078,-11.378194808959961
-25.634916305541992,-15.014140129089355
-5.9050703048706055,-14.665285110473633
10.283194541931152,-9.741226196289062
14.391169548034668,-3.1998238563537598
5.899016380310059,0.9167107939720154
-9.09508228302002,-0.06847669184207916
-22.068073272705078,-5.626779556274414
-27.699655532836914,-11.702415466308594
-27.578359603881836,-11.456483840942383
-23.197521209716797,-2.7037854194641113
-17.39683723449707,11.374228477478027
-9.00739860534668,23.850765228271484
1.4559646844863892,29.10655975341797
10.887166976928711,26.325111389160156
16.374488830566406,18.67993927001953
13.041468620300293,12.491985321044922
1.9380155801773071,14.112252235412598
-12.043755531311035,21.584562301635742
-20.838834762573242,29.865440368652344
-20.717121124267578,34.81684494018555
-11.795736312866211,33.915584564208984
3.789808988571167,26.361228942871094
18.73714256286621,14.265698432922363
28.335779190063477,1.0046031475067139
30.30344009399414,-10.185280799865723
26.273962020874023,-18.229412078857422
18.184736251831055,-24.73532485961914
8.798418998718262,-30.058134078979492
-0.05699431523680687,-33.763389587402344
-8.061877250671387,-34.40932846069336
-13.07946491241455,-32.446468353271484
-14.885746002197266,-26.676054000854492
-11.520576477050781,-18.654678344726562
-2.5048272609710693,-10.74541187286377
6.62261438369751,-5.903191566467285
11.469010353088379,-4.797334671020508
8.211148262023926,-6.665829658508301
-3.491476058959961,-9.427026748657227
-15.93043327331543,-10.512842178344727
-22.800024032592773,-7.454564571380615
-20.168264389038086,0.6064779758453369
-8.286723136901855,12.102210998535156
6.77439022064209,24.22404670715332
16.339414596557617,32.6203727722168
15.172388076782227,35.702449798583984
3.0787370204925537,32.3575325012207
-15.954442024230957,22.35847282409668
-31.642074584960938,7.803210735321045
-36.42792892456055,-4.293154239654541
-31.19447135925293,-11.7047119140625
-18.743406295776367,-12.673406600952148
-5.266232967376709,-8.071063041687012
3.3998258113861084,-3.699202537536621
5.769160747528076,-2.0695409774780273
3.2716407775878906,-5.524482250213623
-0.9089862704277039,-11.676527976989746
-2.927795886993408,-14.979484558105469
-2.1087896823883057,-11.35606575012207
0.590611457824707,1.0332046747207642
2.984998941421509,18.953638076782227
3.028632164001465,35.009334564208984
0.8142045140266418,45.01026916503906
-1.7384310960769653,46.839515686035156
-3.969977855682373,41.79437255859375
-5.119467735290527,31.154388427734375
-2.9399046897888184,18.896852493286133
2.6227824687957764,7.082744121551514
10.024945259094238,-1.3327901363372803
18.253629684448242,-7.4938130378723145
25.845355987548828,-13.002220153808594
29.496334075927734,-17.388694763183594
27.176267623901367,-20.299579620361328
19.05301284790039,-18.117721557617188
6.8226165771484375,-11.12412166595459
-4.311108589172363,1.1893649101257324
-10.193214416503906,14.532506942749023
-7.928472995758057,24.326135635375977
0.7094017863273621,29.777755737304688
8.259791374206543,28.767724990844727
11.783836364746094,21.893333435058594
9.333915710449219,11.65398120880127
-0.32171517610549927,1.146984577178955
-10.9564790725708,-6.04703426361084
-18.145069122314453,-8.529105186462402
-18.006237030029297,-7.369803428649902
-11.311805725097656,-3.5181987285614014
-1.4277807474136353,0.6937440037727356
7.869390964508057,3.4858391284942627
11.835402488708496,4.200877666473389
10.596558570861816,4.86100959777832
6.210292816162109,5.779181957244873
2.7123448848724365,8.79904556274414
2.123194932937622,12.73958683013916
4.877294063568115,15.713312149047852
8.657499313354492,16.232524871826172
8.45541000366211,11.751893997192383
3.3837504386901855,3.2747724056243896
-7.133475303649902,-6.762490272521973
-19.21105194091797,-14.353382110595703
-26.464569091796875,-17.001842498779297
-27.619905471801758,-14.316221237182617
-21.60982322692871,-8.116366386413574
-10.688417434692383,-0.5119050145149231
-0.46827200055122375,5.442852973937988
3.9536936283111572,10.175886154174805
0.6555390357971191,13.854629516601562
-6.855393409729004,15.189716339111328
-11.781331062316895,14.770087242126465
-9.449365615844727,8.614910125732422
1.9016895294189453,-3.068089723587036
17.59036636352539,-17.863855361938477
28.616783142089844,-29.899887084960938
30.227447509765625,-34.38323211669922
22.48832893371582,-30.507617950439453
6.329500675201416,-14.709961891174316
-9.688616752624512,7.168131351470947
-17.44986343383789,22.951589584350586
-13.831038475036621,27.580238342285156
-2.9325976371765137,19.4459171295166
5.900060176849365,3.050344228744507
6.608417987823486,-11.616401672363281
-2.636143684387207,-18.252378463745117
-16.411649703979492,-14.370918273925781
-25.791912078857422,-3.106294631958008
-24.669353485107422,8.097577095031738
-12.865057945251465,13.801392555236816
3.966428756713867,12.536662101745605
18.215843200683594,7.697782039642334
23.435312271118164,5.117170810699463
17.99057960510254,8.43307113647461
6.974183559417725,16.452150344848633
-3.5766544342041016,23.78520965576172
-9.366065979003906,26.309036254882812
-9.776508331298828,21.717966079711914
-9.27170181274414,11.56045150756836
-10.450210571289062,-0.7904046773910522
-13.762561798095703,-10.020352363586426
-17.707069396972656,-13.343976974487305
-16.879085540771484,-11.060029029846191
-11.790307998657227,-5.944945812225342
-5.883984565734863,-0.24822799861431122
-0.9812208414077759,4.969361782073975
-0.4290231466293335,9.192577362060547
-3.672271251678467,11.453144073486328
-6.404031753540039,11.741455078125
-4.335534572601318,8.36960506439209
1.5881164073944092,-0.2540735602378845
8.521798133850098,-12.418289184570312
11.755860328674316,-23.775815963745117
7.638073444366455,-29.976713180541992
-2.2933428287506104,-30.01763343811035
-9.942063331604004,-23.694604873657227
-7.845591068267822,-14.98512077331543
6.6883769035339355,-8.566683769226074
26.790042877197266,-7.848514080047607
39.55092239379883,-12.144591331481934
38.48828125,-18.797685623168945
21.51587677001953,-24.413192749023438
-5.233456134796143,-25.44222068786621
-25.6516170501709,-22.000850677490234
-28.281497955322266,-15.343371391296387
-11.735818862915039,-8.810736656188965
16.405803680419922,-4.062254428863525
38.365108489990234,-2.7843706607818604
43.00398635864258,-5.1157097816467285
30.091747283935547,-11.715150833129883
4.657667636871338,-20.09895133972168
-16.414154052734375,-27.50257682800293
-22.051998138427734,-31.83852767944336
-10.745203018188477,-29.784854888916016
9.855215072631836,-20.678081512451172
23.84721565246582,-5.273540019989014
23.31735610961914,9.94248104095459
9.491119384765625,19.41815185546875
-8.638710021972656,18.904577255249023
-19.605627059936523,9.759181022644043
-17.280134201049805,-0.8686935901641846
-3.1501364707946777,-6.820319652557373
13.131448745727539,-3.114436626434326
20.842174530029297,7.833273887634277
15.420198440551758,18.342357635498047
0.6148288249969482,21.558256149291992
-15.955694198608398,12.994495391845703
-23.73009490966797,-5.0749993324279785
-19.817319869995117,-24.204004287719727
-7.822417736053467,-34.8043212890625
4.148476600646973,-33.55524826049805
9.094664573669434,-23.711515426635742
5.598177909851074,-11.239571571350098
-5.613626956939697,-5.119884967803955
-18.159475326538086,-9.556256294250488
-26.462690353393555,-20.719417572021484
-27.479612350463867,-31.026203155517578
-22.57663917541504,-34.77738952636719
-13.246272087097168,-31.051671981811523
-0.5645151138305664,-18.806245803833008
11.469219207763672,-4.833452224731445
19.154056549072266,4.238247871398926
20.465553283691406,7.972105979919434
15.895151138305664,8.090270042419434
6.5708394050598145,8.815329551696777
-3.6674695014953613,12.95357608795166
-9.275668144226074,20.147594451904297
-7.4224138259887695,26.171873092651367
0.9438509345054626,27.584623336791992
11.240823745727539,23.697736740112305
16.85633087158203,17.16217803955078
13.843981742858887,13.388444900512695
2.7720532417297363,15.494938850402832
-11.210969924926758,22.170997619628906
-20.18914031982422,29.921180725097656
-20.005840301513672,35.008079528808594
-10.776518821716309,34.199302673339844
4.52885627746582,26.9269962310791
19.748844146728516,14.080727577209473
28.7138614654541,0.351360559463501
29.47148895263672,-11.090091705322266
24.999418258666992,-19.284330368041992
17.283056259155273,-25.455791473388672
8.205511093139648,-30.449996948242188
-0.22588956356048584,-33.41223907470703
-8.266263961791992,-34.63417434692383
-14.895349502563477,-31.928926467895508
-16.53398895263672,-25.69316291809082
-12.09803581237793,-18.06615447998047
-1.611916184425354,-10.9341402053833
8.54434585571289,-6.764160633087158
11.80888843536377,-4.952242374420166
6.151210784912109,-5.9207282066345215
-6.497978210449219,-7.767302513122559
-16.700170516967773,-10.12995719909668
-19.512723922729492,-12.78656005859375
-14.378851890563965,-14.894515037536621
-5.072285175323486,-16.145050048828125
2.263697385787964,-14.765494346618652
6.074174404144287,-8.771905899047852
8.284635543823242,2.4202752113342285
11.030384063720703,15.947761535644531
14.241063117980957,27.96061897277832
15.585335731506348,33.31996154785156
13.577799797058105,29.696334838867188
9.299676895141602,14.029579162597656
5.440347671508789,-10.376932144165039
7.544961929321289,-33.361717224121094
14.376764297485352,-45.115909576416016
23.321949005126953,-44.040531158447266
31.779027938842773,-31.269628524780273
34.218719482421875,-7.872105121612549
30.96294593811035,15.140028953552246
27.180652618408203,25.943687438964844
25.091278076171875,22.104400634765625
23.1090030670166,6.573761940002441
17.99517250061035,-12.496160507202148
7.323247909545898,-23.536148071289062
-7.023453712463379,-21.21566390991211
-19.854480743408203,-7.986928939819336
-25.518213272094727,8.737667083740234
-20.629436492919922,20.230268478393555
-7.36521053314209,21.765148162841797
7.848514080047607,15.375103950500488
16.84756088256836,7.804254531860352
13.898054122924805,5.514461040496826
-0.11043953895568848,10.559606552124023
-18.632131576538086,19.05489158630371
-32.006587982177734,24.025297164916992
-37.23252868652344,21.758258819580078
-34.92853927612305,14.048786163330078
-26.92052459716797,3.5330212116241455
-16.741506576538086,-3.9092254638671875
-7.538489818572998,-4.208811283111572
-3.0478389263153076,-0.7872731685638428
-2.88792085647583,3.8691415786743164
-7.019069194793701,4.172902584075928
-14.955058097839355,0.36263418197631836
-24.483339309692383,-5.491913795471191
-33.35420227050781,-8.691529273986816
-36.89411163330078,-5.312997817993164
-32.922462463378906,3.357654094696045
-19.81815528869629,14.581985473632812
0.7480242848396301,21.422138214111328
19.69999122619629,21.14781379699707
30.04853057861328,15.058399200439453
29.74351692199707,5.971668243408203
22.469331741333008,-1.7553414106369019
15.020194053649902,-4.94681453704834
14.469249725341797,-2.750967502593994
23.17330551147461,3.0543107986450195
34.42790603637695,10.696351051330566
39.81084442138672,16.76238250732422
35.496185302734375,21.322763442993164
18.319183349609375,23.834062576293945
-7.100907325744629,20.37786865234375
-27.722412109375,12.893659591674805
-34.961524963378906,1.9841537475585938
-27.40257453918457,-9.93621826171875
-9.473999977111816,-19.282033920288086
8.59716510772705,-22.579978942871094
17.461137771606445,-19.232555389404297
15.261116027832031,-12.506390571594238
4.871448516845703,-4.403385162353516
-5.674588203430176,2.1064932346343994
-10.019100189208984,6.33806037902832
-8.246012687683105,9.392997741699219
-3.6075522899627686,13.622894287109375
-1.2572152614593506,20.12024688720703
-3.2340621948242188,26.276885986328125
-8.527017593383789,28.502168655395508
-12.656496047973633,25.11132049560547
-12.444803237915039,16.716035842895508
-6.7725114822387695,4.950989723205566
2.4591064453125,-5.262683868408203
9.362308502197266,-9.779431343078613
11.070884704589844,-7.7113518714904785
8.45666217803955,-0.780174970626831
4.811739921569824,6.889005184173584
4.231149673461914,12.842927932739258
10.393424987792969,13.69554615020752
20.86785316467285,10.16482162475586
31.25167465209961,5.045562744140625
37.734622955322266,-0.6423864960670471
37.97846603393555,-5.4950456619262695
32.38279342651367,-8.832657814025879
23.097312927246094,-11.50471019744873
13.461723327636719,-12.463801383972168
8.159164428710938,-12.479249954223633
7.146627902984619,-12.51348876953125
9.797385215759277,-11.202201843261719
13.255666732788086,-9.367319107055664
14.491169929504395,-6.153924942016602
13.887824058532715,0.6269375085830688
9.815131187438965,10.447287559509277
5.035333156585693,20.651775360107422
1.0826832056045532,27.292762756347656
-1.5254852771759033,26.123855590820312
-2.1956381797790527,16.035444259643555
-3.801708698272705,-0.5958306789398193
-7.4566521644592285,-17.727319717407227
-13.495753288269043,-27.615938186645508
-21.51190948486328,-26.0875301361084
-27.802997589111328,-15.507673263549805
-28.812400817871094,-1.6196407079696655
-22.545949935913086,7.878368377685547
-9.45521068572998,8.890486717224121
8.123882293701172,2.673513650894165
23.272470474243164,-3.3624558448791504
31.694894790649414,-2.601905345916748
32.861083984375,6.407789707183838
28.256864547729492,18.415218353271484
20.698957443237305,26.24160385131836
12.652112007141113,22.467451095581055
4.740757942199707,5.643063545227051
-3.6985762119293213,-18.307701110839844
-11.906593322753906,-37.585350036621094
-19.93715476989746,-43.405452728271484
-27.28628921508789,-37.771366119384766
-31.988216400146484,-21.065141677856445
-31.981327056884766,0.645935595035553
-26.321144104003906,17.693708419799805
-18.58724594116211,26.96394920349121
-13.486567497253418,27.975650787353516
-11.242076873779297,25.233034133911133
-10.863784790039062,21.406063079833984
-8.355826377868652,17.056331634521484
-0.7478155493736267,11.896363258361816
11.520367622375488,4.835122108459473
23.435102462768555,-1.4227702617645264
29.37942123413086,-4.724265098571777
27.314891815185547,-5.229489326477051
16.90873146057129,-3.5770719051361084
1.7386398315429688,-4.220710754394531
-9.859599113464355,-10.12598991394043
-12.406598091125488,-20.516075134277344
-6.298185348510742,-31.302196502685547
4.42843770980835,-35.624996185302734
12.85399341583252,-30.98236083984375
14.1245698928833,-16.763010025024414
7.062911033630371,1.310243010520935
-5.276671409606934,13.427276611328125
-16.73419952392578,14.521233558654785
-22.471418380737305,4.183758735656738
-20.162418365478516,-9.120552062988281
-11.594481468200684,-15.961331367492676
-2.2154712677001953,-13.556922912597656
4.361630916595459,-4.053485870361328
4.527394771575928,3.9714391231536865
-2.430713653564453,4.246598720550537
-13.461723327636719,-4.911323547363281
-23.95953369140625,-17.989953994750977
-28.695907592773438,-26.458932876586914
-28.47398567199707,-24.40630340576172
-22.47308921813965,-11.048964500427246
-12.44417667388916,8.052273750305176
-3.736572504043579,21.4085693359375
0.4649316668510437,22.729875564575195
-3.7232110500335693,12.955663681030273
-13.582601547241211,-1.7778886556625366
-23.875398635864258,-11.562747955322266
-30.01763343811035,-12.300960540771484
-29.671491622924805,-6.818023204803467
-22.98812484741211,-1.0325783491134644
-12.315573692321777,-0.6941615343093872
-3.2591145038604736,-5.85016393661499
1.0689043998718262,-12.118077278137207
1.3956300020217896,-14.119976997375488
0.9799681901931763,-7.43326997756958
2.166619062423706,6.938483715057373
7.134727954864502,21.507526397705078
12.506599426269531,27.96437644958496
14.819357872009277,23.406709671020508
11.053975105285645,10.101982116699219
1.1156690120697021,-4.751405239105225
-10.754388809204102,-13.678427696228027
-19.296648025512695,-12.662967681884766
-20.771610260009766,-3.923004388809204
-16.659250259399414,6.004027843475342
-9.100509643554688,9.759181022644043
-2.1494998931884766,5.585651874542236
-0.08100291341543198,-5.485859394073486
-1.1511598825454712,-19.1043701171875
-2.5035746097564697,-29.14392852783203
-2.0753865242004395,-33.4921989440918
2.1336333751678467,-31.996566772460938
6.267704486846924,-27.904251098632812
6.945164680480957,-22.77288246154785
3.743252992630005,-19.175769805908203
-1.0455220937728882,-16.86823081970215
-3.686676263809204,-13.996593475341797
-1.742397665977478,-8.140166282653809
5.724483966827393,2.1831119060516357
14.366951942443848,15.460908889770508
18.320436477661133,26.849332809448242
18.008115768432617,32.57089614868164
13.305354118347168,29.05687141418457
7.395482540130615,13.690118789672852
4.429272651672363,-10.668167114257812
7.794233798980713,-33.66819381713867
15.22291088104248,-45.37833023071289
23.184995651245117,-44.86308670043945
30.395090103149414,-32.03999328613281
32.99177551269531,-9.223475456237793
31.236225128173828,13.943774223327637
28.53598976135254,25.261842727661133
25.97208023071289,21.35512351989746
23.398149490356445,5.489617347717285
17.213119506835938,-13.464019775390625
6.182317733764648,-23.976652145385742
-7.732228755950928,-21.080589294433594
-20.56304931640625,-6.774599075317383
-24.974157333374023,9.914088249206543
-19.931936264038086,20.844470977783203
-7.067503929138184,21.689573287963867
8.434741020202637,14.80536937713623
16.888898849487305,6.762281894683838
13.610785484313965,3.77728271484375
-0.3926970958709717,5.508197784423828
-18.23150062561035,7.1205315589904785
-29.256874084472656,4.06371545791626
-28.877538681030273,-4.71048641204834
-17.046310424804688,-13.780515670776367
1.324648141860962,-16.08721923828125
16.732528686523438,-8.350398063659668
21.58852767944336,5.214666843414307
14.076343536376953,18.181604385375977
-4.57582950592041,24.646596908569336
-25.82990837097168,19.89059829711914
-39.87076187133789,7.848514080047607
-44.390846252441406,-4.419460296630859
-38.95425796508789,-13.770912170410156
-26.99860382080078,-15.936279296875
-14.260270118713379,-11.171930313110352
-6.606538772583008,-3.5799946784973145
-7.48212194442749,3.0973174571990967
-14.248787879943848,5.057044982910156
-20.258451461791992,2.038851737976074
-20.167219161987305,-3.108799934387207
-12.409729957580566,-8.94581127166748
0.09332036226987839,-14.18657398223877
12.794702529907227,-17.19244956970215
19.79393768310547,-17.663644790649414
19.01418113708496,-14.553592681884766
13.004725456237793,-7.990060329437256
3.1628713607788086,1.167235255241394
-6.3729248046875,11.341660499572754
-12.228307723999023,19.707090377807617
-14.062355995178223,23.48708724975586
-12.334155082702637,23.4144344329834
-7.484836101531982,20.090808868408203
-1.1839368343353271,14.230207443237305
5.20464563369751,10.03204345703125
10.906791687011719,7.580452919006348
15.757362365722656,4.916125297546387
18.568456649780273,1.6340458393096924
18.818145751953125,-3.9411673545837402
16.73545265197754,-10.327662467956543
11.339364051818848,-13.099507331848145
3.385420560836792,-11.98425579071045
-4.384387016296387,-6.938483715057373
-8.992993354797363,-1.5089924335479736
-8.447894096374512,-0.12839378416538239
-2.239062547683716,-3.7850072383880615
5.902773857116699,-9.620765686035156
11.840204238891602,-13.134998321533203
12.125802040100098,-11.437694549560547
3.631352186203003,-2.733013153076172
-10.124946594238281,9.006563186645508
-22.228618621826172,17.301010131835938
-27.280445098876953,17.266773223876953
-21.976423263549805,8.515535354614258
-7.8608317375183105,-6.316556930541992
9.625567436218262,-19.448841094970703
21.115663528442383,-25.104848861694336
24.367053985595703,-22.88666343688965
19.69623374938965,-15.599114418029785
10.462945938110352,-6.755183696746826
2.142610549926758,0.11565879732370377
-1.1102409362792969,5.154749870300293
0.9960435628890991,10.384239196777344
4.14701509475708,15.343371391296387
6.202985763549805,19.96053695678711
6.399438858032227,20.5417537689209
6.479815483093262,14.448163986206055
8.424094200134277,2.039269208908081
13.28155517578125,-11.501160621643066
18.667621612548828,-19.93506622314453
20.58434295654297,-19.12837791442871
17.1373348236084,-9.22973918914795
7.514063835144043,4.7768754959106445
-3.307966947555542,12.005550384521484
-9.265647888183594,7.706967830657959
-6.306118488311768,-6.7821149826049805
5.253498077392578,-23.928009033203125
17.683061599731445,-32.826847076416016
25.372909545898438,-32.24082946777344
25.260799407958984,-23.7783203125
14.73042106628418,-13.286148071289062
-3.5670509338378906,-6.943077087402344
-20.864513397216797,-8.535368919372559
-31.402406692504883,-15.086166381835938
-34.78469467163086,-18.808332443237305
-32.05731964111328,-15.656108856201172
-24.90985679626465,-2.8123459815979004
-15.593478202819824,14.590127944946289
-5.651414394378662,27.93076515197754
3.0641229152679443,31.482574462890625
8.852073669433594,25.32405662536621
9.448739051818848,13.826445579528809
5.05600118637085,4.026345729827881
-2.7085869312286377,0.17223557829856873
-10.094883918762207,1.3077377080917358
-12.18947696685791,2.586874008178711
-9.36376953125,-0.7808012366294861
-3.4904322624206543,-8.893827438354492
2.527165651321411,-18.037553787231445
4.1706061363220215,-23.065370559692383
-0.3242204189300537,-20.27515411376953
-6.636184215545654,-10.70428466796875
-9.762938499450684,1.5505377054214478
-4.73908805847168,10.132044792175293
8.03494644165039,10.1318359375
21.56326675415039,2.929048538208008
28.963550567626953,-6.420315742492676
24.83803939819336,-12.831445693969727
10.183819770812988,-14.110164642333984
-7.810308933258057,-10.24164867401123
-19.050506591796875,-4.1983723640441895
-15.845672607421875,-0.71879643201828
1.6240248680114746,-0.23653684556484222
24.734699249267578,-2.169541835784912
40.94551086425781,-5.442644119262695
44.91444396972656,-8.612822532653809
36.96739196777344,-11.09552001953125
18.531503677368164,-13.775922775268555
-3.1827046871185303,-15.46738052368164
-17.258838653564453,-17.014787673950195
-19.845712661743164,-17.687862396240234
-13.948993682861328,-16.635242462158203
-4.9480671882629395,-15.320823669433594
0.7630558013916016,-14.042313575744629
0.3833024501800537,-14.25776481628418
-5.991084098815918,-15.502037048339844
-14.936477661132812,-15.238150596618652
-21.066810607910156,-11.332265853881836
-20.793739318847656,-2.4864554405212402
-13.24522876739502,10.32557487487793
0.3223414719104767,20.633403778076172
14.856727600097656,25.066017150878906
24.945138931274414,22.137386322021484
26.73826789855957,13.768824577331543
18.34027099609375,4.220919609069824
1.5407254695892334,-3.211932420730591
-16.678457260131836,-4.57896089553833
-28.509057998657227,0.2649296224117279
-31.35418128967285,7.4345221519470215
-26.08439826965332,12.296575546264648
-15.085957527160645,12.212650299072266
-3.68772029876709,5.940561294555664
2.369126319885254,-5.585860729217529
3.5171546936035156,-17.76093292236328
3.0582773685455322,-25.647024154663086
6.081272602081299,-28.726179122924805
15.190550804138184,-25.477294921875
27.052675247192383,-16.148597717285156
36.24817657470703,-3.146587371826172
37.368019104003906,12.072982788085938
29.75124168395996,25.957048416137695
16.484928131103516,35.46257400512695
4.9568352699279785,38.83442306518555
1.1570055484771729,36.637325286865234
7.940581798553467,31.00448989868164
21.76660919189453,23.310884475708008
35.34273910522461,15.799325942993164
43.16766357421875,11.005748748779297
43.63343048095703,7.611559867858887
39.306243896484375,7.050384998321533
32.510353088378906,7.190260887145996
26.267282485961914,7.318028450012207
20.64718246459961,9.103432655334473
13.622058868408203,11.908889770507812
2.2522149085998535,14.851716995239258
-12.923095703125,15.992647171020508
-26.425947189331055,13.004307746887207
-32.81724548339844,6.026157379150391
-30.85918617248535,-3.538240671157837
-20.577245712280273,-14.232503890991211
-7.429720878601074,-20.93570327758789
0.5822606086730957,-22.83112907409668
1.9409383535385132,-20.082040786743164
-5.159551620483398,-12.808690071105957
-16.282629013061523,-3.989393472671509
-24.719249725341797,4.441381454467773
-27.2368106842041,10.381525039672852
-22.747621536254883,13.13478946685791
-14.623739242553711,13.039172172546387
-6.311755180358887,9.10280704498291
-0.4052233397960663,3.3092193603515625
2.981449842453003,-2.0620250701904297
4.1549482345581055,-5.494419097900391
3.699620008468628,-5.816551685333252
1.9067000150680542,-3.0044147968292236
-2.198560953140259,0.9131616950035095
-7.739118576049805,5.0132036209106445
-12.548770904541016,7.5996599197387695
-15.271553993225098,9.140385627746582
-15.490137100219727,9.841018676757812
-14.111625671386719,11.60679817199707
-13.470492362976074,13.761726379394531
-16.597871780395508,13.6295747756958
-22.05450439453125,9.829745292663574
-25.75725555419922,2.294386625289917
-24.425508499145508,-6.923870086669922
-15.963627815246582,-14.294508934020996
-1.4943784475326538,-15.213516235351562
13.779263496398926,-7.769598960876465
20.83006477355957,5.278759479522705
15.133139610290527,17.458633422851562
-2.0058658123016357,23.53907012939453
-24.371021270751953,20.163461685180664
-40.174102783203125,9.660640716552734
-44.59126663208008,-3.0269618034362793
-39.655517578125,-12.526432037353516
-27.279817581176758,-14.889086723327637
-13.669449806213379,-10.47046184539795
-6.800904273986816,-2.974769353866577
-8.406765937805176,2.4852027893066406
-14.82582950592041,4.263091564178467
-20.153440475463867,3.1384453773498535
-18.970966339111328,-1.6904138326644897
-11.633938789367676,-7.33159875869751
-0.08413446694612503,-13.884483337402344
11.009297370910645,-19.497901916503906
17.570533752441406,-20.341751098632812
19.095809936523438,-15.967177391052246
15.253808975219727,-5.6850266456604
7.034727096557617,6.553928852081299
-4.881051540374756,12.174236297607422
-17.863229751586914,8.332026481628418
-27.19631004333496,-1.7565940618515015
-29.217416763305664,-11.333518028259277
-24.897748947143555,-14.412881851196289
-15.990350723266602,-9.937052726745605
-8.036825180053711,-2.564326763153076
-5.678137302398682,-0.8411359190940857
-6.473761081695557,-9.971500396728516
-5.777929306030273,-27.179399490356445
-1.1824754476547241,-43.63948440551758
4.924893379211426,-51.95710372924805
9.163350105285645,-51.49718475341797
8.075447082519531,-43.190834045410156
0.3060573935508728,-26.023855209350586
-8.733074188232422,-6.488792419433594
-10.300939559936523,7.2888007164001465
-1.5904128551483154,12.882594108581543
12.894285202026367,12.746267318725586
24.99503517150879,12.997836112976074
29.078166961669922,14.99869155883789
23.1637020111084,19.40144920349121
10.970466613769531,23.131759643554688
-1.0127451419830322,22.048450469970703
-6.57877254486084,14.601192474365234
-4.7612175941467285,1.4461524486541748
1.9259068965911865,-12.41557502746582
8.177536010742188,-22.116090774536133
8.723261833190918,-25.7086124420166
4.4161200523376465,-24.30901527404785
-1.7058628797531128,-21.71650505065918
-5.82281494140625,-21.486440658569336
-5.300471305847168,-23.76788330078125
-1.439263105392456,-26.94098472595215
2.020479917526245,-27.121152877807617
2.6818645000457764,-21.994586944580078
-0.1711917221546173,-11.532476425170898
-5.72114372253418,2.0540919303894043
-11.142702102661133,12.596787452697754
-13.564229965209961,15.970099449157715
-12.743553161621094,12.935413360595703
-8.649774551391602,3.9282236099243164
-0.8995916247367859,-5.4791789054870605
7.7892231941223145,-10.140812873840332
16.827102661132812,-10.649795532226562
23.190841674804688,-7.90008020401001
25.416751861572266,-5.205898284912109
22.06890869140625,-5.002556324005127
12.895956039428711,-6.332840919494629
2.9806149005889893,-8.403634071350098
-3.7230024337768555,-8.334949493408203
-2.2797727584838867,-3.3566102981567383
7.085667133331299,3.5044198036193848
20.939043045043945,10.138516426086426
32.24479675292969,14.129788398742676
35.947547912597656,13.630410194396973
32.34980773925781,9.31053352355957
21.68915557861328,3.577906847000122
8.382548332214355,-2.5920932292938232
-2.1472034454345703,-7.225334644317627
-7.878159523010254,-9.650202751159668
-9.14330768585205,-12.15649127960205
-6.755392074584961,-12.138327598571777
-3.0012831687927246,-10.166282653808594
1.0081522464752197,-5.610495567321777
6.878775596618652,1.5148379802703857
12.380292892456055,9.100301742553711
16.4730281829834,14.458393096923828
17.650283813476562,15.84024429321289
13.901811599731445,13.059005737304688
7.2794060707092285,8.470023155212402
1.5626463890075684,3.006502389907837
0.6302778124809265,-1.960353970527649
6.091084957122803,-5.548908233642578
14.309330940246582,-9.299259185791016
19.4761905670166,-13.133118629455566
18.405197143554688,-16.793071746826172
9.976093292236328,-17.102262496948242
-0.7052263617515564,-10.891759872436523
-5.975635051727295,2.987713098526001
-3.5019145011901855,19.3601131439209
5.436380863189697,31.13163185119629
13.537715911865234,34.125606536865234
14.763197898864746,26.30736541748047
5.592123508453369,9.495085716247559
-11.557528495788574,-10.691758155822754
-24.453275680541992,-24.47394371032715
-26.76812171936035,-28.642253875732422
-15.335437774658203,-25.324892044067383
7.221785545349121,-16.106426239013672
28.288597106933594,-7.629931449890137
37.64109420776367,-2.409836530685425
33.51829528808594,1.6359248161315918
18.842363357543945,6.068955421447754
2.2428202629089355,14.755474090576172
-6.837647914886475,24.938249588012695
-5.094624042510986,32.51536178588867
3.472895383834839,33.592201232910156
12.45190143585205,25.416751861572266
15.597026824951172,9.094873428344727
9.50030517578125,-9.154582023620605
-0.6572092175483704,-22.552629470825195
-9.4621000289917,-26.98524284362793
-12.340209007263184,-23.001903533935547
-9.315126419067383,-15.267587661743164
-4.047849178314209,-7.48212194442749
-1.9000192880630493,-2.8858330249786377
-5.325106143951416,-0.9916593432426453
-12.387182235717773,0.6338269114494324
-20.915870666503906,3.3710155487060547
-25.14702033996582,7.949350357055664
-24.32863998413086,12.233527183532715
-18.49893569946289,13.632080078125
-8.557706832885742,9.93183422088623
1.1943753957748413,0.8181711435317993
8.882762908935547,-9.709075927734375
12.996374130249023,-18.392879486083984
12.641047477722168,-22.460979461669922
8.260835647583008,-20.484342575073242
0.7542874217033386,-13.402432441711426
-7.469387054443359,-2.571007251739502
-13.351701736450195,9.150405883789062
-13.620597839355469,17.258005142211914
-8.2412109375,19.70291519165039
1.4881153106689453,14.383444786071777
10.790506362915039,2.7062904834747314
15.057355880737305,-11.876320838928223
11.445837020874023,-23.474977493286133
1.3576338291168213,-26.27813720703125
-11.483415603637695,-18.872425079345703
-20.840085983276367,-2.468501091003418
-22.051372528076172,12.88823127746582
-14.363611221313477,20.044254302978516
-1.0035592317581177,14.624156951904297
14.150666236877441,-3.1689257621765137
25.875837326049805,-21.265560150146484
28.9581241607666,-31.472135543823242
25.2582950592041,-30.431833267211914
15.390971183776855,-18.425865173339844
1.7973042726516724,-0.9989663362503052
-10.029120445251465,11.453560829162598
-15.228964805603027,11.267337799072266
-12.40743350982666,0.18684950470924377
-3.885634422302246,-14.68929386138916
5.503604888916016,-23.913604736328125
8.575243949890137,-21.813583374023438
1.7954254150390625,-10.178391456604004
-14.48970890045166,5.7432732582092285
-34.12790298461914,15.916863441467285
-46.857051849365234,16.533153533935547
-51.178810119628906,11.793647766113281
-48.26103210449219,4.680423259735107
-36.970523834228516,1.135084629058838
-21.70502281188965,4.4255146980285645
-10.60261344909668,10.763157844543457
-6.424282550811768,15.889513969421387
-7.185250759124756,16.22396469116211
-8.309269905090332,12.196784019470215
-6.434512138366699,7.470848560333252
-0.7789223194122314,7.225543022155762
5.349114894866943,14.951926231384277
7.80300235748291,27.815523147583008
5.11257791519165,39.30123519897461
0.3695235848426819,44.682918548583984
-3.9875144958496094,42.56201934814453
-3.4676761627197266,33.720176696777344
3.301286220550537,20.395822525024414
10.860861778259277,7.11364221572876
15.656317710876465,-2.0563883781433105
12.416410446166992,-6.491297721862793
2.50607967376709,-7.399240016937256
-8.867104530334473,-6.274176597595215
-15.282827377319336,-5.433249473571777
-13.98845100402832,-4.337204933166504
-6.481276988983154,-1.7793500423431396
2.5476250648498535,2.5847861766815186
9.876718521118164,7.479825496673584
14.643572807312012,12.439374923706055
16.278661727905273,16.956539154052734
18.276594161987305,21.416919708251953
19.781204223632812,26.1098690032959
19.461366653442383,29.43745994567871
14.615388870239258,31.040189743041992
4.4161200523376465,27.14223861694336
-9.195709228515625,16.330228805541992
-20.43319320678711,0.751573383808136
-23.32633399963379,-13.855464935302734
-17.94297981262207,-20.97829246520996
-6.666247367858887,-18.83985710144043
1.996053695678711,-7.3541460037231445
2.3676650524139404,7.421787261962891
-7.672102928161621,18.478267669677734
-23.297313690185547,19.206249237060547
-34.976348876953125,10.287369728088379
-38.16990661621094,-1.242183804512024
-32.6203727722168,-11.164623260498047
-21.86849021911621,-13.592413902282715
-11.73331356048584,-8.861468315124512
-6.951845169067383,-1.9929221868515015
-6.915101528167725,-0.6423864960670471
-9.299885749816895,-10.300313949584961
-7.673773288726807,-27.37146759033203
-1.2384259700775146,-43.4979362487793
4.320294380187988,-51.72223663330078
7.991521835327148,-51.852718353271484
6.121983051300049,-43.442405700683594
-1.3031448125839233,-26.41864013671875
-8.878586769104004,-6.624075889587402
-9.991124153137207,7.535149574279785
-1.1618071794509888,12.993868827819824
13.307024955749512,13.068609237670898
25.654748916625977,11.858784675598145
29.411781311035156,14.058180809020996
23.754520416259766,18.730253219604492
11.705965042114258,22.208993911743164
-0.4238038957118988,21.532995223999023
-6.361024856567383,14.428539276123047
-3.985218048095703,1.6304967403411865
3.130094528198242,-12.218287467956543
7.791519641876221,-22.07579803466797
7.044539451599121,-26.08251953125
2.2555553913116455,-25.258920669555664
-2.8432438373565674,-22.24427604675293
-3.1142280101776123,-18.659271240234375
1.5709972381591797,-16.02834701538086
7.486714839935303,-14.173213005065918
10.028911590576172,-11.890934944152832
6.236806869506836,-9.164811134338379
-0.6878984570503235,-6.809255123138428
-7.95603084564209,-5.453500270843506
-13.278214454650879,-5.250575542449951
-14.089078903198242,-5.396088123321533
-12.78906536102295,-5.4046478271484375
-9.19675350189209,-5.3363800048828125
-3.21506404876709,-5.523229598999023
4.291901588439941,-6.556643009185791
12.222253799438477,-9.529951095581055
17.434206008911133,-12.419124603271484
18.640274047851562,-13.463602066040039
17.13336753845215,-11.403247833251953
15.567590713500977,-4.671864032745361
15.973857879638672,4.595871448516846
19.633811950683594,15.185540199279785
22.520896911621094,25.32029914855957
20.074108123779297,32.46400451660156
11.053139686584473,35.6279182434082
-4.396495819091797,33.428314208984375
-21.21754264831543,24.833656311035156
-30.207822799682617,10.543740272521973
-27.220109939575195,-6.90779447555542
-12.908064842224121,-22.618810653686523
4.057034969329834,-32.39594650268555
13.279675483703613,-33.11620330810547
9.889036178588867,-25.19733428955078
-4.1050519943237305,-9.76085090637207
-17.88974380493164,9.369406700134277
-20.838624954223633,23.536148071289062
-9.683606147766113,29.281299591064453
11.169633865356445,25.49169921875
28.439119338989258,12.960257530212402
31.942495346069336,-2.93426775932312
19.130674362182617,-16.579082489013672
-4.905478000640869,-24.38960075378418
-24.745346069335938,-25.517377853393555
-30.986328125,-22.20168685913086
-20.654699325561523,-18.96198844909668
0.9246440529823303,-16.521879196166992
18.604156494140625,-15.831893920898438
22.249496459960938,-15.665085792541504
10.993639945983887,-14.360062599182129
-6.952054023742676,-9.543312072753906
-18.889127731323242,-2.633429765701294
-16.89035987854004,3.084582567214966
-2.2396886348724365,3.820080518722534
15.845254898071289,-2.499816656112671
27.19171714782715,-12.879672050476074
27.701744079589844,-23.921537399291992
19.24570655822754,-30.942277908325195
9.187150001525879,-30.379850387573242
4.2635087966918945,-22.245737075805664
5.712584018707275,-8.159582138061523
9.967116355895996,6.662280559539795
9.018880844116211,17.520219802856445
-0.5943692922592163,22.199182510375977
-16.04755401611328,20.52588653564453
-29.79508399963379,14.588248252868652
-34.97071075439453,7.791728496551514
-29.28839874267578,1.9860327243804932
-15.688885688781738,-1.2150436639785767
-2.150752544403076,-0.6586706042289734
4.290022850036621,3.6551520824432373
1.692919135093689,11.569010734558105
-6.200898170471191,19.593101501464844
-12.373194694519043,24.291479110717773
-12.769649505615234,23.141571044921875
-7.145166397094727,14.255677223205566
0.6425952911376953,-0.6881071925163269
5.809662342071533,-15.687424659729004
5.354125499725342,-24.867685317993164
0.5791290402412415,-25.008813858032227
-4.889194011688232,-16.024171829223633
-6.842866897583008,-1.1156690120697021
-3.5977401733398438,11.990100860595703
2.5668320655822754,18.137344360351562
8.442256927490234,16.287431716918945
11.370887756347656,9.2431001663208
10.646037101745605,2.717564105987549
6.888379096984863,1.1033514738082886
1.49667489528656,4.332612037658691
-4.373530864715576,10.388623237609863
-10.863158226013184,13.587403297424316
-15.14399528503418,11.774441719055176
-14.779899597167969,5.130115032196045
-10.036009788513184,-4.141169548034668
-0.9680683016777039,-10.86691665649414
9.848952293395996,-12.037282943725586
16.534406661987305,-6.742239952087402
16.35361099243164,2.416099786758423
8.238287925720215,12.149810791015625
-4.905686855316162,20.48517608642578
-17.0538272857666,25.01131820678711
-22.67831039428711,27.325956344604492
-18.330039978027344,28.71407127380371
-6.008620738983154,28.0098876953125
8.796331405639648,26.074377059936523
20.164714813232422,21.81608772277832
24.31110382080078,17.168441772460938
21.220884323120117,15.200989723205566
13.246689796447754,15.676568984985352
3.208592176437378,18.826913833618164
-5.555171489715576,22.782695770263672
-10.045404434204102,24.707557678222656
-10.976520538330078,23.641159057617188
-8.33661937713623,21.0958309173584
-2.5158920288085938,19.62734031677246
4.15912389755249,19.520448684692383
9.199467658996582,21.31232452392578
10.810965538024902,23.815690994262695
8.22096061706543,22.302940368652344
3.478114604949951,14.285114288330078
-1.5626463890075684,0.16931279003620148
-4.1862640380859375,-16.53002166748047
-2.9332239627838135,-29.01824951171875
-0.5242224335670471,-34.868621826171875
-1.0210959911346436,-34.18030548095703
-6.1973490715026855,-29.941640853881836
-15.710180282592773,-25.08793830871582
-25.804019927978516,-21.28643798828125
-31.01430320739746,-19.591848373413086
-29.610530853271484,-17.188066482543945
-22.96077537536621,-12.56672477722168
-15.828970909118652,-5.714463233947754
-15.29451847076416,0.5885237455368042
-21.126310348510742,3.205460548400879
-29.14121437072754,0.2465578317642212
-32.11911392211914,-6.531381607055664
-24.582714080810547,-12.859211921691895
-5.3269853591918945,-13.878429412841797
20.288724899291992,-6.597561836242676
38.09454345703125,5.819892406463623
42.516300201416016,17.27574920654297
34.775508880615234,24.479164123535156
18.60728645324707,25.155370712280273
2.3856191635131836,19.755523681640625
-4.214447975158691,11.981959342956543
1.8317514657974243,7.392768383026123
14.976770401000977,6.3436970710754395
25.306102752685547,7.12449836730957
25.697965621948242,8.166053771972656
15.773229598999023,5.36226749420166
-1.6325844526290894,-1.123602271080017
-18.14068603515625,-7.821791648864746
-27.834102630615234,-13.410783767700195
-28.268972396850586,-15.263829231262207
-21.556169509887695,-12.765474319458008
-10.733929634094238,-8.945393562316895
1.5524166822433472,-3.4745655059814453
10.4049072265625,2.7939741611480713
16.45131492614746,9.034329414367676
19.480573654174805,16.410396575927734
18.412504196166992,23.086456298828125
14.289289474487305,25.558923721313477
7.772104263305664,21.320884704589844
2.3213179111480713,8.46543025970459
0.3162871301174164,-9.884443283081055
2.999613046646118,-27.015514373779297
8.480879783630371,-36.109134674072266
12.137493133544922,-35.99744415283203
10.519940376281738,-26.440351486206055
4.2726945877075195,-9.203642845153809
-3.6509766578674316,7.2823286056518555
-8.727645874023438,16.797039031982422
-6.775434494018555,17.855087280273438
-0.6114884614944458,12.439166069030762
5.06372594833374,3.6534817218780518
6.539106369018555,-4.470818042755127
1.3970915079116821,-9.63245677947998
-8.329103469848633,-12.241460800170898
-15.478862762451172,-13.610785484313965
-17.76093292236328,-13.579052925109863
-12.858794212341309,-12.998461723327637
-3.6198697090148926,-12.342087745666504
1.6607685089111328,-10.22912311553955
-0.387477844953537,-7.341828346252441
-8.483593940734863,-5.017378807067871
-17.865943908691406,-3.4839603900909424
-20.90021324157715,-3.102328062057495
-14.908711433410645,-4.467686176300049
-2.2808165550231934,-5.054331302642822
12.748146057128906,-5.655798435211182
22.1319580078125,-6.3716721534729
23.249088287353516,-7.842877388000488
17.16343116760254,-10.46586799621582
8.574199676513672,-14.415178298950195
2.6814467906951904,-18.222522735595703
1.7359257936477661,-19.74821662902832
4.6117377281188965,-18.694971084594727
7.778367042541504,-15.191177368164062
8.37732982635498,-11.546046257019043
4.684807777404785,-8.0614595413208
-1.241766333580017,-6.082108020782471
-7.727844715118408,-5.646195411682129
-12.114736557006836,-5.977304935455322
-14.157346725463867,-5.773545265197754
-13.504730224609375,-5.047859191894531
-9.916802406311035,-4.258289813995361
-3.7413742542266846,-4.794412136077881
4.6338677406311035,-6.953306674957275
12.985936164855957,-10.185907363891602
17.563852310180664,-13.464228630065918
17.786401748657227,-13.745233535766602
15.581995964050293,-11.694690704345703
14.968002319335938,-5.496506690979004
17.451744079589844,3.798994779586792
21.272031784057617,14.117262840270996
23.016517639160156,24.487932205200195
19.965965270996094,31.97903060913086
10.186325073242188,35.84587478637695
-4.7457685470581055,33.798255920410156
-18.14820098876953,25.16246795654297
-26.207155227661133,10.935393333435059
-26.281896591186523,-5.84703254699707
-18.01270866394043,-20.985809326171875
-4.0927348136901855,-31.07067108154297
11.629554748535156,-33.67675018310547
23.209213256835938,-28.108219146728516
29.040170669555664,-17.675336837768555
27.16541290283203,-4.285012245178223
16.921466827392578,7.7178239822387695
3.448469400405884,13.234580993652344
-7.76229190826416,10.694263458251953
-12.710358619689941,0.7240157127380371
-10.49843692779541,-9.6616849899292
-4.790236473083496,-16.231897354125977
0.4286056160926819,-16.554656982421875
1.37851083278656,-12.250646591186523
-2.1874961853027344,-7.581287860870361
-6.873556137084961,-6.100270748138428
-9.22138786315918,-8.19423770904541
-6.952262878417969,-9.882146835327148
-1.2517873048782349,-8.607603073120117
4.632823944091797,-2.082902193069458
5.711122989654541,6.790256977081299
1.1419740915298462,13.35462474822998
-5.621142864227295,15.02917194366455
-10.582571029663086,11.650640487670898
-7.862292766571045,6.076888561248779
0.8778795003890991,1.201473593711853
11.801790237426758,-0.2762032151222229
18.53192138671875,1.794172763824463
16.907270431518555,5.5044403076171875
9.706779479980469,8.193194389343262
1.0279854536056519,9.174623489379883
-2.0651566982269287,8.340376853942871
4.013819694519043,7.7769060134887695
16.14337921142578,8.314698219299316
27.184202194213867,6.662071704864502
29.967527389526367,3.06767201423645
21.35825538635254,-2.8833279609680176
3.0054585933685303,-9.44706916809082
-16.98618507385254,-11.969432830810547
-27.570634841918945,-8.889025688171387
-24.953699111938477,-1.501894235610962
-10.781947135925293,5.711122989654541
8.244969367980957,8.323675155639648
21.281009674072266,4.925728797912598
21.85512924194336,-1.3745442628860474
11.255228996276855,-5.12280797958374
-4.634493827819824,-2.447206497192383
-17.5408878326416,6.97585391998291
-20.96284294128418,18.894973754882812
-15.356732368469238,27.938488006591797
-6.996939659118652,30.11471176147461
-4.455368995666504,24.863300323486328
-11.22391414642334,16.908523559570312
-24.18500518798828,10.992387771606445
-37.48910903930664,10.60303020477295
-45.23553466796875,15.585753440856934
-45.74367904663086,21.16618537902832
-40.80333709716797,22.210872650146484
-31.565038681030273,15.500783920288086
-20.4459285736084,2.5167269706726074
-12.833950996398926,-11.825590133666992
-11.812437057495117,-19.277023315429688
-16.05611228942871,-17.07157325744629
-22.09876251220703,-8.296744346618652
-24.88271713256836,1.8659898042678833
-21.40167999267578,7.192348957061768
-10.665035247802734,5.126983165740967
4.159541130065918,-0.9847699403762817
16.194318771362305,-6.416140556335449
22.717350006103516,-6.547665596008301
20.965139389038086,-1.063058853149414
12.313486099243164,4.362883567810059
1.1991771459579468,5.587321758270264
-7.592561721801758,2.0288307666778564
-10.570253372192383,-4.14826774597168
-7.3480916023254395,-6.687333106994629
-0.1235920712351799,-3.4797849655151367
7.387757778167725,5.293790817260742
11.98175048828125,15.270718574523926
12.510148048400879,20.703760147094727
10.558771133422852,19.458444595336914
9.051239967346191,12.328935623168945
9.812417030334473,3.310680866241455
14.158598899841309,-2.9355204105377197
19.542787551879883,-3.9440901279449463
22.19291877746582,-1.183310627937317
19.064912796020508,2.5202760696411133
9.431619644165039,4.736791610717773
-3.967054843902588,4.747438907623291
-16.04671859741211,2.922159194946289
-21.266395568847656,2.1970996856689453
-18.803321838378906,3.335942029953003
-12.502006530761719,4.657249927520752
-7.089633464813232,5.279594421386719
-7.7890143394470215,4.187933921813965
-15.038357734680176,2.1242387294769287
-24.249515533447266,1.0805954933166504
-28.78755760192871,2.4568099975585938
-25.648069381713867,4.535954475402832
-14.653802871704102,7.160198211669922
0.32547304034233093,8.507601737976074
10.981322288513184,8.163130760192871
12.248350143432617,6.200898170471191
4.650360584259033,2.605663299560547
-5.600683212280273,-0.780174970626831
-11.092805862426758,-5.926156520843506
-7.537028789520264,-12.143129348754883
3.0856263637542725,-19.436731338500977
13.559219360351562,-25.762266159057617
17.95258331298828,-29.118249893188477
13.126646995544434,-29.512617111206055
1.5937532186508179,-25.193157196044922
-9.098005294799805,-18.241939544677734
-11.939787864685059,-11.832061767578125
-3.6950271129608154,-8.099246978759766
12.567769050598145,-6.4332594871521
27.77752685546875,-4.435327053070068
35.149627685546875,-0.7267297506332397
33.54480743408203,5.51091194152832
26.17730140686035,10.914098739624023
17.929201126098633,12.681340217590332
13.787822723388672,9.731831550598145
14.680315971374512,2.857022762298584
17.99141502380371,-4.502342224121094
21.46368408203125,-8.797584533691406
21.124223709106445,-7.978369235992432
18.491628646850586,-5.001303672790527
15.335437774658203,-2.916522264480591
12.26505184173584,-4.531778812408447
10.753972053527832,-10.778815269470215
8.299040794372559,-17.966989517211914
1.5029380321502686,-22.25596809387207
-9.460430145263672,-20.896038055419922
-20.99875259399414,-15.284707069396973
-26.90089988708496,-11.075477600097656
-22.883739471435547,-11.49113941192627
-8.794870376586914,-17.50330924987793
10.40887451171875,-25.21173858642578
25.76184844970703,-27.840158462524414
32.450435638427734,-23.497316360473633
31.463367462158203,-10.647706985473633
24.426761627197266,7.328884601593018
16.392024993896484,22.071205139160156
11.663583755493164,28.413440704345703
9.674211502075195,25.743894577026367
7.240992069244385,16.241918563842773
0.022755973041057587,6.865414142608643
-11.45251750946045,2.3509633541107178
-22.08247947692871,4.5501508712768555
-26.05746841430664,11.419949531555176
-20.212732315063477,17.405187606811523
-4.8299031257629395,19.99540138244629
12.619961738586426,16.73419952392578
24.34910011291504,9.043516159057617
27.139732360839844,-1.2311190366744995
22.3185977935791,-11.214101791381836
15.234184265136719,-17.579511642456055
12.710567474365234,-18.811674118041992
17.03086280822754,-13.505147933959961
24.657453536987305,-1.4553383588790894
28.222415924072266,13.160676956176758
22.266822814941406,25.682933807373047
6.5862884521484375,30.585071563720703
-14.822697639465332,25.163721084594727
-31.133928298950195,10.127869606018066
-34.76047897338867,-8.455826759338379
-24.28980827331543,-23.32027816772461
-4.023005485534668,-29.30572509765625
18.05362892150879,-24.93386459350586
32.01577377319336,-15.310802459716797
34.355464935302734,-8.277955055236816
26.696096420288086,-8.959172248840332
12.060665130615234,-17.104141235351562
-3.6739413738250732,-26.631793975830078
-16.392650604248047,-29.915752410888672
-24.31026840209961,-23.953062057495117
-29.09549331665039,-9.352078437805176
-29.301759719848633,10.174007415771484
-26.178762435913086,26.91342544555664
-20.199369430541992,35.79493713378906
-12.354823112487793,37.22751998901367
-3.6641290187835693,32.863800048828125
4.2453460693359375,24.18145751953125
9.399887084960938,13.374457359313965
11.645838737487793,1.2091981172561646
12.719127655029297,-10.899484634399414
12.629981994628906,-21.647193908691406
10.048327445983887,-28.240787506103516
4.138873100280762,-28.07293701171875
-5.680642127990723,-22.548664093017578
-17.857175827026367,-13.748991966247559
-27.989011764526367,-6.556225299835205
-31.538524627685547,-5.997973442077637
-26.634090423583984,-11.254185676574707
-12.386138916015625,-17.58076286315918
5.914047718048096,-20.283714294433594
20.52317237854004,-15.14399528503418
25.593162536621094,-4.809443473815918
18.96762466430664,6.274594306945801
5.935342311859131,12.396368026733398
-7.299656867980957,9.818471908569336
-14.464030265808105,1.3682811260223389
-12.474865913391113,-9.305940628051758
-5.634086608886719,-16.202043533325195
0.3123205006122589,-16.4506893157959
1.6478246450424194,-12.107847213745117
-2.17643141746521,-7.441829204559326
-7.682124137878418,-5.614670753479004
-10.63309383392334,-7.01969575881958
-7.819286346435547,-9.620556831359863
-0.44927388429641724,-8.071063041687012
5.487320899963379,-1.9394769668579102
6.4272050857543945,6.566246509552002
1.001054048538208,13.67529582977295
-6.706122398376465,15.445459365844727
-10.346034049987793,11.909515380859375
-6.709462642669678,5.860393524169922
2.959529161453247,0.09895716607570648
12.393237113952637,-1.4745452404022217
16.331899642944336,1.8659898042678833
14.559438705444336,5.7775115966796875
8.963139533996582,8.099246978759766
4.462258338928223,8.187557220458984
3.5557773113250732,7.087337017059326
5.664358139038086,7.822000026702881
8.650818824768066,11.623917579650879
10.31931209564209,14.584699630737305
10.952095031738281,13.075498580932617
9.972752571105957,4.011105537414551
4.94994592666626,-9.974214553833008
-3.6209137439727783,-22.858478546142578
-14.737519264221191,-28.092769622802734
-23.960159301757812,-23.82007598876953
-26.541606903076172,-13.086980819702148
-19.069087982177734,0.4943682849407196
-5.372497081756592,10.627038955688477
5.6595563888549805,13.802227973937988
8.276910781860352,12.381962776184082
1.1027251482009888,8.42680835723877
-9.061887741088867,4.084592819213867
-13.428319931030273,0.070355623960495
-7.226378440856934,-4.3818817138671875
6.6292948722839355,-10.398435592651367
19.918365478515625,-18.88056755065918
24.557035446166992,-27.76395606994629
17.057376861572266,-35.93836212158203
1.1634774208068848,-39.60061264038086
-14.903491973876953,-36.7663459777832
-21.466815948486328,-27.081485748291016
-14.128327369689941,-12.283841133117676
5.0754170417785645,-0.09352913498878479
25.986068725585938,3.8653838634490967
37.622093200683594,-2.406496286392212
38.465946197509766,-15.915610313415527
30.436843872070312,-29.928279876708984
19.973690032958984,-38.31938934326172
13.519135475158691,-40.48329162597656
12.92455768585205,-37.704559326171875
16.828771591186523,-32.7487678527832
18.950923919677734,-29.990493774414062
15.542120933532715,-29.969615936279297
6.913640022277832,-30.001558303833008
-5.335962295532227,-27.092342376708984
-15.24316120147705,-18.60039710998535
-19.188920974731445,-5.820518493652344
-18.239643096923828,7.279823303222656
-15.125832557678223,17.573455810546875
-13.282180786132812,20.79165267944336
-12.870277404785156,18.492881774902344
-12.044798851013184,13.003890037536621
-7.417403221130371,6.423447608947754
1.0728710889816284,-0.4114864468574524
11.59093189239502,-6.282527446746826
19.08954620361328,-9.097587585449219
20.770984649658203,-8.70363712310791
16.570106506347656,-2.7716357707977295
10.019516944885254,8.871906280517578
5.754964351654053,22.148658752441406
5.799223899841309,30.5698299407959
9.374834060668945,29.960012435913086
10.791550636291504,19.046749114990234
5.905696868896484,-1.0436432361602783
-6.776478290557861,-21.37140655517578
-22.249496459960938,-32.65440368652344
-32.860042572021484,-33.07716369628906
-35.828128814697266,-25.48815155029297
-30.305944442749023,-13.02476692199707
-19.968469619750977,-1.1465669870376587
-10.89551830291748,5.038464546203613
-9.800308227539062,5.670203685760498
-17.08973503112793,2.5841598510742188
-25.596920013427734,-0.5824694037437439
-28.487764358520508,-0.9599262475967407
-20.98893928527832,-2.785414457321167
-3.171013355255127,-6.833263874053955
18.857810974121094,-11.662331581115723
33.023719787597656,-14.723949432373047
34.92436218261719,-14.055466651916504
27.624706268310547,-7.487132549285889
13.129152297973633,4.087724208831787
0.1179552674293518,13.977386474609375
-4.365597724914551,19.03380584716797
-1.1231846809387207,18.632131576538086
5.369991779327393,15.960495948791504
10.008661270141602,14.678854942321777
9.05771255493164,18.198932647705078
2.667041778564453,26.34807586669922
-3.979789972305298,34.06903076171875
-6.86979866027832,37.456539154052734
-4.704223155975342,35.237518310546875
2.3027374744415283,28.6403751373291
9.120343208312988,22.17078971862793
10.739566802978516,19.704166412353516
5.292538166046143,21.229652404785156
-3.192934274673462,20.879127502441406
-11.071093559265137,14.650253295898438
-13.201178550720215,1.4329999685287476
-7.214895725250244,-14.464447975158691
3.3808276653289795,-25.60798454284668
13.765901565551758,-27.60215950012207
18.017929077148438,-19.70291519165039
12.85775089263916,-7.192975044250488
0.2762032151222229,2.315889835357666
-14.810379981994629,2.9359381198883057
-25.280841827392578,-4.562676906585693
-26.524696350097656,-14.127909660339355
-19.15948486328125,-18.12607192993164
-5.6253180503845215,-12.282379150390625
8.233695030212402,1.5100362300872803
15.693687438964844,13.561724662780762
14.396596908569336,16.921884536743164
7.377528190612793,10.180061340332031
-0.5087734460830688,-3.456820011138916
-3.5386581420898438,-14.331460952758789
0.4181670844554901,-15.777822494506836
9.568781852722168,-7.290679454803467
18.44361114501953,7.110928058624268
21.07808494567871,19.846548080444336
16.090978622436523,25.47144889831543
6.273967742919922,23.836776733398438
-4.227182865142822,16.59954261779785
-8.76271915435791,8.308435440063477
-4.494409084320068,3.0664196014404297
6.717187404632568,1.1156690120697021
19.283077239990234,1.523188829421997
25.956422805786133,3.208174705505371
24.966642379760742,5.96958065032959
17.54193115234375,11.004913330078125
7.589221000671387,18.86616325378418
0.7808012366294861,25.758716583251953
0.06513635814189911,27.79965591430664
4.455160140991211,22.276426315307617
9.98131275177002,9.65479564666748
11.372349739074707,-3.7008726596832275
5.521559238433838,-11.752311706542969
-6.40465784072876,-9.93997573852539
-19.587881088256836,-0.24384382367134094
-27.71635627746582,10.11346435546875
-27.25748062133789,16.20350456237793
-17.32293128967285,15.050675392150879
-0.7816363573074341,8.436203002929688
16.273860931396484,1.0626412630081177
27.149335861206055,-1.1887385845184326
28.966474533081055,3.5733139514923096
22.123397827148438,8.667102813720703
9.766904830932617,8.839129447937012
-2.7396938800811768,0.5666028261184692
-10.448540687561035,-12.91933822631836
-9.648324012756348,-21.82485580444336
-2.331338882446289,-20.4379940032959
8.746644020080566,-6.685245513916016
17.979097366333008,13.516630172729492
20.810232162475586,27.303617477416992
17.609783172607422,28.760417938232422
6.887126445770264,17.763437271118164
-6.631382465362549,-2.9490904808044434
-18.051122665405273,-21.48017692565918
-24.613821029663086,-28.226591110229492
-24.501501083374023,-24.574153900146484
-19.769929885864258,-14.330625534057617
-10.061689376831055,-3.873734712600708
0.694787859916687,0.7741206288337708
9.571913719177246,0.014613927341997623
14.238141059875488,-1.3966739177703857
12.807228088378906,1.021304726600647
6.33033561706543,7.968556880950928
-4.545975208282471,15.185123443603516
-15.184288024902344,16.615617752075195
-21.92089080810547,11.325376510620117
-22.05158042907715,1.6261125802993774
-14.614971160888672,-6.799651622772217
-1.8503320217132568,-8.996541976928711
12.091772079467773,-4.262256145477295
21.74844741821289,4.537415504455566
24.67937469482422,9.368362426757812
21.708572387695312,6.980864524841309
15.974066734313965,-1.5029380321502686
12.182378768920898,-10.653761863708496
12.128725051879883,-12.821633338928223
15.468842506408691,-5.535755634307861
20.24342155456543,8.965227127075195
20.71106719970703,21.876422882080078
14.412672996520996,26.973342895507812
0.4488563537597656,21.615877151489258
-18.573257446289062,8.24267292022705
-35.61602020263672,-5.415712833404541
-44.59711456298828,-12.320584297180176
-45.9593391418457,-12.709315299987793
-40.67515182495117,-10.030791282653809
-27.983165740966797,-6.672301769256592
-12.507851600646973,-6.801530361175537
-1.059927225112915,-9.79133129119873
2.1094160079956055,-11.639784812927246
-2.7770638465881348,-8.435785293579102
-12.549188613891602,1.0332046747207642
-20.989356994628906,14.639188766479492
-22.930713653564453,26.828664779663086
-17.393077850341797,31.792808532714844
-5.274374961853027,28.423879623413086
7.551642417907715,16.546306610107422
13.638134956359863,-0.11628510802984238
9.890288352966309,-15.422703742980957
-2.8217406272888184,-24.691692352294922
-17.94694709777832,-26.033668518066406
-27.582117080688477,-20.23757553100586
-27.766252517700195,-10.857104301452637
-18.413965225219727,-0.26138052344322205
-4.169144630432129,8.665224075317383
6.596309185028076,13.347526550292969
7.398405075073242,13.23896598815918
-0.06430128216743469,10.085697174072266
-9.41262149810791,5.42448091506958
-13.359634399414062,0.01357007585465908
-7.099654674530029,-5.001303672790527
6.334928512573242,-10.538938522338867
19.20123863220215,-18.336721420288086
23.09564208984375,-26.864364624023438
15.487005233764648,-35.60871124267578
-0.3306922912597656,-41.020668029785156
-15.811434745788574,-37.77553939819336
-22.40398597717285,-26.552043914794922
-15.324790954589844,-10.243110656738281
4.673742771148682,2.9701764583587646
25.4996337890625,4.638460636138916
37.45173645019531,-6.959778308868408
37.75320053100586,-22.496679306030273
29.162927627563477,-31.70992660522461
17.641098022460938,-29.17691421508789
8.486307144165039,-14.86507797241211
6.849756717681885,2.2186028957366943
11.494062423706055,10.025362968444824
18.27033233642578,5.707156181335449
23.47936248779297,-2.2532589435577393
25.002342224121094,-4.896083354949951
23.8403263092041,4.399001121520996
20.727142333984375,23.64199447631836
18.484529495239258,40.14320755004883
18.74403190612793,46.0528678894043
18.748416900634766,41.9799690246582
17.32293128967285,26.064565658569336
13.044182777404785,3.835947275161743
5.190449237823486,-12.87424373626709
-3.1697609424591064,-17.531076431274414
-9.595504760742188,-9.83454704284668
-11.424542427062988,2.9386520385742188
-9.837469100952148,13.769451141357422
-6.405284404754639,17.545690536499023
-3.1760239601135254,13.580931663513184
-1.4616014957427979,6.182317733764648
-1.0868586301803589,0.5666028261184692
0.3060573935508728,-0.8910320401191711
4.271650791168213,1.7025225162506104
10.157723426818848,4.175825119018555
15.529385566711426,2.901073455810547
17.261552810668945,-0.9555420875549316
14.55129623413086,-5.302767753601074
7.363749027252197,-4.198581218719482
-1.3004307746887207,4.141586780548096
-8.111355781555176,17.240676879882812
-8.865852355957031,27.910512924194336
-3.860790729522705,30.16105842590332
4.7520318031311035,22.903364181518555
14.352337837219238,8.15311050415039
20.439456939697266,-7.217818737030029
20.902299880981445,-18.714385986328125
15.267796516418457,-24.13176918029785
5.584816932678223,-24.673110961914062
-5.544524192810059,-23.268295288085938
-13.842520713806152,-19.875776290893555
-17.415626525878906,-12.913701057434082
-17.452159881591797,-2.247413158416748
-13.81308364868164,10.712635040283203
-10.005529403686523,22.408578872680664
-6.701947212219238,26.521146774291992
-3.724881410598755,21.171823501586914
-0.6202568411827087,6.014883518218994
4.749317646026611,-10.75501537322998
11.856488227844238,-19.221073150634766
19.7045841217041,-17.7008056640625
24.479164123535156,-7.873983860015869
23.842830657958984,0.9213037490844727
17.2901554107666,-0.03006293624639511
6.602154731750488,-12.462757110595703
-3.8969080448150635,-28.854572296142578
-9.749995231628418,-38.28243637084961
-10.15208625793457,-36.6970329284668
-5.605067253112793,-20.79436683654785
1.9465751647949219,3.513396978378296
7.567718029022217,22.558685302734375
8.953536033630371,28.645803451538086
6.354344367980957,20.83904266357422
0.7409260869026184,5.2683210372924805
-6.212380409240723,-7.088381290435791
-12.227055549621582,-9.585692405700684
-17.203723907470703,-4.317997932434082
-21.30376625061035,0.5023015737533569
-24.28104019165039,-2.4699625968933105
-24.129682540893555,-13.208902359008789
-21.15574836730957,-24.383546829223633
-15.618947982788086,-27.719280242919922
-8.928691864013672,-17.566566467285156
-4.551194667816162,4.107766151428223
-5.049529552459717,24.72071075439453
-10.567331314086914,33.42622756958008
-17.576797485351562,26.41300392150879
-21.961393356323242,6.185866832733154
-20.120872497558594,-17.905611038208008
-11.94542407989502,-31.84729766845703
-1.3962563276290894,-31.081527709960938
7.840372085571289,-18.329832077026367
10.328706741333008,-0.9661893844604492
4.128643035888672,9.690913200378418
-5.954131603240967,9.798847198486328
-16.117908477783203,3.611936569213867
-21.00063133239746,-3.1824958324432373
-21.061174392700195,-5.258299827575684
-16.738584518432617,-2.2993969917297363
-10.534762382507324,0.6611758470535278
-5.864986419677734,1.1407214403152466
-2.6401102542877197,-2.428417205810547
-0.8607603311538696,-7.82450532913208
1.8449039459228516,-9.891541481018066
5.057880401611328,-6.556434154510498
8.21845531463623,2.1092071533203125
9.590076446533203,12.003670692443848
8.828064918518066,18.986413955688477
5.744317531585693,19.91982650756836
0.8605515360832214,16.008304595947266
-3.494816303253174,8.930153846740723
-8.146846771240234,0.8943723440170288
-13.47132682800293,-7.732020378112793
-18.937978744506836,-18.277847290039062
-25.117374420166016,-29.556459426879883
-29.494037628173828,-36.9845085144043
-30.66294288635254,-38.89434051513672
-26.52803611755371,-33.50639343261719
-16.819795608520508,-17.318965911865234
-3.1887588500976562,3.196065902709961
9.720349311828613,18.718978881835938
14.967166900634766,22.636764526367188
12.255866050720215,15.255270004272461
2.8019073009490967,2.5795669555664062
-7.629096508026123,-7.504043102264404
-14.257555961608887,-9.719097137451172
-13.722895622253418,-3.895864248275757
-5.921563148498535,3.8774924278259277
4.020917892456055,5.510076999664307
11.473812103271484,-1.0895726680755615
12.259623527526855,-12.389687538146973
6.765830993652344,-20.813364028930664
-1.3542934656143188,-20.675992965698242
-7.882543563842773,-11.486129760742188
-8.93432903289795,0.7565838694572449
-2.7461657524108887,8.260417938232422
8.59382438659668,5.568950176239014
20.165340423583984,-4.53637170791626
28.079408645629883,-13.453581809997559
30.59676170349121,-16.17824363708496
28.673568725585938,-9.788199424743652
23.235309600830078,2.1503350734710693
17.791622161865234,10.723908424377441
15.398277282714844,8.091939926147461
15.540241241455078,-6.751425743103027
16.988481521606445,-25.795251846313477
16.583885192871094,-38.063018798828125
13.035414695739746,-37.804561614990234
6.237432956695557,-23.92466926574707
-3.398364305496216,0.2530297040939331
-11.645003318786621,22.022144317626953
-17.00831413269043,29.785898208618164
-19.837987899780273,23.917570114135742
-20.628185272216797,7.6123948097229
-22.118804931640625,-11.152514457702637
-24.571439743041992,-23.147624969482422
-27.13326072692871,-24.541793823242188
-30.1685733795166,-15.783041954040527
-31.190921783447266,-2.197934627532959
-28.918039321899414,10.93288803100586
-25.1198787689209,20.399581909179688
-21.25720977783203,24.369558334350586
-18.02815818786621,24.466846466064453
-14.430000305175781,22.33342170715332
-9.924527168273926,19.03380584716797
-2.450129270553589,15.23940372467041
4.19085693359375,10.757311820983887
6.888379096984863,5.692124843597412
1.3046061992645264,0.9432246088981628
-13.319550514221191,-4.2292704582214355
-30.275882720947266,-9.207191467285156
-41.85700225830078,-11.953357696533203
-44.03718948364258,-12.79094409942627
-35.131256103515625,-13.117252349853516
-13.831873893737793,-11.045623779296875
11.634147644042969,-8.106136322021484
28.344337463378906,-7.337026596069336
31.60115623474121,-8.584429740905762
24.651817321777344,-11.083202362060547
13.434374809265137,-11.903879165649414
7.369803428649902,-7.569179058074951
11.66024398803711,1.9033596515655518
22.88144302368164,13.603060722351074
33.67403793334961,22.454299926757812
38.52585983276367,24.833446502685547
36.23752975463867,21.7968807220459
28.0372371673584,12.507433891296387
18.442150115966797,1.2311190366744995
13.667362213134766,-5.654128551483154
17.502683639526367,-5.034915447235107
25.966026306152344,2.875394582748413
31.071924209594727,13.539803504943848
28.219911575317383,22.338014602661133
16.466556549072266,25.405895233154297
-0.4346599578857422,21.45679473876953
-14.787833213806152,11.60742473602295
-20.430688858032227,-0.541759192943573
-17.658008575439453,-10.558144569396973
-9.463770866394043,-15.727090835571289
-1.0117013454437256,-15.670931816101074
3.961209297180176,-10.052294731140137
5.378969192504883,-1.958266258239746
5.338258743286133,4.670193672180176
6.992137908935547,7.343915939331055
11.760245323181152,4.934496879577637
18.058639526367188,-1.4037721157073975
23.125078201293945,-5.711957931518555
24.79753875732422,-3.2467970848083496
23.59731674194336,7.7549848556518555
21.64468765258789,24.402753829956055
19.65635871887207,38.52941131591797
19.675148010253906,44.379573822021484
19.927968978881836,40.58955764770508
18.42440414428711,26.379182815551758
13.357964515686035,4.615704536437988
4.781050682067871,-12.946061134338379
-3.883546829223633,-17.786819458007812
-9.553750991821289,-10.151668548583984
-11.706172943115234,3.4023311138153076
-9.788617134094238,14.435846328735352
-5.6069464683532715,17.81416893005371
-2.6783154010772705,13.540847778320312
-1.143852949142456,6.483990669250488
-0.17787237465381622,1.2225594520568848
0.32025378942489624,-0.5494836568832397
3.118403434753418,0.940510630607605
9.69153881072998,3.0735177993774414
15.502037048339844,2.3584790229797363
18.83797836303711,-0.6549127101898193
17.029191970825195,-3.7173655033111572
7.440159320831299,-4.441798686981201
-7.166460990905762,-1.2534574270248413
-22.10189437866211,3.118194580078125
-31.36858558654785,5.444522857666016
-33.631446838378906,5.09232759475708
-29.376916885375977,1.860561728477478
-21.228609085083008,-0.5463520884513855
-14.495137214660645,0.5528240203857422
-11.588008880615234,4.446600437164307
-12.14500904083252,8.502592086791992
-12.309728622436523,8.788398742675781
-9.562519073486328,2.611299991607666
-1.967660903930664,-6.9092559814453125
7.775861740112305,-16.33502960205078
14.005988121032715,-20.965557098388672
12.077993392944336,-21.06451416015625
-0.400212824344635,-17.51813316345215
-19.359695434570312,-13.184476852416992
-35.64942169189453,-12.383842468261719
-42.478511810302734,-15.687633514404297
-38.71625900268555,-22.03968048095703
-25.195663452148438,-28.26082992553711
-6.725955486297607,-30.833717346191406
7.295898914337158,-28.547054290771484
10.155635833740234,-22.692089080810547
1.1091971397399902,-16.00788688659668
-14.246282577514648,-10.43163013458252
-25.91111946105957,-7.421578407287598
-27.239107131958008,-6.034717082977295
-16.61332130432129,-4.696707248687744
3.830519199371338,-2.129666805267334
25.62740135192871,2.7941830158233643
38.502689361572266,7.946427345275879
40.775779724121094,12.360251426696777
34.78908157348633,15.050048828125
22.2054443359375,13.902020454406738
9.875048637390137,8.898002624511719
3.6480538845062256,0.27453306317329407
6.531381607055664,-9.920559883117676
15.762581825256348,-19.14403533935547
26.0731258392334,-24.50776481628418
31.477563858032227,-24.684385299682617
30.84102439880371,-20.659082412719727
22.997310638427734,-14.471546173095703
10.958984375,-7.889641761779785
0.2521946430206299,-5.018631458282471
-5.151826858520508,-7.326379299163818
-4.166430473327637,-13.350239753723145
0.9269405603408813,-17.745065689086914
6.649754524230957,-16.476993560791016
7.288174152374268,-7.238069534301758
2.135929822921753,8.69800090789795
-5.864986419677734,24.92697525024414
-12.969234466552734,35.61998748779297
-15.814774513244629,37.725643157958984
-13.29554271697998,32.13727951049805
-7.671685695648193,20.074525833129883
-3.005667209625244,3.9710216522216797
-3.1348962783813477,-9.228277206420898
-8.927857398986816,-15.963836669921875
-14.94775104522705,-15.432098388671875
-16.2857608795166,-9.41846752166748
-9.355001449584961,-0.23987717926502228
5.730956077575684,10.259394645690918
21.876422882080078,17.342138290405273
33.03582763671875,20.095401763916016
35.01726531982422,16.712696075439453
27.342031478881836,7.054351329803467
11.305334091186523,-6.3741774559021
-6.264781951904297,-19.750722885131836
-18.02440071105957,-27.770219802856445
-22.311290740966797,-29.117206573486328
-21.142595291137695,-24.264129638671875
-17.04401397705078,-16.04546546936035
-11.548760414123535,-7.710308074951172
-5.883984565734863,-2.720486879348755
-0.11858157813549042,-2.7737233638763428
5.771039962768555,-6.720318794250488
9.604272842407227,-11.865674018859863
9.040593147277832,-15.364039421081543
3.686676263809204,-14.730212211608887
-4.512363433837891,-8.2610445022583
-10.548958778381348,3.1190295219421387
-11.804922103881836,16.54338264465332
-7.735360622406006,27.649341583251953
-1.4121229648590088,33.894500732421875
2.4194400310516357,33.11661911010742
-0.5914465188980103,22.52528190612793
-10.64561939239502,4.811739921569824
-22.147615432739258,-13.74398136138916
-27.63222312927246,-25.09273910522461
-24.265382766723633,-23.987926483154297
-12.987188339233398,-11.063577651977539
1.7693290710449219,9.548322677612305
8.676915168762207,27.838905334472656
3.6265504360198975,36.02354049682617
-10.493635177612305,32.96234130859375
-26.206737518310547,20.31690788269043
-35.38741683959961,4.343050479888916
-33.772579193115234,-7.572519779205322
-22.3142147064209,-12.402839660644531
-6.539732456207275,-11.163787841796875
4.859756946563721,-9.140176773071289
7.029090404510498,-10.870465278625488
4.137411594390869,-16.03022575378418
1.3645232915878296,-22.059722900390625
4.207558631896973,-24.09502601623535
13.019756317138672,-20.749481201171875
21.984983444213867,-12.185301780700684
24.827600479125977,-2.972472906112671
18.60352897644043,3.1444995403289795
6.537436008453369,4.927816390991211
-5.4977593421936035,3.646801233291626
-8.639127731323242,2.17893648147583
-1.2046051025390625,2.897315502166748
12.223923683166504,6.412173748016357
24.41778564453125,10.336430549621582
27.27668571472168,12.845224380493164
19.947383880615234,12.634574890136719
5.772501468658447,11.424959182739258
-6.907586097717285,11.933106422424316
-10.901989936828613,15.322076797485352
-5.988787651062012,18.457599639892578
3.414231061935425,15.918951034545898
9.699263572692871,3.537822961807251
8.531192779541016,-15.755901336669922
0.6064779758453369,-34.0773811340332
-8.056241035461426,-42.96995544433594
-12.491358757019043,-39.096221923828125
-10.787792205810547,-20.78956413269043
-3.065584421157837,7.028672695159912
5.926364898681641,30.474214553833008
9.9347562789917,39.864707946777344
8.120750427246094,34.66047668457031
0.10856060683727264,19.21376609802246
-11.058568000793457,0.22818604111671448
-21.211488723754883,-10.998650550842285
-28.272939682006836,-10.496766090393066
-31.415142059326172,-3.7916877269744873
-30.804279327392578,4.0802083015441895
-25.53616714477539,8.015948295593262
-15.611014366149902,7.997158527374268
-1.8304988145828247,7.306755065917969
10.644993782043457,8.678793907165527
16.694114685058594,13.979891777038574
14.438560485839844,20.41461181640625
5.72114372253418,23.224870681762695
-4.201504230499268,19.869094848632812
-8.578792572021484,11.052095413208008
-3.4593253135681152,0.5947868227958679
8.869192123413086,-3.954319953918457
21.001466751098633,0.9751664996147156
23.684165954589844,12.853784561157227
15.121657371520996,26.471250534057617
-2.9518046379089355,34.37613296508789
-21.041759490966797,32.080909729003906
-29.134117126464844,21.420469284057617
-22.433839797973633,5.8679094314575195
-2.0810232162475586,-10.950007438659668
21.33675193786621,-21.05010986328125
34.69304656982422,-24.048261642456055
34.821441650390625,-23.55577278137207
24.534069061279297,-20.31022834777832
9.689242362976074,-17.010610580444336
-0.9699472188949585,-13.941060066223145
-1.458052396774292,-10.887584686279297
7.049549579620361,-7.500911235809326
16.306011199951172,-2.322361707687378
19.26679229736328,4.767689228057861
14.128118515014648,13.060257911682129
2.950343132019043,20.678081512451172
-6.217599868774414,25.706106185913086
-7.044330596923828,26.47187614440918
1.845321536064148,22.41860008239746
13.856090545654297,12.285511016845703
21.00564193725586,0.20188096165657043
17.319591522216797,-9.971291542053223
3.7639212608337402,-14.203693389892578
-15.07468318939209,-9.675881385803223
-28.83139991760254,2.0217325687408447
-31.91681671142578,16.408517837524414
-23.347837448120117,26.42740821838379
-5.916553020477295,29.78339195251465
12.154820442199707,23.672266006469727
24.57832908630371,9.364604949951172
28.9552001953125,-7.1794047355651855
28.32659339904785,-20.896663665771484
26.56081199645996,-27.59840202331543
26.00506591796875,-28.331811904907227
27.62449836730957,-22.737810134887695
27.84161949157715,-13.237086296081543
23.136560440063477,-3.8006649017333984
11.89218807220459,4.601299285888672
-4.47415828704834,10.031625747680664
-20.72756004333496,10.776518821716309
-31.085493087768555,8.503008842468262
-33.601593017578125,4.186472415924072
-29.046642303466797,0.20104588568210602
-21.07036018371582,-0.6390461921691895
-14.502653121948242,1.7012698650360107
-11.712018966674805,5.914047718048096
-12.063170433044434,9.027440071105957
-11.944588661193848,7.942252159118652
-8.991532325744629,1.7622308731079102
-2.372466802597046,-7.540160179138184
6.636810779571533,-16.031269073486328
12.359207153320312,-21.0144100189209
10.774431228637695,-21.293535232543945
-0.5344521999359131,-17.227523803710938
-18.920860290527344,-12.703051567077637
-35.65171813964844,-11.51347827911377
-43.79230499267578,-14.749628067016602
-40.69770050048828,-21.214202880859375
-26.674800872802734,-27.842872619628906
-5.7186384201049805,-30.777557373046875
9.500722885131836,-28.300079345703125
10.392172813415527,-22.801692962646484
-2.770174264907837,-16.64505386352539
-19.832143783569336,-11.104496955871582
-27.94600486755371,-7.274604320526123
-21.71942710876465,-3.8754048347473145
-6.109665393829346,-1.7446941137313843
6.326160430908203,-1.7764272689819336
5.629284858703613,-3.7451319694519043
-7.284625053405762,-6.991720199584961
-20.930274963378906,-10.46211051940918
-24.314443588256836,-13.43896770477295
-15.725629806518555,-15.957365036010742
-0.3242204189300537,-18.796850204467773
10.232880592346191,-20.760128021240234
8.489856719970703,-19.903125762939453
-1.7885359525680542,-12.814326286315918
-11.06691837310791,1.240304946899414
-10.821195602416992,19.00937843322754
1.3008482456207275,33.05900192260742
19.016685485839844,36.77030944824219
32.176944732666016,30.197593688964844
35.659027099609375,16.401836395263672
26.71968650817871,0.5235961675643921
7.906552314758301,-9.804483413696289
-11.36608600616455,-10.896561622619629
-21.03340721130371,-4.0430474281311035
-19.945297241210938,4.613199234008789
-11.25293254852295,8.597373008728027
-0.7505295276641846,6.4864959716796875
6.541820049285889,1.756176471710205
9.392580032348633,-0.9995926022529602
9.604690551757812,2.502530574798584
9.35166072845459,12.762969017028809
9.78506851196289,22.17057991027832
10.298017501831055,25.328231811523438
9.579011917114258,20.311689376831055
5.041804790496826,7.2794060707092285
-2.207329273223877,-8.169394493103027
-9.896343231201172,-18.28807830810547
-15.217691421508789,-20.47870445251465
-15.302034378051758,-14.630419731140137
-12.081750869750977,-3.988558292388916
-7.662917137145996,5.923859596252441
-4.93533182144165,11.941875457763672
-5.5662360191345215,13.413080215454102
-8.22659683227539,12.723929405212402
-11.326210975646973,11.473394393920898
-12.573196411132812,10.490503311157227
-11.949390411376953,11.518071174621582
-9.344980239868164,14.79284381866455
-4.580422401428223,19.5352725982666
-0.20877039432525635,27.095056533813477
4.331359386444092,34.61058044433594
8.402173042297363,38.48577880859375
10.852511405944824,37.406227111816406
12.184048652648926,28.761043548583984
13.058170318603516,13.717467308044434
14.53668212890625,-2.4363503456115723
16.4774112701416,-12.855036735534668
18.56699562072754,-13.830411911010742
19.240488052368164,-7.442038059234619
15.51873779296875,0.5150365829467773
7.128047466278076,3.2931442260742188
-5.008401870727539,-2.7380237579345703
-16.82939910888672,-17.202680587768555
-22.830503463745117,-32.2825813293457
-21.101259231567383,-41.43507766723633
-13.598258972167969,-42.75283432006836
-3.55619478225708,-35.08511734008789
3.0762317180633545,-20.36158561706543
0.4887314736843109,-4.36810302734375
-10.365241050720215,6.674180507659912
-24.205883026123047,10.27860164642334
-34.42770004272461,8.438708305358887
-36.32124710083008,3.8626697063446045
-30.175254821777344,-1.5144203901290894
-19.4315128326416,-6.573135852813721
-7.856447219848633,-9.812417030334473
-0.7496944665908813,-11.237275123596191
0.26743486523628235,-10.017220497131348
-3.2597408294677734,-5.524064540863037
-7.838284492492676,-0.13194288313388824
-10.186325073242188,3.065584421157837
-10.55355167388916,2.4328012466430664
-9.632247924804688,-1.3094079494476318
-8.998421669006348,-5.910289764404297
-9.037043571472168,-7.984423637390137
-9.351869583129883,-5.3457746505737305
-8.388812065124512,1.7311240434646606
-4.763722896575928,9.745193481445312
0.4716123044490814,14.253589630126953
5.903191566467285,11.015769958496094
10.219728469848633,2.5716335773468018
13.444812774658203,-7.533270835876465
15.885965347290039,-14.20014476776123
16.843595504760742,-16.27031135559082
16.006633758544922,-16.758625030517578
12.985518455505371,-18.002479553222656
9.646444320678711,-21.511491775512695
7.929516792297363,-24.46413230895996
10.479438781738281,-23.802955627441406
20.171812057495117,-14.875934600830078
32.582794189453125,2.5593161582946777
41.46158981323242,20.884553909301758
43.409420013427734,30.8998966217041
38.54360580444336,32.50199890136719
25.381887435913086,21.398548126220703
5.948077201843262,-2.848254442214966
-9.162723541259766,-25.026559829711914
-13.004934310913086,-35.407039642333984
-4.4443039894104,-32.43519592285156
11.023285865783691,-19.194976806640625
25.129274368286133,-3.8104772567749023
31.298856735229492,5.514669895172119
26.616764068603516,3.684171199798584
14.938565254211426,-5.421767234802246
2.1897926330566406,-14.446493148803711
-4.950572490692139,-17.968868255615234
-2.896898031234741,-12.550858497619629
7.044330596923828,-1.232789158821106
18.551546096801758,8.813033103942871
26.093793869018555,11.45376968383789
26.500478744506836,4.653491973876953
20.47286033630371,-10.368581771850586
10.944579124450684,-27.133678436279297
0.7874819040298462,-38.16886520385742
-7.3228302001953125,-41.330692291259766
-12.536870956420898,-36.61728286743164
-15.099318504333496,-23.630929946899414
-13.203474998474121,-6.390670299530029
-7.7115607261657715,8.48776912689209
0.060334641486406326,15.29451847076416
5.972503185272217,11.146459579467773
7.455816745758057,-1.7718342542648315
4.467477798461914,-18.04381561279297
-2.5163094997406006,-29.473785400390625
-9.800517082214355,-32.6650505065918
-14.059850692749023,-26.05913734436035
-12.690317153930664,-12.671110153198242
-5.070824146270752,1.20001220703125
5.39400053024292,10.966708183288574
14.183860778808594,14.685535430908203
17.543184280395508,13.817885398864746
13.833126068115234,13.508905410766602
4.856416702270508,16.528352737426758
-6.2816925048828125,21.514205932617188
-16.33440399169922,25.691701889038086
-24.147218704223633,24.102123260498047
-27.92742347717285,15.054641723632812
-28.12909698486328,2.819652795791626
-25.583349227905273,-7.566465377807617
-21.19562339782715,-10.596558570861816
-15.553812026977539,-5.128026962280273
-10.014507293701172,2.7467920780181885
-6.294636249542236,5.422811031341553
-3.9409587383270264,-2.4522171020507812
-2.635935068130493,-18.182857513427734
-2.374971866607666,-33.18008804321289
-2.733013153076172,-40.126712799072266
-5.769787311553955,-35.36173629760742
-11.147712707519531,-18.90081787109375
-17.948408126831055,2.9457502365112305
-23.599822998046875,17.89642333984375
-25.25558090209961,20.19477653503418
-21.438213348388672,12.408476829528809
-12.816622734069824,1.9601452350616455
-2.9522221088409424,-2.0186009407043457
3.0192372798919678,4.72885799407959
-0.9275668263435364,19.022323608398438
-12.400126457214355,31.01534652709961
-24.775617599487305,33.26756286621094
-31.19133949279785,23.60003089904785
-25.990869522094727,2.658064603805542
-8.047889709472656,-22.664949417114258
14.53229808807373,-39.71126174926758
29.084638595581055,-43.032169342041016
34.08844757080078,-38.48076629638672
30.57171058654785,-27.252260208129883
20.098743438720703,-11.725379943847656
12.030811309814453,1.4365490674972534
11.462329864501953,9.014496803283691
18.486825942993164,11.610974311828613
25.89379119873047,11.650431632995605
27.223241806030273,10.884452819824219
19.455730438232422,10.764618873596191
5.1002607345581055,11.11577033996582
-7.1549787521362305,12.351273536682129
-10.384865760803223,13.058588027954102
-2.7315518856048584,11.38905143737793
9.659388542175293,7.959371089935303
16.394947052001953,3.9831302165985107
13.007647514343262,1.6131688356399536
0.34969040751457214,3.644087076187134
-15.829597473144531,11.922459602355957
-25.197959899902344,22.540939331054688
-24.351396560668945,32.07861328125
-16.44755744934082,37.607688903808594
-7.424083709716797,36.1920166015625
-3.7042131423950195,27.66228485107422
-8.357913970947266,14.487621307373047
-17.70665168762207,1.2352943420410156
-24.092937469482422,-8.36960506439209
-22.06515121459961,-13.399510383605957
-11.271721839904785,-16.111228942871094
1.2534574270248413,-18.492046356201172
7.846217632293701,-20.227346420288086
5.396714687347412,-19.208127975463867
-3.4159011840820312,-12.495951652526855
-10.796143531799316,1.6497036218643188
-8.98318099975586,19.269716262817383
2.717564105987549,33.09929275512695
19.534019470214844,36.76759719848633
32.97758102416992,29.6468563079834
36.26508712768555,15.968011856079102
27.05497169494629,0.025052446871995926
7.664378643035889,-10.18256664276123
-11.051469802856445,-10.27087688446045
-20.439456939697266,-3.308384418487549
-19.335477828979492,5.496297836303711
-10.893638610839844,9.132452011108398
-1.1014726161956787,6.475222587585449
5.773336410522461,0.8167097568511963
9.397590637207031,-1.531122088432312
10.664408683776855,3.4833340644836426
11.443122863769531,13.491578102111816
11.28738021850586,22.231332778930664
9.50468921661377,24.252647399902344
6.894224643707275,17.983898162841797
5.211117744445801,6.457894325256348
4.361630916595459,-4.590234756469727
5.434293270111084,-9.718470573425293
6.545160293579102,-9.372537612915039
6.469585418701172,-5.722605228424072
5.089613437652588,-1.192496418952942
4.112776756286621,2.067453145980835
5.426777362823486,5.633668899536133
8.282339096069336,11.014934539794922
10.88528823852539,16.848814010620117
10.957731246948242,20.92505645751953
8.786727905273438,19.36679458618164
4.836165904998779,9.932459831237793
2.3261196613311768,-5.003391265869141
3.160992383956909,-18.84278106689453
6.101314544677734,-23.879365921020508
9.104476928710938,-17.881811141967773
11.477360725402832,-3.03781795501709
11.117441177368164,12.296575546264648
8.486099243164062,20.005422592163086
6.881280899047852,16.242753982543945
6.096721649169922,3.0079638957977295
7.637447357177734,-13.02038288116455
10.049580574035645,-21.853666305541992
12.179664611816406,-19.675148010253906
14.491378784179688,-7.699034690856934
16.390146255493164,10.24373722076416
20.017114639282227,25.07729148864746
23.633434295654297,32.498451232910156
25.66790199279785,33.63103103637695
23.159317016601562,30.915971755981445
14.318099975585938,26.70319366455078
0.798964262008667,22.56954002380371
-11.731017112731934,18.881195068359375
-16.55131721496582,14.166532516479492
-13.001384735107422,7.704880237579346
-2.894601583480835,-0.9764190912246704
5.46957540512085,-11.10950756072998
4.064550876617432,-18.55613899230957
-8.447476387023926,-23.624248504638672
-26.957685470581055,-23.660783767700195
-40.779327392578125,-19.039234161376953
-43.760780334472656,-13.50180721282959
-32.763797760009766,-6.9063334465026855
-9.565442085266113,-1.534044861793518
14.46987533569336,0.2707751989364624
25.748905181884766,-2.0601463317871094
21.621305465698242,-7.974194049835205
6.237224102020264,-13.43061637878418
-11.235396385192871,-16.509979248046875
-19.875150680541992,-17.281387329101562
-16.565095901489258,-16.746307373046875
-3.8136086463928223,-16.603927612304688
9.080885887145996,-16.673864364624023
14.759440422058105,-15.554228782653809
11.200323104858398,-11.669638633728027
1.5098274946212769,-1.7607694864273071
-7.09840202331543,13.16777515411377
-7.98525857925415,27.837026596069336
-1.849705696105957,37.57032012939453
6.248706340789795,38.59392166137695
11.497194290161133,32.334774017333984
10.08089542388916,20.5784969329834
3.105250835418701,10.463363647460938
-4.417372703552246,8.276910781860352
-7.290053367614746,13.54439640045166
-4.3633012771606445,20.268264770507812
2.508376359939575,21.42401695251465
8.784849166870117,12.877792358398438
11.438738822937012,-4.001084327697754
9.6026029586792,-20.920045852661133
5.356839656829834,-28.045379638671875
0.16242335736751556,-21.79103660583496
-3.8263437747955322,-4.3852219581604
-5.565401077270508,17.2922420501709
-7.1706366539001465,30.8875789642334
-8.4973726272583,33.399295806884766
-7.8982014656066895,25.91508674621582
-5.204854488372803,14.038347244262695
0.12171313911676407,4.70923376083374
5.632416248321533,0.480380654335022
6.573761940002441,-0.47390878200531006
1.1839368343353271,-3.574984073638916
-8.490900993347168,-11.040613174438477
-15.910808563232422,-22.237178802490234
-15.05777359008789,-31.430381774902344
-4.781885623931885,-33.33311462402344
12.550649642944336,-25.165599822998047
26.897768020629883,-7.752688407897949
31.60637664794922,12.074861526489258
23.51109504699707,28.12429428100586
6.553719997406006,34.436466217041016
-10.888211250305176,32.291561126708984
-19.920454025268555,24.05348014831543
-15.209757804870605,13.354415893554688
-2.3215267658233643,2.1964733600616455
10.158141136169434,-8.521798133850098
12.932281494140625,-17.389320373535156
4.556831359863281,-22.598560333251953
-8.07795238494873,-21.142803192138672
-15.709763526916504,-11.6481351852417
-10.937689781188965,5.148904323577881
5.891918182373047,23.632598876953125
24.87373924255371,35.002445220947266
35.57802200317383,36.58137512207031
34.114959716796875,31.655437469482422
19.240280151367188,18.906455993652344
-4.928651332855225,2.191462755203247
-22.915891647338867,-10.512842178344727
-26.157676696777344,-16.131061553955078
-17.604354858398438,-14.92750072479248
-3.5918946266174316,-10.334760665893555
6.001522541046143,-4.4472270011901855
3.8850080966949463,2.5196497440338135
-8.24705696105957,9.490076065063477
-20.393735885620117,14.882406234741211
-25.433870315551758,17.262805938720703
-18.620439529418945,15.727926254272461
-2.012129068374634,8.80342960357666
15.890767097473145,-1.5757988691329956
24.90004539489746,-11.518071174621582
21.737590789794922,-17.679094314575195
8.776707649230957,-18.073253631591797
-7.291306018829346,-14.626453399658203
-15.944003105163574,-9.456672668457031
-12.716622352600098,-4.783973693847656
-0.6492758989334106,-1.083518385887146
13.66694450378418,4.771656036376953
21.936548233032227,12.218496322631836
19.840702056884766,20.44759750366211
8.091523170471191,25.952455520629883
-8.113443374633789,24.303796768188477
-21.905858993530273,13.74210262298584
-27.26791763305664,-2.977900743484497
-23.202741622924805,-19.063241958618164
-13.732499122619629,-27.362281799316406
-2.1837382316589355,-25.150360107421875
6.297558784484863,-14.820818901062012
8.804056167602539,-1.4889503717422485
6.160605430603027,7.244123935699463
0.5862272381782532,9.624940872192383
-5.26059627532959,9.765443801879883
-9.945821762084961,12.364217758178711
-12.093859672546387,19.95865821838379
-10.918065071105957,30.486114501953125
-7.907596111297607,38.183895111083984
-3.120699882507324,37.86405944824219
1.6480334997177124,27.75706672668457
5.313206672668457,8.69925308227539
4.659755229949951,-11.359614372253418
-1.5599323511123657,-21.845733642578125
-11.090927124023438,-20.700002670288086
-20.849899291992188,-11.337693214416504
-25.930952072143555,0.32568180561065674
-22.858060836791992,6.563950061798096
-10.491756439208984,6.439105033874512
7.969183444976807,0.09749577194452286
24.038448333740234,-7.989016532897949
32.13477325439453,-13.495335578918457
30.691125869750977,-18.770963668823242
19.288923263549805,-25.208606719970703
2.039060354232788,-32.099491119384766
-13.036458015441895,-37.18889617919922
-21.875587463378906,-37.81687545776367
-23.925922393798828,-33.34772872924805
-22.10398292541504,-23.872684478759766
-19.667423248291016,-13.305771827697754
-18.56365394592285,-8.166471481323242
-20.657203674316406,-11.410554885864258
-22.92799949645996,-21.675168991088867
-23.371845245361328,-30.79947853088379
-23.141571044921875,-33.53854751586914
-22.088115692138672,-26.48941421508789
-20.88163185119629,-10.426410675048828
-20.847810745239258,4.114029407501221
-20.294151306152344,10.563364028930664
-17.732330322265625,6.705287456512451
-10.6412353515625,-2.0728812217712402
1.7144224643707275,-7.2048749923706055
14.690128326416016,-4.072275161743164
23.9505558013916,6.202150821685791
24.97478485107422,15.179695129394531
17.948198318481445,17.312702178955078
5.742647171020508,6.8935980796813965
-6.069163799285889,-13.885527610778809
-12.072773933410645,-32.584049224853516
-10.327871322631836,-41.33277893066406
-3.2344796657562256,-38.10163879394531
6.347037315368652,-24.528850555419922
14.815390586853027,-6.803409576416016
18.77973175048828,5.504648685455322
18.39350700378418,7.4754414558410645
16.19870376586914,1.869956374168396
13.031865119934082,-5.367904186248779
10.348121643066406,-10.1318359375
7.645589351654053,-9.568364143371582
4.806938171386719,-6.0823163986206055
3.612145185470581,-2.172464609146118
3.864339828491211,1.8365530967712402
6.362277507781982,5.24410343170166
9.961479187011719,10.548541069030762
11.533520698547363,16.423967361450195
11.125373840332031,19.772016525268555
8.315324783325195,19.081405639648438
4.896500587463379,10.093839645385742
3.261828660964966,-4.868525505065918
3.30525279045105,-18.389957427978516
5.449115753173828,-23.407962799072266
8.130980491638184,-17.61646270751953
10.31534481048584,-3.198988676071167
11.361701965332031,12.495742797851562
10.570462226867676,19.226083755493164
8.73996353149414,15.074475288391113
7.407382011413574,2.259521961212158
6.862908840179443,-12.624554634094238
8.276493072509766,-20.976621627807617
11.569428443908691,-19.473058700561523
15.876570701599121,-8.56083869934082
19.958240509033203,8.119915962219238
22.033836364746094,23.672056198120117
21.698551177978516,33.4944953918457
21.642601013183594,36.01393508911133
23.00169563293457,31.019939422607422
25.626773834228516,22.029451370239258
26.89902114868164,14.272378921508789
23.624874114990234,11.900538444519043
14.80787467956543,14.712884902954102
1.150533676147461,19.321073532104492
-12.143964767456055,18.837560653686523
-19.475563049316406,11.134559631347656
-22.801485061645508,-0.06555390357971191
-23.184370040893555,-9.180469512939453
-21.492494583129883,-10.308455467224121
-20.139036178588867,-3.0760228633880615
-16.559249877929688,6.339939117431641
-10.413884162902832,11.391347885131836
-2.415682077407837,7.883796215057373
2.639901638031006,-4.1641340255737305
2.4019033908843994,-17.5776309967041
-5.262266635894775,-25.413619995117188
-17.396419525146484,-24.359121322631836
-28.20571517944336,-15.827718734741211
-34.826866149902344,-2.6042017936706543
-34.93313217163086,11.267755508422852
-30.228282928466797,21.632369995117188
-21.926944732666016,28.152896881103516
-13.224560737609863,32.26776123046875
-6.211127758026123,33.052528381347656
-1.3559637069702148,31.230588912963867
-0.3465588390827179,25.940555572509766
-2.2027363777160645,16.090978622436523
-5.539095878601074,4.500671863555908
-9.039548873901367,-5.4608073234558105
-11.375480651855469,-11.003661155700684
-11.06503963470459,-10.401985168457031
-9.596756935119629,-7.116565227508545
-8.6572904586792,-5.372497081756592
-8.859380722045898,-7.153517246246338
-11.96713638305664,-13.423101425170898
-15.763834953308105,-21.944272994995117
-16.559249877929688,-28.968353271484375
-11.532476425170898,-31.568588256835938
1.1183829307556152,-29.397167205810547
18.31772232055664,-21.871829986572266
33.41558074951172,-11.404708862304688
40.23193359375,-0.8835163116455078
37.3736572265625,9.309280395507812
26.45830726623535,16.908313751220703
11.443957328796387,21.506898880004883
-0.7701539993286133,21.364309310913086
-5.59984827041626,15.53481388092041
-4.692323207855225,5.639723300933838
-2.210252046585083,-4.599211692810059
-3.510265350341797,-10.787583351135254
-10.763574600219727,-10.283403396606445
-20.870357513427734,-4.2637176513671875
-27.15184211730957,2.3770596981048584
-25.21299171447754,6.033673286437988
-15.552767753601074,4.514242172241211
-1.442603349685669,0.6317391991615295
9.43934440612793,-1.8083691596984863
11.861915588378906,1.0425993204116821
5.729285717010498,10.233298301696777
-4.699421405792236,19.93130874633789
-11.569428443908691,25.594205856323242
-10.86942195892334,23.43468475341797
-2.636770009994507,12.877584457397461
8.233695030212402,0.4929068982601166
15.347755432128906,-6.389626502990723
15.012887954711914,-3.1701784133911133
7.287965774536133,7.361244201660156
-1.9021070003509521,17.64569091796875
-5.427195072174072,20.997499465942383
-1.476424217224121,15.165289878845215
8.504470825195312,3.0396969318389893
20.055736541748047,-8.784431457519531
26.362897872924805,-13.739179611206055
26.068532943725586,-11.645003318786621
20.142793655395508,-5.878556728363037
12.060039520263672,-2.4601502418518066
6.30757999420166,-3.9718565940856934
6.554137706756592,-9.373790740966797
12.368184089660645,-12.796581268310547
19.53631591796875,-9.215751647949219
24.753070831298828,1.3394708633422852
25.94410514831543,12.577372550964355
24.30316925048828,16.17928695678711
21.226520538330078,7.494648456573486
16.979087829589844,-11.409510612487793
12.652112007141113,-27.939533233642578
8.455201148986816,-32.5771598815918
3.291682720184326,-22.533214569091797
-2.038851737976074,0.6469794511795044
-6.539106369018555,23.910472869873047
-8.771279335021973,34.10702896118164
-9.099466323852539,27.657901763916016
-8.368144035339355,7.194436550140381
-6.4616522789001465,-17.74172592163086
-5.0906572341918945,-33.082801818847656
-4.1488938331604,-33.410362243652344
-3.99774432182312,-22.92027473449707
-2.7693393230438232,-9.456254959106445
0.0822555348277092,-2.7954354286193848
4.217788219451904,-6.684201717376709
7.852063179016113,-17.84694480895996
9.815757751464844,-28.41970443725586
10.086114883422852,-32.117862701416016
8.116157531738281,-29.253116607666016
4.966856479644775,-23.63823699951172
0.4306933283805847,-19.14215660095215
-3.8440892696380615,-18.844032287597656
-7.513437747955322,-20.29853630065918
-10.565451622009277,-19.278484344482422
-10.619315147399902,-11.181533813476562
-5.878556728363037,3.843045234680176
2.6943907737731934,19.663040161132812
14.110373497009277,29.1965389251709
24.975202560424805,28.39736557006836
30.948331832885742,20.123794555664062
29.53516387939453,9.007607460021973
19.264705657958984,1.7405186891555786
3.0791544914245605,4.610276699066162
-11.593228340148926,14.154423713684082
-19.559072494506836,21.776212692260742
-19.49456214904785,21.805648803710938
-12.972991943359375,11.942084312438965
-5.185856342315674,-7.7708516120910645
-0.556373119354248,-28.963134765625
-2.6503400802612305,-41.53257369995117
-8.65916919708252,-43.509002685546875
-14.459646224975586,-35.75297164916992
-14.526660919189453,-20.508350372314453
-5.594002723693848,-3.6912691593170166
8.525138854980469,8.575870513916016
21.36598014831543,13.411201477050781
24.97165298461914,12.538749694824219
17.96051597595215,9.478592872619629
3.6169469356536865,5.698179244995117
-11.870893478393555,2.048454999923706
-19.010841369628906,-1.1377986669540405
-14.137930870056152,-4.649942874908447
0.5703607201576233,-8.113234519958496
16.943805694580078,-10.149789810180664
26.431793212890625,-9.024518013000488
24.478328704833984,-4.859756946563721
12.398664474487305,1.202934980392456
-4.17749547958374,8.058328628540039
-15.752769470214844,11.34395694732666
-16.655284881591797,9.163350105285645
-8.77107048034668,3.332392930984497
4.853494167327881,-3.6576571464538574
16.321250915527344,-8.11866283416748
20.313358306884766,-7.155813694000244
17.493497848510742,-0.63716721534729
10.808877944946289,7.8888068199157715
5.040343761444092,13.850245475769043
3.6756114959716797,12.948357582092285
7.3073811531066895,5.580015182495117
12.502214431762695,-4.625308036804199
15.553603172302246,-12.430606842041016
13.504103660583496,-13.117670059204102
6.321358680725098,-6.266660690307617
-2.9774832725524902,5.731164932250977
-12.469228744506836,16.110811233520508
-19.21272087097168,19.478487014770508
-22.199390411376953,15.877614974975586
-21.3689022064209,7.192975044250488
-16.655492782592773,-1.30418860912323
-10.081521987915039,-4.7891926765441895
-3.7480547428131104,-1.2659837007522583
-0.5212996602058411,6.938483715057373
-3.164750337600708,15.269675254821777
-12.321002006530762,18.978899002075195
-25.027395248413086,17.230445861816406
-36.253604888916016,12.959839820861816
-40.89039611816406,8.809066772460938
-38.07304000854492,6.556016445159912
-26.21822166442871,8.270230293273926
-8.334322929382324,11.696778297424316
8.93808650970459,14.56904125213623
19.892269134521484,15.536274909973145
23.041778564453125,14.121020317077637
22.6240291595459,10.4664945602417
22.976016998291016,6.0046539306640625
25.909658432006836,0.05803816765546799
29.432659149169922,-7.2796149253845215
30.15145492553711,-14.894097328186035
23.730304718017578,-21.033199310302734
8.739128112792969,-23.667673110961914
-11.544376373291016,-21.292491912841797
-28.278366088867188,-14.895976066589355
-33.642303466796875,-8.560003280639648
-26.121143341064453,-4.650986671447754
-6.923035144805908,-4.044300079345703
15.213098526000977,-5.518636703491211
29.700510025024414,-5.137839317321777
33.37131881713867,-0.6893598437309265
26.14348030090332,7.949350357055664
12.166929244995117,17.344852447509766
-1.944278597831726,22.61922836303711
-12.64417839050293,20.369935989379883
-18.984952926635742,10.19905948638916
-21.497713088989258,-1.6469895839691162
-22.52215003967285,-9.569408416748047
-22.7401065826416,-9.50865650177002
-21.396041870117188,-1.759934425354004
-16.989107131958008,7.60341739654541
-9.567320823669434,11.701163291931152
-1.8563863039016724,7.151220798492432
2.7996108531951904,-4.78794002532959
0.7918660640716553,-17.593915939331055
-7.262077808380127,-25.246185302734375
-18.026071548461914,-24.07185173034668
-28.706764221191406,-14.862781524658203
-34.38323211669922,-1.4549208879470825
-34.58720016479492,12.389060974121094
-29.671283721923828,22.147197723388672
-21.65533447265625,28.20362663269043
-12.498456954956055,32.07965850830078
-4.672698974609375,33.88468551635742
0.0411277674138546,32.210975646972656
0.9415544867515564,26.207782745361328
-2.157850742340088,15.549427032470703
-6.533260822296143,3.1284244060516357
-9.399260520935059,-5.509450435638428
-9.395503044128418,-6.5269975662231445
-6.01530122756958,-1.2707853317260742
-1.5102449655532837,5.017169952392578
1.5920829772949219,5.338885307312012
2.4225716590881348,-2.7367711067199707
1.6434404850006104,-13.867364883422852
-0.5085646510124207,-22.553464889526367
-3.7006640434265137,-22.439058303833008
-6.585453033447266,-10.813679695129395
-8.650818824768066,8.372736930847168
-8.321378707885742,26.22677993774414
-5.1750006675720215,34.751502990722656
0.4110688865184784,32.512020111083984
6.085657119750977,21.574331283569336
9.20301628112793,7.8727312088012695
8.865852355957031,-2.2428202629089355
7.258111476898193,-5.2274017333984375
5.408823490142822,-3.1845834255218506
5.416547775268555,-1.5400991439819336
5.1750006675720215,-1.9668258428573608
1.4453173875808716,-3.9992055892944336
-7.037023544311523,-3.472060441970825
-19.290802001953125,1.0236011743545532
-27.04641342163086,9.106773376464844
-26.31905746459961,17.53525161743164
-15.040654182434082,18.588706970214844
4.461632251739502,9.069194793701172
22.722986221313477,-9.6934175491333
30.543943405151367,-27.939950942993164
24.97165298461914,-37.2857666015625
9.684858322143555,-33.60639572143555
-10.697186470031738,-15.680744171142578
-23.829051971435547,7.014685153961182
-23.340320587158203,23.118606567382812
-13.760683059692383,25.300256729125977
-1.5590972900390625,15.687424659729004
4.1488938331604,-0.20146343111991882
-0.41607940196990967,-12.345219612121582
-10.89844036102295,-14.023733139038086
-19.253849029541016,-5.001929759979248
-18.189119338989258,8.909276008605957
-6.209875106811523,20.79520034790039
11.214310646057129,25.725313186645508
25.48105239868164,21.03758430480957
30.767953872680664,12.354405403137207
24.872486114501953,3.684379816055298
11.063995361328125,-2.3983542919158936
-2.6313419342041016,-3.0668370723724365
-10.146867752075195,2.3900034427642822
-9.589658737182617,12.547517776489258
-3.8221683502197266,25.142427444458008
1.9601452350616455,37.25632858276367
4.754537105560303,44.40817642211914
4.942430019378662,46.53909683227539
3.1265454292297363,43.51797866821289
-0.3530307412147522,34.65400695800781
-5.588574409484863,22.507535934448242
-13.216835975646973,10.795934677124023
-22.553464889526367,1.4774680137634277
-29.546438217163086,-5.152035713195801
-31.163782119750977,-11.246460914611816
-25.29900550842285,-18.035673141479492
-12.42142105102539,-24.902341842651367
2.5409443378448486,-29.31950569152832
12.942720413208008,-27.447460174560547
13.961102485656738,-19.5640811920166
6.000478744506836,-5.755173206329346
-5.575839519500732,10.081313133239746
-13.921018600463867,21.288942337036133
-15.58804988861084,26.108407974243164
-11.367756843566895,26.7497501373291
-6.791927337646484,24.50567626953125
-7.106335163116455,22.568288803100586
-14.089078903198242,20.9553279876709
-22.803571701049805,16.88451385498047
-26.820940017700195,9.82807445526123
-22.353254318237305,-1.3580514192581177
-7.800288200378418,-12.457746505737305
10.179644584655762,-17.80268669128418
23.364330291748047,-14.788668632507324
27.069168090820312,-5.847449779510498
19.709177017211914,5.575839519500732
5.469157695770264,14.299727439880371
-7.266253471374512,15.705378532409668
-12.934369087219238,10.772761344909668
-10.670045852661133,3.5113091468811035
-3.8808326721191406,-1.5225625038146973
3.354104995727539,-2.549086570739746
8.37774658203125,0.15970934927463531
11.547090530395508,2.5503389835357666
15.491180419921875,2.3952226638793945
19.127334594726562,0.5087734460830688
21.406063079833984,-1.627365231513977
19.574520111083984,-1.5277817249298096
11.696569442749023,0.530068039894104
-1.1369636058807373,1.88102126121521
-12.821633338928223,1.1058567762374878
-17.08493423461914,-2.492509603500366
-11.245625495910645,-6.564993858337402
3.252016305923462,-7.446004867553711
20.739042282104492,-2.278728723526001
32.925804138183594,6.5704216957092285
35.0370979309082,13.022470474243164
29.777130126953125,13.228109359741211
19.283912658691406,4.754537105560303
9.751873970031738,-10.148537635803223
5.7345051765441895,-23.47038459777832
5.962064743041992,-28.248929977416992
7.821165084838867,-22.00815773010254
7.689013481140137,-8.76522445678711
2.8920962810516357,3.94179368019104
-4.9541215896606445,7.785674095153809
-13.606192588806152,2.2371835708618164
-19.781620025634766,-8.63265609741211
-21.671201705932617,-16.73628807067871
-20.723800659179688,-16.752988815307617
-17.891830444335938,-10.416807174682617
-14.576139450073242,0.2835101783275604
-10.827876091003418,9.574627876281738
-6.5610270500183105,14.394718170166016
-1.5369676351547241,16.319372177124023
3.4121432304382324,17.97032928466797
6.158100128173828,21.524019241333008
6.743074893951416,25.66518783569336
6.241399765014648,26.515718460083008
6.1727142333984375,20.69540786743164
8.221169471740723,6.100270748138428
11.272139549255371,-11.994902610778809
13.561306953430176,-23.603580474853516
11.330803871154785,-25.5925350189209
2.652427911758423,-17.04735565185547
-11.264832496643066,-3.481663703918457
-25.319255828857422,6.888796806335449
-34.0809326171875,9.200719833374023
-35.048789978027344,4.7793803215026855
-26.676889419555664,-1.0993849039077759
-13.192200660705566,-4.1019206047058105
0.07160824537277222,-2.7067081928253174
6.366035461425781,-0.22463694214820862
3.9372007846832275,-2.3927173614501953
-3.363917350769043,-12.578624725341797
-9.517215728759766,-27.902162551879883
-10.515555381774902,-40.521915435791016
-3.9781198501586914,-45.57353210449219
7.847052574157715,-40.58224868774414
18.71501350402832,-25.066225051879883
23.908594131469727,-7.351640701293945
21.08977699279785,3.9225869178771973
11.839995384216309,3.979789972305298
1.2286137342453003,-3.979372501373291
-4.184175968170166,-12.820172309875488
-1.8135883808135986,-15.730013847351074
7.44851016998291,-9.658761978149414
17.531911849975586,2.2557640075683594
22.178722381591797,14.794513702392578
20.141958236694336,21.68748664855957
12.4335298538208,21.827362060546875
4.623220443725586,16.72751808166504
2.076847791671753,10.060436248779297
7.875445365905762,6.036386966705322
19.14695930480957,5.6595563888549805
28.764175415039062,8.139122009277344
30.671293258666992,10.49697494506836
22.218807220458984,9.884443283081055
5.3956708908081055,4.97416353225708
-11.970477104187012,-5.242433071136475
-21.319005966186523,-18.470333099365234
-18.83672523498535,-31.8134765625
-6.986292362213135,-42.20001220703125
5.651205539703369,-45.86184310913086
12.927688598632812,-41.84739685058594
10.965873718261719,-30.194669723510742
-0.14551296830177307,-13.014120101928711
-12.100749015808105,1.2876957654953003
-17.4003849029541,5.977304935455322
-13.030821800231934,-0.055532924830913544
-1.0747499465942383,-11.838951110839844
11.443331718444824,-21.724647521972656
17.618968963623047,-24.409015655517578
14.779899597167969,-17.877843856811523
3.8374085426330566,-6.496934413909912
-9.425983428955078,2.512134075164795
-17.70289421081543,2.41589093208313
-18.870128631591797,-7.900497913360596
-13.695128440856934,-22.6586856842041
-6.230334758758545,-32.694068908691406
-0.04989612475037575,-32.76212692260742
1.7156751155853271,-22.638643264770508
0.4636790454387665,-5.601935863494873
-1.064937710762024,10.435178756713867
-1.9607715606689453,18.84361457824707
-1.8791422843933105,20.182043075561523
-1.0526202917099,17.13044548034668
-0.4190021753311157,12.864222526550293
-0.29708027839660645,8.048725128173828
0.18434426188468933,1.724025845527649
0.47390878200531006,-6.645787715911865
0.3693148195743561,-15.540032386779785
-0.5436381101608276,-21.36577033996582
-3.4332289695739746,-20.46889305114746
-6.58190393447876,-10.090082168579102
-8.305303573608398,7.767511367797852
-7.964799404144287,25.073741912841797
-4.032608985900879,34.583648681640625
1.978516936302185,33.29658126831055
7.055186748504639,21.93425178527832
9.714295387268066,7.520953178405762
8.930570602416992,-3.1165244579315186
6.555181503295898,-6.705078601837158
5.940561294555664,-4.398374557495117
5.853086471557617,-1.1346670389175415
5.119258880615234,-1.20001220703125
1.2355031967163086,-3.611936569213867
-7.783586502075195,-4.883139610290527
-19.075349807739258,-0.8108642101287842
-26.629915237426758,9.536422729492188
-25.07917022705078,19.548215866088867
-13.60744571685791,21.27766990661621
5.1340813636779785,10.121188163757324
22.21129035949707,-12.730609893798828
28.43222999572754,-32.37799072265625
23.5181941986084,-39.166160583496094
9.88966178894043,-28.69486427307129
-8.674201011657715,-1.5131677389144897
-21.94322967529297,23.950347900390625
-23.939701080322266,34.70891189575195
-17.80435562133789,30.614089965820312
-7.022201061248779,15.960704803466797
2.024655342102051,1.6035653352737427
3.6050469875335693,-2.9739341735839844
-1.8542985916137695,1.9812309741973877
-10.32369613647461,9.559178352355957
-15.938993453979492,13.363183975219727
-17.87032699584961,11.421619415283203
-16.84756088256836,5.373123645782471
-16.07093620300293,-2.4142208099365234
-19.79874038696289,-9.053536415100098
-26.71613883972168,-13.392203330993652
-32.34521484375,-16.568017959594727
-33.03520202636719,-17.151113510131836
-24.582504272460938,-15.409342765808105
-8.682760238647461,-10.02765941619873
6.572718143463135,-1.4227702617645264
13.496587753295898,7.621371746063232
8.421380043029785,14.841069221496582
-3.842001438140869,18.22210693359375
-14.882197380065918,16.00600814819336
-17.314163208007812,8.317830085754395
-9.146021842956543,-2.3956401348114014
7.132222652435303,-12.598875999450684
21.3192138671875,-19.396438598632812
25.516334533691406,-19.662830352783203
18.190372467041016,-13.145853996276855
0.9476088285446167,-0.834037721157074
-17.003931045532227,15.2049560546875
-28.067508697509766,27.890472412109375
-29.788612365722656,34.9325065612793
-26.474172592163086,36.28512954711914
-22.932174682617188,29.9401798248291
-22.51233673095703,16.4774112701416
-26.915931701660156,1.4177597761154175
-33.41599655151367,-9.208026885986328
-37.66572570800781,-12.369019508361816
-35.98992919921875,-7.924715042114258
-27.681074142456055,0.6334093809127808
-13.05775260925293,9.041845321655273
2.0724637508392334,11.600326538085938
12.35837173461914,6.3528828620910645
16.68973159790039,-4.137620449066162
16.078243255615234,-16.2367000579834
15.471973419189453,-23.506710052490234
16.64338493347168,-23.842205047607422
20.747392654418945,-18.459060668945312
24.9549503326416,-8.471693992614746
25.552242279052734,0.28016987442970276
21.212324142456055,4.781050682067871
10.991552352905273,3.212141275405884
-0.46660181879997253,-2.570798635482788
-8.703011512756348,-8.163130760192871
-9.9570951461792,-12.08592700958252
-4.424262046813965,-11.612226486206055
2.1307106018066406,-7.228048324584961
5.253080368041992,-2.415473461151123
0.9985488057136536,0.8918671011924744
-10.36378002166748,0.08872741460800171
-22.5549259185791,-5.346609592437744
-29.19716453552246,-12.155864715576172
-26.21905517578125,-17.57596206665039
-12.963388442993164,-20.385385513305664
4.456203937530518,-17.926904678344727
17.99329376220703,-10.886331558227539
20.6008358001709,-1.0538729429244995
12.538331985473633,9.795506477355957
-2.3183951377868652,19.52483367919922
-16.34964370727539,26.43701171875
-21.95178985595703,30.168365478515625
-19.097898483276367,31.95564842224121
-10.441442489624023,29.47044563293457
-1.0576307773590088,20.96200942993164
2.6069159507751465,6.941615581512451
-0.04300669953227043,-9.39424991607666
-7.028881549835205,-22.904407501220703
-13.218923568725586,-28.35373306274414
-14.1295804977417,-24.063919067382812
-9.399260520935059,-12.189059257507324
0.17244434356689453,2.881657600402832
9.491119384765625,13.223307609558105
16.10287857055664,14.484071731567383
20.342586517333984,6.429501533508301
22.17245864868164,-7.18358039855957
23.05702018737793,-17.25612449645996
23.54804801940918,-20.323171615600586
21.78143310546875,-14.980527877807617
16.901216506958008,-4.546810150146484
8.217202186584473,4.0958662033081055
-2.932180166244507,6.314886569976807
-11.984673500061035,2.2818603515625
-17.07032012939453,-4.026763439178467
-16.83315658569336,-5.983359336853027
-11.02871322631836,-0.4868525564670563
-1.9313348531723022,11.771100997924805
7.217401027679443,24.827392578125
14.514344215393066,32.65398406982422
19.870765686035156,32.86609649658203
21.37746238708496,25.716962814331055
19.62462615966797,13.68093204498291
14.034380912780762,1.209406852722168
5.1407623291015625,-8.25519847869873
-4.139081954956055,-15.09326457977295
-11.008671760559082,-21.212116241455078
-14.749001502990723,-28.21323013305664
-15.229591369628906,-34.94858169555664
-13.778636932373047,-38.076171875
-12.288016319274902,-35.77238845825195
-10.794681549072266,-27.18962860107422
-9.033703804016113,-14.292003631591797
-5.838890075683594,-2.0881214141845703
-1.1338319778442383,3.721123456954956
3.3399085998535156,2.05826735496521
5.252871990203857,-4.705475807189941
2.0225675106048584,-12.224132537841797
-6.415722846984863,-17.32606315612793
-16.676578521728516,-16.71290397644043
-25.055160522460938,-12.990320205688477
-27.548295974731445,-8.884015083312988
-20.480167388916016,-4.465181350708008
-8.397162437438965,-1.201473593711853
6.01342248916626,1.9171384572982788
17.989118576049805,5.863107681274414
24.573110580444336,8.68150806427002
29.615123748779297,9.674211502075195
33.65232467651367,6.961657524108887
38.394962310791016,0.8720338940620422
41.75616455078125,-4.421965599060059
41.49060821533203,-6.191503524780273
35.39847946166992,-3.021116256713867
22.966413497924805,2.4753904342651367
8.308226585388184,7.734525203704834
-2.8804051876068115,8.39632797241211
-4.343259334564209,4.151607990264893
3.3159000873565674,-1.5816445350646973
14.983450889587402,-4.276035308837891
23.015682220458984,1.723608374595642
22.837392807006836,13.165478706359863
14.620190620422363,25.03386688232422
2.555349588394165,30.95626449584961
-5.822188854217529,28.606761932373047
-6.518646717071533,19.21856689453125
-0.20355112850666046,8.234530448913574
9.993420600891113,2.670799493789673
17.970537185668945,4.986898422241211
20.58246421813965,12.097618103027344
18.245697021484375,16.866350173950195
11.696361541748047,12.834159851074219
3.9927337169647217,-1.9330050945281982
-3.367048740386963,-20.051769256591797
-9.721393585205078,-31.943540573120117
-15.597026824951172,-30.75960350036621
-20.00103759765625,-13.927699089050293
-20.62213134765625,13.176334381103516
-15.53481388092041,36.83461380004883
-6.329291820526123,46.49838638305664
4.617792129516602,41.75825500488281
14.987208366394043,22.38290023803711
21.549280166625977,-4.293363094329834
23.744709014892578,-24.812570571899414
25.02885627746582,-31.18006706237793
28.345382690429688,-23.650970458984375
32.604923248291016,-6.701529502868652
34.171539306640625,11.649179458618164
29.91596221923828,22.78478240966797
18.30060386657715,22.536346435546875
2.138852596282959,11.286962509155273
-13.402641296386719,-6.826165676116943
-18.41083526611328,-26.946203231811523
-10.436014175415039,-36.748390197753906
3.8937766551971436,-36.71331787109375
17.17491340637207,-29.949365615844727
20.899377822875977,-19.490386962890625
13.473414421081543,-10.053755760192871
-1.014832854270935,-4.896709442138672
-13.3932466506958,-5.074164390563965
-16.460710525512695,-9.012618064880371
-11.079444885253906,-11.85586166381836
-0.7841416001319885,-10.145196914672852
6.066032409667969,-3.4779059886932373
4.204217910766602,4.284386157989502
-4.224677562713623,9.157504081726074
-13.619136810302734,6.178977012634277
-14.825202941894531,1.6200581789016724
-11.591349601745605,-9.227025032043457
-2.35305118560791,-19.307294845581055
8.563135147094727,-19.11125946044922
11.701371192932129,-10.944161415100098
5.02301549911499,5.183351039886475
-8.953118324279785,21.094160079956055
-20.59290313720703,30.18840789794922
-23.205663681030273,30.298219680786133
-17.86949348449707,23.74742317199707
-7.235773086547852,13.073827743530273
2.422154188156128,4.403802394866943
4.25181770324707,1.3659846782684326
-1.3584688901901245,3.740121603012085
-9.929120063781738,8.453739166259766
-16.18221092224121,11.016813278198242
-17.363224029541016,10.76712417602539
-15.599740982055664,6.960822582244873
-15.545251846313477,-0.05803816765546799
-19.768051147460938,-7.11364221572876
-27.059356689453125,-13.378215789794922
-33.25712203979492,-16.401836395263672
-33.572364807128906,-16.601003646850586
-24.81486701965332,-14.111625671386719
-9.117837905883789,-8.306347846984863
6.5489182472229,-1.6471984386444092
13.546483993530273,6.269374847412109
8.666685104370117,13.267775535583496
-3.3248772621154785,18.019390106201172
-13.879472732543945,17.336084365844727
-16.8275203704834,10.705954551696777
-8.851655960083008,-1.24385404586792
6.490045070648193,-14.928544044494629
20.387264251708984,-22.472043991088867
24.91069221496582,-20.969942092895508
17.305604934692383,-9.969412803649902
-0.14238139986991882,6.026783466339111
-17.8139591217041,18.46511459350586
-27.04453468322754,20.724010467529297
-24.969982147216797,14.73188304901123
-10.519940376281738,5.887742519378662
7.7860918045043945,1.331955075263977
19.920869827270508,4.390441417694092
20.332983016967773,12.754826545715332
7.690683841705322,19.965129852294922
-13.333330154418945,20.67828941345215
-32.4878044128418,13.887197494506836
-41.480796813964844,3.692730665206909
-38.99872589111328,-3.4864654541015625
-28.03911590576172,-3.208383321762085
-13.099298477172852,5.446193218231201
-2.5344724655151367,17.90623664855957
0.07348717749118805,27.884416580200195
-5.042848587036133,30.692378997802734
-13.868199348449707,26.21717643737793
-20.203964233398438,17.170320510864258
-21.56827735900879,7.223873138427734
-18.056133270263672,-0.3045960068702698
-13.321639060974121,-5.316338062286377
-12.073400497436523,-9.2431001663208
-14.6389799118042,-11.031845092773438
-19.404373168945312,-10.640192031860352
-22.32569694519043,-6.362695217132568
-19.801244735717773,1.358886480331421
-12.027053833007812,8.843304634094238
-1.0722447633743286,13.1201753616333
8.67127799987793,10.081939697265625
14.043566703796387,-0.03883129358291626
13.319968223571777,-12.924766540527344
7.673146724700928,-24.019033432006836
0.04572071507573128,-28.67837142944336
-6.238685607910156,-26.645782470703125
-8.825141906738281,-21.520469665527344
-6.861656665802002,-18.49684715270996
-0.9102389216423035,-20.262210845947266
5.737219333648682,-25.2459774017334
11.354812622070312,-30.00969886779785
13.646485328674316,-28.9501895904541
11.210761070251465,-20.813156127929688
4.744307041168213,-7.019069194793701
-3.251389980316162,7.241618633270264
-8.690693855285645,14.53668212890625
-8.421171188354492,13.346482276916504
-2.256390333175659,4.263299942016602
7.213016986846924,-6.364782810211182
14.935224533081055,-12.583426475524902
17.017499923706055,-13.096793174743652
11.161909103393555,-6.9649977684021
-1.2599292993545532,1.5497026443481445
-13.673833847045898,8.280460357666016
-21.249067306518555,10.808877944946289
-21.25449562072754,8.861677169799805
-14.15170955657959,4.715914249420166
-3.443876266479492,0.25657880306243896
4.461632251739502,-2.9113030433654785
6.438061237335205,-4.194197177886963
2.071002244949341,-3.230095386505127
-3.2321832180023193,-0.30981525778770447
-4.369772911071777,4.252861499786377
0.6586706042289734,9.389448165893555
10.754179954528809,12.218704223632812
21.48894500732422,12.479458808898926
28.054147720336914,8.359792709350586
26.60361099243164,-0.33925187587738037
16.79119300842285,-10.664617538452148
2.6718435287475586,-20.736536026000977
-8.987356185913086,-26.985870361328125
-13.705985069274902,-29.475248336791992
-9.277130126953125,-29.560216903686523
0.8989652991294861,-28.824718475341797
12.124131202697754,-28.10091209411621
19.716901779174805,-25.038042068481445
22.28874397277832,-19.44424819946289
20.690189361572266,-9.1865234375
17.41499900817871,5.800894260406494
14.364237785339355,21.866193771362305
12.232275009155273,32.88300704956055
10.3433198928833,36.16216278076172
6.224698066711426,30.49237632751465
-1.6342545747756958,15.98325252532959
-9.46105670928955,-3.736154794692993
-11.875068664550781,-21.69813346862793
-7.013223648071289,-32.73979187011719
6.486913681030273,-36.40412902832031
21.239463806152344,-33.534996032714844
29.882976531982422,-26.814260482788086
28.287553787231445,-19.48788070678711
12.720797538757324,-13.254205703735352
-12.686767578125,-7.240365982055664
-35.35317611694336,-1.6127512454986572
-44.801292419433594,3.83636474609375
-41.53111267089844,10.308246612548828
-28.332855224609375,16.133358001708984
-11.96379566192627,19.04633140563965
-3.3348982334136963,18.383485794067383
-8.063130378723145,13.345646858215332
-21.76598358154297,6.693178653717041
-32.14917755126953,1.1499073505401611
-32.981964111328125,-3.0317635536193848
-18.75948143005371,-4.785226345062256
7.381077289581299,-5.722396373748779
31.389253616333008,-8.25916576385498
43.544700622558594,-12.286764144897461
41.59019470214844,-18.054672241210938
29.20802116394043,-22.95033836364746
11.567758560180664,-23.64387321472168
-1.885405421257019,-18.550918579101562
-5.46644401550293,-10.263778686523438
-1.8536722660064697,-1.9841537475585938
3.232809543609619,4.0430474281311035
4.691905975341797,5.644107341766357
2.0282044410705566,5.776467800140381
-1.7576379776000977,7.497779846191406
-2.2465782165527344,12.123296737670898
1.7897886037826538,17.912290573120117
5.224896430969238,20.95804214477539
3.2280077934265137,19.736526489257812
-7.606549263000488,11.697822570800781
-25.939512252807617,-0.08413446694612503
-41.28705978393555,-8.403008460998535
-46.84515380859375,-9.564188957214355
-40.67640686035156,-3.6693484783172607
-20.427139282226562,6.5501708984375
6.202985763549805,13.664231300354004
25.758926391601562,10.764618873596191
30.72661781311035,-0.5688993334770203
22.256593704223633,-13.836257934570312
6.27897834777832,-22.00314712524414
-6.905706882476807,-18.424821853637695
-11.674440383911133,-3.6271767616271973
-6.991720199584961,15.670931816101074
2.4041998386383057,28.919082641601562
9.351869583129883,30.71617889404297
11.206794738769531,22.705867767333984
6.066658973693848,8.65102767944336
-1.4476138353347778,-2.952848434448242
-5.7497453689575195,-6.100688457489014
-5.679598331451416,-0.9043933153152466
-2.3929262161254883,6.489418983459473
1.8269497156143188,10.243110656738281
5.605484962463379,7.249760627746582
8.240167617797852,0.1354919821023941
11.322035789489746,-4.771029949188232
15.673437118530273,-4.624264240264893
18.1763858795166,1.1114935874938965
18.15133285522461,8.887773513793945
13.547319412231445,13.858595848083496
5.037420749664307,13.816633224487305
-2.354094982147217,9.462308883666992
-5.672708988189697,5.365607738494873
-1.5985548496246338,6.014257431030273
8.440587043762207,11.01806640625
17.91208267211914,18.251543045043945
22.062437057495117,22.457639694213867
17.88389778137207,19.75239372253418
7.2794060707092285,10.34728717803955
-3.979372501373291,-1.8304988145828247
-9.662102699279785,-11.447924613952637
-7.019278049468994,-15.705587387084961
1.5108712911605835,-14.435428619384766
10.193840980529785,-11.40303897857666
12.937918663024902,-9.19863224029541
7.458948612213135,-8.361462593078613
-4.499001979827881,-7.890685558319092
-15.798072814941406,-6.773555278778076
-20.887060165405273,-4.298373699188232
-17.169694900512695,-2.1123387813568115
-4.885853290557861,-2.950343132019043
9.208026885986328,-6.958317279815674
19.087249755859375,-12.276534080505371
21.951997756958008,-15.869263648986816
16.621463775634766,-14.357975006103516
5.915300369262695,-6.526162624359131
-6.109874248504639,4.277705192565918
-14.71142292022705,13.333121299743652
-17.788698196411133,15.559030532836914
-16.027929306030273,11.038734436035156
-9.661476135253906,5.403395175933838
-1.4739189147949219,3.045959949493408
6.693596363067627,5.914256572723389
14.069245338439941,11.479239463806152
19.748008728027344,14.48970890045166
24.295236587524414,10.882991790771484
28.507387161254883,-0.05824694037437439
30.80803871154785,-12.767353057861328
30.008237838745117,-20.80877113342285
24.04387664794922,-19.45113754272461
12.14250373840332,-8.400294303894043
-3.703169107437134,7.548093318939209
-18.422943115234375,19.73005485534668
-25.313827514648438,21.435081481933594
-22.51651382446289,14.914765357971191
-10.009078979492188,6.422821044921875
7.221785545349121,0.9438509345054626
19.048002243041992,3.764965295791626
20.19310760498047,12.404301643371582
8.4775390625,20.08538246154785
-12.218704223632812,21.7133731842041
-31.5771484375,14.871549606323242
-41.35073471069336,5.010280609130859
-39.46428298950195,-2.481235980987549
-28.401540756225586,-2.726958751678467
-13.042304039001465,6.108412742614746
-1.280806303024292,18.815221786499023
1.3323726654052734,28.236194610595703
-4.4499406814575195,30.58235740661621
-13.808490753173828,26.227407455444336
-19.83652687072754,17.812707901000977
-20.70501136779785,9.491954803466797
-16.99098777770996,2.06139874458313
-13.123723983764648,-4.219666957855225
-13.133954048156738,-9.858138084411621
-16.030433654785156,-13.235625267028809
-20.069307327270508,-10.545201301574707
-21.074953079223633,-3.0288407802581787
-17.352994918823242,6.247662544250488
-11.141866683959961,10.460858345031738
-4.156618595123291,6.370419502258301
0.2981241047382355,-3.988349437713623
2.0655741691589355,-12.739377975463867
1.6102460622787476,-13.717049598693848
-2.38478422164917,-4.0367841720581055
-10.238517761230469,10.765663146972656
-19.473684310913086,20.595407485961914
-27.082530975341797,20.65887451171875
-30.044565200805664,9.108443260192871
-23.091466903686523,-9.009486198425293
-7.039528846740723,-24.680625915527344
12.326221466064453,-31.444578170776367
28.396947860717773,-28.695072174072266
36.294105529785156,-21.396669387817383
36.89724349975586,-16.189308166503906
32.095523834228516,-16.843595504760742
24.399829864501953,-22.646785736083984
17.7281551361084,-28.397783279418945
13.847740173339844,-29.765230178833008
13.234789848327637,-24.21047592163086
15.779492378234863,-13.729784965515137
19.256772994995117,-3.4996180534362793
22.126529693603516,3.7196619510650635
23.59042739868164,7.551642417907715
21.756380081176758,10.182357788085938
16.19870376586914,14.649001121520996
8.155823707580566,22.339893341064453
-1.0519939661026,30.20865821838379
-8.519084930419922,33.36088180541992
-11.545419692993164,29.863977432250977
-10.41889476776123,18.703113555908203
-6.374386310577393,2.587082624435425
-2.912764549255371,-11.034768104553223
-2.492718458175659,-18.048826217651367
-6.44098424911499,-16.976581573486328
-12.09740924835205,-10.601778030395508
-15.845463752746582,-3.510265350341797
-15.756945610046387,1.5538780689239502
-10.582779884338379,4.135532855987549
-1.9613977670669556,5.6067376136779785
8.075239181518555,7.594440460205078
15.67907428741455,11.25001049041748
19.93256187438965,14.574051856994629
21.06952476501465,14.911842346191406
19.980579376220703,11.247505187988281
16.562589645385742,3.7012903690338135
11.696152687072754,-5.738263130187988
5.980645179748535,-12.78217601776123
0.7148298025131226,-16.13481903076172
-0.6060604453086853,-13.876341819763184
1.8196427822113037,-6.557477951049805
8.456871032714844,3.5509755611419678
17.22439193725586,13.804106712341309
22.409832000732422,21.31441307067871
21.792705535888672,22.922780990600586
14.618520736694336,17.977636337280273
3.5044198036193848,6.544116497039795
-8.365012168884277,-8.658125877380371
-15.29451847076416,-19.872018814086914
-15.003910064697266,-22.903573989868164
-8.072525024414062,-17.569698333740234
3.792314052581787,-6.3869123458862305
15.057355880737305,3.5106828212738037
22.636974334716797,5.239301681518555
25.258085250854492,-2.20691180229187
22.0555477142334,-14.554428100585938
14.869879722595215,-23.465166091918945
3.7852158546447754,-22.22673988342285
-8.992993354797363,-8.500712394714355
-20.911067962646484,10.478812217712402
-28.916160583496094,24.80902099609375
-31.801366806030273,26.053083419799805
-30.871713638305664,11.505544662475586
-26.36143684387207,-12.328935623168945
-21.54593849182129,-31.97402000427246
-19.929847717285156,-37.440673828125
-23.202531814575195,-28.532440185546875
-27.5768985748291,-8.147055625915527
-28.724300384521484,13.827906608581543
-25.282512664794922,24.962675094604492
-18.13484001159668,23.177898406982422
-9.998014450073242,11.051886558532715
-5.489617347717285,-3.1227874755859375
-7.175647258758545,-10.67129898071289
-14.115592002868652,-9.761059761047363
-22.871213912963867,-2.369335174560547
-27.852476119995117,5.152035713195801
-26.832632064819336,6.796937465667725
-21.13445281982422,2.966001033782959
-13.838345527648926,-3.1568169593811035
-8.476704597473145,-6.907168388366699
-6.890466690063477,-5.201931953430176
-7.4687604904174805,1.463897943496704
-6.244740009307861,9.525358200073242
-2.0883302688598633,15.06069564819336
3.9996230602264404,18.006237030029297
7.772104263305664,17.43733787536621
5.794004440307617,14.965497016906738
-1.6607685089111328,11.05105209350586
-12.128307342529297,4.682093620300293
-18.67806053161621,-4.107348442077637
-15.728343963623047,-13.979891777038574
-4.315701484680176,-21.69708824157715
9.618886947631836,-24.44095802307129
17.993083953857422,-20.12713623046875
14.714345932006836,-10.61847972869873
-0.6866458058357239,0.3012556731700897
-22.154504776000977,7.207589149475098
-38.29955291748047,5.465400218963623
-42.921104431152344,-0.6695266366004944
-36.61060333251953,-6.776478290557861
-21.944900512695312,-7.935571193695068
-5.4639387130737305,-1.8288285732269287
3.8570330142974854,7.670015335083008
2.797523260116577,14.980110168457031
-5.457049369812012,14.603280067443848
-14.234382629394531,4.985436916351318
-15.973440170288086,-10.214717864990234
-8.477330207824707,-22.049911499023438
4.042420864105225,-23.204410552978516
15.737320899963379,-12.797833442687988
21.397085189819336,6.387747764587402
18.598936080932617,24.434486389160156
10.377976417541504,33.336666107177734
1.3856090307235718,31.162738800048828
-3.5480527877807617,18.97159194946289
-3.045959949493408,1.9586838483810425
2.683534622192383,-11.406587600708008
9.484856605529785,-16.565513610839844
12.967146873474121,-15.08303451538086
10.025571823120117,-9.982564926147461
1.6384299993515015,-5.880853176116943
-8.196325302124023,-6.794432163238525
-15.808720588684082,-11.847302436828613
-17.406858444213867,-18.698728561401367
-13.884692192077637,-22.518600463867188
-5.896511077880859,-20.56972885131836
3.4278011322021484,-13.609742164611816
8.679211616516113,-3.254939079284668
9.484230041503906,5.816134452819824
5.753503322601318,10.188621520996094
0.0016701631247997284,9.575254440307617
-4.970614433288574,5.273540019989014
-7.0244975090026855,0.2764120101928711
-6.071460723876953,-3.876448631286621
-2.1801891326904297,-5.694630146026611
4.891281604766846,-6.424282550811768
11.159612655639648,-8.544554710388184
16.215404510498047,-12.715578079223633
18.81480598449707,-18.155925750732422
17.070528030395508,-22.61046028137207
11.601579666137695,-22.18895149230957
3.11214017868042,-16.08638572692871
-5.114457130432129,-4.7422194480896
-9.613041877746582,7.275439262390137
-6.154759883880615,14.88491153717041
4.3724870681762695,15.265082359313965
18.252168655395508,7.756655216217041
29.529319763183594,-2.468918561935425
32.82747268676758,-9.465231895446777
26.76165008544922,-8.863764762878418
12.966102600097656,-1.655758023262024
-2.3332178592681885,9.802186965942383
-11.679033279418945,19.412931442260742
-10.804911613464355,19.647380828857422
-0.6572092175483704,8.959589958190918
12.567351341247559,-9.480681419372559
20.980588912963867,-28.798622131347656
21.367441177368164,-41.20689010620117
15.552976608276367,-43.775184631347656
7.715109825134277,-35.21726989746094
2.07413387298584,-15.026248931884766
2.5536794662475586,11.45815372467041
7.942878246307373,33.546897888183594
13.780306816101074,43.6528434753418
16.64693260192871,43.63906478881836
15.885547637939453,35.5579833984375
12.194069862365723,20.122333526611328
9.261054992675781,3.453479766845703
8.949359893798828,-7.3541460037231445
11.966092109680176,-10.26023006439209
15.164246559143066,-6.816562175750732
13.50953197479248,-2.68269944190979
4.398374557495117,-0.4357038140296936
-8.889443397521973,-1.0703657865524292
-21.588319778442383,-2.6415717601776123
-28.935157775878906,-0.2937399446964264
-27.5595703125,9.232035636901855
-20.715242385864258,24.738874435424805
-11.574647903442383,38.339012145996094
-4.106722354888916,44.088966369628906
-0.4893577992916107,40.4703483581543
1.2797625064849854,25.18585205078125
1.8284111022949219,4.025928020477295
1.9630680084228516,-12.004088401794434
0.9148318767547607,-15.434603691101074
-2.272465705871582,-5.419888019561768
-9.256461143493652,10.705536842346191
-19.02482795715332,21.92360496520996
-26.94745635986328,21.610658645629883
-29.383806228637695,10.102398872375488
-22.825284957885742,-8.119707107543945
-7.743502616882324,-24.2906436920166
11.253141403198242,-31.621198654174805
27.160192489624023,-29.317209243774414
35.29033660888672,-22.490833282470703
36.67302322387695,-17.637340545654297
32.04875946044922,-17.945486068725586
23.86850929260254,-23.872268676757812
17.110612869262695,-29.18985939025879
13.012449264526367,-29.914709091186523
12.508687019348145,-24.197114944458008
15.375103950500488,-14.143359184265137
19.275144577026367,-4.2359514236450195
22.904617309570312,2.4173524379730225
23.561616897583008,6.702573299407959
20.536535263061523,11.116814613342285
15.197857856750488,16.727310180664062
6.459773540496826,24.4902286529541
-2.7146413326263428,30.530372619628906
-8.453948020935059,31.92767333984375
-11.051469802856445,28.244754791259766
-9.81220817565918,19.272430419921875
-6.3745951652526855,7.806342601776123
-2.4755992889404297,-3.1100525856018066
1.3171323537826538,-10.299060821533203
3.8910624980926514,-11.661913871765137
6.905289649963379,-9.837886810302734
11.870893478393555,-6.2315874099731445
18.318349838256836,-3.8992044925689697
22.934680938720703,-4.217788219451904
23.390634536743164,-6.508625507354736
22.36807632446289,-12.75607967376709
13.931456565856934,-18.120018005371094
1.1167128086090088,-19.85114097595215
-12.706809997558594,-15.016645431518555
-23.45201301574707,-4.097536563873291
-28.184837341308594,10.202817916870117
-26.56477928161621,22.78853988647461
-20.383089065551758,28.59695053100586
-11.464208602905273,25.952247619628906
-2.7148501873016357,16.567392349243164
3.2472145557403564,4.802136421203613
5.756843566894531,-3.45327091217041
3.587092876434326,-3.844924211502075
-1.929038405418396,0.9787155985832214
-7.860205173492432,7.6368207931518555
-11.3894681930542,12.504719734191895
-11.110551834106445,13.97070598602295
-6.086700916290283,12.806184768676758
-0.0878923311829567,10.65584945678711
2.6409454345703125,9.027857780456543
0.47871050238609314,9.183182716369629
-6.273341655731201,8.724306106567383
-11.549595832824707,6.818440914154053
-11.993023872375488,4.153278350830078
-5.946615695953369,1.7634835243225098
4.449523448944092,3.2409515380859375
12.887604713439941,8.47900104522705
13.282180786132812,15.39431095123291
3.640537977218628,18.925662994384766
-13.534167289733887,14.906623840332031
-29.981306076049805,2.419022560119629
-37.41917037963867,-13.610994338989258
-33.83061599731445,-25.68355941772461
-20.965139389038086,-28.631397247314453
-4.289813995361328,-19.420866012573242
8.770652770996094,1.4154632091522217
11.864420890808105,21.87537956237793
4.667270660400391,32.22391891479492
-7.989225387573242,27.482742309570312
-20.831735610961914,7.985676288604736
-27.119064331054688,-15.812895774841309
-25.30484962463379,-31.866086959838867
-18.312503814697266,-34.542938232421875
-8.192150115966797,-24.130098342895508
1.660142183303833,-3.062870502471924
6.955603122711182,17.563644409179688
5.932837009429932,28.216154098510742
1.3438550233840942,25.861433029174805
-5.346818447113037,14.864034652709961
-9.571287155151367,1.338426947593689
-10.21951961517334,-8.056032180786133
-7.050384998321533,-9.655004501342773
-2.1123387813568115,-4.401297569274902
0.40376192331314087,3.7971158027648926
0.015657778829336166,11.67172622680664
-2.922576665878296,18.183483123779297
-5.477926254272461,22.59313201904297
-3.958077907562256,26.71968650817871
1.88227379322052,29.209692001342773
10.677144050598145,30.554800033569336
15.55506420135498,28.457700729370117
12.088641166687012,23.102739334106445
-1.054081678390503,15.31936264038086
-18.36741065979004,7.431390762329102
-30.461061477661133,2.9200713634490967
-31.151046752929688,2.0463674068450928
-18.653217315673828,4.849527359008789
1.9927133321762085,5.719473838806152
20.60918617248535,2.0755951404571533
28.412189483642578,-4.747856140136719
23.442827224731445,-13.171950340270996
11.259405136108398,-17.702268600463867
0.5916553139686584,-16.539207458496094
0.7219280004501343,-11.047920227050781
12.846895217895508,-4.631571292877197
28.831817626953125,-2.2920901775360107
38.527530670166016,-6.523865699768066
36.39139175415039,-15.537735939025879
22.199182510375977,-24.709436416625977
0.5041804909706116,-27.68733787536621
-18.663028717041016,-20.838624954223633
-28.033061981201172,-6.768962383270264
-28.230350494384766,8.098203659057617
-24.615907669067383,15.930642127990723
-23.962873458862305,13.367985725402832
-26.712797164916992,2.0315446853637695
-29.584226608276367,-10.886958122253418
-28.075651168823242,-18.11145782470703
-18.423778533935547,-14.291585922241211
0.1711917221546173,0.9927031993865967
20.438621520996094,20.98225975036621
31.723705291748047,34.53792953491211
33.30597686767578,37.97428894042969
27.898405075073242,32.916202545166016
17.76970100402832,19.167835235595703
9.110321998596191,1.9620240926742554
6.078141212463379,-8.898002624511719
7.075228691101074,-9.415753364562988
6.6292948722839355,-0.4872700870037079
1.4434385299682617,13.794086456298828
-7.483792304992676,25.58376693725586
-17.687236785888672,31.01931381225586
-22.967248916625977,29.58172035217285
-21.939054489135742,23.07914924621582
-14.93000602722168,13.980727195739746
-4.5681047439575195,4.135950088500977
3.5712263584136963,-3.45139217376709
6.69380521774292,-9.902397155761719
6.093799114227295,-14.72019100189209
2.486664056777954,-17.358423233032227
-2.9672534465789795,-18.362607955932617
-9.187984466552734,-16.784095764160156
-16.49327850341797,-12.696162223815918
-23.424245834350586,-8.458540916442871
-28.152896881103516,-4.862053394317627
-26.86394691467285,-3.7163217067718506
-17.9788875579834,-5.221765041351318
-3.973526954650879,-7.725130558013916
8.746435165405273,-8.120124816894531
14.254425048828125,-5.8616461753845215
10.56190299987793,0.007724504452198744
0.8970863819122314,7.523667335510254
-7.580452919006348,11.14687728881836
-8.898629188537598,9.003223419189453
-0.7263121604919434,-1.1634774208068848
13.84231185913086,-15.047125816345215
26.686283111572266,-27.058521270751953
31.932891845703125,-32.594696044921875
29.114700317382812,-30.776304244995117
21.206270217895508,-21.487483978271484
11.379656791687012,-7.742041110992432
4.973536968231201,3.21506404876709
3.291891574859619,6.9869184494018555
2.9670448303222656,2.561195135116577
0.6720318794250488,-6.228873252868652
-4.9566264152526855,-15.153389930725098
-11.447298049926758,-20.13987159729004
-14.838772773742676,-20.873281478881836
-12.196366310119629,-20.246761322021484
-6.359772205352783,-20.91169548034668
-0.7020948529243469,-26.024690628051758
0.9770454168319702,-32.55502700805664
-1.8877018690109253,-36.95653533935547
-6.572092056274414,-35.21476364135742
-9.87129020690918,-24.722171783447266
-7.241200923919678,-7.974194049835205
0.6689003109931946,9.89112377166748
8.347475051879883,19.911893844604492
12.082795143127441,18.86908531188965
8.2019624710083,6.453510284423828
-1.9119192361831665,-11.331221580505371
-10.572967529296875,-26.763946533203125
-12.380919456481934,-34.998477935791016
-6.819275856018066,-34.93772506713867
3.0382354259490967,-30.36231231689453
12.256909370422363,-23.46474838256836
17.144224166870117,-16.661964416503906
16.648603439331055,-10.725996017456055
12.933743476867676,-3.341578960418701
9.20927906036377,8.41469955444336
6.413426399230957,22.816932678222656
3.3676750659942627,35.25777053833008
-0.06325742602348328,42.401893615722656
-4.702761650085449,41.813995361328125
-8.601131439208984,31.43372344970703
-6.761655330657959,12.802844047546387
3.06579327583313,-7.7702250480651855
19.666170120239258,-21.820472717285156
35.40286636352539,-25.259756088256836
43.453468322753906,-20.943635940551758
42.75304412841797,-11.29698371887207
31.956483840942383,0.20292481780052185
15.235227584838867,10.539146423339844
2.9054574966430664,16.465721130371094
0.681635320186615,16.72271728515625
8.405096054077148,13.749200820922852
18.715848922729492,7.832230091094971
23.393348693847656,0.6791300773620605
20.103961944580078,-4.2359514236450195
8.168350219726562,-7.961458683013916
-6.326578140258789,-8.16751480102539
-16.266971588134766,-6.304448127746582
-18.59872817993164,-4.700674057006836
-12.835829734802246,-2.7659988403320312
-4.874997615814209,-3.677490472793579
1.714631199836731,-6.0543413162231445
5.1002607345581055,-8.306556701660156
6.343070983886719,-10.160646438598633
9.676924705505371,-8.631611824035645
15.277608871459961,-6.205491065979004
21.534456253051758,-5.231577396392822
24.928020477294922,-6.872512340545654
22.374549865722656,-12.351691246032715
13.642727851867676,-18.257596969604492
0.25699636340141296,-19.862415313720703
-13.594501495361328,-15.256731033325195
-23.521533966064453,-4.085218906402588
-27.71092987060547,10.93852424621582
-25.666440963745117,23.826129913330078
-19.50834083557129,29.065431594848633
-11.028295516967773,25.88982582092285
-2.381443738937378,16.304550170898438
3.6674695014953613,4.468103885650635
5.4635210037231445,-3.019028663635254
3.43865704536438,-3.9179940223693848
-2.023611307144165,0.9246440529823303
-7.539534091949463,7.662291049957275
-10.955434799194336,12.530816078186035
-10.306367874145508,14.581358909606934
-6.062901020050049,14.21914291381836
-0.47871050238609314,11.974234580993652
3.2060868740081787,9.564397811889648
4.694202423095703,5.993171691894531
5.226775646209717,0.9676507711410522
7.97001838684082,-5.665193557739258
14.952970504760742,-12.600754737854004
20.879961013793945,-16.400585174560547
22.18331527709961,-15.283453941345215
13.842729568481445,-8.454574584960938
-4.022796630859375,3.055563449859619
-23.917362213134766,14.076552391052246
-36.96091842651367,19.687047958374023
-39.85886001586914,19.77744483947754
-34.32665252685547,15.645462036132812
-22.253461837768555,10.621402740478516
-11.71243667602539,8.649565696716309
-9.02577018737793,11.477778434753418
-15.221866607666016,18.82733154296875
-24.320707321166992,27.47439193725586
-28.539539337158203,32.59135437011719
-25.983144760131836,32.85356903076172
-15.993064880371094,27.04808235168457
-3.1355226039886475,17.567401885986328
3.9833390712738037,7.4067559242248535
1.708159327507019,0.7724504470825195
-8.500712394714355,0.4352862536907196
-19.83945083618164,3.326547384262085
-23.702119827270508,6.230543613433838
-18.2866153717041,5.815925598144531
-4.1800007820129395,-0.9471912384033203
13.217671394348145,-12.594491004943848
25.23887825012207,-24.35870361328125
28.402793884277344,-31.710134506225586
24.45265007019043,-32.863380432128906
17.393495559692383,-26.775638580322266
9.327234268188477,-13.582601547241211
3.2751898765563965,1.1348758935928345
-0.3306922912597656,11.317442893981934
-4.197746276855469,14.073211669921875
-10.337892532348633,8.22910213470459
-17.219173431396484,-2.8960628509521484
-21.418380737304688,-13.938972473144531
-21.04990005493164,-22.149703979492188
-14.042940139770508,-26.232208251953125
-2.1553454399108887,-24.463504791259766
11.151887893676758,-18.688081741333008
21.255538940429688,-11.721831321716309
24.345550537109375,-4.7271881103515625
21.060131072998047,-2.0973074436187744
13.726444244384766,-3.0298845767974854
4.9881510734558105,-6.481694221496582
-1.9465751647949219,-11.435606956481934
-6.657687664031982,-13.61997127532959
-8.60969066619873,-10.717436790466309
-6.6205267906188965,-1.3244394063949585
-0.2830926477909088,11.403873443603516
9.737677574157715,22.88353157043457
21.056163787841797,27.490259170532227
30.05646514892578,22.739479064941406
32.70701217651367,9.231409072875977
25.841598510742188,-9.396337509155273
9.2679443359375,-25.177082061767578
-11.663792610168457,-31.666919708251953
-28.36834716796875,-28.10216522216797
-34.87968826293945,-20.116905212402344
-28.200286865234375,-11.412851333618164
-10.720568656921387,-6.47898006439209
9.83016300201416,-6.807584762573242
23.56057357788086,-8.634743690490723
25.892122268676758,-9.361055374145508
19.136938095092773,-5.720308780670166
9.435795783996582,1.4697434902191162
4.063298225402832,7.077733993530273
6.861030101776123,6.966250419616699
17.9421443939209,-1.3643145561218262
28.991525650024414,-14.572799682617188
33.41182327270508,-25.355581283569336
30.281518936157227,-28.944761276245117
18.824825286865234,-25.329694747924805
3.7390778064727783,-15.754231452941895
-6.052462577819824,-6.459564685821533
-6.162901878356934,-3.5305161476135254
3.877283811569214,-7.33786153793335
18.459686279296875,-15.0252046585083
29.394453048706055,-19.927759170532227
33.68217849731445,-17.402265548706055
30.510332107543945,-7.634524345397949
21.753040313720703,7.710934162139893
11.172555923461914,22.362022399902344
3.9841742515563965,30.54352569580078
2.1588945388793945,32.64793014526367
4.399209499359131,30.329118728637695
7.113433361053467,26.694217681884766
6.994016647338867,23.842622756958008
2.474764108657837,21.17411994934082
-4.974371910095215,17.33003044128418
-12.92455768585205,11.762958526611328
-17.88201904296875,5.436172008514404
-16.888898849487305,0.7701539993286133
-9.7575101852417,0.2409210354089737
2.173299789428711,2.316307544708252
14.411419868469238,5.273331165313721
22.89104652404785,5.688366889953613
24.586679458618164,0.6050165891647339
19.83172607421875,-8.813450813293457
10.99197006225586,-18.719396591186523
2.3914647102355957,-23.71944808959961
-0.7457278370857239,-21.1866455078125
2.499190330505371,-10.949589729309082
10.515555381774902,2.8495070934295654
19.368045806884766,13.843356132507324
24.100244522094727,16.483675003051758
23.53907012939453,11.274435997009277
18.236303329467773,-1.0768376588821411
12.667352676391602,-16.406221389770508
11.455231666564941,-27.953937530517578
14.91392993927002,-33.92894744873047
21.140716552734375,-32.57862091064453
24.219453811645508,-25.469778060913086
21.2630558013916,-14.595555305480957
9.807615280151367,-0.7590891122817993
-6.77000617980957,10.531631469726562
-18.95426368713379,15.488883972167969
-22.027780532836914,14.189079284667969
-13.972793579101562,5.767908573150635
1.310034155845642,-5.573543071746826
13.999724388122559,-14.294300079345703
16.19473648071289,-17.06760597229004
3.8069281578063965,-11.341660499572754
-20.591650009155273,-0.14008493721485138
-42.99709701538086,9.778179168701172
-53.20367431640625,14.631046295166016
-54.419132232666016,12.086970329284668
-46.46790313720703,2.767042875289917
-25.628862380981445,-11.36608600616455
-0.2597103714942932,-23.369340896606445
16.726266860961914,-28.20759391784668
22.138011932373047,-25.734291076660156
17.38890266418457,-17.360301971435547
6.303404331207275,-5.55913782119751
-5.019049167633057,7.132222652435303
-12.119956016540527,16.4406681060791
-13.990121841430664,21.199588775634766
-12.844389915466309,23.152009963989258
-11.59281063079834,21.62819480895996
-12.410564422607422,18.229412078857422
-15.14733600616455,15.56341552734375
-19.21188735961914,13.356294631958008
-22.216510772705078,12.02037239074707
-22.44866180419922,12.693656921386719
-19.576190948486328,13.803481101989746
-14.646913528442383,14.213296890258789
-9.53663158416748,13.372160911560059
-6.758106231689453,12.231648445129395
-7.657698154449463,12.414739608764648
-11.164205551147461,12.658583641052246
-13.681976318359375,14.085529327392578
-13.9498291015625,14.541901588439941
-9.051657676696777,12.034568786621094
0.48392975330352783,7.366672039031982
10.052711486816406,1.3096166849136353
17.1049747467041,-4.0522332191467285
19.4905948638916,-7.1954803466796875
16.873241424560547,-8.462299346923828
10.52954387664795,-9.389448165893555
4.920927047729492,-12.203255653381348
1.010448694229126,-18.21626091003418
-2.1996047496795654,-25.112573623657227
-5.008193016052246,-30.324525833129883
-10.71430492401123,-29.56627082824707
-18.398935317993164,-20.68684959411621
-25.415081024169922,-6.124488353729248
-26.900691986083984,9.680474281311035
-21.162220001220703,21.051570892333984
-10.623072624206543,23.3135986328125
-0.01357007585465908,17.645483016967773
3.672062397003174,7.926594257354736
-1.6098284721374512,-1.8115006685256958
-12.433737754821777,-7.55644416809082
-21.949283599853516,-10.225573539733887
-22.746368408203125,-11.928722381591797
-11.644377708435059,-14.546285629272461
9.229948043823242,-18.685367584228516
28.9458065032959,-20.595199584960938
38.01249694824219,-18.658645629882812
34.498470306396484,-10.198225021362305
16.900798797607422,3.5806210041046143
-6.677103519439697,19.203744888305664
-21.80857276916504,29.93558692932129
-24.228639602661133,33.38822937011719
-15.72855281829834,31.45689582824707
-0.09540806710720062,25.01549530029297
13.612247467041016,17.611034393310547
19.086624145507812,10.75501537322998
16.55486488342285,5.481893062591553
11.54395866394043,-0.20751777291297913
9.74874210357666,-6.5025715827941895
13.593666076660156,-12.962553977966309
19.226709365844727,-17.17512321472168
21.02610206604004,-15.58554458618164
13.981143951416016,-8.700715065002441
-2.9457502365112305,3.398573160171509
-23.07914924621582,14.996811866760254
-36.530433654785156,20.29164695739746
-39.74382781982422,20.525678634643555
-33.9324951171875,16.46426010131836
-21.503976821899414,11.919118881225586
-11.03393268585205,9.287359237670898
-8.587770462036133,11.973608016967773
-14.592841148376465,19.605627059936523
-23.76182746887207,27.153303146362305
-28.14078712463379,33.616207122802734
-25.157459259033203,34.14043045043945
-15.140446662902832,28.575029373168945
-2.9712202548980713,17.811872482299805
4.112985610961914,5.394627094268799
1.417968511581421,-1.2611819505691528
-8.826811790466309,-0.18622319400310516
-18.486618041992188,5.680642127990723
-22.512964248657227,10.575263977050781
-17.934419631958008,7.472727298736572
-5.328238010406494,-5.4140424728393555
11.042283058166504,-20.394779205322266
23.794397354125977,-26.44786834716797
31.506792068481445,-19.317523956298828
32.67026901245117,-0.1947827786207199
26.216758728027344,21.187063217163086
14.87906551361084,32.106170654296875
1.2171313762664795,29.217416763305664
-10.585911750793457,14.566119194030762
-17.46635627746582,-2.3206915855407715
-14.080936431884766,-11.80012035369873
-0.5755799412727356,-10.600317001342773
18.874095916748047,-1.2528311014175415
34.47112274169922,9.204060554504395
38.41584014892578,14.095132827758789
30.16022300720215,12.760881423950195
13.079256057739258,7.131178855895996
-3.2413690090179443,1.6952155828475952
-8.182337760925293,0.988527774810791
-1.5737111568450928,4.275617599487305
10.034966468811035,6.784202575683594
16.346303939819336,3.832606792449951
12.541881561279297,-9.051239967346191
2.4016945362091064,-27.31572723388672
-8.22868537902832,-41.808982849121094
-11.430596351623535,-47.03596878051758
-5.915717601776123,-41.57954788208008
3.5612053871154785,-23.543663024902344
11.141657829284668,0.6085656881332397
10.541651725769043,16.303714752197266
0.9052284359931946,16.26655387878418
-12.677581787109375,2.6632838249206543
-21.557422637939453,-16.50371742248535
-21.187480926513672,-29.42388916015625
-15.158818244934082,-29.49946403503418
-5.963735103607178,-19.395395278930664
0.7659785747528076,-4.460587978363037
2.1188106536865234,7.064998626708984
0.2177475243806839,10.300521850585938
-0.5365399122238159,7.178987503051758
3.3691365718841553,3.3816628456115723
10.837688446044922,5.266859531402588
17.073869705200195,15.226668357849121
18.124401092529297,29.02513885498047
12.887395858764648,39.911888122558594
4.16225528717041,42.885406494140625
-2.518605947494507,37.91604232788086
-3.4584903717041016,26.522607803344727
2.893557548522949,12.35837173461914
12.007429122924805,1.9899994134902954
18.001853942871094,-2.5453286170959473
16.994117736816406,-2.3234057426452637
9.666277885437012,0.3473939299583435
1.9586838483810425,3.00921630859375
-2.614431619644165,4.429481506347656
-1.4816434383392334,4.837836265563965
3.0505528450012207,4.011105537414551
5.907158374786377,2.583951234817505
3.5770719051361084,0.9757928252220154
-3.0359389781951904,-1.8092042207717896
-9.072952270507812,-5.089404582977295
-8.41031551361084,-8.130145072937012
0.8048098683357239,-10.727458000183105
13.509949684143066,-12.217243194580078
23.662036895751953,-12.164216041564941
23.747631072998047,-11.257108688354492
10.403655052185059,-9.535796165466309
-10.511797904968262,-6.551006317138672
-27.80153465270996,-2.9797797203063965
-32.886348724365234,0.15616025030612946
-24.195444107055664,1.7927113771438599
-5.736801624298096,0.717335045337677
12.388644218444824,-2.3236143589019775
19.625043869018555,-5.825529098510742
13.840015411376953,-8.059371948242188
-0.6799651384353638,-7.12449836730957
-15.19430923461914,-5.2123703956604
-20.213150024414062,-5.087316989898682
-13.201595306396484,-8.254364013671875
1.864945888519287,-13.857552528381348
16.622716903686523,-16.62877082824707
22.176633834838867,-12.494490623474121
15.620617866516113,0.9945821166038513
-0.7841416001319885,21.787277221679688
-16.90288543701172,38.748409271240234
-25.228857040405273,44.656612396240234
-27.670637130737305,38.69225311279297
-24.18709373474121,18.013961791992188
-17.329612731933594,-12.0566987991333
-11.920580863952637,-33.558170318603516
-11.504083633422852,-38.31604766845703
-16.230436325073242,-26.19379425048828
-20.556785583496094,-1.381642460823059
-20.108137130737305,22.740732192993164
-14.050873756408691,34.805572509765625
-4.31027364730835,32.8790397644043
6.808211326599121,18.01291847229004
15.1066255569458,-2.3492932319641113
18.115842819213867,-17.55863380432129
15.89556884765625,-25.402973175048828
10.14582347869873,-25.6177978515625
1.829872488975525,-22.496889114379883
-6.81823205947876,-20.068262100219727
-12.616203308105469,-18.5185604095459
-14.79096508026123,-17.429195404052734
-14.120184898376465,-14.533967971801758
-10.607623100280762,-9.233287811279297
-6.443906784057617,-4.5501508712768555
-3.6916868686676025,-2.238853693008423
-2.440317153930664,-4.237412452697754
-2.2837393283843994,-8.365429878234863
-1.2415574789047241,-10.787583351135254
3.5401194095611572,-9.388404846191406
12.279248237609863,-3.768096685409546
24.15890884399414,2.5872914791107178
33.30075454711914,5.8336710929870605
36.58763885498047,1.8282023668289185
31.67109489440918,-7.9664692878723145
17.926904678344727,-19.862205505371094
1.8492881059646606,-28.46041488647461
-10.396556854248047,-28.64705467224121
-12.628103256225586,-21.122344970703125
-3.0977351665496826,-8.353738784790039
14.53292465209961,2.9977340698242188
31.33205223083496,8.712406158447266
40.45051574707031,6.0140485763549805
40.28517150878906,-3.3252947330474854
31.524120330810547,-15.044829368591309
17.647987365722656,-25.042217254638672
4.876876354217529,-26.97271728515625
-2.735935926437378,-19.80458641052246
-5.259134769439697,-3.4741480350494385
-5.263519287109375,17.177419662475586
-6.6105055809021,34.10911560058594
-9.644356727600098,41.99332809448242
-14.104527473449707,39.004573822021484
-17.131071090698242,26.582107543945312
-16.562381744384766,6.926166534423828
-11.398028373718262,-11.203036308288574
-4.59545373916626,-19.45197296142578
-1.4766329526901245,-16.810609817504883
-2.739485025405884,-5.2428507804870605
-8.15352725982666,7.9228363037109375
-13.775505065917969,15.176772117614746
-14.887207984924316,11.795736312866211
-10.076093673706055,-0.5835132598876953
-0.6223445534706116,-16.356325149536133
9.39237117767334,-28.494443893432617
15.936904907226562,-31.79489517211914
16.959880828857422,-27.621158599853516
12.22872543334961,-17.388277053833008
4.7612175941467285,-5.114039421081543
-1.794172763824463,5.223852634429932
-4.993161201477051,12.119747161865234
-4.48939847946167,15.357358932495117
-1.6639000177383423,17.722936630249023
1.1125373840332031,18.657182693481445
2.7346832752227783,18.154464721679688
3.1344785690307617,17.385562896728516
2.6557681560516357,13.834587097167969
1.274543285369873,8.88735580444336
-0.578920304775238,4.078747272491455
-2.0666182041168213,-0.11336231976747513
-3.2845845222473145,-1.740936279296875
-3.586884021759033,-1.529660701751709
-2.720695734024048,-0.07745381444692612
-1.1607633829116821,0.7396734952926636
0.17536713182926178,0.39624619483947754
-0.9874839186668396,-1.487280249595642
-4.252861499786377,-5.499638557434082
-7.717197418212891,-9.875883102416992
-10.740401268005371,-12.976958274841309
-10.161480903625488,-11.871519088745117
-5.534502983093262,-5.367695331573486
1.0636851787567139,6.488583564758301
6.363739013671875,20.82254981994629
8.435367584228516,32.546470642089844
7.8203301429748535,38.21562957763672
6.019268035888672,36.807472229003906
6.695266246795654,29.491741180419922
9.22535514831543,18.159893035888672
11.922877311706543,6.891510486602783
10.384865760803223,-1.4542945623397827
0.8672322034835815,-6.386077404022217
-14.101187705993652,-10.303027153015137
-29.23244857788086,-14.723114013671875
-38.03462600708008,-19.36679458618164
-37.893287658691406,-24.235736846923828
-30.515132904052734,-26.473129272460938
-20.051769256591797,-23.788551330566406
-12.238746643066406,-16.075111389160156
-11.714733123779297,-5.515504837036133
-16.537120819091797,3.4436676502227783
-21.130067825317383,9.998222351074219
-18.693300247192383,14.233964920043945
-7.586507320404053,17.861976623535156
8.93620777130127,22.275175094604492
21.411909103393555,25.507774353027344
21.28059196472168,26.251415252685547
9.443310737609863,22.0778865814209
-7.887136459350586,12.498456954956055
-20.104171752929688,1.1465669870376587
-18.53171157836914,-7.810308933258057
-2.268707752227783,-8.879213333129883
20.074525833129883,-2.947420358657837
36.03356170654297,5.899433612823486
39.469295501708984,12.140416145324707
30.171079635620117,12.795954704284668
12.322880744934082,8.476912498474121
-3.6985762119293213,2.6229910850524902
-7.83661413192749,0.4519878923892975
-0.5250575542449951,2.614640474319458
10.280689239501953,5.796092510223389
16.570524215698242,3.325921058654785
12.390731811523438,-7.900915622711182
0.6250585317611694,-26.193586349487305
-9.519512176513672,-42.1693229675293
-12.973200798034668,-47.651004791259766
-7.996114730834961,-42.286231994628906
2.8158950805664062,-22.855138778686523
11.525795936584473,2.3950138092041016
10.92203140258789,16.821256637573242
0.3949935734272003,13.946697235107422
-13.67905330657959,-1.6315406560897827
-21.95283317565918,-16.696828842163086
-19.660533905029297,-21.605648040771484
-6.908003330230713,-12.273611068725586
8.72597599029541,6.14870548248291
15.64525318145752,20.718791961669922
9.425774574279785,26.948707580566406
-8.698418617248535,24.108179092407227
-30.290287017822266,16.587017059326172
-43.83280563354492,10.12745189666748
-46.36143112182617,6.544743061065674
-38.65717697143555,4.689609050750732
-21.898344039916992,2.8716366291046143
-3.63051700592041,0.33904311060905457
9.154582023620605,-1.2112858295440674
15.775317192077637,0.4225512742996216
18.303735733032227,4.64242696762085
20.684343338012695,9.22138786315918
25.03365707397461,12.913283348083496
27.560823440551758,14.621651649475098
26.948707580566406,13.52414608001709
21.235706329345703,10.92077922821045
11.898659706115723,6.77439022064209
4.225512504577637,0.4524054229259491
0.19624416530132294,-6.961030960083008
0.8991740942001343,-15.75464916229248
2.9171485900878906,-24.53010368347168
1.595005750656128,-32.39176940917969
-6.8501739501953125,-37.7772102355957
-20.935495376586914,-38.40393829345703
-33.3395881652832,-34.07007598876953
-38.82857894897461,-26.299640655517578
-33.25628662109375,-15.932103157043457
-16.418956756591797,-4.774787425994873
4.772073745727539,1.4632716178894043
21.324434280395508,0.49749985337257385
26.2821044921875,-8.414908409118652
21.834877014160156,-20.513986587524414
13.35065746307373,-29.388607025146484
5.961855888366699,-32.99782943725586
2.126117706298828,-28.446636199951172
2.1781015396118164,-16.77031707763672
4.793159484863281,-2.3639070987701416
5.8274078369140625,10.679022789001465
4.556413650512695,17.27178382873535
2.3267459869384766,16.409353256225586
1.5066958665847778,9.158339500427246
3.0582773685455322,-1.1039777994155884
7.347256183624268,-10.693428039550781
12.353361129760742,-17.331073760986328
16.681798934936523,-19.770973205566406
19.51982307434082,-18.729000091552734
21.101259231567383,-15.589719772338867
20.244464874267578,-11.346879959106445
16.888689041137695,-7.384835243225098
10.463571548461914,-4.569983959197998
1.145314335823059,-2.7937653064727783
-7.224916934967041,-2.8841629028320312
-10.576933860778809,-3.9442989826202393
-4.6365814208984375,-5.890247821807861
9.585692405700684,-8.406765937805176
26.218847274780273,-11.127252578735352
37.870948791503906,-13.132909774780273
40.680789947509766,-15.188672065734863
34.03709030151367,-15.582621574401855
17.275331497192383,-13.23938274383545
-3.046168804168701,-9.071282386779785
-19.052385330200195,-3.1975274085998535
-25.57499885559082,0.6467706561088562
-23.587923049926758,1.5947970151901245
-17.563852310180664,0.5093997716903687
-11.088004112243652,-2.204824209213257
-8.1428804397583,-2.953683376312256
-7.805716037750244,0.16075320541858673
-8.268142700195312,6.532634258270264
-7.470221996307373,15.711642265319824
-5.656216144561768,22.768917083740234
-3.8777012825012207,24.9058895111084
-4.2388739585876465,20.755535125732422
-7.511141300201416,10.986959457397461
-12.39094066619873,-1.4467787742614746
-14.679272651672363,-12.378414154052734
-12.367557525634766,-18.28807830810547
-3.939497232437134,-18.85468101501465
8.333696365356445,-13.886154174804688
19.112302780151367,-6.97710657119751
24.623632431030273,-2.300232172012329
21.588319778442383,-1.7449029684066772
9.442893981933594,-7.508218288421631
-6.437017440795898,-16.847145080566406
-20.045923233032227,-26.389829635620117
-27.139524459838867,-32.86797332763672
-25.40547752380371,-34.03437423706055
-18.294757843017578,-30.329954147338867
-8.922220230102539,-21.196874618530273
-1.3438550233840942,-11.168380737304688
-0.5227610468864441,-4.062254428863525
-5.174374103546143,-3.3338544368743896
-10.081313133239746,-8.013025283813477
-10.467329978942871,-13.07758617401123
-3.5891804695129395,-13.81705093383789
9.115123748779297,-5.094624042510986
22.11066246032715,12.371524810791016
27.10027503967285,32.11076354980469
22.609207153320312,45.68167495727539
12.028514862060547,51.62348937988281
0.014196386560797691,49.5833854675293
-7.060614585876465,38.92837142944336
-5.663732051849365,21.896883010864258
2.829256296157837,6.903201580047607
10.956061363220215,-0.3354940116405487
11.944380760192871,0.18517933785915375
2.882075309753418,3.6847972869873047
-12.360042572021484,6.191712379455566
-24.44179344177246,3.8939852714538574
-26.14744758605957,-2.1309194564819336
-15.5842924118042,-9.261889457702637
3.363499879837036,-13.109318733215332
19.84425163269043,-10.782781600952148
25.62071990966797,-4.0119404792785645
18.032333374023438,3.6071348190307617
1.0275678634643555,8.44455337524414
-15.291387557983398,7.535358428955078
-25.173742294311523,1.1868597269058228
-25.502138137817383,-6.016762733459473
-19.927759170532227,-11.812854766845703
-13.221637725830078,-12.724137306213379
-8.440378189086914,-8.767520904541016
-5.180428504943848,-3.1357312202453613
0.04801718890666962,0.4187934100627899
8.948107719421387,-1.6261125802993774
20.75177764892578,-7.767302513122559
30.539976119995117,-15.191177368164062
33.454620361328125,-20.582881927490234
30.010534286499023,-20.772235870361328
21.503559112548828,-16.350688934326172
12.013691902160645,-8.614283561706543
8.503008842468262,-2.5563933849334717
10.552926063537598,-2.5849950313568115
13.36527156829834,-6.600067138671875
11.184873580932617,-13.208693504333496
1.864945888519287,-16.11728286743164
-11.369844436645508,-11.293851852416992
-21.774959564208984,-0.19833187758922577
-22.89981460571289,13.608697891235352
-15.183870315551758,22.271207809448242
-3.48249888420105,20.95407485961914
4.168518543243408,10.06690788269043
0.38518136739730835,-6.0883708000183105
-13.858595848083496,-18.52816390991211
-30.278179168701172,-20.610857009887695
-39.63819122314453,-13.11432933807373
-37.01603317260742,-0.282883882522583
-21.718175888061523,12.0617094039917
-0.9261054396629333,16.132314682006836
15.042115211486816,10.915142059326172
18.47096061706543,2.453260898590088
10.957940101623535,-2.1987698078155518
0.7123245596885681,3.5948173999786377
-6.9184417724609375,19.77055549621582
-6.799651622772217,35.224159240722656
-0.2714014947414398,42.06639862060547
8.138496398925781,35.8231201171875
15.158191680908203,15.388257026672363
16.806852340698242,-11.68195629119873
15.202868461608887,-31.34457778930664
13.01077938079834,-35.104740142822266
10.790924072265625,-23.06641387939453
7.452685356140137,2.173090934753418
0.5367486476898193,26.3585147857666
-8.899255752563477,38.6122932434082
-17.208526611328125,37.97804641723633
-20.024629592895508,28.60091781616211
-13.353580474853516,16.462379455566406
2.6060807704925537,7.839328289031982
20.158451080322266,5.868953227996826
29.819509506225586,7.722208023071289
29.132863998413086,8.7113618850708
18.999984741210938,4.6614251136779785
4.608397483825684,-5.308613300323486
-5.871458530426025,-17.32293128967285
-7.110719680786133,-24.788978576660156
-1.512750267982483,-23.75431251525879
6.19066858291626,-15.094934463500977
10.536224365234375,-0.554076611995697
7.083996772766113,13.66652774810791
-1.7194329500198364,23.842205047607422
-10.710965156555176,28.408222198486328
-17.16426658630371,28.743715286254883
-19.476606369018555,26.358097076416016
-19.5914306640625,22.882904052734375
-21.025266647338867,19.149463653564453
-21.684144973754883,14.64670467376709
-19.698322296142578,11.55168342590332
-13.046479225158691,9.15353775024414
-1.4323736429214478,9.090071678161621
10.272546768188477,11.723292350769043
14.842740058898926,15.220614433288574
7.936197757720947,19.592891693115234
-8.975248336791992,21.921934127807617
-29.075870513916016,20.101665496826172
-42.62318801879883,15.857990264892578
-45.675621032714844,10.292798042297363
-38.94695281982422,5.212996482849121
-22.663904190063477,1.122558355331421
-3.788973808288574,-0.3359115719795227
9.937470436096191,-0.2296474277973175
16.34797477722168,1.7828991413116455
18.63150405883789,5.2618489265441895
20.816286087036133,8.237035751342773
24.625511169433594,11.452726364135742
27.876066207885742,13.245855331420898
27.883583068847656,13.201178550720215
22.656597137451172,11.486546516418457
13.029986381530762,6.764787197113037
3.4676761627197266,0.39687252044677734
-0.9672332406044006,-7.283998966217041
0.47933682799339294,-15.63314437866211
3.487718105316162,-24.00504493713379
2.542405843734741,-31.751680374145508
-7.744755268096924,-36.98596954345703
-23.53719139099121,-37.75716781616211
-36.4304313659668,-33.066097259521484
-40.064918518066406,-25.451406478881836
-31.09572410583496,-14.967584609985352
-11.814525604248047,-5.505484104156494
5.882105827331543,-1.8626494407653809
9.90573787689209,-5.204854488372803
0.44321954250335693,-11.427464485168457
-13.070070266723633,-14.026865005493164
-19.42587661743164,-9.468363761901855
-13.511619567871094,0.06952054053544998
1.473292589187622,9.132660865783691
16.440250396728516,11.54333209991455
23.735523223876953,5.551204681396484
21.87913703918457,-2.216306447982788
13.254205703735352,-7.056021690368652
2.5943896770477295,-3.6979498863220215
-4.651613235473633,5.189197063446045
-8.529522895812988,12.70138168334961
-12.328726768493652,12.784890174865723
-16.446304321289062,1.5565919876098633
-21.1275634765625,-16.22793197631836
-24.571231842041016,-30.699893951416016
-25.505477905273438,-35.031044006347656
-23.369548797607422,-28.141204833984375
-17.798511505126953,-10.100520133972168
-9.877345085144043,11.962334632873535
-3.298154592514038,26.114044189453125
0.8743304014205933,29.797588348388672
2.865999937057495,25.305477142333984
4.187516689300537,16.622716903686523
5.363729000091553,8.757500648498535
6.894015789031982,3.0670459270477295
8.926813125610352,-0.6774598956108093
9.153328895568848,-5.465817451477051
8.715120315551758,-11.640619277954102
7.250804424285889,-16.95027732849121
6.2814836502075195,-18.156761169433594
7.714274883270264,-13.895965576171875
10.729545593261719,-5.786697864532471
13.486776351928711,3.3365683555603027
12.265469551086426,9.016166687011719
6.631591320037842,10.462319374084473
-3.8760311603546143,9.327860832214355
-15.406837463378906,9.508447647094727
-23.790220260620117,13.86465072631836
-27.426374435424805,20.204797744750977
-24.374778747558594,25.916337966918945
-16.921049118041992,25.919469833374023
-5.07124137878418,18.56678581237793
8.8518648147583,6.504032611846924
20.125465393066406,-4.769777297973633
24.10964012145996,-8.616371154785156
20.219411849975586,-4.7205071449279785
7.639534950256348,5.304855823516846
-11.153348922729492,16.201000213623047
-26.277511596679688,21.62819480895996
-32.44041442871094,20.66764259338379
-27.869176864624023,17.766569137573242
-11.082784652709961,15.99724006652832
10.40678596496582,17.27261734008789
25.470613479614258,21.68915557861328
27.376895904541016,25.054325103759766
16.90372085571289,24.496490478515625
0.22839480638504028,15.698280334472656
-12.364217758178711,0.7317402362823486
-12.34626293182373,-13.641057014465332
0.6104446053504944,-22.702110290527344
17.606441497802734,-22.39041519165039
27.843915939331055,-14.485742568969727
26.008405685424805,-3.6603713035583496
11.941666603088379,7.8111443519592285
-5.941396713256836,13.980518341064453
-16.174068450927734,13.272368431091309
-12.129977226257324,8.84601879119873
5.330951690673828,1.5787216424942017
25.379798889160156,-5.62907600402832
36.90956115722656,-10.131209373474121
35.68157196044922,-12.191564559936523
23.085203170776367,-10.923702239990234
6.515932559967041,-5.853713035583496
-4.301713943481445,1.3465690612792969
-3.549722909927368,8.594242095947266
4.553491115570068,12.80681037902832
11.888847351074219,12.888440132141113
10.501776695251465,9.264185905456543
-1.1348758935928345,4.346181869506836
-17.123973846435547,-0.5872710943222046
-29.57399559020996,-4.032191276550293
-31.469005584716797,-5.407570838928223
-21.8906192779541,-7.380868434906006
-5.966657638549805,-9.698219299316406
8.022211074829102,-11.735401153564453
12.972783088684082,-11.817238807678223
7.658950328826904,-7.391933441162109
-3.5612053871154785,2.6133878231048584
-10.985706329345703,15.2298002243042
-11.424959182739258,25.688152313232422
-5.467905521392822,30.752086639404297
3.547008991241455,28.468975067138672
9.713251113891602,21.27391242980957
9.273998260498047,13.237712860107422
1.6175529956817627,8.549147605895996
-10.125155448913574,9.685067176818848
-20.533611297607422,14.00494384765625
-25.18752098083496,15.854231834411621
-23.923208236694336,11.933106422424316
-16.6423397064209,0.19728802144527435
-6.201315879821777,-15.800369262695312
4.050980567932129,-28.887975692749023
10.755433082580566,-33.67299270629883
12.586140632629395,-28.88150405883789
9.518051147460938,-15.58366584777832
2.8933489322662354,-0.3177485466003418
-4.8453521728515625,9.92849349975586
-9.821185111999512,11.749597549438477
-10.925372123718262,4.774787425994873
-7.873357772827148,-6.211127758026123
-1.1511598825454712,-15.043368339538574
5.988369941711426,-18.506242752075195
11.50658893585205,-15.756319046020508
14.63062858581543,-8.2660551071167
16.74213218688965,-0.5334083437919617
17.13336753845215,5.917179107666016
16.21498680114746,9.4595947265625
11.638531684875488,10.907835006713867
2.3495020866394043,12.60931396484375
-9.951875686645508,14.748583793640137
-23.754730224609375,17.676380157470703
-32.384254455566406,19.465959548950195
-33.46818923950195,20.52526092529297
-26.347867965698242,20.419204711914062
-11.1337251663208,16.388057708740234
6.017388820648193,10.736226081848145
18.4127140045166,4.207767009735107
22.731964111328125,-1.187485933303833
18.04569435119629,-2.7839531898498535
9.200928688049316,-0.5828869342803955
1.88227379322052,5.6347126960754395
-1.9127542972564697,14.233339309692383
-1.2114945650100708,21.407941818237305
1.9256980419158936,23.635730743408203
3.861834764480591,20.48350715637207
4.030312538146973,10.977564811706543
1.439680576324463,-1.1977157592773438
-1.596467137336731,-10.807416915893555
-2.636770009994507,-13.030821800231934
-1.476841688156128,-6.830132007598877
2.636561155319214,3.298572063446045
8.122003555297852,10.372339248657227
13.132284164428711,8.19423770904541
15.987218856811523,-5.14556360244751
16.34108543395996,-26.161436080932617
13.04313850402832,-43.76599884033203
6.338686466217041,-50.53704833984375
-1.122558355331421,-45.598167419433594
-9.656465530395508,-25.417377471923828
-14.494301795959473,5.321974754333496
-11.714106559753418,30.471500396728516
-2.703994035720825,40.20875930786133
10.35020923614502,33.790950775146484
22.1636905670166,14.64670467376709
26.43116569519043,-8.33724594116211
21.08497428894043,-24.405885696411133
9.379218101501465,-30.806367874145508
-4.025928020477295,-28.527429580688477
-13.395751953125,-23.88959503173828
-14.905997276306152,-22.04886817932129
-10.401358604431152,-24.281457901000977
-2.481444835662842,-28.75185775756836
3.3743557929992676,-29.35040283203125
4.199833869934082,-24.203794479370117
0.5221347212791443,-14.978440284729004
-6.370419502258301,-5.213831901550293
-12.274446487426758,-2.7432429790496826
-16.424592971801758,-7.800497055053711
-17.68619155883789,-16.135236740112305
-19.079734802246094,-22.80607795715332
-22.371417999267578,-22.153461456298828
-26.63450813293457,-14.358183860778809
-30.735593795776367,-3.696279764175415
-32.34041213989258,3.720914602279663
-31.11993980407715,4.080626010894775
-24.757246017456055,-1.4739189147949219
-13.309112548828125,-8.012398719787598
1.2340418100357056,-8.020332336425781
15.699115753173828,0.04008391499519348
26.41112518310547,12.956916809082031
31.206998825073242,21.84719467163086
31.112634658813477,20.184757232666016
25.987947463989258,6.945999622344971
17.874086380004883,-13.616631507873535
10.796977996826172,-29.892580032348633
7.759786605834961,-35.976566314697266
9.648531913757324,-30.648954391479492
13.932918548583984,-18.64257049560547
15.775734901428223,-7.055603981018066
12.612863540649414,-2.567875862121582
3.8557803630828857,-5.696508884429932
-7.862919330596924,-11.610138893127441
-16.059661865234375,-13.698051452636719
-16.522296905517578,-9.010321617126465
-9.225146293640137,0.9398843050003052
3.4900145530700684,9.197379112243652
15.428132057189941,10.515347480773926
21.755962371826172,5.22573184967041
20.74405288696289,-3.282496929168701
13.767363548278809,-7.395482540130615
4.216744422912598,-3.9561989307403564
-3.748889923095703,5.0908660888671875
-8.386933326721191,12.571526527404785
-12.058368682861328,12.218704223632812
-16.921049118041992,1.6776788234710693
-21.395206451416016,-15.129590034484863
-24.79357147216797,-29.50050926208496
-26.155380249023438,-34.63041305541992
-24.159744262695312,-27.737442016601562
-18.118764877319336,-10.490503311157227
-9.03600025177002,11.567967414855957
-2.195011854171753,27.000900268554688
1.832795262336731,30.946243286132812
4.136785507202148,25.549945831298828
5.024685859680176,14.61225700378418
5.86540412902832,5.515504837036133
7.528469085693359,2.785832166671753
8.658334732055664,7.038485050201416
8.044757843017578,13.250865936279297
5.412580966949463,17.011028289794922
0.5248487591743469,14.260896682739258
-6.865414142608643,4.733868598937988
-16.646099090576172,-7.698616981506348
-24.574989318847656,-18.167200088500977
-26.4643611907959,-23.139692306518555
-20.603132247924805,-23.984169006347656
-6.98023796081543,-22.55638885498047
8.062503814697266,-20.49895668029785
16.164257049560547,-19.414812088012695
13.279675483703613,-19.945714950561523
1.2133735418319702,-19.55072021484375
-11.047293663024902,-16.47093963623047
-13.581766128540039,-12.236032485961914
-4.924893379211426,-9.81554889678955
10.354802131652832,-11.259821891784668
22.00210189819336,-17.80059814453125
21.75721549987793,-26.93680763244629
9.67128849029541,-33.550445556640625
-8.634952545166016,-33.369651794433594
-22.095422744750977,-25.376249313354492
-22.43404769897461,-11.699701309204102
-7.2794060707092285,2.1250739097595215
14.576139450073242,8.919506072998047
28.19485855102539,8.169394493103027
26.49045753479004,1.8192251920700073
9.6790132522583,-4.100459098815918
-13.475293159484863,-3.388134717941284
-28.61031150817871,4.927816390991211
-28.674196243286133,18.610628128051758
-16.234821319580078,30.68716049194336
1.1538739204406738,35.128334045410156
13.176334381103516,30.686532974243164
12.880715370178223,20.74405288696289
2.1396877765655518,10.006364822387695
-11.600117683410645,4.869569301605225
-18.50791358947754,6.744118690490723
-14.265698432922363,13.070487976074219
-3.370180368423462,20.595617294311523
5.568741321563721,24.82447052001953
5.955801486968994,24.095861434936523
-3.958077907562256,20.545928955078125
-20.24342155456543,15.33773422241211
-32.02349853515625,9.95271110534668
-33.95191192626953,6.659149169921875
-25.959136962890625,3.2875072956085205
-11.577153205871582,-1.9265332221984863
2.7436604499816895,-8.179205894470215
10.35229778289795,-13.930622100830078
7.975237846374512,-17.775962829589844
-1.1281951665878296,-19.614395141601562
-12.286972999572754,-19.817947387695312
-21.239046096801758,-19.4905948638916
-24.830524444580078,-17.95279312133789
-22.376428604125977,-14.383027076721191
-15.823751449584961,-7.8574910163879395
-7.001950263977051,2.06139874458313
2.3309214115142822,12.435199737548828
9.96273136138916,19.3724308013916
14.443987846374512,19.786840438842773
15.282827377319336,13.302848815917969
12.247514724731445,2.216932773590088
5.186691761016846,-8.890904426574707
-3.295440673828125,-15.211010932922363
-11.369844436645508,-14.51455307006836
-18.676807403564453,-9.024309158325195
-24.355989456176758,-3.121326208114624
-27.86583709716797,0.5110698938369751
-29.23015022277832,-0.18476179242134094
-27.230756759643555,-1.2739169597625732
-21.93926239013672,0.5866447687149048
-14.028117179870605,6.743074893951416
-6.348916530609131,16.438371658325195
-0.5219259858131409,23.68938446044922
3.1344785690307617,25.602556228637695
4.589399337768555,20.28580093383789
5.865821838378906,8.622843742370605
9.059173583984375,-3.463500738143921
14.213505744934082,-9.607613563537598
19.609384536743164,-8.756247520446777
22.324026107788086,-3.5793683528900146
21.413578033447266,0.9444772601127625
18.493925094604492,0.3041784465312958
15.980120658874512,-6.068328857421875
17.943815231323242,-14.138975143432617
24.066423416137695,-18.878480911254883
30.381101608276367,-15.942124366760254
32.15982437133789,-6.664994716644287
24.760168075561523,5.5973429679870605
7.5000762939453125,17.149860382080078
-14.18991470336914,20.87286376953125
-30.896764755249023,16.614992141723633
-36.84880828857422,6.913848876953125
-30.80323600769043,-4.586267948150635
-14.808083534240723,-15.102032661437988
4.422174453735352,-22.573299407958984
19.191635131835938,-25.388776779174805
26.33742904663086,-24.97937774658203
27.650802612304688,-20.091644287109375
25.08584976196289,-11.354394912719727
21.77370834350586,-0.13298673927783966
18.034212112426758,10.963786125183105
14.894932746887207,16.01561164855957
12.73374080657959,13.745024681091309
10.921405792236328,3.4215378761291504
11.10575008392334,-10.181105613708496
13.851288795471191,-20.280790328979492
16.47866439819336,-23.208377838134766
15.218109130859375,-16.96656036376953
8.79716682434082,-5.477091312408447
-2.1649489402770996,5.447028160095215
-12.08008098602295,9.670453071594238
-15.387839317321777,5.178340911865234
-9.054998397827148,-4.591487407684326
4.69399356842041,-15.556108474731445
18.710002899169922,-21.710033416748047
24.681671142578125,-22.085193634033203
19.072010040283203,-19.084327697753906
2.704620361328125,-15.269466400146484
-17.460512161254883,-11.338319778442383
-29.609487533569336,-7.192975044250488
-28.226591110229492,-1.2300751209259033
-14.754220962524414,7.709473133087158
3.024456739425659,18.81856346130371
14.381148338317871,27.005910873413086
15.195143699645996,28.649351119995117
6.910090923309326,22.712757110595703
-4.6182098388671875,9.450826644897461
-12.305971145629883,-5.0662312507629395
-12.121209144592285,-13.284268379211426
-5.560808181762695,-12.032898902893066
2.6991922855377197,-1.0820568799972534
8.487142562866211,13.998472213745117
8.780256271362305,24.582504272460938
7.054769039154053,26.873342514038086
6.25162935256958,20.159286499023438
8.126805305480957,7.709681987762451
13.302640914916992,-3.9250922203063965
18.194547653198242,-10.370878219604492
20.853864669799805,-8.147055625915527
20.74906349182129,0.9663981199264526
19.479948043823242,13.095122337341309
18.151124954223633,24.695032119750977
16.761131286621094,31.063989639282227
12.879045486450195,32.53394317626953
3.764756441116333,27.460613250732422
-9.795924186706543,15.72020149230957
-23.89565086364746,0.5916553139686584
-31.529130935668945,-14.734179496765137
-28.73536491394043,-24.875200271606445
-16.742759704589844,-27.584205627441406
1.551372766494751,-21.265769958496094
18.82148551940918,-6.363739013671875
27.85706901550293,10.59050464630127
27.344955444335938,22.77977180480957
20.32463264465332,27.53911018371582
13.679888725280762,24.850982666015625
10.712008476257324,16.35862159729004
13.295125007629395,8.113861083984375
18.37993621826172,5.205063343048096
20.517953872680664,7.333059787750244
18.52691078186035,12.445428848266602
13.485523223876953,14.890338897705078
9.206982612609863,11.229132652282715
7.6184492111206055,1.2833116054534912
8.778586387634277,-11.274018287658691
11.422454833984375,-20.848020553588867
10.827041625976562,-24.328222274780273
5.635756492614746,-21.779970169067383
-3.8683066368103027,-16.13481903076172
-14.878647804260254,-10.628500938415527
-23.198984146118164,-7.9078049659729
-27.157896041870117,-9.390074729919434
-27.38420295715332,-11.41118049621582
-24.61235809326172,-9.832459449768066
-21.697505950927734,-4.154322147369385
-18.042146682739258,3.942837715148926
-12.097826957702637,10.686120986938477
-3.6908516883850098,12.527685165405273
6.600902080535889,7.0710530281066895
16.064254760742188,-2.278102397918701
20.80793571472168,-10.585494041442871
19.345291137695312,-15.164663314819336
12.463174819946289,-14.433967590332031
1.0300731658935547,-9.247275352478027
-11.011802673339844,-2.061816453933716
-21.39311981201172,3.136983871459961
-27.50153160095215,6.150166988372803
-28.223669052124023,8.602801322937012
-23.534059524536133,11.211596488952637
-14.380104064941406,14.904535293579102
-4.263299942016602,17.862394332885742
3.307131767272949,17.891414642333984
3.7822930812835693,13.129152297973633
-3.817784070968628,3.6674695014953613
-15.949640274047852,-7.475650310516357
-25.816755294799805,-17.072616577148438
-28.019283294677734,-22.164318084716797
-21.6866512298584,-23.056602478027344
-7.171680450439453,-22.015464782714844
8.418874740600586,-20.55511474609375
15.714356422424316,-20.196657180786133
12.571317672729492,-20.554489135742188
0.49729105830192566,-19.787883758544922
-11.21744155883789,-16.937332153320312
-14.069245338439941,-12.333319664001465
-5.670621395111084,-9.59634017944336
10.115760803222656,-11.924756050109863
22.184358596801758,-18.612714767456055
21.7824764251709,-27.64391326904297
8.781509399414062,-34.22435760498047
-10.574429512023926,-33.3986701965332
-24.305675506591797,-24.315279006958008
-23.229881286621094,-11.19969654083252
-5.989413738250732,1.7590993642807007
16.87073516845703,8.124717712402344
29.18067169189453,6.787542819976807
24.501293182373047,1.439263105392456
4.8140363693237305,-3.4772796630859375
-15.028545379638672,-3.2069220542907715
-22.37225341796875,2.512134075164795
-15.016645431518555,11.333309173583984
-0.7853941917419434,16.50663948059082
7.299448013305664,14.69743537902832
2.6060807704925537,5.401516437530518
-13.433539390563965,-7.723460674285889
-27.803205490112305,-17.269695281982422
-31.76003074645996,-22.516096115112305
-23.560365676879883,-23.619863510131836
-6.120312690734863,-21.65533447265625
9.977136611938477,-19.97222900390625
16.764888763427734,-19.883501052856445
11.716611862182617,-20.63841438293457
-1.3626443147659302,-19.738405227661133
-12.51536750793457,-16.56572151184082
-13.469030380249023,-12.121000289916992
-4.126346588134766,-9.415962219238281
10.758772850036621,-11.754608154296875
21.15470314025879,-18.71480369567871
20.353443145751953,-27.62157440185547
8.343299865722656,-34.12790298461914
-9.759389877319336,-33.37570571899414
-22.629039764404297,-24.578746795654297
-22.422149658203125,-10.918691635131836
-7.330763339996338,1.8845703601837158
14.442944526672363,8.214696884155273
28.378576278686523,6.920529842376709
26.37020492553711,0.8398832678794861
9.713668823242188,-4.400879859924316
-13.65817642211914,-3.2463796138763428
-28.99215316772461,5.8956756591796875
-28.17648696899414,19.64863395690918
-14.88679027557373,31.023488998413086
2.509002447128296,34.64482116699219
13.641265869140625,30.390287399291992
13.256502151489258,20.42546844482422
1.9050297737121582,9.955425262451172
-11.583833694458008,5.19713020324707
-18.43505096435547,7.407382011413574
-14.589292526245117,13.326857566833496
-3.2229971885681152,20.130268096923828
6.410086154937744,24.493986129760742
7.149342060089111,24.046382904052734
-3.7265515327453613,20.831735610961914
-19.24842071533203,16.126468658447266
-31.38153076171875,11.488635063171387
-34.155670166015625,7.697782039642334
-26.274171829223633,3.8012912273406982
-11.46212100982666,-1.3768407106399536
2.988339424133301,-8.285470962524414
9.80009937286377,-14.480523109436035
7.233476638793945,-18.293296813964844
-1.7937551736831665,-19.745086669921875
-13.531661987304688,-19.725252151489258
-22.160350799560547,-18.585575103759766
-24.99566078186035,-17.04422378540039
-22.893760681152344,-13.94774055480957
-15.970099449157715,-7.264165878295898
-7.036397457122803,2.38791561126709
2.523825168609619,12.224550247192383
10.701152801513672,18.988920211791992
15.033347129821777,19.531723022460938
15.571139335632324,13.280302047729492
12.100123405456543,2.036137580871582
4.766645431518555,-9.4253568649292
-3.9653847217559814,-15.38658618927002
-11.94291877746582,-14.505784034729004
-18.919607162475586,-8.503426551818848
-24.23093605041504,-2.035928964614868
-27.704248428344727,1.334877848625183
-28.95728874206543,1.0588834285736084
-26.915931701660156,-0.6613845825195312
-21.499591827392578,1.0361274480819702
-13.879472732543945,7.4132280349731445
-5.952252388000488,16.45465660095215
0.5484398007392883,23.95180892944336
4.154113292694092,25.621973037719727
5.239510536193848,19.66408348083496
6.361442565917969,8.497790336608887
9.071073532104492,-3.578950881958008
13.933545112609863,-10.501776695251465
19.359905242919922,-9.346024513244629
22.18206214904785,-4.519670009613037
21.636545181274414,0.4064759612083435
18.414175033569336,0.005428030155599117
16.02062225341797,-6.50445032119751
17.7628116607666,-15.022491455078125
23.064952850341797,-19.68830108642578
29.45395278930664,-17.5264835357666
31.99740219116211,-8.588187217712402
25.116539001464844,4.992952823638916
7.990686893463135,16.412067413330078
-13.701809883117676,21.176834106445312
-30.316801071166992,17.89162254333496
-36.09661102294922,8.319917678833008
-30.75187873840332,-3.5081777572631836
-15.635649681091309,-14.836058616638184
3.6194522380828857,-23.111927032470703
18.5697078704834,-26.421979904174805
25.758926391601562,-25.75809097290039
26.572296142578125,-21.37537384033203
24.49899673461914,-12.942511558532715
21.603559494018555,-0.9365440011024475
18.284318923950195,9.838095664978027
15.554228782653809,15.60391616821289
12.98029899597168,13.487610816955566
11.285083770751953,3.1632890701293945
10.820777893066406,-10.79572582244873
12.941676139831543,-21.362638473510742
15.354435920715332,-23.76683807373047
15.010173797607422,-18.01876449584961
8.999464988708496,-6.277307987213135
-1.8334215879440308,5.285648822784424
-11.7886381149292,9.569408416748047
-15.216856002807617,5.753503322601318
-9.344980239868164,-3.938453435897827
4.363927364349365,-15.503289222717285
18.389331817626953,-22.291040420532227
23.961204528808594,-22.891881942749023
18.690168380737305,-19.91669464111328
1.9841537475585938,-15.440657615661621
-17.746318817138672,-10.595724105834961
-29.447481155395508,-6.333467483520508
-28.251853942871094,-0.5578345060348511
-14.55129623413086,8.517831802368164
3.1261277198791504,18.40624237060547
14.966540336608887,26.15433692932129
16.121875762939453,28.078990936279297
7.5840020179748535,22.36431884765625
-4.02697229385376,9.687363624572754
-11.884881019592285,-4.633032321929932
-12.378623008728027,-13.447318077087402
-5.938891410827637,-11.906593322753906
2.3144285678863525,-1.030908226966858
8.90510082244873,13.192618370056152
9.391326904296875,24.42530059814453
7.784421443939209,26.863113403320312
6.961030960083008,20.0640869140625
8.522842407226562,7.516986846923828
13.214957237243652,-5.039091110229492
17.884523391723633,-10.653553009033203
20.44467544555664,-9.079007148742676
20.552818298339844,-0.29060837626457214
19.901247024536133,12.760046005249023
19.169713973999023,24.232187271118164
17.57011604309082,30.89530372619629
13.796174049377441,32.183834075927734
4.837836265563965,27.40257453918457
-9.462935447692871,16.447349548339844
-23.86871910095215,1.3655670881271362
-32.2840461730957,-13.62185001373291
-29.798423767089844,-23.920284271240234
-17.66510581970215,-26.99797821044922
0.9793419241905212,-21.23674964904785
18.941946029663086,-7.225543022155762
28.39924430847168,9.278800010681152
28.045379638671875,21.94135093688965
21.292491912841797,26.807579040527344
14.29221248626709,24.06308364868164
11.958785057067871,16.087846755981445
14.102022171020508,8.073150634765625
18.514802932739258,4.835539817810059
20.79165267944336,7.001114845275879
19.0035343170166,11.962961196899414
14.382609367370605,14.36716079711914
9.3071928024292,11.189257621765137
7.5094709396362305,1.3329989910125732
8.989861488342285,-11.28090763092041
11.194894790649414,-21.14092445373535
10.517851829528809,-24.61507225036621
4.619880199432373,-22.118179321289062
-4.472487926483154,-16.158828735351562
-15.046499252319336,-9.850622177124023
-23.64971923828125,-7.2543535232543945
-27.324703216552734,-8.67127799987793
-27.38524627685547,-10.32995891571045
-24.896913528442383,-8.978379249572754
-21.59625244140625,-3.5772807598114014
-17.640262603759766,4.237412452697754
-11.713688850402832,10.742280006408691
-3.453688621520996,12.207221984863281
6.592342853546143,6.818023204803467
15.741496086120605,-2.781865358352661
20.289140701293945,-11.327046394348145
18.53776741027832,-15.716026306152344
11.981541633605957,-14.876351356506348
1.227778673171997,-8.975248336791992
-11.416817665100098,-1.5766339302062988
-21.399381637573242,4.069352626800537
-27.155391693115234,7.323665142059326
-28.363962173461914,9.325773239135742
-23.406919479370117,11.748136520385742
-13.786779403686523,14.921863555908203
-3.3313491344451904,17.3715763092041
4.012567043304443,17.72878074645996
4.33762264251709,12.997836112976074
-3.429053783416748,3.5983664989471436
-16.09515380859375,-7.0336833000183105
-26.312793731689453,-16.007051467895508
-29.201759338378906,-20.956581115722656
-22.619853973388672,-22.126529693603516
-8.355826377868652,-21.520469665527344
6.931803226470947,-21.04718780517578
15.195143699645996,-20.838207244873047
11.919327735900879,-20.893949508666992
-0.04822596162557602,-19.566587448120117
-12.009516716003418,-15.910600662231445
-15.282618522644043,-11.417235374450684
-6.981908321380615,-8.959172248840332
9.3861083984375,-12.006175994873047
21.995630264282227,-19.587881088256836
22.05429458618164,-28.531396865844727
8.089226722717285,-34.40494155883789
-12.944599151611328,-32.25523376464844
-26.45162582397461,-22.8380184173584
-24.27895164489746,-10.03830623626709
-4.26517915725708,1.121932029724121
19.949262619018555,6.565202236175537
30.288408279418945,5.960186004638672
22.098346710205078,1.1135812997817993
0.6369584798812866,-2.526956796646118
-16.571985244750977,-2.658064603805542
-15.694314002990723,0.411903977394104
0.7114894986152649,5.286066055297852
17.565105438232422,9.69550609588623
20.98225975036621,11.581537246704102
8.36125373840332,11.85147762298584
-10.12598991394043,10.73852252960205
-18.31417465209961,7.2543535232543945
-11.609721183776855,1.9574311971664429
3.9626708030700684,-6.171461582183838
15.518112182617188,-13.739806175231934
16.03419303894043,-17.564062118530273
9.242891311645508,-15.254225730895996
2.7964794635772705,-4.81341028213501
2.8156862258911133,7.680453777313232
9.942689895629883,15.07092571258545
17.675336837768555,11.29698371887207
19.106666564941406,-3.4557762145996094
11.517444610595703,-22.552629470825195
-0.4542843699455261,-36.094940185546875
-11.092179298400879,-36.82793045043945
-16.836078643798828,-24.161205291748047
-15.79765510559082,-2.101900339126587
-11.212430953979492,18.750295639038086
-9.012409210205078,27.52178382873535
-11.62537956237793,22.908584594726562
-16.439414978027344,9.494877815246582
-19.745086669921875,-3.4065065383911133
-17.31165885925293,-6.065614700317383
-10.30073070526123,3.2599496841430664
-3.3117246627807617,17.929826736450195
-0.6686915755271912,27.918655395507812
-4.835539817810059,25.445144653320312
-13.723313331604004,10.278392791748047
-19.83360481262207,-12.12267017364502
-17.203516006469727,-28.04183006286621
-6.63785457611084,-28.316572189331055
8.875873565673828,-11.308048248291016
21.854293823242188,18.5408992767334
23.6363582611084,42.17871856689453
16.841089248657227,51.45709991455078
4.214447975158691,49.96355438232422
-9.457507133483887,33.986358642578125
-16.310813903808594,8.268142700195312
-12.696788787841797,-12.690108299255371
-1.2897834777832031,-21.821308135986328
11.413268089294434,-19.104995727539062
21.15679168701172,-9.096543312072754
25.227188110351562,-0.08058536797761917
23.960369110107422,3.758910894393921
16.89432716369629,2.9737255573272705
8.40259075164795,1.2505346536636353
0.22839480638504028,1.6816455125808716
-5.115292072296143,7.796739101409912
-4.19711971282959,17.819387435913086
1.7841517925262451,24.61235809326172
10.659399032592773,25.17228126525879
18.392045974731445,17.610408782958984
20.238201141357422,3.5799946784973145
14.431879997253418,-11.408258438110352
2.910468101501465,-21.337169647216797
-8.034319877624512,-23.36683464050293
-11.713688850402832,-17.86949348449707
-4.088768005371094,-7.6714768409729
13.9076566696167,1.213791012763977
34.03020095825195,5.505692958831787
46.16999053955078,4.392111301422119
46.23971939086914,0.8081501722335815
34.95568084716797,-1.8956351280212402
13.386357307434082,-2.5194411277770996
-10.784869194030762,1.8073252439498901
-25.219253540039062,7.756028652191162
-27.747255325317383,12.458373069763184
-21.375791549682617,14.124778747558594
-11.664836883544922,11.114727020263672
-4.321338176727295,3.8966994285583496
-2.4332189559936523,-4.567060947418213
-5.914256572723389,-11.417444229125977
-10.40302848815918,-15.77740478515625
-12.650442123413086,-17.689950942993164
-11.651683807373047,-18.087032318115234
-8.158537864685059,-17.288484573364258
-5.814672946929932,-15.033973693847656
-5.716133117675781,-11.529135704040527
-7.3134355545043945,-5.607781410217285
-9.307401657104492,2.431548833847046
-9.486526489257812,10.652926445007324
-7.320951461791992,18.508121490478516
-3.260993480682373,22.72068977355957
2.011085271835327,24.150976181030273
7.017399311065674,23.54094886779785
11.838951110839844,22.51546859741211
15.641912460327148,21.650741577148438
18.13692855834961,20.576200485229492
19.114599227905273,18.389331817626953
18.327743530273438,13.86402416229248
16.079078674316406,7.725757122039795
13.264018058776855,0.026305068284273148
10.10135555267334,-5.596925258636475
6.217182159423828,-7.0865020751953125
3.06516695022583,-3.385211944580078
0.40898120403289795,3.8998308181762695
-2.1657841205596924,10.43350887298584
-4.056617259979248,13.011614799499512
-5.577718734741211,10.698229789733887
-7.447883605957031,4.240126609802246
-9.257087707519531,-2.590423107147217
-11.95565414428711,-5.5478644371032715
-15.771767616271973,-3.083329916000366
-19.335477828979492,5.21675443649292
-20.944263458251953,14.951091766357422
-18.191417694091797,22.66473960876465
-11.986761093139648,25.158920288085938
-4.735956192016602,21.95680046081543
0.7215104699134827,14.307661056518555
1.3467777967453003,5.620516300201416
-3.503376007080078,0.012943764217197895
-9.117002487182617,-1.573293685913086
-11.176105499267578,1.6394739151000977
-5.673752784729004,6.763116836547852
7.10028076171875,11.69844913482666
22.3236083984375,15.141698837280273
33.3740348815918,15.417693138122559
35.25401306152344,13.265687942504883
28.142457962036133,8.861050605773926
12.017032623291016,1.568283200263977
-7.073349475860596,-7.088172435760498
-20.847185134887695,-15.11539363861084
-26.299015045166016,-21.755754470825195
-24.12926483154297,-24.498579025268555
-15.702247619628906,-23.753686904907227
-4.460170745849609,-19.556983947753906
7.013641357421875,-12.513071060180664
16.192649841308594,-6.335137367248535
21.751161575317383,-3.0428285598754883
23.3820743560791,-2.8705928325653076
21.05386734008789,-5.463312149047852
17.148191452026367,-7.968348503112793
13.770703315734863,-8.51574420928955
13.436880111694336,-6.329291820526123
16.725431442260742,-2.3641159534454346
22.092708587646484,0.5496924519538879
25.213409423828125,0.9018880724906921
23.82988739013672,-2.272883176803589
16.755910873413086,-7.889224052429199
6.283780097961426,-13.483226776123047
-2.723618507385254,-16.973241806030273
-7.301535606384277,-17.619386672973633
-6.59276008605957,-15.223119735717773
-3.3776960372924805,-10.395094871520996
-2.408583879470825,-4.20734977722168
-5.48043155670166,2.207746982574463
-12.408894538879395,8.236200332641602
-17.56134796142578,12.627059936523438
-18.708541870117188,12.944390296936035
-16.563634872436523,8.371692657470703
-14.950674057006836,-1.462436556816101
-19.056560516357422,-14.79785442352295
-28.501750946044922,-26.87104606628418
-38.526695251464844,-31.2399845123291
-43.51443099975586,-28.95707893371582
-39.148414611816406,-22.330707550048828
-19.83945083618164,-9.721184730529785
8.022419929504395,1.8695389032363892
30.435800552368164,4.973745822906494
36.899330139160156,-1.2069016695022583
26.186697006225586,-16.01853370666504
5.679389476776123,-32.531227111816406
-12.029350280761719,-42.03278732299805
-16.85173797607422,-43.184574127197266
-8.296326637268066,-38.01583480834961
6.4180192947387695,-26.658517837524414
14.658186912536621,-14.398476600646973
10.297390937805176,-5.781896114349365
-7.6088457107543945,-2.839068651199341
-26.673131942749023,-4.5935750007629395
-35.01455307006836,-6.923870086669922
-28.70050048828125,-9.87901496887207
-8.529522895812988,-11.403456687927246
13.48969841003418,-11.482580184936523
24.63469696044922,-11.833731651306152
21.00063133239746,-11.703250885009766
4.945353031158447,-11.469010353088379
-12.237911224365234,-9.565024375915527
-20.317951202392578,-5.325314998626709
-18.094755172729492,-0.6778774857521057
-10.465660095214844,3.874152183532715
-7.155605316162109,7.324917793273926
-10.624951362609863,9.638511657714844
-19.23902702331543,11.87611198425293
-25.600051879882812,13.443978309631348
-22.051790237426758,15.779492378234863
-8.880048751831055,17.20685577392578
9.707406044006348,16.25193977355957
23.199399948120117,13.518926620483398
25.144514083862305,10.962950706481934
14.99535083770752,9.538719177246094
-1.5252764225006104,9.692374229431152
-13.65629768371582,10.257933616638184
-14.708083152770996,8.600713729858398
-5.630954742431641,3.1703872680664062
5.881062030792236,-5.601518154144287
12.918085098266602,-14.502026557922363
12.422464370727539,-18.987459182739258
7.161868095397949,-15.811434745788574
3.49773907661438,-5.102557182312012
5.238049030303955,7.682124137878418
11.274435997009277,14.685744285583496
16.90559959411621,11.554397583007812
17.380552291870117,-3.628429412841797
10.1934232711792,-22.876014709472656
-0.7200490832328796,-35.98512649536133
-10.816393852233887,-36.700374603271484
-17.06238555908203,-23.81151580810547
-16.771778106689453,-0.7332016229629517
-12.323507308959961,20.76054573059082
-8.666267395019531,28.176279067993164
-9.293205261230469,22.351375579833984
-13.700974464416504,8.286096572875977
-18.818771362304688,-3.7292654514312744
-19.987051010131836,-3.5572385787963867
-14.83209228515625,7.104038715362549
-3.8196630477905273,19.134431838989258
8.829734802246094,23.77853012084961
18.38452911376953,17.588279724121094
21.26117706298828,5.869579315185547
16.98827362060547,-3.870603084564209
8.336201667785645,-4.920718193054199
-0.4048057794570923,4.243257999420166
-6.232213497161865,17.720848083496094
-8.280460357666016,29.34748077392578
-8.445806503295898,33.876129150390625
-9.267526626586914,29.015117645263672
-12.018075942993164,14.458393096923828
-15.977615356445312,-7.219280242919922
-17.0314884185791,-28.32200050354004
-15.337525367736816,-40.8695182800293
-12.188432693481445,-42.39270782470703
-9.62869930267334,-33.84523010253906
-11.357317924499512,-17.14902687072754
-17.655086517333984,-0.8701549768447876
-25.492952346801758,6.338269233703613
-29.69215965270996,3.3620383739471436
-26.56853675842285,-5.134707927703857
-13.6886568069458,-11.498655319213867
3.283749580383301,-10.286117553710938
15.438361167907715,-3.468928813934326
16.89703941345215,5.178132057189941
6.742866039276123,9.494251251220703
-9.87129020690918,6.735141754150391
-23.253055572509766,-0.38601645827293396
-27.178146362304688,-6.615098476409912
-21.69813346862793,-6.791509628295898
-9.762103080749512,0.9133704304695129
2.7960617542266846,13.288444519042969
9.986322402954102,23.44261932373047
10.734347343444824,27.279191970825195
7.207380294799805,24.92342758178711
0.8830987811088562,19.441116333007812
-6.17605447769165,15.225207328796387
-13.309530258178711,16.075529098510742
-20.871610641479492,19.930055618286133
-26.550792694091797,22.283525466918945
-29.587984085083008,19.901872634887695
-27.885461807250977,9.807406425476074
-18.295385360717773,-4.700674057006836
-4.070605278015137,-17.415416717529297
9.015957832336426,-23.699615478515625
15.959243774414062,-20.44467544555664
15.664460182189941,-10.688835144042969
10.619315147399902,0.20897915959358215
4.429481506347656,5.198800086975098
2.1411490440368652,2.1273703575134277
3.6762378215789795,-6.851426601409912
5.630119800567627,-16.77115249633789
6.7664570808410645,-22.663278579711914
3.6353187561035156,-21.54322624206543
-2.5163094997406006,-14.503905296325684
-7.500494003295898,-4.953286170959473
-7.5435004234313965,3.224458694458008
-0.3407132625579834,6.042232513427734
11.278820037841797,3.233227014541626
22.651378631591797,-3.655360698699951
29.212614059448242,-11.090091705322266
29.02889633178711,-17.759262084960938
24.63762092590332,-21.759511947631836
18.455720901489258,-22.089576721191406
11.943127632141113,-20.475574493408203
6.806332111358643,-15.779701232910156
3.338447332382202,-10.285908699035645
2.067662000656128,-4.487310886383057
3.4127695560455322,0.6586706042289734
8.317830085754395,2.8177740573883057
16.256532669067383,4.04722261428833
24.48751449584961,4.18062686920166
30.21638298034668,4.889820098876953
30.93309211730957,6.961030960083008
26.909042358398438,9.634753227233887
19.16929817199707,11.855026245117188
13.38176441192627,11.304916381835938
11.336023330688477,6.80299186706543
13.2383394241333,-1.6837332248687744
15.67134952545166,-12.96192741394043
12.328935623168945,-23.95452308654785
3.174562454223633,-30.83705711364746
-10.968796730041504,-33.1744499206543
-23.274559020996094,-30.492168426513672
-26.778560638427734,-24.24742889404297
-18.075550079345703,-16.86134147644043
0.0530276782810688,-9.14581298828125
18.532756805419922,-2.1956381797790527
28.946014404296875,2.1595208644866943
26.50006103515625,6.177515983581543
12.400752067565918,10.801154136657715
-5.855174541473389,14.990549087524414
-17.476377487182617,19.002071380615234
-18.615638732910156,22.275175094604492
-9.430785179138184,24.72258949279785
4.841803073883057,24.455781936645508
15.510178565979004,23.070589065551758
18.98787498474121,20.18329429626465
14.176344871520996,16.14818000793457
5.1342902183532715,10.690713882446289
-1.4709961414337158,3.527801990509033
-2.956815004348755,-2.5357251167297363
1.3530409336090088,-7.52596378326416
9.3295316696167,-9.455001831054688
16.827938079833984,-6.961448669433594
21.261594772338867,-2.0653655529022217
21.999805450439453,3.4670498371124268
20.359289169311523,5.405900478363037
18.292043685913086,2.387080669403076
16.764053344726562,-4.75933837890625
16.775535583496094,-13.349196434020996
15.509343147277832,-19.361366271972656
11.526422500610352,-20.48329734802246
5.314458847045898,-16.937959671020508
-3.345754384994507,-11.395523071289062
-12.452319145202637,-6.542863845825195
-18.2548828125,-6.282944679260254
-18.866580963134766,-10.593426704406738
-14.608917236328125,-18.276594161987305
-6.556225299835205,-24.926557540893555
0.5156628489494324,-28.197154998779297
3.4088029861450195,-29.324724197387695
1.43759286403656,-28.41573715209961
-3.8879308700561523,-27.859365463256836
-9.497591018676758,-27.04808235168457
-10.687582969665527,-24.6104793548584
-5.483354091644287,-18.868459701538086
4.342006683349609,-8.733074188232422
15.031886100769043,4.124258995056152
20.981842041015625,16.00788688659668
20.896663665771484,22.174964904785156
13.856925964355469,21.891036987304688
3.3969030380249023,15.151093482971191
-5.276254177093506,5.729285717010498
-10.101982116699219,-1.4183859825134277
-9.659597396850586,-2.4480416774749756
-5.713001728057861,2.3234057426452637
-1.2542924880981445,9.106355667114258
2.061190128326416,15.279696464538574
5.6004743576049805,18.7102108001709
9.420137405395508,19.884336471557617
13.821643829345703,20.458663940429688
17.802894592285156,21.368484497070312
17.38034439086914,23.046371459960938
9.648740768432617,24.706514358520508
-5.580223560333252,24.529268264770508
-24.438871383666992,20.851778030395508
-39.03254699707031,15.321659088134766
-45.99900817871094,10.10573959350586
-44.467674255371094,6.432633399963379
-34.31308364868164,4.520922660827637
-17.24464225769043,5.70151948928833
-0.7511558532714844,7.723251819610596
7.948306083679199,10.894265174865723
7.493395805358887,14.275510787963867
-0.495412141084671,17.119171142578125
-10.821822166442871,18.312711715698242
-18.944660186767578,13.171950340270996
-21.267438888549805,1.4883241653442383
-17.4774227142334,-15.96091365814209
-9.001970291137695,-34.11558532714844
-1.4436472654342651,-45.12446594238281
1.302727222442627,-46.1422233581543
-1.6998084783554077,-36.70329666137695
-9.962105751037598,-15.632935523986816
-19.102073669433594,9.256461143493652
-24.237825393676758,26.02928352355957
-23.154098510742188,31.284242630004883
-16.856956481933594,26.64933204650879
-8.436620712280273,15.966341972351074
-1.966199517250061,6.720109939575195
-1.8806036710739136,3.9777021408081055
-6.512383460998535,7.603000164031982
-9.988202095031738,14.446493148803711
-7.292140960693359,17.337963104248047
4.967065334320068,14.457140922546387
22.89104652404785,7.0819091796875
36.65486145019531,-0.36639204621315
39.939029693603516,-3.8384523391723633
31.25752067565918,-1.919643759727478
10.151251792907715,4.129060745239258
-12.991572380065918,11.558572769165039
-23.789386749267578,14.800567626953125
-18.04193687438965,12.631443977355957
1.8593090772628784,5.357883453369141
24.245758056640625,-4.9411773681640625
34.2546272277832,-12.524553298950195
29.018457412719727,-17.2087345123291
10.547080039978027,-18.30999755859375
-12.95608139038086,-15.54295539855957
-27.596940994262695,-10.659815788269043
-27.385663986206055,-5.495462894439697
-13.965068817138672,-1.5808093547821045
5.182098865509033,0.480380654335022
18.09976577758789,0.6311128735542297
20.332983016967773,-0.11816404014825821
12.535200119018555,1.2261085510253906
0.8720338940620422,6.682114124298096
-7.258737564086914,16.319164276123047
-9.1472749710083,26.553922653198242
-7.791728496551514,32.52517318725586
-7.125333309173584,30.837265014648438
-10.206366539001465,17.097877502441406
-15.619574546813965,-5.863942623138428
-17.857383728027344,-29.001964569091797
-16.67637062072754,-41.75407791137695
-13.367568016052246,-42.93321228027344
-10.580692291259766,-32.72872543334961
-11.652101516723633,-15.013931274414062
-17.272409439086914,0.32651689648628235
-24.750356674194336,6.372298717498779
-29.098207473754883,2.6252877712249756
-26.20277214050293,-4.594618797302246
-14.514344215393066,-9.758136749267578
2.0252816677093506,-8.72159194946289
15.079276084899902,-3.043872356414795
18.085987091064453,2.7801952362060547
9.025979042053223,5.922815799713135
-9.122430801391602,6.071460723876953
-25.339506149291992,3.0142269134521484
-30.491125106811523,-0.6221357583999634
-23.069753646850586,-4.718001842498779
-2.7495059967041016,-10.324321746826172
20.093732833862305,-15.324164390563965
34.319557189941406,-17.54610824584961
36.73252487182617,-15.459864616394043
29.044971466064453,-8.744138717651367
15.512057304382324,1.9256980419158936
3.680204391479492,11.293434143066406
-3.9346954822540283,15.610597610473633
-10.028077125549316,12.877792358398438
-17.052156448364258,4.51800012588501
-25.88126564025879,-5.1685285568237305
-31.686960220336914,-11.213057518005371
-30.896974563598633,-11.179028511047363
-21.455333709716797,-5.6223955154418945
-4.628230571746826,2.248457193374634
10.359603881835938,9.248528480529785
15.648176193237305,13.836883544921875
8.073359489440918,16.3692684173584
-9.380680084228516,18.191625595092773
-26.476051330566406,19.436105728149414
-34.30556869506836,20.298328399658203
-29.39487075805664,18.76240348815918
-13.664022445678711,14.13960075378418
6.205699920654297,4.141586780548096
19.14299201965332,-7.196732997894287
19.62838363647461,-14.663614273071289
11.693229675292969,-16.933366775512695
2.085824966430664,-12.465680122375488
-2.816312551498413,-4.461632251739502
1.850958228111267,1.7112908363342285
13.510784149169922,2.6280016899108887
24.16078758239746,-0.6805914640426636
28.03410530090332,-4.439919948577881
22.321311950683594,-4.467060089111328
7.946009635925293,1.2077367305755615
-9.042889595031738,10.363571166992188
-21.316917419433594,16.527307510375977
-24.253482818603516,15.399321556091309
-17.855297088623047,5.950164794921875
-3.665173053741455,-10.511589050292969
12.921425819396973,-26.199222564697266
24.281665802001953,-34.62582015991211
29.88214111328125,-34.63312911987305
29.4307804107666,-27.47460174560547
22.938228607177734,-15.48387336730957
11.616819381713867,-2.9052486419677734
-0.07724504172801971,6.692760944366455
-8.039956092834473,13.486149787902832
-11.232264518737793,17.491619110107422
-9.796341896057129,19.919200897216797
-7.202787399291992,20.03131103515625
-6.015927791595459,17.632747650146484
-6.33931303024292,12.510565757751465
-7.868138313293457,5.063308238983154
-9.121596336364746,-1.5094099044799805
-8.256869316101074,-5.5912885665893555
-5.639723300933838,-5.471871852874756
-2.5231988430023193,-1.2448978424072266
0.564306378364563,6.450587749481201
3.2511813640594482,15.181991577148438
6.963536262512207,23.13823127746582
13.89888858795166,27.687755584716797
23.77456283569336,27.96228790283203
33.712242126464844,23.400238037109375
40.750728607177734,14.356513023376465
40.48955535888672,2.941574811935425
30.593421936035156,-9.285898208618164
13.62185001373291,-18.137344360351562
-4.3290629386901855,-20.24028968811035
-15.731892585754395,-16.972198486328125
-18.534425735473633,-13.794294357299805
-13.745233535766602,-15.965715408325195
-8.223674774169922,-23.790637969970703
-5.4017252922058105,-34.767578125
-5.876469135284424,-42.30335235595703
-8.278580665588379,-41.60230255126953
-6.183570384979248,-31.320152282714844
1.7605607509613037,-12.712446212768555
16.271564483642578,5.540139675140381
31.00762176513672,13.6544189453125
40.29477310180664,10.344990730285645
42.21921920776367,0.27891725301742554
37.47679138183594,-9.108025550842285
29.335163116455078,-10.089873313903809
21.35616683959961,0.588314950466156
17.27574920654297,17.04401397705078
16.57741355895996,28.851024627685547
16.783885955810547,29.97128677368164
15.564458847045898,19.336313247680664
11.936447143554688,3.1171507835388184
6.58065128326416,-7.967513084411621
0.8782970309257507,-7.679409980773926
-4.411109447479248,3.832815647125244
-8.785475730895996,19.2542667388916
-11.511181831359863,28.398826599121094
-11.337484359741211,27.021778106689453
-6.16206693649292,15.468215942382812
4.380211353302002,-0.5720308423042297
17.048398971557617,-12.413905143737793
27.50048828125,-14.688249588012695
30.256465911865234,-8.194028854370117
22.872467041015625,0.42067232728004456
6.74265718460083,7.677740097045898
-11.509720802307129,11.086960792541504
-21.43633460998535,11.510137557983398
-18.351961135864258,14.11935043334961
-4.5933661460876465,19.4559383392334
12.494908332824707,23.127792358398438
22.84386444091797,22.7768497467041
21.345727920532227,16.17552947998047
10.039977073669434,2.9152698516845703
-4.376871109008789,-12.185510635375977
-11.957324028015137,-22.81964683532715
-9.758554458618164,-25.58982276916504
-1.162851095199585,-21.409820556640625
7.0831618309021,-12.485930442810059
7.755819797515869,-6.152254581451416
-1.9146332740783691,-5.085229396820068
-17.033159255981445,-7.215939998626709
-28.538076400756836,-10.100937843322754
-30.882360458374023,-9.008441925048828
-24.074565887451172,-4.433865547180176
-11.721622467041016,1.750539779663086
-2.0127553939819336,4.461423397064209
-1.2833116054534912,3.142620801925659
-8.136408805847168,-1.1668176651000977
-17.452787399291992,-6.390044212341309
-23.300655364990234,-9.071282386779785
-22.743654251098633,-8.970863342285156
-17.289945602416992,-7.632854461669922
-11.600744247436523,-7.629305362701416
-9.977136611938477,-9.558760643005371
-14.614344596862793,-12.253987312316895
-23.012760162353516,-12.4727783203125
-31.101985931396484,-8.768982887268066
-36.356529235839844,-2.5012781620025635
-37.55048751831055,4.273321151733398
-35.36549377441406,6.3094587326049805
-30.97860336303711,1.3818511962890625
-24.052854537963867,-8.203214645385742
-15.380532264709473,-18.732131958007812
-5.103392124176025,-22.652631759643555
3.9240481853485107,-19.793102264404297
6.421777248382568,-11.168798446655273
1.1492810249328613,-0.6451005339622498
-10.840193748474121,5.596716403961182
-24.3179931640625,7.545170783996582
-33.30973434448242,6.153924942016602
-33.77696228027344,5.717594623565674
-24.991695404052734,8.638710021972656
-11.386963844299316,14.602653503417969
2.1307106018066406,19.673477172851562
8.806561470031738,20.663467407226562
6.470420837402344,15.896612167358398
-0.589776337146759,6.167703628540039
-8.943723678588867,-2.5140130519866943
-14.206198692321777,-5.719056129455566
-14.298057556152344,-2.026742935180664
-12.405762672424316,7.387131690979004
-10.59614086151123,16.68952178955078
-8.89257526397705,21.226938247680664
-7.904881954193115,18.342567443847656
-4.676039218902588,8.494240760803223
1.0219310522079468,-4.569148540496826
6.546204566955566,-15.581787109375
9.939140319824219,-20.335906982421875
8.573365211486816,-17.550491333007812
3.1232049465179443,-9.309906959533691
-4.349730968475342,1.8330039978027344
-11.242494583129883,11.004287719726562
-14.938565254211426,15.366544723510742
-16.790359497070312,14.393674850463867
-17.480762481689453,8.74622631072998
-17.991832733154297,1.8580564260482788
-18.879106521606445,-2.6384401321411133
-16.836288452148438,-3.4432499408721924
-10.848544120788574,-0.2528209388256073
-1.7054452896118164,4.53511905670166
8.056448936462402,8.191105842590332
14.150039672851562,7.984423637390137
14.988043785095215,1.7724605798721313
10.650004386901855,-8.858963012695312
6.47146463394165,-19.764083862304688
6.4432806968688965,-27.26812744140625
11.067336082458496,-29.18985939025879
17.6223087310791,-24.950775146484375
22.465782165527344,-15.345250129699707
21.788530349731445,-4.34263277053833
16.70330047607422,4.780841827392578
10.764201164245605,9.79321002960205
8.747479438781738,8.895288467407227
13.275500297546387,2.506288528442383
22.95138168334961,-7.280032157897949
32.446468353271484,-14.747749328613281
36.37990951538086,-17.9868221282959
33.931034088134766,-16.884723663330078
26.075422286987305,-9.154373168945312
14.944619178771973,1.6935454607009888
5.0344977378845215,10.779024124145508
-2.0868687629699707,15.537110328674316
-8.750611305236816,13.0045166015625
-17.103931427001953,4.872074604034424
-26.052040100097656,-4.588773250579834
-31.804080963134766,-10.285490989685059
-30.807828903198242,-10.880277633666992
-20.897706985473633,-6.222818851470947
-4.649525165557861,2.2776849269866943
10.642070770263672,9.242682456970215
16.315196990966797,13.886154174804688
8.451651573181152,16.279706954956055
-8.785684585571289,18.199140548706055
-26.554967880249023,19.440908432006836
-34.211204528808594,20.881214141845703
-28.67920684814453,20.590606689453125
-12.47089958190918,15.400365829467773
6.394637107849121,4.380002975463867
17.672204971313477,-8.950821876525879
17.79203987121582,-17.25069808959961
10.651674270629883,-17.80560874938965
2.3979368209838867,-10.693845748901367
-0.5363311171531677,-0.880593478679657
3.0271706581115723,2.3977279663085938
9.584440231323242,-4.1115241050720215
16.531274795532227,-16.035654067993164
20.426095962524414,-25.768320083618164
19.9141902923584,-26.344318389892578
14.708708763122559,-17.59036636352539
6.319897174835205,-4.420504093170166
-1.4793469905853271,6.814056873321533
-4.794620990753174,11.78801155090332
0.7369594573974609,12.737081527709961
14.49221420288086,14.349414825439453
29.631616592407227,18.741735458374023
38.768035888671875,22.82737159729004
38.752586364746094,23.588130950927734
31.266496658325195,19.230676651000977
18.341522216796875,7.787553310394287
7.794859886169434,-5.974591255187988
4.289187908172607,-16.67637062072754
7.14412260055542,-21.107730865478516
12.022043228149414,-19.673686981201172
15.232096672058105,-15.108713150024414
14.227702140808105,-10.400105476379395
10.190709114074707,-8.307600021362305
3.7230024337768555,-8.61156940460205
-3.4242520332336426,-10.385492324829102
-9.549158096313477,-11.487590789794922
-15.69222640991211,-9.839974403381348
-18.25864028930664,-4.726770401000977
-16.804763793945312,4.064133167266846
-12.046051979064941,14.773219108581543
-5.1090288162231445,23.506710052490234
-0.5989622473716736,27.30967140197754
-1.5739200115203857,25.52176284790039
-8.154571533203125,17.673458099365234
-19.218984603881836,6.544325351715088
-28.98150634765625,-3.31736159324646
-32.12224578857422,-7.29088830947876
-27.40174102783203,-4.751614093780518
-14.823741912841797,2.1037793159484863
0.8787145614624023,8.189018249511719
13.478425025939941,7.97127103805542
19.321073532104492,0.030689246952533722
17.886404037475586,-13.446274757385254
11.974234580993652,-26.903196334838867
5.938473701477051,-35.94044876098633
2.0382254123687744,-38.613128662109375
1.240722417831421,-34.6414794921875
2.1770577430725098,-27.761451721191406
4.534701824188232,-19.666797637939453
8.329938888549805,-12.674867630004883
13.065059661865234,-7.079195022583008
17.32439422607422,-2.5288357734680176
20.569103240966797,0.9098213911056519
21.00042152404785,3.8159050941467285
16.525638580322266,4.961010932922363
7.124080657958984,2.912764549255371
-5.804651737213135,-1.689996361732483
-18.499353408813477,-7.100072383880615
-27.088584899902344,-11.469844818115234
-31.465246200561523,-14.496598243713379
-31.35626792907715,-18.588706970214844
-28.223669052124023,-23.752016067504883
-22.49396514892578,-29.666898727416992
-14.969672203063965,-34.5276985168457
-6.879610538482666,-35.76821517944336
1.752001166343689,-32.02328872680664
9.976511001586914,-24.110475540161133
16.143171310424805,-15.922917366027832
19.670555114746094,-11.733940124511719
19.75051498413086,-13.832917213439941
16.03795051574707,-20.68100357055664
11.72308349609375,-27.36687469482422
7.473353862762451,-29.22159194946289
4.666853427886963,-24.376657485961914
3.434690475463867,-15.81039047241211
3.818201780319214,-7.7205376625061035
6.201315879821777,-5.30318546295166
8.963973999023438,-9.841854095458984
13.554208755493164,-15.599949836730957
17.962186813354492,-16.0638370513916
20.113357543945312,-7.013432502746582
20.22859764099121,9.939766883850098
16.542964935302734,27.747880935668945
10.248330116271973,38.221473693847656
2.6651628017425537,36.968017578125
-4.7426371574401855,23.43865203857422
-12.107638359069824,1.9006456136703491
-19.505626678466797,-17.093074798583984
-25.90715217590332,-25.131362915039062
-30.8775577545166,-21.11795997619629
-32.87736892700195,-9.415962219238281
-29.087560653686523,2.869549036026001
-19.50333023071289,10.83935832977295
-7.091303825378418,10.955643653869629
4.373739719390869,4.463093280792236
9.855841636657715,-1.9922958612442017
8.95604133605957,-5.27583646774292
2.1282052993774414,-3.907346725463867
-6.313425540924072,1.8229830265045166
-11.770474433898926,6.7044525146484375
-12.345428466796875,7.333059787750244
-10.885079383850098,1.3194289207458496
-11.250844955444336,-10.369625091552734
-13.440428733825684,-23.545333862304688
-17.937969207763672,-33.358795166015625
-21.397502899169922,-36.999332427978516
-20.341333389282227,-33.38614273071289
-12.345846176147461,-21.88414764404297
0.8484428524971008,-5.617176055908203
12.235405921936035,10.07275390625
16.184925079345703,18.014171600341797
11.772979736328125,16.97846031188965
1.4699523448944092,7.526172637939453
-9.255000114440918,-4.173946380615234
-13.771538734436035,-10.656684875488281
-9.345189094543457,-8.461463928222656
1.48143470287323,3.9098517894744873
12.590733528137207,20.356782913208008
18.31417465209961,33.17570114135742
18.429832458496094,38.23567199707031
15.917281150817871,35.45819091796875
13.777593612670898,27.00173568725586
13.451910972595215,17.702058792114258
14.105571746826172,12.722049713134766
15.085330963134766,14.140853881835938
14.25150203704834,22.241561889648438
13.495126724243164,31.205535888671875
13.765484809875488,36.37385559082031
15.659658432006836,36.27009582519531
20.091644287109375,31.09760284423828
22.6954288482666,21.60126304626465
19.811058044433594,11.593646049499512
9.937888145446777,4.159332275390625
-4.867690563201904,0.9868576526641846
-18.097469329833984,2.775602340698242
-22.25889015197754,7.996114730834961
-16.279497146606445,14.670504570007324
-3.0831210613250732,19.372848510742188
11.413060188293457,20.001455307006836
18.636096954345703,15.884921073913574
17.351533889770508,9.855423927307129
10.74290657043457,4.424262046813965
5.2148756980896,1.5726673603057861
6.412800312042236,1.605444312095642
13.989704132080078,2.9979429244995117
22.808792114257812,2.0751776695251465
26.030118942260742,-1.9037772417068481
18.787038803100586,-8.276910781860352
0.5359135866165161,-13.953168869018555
-21.795629501342773,-14.341273307800293
-37.44443130493164,-8.283591270446777
-41.714412689208984,2.5812370777130127
-34.4886589050293,14.003900527954102
-18.929210662841797,21.201885223388672
-2.840947389602661,21.19541358947754
6.86082124710083,15.061531066894531
7.090677738189697,7.586716175079346
-0.6010499596595764,2.197934627532959
-9.786738395690918,0.31461697816848755
-15.5594482421875,-0.389356791973114
-15.401826858520508,-3.65911865234375
-8.979005813598633,-10.261064529418945
0.8348727822303772,-17.4918270111084
10.917020797729492,-19.51397705078125
16.822927474975586,-13.481139183044434
18.544864654541016,1.2292400598526
15.415396690368652,18.392879486083984
8.754786491394043,28.334108352661133
0.40230053663253784,26.605697631835938
-8.792156219482422,12.454615592956543
-16.785974502563477,-6.475431442260742
-23.66788101196289,-18.185779571533203
-28.503629684448242,-16.5688533782959
-31.191757202148438,-2.318812847137451
-29.883602142333984,15.770515441894531
-23.83552360534668,26.340351104736328
-13.500346183776855,23.647422790527344
1.7386398315429688,7.370221138000488
16.293903350830078,-12.937918663024902
23.003992080688477,-26.633464813232422
19.9855899810791,-29.026599884033203
6.303404331207275,-21.17328453063965
-15.028754234313965,-8.724723815917969
-31.736438751220703,-1.5780954360961914
-36.493690490722656,-2.856813907623291
-27.89193344116211,-8.819296836853027
-8.531401634216309,-12.564010620117188
11.566088676452637,-5.829704284667969
21.343849182128906,10.224321365356445
16.10016441345215,28.54058265686035
0.18309162557125092,38.82815933227539
-16.305593490600586,35.79222106933594
-25.362470626831055,21.212116241455078
-20.618789672851562,-0.8661883473396301
-3.9962828159332275,-20.55720329284668
14.216219902038574,-28.63473892211914
23.65848731994629,-25.283138275146484
21.111696243286133,-14.974265098571777
9.41700553894043,-3.0699687004089355
-3.4275922775268555,5.492749214172363
-7.958745002746582,9.976093292236328
-0.3885217010974884,11.886968612670898
15.659658432006836,14.613510131835938
31.620573043823242,19.410844802856445
39.94905090332031,22.165987014770508
38.85926818847656,22.0087833404541
30.382564544677734,17.403099060058594
18.354049682617188,6.881072044372559
7.903629302978516,-5.874172687530518
4.8296942710876465,-15.884504318237305
7.199447154998779,-20.9309024810791
11.496776580810547,-21.171613693237305
14.451294898986816,-16.87010955810547
13.816006660461426,-11.481744766235352
10.214091300964355,-7.576486110687256
3.891688823699951,-6.706122398376465
-3.108799934387207,-9.741852760314941
-10.386326789855957,-12.981134414672852
-16.217700958251953,-12.8615083694458
-18.691003799438477,-5.3862762451171875
-16.94818878173828,7.942878246307373
-11.627467155456543,20.419832229614258
-4.5250983238220215,25.17416000366211
3.142620801925659,18.838605880737305
9.221179008483887,4.823431015014648
11.425585746765137,-10.006782531738281
9.329322814941406,-16.701631546020508
4.8384623527526855,-15.01706314086914
-1.358260154724121,-9.729117393493652
-4.873953342437744,-5.270408630371094
-3.9002485275268555,-5.3177995681762695
1.430285930633545,-8.111146926879883
9.903023719787598,-9.741226196289062
14.726872444152832,-9.643939018249512
12.280709266662598,-9.480472564697266
1.6048179864883423,-10.904077529907227
-14.467370986938477,-12.673406600952148
-26.496929168701172,-13.011197090148926
-28.908018112182617,-10.282776832580566
-20.962635040283203,-6.285867691040039
-5.570411682128906,-4.453698635101318
8.971489906311035,-8.140792846679688
16.4953670501709,-16.70037841796875
16.012897491455078,-22.3265323638916
11.518906593322754,-21.972248077392578
7.61552619934082,-13.37487506866455
6.588584899902344,0.5501099824905396
8.830779075622559,10.712217330932617
10.439146041870117,11.48049259185791
7.707176685333252,1.7872833013534546
1.2048139572143555,-12.332066535949707
-3.755988121032715,-22.508161544799805
-3.891897678375244,-22.060768127441406
2.881866455078125,-9.73224925994873
14.972177505493164,10.280689239501953
22.0231876373291,27.40946388244629
19.703330993652344,34.2890739440918
6.927001476287842,32.33060073852539
-14.013086318969727,21.790618896484375
-32.31932830810547,10.032461166381836
-40.41773986816406,4.4816741943359375
-37.35194396972656,5.023642063140869
-25.834501266479492,10.187368392944336
-12.418498039245605,14.337098121643066
-5.350367546081543,13.686986923217773
-8.137243270874023,7.951229095458984
-17.39996910095215,-0.20396867394447327
-26.787538528442383,-6.5518412590026855
-28.7138614654541,-7.841207027435303
-22.440311431884766,-3.6578660011291504
-9.752082824707031,4.934079647064209
2.754307746887207,14.38553237915039
8.786519050598145,20.17932891845703
6.550588607788086,19.7686767578125
-2.7994022369384766,13.033327102661133
-13.923941612243652,0.8547059893608093
-20.94468116760254,-13.94586181640625
-20.70626449584961,-27.637859344482422
-14.091166496276855,-36.353607177734375
-3.3146474361419678,-38.25634002685547
7.8293070793151855,-33.82143020629883
15.653603553771973,-23.822372436523438
19.417316436767578,-12.180708885192871
18.424821853637695,-3.3691365718841553
13.927072525024414,0.5196294784545898
8.907814979553223,0.46200886368751526
5.455796718597412,-1.650747537612915
3.8992044925689697,-2.831970453262329
5.415921688079834,-0.7570014595985413
9.578385353088379,3.121117353439331
13.145018577575684,6.673554420471191
15.316648483276367,8.553949356079102
15.011634826660156,8.056448936462402
9.715965270996094,6.066658973693848
-0.6411338448524475,5.36352014541626
-15.155268669128418,7.984005928039551
-29.39988136291504,12.354196548461914
-38.51437759399414,16.434614181518555
-41.53236389160156,17.97095489501953
-36.93461227416992,15.103911399841309
-24.483129501342773,6.694431304931641
-7.631184101104736,-6.490462779998779
7.653104782104492,-19.398109436035156
14.523947715759277,-28.59778594970703
13.056082725524902,-31.64395523071289
5.854756832122803,-27.171674728393555
-2.1597297191619873,-15.70809268951416
-5.364355087280273,-0.8267307281494141
-2.940322160720825,12.487601280212402
1.4707874059677124,19.60980224609375
2.7906339168548584,18.804367065429688
-1.2597205638885498,11.560660362243652
-10.32369613647461,2.0250728130340576
-18.528581619262695,-3.8728995323181152
-20.64217185974121,-3.8069281578063965
-14.920820236206055,1.8874931335449219
-0.43758273124694824,8.03536319732666
14.992010116577148,10.026615142822266
24.755367279052734,6.487748622894287
27.152467727661133,-1.764318585395813
23.777904510498047,-8.354155540466309
19.56345558166504,-8.562090873718262
18.800817489624023,0.21357211470603943
21.041967391967773,13.654001235961914
23.52863121032715,23.070589065551758
21.67203712463379,22.629039764404297
13.832290649414062,10.33517837524414
2.011085271835327,-9.509490966796875
-7.827428340911865,-25.516752243041992
-10.515555381774902,-29.64581298828125
-6.430336952209473,-20.94280242919922
0.9772542119026184,-2.7250800132751465
3.5424160957336426,16.229183197021484
-2.7309255599975586,25.713205337524414
-15.513728141784668,22.76056480407715
-27.74662971496582,12.698667526245117
-31.1239070892334,3.2783215045928955
-21.17495346069336,1.9079525470733643
0.7609680891036987,9.431410789489746
23.02967071533203,19.032970428466797
35.47718811035156,22.723613739013672
35.96028137207031,17.692873001098633
25.539716720581055,3.5332300662994385
10.315971374511719,-12.981343269348145
-0.8315324783325195,-22.666200637817383
-3.1250839233398438,-21.16075897216797
2.3140110969543457,-9.684858322143555
11.024538040161133,5.416130065917969
19.823165893554688,14.845662117004395
27.1265811920166,14.45338249206543
33.76318359375,5.602562427520752
40.50416946411133,-6.041397571563721
45.34471893310547,-14.165279388427734
46.72782516479492,-16.471982955932617
42.915260314941406,-14.169455528259277
29.174409866333008,-12.179455757141113
7.645798206329346,-12.882594108581543
-12.272150039672852,-17.48097038269043
-22.7054500579834,-23.699615478515625
-22.784364700317383,-27.99360466003418
-16.198911666870117,-28.29277229309082
-8.19674301147461,-22.795013427734375
-2.1158878803253174,-12.864849090576172
2.0778915882110596,-2.5824897289276123
6.161231994628906,6.6890034675598145
11.54583740234375,11.962543487548828
15.766757011413574,12.585305213928223
13.883440017700195,11.21556282043457
2.2897937297821045,7.317193508148193
-18.2742977142334,3.2597408294677734
-37.926483154296875,0.047390878200531006
-46.864776611328125,-0.8309061527252197
-41.93821334838867,2.360149383544922
-18.030454635620117,9.2431001663208
17.176166534423828,17.294538497924805
42.149906158447266,21.270362854003906
49.13473892211914,20.875995635986328
41.023799896240234,19.59164047241211
19.80354118347168,13.49366569519043
-2.25075364112854,5.973338603973389
-10.210542678833008,1.4914556741714478
-1.4854012727737427,1.4355051517486572
15.655691146850586,6.573761940002441
26.789207458496094,12.67862606048584
23.57706642150879,16.5047607421875
3.9777021408081055,16.754241943359375
-23.771848678588867,11.026416778564453
-42.28999328613281,2.841573715209961
-46.026771545410156,-2.907545328140259
-36.2243766784668,-5.355587005615234
-16.240875244140625,-2.160982370376587
2.614640474319458,5.516966342926025
12.560879707336426,13.498885154724121
16.14651107788086,17.496212005615234
18.637975692749023,14.84670639038086
23.114639282226562,5.88314962387085
29.056663513183594,-5.823023796081543
31.03058624267578,-14.489917755126953
24.440540313720703,-16.046926498413086
7.355189800262451,-9.275876998901367
-15.785338401794434,5.914882659912109
-33.827064514160156,19.708341598510742
-40.0079231262207,25.712995529174805
-36.93836975097656,23.02486801147461
-26.132625579833984,11.376733779907227
-13.5164213180542,-4.100250244140625
-7.880247116088867,-14.090331077575684
-10.95710563659668,-13.707237243652344
-19.532766342163086,-3.852022409439087
-26.26853370666504,8.657081604003906
-27.63013458251953,15.913313865661621
-23.504623413085938,12.751069068908691
-15.989933013916016,-0.8390482068061829
-7.463959217071533,-18.72566032409668
0.27891725301742554,-31.886962890625
5.383979797363281,-35.52708435058594
8.99278450012207,-29.932037353515625
10.776101112365723,-18.781192779541016
9.616799354553223,-9.035791397094727
5.172703742980957,-4.081460952758789
-0.7745381593704224,-5.139091968536377
-4.910905838012695,-8.716163635253906
-5.03825569152832,-11.046041488647461
1.179552674293518,-10.757729530334473
9.665024757385254,-7.911145210266113
14.86653995513916,-6.403196811676025
12.22434139251709,-8.558751106262207
0.506685733795166,-12.203882217407227
-14.786371231079102,-14.536055564880371
-26.87877082824707,-12.981134414672852
-29.18568229675293,-8.391526222229004
-20.64217185974121,-3.8090157508850098
-5.966031551361084,-3.952023506164551
8.51052474975586,-10.213255882263184
15.495355606079102,-18.12774085998535
15.072386741638184,-23.555355072021484
11.496567726135254,-21.51107406616211
7.664169788360596,-11.594690322875977
7.503207683563232,0.44259321689605713
9.22723388671875,8.634325981140137
9.84415054321289,8.5564546585083
8.123673439025879,0.7020948529243469
2.1716296672821045,-10.008034706115723
-3.5703911781311035,-18.369915008544922
-4.27728796005249,-20.52901840209961
1.4444823265075684,-15.998909950256348
11.842291831970215,-5.848493576049805
22.576847076416016,6.982743263244629
28.770021438598633,16.913532257080078
28.698204040527344,20.56471824645996
24.378536224365234,16.755077362060547
18.14757537841797,6.8844122886657715
13.287191390991211,-5.401307582855225
10.30323600769043,-12.606390953063965
7.842668533325195,-10.331628799438477
4.326557636260986,-1.6920840740203857
-1.8682862520217896,8.895288467407227
-9.033912658691406,15.244205474853516
-12.29365348815918,14.66257095336914
-10.100311279296875,11.370678901672363
-3.460577964782715,9.625149726867676
2.969341278076172,12.33812141418457
1.6722508668899536,19.452598571777344
-7.85623836517334,27.52178382873535
-21.042177200317383,31.93143081665039
-31.204910278320312,31.113468170166016
-31.36983871459961,26.204025268554688
-18.55050277709961,19.561368942260742
4.0365753173828125,11.914525985717773
24.759124755859375,6.039309978485107
33.26108932495117,4.6958723068237305
27.174388885498047,6.754557132720947
9.100927352905273,10.891759872436523
-13.239591598510742,14.73042106628418
-28.288597106933594,14.71831226348877
-31.523494720458984,10.067534446716309
-25.853290557861328,0.8269395232200623
-13.019547462463379,-13.646276473999023
0.46639305353164673,-28.430561065673828
10.290919303894043,-37.10768508911133
16.87177848815918,-38.594337463378906
22.370372772216797,-31.694894790649414
27.532638549804688,-18.63651466369629
29.22284507751465,-3.2910563945770264
26.508203506469727,7.7549848556518555
18.431503295898438,13.0661039352417
7.10612678527832,13.258172035217285
-3.0048322677612305,9.976927757263184
-9.217421531677246,6.3343024253845215
-9.40260124206543,1.0050206184387207
-4.54722785949707,-6.036386966705322
1.1482371091842651,-14.921863555908203
5.450994968414307,-24.425926208496094
7.291723251342773,-29.013446807861328
7.676904678344727,-28.0128116607666
8.18860149383545,-19.16136360168457
8.605724334716797,-4.065803527832031
8.282756805419922,9.493415832519531
4.789819240570068,15.369467735290527
-2.0442795753479004,10.602822303771973
-12.239998817443848,-0.5670203566551208
-22.503150939941406,-11.12015438079834
-28.638078689575195,-14.246700286865234
-30.879228591918945,-8.623261451721191
-28.21719741821289,1.1258987188339233
-22.521732330322266,8.987773895263672
-16.485971450805664,9.693835258483887
-10.564617156982422,1.4776768684387207
-5.767490863800049,-10.767541885375977
-2.772888422012329,-19.736108779907227
-2.256390333175659,-21.338420867919922
-5.921980857849121,-14.976770401000977
-12.637080192565918,-4.731154441833496
-19.89080810546875,3.932607889175415
-24.7409610748291,7.05017614364624
-23.6284236907959,4.811739921569824
-14.102439880371094,-0.37202882766723633
1.3954212665557861,-6.639524936676025
16.586807250976562,-12.026427268981934
24.29962158203125,-17.033159255981445
21.641347885131836,-23.55765151977539
11.497820854187012,-30.618057250976562
-1.4453173875808716,-34.95254898071289
-9.893837928771973,-33.2661018371582
-10.424114227294922,-25.01424217224121
-5.685443878173828,-11.63164234161377
-0.4344511926174164,2.44323992729187
-1.0843534469604492,13.49804973602295
-10.416389465332031,19.00436782836914
-24.182918548583984,19.75615119934082
-35.34712219238281,18.36928939819336
-37.994956970214844,16.606849670410156
-30.15709114074707,15.322285652160645
-12.584261894226074,11.636652946472168
6.51530647277832,4.063298225402832
17.71354103088379,-6.258309841156006
15.514771461486816,-14.796392440795898
0.9334124326705933,-16.429393768310547
-19.084535598754883,-9.466485023498535
-35.614139556884766,2.4083752632141113
-42.34322738647461,12.977375984191895
-40.05155563354492,17.87721824645996
-28.520540237426758,15.83836555480957
-10.489042282104492,8.786519050598145
7.292140960693359,2.092923164367676
18.68181800842285,1.2718292474746704
20.79645347595215,6.280857086181641
15.276564598083496,12.510356903076172
7.5094709396362305,13.582183837890625
1.857638955116272,6.0201029777526855
2.138435125350952,-9.110530853271484
7.381494522094727,-23.693769454956055
14.445658683776855,-29.11115264892578
17.770326614379883,-22.660356521606445
14.734387397766113,-6.202776908874512
6.065197467803955,13.28343391418457
-4.029894828796387,25.38251304626465
-8.765851020812988,26.909250259399414
-4.902137756347656,19.575355529785156
6.275846481323242,8.618250846862793
17.039003372192383,1.846574068069458
18.389122009277344,2.0778915882110596
5.519680500030518,8.064382553100586
-18.85447120666504,14.080936431884766
-41.01085662841797,14.652758598327637
-51.29029083251953,8.488812446594238
-48.43973922729492,-4.0428385734558105
-28.65290069580078,-20.081207275390625
1.7964692115783691,-31.98884391784668
26.5775146484375,-34.4095344543457
36.26237487792969,-28.74016761779785
30.267114639282227,-18.194965362548828
11.415982246398926,-3.6267592906951904
-7.843294620513916,11.597612380981445
-16.551734924316406,20.619625091552734
-12.06108283996582,23.139692306518555
1.557218313217163,19.344663619995117
14.923116683959961,11.453351974487305
20.613988876342773,5.482519149780273
18.19287872314453,4.810070037841797
10.722238540649414,11.694899559020996
2.6841609477996826,22.159725189208984
-0.95512455701828,30.0013484954834
0.6306953430175781,31.8308048248291
3.659327507019043,25.382095336914062
5.257256031036377,11.545419692993164
3.876239776611328,-4.268728256225586
1.2751694917678833,-15.704752922058105
2.0476200580596924,-21.11795997619629
8.4407958984375,-21.624019622802734
20.0958194732666,-20.540292739868164
32.07172393798828,-20.731525421142578
38.01771545410156,-22.51630401611328
37.637752532958984,-23.83761215209961
30.463565826416016,-21.97517204284668
17.477630615234375,-14.888460159301758
3.0486741065979004,-3.3593244552612305
-8.451025009155273,6.765413284301758
-12.936666488647461,10.82683277130127
-12.499083518981934,8.234112739562988
-10.012210845947266,3.1113052368164062
-5.990457534790039,-0.5929079055786133
-2.943662405014038,0.5035541653633118
-0.18517933785915375,4.440546035766602
4.030938625335693,6.910926342010498
8.69800090789795,5.391912937164307
13.610576629638672,-2.366412401199341
16.825641632080078,-11.210343360900879
16.038368225097656,-16.080121994018555
11.989683151245117,-14.878022193908691
6.100897312164307,-6.390461444854736
0.20814408361911774,4.430942535400391
-3.0860438346862793,12.134987831115723
-2.8150599002838135,13.079673767089844
-0.1705654114484787,7.630558013916016
1.3941686153411865,1.7526273727416992
0.09833085536956787,0.1058465912938118
-5.338467597961426,3.0987789630889893
-12.764638900756836,7.095479488372803
-17.004974365234375,8.719295501708984
-14.095341682434082,4.558501243591309
-4.958714485168457,-4.681884765625
7.595693111419678,-13.647529602050781
17.365938186645508,-18.6878719329834
18.711463928222656,-17.47909164428711
9.977763175964355,-12.648354530334473
-5.036794662475586,-8.318456649780273
-17.5955867767334,-6.724911689758301
-20.179119110107422,-9.006563186645508
-10.018682479858398,-11.989474296569824
8.289228439331055,-10.963577270507812
25.09649658203125,-4.631779670715332
31.769426345825195,5.044727802276611
26.373546600341797,11.365460395812988
11.09176254272461,10.76524543762207
-6.367079257965088,3.8006649017333984
-14.677810668945312,-5.175209045410156
-10.134132385253906,-9.593417167663574
4.112776756286621,-5.296713352203369
20.873489379882812,5.545776844024658
30.88089942932129,15.489092826843262
31.239566802978516,20.530061721801758
25.653913497924805,17.122303009033203
18.167617797851562,5.9453630447387695
12.260041236877441,-6.621570587158203
9.704065322875977,-13.109945297241211
8.547686576843262,-10.753972053527832
5.476255893707275,-1.122140884399414
-1.2833116054534912,9.498008728027344
-8.70322036743164,15.342744827270508
-12.413278579711914,15.144412994384766
-10.473801612854004,11.691976547241211
-3.1113052368164062,10.03392219543457
3.506925106048584,12.369019508361816
2.8284213542938232,19.467212677001953
-6.582530498504639,27.852684020996094
-20.392065048217773,32.243751525878906
-30.46147918701172,31.813894271850586
-30.382354736328125,27.829509735107422
-17.50226593017578,20.413150787353516
4.595871448516846,11.56817626953125
24.377492904663086,5.848076343536377
32.66901779174805,3.788973808288574
27.32345199584961,5.740976810455322
9.759597778320312,10.42578411102295
-11.55982494354248,14.322901725769043
-27.04265594482422,15.604960441589355
-33.55086135864258,13.542935371398926
-31.32808494567871,9.774420738220215
-23.617359161376953,5.132619857788086
-14.919567108154297,1.7893710136413574
-10.229748725891113,0.26138052344322205
-9.432246208190918,0.24948062002658844
-11.23790168762207,-0.46827200055122375
-15.722289085388184,-4.134280204772949
-21.026309967041016,-10.449167251586914
-24.92906379699707,-17.622726440429688
-26.027612686157227,-23.03071403503418
-22.165361404418945,-23.398149490356445
-11.05105209350586,-16.706850051879883
6.7568535804748535,-4.682093620300293
25.84326934814453,6.540359020233154
38.43254089355469,11.100948333740234
40.824005126953125,7.158736705780029
33.051692962646484,-4.404011249542236
15.6210355758667,-17.090778350830078
-2.8280036449432373,-24.087093353271484
-13.331033706665039,-22.24239730834961
-12.842301368713379,-12.290103912353516
-3.075187921524048,-0.41023382544517517
7.803837299346924,5.955593109130859
11.876320838928223,3.1044156551361084
7.070426940917969,-6.2315874099731445
-3.4806199073791504,-15.832937240600586
-12.598458290100098,-18.745702743530273
-14.767581939697266,-14.123943328857422
-8.509063720703125,-5.303603172302246
3.51047420501709,1.4373841285705566
13.712665557861328,0.949905276298523
17.57199478149414,-5.605276107788086
13.522476196289062,-13.113911628723145
5.811123847961426,-14.983450889587402
0.9233914613723755,-8.163966178894043
1.6501212120056152,4.892951488494873
7.390263080596924,18.542360305786133
12.154194831848145,24.46914291381836
12.474239349365234,20.224422454833984
5.664149284362793,8.34726619720459
-6.7476677894592285,-5.651414394378662
-17.541305541992188,-13.520387649536133
-21.859722137451172,-12.983430862426758
-18.66073226928711,-6.689212322235107
-9.140594482421875,0.5350785255432129
2.138226270675659,3.4705989360809326
11.462329864501953,0.7104456424713135
17.084306716918945,-5.574795722961426
19.196020126342773,-11.12975788116455
21.361387252807617,-13.325605392456055
24.79545021057129,-11.255437850952148
29.42493438720703,-5.805904388427734
32.54751205444336,-0.07557488232851028
31.936859130859375,2.93489408493042
27.43952751159668,2.9106767177581787
18.62774658203125,0.003966637421399355
8.305930137634277,-4.597959041595459
-1.621310830116272,-11.031427383422852
-9.581517219543457,-18.55405044555664
-14.61622428894043,-24.381040573120117
-16.921466827392578,-26.916975021362305
-15.69848918914795,-22.449289321899414
-11.008254051208496,-8.91386890411377
-3.7881386280059814,10.959609985351562
3.1593222618103027,30.377553939819336
7.719285011291504,40.93360900878906
8.516161918640137,40.835697174072266
5.907366752624512,29.386938095092773
1.3515795469284058,8.160208702087402
-1.5722497701644897,-13.877176284790039
0.660549521446228,-28.296112060546875
6.896103382110596,-31.727462768554688
14.839399337768555,-27.65435218811035
20.18037223815918,-19.947593688964844
18.693092346191406,-13.940225601196289
9.50468921661377,-12.154403686523438
-4.7115302085876465,-12.091354370117188
-17.337963104248047,-11.401994705200195
-23.838029861450195,-6.346411228179932
-24.0866756439209,2.8981504440307617
-17.69308090209961,12.712029457092285
-8.576913833618164,19.794355392456055
-1.5509551763534546,19.849472045898438
2.374763250350952,12.626433372497559
3.5088038444519043,1.0989673137664795
3.3954415321350098,-8.6796293258667
5.017587661743164,-12.783428192138672
8.7337007522583,-10.7842435836792
12.2930269241333,-3.726760149002075
14.91601848602295,3.111722707748413
14.1663236618042,6.666665077209473
9.5633544921875,6.806123733520508
4.325096130371094,4.864350318908691
-0.4365388751029968,4.311108589172363
-1.537385106086731,6.4090423583984375
1.3098254203796387,11.072555541992188
3.892106294631958,14.935851097106934
4.60317850112915,14.765494346618652
0.7981292009353638,9.48819637298584
-7.9078049659729,2.3027374744415283
-17.780973434448242,-2.0290393829345703
-25.10610008239746,-0.005845570936799049
-27.718236923217773,9.476714134216309
-24.618621826171875,21.619216918945312
-19.11710548400879,30.17066192626953
-14.806204795837402,31.78550148010254
-13.854002952575684,25.05098533630371
-16.70998191833496,14.045654296875
-21.183095932006836,5.914464950561523
-24.13114356994629,5.262892723083496
-22.595428466796875,13.190530776977539
-17.786819458007812,22.098554611206055
-13.815797805786133,24.808393478393555
-13.524980545043945,16.35757827758789
-18.25864028930664,-2.560986280441284
-24.855575561523438,-21.7774658203125
-29.244138717651367,-30.368993759155273
-28.834531784057617,-26.143062591552734
-19.351970672607422,-9.022430419921875
-3.1355226039886475,14.168620109558105
11.787384986877441,29.360424041748047
19.44738006591797,30.545196533203125
16.160707473754883,18.53192138671875
2.3229880332946777,-1.1653562784194946
-14.515387535095215,-15.967177391052246
-26.626575469970703,-18.977855682373047
-30.90782928466797,-11.610556602478027
-28.568349838256836,-0.04509440436959267
-22.227575302124023,7.083370685577393
-16.439207077026367,5.192119598388672
-14.054213523864746,-5.032410144805908
-12.554198265075684,-17.117502212524414
-9.30907154083252,-25.870201110839844
-2.138435125350952,-27.657901763916016
8.059998512268066,-24.820293426513672
17.118755340576172,-21.47996711730957
20.1772403717041,-20.150936126708984
14.850881576538086,-22.149703979492188
2.105031967163086,-24.052227020263672
-13.02476692199707,-22.078304290771484
-23.570594787597656,-13.542935371398926
-25.380842208862305,-1.7755922079086304
-17.960098266601562,8.649983406066895
-5.649744510650635,14.530628204345703
5.183559894561768,14.789294242858887
10.61660099029541,12.084256172180176
10.063985824584961,11.613479614257812
3.8599557876586914,15.92792797088623
-4.146388530731201,22.233837127685547
-8.666476249694824,27.476062774658203
-8.827020645141602,30.399890899658203
-4.870613098144531,30.27922248840332
0.7292349934577942,27.540990829467773
4.9729108810424805,25.199420928955078
6.280857086181641,25.792537689208984
3.2910563945770264,27.783580780029297
-1.8083691596984863,27.880659103393555
-5.7251105308532715,23.298566818237305
-5.669994831085205,14.484907150268555
0.8089852929115295,4.01361083984375
14.154841423034668,-3.8008737564086914
29.279420852661133,-4.732824802398682
40.30207824707031,-1.1167128086090088
43.812137603759766,3.248676061630249
39.10102462768555,4.851614952087402
26.44849395751953,1.277883529663086
10.435596466064453,-6.995060920715332
-2.0167219638824463,-14.25776481628418
-7.187755584716797,-17.485563278198242
-5.536173343658447,-16.623550415039062
-0.4701509177684784,-13.290740966796875
2.8806138038635254,-11.089048385620117
3.668930768966675,-11.283830642700195
3.611936569213867,-13.116000175476074
6.331797122955322,-14.247952461242676
14.822697639465332,-10.980278968811035
26.999439239501953,-3.375608444213867
36.630226135253906,5.252871990203857
37.9580078125,11.178193092346191
28.943300247192383,11.108672142028809
9.158130645751953,5.508824348449707
-12.942511558532715,-2.5937633514404297
-25.046810150146484,-7.4065470695495605
-22.212751388549805,-7.115103721618652
-5.9860734939575195,-3.2785301208496094
15.299737930297852,1.6661964654922485
30.298847198486328,2.8651647567749023
33.495330810546875,0.6089832186698914
23.497316360473633,-3.706509590148926
4.794829368591309,-7.294228553771973
-13.7109956741333,-7.537028789520264
-25.243471145629883,-4.72572660446167
-27.23033905029297,-0.7705715298652649
-22.180601119995117,2.88854718208313
-15.531264305114746,4.232193470001221
-10.671090126037598,3.3739383220672607
-9.178173065185547,0.8747479319572449
-11.332056999206543,-1.7789324522018433
-15.894733428955078,-4.933870792388916
-21.046142578125,-11.061698913574219
-25.169775009155273,-16.83399200439453
-26.524486541748047,-21.815879821777344
-22.8092098236084,-22.55221176147461
-11.620786666870117,-16.53398895263672
6.612802028656006,-5.542853832244873
25.980430603027344,5.696717739105225
39.041316986083984,10.289457321166992
41.93048858642578,6.1883721351623535
33.36714553833008,-4.708189964294434
14.71580696105957,-17.77074432373047
-4.467060089111328,-24.87749671936035
-14.203275680541992,-21.87913703918457
-12.164007186889648,-11.531432151794434
-1.740936279296875,0.46639305353164673
8.408019065856934,6.123652935028076
10.547080039978027,2.204824209213257
4.049310684204102,-8.132023811340332
-4.7793803215026855,-16.006633758544922
-10.936227798461914,-17.51688003540039
-10.393216133117676,-12.092816352844238
-6.988588809967041,-4.164760589599609
-3.7781176567077637,1.257632851600647
-1.7106646299362183,4.134071350097656
-1.3052325248718262,5.332413196563721
-0.2653471529483795,7.704671382904053
-0.40898120403289795,10.726622581481934
-4.730528354644775,10.460858345031738
-12.569438934326172,3.4025397300720215
-19.71335220336914,-8.523886680603027
-21.08205223083496,-18.61313247680664
-13.083431243896484,-23.011507034301758
1.7908324003219604,-20.46680450439453
14.321439743041992,-15.198902130126953
18.320436477661133,-12.320793151855469
13.537507057189941,-14.137304306030273
6.096930503845215,-17.364269256591797
4.574159145355225,-16.89620590209961
12.530190467834473,-10.716601371765137
25.49942398071289,-1.9845713376998901
35.18866729736328,4.8359575271606445
35.94838333129883,5.919266700744629
26.5775146484375,1.453668236732483
11.790099143981934,-3.9770760536193848
-1.39249849319458,-4.586059093475342
-6.814474105834961,3.1753976345062256
-3.8680977821350098,15.427505493164062
1.8046112060546875,25.89462661743164
5.121764183044434,26.894845962524414
1.908578872680664,17.173660278320312
-5.863525390625,0.047390878200531006
-9.863774299621582,-15.338778495788574
-7.435774803161621,-20.21816062927246
1.6707894802093506,-12.622049331665039
12.180708885192871,3.6052558422088623
15.2888822555542,19.021278381347656
7.7115607261657715,25.845983505249023
-8.720965385437012,21.287691116333008
-26.634925842285156,7.440159320831299
-37.36217498779297,-9.186105728149414
-36.814571380615234,-22.683320999145508
-27.474184036254883,-31.404077529907227
-15.37781810760498,-35.40933609008789
-5.251410484313965,-34.69283676147461
-1.4563822746276855,-30.696346282958984
-3.3219544887542725,-24.139493942260742
-5.973546981811523,-14.093045234680176
-6.050792217254639,-2.8860418796539307
-3.028423309326172,6.32720422744751
-1.2720379829406738,10.769838333129883
-3.2315568923950195,9.50030517578125
-10.078391075134277,2.978318452835083
-18.92503547668457,-3.6428346633911133
-22.988752365112305,-7.044330596923828
-20.941757202148438,-6.148287773132324
-13.623520851135254,-3.429053783416748
-5.820100784301758,-2.6839520931243896
-2.9307186603546143,-5.62907600402832
-6.551632404327393,-11.050216674804688
-13.488863945007324,-14.79284381866455
-17.061342239379883,-15.391387939453125
-12.619335174560547,-11.17923641204834
1.568283200263977,-4.449732303619385
19.19142723083496,1.419429898262024
29.552492141723633,4.108809947967529
27.380863189697266,3.709014654159546
13.65295696258545,3.6146504878997803
-4.0710225105285645,7.049341201782227
-15.876152992248535,14.401816368103027
-13.82394027709961,24.02425193786621
-0.6160814166069031,30.753131866455078
16.031269073486328,29.616167068481445
26.95037841796875,21.744062423706055
25.773958206176758,9.951457977294922
13.454625129699707,-2.02966570854187
-3.261619806289673,-9.687990188598633
-13.802436828613281,-13.22873592376709
-14.052334785461426,-14.575722694396973
-6.032211780548096,-14.004526138305664
2.760153293609619,-13.578217506408691
3.426339626312256,-11.890100479125977
-7.131178855895996,-7.980456829071045
-24.373943328857422,-3.661623954772949
-37.78055191040039,-0.42630913853645325
-40.50145721435547,-1.7094119787216187
-30.848121643066406,-9.254791259765625
-9.111992835998535,-20.866600036621094
15.381993293762207,-29.770240783691406
31.490509033203125,-31.044157028198242
36.56592559814453,-25.282512664794922
31.350631713867188,-14.552131652832031
18.107072830200195,-3.8284313678741455
2.5259130001068115,-0.23194390535354614
-8.876916885375977,-5.524899482727051
-14.039600372314453,-14.111834526062012
-13.852124214172363,-19.210634231567383
-11.2568998336792,-15.428340911865234
-7.2981953620910645,-1.0488624572753906
-3.2409515380859375,18.597057342529297
-0.020877039059996605,33.75879669189453
2.135512351989746,38.745277404785156
2.807126760482788,33.520172119140625
2.091461658477783,20.425678253173828
-0.5649327039718628,6.282736301422119
-1.6639000177383423,-1.2841466665267944
-0.6843493580818176,1.249699592590332
4.151607990264893,11.262744903564453
12.590315818786621,22.96787452697754
19.871183395385742,30.519933700561523
24.579790115356445,30.96106719970703
23.33009147644043,25.487733840942383
14.590544700622559,15.15172004699707
0.0824643075466156,4.022170543670654
-13.113286018371582,-3.4296798706054688
-19.023366928100586,-4.259333610534668
-16.083879470825195,0.8096115589141846
-4.312570095062256,9.172744750976562
11.115144729614258,15.917281150817871
23.704416275024414,15.970934867858887
28.511981964111328,9.034329414367676
23.522369384765625,-3.4960689544677734
10.910758018493652,-16.618331909179688
-4.474575996398926,-22.775178909301758
-18.080768585205078,-18.868459701538086
-26.07667350769043,-4.439293384552002
-27.004032135009766,13.541682243347168
-23.757444381713867,26.9514217376709
-19.713979721069336,31.166706085205078
-17.295166015625,25.13637351989746
-17.296627044677734,14.025612831115723
-18.72273826599121,5.048068046569824
-19.286209106445312,4.436161994934082
-17.240259170532227,10.92892074584961
-12.551485061645508,20.477243423461914
-5.8775129318237305,25.208606719970703
2.847210645675659,20.132564544677734
11.886133193969727,6.457685947418213
19.258024215698242,-9.700724601745605
23.85201644897461,-19.548423767089844
24.992738723754883,-21.650741577148438
22.50273323059082,-14.640023231506348
16.96196746826172,-2.769547939300537
10.74353313446045,7.624085903167725
7.011553764343262,12.624763488769531
8.189227104187012,11.111177444458008
14.494928359985352,4.7301106452941895
22.76515769958496,-2.8497159481048584
29.42096710205078,-9.532665252685547
30.504486083984375,-15.696401596069336
24.461835861206055,-22.110246658325195
12.273193359375,-27.57982063293457
-1.7680764198303223,-31.064199447631836
-12.570899963378906,-30.860647201538086
-16.47657585144043,-26.83972930908203
-12.499292373657227,-21.04050636291504
-3.0570247173309326,-12.550649642944336
9.567529678344727,-1.2334154844284058
18.830045700073242,12.364426612854004
22.768917083740234,26.896724700927734
21.05699920654297,38.59329605102539
16.879295349121094,44.294395446777344
12.157952308654785,42.04802703857422
7.073558330535889,28.19799041748047
4.109853744506836,4.535954475402832
1.1292390823364258,-19.357816696166992
-1.1319530010223389,-32.42601013183594
-2.965792179107666,-31.773391723632812
-5.530327796936035,-18.76449203491211
-7.947262287139893,-0.9691121578216553
-8.877752304077148,10.191753387451172
-8.63891887664795,9.208235740661621
-7.343289852142334,-1.816928744316101
-5.7929606437683105,-14.539813995361328
-4.986898422241211,-19.06344985961914
-7.385670185089111,-12.13916301727295
-12.195322036743164,2.1772663593292236
-17.652790069580078,13.888450622558594
-21.281219482421875,15.990559577941895
-20.25302505493164,6.7910919189453125
-12.540419578552246,-8.228893280029297
-0.8511568903923035,-18.934221267700195
9.943525314331055,-17.783897399902344
16.12417221069336,-4.566017150878906
15.853815078735352,13.226439476013184
10.27025032043457,26.231582641601562
4.842429161071777,26.483150482177734
3.226546287536621,15.081573486328125
7.029716491699219,-1.3236042261123657
14.104527473449707,-12.990320205688477
17.898303985595703,-15.327713012695312
13.619762420654297,-10.439772605895996
0.18705826997756958,-2.9708025455474854
-17.0732421875,-0.0645100474357605
-29.623891830444336,-0.9522017240524292
-31.41827392578125,-2.769965648651123
-22.53217124938965,-2.0975160598754883
-7.564168930053711,3.2728934288024902
4.859339714050293,9.80594539642334
7.069591522216797,14.071541786193848
-1.3023097515106201,12.073400497436523
-14.983868598937988,2.3361406326293945
-24.172897338867188,-10.175886154174805
-22.985620498657227,-18.849042892456055
-12.394698143005371,-21.704395294189453
3.295022964477539,-19.288923263549805
14.743365287780762,-15.132513046264648
17.038169860839844,-13.693249702453613
11.572978019714355,-15.613101959228516
5.02301549911499,-18.098722457885742
5.082306385040283,-16.63378143310547
13.231241226196289,-10.512215614318848
25.73888397216797,-2.331547737121582
35.296390533447266,3.372894525527954
35.547542572021484,4.124885559082031
26.56978988647461,0.11419740319252014
11.475481986999512,-3.9868881702423096
-1.652626395225525,-3.6415820121765137
-6.432424545288086,3.4127695560455322
-2.9369819164276123,14.897854804992676
3.333019256591797,24.313817977905273
5.765194416046143,26.533464431762695
1.9342576265335083,18.517724990844727
-6.261232852935791,2.838233470916748
-11.318069458007812,-14.73376178741455
-8.172943115234375,-25.307355880737305
-0.176410973072052,-26.80027198791504
6.608835697174072,-19.842164993286133
8.006970405578613,-6.817605972290039
3.417153835296631,5.426986217498779
-2.972472906112671,12.143338203430176
-4.4662251472473145,10.933305740356445
-1.0294468402862549,2.9386520385742188
3.009634017944336,-8.47566032409668
3.261828660964966,-18.634010314941406
-3.050344228744507,-22.3956356048584
-11.661079406738281,-17.731077194213867
-16.966978073120117,-6.34244441986084
-14.658604621887207,8.985895156860352
-5.221556186676025,22.82737159729004
5.75162410736084,28.84789276123047
13.409530639648438,27.97690200805664
14.694930076599121,22.23863983154297
9.198423385620117,14.274466514587402
0.48455607891082764,6.88754415512085
-7.096314430236816,0.8519919514656067
-9.984652519226074,-3.267047882080078
-7.12261962890625,-8.195699691772461
0.610862135887146,-12.965058326721191
10.426410675048828,-16.92710304260254
18.710628509521484,-18.361356735229492
22.61818504333496,-16.99766731262207
21.68330955505371,-14.630837440490723
17.74360466003418,-13.105352401733398
14.19868278503418,-15.877197265625
13.537507057189941,-22.61025047302246
16.032730102539062,-29.685688018798828
21.112323760986328,-32.175899505615234
25.201091766357422,-28.081497192382812
25.56351661682129,-17.2822208404541
21.145517349243164,-3.1918904781341553
12.117033004760742,8.012189865112305
2.5008604526519775,12.019746780395508
-4.27854061126709,8.936416625976562
-5.772501468658447,2.791886329650879
-4.0616278648376465,-0.9098213911056519
-0.7828889489173889,0.5478135347366333
0.9490702152252197,7.080865383148193
-0.3703586757183075,14.211627006530762
-2.5906317234039307,17.604562759399414
-4.92134428024292,15.7615385055542
-4.225930213928223,10.811800956726074
-0.6164989471435547,7.921165943145752
3.54095458984375,10.223068237304688
5.456631660461426,17.52376937866211
2.8394861221313477,26.723445892333984
-3.363917350769043,30.89238166809082
-11.031218528747559,28.52513313293457
-16.538999557495117,20.860755920410156
-17.12459945678711,10.687374114990234
-12.413487434387207,2.536977767944336
-5.738054275512695,-1.8206865787506104
-1.8271584510803223,-3.5488879680633545
-3.705256938934326,-5.0998430252075195
-11.296357154846191,-8.458123207092285
-21.565563201904297,-14.036259651184082
-28.419912338256836,-19.888093948364258
-27.574810028076172,-22.921527862548828
-18.78286361694336,-21.775794982910156
-3.4827077388763428,-16.97929573059082
11.988430976867676,-10.650421142578125
20.955120086669922,-6.455597877502441
19.094139099121094,-4.627813339233398
8.568354606628418,-3.7098498344421387
-5.6687421798706055,-1.9094139337539673
-16.247764587402344,1.2258996963500977
-17.45195198059082,3.4545235633850098
-8.55708122253418,2.949925661087036
6.369166851043701,-2.1188106536865234
18.394132614135742,-8.0888090133667
21.630701065063477,-10.81033992767334
15.51247501373291,-9.0708646774292
2.891052484512329,-2.6100473403930664
-8.344552040100098,5.629493713378906
-11.614105224609375,8.085468292236328
-5.805069446563721,0.19520030915737152
6.456850528717041,-16.149015426635742
16.919795989990234,-33.05816650390625
19.594770431518555,-42.63383483886719
12.758793830871582,-43.08039474487305
-3.0413670539855957,-33.50033950805664
-22.730920791625977,-15.306836128234863
-36.38074493408203,1.9511680603027344
-39.9162712097168,11.657320976257324
-35.691802978515625,15.39681625366211
-26.74411392211914,16.450063705444336
-15.560492515563965,19.538820266723633
-6.444741725921631,26.127614974975586
-0.7578365206718445,34.332916259765625
2.7161028385162354,40.075355529785156
5.140344619750977,40.01731872558594
6.906124591827393,34.51601028442383
5.518010139465332,26.324068069458008
1.263478398323059,20.708560943603516
-5.923442363739014,21.928407669067383
-13.159841537475586,28.11469078063965
-17.096206665039062,34.042518615722656
-16.92919158935547,34.04022216796875
-13.530617713928223,24.643465042114258
-9.783397674560547,6.078350067138672
-7.9078049659729,-14.72415828704834
-8.213444709777832,-28.37982940673828
-9.687990188598633,-30.822025299072266
-8.384010314941406,-22.496889114379883
-2.529879570007324,-6.82720947265625
7.342454433441162,7.603835105895996
18.34695053100586,12.983430862426758
26.07500457763672,7.297360420227051
28.39235496520996,-6.242652416229248
25.91696548461914,-21.58852767944336
21.624645233154297,-30.169618606567383
17.49579429626465,-27.91615104675293
15.605169296264648,-13.77884578704834
12.876749038696289,8.92347240447998
5.588574409484863,30.142894744873047
-4.415493965148926,40.00917434692383
-16.421043395996094,35.0938835144043
-25.64118003845215,15.996822357177734
-25.585020065307617,-12.489480018615723
-14.844618797302246,-37.368019104003906
0.5818430781364441,-48.35414505004883
15.335646629333496,-46.381893157958984
25.68564796447754,-33.56276321411133
25.90924072265625,-15.491598129272461
16.24985122680664,-2.319438934326172
1.905864953994751,1.31817626953125
-10.102190017700195,-3.8941941261291504
-16.383256912231445,-12.736037254333496
-15.017480850219727,-17.20998764038086
-8.782343864440918,-14.133964538574219
-1.240096092224121,-5.216963291168213
5.7000579833984375,4.339919090270996
11.098443031311035,8.078370094299316
13.519553184509277,4.664348125457764
12.152107238769531,-2.658690929412842
6.982117176055908,-8.764598846435547
-2.8148512840270996,-9.038923263549805
-14.153379440307617,-2.217141628265381
-22.396053314208984,7.5840020179748535
-24.662254333496094,14.464239120483398
-18.83422088623047,15.863000869750977
-7.973567485809326,11.549386978149414
1.4451086521148682,4.427811145782471
5.308404922485352,-1.6196407079696655
1.076002597808838,-4.036366939544678
-7.534732341766357,-4.053068161010742
-14.660274505615234,-4.518835067749023
-14.260687828063965,-6.8318023681640625
-4.418625354766846,-11.513895988464355
10.635807991027832,-14.768208503723145
22.243440628051758,-13.372578620910645
23.32821273803711,-6.67731237411499
12.958168983459473,3.385420560836792
-4.967065334320068,12.800129890441895
-19.62253761291504,15.84024429321289
-24.201915740966797,12.445846557617188
-16.699960708618164,4.352445125579834
0.03298572078347206,-5.369365692138672
15.926884651184082,-12.776956558227539
23.807340621948242,-15.574480056762695
21.577463150024414,-15.179486274719238
10.295928955078125,-12.210144996643066
-2.1438632011413574,-7.67586088180542
-8.779420852661133,-0.543220579624176
-8.407392501831055,9.030363082885742
-1.2972992658615112,19.93047332763672
6.433468341827393,30.389244079589844
9.638720512390137,37.1517333984375
7.713022232055664,39.4068717956543
1.264939785003662,36.18345642089844
-7.747677803039551,28.727222442626953
-15.129590034484863,18.565324783325195
-18.69956398010254,8.356035232543945
-17.49558448791504,0.14342525601387024
-11.386337280273438,-6.956229209899902
-2.497102737426758,-14.61622428894043
7.399031639099121,-21.624855041503906
15.142743110656738,-25.316959381103516
17.95174789428711,-24.148679733276367
14.899733543395996,-17.02877426147461
6.38315486907959,-4.142839431762695
-4.919047832489014,10.690296173095703
-12.939379692077637,20.093523025512695
-14.662362098693848,22.513172149658203
-9.091741561889648,16.236282348632812
3.2474234104156494,2.116931676864624
14.52854061126709,-12.7066011428833
20.807518005371094,-22.7277889251709
19.81439781188965,-24.854114532470703
12.19198226928711,-19.25364112854004
2.8399035930633545,-7.831812381744385
-3.9877231121063232,4.483344078063965
-4.9818878173828125,11.628719329833984
-1.7371784448623657,11.167337417602539
3.013183116912842,3.5931472778320312
4.53324031829834,-8.515326499938965
0.9680683016777039,-18.732341766357422
-6.086283206939697,-22.716724395751953
-13.642518997192383,-18.31104278564453
-15.985548973083496,-5.820309638977051
-12.509312629699707,9.755422592163086
-4.082713603973389,22.584781646728516
6.390044212341309,28.032018661499023
13.927907943725586,26.74703598022461
15.672392845153809,21.176416397094727
10.27275562286377,14.071124076843262
1.4467787742614746,7.728888511657715
-6.439105033874512,1.7369697093963623
-10.967334747314453,-4.365806579589844
-8.239123344421387,-9.48777961730957
0.23862455785274506,-13.488655090332031
10.960654258728027,-16.04859733581543
19.475980758666992,-17.01249122619629
22.98040008544922,-16.939212799072266
20.08266830444336,-17.617090225219727
15.261741638183594,-18.421689987182617
13.256919860839844,-17.866361618041992
15.672601699829102,-16.59390640258789
22.716306686401367,-15.762999534606934
29.385894775390625,-16.666349411010742
30.225568771362305,-19.04695701599121
21.91692352294922,-20.832988739013672
4.862888813018799,-17.966154098510742
-14.760692596435547,-8.681925773620605
-27.858320236206055,1.6438580751419067
-29.075870513916016,6.632635116577148
-17.71166229248047,3.443876266479492
-0.3229677975177765,-6.559356689453125
15.458403587341309,-16.056947708129883
22.853050231933594,-17.796422958374023
20.39331817626953,-10.040603637695312
12.451066017150879,4.098580360412598
3.7912702560424805,16.54547119140625
-0.812116801738739,21.030067443847656
-1.276422142982483,14.876142501831055
-2.3762245178222656,1.0139977931976318
-8.198412895202637,-14.306408882141113
-19.094974517822266,-24.08521270751953
-31.02098274230957,-24.769981384277344
-38.885990142822266,-18.643613815307617
-38.11354064941406,-7.756028652191162
-26.083980560302734,4.291484355926514
-5.0067315101623535,13.805150985717773
16.466764450073242,17.058420181274414
28.454360961914062,13.422266006469727
30.451457977294922,6.478771686553955
23.838655471801758,-1.301265835762024
11.361284255981445,-7.576486110687256
-0.9027231931686401,-10.811592102050781
-9.38652515411377,-13.065895080566406
-11.972355842590332,-15.430428504943848
-9.761268615722656,-19.023574829101562
-3.743461847305298,-22.543025970458984
4.579587459564209,-21.762643814086914
12.066720008850098,-15.941915512084961
16.725013732910156,-4.296286106109619
16.492652893066406,9.405941009521484
11.924338340759277,18.385990142822266
5.138257026672363,19.146541595458984
-1.299178123474121,9.854588508605957
-3.4862568378448486,-5.49880313873291
-1.936554193496704,-17.40435218811035
0.575162410736084,-19.38996696472168
1.5645253658294678,-9.417214393615723
0.2830926477909088,8.277955055236816
-1.2985517978668213,24.327178955078125
1.0150415897369385,31.60491371154785
9.510952949523926,27.528255462646484
24.340330123901367,14.80745792388916
37.67637634277344,2.7371885776519775
42.28811264038086,-1.2484469413757324
35.713096618652344,6.305283546447754
14.927291870117188,21.846986770629883
-10.643531799316406,34.42081069946289
-27.253095626831055,36.5565299987793
-30.912006378173828,27.941829681396484
-20.48830795288086,11.0771484375
0.6027201414108276,-7.687134742736816
20.077239990234375,-17.743186950683594
28.800918579101562,-15.928972244262695
24.396282196044922,-6.15308952331543
10.915142059326172,7.005916595458984
-3.730309247970581,14.65484619140625
-12.941676139831543,13.460053443908691
-14.920402526855469,5.502769947052002
-11.60930347442627,-5.425107479095459
-6.596726894378662,-12.433737754821777
-4.202339172363281,-14.06152057647705
-4.690653324127197,-11.238945007324219
-5.534502983093262,-7.723042964935303
-7.229092121124268,-5.532415390014648
-10.822656631469727,-2.365577220916748
-16.663009643554688,1.8593090772628784
-23.18770980834961,8.840799331665039
-27.39902687072754,18.283275604248047
-26.201311111450195,26.24911880493164
-18.28494644165039,29.1151180267334
-5.789411544799805,23.646587371826172
7.071888446807861,10.383612632751465
13.7477388381958,-5.366234302520752
11.330387115478516,-16.774700164794922
3.1470048427581787,-19.24466323852539
-4.578334808349609,-12.570483207702637
-5.094624042510986,-1.5595147609710693
4.413405895233154,7.580870628356934
19.246959686279297,10.331003189086914
29.54414176940918,6.173966884613037
29.122634887695312,-1.4254841804504395
18.42315101623535,-8.392569541931152
2.6438682079315186,-10.402610778808594
-8.700923919677734,-6.797981262207031
-10.874640464782715,1.086441159248352
-5.446610927581787,10.283821105957031
1.0175468921661377,17.926069259643555
0.7991730570793152,23.27476692199707
-8.749984741210938,26.41864013671875
-23.098773956298828,27.33493423461914
-33.7452278137207,26.024898529052734
-34.7920036315918,23.48124122619629
-25.56163787841797,18.604782104492188
-9.050196647644043,13.147941589355469
4.54848051071167,9.898221969604492
6.857063293457031,10.619315147399902
-2.776228666305542,16.064464569091797
-16.735660552978516,20.908353805541992
-25.1545352935791,20.79645347595215
-23.478527069091797,14.037303924560547
-10.919526100158691,-2.260356903076172
5.753294467926025,-22.316511154174805
17.563852310180664,-36.338157653808594
20.711275100708008,-40.67055892944336
18.09120750427246,-34.048362731933594
12.95357608795166,-17.667402267456055
9.379010200500488,1.9346752166748047
10.956687927246094,15.712894439697266
16.572193145751953,19.67473030090332
22.195632934570312,15.772603034973145
23.607755661010742,9.604063987731934
20.652610778808594,6.57751989364624
15.18658447265625,8.682134628295898
11.691350936889648,14.335427284240723
11.937699317932129,18.522525787353516
14.53668212890625,17.325437545776367
19.258441925048828,10.423905372619629
21.19833755493164,1.420891284942627
19.5640811920166,-4.988986015319824
15.065706253051758,-6.17730712890625
7.219906330108643,-1.566612958908081
-1.3927072286605835,3.291682720184326
-8.342047691345215,2.9822850227355957
-11.433310508728027,-4.255993366241455
-9.260428428649902,-16.51540756225586
-2.5749740600585938,-28.03243637084961
5.372705936431885,-33.65921401977539
10.980696678161621,-33.5635986328125
10.852302551269531,-27.837026596069336
3.5916857719421387,-20.679332733154297
-9.235793113708496,-15.392223358154297
-21.690616607666016,-13.172785758972168
-26.815095901489258,-14.733135223388672
-23.53447723388672,-16.1552791595459
-11.19906997680664,-14.497015953063965
6.777313232421875,-9.78757381439209
21.917341232299805,-4.497749328613281
27.96541976928711,-0.2833014130592346
25.393369674682617,2.3355143070220947
15.672392845153809,5.019257545471191
2.4447011947631836,11.022868156433105
-10.471505165100098,19.290802001953125
-20.990192413330078,26.990671157836914
-28.690061569213867,30.693422317504883
-32.67694854736328,28.53786849975586
-31.64374542236328,20.915035247802734
-22.259933471679688,10.612424850463867
-3.5893893241882324,1.98519766330719
17.507484436035156,-0.02463490515947342
32.698036193847656,6.7073750495910645
36.26571273803711,16.140247344970703
28.209264755249023,22.862863540649414
12.08154296875,22.92591094970703
-4.449314594268799,14.98512077331543
-11.733940124511719,3.640955686569214
-7.463332653045654,-5.714880466461182
3.0509705543518066,-8.446849822998047
10.548124313354492,-5.813002586364746
6.575432300567627,-3.1286330223083496
-10.360857009887695,-4.30004358291626
-30.936431884765625,-10.891968727111816
-42.80440139770508,-20.02045440673828
-42.636966705322266,-27.9046688079834
-31.16649627685547,-33.52643585205078
-10.811800956726074,-32.46045684814453
7.439950466156006,-25.625938415527344
17.239423751831055,-18.853010177612305
15.0525541305542,-15.817906379699707
4.823431015014648,-16.169893264770508
-3.948474407196045,-17.4674015045166
-7.801123142242432,-15.698280334472656
-5.662270545959473,-10.489042282104492
-2.1555542945861816,-4.867063999176025
-3.046168804168701,-3.3146474361419678
-9.3836030960083,-9.554585456848145
-18.019807815551758,-20.399999618530273
-23.076852798461914,-29.841222763061523
-22.439476013183594,-32.41598892211914
-17.402055740356445,-24.281457901000977
-7.480869293212891,-5.727615833282471
3.7845895290374756,14.37592887878418
13.252744674682617,25.91111946105957
21.31441307067871,23.4317626953125
27.64850616455078,8.476495742797852
30.370037078857422,-11.177775382995605
27.440570831298828,-25.657672882080078
18.706453323364258,-29.09194564819336
3.3683013916015625,-20.79353141784668
-14.372797966003418,-5.978140354156494
-26.26665496826172,5.905279159545898
-27.814062118530273,9.034955978393555
-18.289329528808594,2.3334267139434814
-0.967441976070404,-9.283601760864258
14.863408088684082,-17.73295783996582
22.569332122802734,-17.387441635131836
20.85344886779785,-8.536203384399414
12.577789306640625,4.833661079406738
3.729891777038574,16.10371208190918
-1.0843534469604492,19.408130645751953
-1.1346670389175415,13.937302589416504
-1.7246521711349487,1.998976469039917
-7.5929789543151855,-12.596787452697754
-19.26888084411621,-22.792089462280273
-32.3416633605957,-24.838457107543945
-40.44654846191406,-19.532976150512695
-38.58222961425781,-7.7702250480651855
-24.55536460876465,7.3071722984313965
-2.1536753177642822,17.427526473999023
17.316877365112305,17.706233978271484
27.162071228027344,9.525774955749512
27.227624893188477,-0.6901949048042297
22.282272338867188,-3.6893904209136963
17.55550193786621,3.752856492996216
12.096573829650879,18.015005111694336
3.25765323638916,29.658756256103516
-10.504908561706543,30.454172134399414
-26.221561431884766,21.487483978271484
-34.80139923095703,8.50801944732666
-30.795928955078125,0.015240238979458809
-14.110164642333984,0.8227640986442566
7.522623538970947,5.663732051849365
20.965557098388672,8.925768852233887
22.160558700561523,5.534711837768555
13.149194717407227,-5.12406063079834
1.3833125829696655,-16.75173568725586
-5.0814714431762695,-24.39544677734375
-2.509211301803589,-26.494840621948242
4.558084011077881,-22.66954231262207
10.296764373779297,-17.101634979248047
10.539772987365723,-11.597403526306152
5.096293926239014,-7.812605381011963
-1.5511640310287476,-5.0319929122924805
-3.860790729522705,-1.501894235610962
0.8131606578826904,2.621320962905884
9.250616073608398,7.181075096130371
16.10371208190918,9.7550048828125
15.856528282165527,8.514283180236816
8.501338958740234,4.124258995056152
-2.91965389251709,-1.1098233461380005
-12.396576881408691,-4.582301139831543
-14.019349098205566,-2.832387924194336
-8.097994804382324,2.788546085357666
2.615057945251465,10.819525718688965
14.38991641998291,17.50330924987793
23.02507781982422,19.150924682617188
27.619905471801758,14.924577713012695
28.943510055541992,4.989820957183838
27.631805419921875,-8.454992294311523
23.516313552856445,-21.103137969970703
16.880964279174805,-31.036014556884766
7.310304164886475,-36.830020904541016
-3.8685152530670166,-36.92354965209961
-14.195343017578125,-32.84480285644531
-19.6555233001709,-24.75160789489746
-18.53755760192871,-15.4611177444458
-10.617853164672852,-5.932210445404053
0.7751644849777222,1.1814316511154175
10.906791687011719,3.503793478012085
16.762800216674805,3.0071287155151367
18.154254913330078,-0.4814245104789734
16.958209991455078,-3.764130115509033
14.455678939819336,-6.647458076477051
11.83749008178711,-8.277746200561523
10.583406448364258,-8.044548988342285
8.829943656921387,-6.881280899047852
5.356630802154541,-4.937419891357422
1.6062793731689453,-3.8463857173919678
-2.8065004348754883,-3.9532761573791504
-5.155584812164307,-6.216973304748535
-4.35787296295166,-9.370867729187012
-0.5663940906524658,-12.13477897644043
5.70277214050293,-11.44750690460205
10.808252334594727,-6.6138458251953125
13.28343391418457,1.4133754968643188
11.544376373291016,10.290292739868164
5.97145938873291,15.10725212097168
0.0943642184138298,12.947731018066406
-4.538668155670166,2.5357251167297363
-5.941605091094971,-11.114100456237793
-3.823838472366333,-21.070987701416016
-1.7396836280822754,-20.35469627380371
-1.6064881086349487,-7.067295074462891
-5.063308238983154,14.818522453308105
-10.776936531066895,35.09305191040039
-14.893261909484863,43.533843994140625
-15.079693794250488,41.53737258911133
-8.710318565368652,28.641000747680664
5.251619338989258,8.862302780151367
19.481409072875977,-6.472299575805664
25.93450164794922,-11.73519229888916
21.527149200439453,-6.067285060882568
7.189634799957275,5.4887824058532715
-9.888618469238281,14.40787124633789
-20.401668548583984,16.721256256103516
-18.49329948425293,12.413278579711914
-7.598824501037598,5.678345680236816
6.541402816772461,0.9160844683647156
14.959024429321289,0.4810069799423218
11.9435453414917,3.89857816696167
1.7183890342712402,5.8368024826049805
-8.471485137939453,3.2541041374206543
-9.48631763458252,-3.1783204078674316
2.2824866771698,-10.349165916442871
20.296865463256836,-12.470064163208008
34.87405014038086,-9.13328742980957
37.51708221435547,-2.0724637508392334
26.858102798461914,5.104644775390625
7.890268325805664,7.1021599769592285
-8.601758003234863,1.2755870819091797
-12.355657577514648,-9.677968978881836
-3.5388669967651367,-19.157398223876953
10.947293281555176,-22.04302215576172
21.44343376159668,-17.21854591369629
20.48747444152832,-7.487132549285889
8.60969066619873,1.0703657865524292
-7.1178178787231445,4.445556640625
-18.08536148071289,1.445734977722168
-18.54632568359375,-5.026355743408203
-7.732020378112793,-9.552289009094238
6.9278364181518555,-8.221378326416016
18.402482986450195,-0.5584607720375061
23.37455940246582,10.031000137329102
23.33677101135254,17.995798110961914
23.04929542541504,19.661787033081055
23.43656349182129,15.528132438659668
22.785200119018555,8.773993492126465
17.966779708862305,4.129269599914551
6.986083507537842,5.223435401916504
-6.944955825805664,11.160655975341797
-17.48389434814453,16.614574432373047
-20.88351058959961,17.332534790039062
-16.186176300048828,9.575045585632324
-6.783576488494873,-6.605077743530273
-0.9298633337020874,-23.588130950927734
-4.094613552093506,-33.94815444946289
-14.28636646270752,-34.684486389160156
-25.44597816467285,-25.087310791015625
-27.123449325561523,-10.30073070526123
-13.853168487548828,1.37725830078125
11.157525062561035,3.8288490772247314
34.65338134765625,-4.834496021270752
42.81504821777344,-18.60457420349121
36.238365173339844,-30.16022300720215
18.258014678955078,-35.45985794067383
-3.882920503616333,-28.435989379882812
-19.881412506103516,-10.980696678161621
-23.223827362060547,6.019268035888672
-16.22292137145996,13.494291305541992
-6.450587749481201,8.871906280517578
-0.5150365829467773,-6.410086154937744
-0.31566083431243896,-22.311708450317383
-2.207746982574463,-30.404693603515625
-1.4680733680725098,-27.253095626831055
4.69837760925293,-13.255249977111816
11.666089057922363,4.830320358276367
11.655024528503418,18.06114387512207
1.6770524978637695,22.064315795898438
-18.207700729370117,18.27325439453125
-37.09348678588867,12.616203308105469
-46.04243087768555,11.174643516540527
-45.052024841308594,15.45923900604248
-35.98533630371094,23.035099029541016
-25.046602249145508,28.02324867248535
-18.518978118896484,25.476877212524414
-19.463455200195312,15.051301002502441
-24.691274642944336,0.939049243927002
-25.812788009643555,-9.03600025177002
-16.809982299804688,-10.045822143554688
0.004801718983799219,-2.1877050399780273
17.408945083618164,10.052502632141113
24.730104446411133,18.530250549316406
16.528560638427734,18.16385841369629
-4.717584609985352,9.63245677947998
-28.635364532470703,-3.314438819885254
-41.913368225097656,-12.292400360107422
-41.8192138671875,-13.281346321105957
-28.883174896240234,-6.921573638916016
-6.0232343673706055,4.557457447052002
16.707895278930664,15.227921485900879
30.549161911010742,20.455322265625
34.594505310058594,19.684751510620117
30.61241912841797,15.41518783569336
20.8739070892334,10.869630813598633
8.246848106384277,7.669180393218994
-4.91508150100708,7.366880893707275
-15.292848587036133,7.622833251953125
-20.433401107788086,6.224071502685547
-19.6778621673584,1.8148410320281982
-14.28636646270752,-6.6635332107543945
-6.473761081695557,-16.483049392700195
-0.2526121735572815,-26.467283248901367
-0.47244739532470703,-33.13373947143555
-5.943693161010742,-34.32018280029297
-13.010152816772461,-30.272958755493164
-17.114788055419922,-20.013565063476562
-14.099516868591309,-6.10173225402832
-5.475003719329834,7.664796352386475
2.5200674533843994,16.34588623046875
4.059540271759033,17.471994400024414
-1.664943814277649,12.984474182128906
-10.455221176147461,6.6670823097229
-16.073232650756836,3.255147933959961
-13.466733932495117,5.331995964050293
-2.8889646530151367,14.280521392822266
7.927011966705322,24.905054092407227
12.011186599731445,32.179866790771484
5.310492515563965,33.7452278137207
-10.611590385437012,27.95769500732422
-27.5819091796875,17.087648391723633
-35.65673065185547,7.704671382904053
-30.40886878967285,3.4330203533172607
-12.92455768585205,3.979372501373291
8.423467636108398,6.773972988128662
21.414413452148438,7.526172637939453
21.761390686035156,3.468719959259033
12.168600082397461,-5.64243745803833
0.8430148363113403,-16.146093368530273
-5.4299092292785645,-23.311092376708984
-3.145961046218872,-25.834083557128906
4.104217052459717,-23.245956420898438
10.249582290649414,-17.743812561035156
10.548749923706055,-12.070268630981445
4.5000457763671875,-8.108224868774414
-2.965583324432373,-5.312997817993164
-4.459753036499023,-1.7624396085739136
2.092087984085083,2.9952287673950195
11.310344696044922,7.771477699279785
16.955495834350586,9.372119903564453
13.656088829040527,7.20195198059082
4.150773048400879,2.8085880279541016
-4.623011589050293,-1.811083197593689
-7.162494659423828,-2.0196447372436523
-4.748691082000732,1.0210959911346436
-5.975635051727295,4.259124755859375
-16.067596435546875,4.40171480178833
-32.03205871582031,0.012943764217197895
-44.39293670654297,-5.114874362945557
-45.160377502441406,-8.501547813415527
-30.609079360961914,-8.725349426269531
-1.997515082359314,-3.4493043422698975
26.81092071533203,5.156837463378906
39.747169494628906,10.3483304977417
35.84086608886719,11.785506248474121
18.92816734313965,9.948534965515137
-2.906710147857666,4.058078765869141
-16.33523941040039,-1.4016844034194946
-16.37511444091797,-2.402529716491699
-7.227839469909668,1.4213088750839233
1.6150476932525635,10.152503967285156
3.2564005851745605,19.703330993652344
-3.7292654514312744,26.535343170166016
-15.014975547790527,28.961671829223633
-21.82569122314453,26.59776496887207
-21.51316261291504,21.67287254333496
-14.446493148803711,16.563634872436523
-6.064988613128662,12.872573852539062
-3.136566400527954,12.038118362426758
-6.583992004394531,14.717477798461914
-14.303485870361328,18.535888671875
-19.234434127807617,22.301061630249023
-18.21125030517578,25.067270278930664
-10.039141654968262,24.990650177001953
2.0192272663116455,21.464309692382812
10.956061363220215,13.74398136138916
12.799712181091309,2.9317626953125
8.704681396484375,-6.786290168762207
2.1862435340881348,-11.775485038757324
-0.7438489198684692,-10.000727653503418
1.960353970527649,-0.5931167006492615
7.645589351654053,12.699502944946289
13.537298202514648,23.316730499267578
16.099536895751953,26.88190269470215
15.051092147827148,22.09500503540039
12.867563247680664,9.89175033569336
11.62913703918457,-2.915687322616577
13.330824851989746,-8.258748054504395
15.578237533569336,-5.073746681213379
15.865922927856445,4.381046772003174
11.645003318786621,13.651078224182129
0.9753752946853638,15.173432350158691
-12.4752836227417,5.905279159545898
-23.652223587036133,-10.408456802368164
-27.523452758789062,-25.646190643310547
-23.908594131469727,-32.879249572753906
-15.100570678710938,-28.342668533325195
-2.9908447265625,-11.60491943359375
7.392977237701416,10.294885635375977
12.874870300292969,27.42679214477539
13.051698684692383,33.8546257019043
9.358341217041016,31.479442596435547
4.2889790534973145,25.145559310913086
0.3129468262195587,20.725263595581055
-0.9507403373718262,22.09625816345215
-0.1824653148651123,26.978771209716797
1.059927225112915,30.28318977355957
1.3902020454406738,26.56498908996582
-0.773494303226471,14.130206108093262
-5.180637359619141,-4.416537761688232
-8.497581481933594,-21.024221420288086
-8.457497596740723,-27.87627601623535
-4.00338077545166,-23.869136810302734
3.109426259994507,-12.070268630981445
8.978170394897461,0.8490691781044006
11.17735767364502,7.114268779754639
7.548719882965088,2.9303011894226074
0.27829092741012573,-8.472528457641602
-5.280429363250732,-21.153867721557617
-5.437633514404297,-28.587556838989258
1.1471933126449585,-28.77899742126465
9.758345603942871,-22.97538948059082
15.579699516296387,-15.078023910522461
12.318078994750977,-9.305940628051758
-0.7954151630401611,-7.09527063369751
-16.729814529418945,-8.82827377319336
-28.935575485229492,-11.019318580627441
-30.134754180908203,-12.895120620727539
-21.052824020385742,-14.542110443115234
-7.611351013183594,-16.167387008666992
2.9309275150299072,-19.63506317138672
4.842220306396484,-23.92571258544922
-0.3693148195743561,-26.646408081054688
-6.062065601348877,-24.998374938964844
-4.66226053237915,-17.033992767333984
7.212808132171631,-5.197965145111084
24.07373046875,6.9094648361206055
36.124168395996094,15.474896430969238
36.955909729003906,18.098722457885742
23.40545654296875,16.402671813964844
-2.3922998905181885,11.231637954711914
-27.63138771057129,4.121962547302246
-39.37639236450195,-1.4342526197433472
-36.755489349365234,-5.026982307434082
-23.250341415405273,-9.358132362365723
-6.92428731918335,-14.510376930236816
3.282705545425415,-18.2008113861084
3.9866793155670166,-19.902708053588867
-2.241776466369629,-18.141103744506836
-7.764797210693359,-14.26799488067627
-8.01135540008545,-12.65816593170166
-0.7947888970375061,-15.335855484008789
10.550211906433105,-22.940107345581055
18.95050621032715,-31.133302688598633
21.853458404541016,-35.59430694580078
20.197490692138672,-34.016422271728516
17.79308319091797,-23.12862777709961
16.14734649658203,-5.750789165496826
18.549039840698242,9.735798835754395
23.944293975830078,15.97114372253418
29.813873291015625,9.494877815246582
34.12706756591797,-5.214249134063721
34.051910400390625,-20.60563850402832
31.813894271850586,-29.088603973388672
28.433483123779297,-27.396312713623047
22.149911880493164,-18.0091609954834
12.058577537536621,-5.452038764953613
-1.43634033203125,3.6914780139923096
-14.678646087646484,5.196503639221191
-24.26663589477539,0.7960414886474609
-28.733903884887695,-3.989393472671509
-28.413022994995117,-3.857450485229492
-25.446813583374023,3.2090096473693848
-21.96619415283203,14.65046215057373
-19.5049991607666,24.906307220458984
-18.053836822509766,28.724092483520508
-15.361534118652344,25.0219669342041
-8.405722618103027,17.03274154663086
2.2624447345733643,8.443718910217285
13.788031578063965,4.543887615203857
20.511272430419922,6.394428253173828
19.117521286010742,11.179028511047363
11.478404998779297,15.584918022155762
2.549712896347046,15.765713691711426
-3.295440673828125,10.858565330505371
-1.8246532678604126,3.833441972732544
4.62468147277832,-0.7785047888755798
11.270678520202637,-1.248238205909729
14.651506423950195,1.8315426111221313
12.12601089477539,5.190449237823486
6.2499589920043945,4.764766693115234
-0.8085677027702332,-1.3551286458969116
-3.2503461837768555,-11.55356216430664
-2.710883617401123,-21.044891357421875
-2.552426815032959,-25.62259864807129
-4.109227657318115,-21.02484893798828
-8.914495468139648,-6.823451519012451
-12.714951515197754,12.792197227478027
-12.276742935180664,30.195087432861328
-4.449314594268799,39.60770797729492
7.504669189453125,39.20436477661133
18.651338577270508,28.062915802001953
23.23322105407715,9.75062084197998
17.657798767089844,-9.456046104431152
5.8031907081604,-23.547630310058594
-4.612573146820068,-27.99840545654297
-7.657071590423584,-24.191686630249023
-1.0048118829727173,-13.778636932373047
11.242076873779297,-1.996053695678711
21.476837158203125,6.345367431640625
23.766420364379883,10.168370246887207
15.045247077941895,10.662529945373535
-0.7931187152862549,9.942898750305176
-15.591808319091797,10.923702239990234
-23.953479766845703,14.551505088806152
-24.090641021728516,17.88765525817871
-17.862394332885742,16.991613388061523
-9.72598648071289,9.028275489807129
-2.551591634750366,-6.472090721130371
1.8707914352416992,-24.741796493530273
4.056408882141113,-37.91917419433594
4.894204139709473,-43.79084014892578
6.1819000244140625,-40.197696685791016
6.282527446746826,-27.439735412597656
5.030531406402588,-8.826811790466309
2.9012820720672607,8.782343864440918
1.1492810249328613,18.7001895904541
-0.2359105348587036,19.649259567260742
-2.5722599029541016,12.26880931854248
-7.2013258934021,0.9400930404663086
-14.220812797546387,-10.906791687011719
-20.678707122802734,-19.507923126220703
-23.30670928955078,-22.843656539916992
-19.97494125366211,-21.595626831054688
-9.222014427185059,-18.050704956054688
5.346818447113037,-12.032898902893066
14.374885559082031,-5.198591709136963
11.114309310913086,-1.597928524017334
-5.662479400634766,-0.23319652676582336
-28.9278507232666,-2.0557620525360107
-44.416316986083984,-4.792741775512695
-45.480003356933594,-6.940362930297852
-30.874635696411133,-6.899444103240967
-1.487280249595642,-2.8085880279541016
27.129085540771484,3.2248761653900146
39.661781311035156,8.570233345031738
36.23314666748047,10.289457321166992
19.66136932373047,9.3612642288208
-2.2123398780822754,4.168726921081543
-15.959452629089355,-1.0920779705047607
-16.852153778076172,-2.3363494873046875
-8.0023775100708,1.9998115301132202
1.865572214126587,10.135802268981934
4.4660162925720215,19.17681312561035
-2.0449059009552,26.537639617919922
-13.554208755493164,29.135995864868164
-21.50042724609375,27.19171714782715
-21.370990753173828,22.491043090820312
-14.101187705993652,16.709564208984375
-4.6092329025268555,12.052523612976074
-1.2359206676483154,11.308883666992188
-5.627823352813721,14.348371505737305
-14.35755729675293,19.86262321472168
-20.70062828063965,24.27895164489746
-18.074922561645508,25.553495407104492
-7.02094841003418,23.245121002197266
6.597561836242676,17.818761825561523
12.195948600769043,12.046051979064941
5.9702067375183105,9.575671195983887
-10.088202476501465,10.515555381774902
-25.625730514526367,11.473394393920898
-30.301769256591797,10.021605491638184
-23.934062957763672,4.478960037231445
-9.69216537475586,-6.441192626953125
3.661623954772949,-17.830869674682617
11.203662872314453,-23.98187255859375
13.648781776428223,-21.926319122314453
14.84670639038086,-10.758981704711914
18.585784912109375,4.376871109008789
21.917133331298828,14.682195663452148
22.507118225097656,15.507673263549805
17.573665618896484,4.6088151931762695
6.898608684539795,-11.679659843444824
-4.6587114334106445,-23.934690475463867
-11.388007164001465,-25.775419235229492
-10.576308250427246,-14.438142776489258
-3.3868820667266846,5.265398025512695
5.58523416519165,22.978939056396484
9.356253623962402,29.78130531311035
5.7094526290893555,22.1593074798584
-3.336150884628296,4.037827968597412
-12.940632820129395,-13.257546424865723
-16.56196403503418,-20.04947280883789
-13.012032508850098,-14.552757263183594
-4.65140438079834,-1.5225625038146973
3.55306339263916,12.718918800354004
5.805278301239014,19.982666015625
1.8353004455566406,20.811067581176758
-5.757469654083252,18.533174514770508
-12.594282150268555,16.680753707885742
-14.797019004821777,17.874086380004883
-12.547308921813965,19.648008346557617
-8.221378326416016,19.48871612548828
-6.66645622253418,15.51247501373291
-9.69153881072998,9.398425102233887
-14.608708381652832,5.280847072601318
-17.678050994873047,6.5798163414001465
-14.817895889282227,13.810579299926758
-7.275856971740723,21.12171745300293
0.017954252660274506,22.188533782958984
2.6440770626068115,13.326231956481934
-2.7862496376037598,-2.7213220596313477
-14.065279006958008,-16.575950622558594
-23.69710922241211,-20.758039474487305
-28.620542526245117,-13.046061515808105
-25.78356170654297,1.725696086883545
-16.55319595336914,14.27613639831543
-5.873546123504639,17.018545150756836
1.849496841430664,9.338508605957031
3.4898059368133545,-2.9048311710357666
1.3378006219863892,-11.138944625854492
-0.989362895488739,-8.657917022705078
-1.1712019443511963,2.8428263664245605
-1.3451076745986938,14.440439224243164
-2.528000593185425,16.2043399810791
-7.908222198486328,3.3954415321350098
-15.92020320892334,-18.459060668945312
-19.58078384399414,-36.20036697387695
-17.17804527282715,-39.87931823730469
-5.258508682250977,-27.960201263427734
14.464865684509277,-1.3793460130691528
30.99593162536621,24.193775177001953
36.5811653137207,35.77760696411133
31.510967254638672,36.420204162597656
15.721036911010742,26.911964416503906
-7.068965435028076,10.911802291870117
-25.05035972595215,-0.7718241214752197
-30.145191192626953,-2.0659918785095215
-23.52195167541504,3.1672556400299072
-10.90616512298584,9.33516788482666
-1.021304726600647,10.366494178771973
0.199375718832016,5.237840175628662
-8.941636085510254,-2.344074010848999
-22.569122314453125,-7.709055423736572
-32.963172912597656,-7.7426676750183105
-34.78866195678711,-3.8058841228485107
-25.635541915893555,1.0547080039978027
-6.4025702476501465,4.557666301727295
16.766767501831055,4.715079307556152
33.78823471069336,2.1900014877319336
40.234230041503906,-1.9854063987731934
35.866336822509766,-8.232234001159668
22.283733367919922,-15.953397750854492
4.375827312469482,-24.687517166137695
-11.477569580078125,-30.593839645385742
-20.124839782714844,-32.57339859008789
-22.168283462524414,-30.552921295166016
-19.33860969543457,-24.512357711791992
-15.132513046264648,-17.52376937866211
-11.479866027832031,-12.892406463623047
-7.824923038482666,-13.831456184387207
-3.0451250076293945,-18.232336044311523
5.888160228729248,-21.657630920410156
18.9321346282959,-19.26700210571289
32.98530578613281,-9.046855926513672
41.222965240478516,5.713210582733154
39.91773223876953,17.93734359741211
28.359161376953125,22.733217239379883
8.128475189208984,17.579927444458008
-12.646058082580566,4.025093078613281
-24.035526275634766,-9.53516960144043
-21.038000106811523,-15.794524192810059
-6.902157783508301,-11.713479995727539
11.832897186279297,0.46785444021224976
25.452659606933594,14.983450889587402
28.313232421875,25.52092742919922
21.619009017944336,28.95415687561035
10.49259090423584,25.768112182617188
1.716092586517334,18.527746200561523
-0.2824663519859314,11.127670288085938
5.170198917388916,5.842230796813965
11.822667121887207,2.8795700073242188
13.199090003967285,1.7787237167358398
8.019079208374023,0.7256858944892883
-2.107328414916992,-0.2876856029033661
-11.269425392150879,-1.716092586517334
-12.857333183288574,-3.4653797149658203
-4.361213684082031,-6.462696075439453
11.191971778869629,-11.47214126586914
26.7230281829834,-16.49223518371582
35.673221588134766,-18.862613677978516
35.26841735839844,-18.340896606445312
26.10297966003418,-13.475293159484863
11.522872924804688,-3.4081766605377197
-1.8964701890945435,8.165010452270508
-8.618667602539062,18.203733444213867
-6.606747627258301,23.194807052612305
2.032797336578369,22.662025451660156
12.506390571594238,17.65654754638672
19.543622970581055,8.800089836120605
20.81190299987793,-2.114008903503418
17.262598037719727,-13.67717456817627
10.531004905700684,-23.829469680786133
5.494836807250977,-30.835596084594727
3.5616228580474854,-33.79658508300781
5.606111526489258,-31.90157699584961
9.894672393798828,-26.05350112915039
12.817667007446289,-19.464080810546875
11.65773868560791,-15.363204002380371
4.968526363372803,-18.08640480041504
-4.785017490386963,-24.822174072265625
-13.753584861755371,-30.765865325927734
-18.613967895507812,-33.35566329956055
-19.555522918701172,-28.666261672973633
-16.96969223022461,-19.15948486328125
-12.037491798400879,-7.841415882110596
-8.674409866333008,1.0139977931976318
-5.99880838394165,5.4727067947387695
-2.994184970855713,7.030969142913818
0.7100281119346619,8.846227645874023
5.9002685546875,15.40892505645752
9.951457977294922,24.395864486694336
9.646235466003418,32.73185729980469
2.8244545459747314,35.80078125
-8.729525566101074,30.437679290771484
-20.68977165222168,19.04424285888672
-26.78586769104004,7.560410976409912
-23.20879554748535,2.158059597015381
-10.758981704711914,5.180846214294434
5.6223955154418945,13.893669128417969
16.527307510375977,21.425687789916992
17.33775520324707,24.348682403564453
10.175886154174805,18.809585571289062
-2.4457452297210693,6.172087669372559
-11.963586807250977,-6.641403675079346
-11.80450439453125,-16.89223861694336
-2.6657891273498535,-22.037593841552734
9.66544246673584,-22.223190307617188
19.1634521484375,-20.743635177612305
19.941539764404297,-19.53443717956543
10.53142261505127,-17.566776275634766
-3.5522282123565674,-13.238757133483887
-17.039003372192383,-5.543480396270752
-23.297731399536133,4.848483562469482
-20.941967010498047,13.424771308898926
-13.857552528381348,16.983680725097656
-4.081878662109375,13.001384735107422
2.941574811935425,3.497947931289673
4.635746479034424,-7.657698154449463
2.248457193374634,-16.190561294555664
-2.7158939838409424,-20.004796981811523
-7.15748405456543,-18.97722816467285
-8.336201667785645,-13.799722671508789
-4.994622707366943,-7.810308933258057
2.032797336578369,-1.3434374332427979
10.523906707763672,4.070605278015137
17.941518783569336,8.537874221801758
19.360530853271484,12.28780746459961
13.881352424621582,14.599730491638184
3.31673526763916,16.093482971191406
-11.6654634475708,15.84671688079834
-23.142616271972656,15.221031188964844
-28.692358016967773,13.610576629638672
-26.77688980102539,9.928075790405273
-18.61229705810547,3.266839027404785
-7.718867778778076,-7.184206485748291
1.8449039459228516,-17.792665481567383
7.612185955047607,-23.933019638061523
11.765463829040527,-21.743227005004883
15.287003517150879,-11.466713905334473
19.870140075683594,3.2812442779541016
23.121112823486328,14.065279006958008
22.646785736083984,14.585742950439453
16.863845825195312,4.216953277587891
5.818848133087158,-11.934359550476074
-5.210908889770508,-23.80086898803711
-11.82475471496582,-25.316959381103516
-10.880695343017578,-14.23313045501709
-2.452425718307495,5.092535972595215
6.3933844566345215,22.358264923095703
10.176721572875977,29.039335250854492
6.0699992179870605,22.40127182006836
-4.333864688873291,5.952670097351074
-13.467778205871582,-12.310771942138672
-15.982834815979004,-21.608570098876953
-11.587800979614258,-17.86260414123535
-3.5605790615081787,-2.589796781539917
1.726948618888855,16.160079956054688
3.4685113430023193,26.007780075073242
1.5655691623687744,22.35576057434082
0.25532618165016174,5.595255374908447
1.9891642332077026,-15.633353233337402
4.36685037612915,-28.305925369262695
5.183559894561768,-26.715511322021484
4.023631572723389,-10.731424331665039
-0.5269364714622498,11.293851852416992
-6.183570384979248,26.077091217041016
-8.964391708374023,27.600488662719727
-8.897168159484863,16.819168090820312
-7.399031639099121,-1.5519990921020508
-6.87731409072876,-18.8630313873291
-9.89989185333252,-29.058332443237305
-17.086185455322266,-30.85730743408203
-25.264556884765625,-26.050994873046875
-30.126819610595703,-18.31500816345215
-28.925764083862305,-10.927668571472168
-21.13319969177246,-4.069561004638672
-9.585274696350098,-1.0492799282073975
1.49542236328125,-1.220262885093689
7.910727500915527,-2.530923366546631
8.077326774597168,-4.7177934646606445
4.482926368713379,-6.162901878356934
-0.8636831045150757,-4.152860641479492
-5.02739953994751,0.6847668886184692
-4.410274505615234,6.466871738433838
1.2870694398880005,11.075060844421387
10.996354103088379,10.731633186340332
21.904190063476562,5.617802619934082
29.57211685180664,-1.5910391807556152
30.492794036865234,-7.561663627624512
25.233449935913086,-8.087555885314941
14.451921463012695,-1.2676538228988647
2.580819606781006,10.253548622131348
-4.697959899902344,19.4459171295166
-5.215710639953613,20.39832878112793
0.1296464055776596,10.520774841308594
5.661017894744873,-8.92597770690918
6.573553085327148,-28.802589416503906
-0.19227753579616547,-40.90041732788086
-10.812845230102539,-42.21149444580078
-21.386648178100586,-33.983642578125
-27.15664291381836,-20.44070816040039
-23.621952056884766,-7.7892231941223145
-12.325803756713867,-1.2119121551513672
1.509201169013977,-0.7720329165458679
11.151887893676758,-3.148674964904785
14.297014236450195,-4.1610026359558105
13.656715393066406,-2.4112980365753174
12.417244911193848,0.997296154499054
12.967772483825684,0.5478135347366333
15.754022598266602,-7.965216636657715
17.398298263549805,-20.873699188232422
14.652132034301758,-32.04875946044922
7.569179058074951,-34.86716079711914
-3.376652240753174,-24.606304168701172
-13.651078224182129,-2.1273703575134277
-18.18306541442871,22.11525535583496
-15.10077953338623,36.97887420654297
-6.852261543273926,38.03107452392578
4.178330421447754,25.099838256835938
14.98324203491211,3.7296829223632812
21.732372283935547,-13.840433120727539
24.416322708129883,-20.159912109375
22.77497100830078,-14.348580360412598
17.774293899536133,-2.8559789657592773
9.026187896728516,5.135334014892578
-3.0797808170318604,3.8342769145965576
-13.938972473144531,-7.451850414276123
-19.67660903930664,-21.707944869995117
-17.893293380737305,-30.076087951660156
-10.003650665283203,-29.2088565826416
1.9906256198883057,-18.702486038208008
12.68488883972168,-3.24491810798645
16.66655731201172,8.939339637756348
14.390960693359375,15.165081024169922
7.206544876098633,15.93231201171875
0.117746502161026,14.217263221740723
-4.649107933044434,14.305155754089355
-7.650808334350586,18.66469955444336
-10.519731521606445,23.374977111816406
-16.012479782104492,23.68646240234375
-24.156822204589844,17.59621238708496
-29.65061378479004,4.724682807922363
-28.004459381103516,-9.492998123168945
-16.84088134765625,-18.76532745361328
-0.24300873279571533,-19.278274536132812
13.375710487365723,-10.596558570861816
16.730649948120117,3.13948917388916
6.0635271072387695,15.114975929260254
-12.538958549499512,21.35512351989746
-28.47398567199707,20.085172653198242
-34.104522705078125,15.647758483886719
-27.931808471679688,11.603249549865723
-12.942511558532715,9.911165237426758
3.158904790878296,12.164632797241211
11.160655975341797,14.909963607788086
10.148955345153809,15.919577598571777
4.472279071807861,14.822697639465332
0.7544962167739868,9.743522644042969
4.604639530181885,2.0626513957977295
13.209946632385254,-6.081690311431885
19.387880325317383,-12.213068008422852
16.411649703979492,-14.261523246765137
3.6269679069519043,-13.066521644592285
-12.290939331054688,-7.767719745635986
-21.661806106567383,0.17912499606609344
-18.57430076599121,7.7610392570495605
-3.382080316543579,13.653165817260742
15.940245628356934,15.446712493896484
27.570634841918945,11.692185401916504
27.16541290283203,6.2002716064453125
14.95464038848877,0.34447115659713745
-2.6743485927581787,-4.199833869934082
-13.165060997009277,-5.2088212966918945
-11.361076354980469,-3.739495277404785
1.3183850049972534,-1.8864492177963257
17.01791763305664,-1.2851905822753906
25.873332977294922,-1.2238119840621948
25.285642623901367,-1.726948618888855
16.847145080566406,-0.9561684131622314
6.382319450378418,1.5937532186508179
-0.9858137965202332,4.8384623527526855
-4.083131313323975,7.148507118225098
-4.7800068855285645,5.716341972351074
-5.872293472290039,1.459513783454895
-8.15937328338623,-3.916532516479492
-10.530587196350098,-7.872313976287842
-8.919506072998047,-8.632238388061523
-3.2998247146606445,-6.6388983726501465
4.350774765014648,-5.385440826416016
8.746435165405273,-6.184823036193848
6.7228240966796875,-11.59427261352539
-2.1459507942199707,-19.782455444335938
-14.222273826599121,-25.80381202697754
-20.021915435791016,-26.738685607910156
